ros_time_sec,frame_id,bus_voltage,shunt_voltage,current,power
0.0,,40.95874786376953,0.020858164876699448,0.0,0.0
0.0,,40.95874786376953,0.023837901651859283,0.0,0.0
0.0,,40.95874786376953,0.020858164876699448,0.0,0.0
0.0,,40.95874786376953,0.020858164876699448,0.0,0.0
0.0,,40.95874786376953,0.020858164876699448,0.0,0.0
0.0,,40.95874786376953,0.020858164876699448,0.0,0.0
0.0,,40.95874786376953,0.017878426238894463,0.0,0.0
0.0,,40.95874786376953,0.017878426238894463,0.0,0.0
0.0,,40.95874786376953,0.020858164876699448,0.0,0.0
0.0,,40.95874786376953,0.023837901651859283,0.0,0.0
0.0,,40.95874786376953,0.020858164876699448,0.0,0.0
0.0,,40.95874786376953,0.017878426238894463,0.0,0.0
0.0,,40.95874786376953,0.020858164876699448,0.0,0.0
0.0,,40.95874786376953,0.020858164876699448,0.0,0.0
0.0,,40.95874786376953,0.017878426238894463,0.0,0.0
0.0,,40.95874786376953,0.020858164876699448,0.0,0.0
0.0,,40.95874786376953,0.020858164876699448,0.0,0.0
0.0,,40.95874786376953,0.023837901651859283,0.0,0.0
0.0,,40.95874786376953,0.017878426238894463,0.0,0.0
0.0,,40.95874786376953,0.023837901651859283,0.0,0.0
0.0,,40.95874786376953,0.020858164876699448,0.0,0.0
0.0,,40.95874786376953,0.020858164876699448,0.0,0.0
0.0,,40.95874786376953,0.020858164876699448,0.0,0.0
0.0,,40.95874786376953,0.020858164876699448,0.0,0.0
0.0,,40.95874786376953,0.020858164876699448,0.0,0.0
0.0,,40.95874786376953,0.020858164876699448,0.0,0.0
0.0,,40.95874786376953,0.017878426238894463,0.0,0.0
0.0,,40.95874786376953,0.023837901651859283,0.0,0.0
0.0,,40.95874786376953,0.017878426238894463,0.0,0.0
0.0,,40.95874786376953,0.020858164876699448,0.0,0.0
0.0,,40.95874786376953,0.020858164876699448,0.0,0.0
0.0,,40.95874786376953,0.017878426238894463,0.0,0.0
0.0,,40.95874786376953,0.023837901651859283,0.0,0.0
0.0,,40.95874786376953,0.023837901651859283,0.0,0.0
0.0,,40.95874786376953,0.017878426238894463,0.0,0.0
0.0,,40.95874786376953,0.020858164876699448,0.0,0.0
0.0,,40.95874786376953,0.020858164876699448,0.0,0.0
0.0,,40.95874786376953,0.020858164876699448,0.0,0.0
0.0,,40.95874786376953,0.020858164876699448,0.0,0.0
0.0,,40.95874786376953,0.020858164876699448,0.0,0.0
0.0,,40.95874786376953,0.017878426238894463,0.0,0.0
0.0,,40.95874786376953,0.023837901651859283,0.0,0.0
0.0,,40.95874786376953,0.020858164876699448,0.0,0.0
0.0,,40.95874786376953,0.020858164876699448,0.0,0.0
0.0,,40.95874786376953,0.020858164876699448,0.0,0.0
0.0,,40.95874786376953,0.020858164876699448,0.0,0.0
0.0,,40.95874786376953,0.017878426238894463,0.0,0.0
0.0,,40.95874786376953,0.020858164876699448,0.0,0.0
0.0,,40.95874786376953,0.020858164876699448,0.0,0.0
0.0,,40.95874786376953,0.020858164876699448,0.0,0.0
0.0,,40.95874786376953,0.020858164876699448,0.0,0.0
0.0,,40.95874786376953,0.017878426238894463,0.0,0.0
0.0,,40.95874786376953,0.017878426238894463,0.0,0.0
0.0,,40.95874786376953,0.020858164876699448,0.0,0.0
0.0,,40.95874786376953,0.020858164876699448,0.0,0.0
0.0,,40.95874786376953,0.023837901651859283,0.0,0.0
0.0,,40.95874786376953,0.020858164876699448,0.0,0.0
0.0,,40.95874786376953,0.020858164876699448,0.0,0.0
0.0,,40.95874786376953,0.023837901651859283,0.0,0.0
0.0,,40.95874786376953,0.020858164876699448,0.0,0.0
0.0,,40.95874786376953,0.023837901651859283,0.0,0.0
0.0,,40.95874786376953,0.017878426238894463,0.0,0.0
0.0,,40.95874786376953,0.020858164876699448,0.0,0.0
0.0,,40.95874786376953,0.020858164876699448,0.0,0.0
0.0,,40.95874786376953,0.017878426238894463,0.0,0.0
0.0,,40.95874786376953,0.020858164876699448,0.0,0.0
0.0,,40.95874786376953,0.017878426238894463,0.0,0.0
0.0,,40.95874786376953,0.020858164876699448,0.0,0.0
0.0,,40.95874786376953,0.020858164876699448,0.0,0.0
0.0,,40.95874786376953,0.020858164876699448,0.0,0.0
0.0,,40.95874786376953,0.020858164876699448,0.0,0.0
0.0,,40.95874786376953,0.017878426238894463,0.0,0.0
0.0,,40.95874786376953,0.017878426238894463,0.0,0.0
0.0,,40.95874786376953,0.020858164876699448,0.0,0.0
0.0,,40.95874786376953,0.023837901651859283,0.0,0.0
0.0,,40.95874786376953,0.023837901651859283,0.0,0.0
0.0,,40.95874786376953,0.020858164876699448,0.0,0.0
0.0,,40.95874786376953,0.023837901651859283,0.0,0.0
0.0,,40.95874786376953,0.023837901651859283,0.0,0.0
0.0,,40.95874786376953,0.023837901651859283,0.0,0.0
0.0,,40.95874786376953,0.023837901651859283,0.0,0.0
0.0,,40.95874786376953,0.020858164876699448,0.0,0.0
0.0,,40.95874786376953,0.020858164876699448,0.0,0.0
0.0,,40.95874786376953,0.017878426238894463,0.0,0.0
0.0,,40.95874786376953,0.020858164876699448,0.0,0.0
0.0,,40.95874786376953,0.023837901651859283,0.0,0.0
0.0,,40.95874786376953,0.023837901651859283,0.0,0.0
0.0,,40.95874786376953,0.023837901651859283,0.0,0.0
0.0,,40.95874786376953,0.023837901651859283,0.0,0.0
0.0,,40.95874786376953,0.023837901651859283,0.0,0.0
0.0,,40.95874786376953,0.017878426238894463,0.0,0.0
0.0,,40.95874786376953,0.023837901651859283,0.0,0.0
0.0,,40.95874786376953,0.020858164876699448,0.0,0.0
0.0,,40.95874786376953,0.020858164876699448,0.0,0.0
0.0,,40.95874786376953,0.023837901651859283,0.0,0.0
0.0,,40.95874786376953,0.020858164876699448,0.0,0.0
0.0,,40.95874786376953,0.020858164876699448,0.0,0.0
0.0,,40.95874786376953,0.017878426238894463,0.0,0.0
0.0,,40.95874786376953,0.020858164876699448,0.0,0.0
0.0,,40.95874786376953,0.023837901651859283,0.0,0.0
0.0,,40.95874786376953,0.020858164876699448,0.0,0.0
0.0,,40.95874786376953,0.020858164876699448,0.0,0.0
0.0,,40.95874786376953,0.020858164876699448,0.0,0.0
0.0,,40.95874786376953,0.017878426238894463,0.0,0.0
0.0,,40.95874786376953,0.017878426238894463,0.0,0.0
0.0,,40.95874786376953,0.020858164876699448,0.0,0.0
0.0,,40.95874786376953,0.020858164876699448,0.0,0.0
0.0,,40.95874786376953,0.020858164876699448,0.0,0.0
0.0,,40.95874786376953,0.020858164876699448,0.0,0.0
0.0,,40.95874786376953,0.020858164876699448,0.0,0.0
0.0,,40.95874786376953,0.020858164876699448,0.0,0.0
0.0,,40.95874786376953,0.017878426238894463,0.0,0.0
0.0,,40.95874786376953,0.023837901651859283,0.0,0.0
0.0,,40.95874786376953,0.020858164876699448,0.0,0.0
0.0,,40.95874786376953,0.020858164876699448,0.0,0.0
0.0,,40.95874786376953,0.017878426238894463,0.0,0.0
0.0,,40.95874786376953,0.023837901651859283,0.0,0.0
0.0,,40.95874786376953,0.020858164876699448,0.0,0.0
0.0,,40.95874786376953,0.023837901651859283,0.0,0.0
0.0,,40.95874786376953,0.020858164876699448,0.0,0.0
0.0,,40.95874786376953,0.023837901651859283,0.0,0.0
0.0,,40.95874786376953,0.020858164876699448,0.0,0.0
0.0,,40.95874786376953,0.020858164876699448,0.0,0.0
0.0,,40.95874786376953,0.020858164876699448,0.0,0.0
0.0,,40.95874786376953,0.020858164876699448,0.0,0.0
0.0,,40.95874786376953,0.017878426238894463,0.0,0.0
0.0,,40.95874786376953,0.023837901651859283,0.0,0.0
0.0,,40.95874786376953,0.023837901651859283,0.0,0.0
0.0,,40.95874786376953,0.020858164876699448,0.0,0.0
0.0,,40.95874786376953,0.020858164876699448,0.0,0.0
0.0,,40.95874786376953,0.023837901651859283,0.0,0.0
0.0,,40.95874786376953,0.020858164876699448,0.0,0.0
0.0,,40.95874786376953,0.020858164876699448,0.0,0.0
0.0,,40.95874786376953,0.020858164876699448,0.0,0.0
0.0,,40.95874786376953,0.020858164876699448,0.0,0.0
0.0,,40.95874786376953,0.017878426238894463,0.0,0.0
0.0,,40.95874786376953,0.023837901651859283,0.0,0.0
0.0,,40.95874786376953,0.023837901651859283,0.0,0.0
0.0,,40.95874786376953,0.020858164876699448,0.0,0.0
0.0,,40.95874786376953,0.020858164876699448,0.0,0.0
0.0,,40.95874786376953,0.020858164876699448,0.0,0.0
0.0,,40.95874786376953,0.020858164876699448,0.0,0.0
0.0,,40.95874786376953,0.020858164876699448,0.0,0.0
0.0,,40.95874786376953,0.020858164876699448,0.0,0.0
0.0,,40.95874786376953,0.017878426238894463,0.0,0.0
0.0,,40.95874786376953,0.023837901651859283,0.0,0.0
0.0,,40.95874786376953,0.023837901651859283,0.0,0.0
0.0,,40.95874786376953,0.017878426238894463,0.0,0.0
0.0,,40.95874786376953,0.020858164876699448,0.0,0.0
0.0,,40.95874786376953,0.020858164876699448,0.0,0.0
0.0,,40.95874786376953,0.020858164876699448,0.0,0.0
0.0,,40.95874786376953,0.020858164876699448,0.0,0.0
0.0,,40.95874786376953,0.023837901651859283,0.0,0.0
0.0,,40.95874786376953,0.020858164876699448,0.0,0.0
0.0,,40.95874786376953,0.020858164876699448,0.0,0.0
0.0,,40.95874786376953,0.023837901651859283,0.0,0.0
0.0,,40.95874786376953,0.023837901651859283,0.0,0.0
0.0,,40.95874786376953,0.020858164876699448,0.0,0.0
0.0,,40.95874786376953,0.020858164876699448,0.0,0.0
0.0,,40.95874786376953,0.023837901651859283,0.0,0.0
0.0,,40.95874786376953,0.020858164876699448,0.0,0.0
0.0,,40.95874786376953,0.023837901651859283,0.0,0.0
0.0,,40.95874786376953,0.020858164876699448,0.0,0.0
0.0,,40.95874786376953,0.020858164876699448,0.0,0.0
0.0,,40.95874786376953,0.023837901651859283,0.0,0.0
0.0,,40.95874786376953,0.020858164876699448,0.0,0.0
0.0,,40.95874786376953,0.023837901651859283,0.0,0.0
0.0,,40.95874786376953,0.017878426238894463,0.0,0.0
0.0,,40.95874786376953,0.020858164876699448,0.0,0.0
0.0,,40.95874786376953,0.017878426238894463,0.0,0.0
0.0,,40.95874786376953,0.023837901651859283,0.0,0.0
0.0,,40.95874786376953,0.020858164876699448,0.0,0.0
0.0,,40.95874786376953,0.020858164876699448,0.0,0.0
0.0,,40.95874786376953,0.017878426238894463,0.0,0.0
0.0,,40.95874786376953,0.020858164876699448,0.0,0.0
0.0,,40.95874786376953,0.017878426238894463,0.0,0.0
0.0,,40.95874786376953,0.020858164876699448,0.0,0.0
0.0,,40.95874786376953,0.020858164876699448,0.0,0.0
0.0,,40.95874786376953,0.023837901651859283,0.0,0.0
0.0,,40.95874786376953,0.020858164876699448,0.0,0.0
0.0,,40.95874786376953,0.017878426238894463,0.0,0.0
0.0,,40.95874786376953,0.020858164876699448,0.0,0.0
0.0,,40.95874786376953,0.020858164876699448,0.0,0.0
0.0,,40.95874786376953,0.020858164876699448,0.0,0.0
0.0,,40.95874786376953,0.020858164876699448,0.0,0.0
0.0,,40.95874786376953,0.020858164876699448,0.0,0.0
0.0,,40.95874786376953,0.023837901651859283,0.0,0.0
0.0,,40.95874786376953,0.020858164876699448,0.0,0.0
0.0,,40.95874786376953,0.020858164876699448,0.0,0.0
0.0,,40.95874786376953,0.020858164876699448,0.0,0.0
0.0,,40.95874786376953,0.017878426238894463,0.0,0.0
0.0,,40.95874786376953,0.020858164876699448,0.0,0.0
0.0,,40.95874786376953,0.020858164876699448,0.0,0.0
0.0,,40.95874786376953,0.020858164876699448,0.0,0.0
0.0,,40.95874786376953,0.020858164876699448,0.0,0.0
0.0,,40.95874786376953,0.023837901651859283,0.0,0.0
0.0,,40.95874786376953,0.020858164876699448,0.0,0.0
0.0,,40.95874786376953,0.023837901651859283,0.0,0.0
0.0,,40.95874786376953,0.023837901651859283,0.0,0.0
0.0,,40.95874786376953,0.020858164876699448,0.0,0.0
0.0,,40.95874786376953,0.017878426238894463,0.0,0.0
0.0,,40.95874786376953,0.020858164876699448,0.0,0.0
0.0,,40.95874786376953,0.020858164876699448,0.0,0.0
0.0,,40.95874786376953,0.020858164876699448,0.0,0.0
0.0,,40.95874786376953,0.020858164876699448,0.0,0.0
0.0,,40.95874786376953,0.017878426238894463,0.0,0.0
0.0,,40.95874786376953,0.020858164876699448,0.0,0.0
0.0,,40.95874786376953,0.020858164876699448,0.0,0.0
0.0,,40.95874786376953,0.020858164876699448,0.0,0.0
0.0,,40.95874786376953,0.023837901651859283,0.0,0.0
0.0,,40.95874786376953,0.017878426238894463,0.0,0.0
0.0,,40.95874786376953,0.020858164876699448,0.0,0.0
0.0,,40.95874786376953,0.020858164876699448,0.0,0.0
0.0,,40.95874786376953,0.023837901651859283,0.0,0.0
0.0,,40.95874786376953,0.017878426238894463,0.0,0.0
0.0,,40.95874786376953,0.020858164876699448,0.0,0.0
0.0,,40.95874786376953,0.020858164876699448,0.0,0.0
0.0,,40.95874786376953,0.020858164876699448,0.0,0.0
0.0,,40.95874786376953,0.020858164876699448,0.0,0.0
0.0,,40.95874786376953,0.017878426238894463,0.0,0.0
0.0,,40.95874786376953,0.023837901651859283,0.0,0.0
0.0,,40.95874786376953,0.020858164876699448,0.0,0.0
0.0,,40.95874786376953,0.023837901651859283,0.0,0.0
0.0,,40.95874786376953,0.020858164876699448,0.0,0.0
0.0,,40.95874786376953,0.023837901651859283,0.0,0.0
0.0,,40.95874786376953,0.020858164876699448,0.0,0.0
0.0,,40.95874786376953,0.020858164876699448,0.0,0.0
0.0,,40.95874786376953,0.017878426238894463,0.0,0.0
0.0,,40.95874786376953,0.020858164876699448,0.0,0.0
0.0,,40.95874786376953,0.023837901651859283,0.0,0.0
0.0,,40.95874786376953,0.023837901651859283,0.0,0.0
0.0,,40.95874786376953,0.020858164876699448,0.0,0.0
0.0,,40.95874786376953,0.020858164876699448,0.0,0.0
0.0,,40.95874786376953,0.020858164876699448,0.0,0.0
0.0,,40.95874786376953,0.020858164876699448,0.0,0.0
0.0,,40.95874786376953,0.023837901651859283,0.0,0.0
0.0,,40.95874786376953,0.023837901651859283,0.0,0.0
0.0,,40.95874786376953,0.020858164876699448,0.0,0.0
0.0,,40.95874786376953,0.017878426238894463,0.0,0.0
0.0,,40.95874786376953,0.020858164876699448,0.0,0.0
0.0,,40.95874786376953,0.020858164876699448,0.0,0.0
0.0,,40.95874786376953,0.023837901651859283,0.0,0.0
0.0,,40.95874786376953,0.020858164876699448,0.0,0.0
0.0,,40.95874786376953,0.023837901651859283,0.0,0.0
0.0,,40.95874786376953,0.017878426238894463,0.0,0.0
0.0,,40.95874786376953,0.020858164876699448,0.0,0.0
0.0,,40.95874786376953,0.020858164876699448,0.0,0.0
0.0,,40.95874786376953,0.017878426238894463,0.0,0.0
0.0,,40.95874786376953,0.017878426238894463,0.0,0.0
0.0,,40.95874786376953,0.023837901651859283,0.0,0.0
0.0,,40.95874786376953,0.023837901651859283,0.0,0.0
0.0,,40.95874786376953,0.020858164876699448,0.0,0.0
0.0,,40.95874786376953,0.020858164876699448,0.0,0.0
0.0,,40.95874786376953,0.023837901651859283,0.0,0.0
0.0,,40.95874786376953,0.020858164876699448,0.0,0.0
0.0,,40.95874786376953,0.020858164876699448,0.0,0.0
0.0,,40.95874786376953,0.017878426238894463,0.0,0.0
0.0,,40.95874786376953,0.020858164876699448,0.0,0.0
0.0,,40.95874786376953,0.020858164876699448,0.0,0.0
0.0,,40.95874786376953,0.020858164876699448,0.0,0.0
0.0,,40.95874786376953,0.017878426238894463,0.0,0.0
0.0,,40.95874786376953,0.020858164876699448,0.0,0.0
0.0,,40.95874786376953,0.023837901651859283,0.0,0.0
0.0,,40.95874786376953,0.017878426238894463,0.0,0.0
0.0,,40.95874786376953,0.023837901651859283,0.0,0.0
0.0,,40.95874786376953,0.017878426238894463,0.0,0.0
0.0,,40.95874786376953,0.020858164876699448,0.0,0.0
0.0,,40.95874786376953,0.017878426238894463,0.0,0.0
0.0,,40.95874786376953,0.020858164876699448,0.0,0.0
0.0,,40.95874786376953,0.020858164876699448,0.0,0.0
0.0,,40.95874786376953,0.020858164876699448,0.0,0.0
0.0,,40.95874786376953,0.023837901651859283,0.0,0.0
0.0,,40.95874786376953,0.020858164876699448,0.0,0.0
0.0,,40.95874786376953,0.020858164876699448,0.0,0.0
0.0,,40.95874786376953,0.020858164876699448,0.0,0.0
0.0,,40.95874786376953,0.020858164876699448,0.0,0.0
0.0,,40.95874786376953,0.023837901651859283,0.0,0.0
0.0,,40.95874786376953,0.020858164876699448,0.0,0.0
0.0,,40.95874786376953,0.017878426238894463,0.0,0.0
0.0,,40.95874786376953,0.017878426238894463,0.0,0.0
0.0,,40.95874786376953,0.023837901651859283,0.0,0.0
0.0,,40.95874786376953,0.020858164876699448,0.0,0.0
0.0,,40.95874786376953,0.023837901651859283,0.0,0.0
0.0,,40.95874786376953,0.023837901651859283,0.0,0.0
0.0,,40.95874786376953,0.017878426238894463,0.0,0.0
0.0,,40.95874786376953,0.020858164876699448,0.0,0.0
0.0,,40.95874786376953,0.020858164876699448,0.0,0.0
0.0,,40.95874786376953,0.023837901651859283,0.0,0.0
0.0,,40.95874786376953,0.023837901651859283,0.0,0.0
0.0,,40.95874786376953,0.023837901651859283,0.0,0.0
0.0,,40.95874786376953,0.020858164876699448,0.0,0.0
0.0,,40.95874786376953,0.017878426238894463,0.0,0.0
0.0,,40.95874786376953,0.023837901651859283,0.0,0.0
0.0,,40.95874786376953,0.020858164876699448,0.0,0.0
0.0,,40.95874786376953,0.020858164876699448,0.0,0.0
0.0,,40.95874786376953,0.023837901651859283,0.0,0.0
0.0,,40.95874786376953,0.023837901651859283,0.0,0.0
0.0,,40.95874786376953,0.017878426238894463,0.0,0.0
0.0,,40.95874786376953,0.020858164876699448,0.0,0.0
0.0,,40.95874786376953,0.020858164876699448,0.0,0.0
0.0,,40.95874786376953,0.020858164876699448,0.0,0.0
0.0,,40.95874786376953,0.017878426238894463,0.0,0.0
0.0,,40.95874786376953,0.023837901651859283,0.0,0.0
0.0,,40.95874786376953,0.020858164876699448,0.0,0.0
0.0,,40.95874786376953,0.020858164876699448,0.0,0.0
0.0,,40.95874786376953,0.020858164876699448,0.0,0.0
0.0,,40.95874786376953,0.020858164876699448,0.0,0.0
0.0,,40.95874786376953,0.020858164876699448,0.0,0.0
0.0,,40.95874786376953,0.023837901651859283,0.0,0.0
0.0,,40.95874786376953,0.017878426238894463,0.0,0.0
0.0,,40.95874786376953,0.020858164876699448,0.0,0.0
0.0,,40.95874786376953,0.020858164876699448,0.0,0.0
0.0,,40.95874786376953,0.023837901651859283,0.0,0.0
0.0,,40.95874786376953,0.020858164876699448,0.0,0.0
0.0,,40.95874786376953,0.020858164876699448,0.0,0.0
0.0,,40.95874786376953,0.017878426238894463,0.0,0.0
0.0,,40.95874786376953,0.023837901651859283,0.0,0.0
0.0,,40.95874786376953,0.017878426238894463,0.0,0.0
0.0,,40.95874786376953,0.020858164876699448,0.0,0.0
0.0,,40.95874786376953,0.020858164876699448,0.0,0.0
0.0,,40.95874786376953,0.017878426238894463,0.0,0.0
0.0,,40.95874786376953,0.020858164876699448,0.0,0.0
0.0,,40.95874786376953,0.023837901651859283,0.0,0.0
0.0,,40.95874786376953,0.023837901651859283,0.0,0.0
0.0,,40.95874786376953,0.017878426238894463,0.0,0.0
0.0,,40.95874786376953,0.020858164876699448,0.0,0.0
0.0,,40.95874786376953,0.023837901651859283,0.0,0.0
0.0,,40.95874786376953,0.020858164876699448,0.0,0.0
0.0,,40.95874786376953,0.020858164876699448,0.0,0.0
0.0,,40.95874786376953,0.023837901651859283,0.0,0.0
0.0,,40.95874786376953,0.020858164876699448,0.0,0.0
0.0,,40.95874786376953,0.020858164876699448,0.0,0.0
0.0,,40.95874786376953,0.017878426238894463,0.0,0.0
0.0,,40.95874786376953,0.023837901651859283,0.0,0.0
0.0,,40.95874786376953,0.020858164876699448,0.0,0.0
0.0,,40.95874786376953,0.020858164876699448,0.0,0.0
0.0,,40.95874786376953,0.020858164876699448,0.0,0.0
0.0,,40.95874786376953,0.023837901651859283,0.0,0.0
0.0,,40.95874786376953,0.020858164876699448,0.0,0.0
0.0,,40.95874786376953,0.020858164876699448,0.0,0.0
0.0,,40.95874786376953,0.023837901651859283,0.0,0.0
0.0,,40.95874786376953,0.017878426238894463,0.0,0.0
0.0,,40.95874786376953,0.017878426238894463,0.0,0.0
0.0,,40.95874786376953,0.020858164876699448,0.0,0.0
0.0,,40.95874786376953,0.020858164876699448,0.0,0.0
0.0,,40.95874786376953,0.020858164876699448,0.0,0.0
0.0,,40.95874786376953,0.020858164876699448,0.0,0.0
0.0,,40.95874786376953,0.020858164876699448,0.0,0.0
0.0,,40.95874786376953,0.017878426238894463,0.0,0.0
0.0,,40.95874786376953,0.023837901651859283,0.0,0.0
0.0,,40.95874786376953,0.017878426238894463,0.0,0.0
0.0,,40.95874786376953,0.020858164876699448,0.0,0.0
0.0,,40.95874786376953,0.020858164876699448,0.0,0.0
0.0,,40.95874786376953,0.020858164876699448,0.0,0.0
0.0,,40.95874786376953,0.023837901651859283,0.0,0.0
0.0,,40.95874786376953,0.020858164876699448,0.0,0.0
0.0,,40.95874786376953,0.020858164876699448,0.0,0.0
0.0,,40.95874786376953,0.020858164876699448,0.0,0.0
0.0,,40.95874786376953,0.020858164876699448,0.0,0.0
0.0,,40.95874786376953,0.023837901651859283,0.0,0.0
0.0,,40.95874786376953,0.020858164876699448,0.0,0.0
0.0,,40.95874786376953,0.020858164876699448,0.0,0.0
0.0,,40.95874786376953,0.020858164876699448,0.0,0.0
0.0,,40.95874786376953,0.020858164876699448,0.0,0.0
0.0,,40.95874786376953,0.017878426238894463,0.0,0.0
0.0,,40.95874786376953,0.020858164876699448,0.0,0.0
0.0,,40.95874786376953,0.020858164876699448,0.0,0.0
0.0,,40.95874786376953,0.023837901651859283,0.0,0.0
0.0,,40.95874786376953,0.020858164876699448,0.0,0.0
0.0,,40.95874786376953,0.020858164876699448,0.0,0.0
0.0,,40.95874786376953,0.020858164876699448,0.0,0.0
0.0,,40.95874786376953,0.017878426238894463,0.0,0.0
0.0,,40.95874786376953,0.020858164876699448,0.0,0.0
0.0,,40.95874786376953,0.023837901651859283,0.0,0.0
0.0,,40.95874786376953,0.020858164876699448,0.0,0.0
0.0,,40.95874786376953,0.023837901651859283,0.0,0.0
0.0,,40.95874786376953,0.020858164876699448,0.0,0.0
0.0,,40.95874786376953,0.020858164876699448,0.0,0.0
0.0,,40.95874786376953,0.020858164876699448,0.0,0.0
0.0,,40.95874786376953,0.020858164876699448,0.0,0.0
0.0,,40.95874786376953,0.020858164876699448,0.0,0.0
0.0,,40.95874786376953,0.023837901651859283,0.0,0.0
0.0,,40.95874786376953,0.023837901651859283,0.0,0.0
0.0,,40.95874786376953,0.017878426238894463,0.0,0.0
0.0,,40.95874786376953,0.020858164876699448,0.0,0.0
0.0,,40.95874786376953,0.020858164876699448,0.0,0.0
0.0,,40.95874786376953,0.020858164876699448,0.0,0.0
0.0,,40.95874786376953,0.020858164876699448,0.0,0.0
0.0,,40.95874786376953,0.020858164876699448,0.0,0.0
0.0,,40.95874786376953,0.017878426238894463,0.0,0.0
0.0,,40.95874786376953,0.017878426238894463,0.0,0.0
0.0,,40.95874786376953,0.020858164876699448,0.0,0.0
0.0,,40.95874786376953,0.020858164876699448,0.0,0.0
0.0,,40.95874786376953,0.020858164876699448,0.0,0.0
0.0,,40.95874786376953,0.020858164876699448,0.0,0.0
0.0,,40.95874786376953,0.020858164876699448,0.0,0.0
0.0,,40.95874786376953,0.020858164876699448,0.0,0.0
0.0,,40.95874786376953,0.020858164876699448,0.0,0.0
0.0,,40.95874786376953,0.020858164876699448,0.0,0.0
0.0,,40.95874786376953,0.020858164876699448,0.0,0.0
0.0,,40.95874786376953,0.020858164876699448,0.0,0.0
0.0,,40.95874786376953,0.017878426238894463,0.0,0.0
0.0,,40.95874786376953,0.020858164876699448,0.0,0.0
0.0,,40.95874786376953,0.020858164876699448,0.0,0.0
0.0,,40.95874786376953,0.020858164876699448,0.0,0.0
0.0,,40.95874786376953,0.020858164876699448,0.0,0.0
0.0,,40.95874786376953,0.020858164876699448,0.0,0.0
0.0,,40.95874786376953,0.017878426238894463,0.0,0.0
0.0,,40.95874786376953,0.023837901651859283,0.0,0.0
0.0,,40.95874786376953,0.020858164876699448,0.0,0.0
0.0,,40.95874786376953,0.020858164876699448,0.0,0.0
0.0,,40.95874786376953,0.020858164876699448,0.0,0.0
0.0,,40.95874786376953,0.020858164876699448,0.0,0.0
0.0,,40.95874786376953,0.020858164876699448,0.0,0.0
0.0,,40.95874786376953,0.023837901651859283,0.0,0.0
0.0,,40.95874786376953,0.023837901651859283,0.0,0.0
0.0,,40.95874786376953,0.017878426238894463,0.0,0.0
0.0,,40.95874786376953,0.020858164876699448,0.0,0.0
0.0,,40.95874786376953,0.023837901651859283,0.0,0.0
0.0,,40.95874786376953,0.023837901651859283,0.0,0.0
0.0,,40.95874786376953,0.020858164876699448,0.0,0.0
0.0,,40.95874786376953,0.020858164876699448,0.0,0.0
0.0,,40.95874786376953,0.023837901651859283,0.0,0.0
0.0,,40.95874786376953,0.020858164876699448,0.0,0.0
0.0,,40.95874786376953,0.023837901651859283,0.0,0.0
0.0,,40.95874786376953,0.023837901651859283,0.0,0.0
0.0,,40.95874786376953,0.020858164876699448,0.0,0.0
0.0,,40.95874786376953,0.020858164876699448,0.0,0.0
0.0,,40.95874786376953,0.020858164876699448,0.0,0.0
0.0,,40.95874786376953,0.020858164876699448,0.0,0.0
0.0,,40.95874786376953,0.020858164876699448,0.0,0.0
0.0,,40.95874786376953,0.020858164876699448,0.0,0.0
0.0,,40.95874786376953,0.020858164876699448,0.0,0.0
0.0,,40.95874786376953,0.020858164876699448,0.0,0.0
0.0,,40.95874786376953,0.017878426238894463,0.0,0.0
0.0,,40.95874786376953,0.020858164876699448,0.0,0.0
0.0,,40.95874786376953,0.020858164876699448,0.0,0.0
0.0,,40.95874786376953,0.023837901651859283,0.0,0.0
0.0,,40.95874786376953,0.017878426238894463,0.0,0.0
0.0,,40.95874786376953,0.017878426238894463,0.0,0.0
0.0,,40.95874786376953,0.020858164876699448,0.0,0.0
0.0,,40.95874786376953,0.017878426238894463,0.0,0.0
0.0,,40.95874786376953,0.017878426238894463,0.0,0.0
0.0,,40.95874786376953,0.017878426238894463,0.0,0.0
0.0,,40.95874786376953,0.020858164876699448,0.0,0.0
0.0,,40.95874786376953,0.020858164876699448,0.0,0.0
0.0,,40.95874786376953,0.020858164876699448,0.0,0.0
0.0,,40.95874786376953,0.017878426238894463,0.0,0.0
0.0,,40.95874786376953,0.017878426238894463,0.0,0.0
0.0,,40.95874786376953,0.020858164876699448,0.0,0.0
0.0,,40.95874786376953,0.020858164876699448,0.0,0.0
0.0,,40.95874786376953,0.017878426238894463,0.0,0.0
0.0,,40.95874786376953,0.017878426238894463,0.0,0.0
0.0,,40.95874786376953,0.020858164876699448,0.0,0.0
0.0,,40.95874786376953,0.020858164876699448,0.0,0.0
0.0,,40.95874786376953,0.023837901651859283,0.0,0.0
0.0,,40.95874786376953,0.020858164876699448,0.0,0.0
0.0,,40.95874786376953,0.023837901651859283,0.0,0.0
0.0,,40.95874786376953,0.020858164876699448,0.0,0.0
0.0,,40.95874786376953,0.023837901651859283,0.0,0.0
0.0,,40.95874786376953,0.017878426238894463,0.0,0.0
0.0,,40.95874786376953,0.023837901651859283,0.0,0.0
0.0,,40.95874786376953,0.020858164876699448,0.0,0.0
0.0,,40.95874786376953,0.017878426238894463,0.0,0.0
0.0,,40.95874786376953,0.020858164876699448,0.0,0.0
0.0,,40.95874786376953,0.020858164876699448,0.0,0.0
0.0,,40.95874786376953,0.02681763842701912,0.0,0.0
0.0,,40.95874786376953,0.020858164876699448,0.0,0.0
0.0,,40.95874786376953,0.020858164876699448,0.0,0.0
0.0,,40.95874786376953,0.020858164876699448,0.0,0.0
0.0,,40.95874786376953,0.017878426238894463,0.0,0.0
0.0,,40.95874786376953,0.020858164876699448,0.0,0.0
0.0,,40.95874786376953,0.020858164876699448,0.0,0.0
0.0,,40.95874786376953,0.017878426238894463,0.0,0.0
0.0,,40.95874786376953,0.020858164876699448,0.0,0.0
0.0,,40.95874786376953,0.017878426238894463,0.0,0.0
0.0,,40.95874786376953,0.020858164876699448,0.0,0.0
0.0,,40.95874786376953,0.020858164876699448,0.0,0.0
0.0,,40.95874786376953,0.017878426238894463,0.0,0.0
0.0,,40.95874786376953,0.020858164876699448,0.0,0.0
0.0,,40.95874786376953,0.020858164876699448,0.0,0.0
0.0,,40.95874786376953,0.020858164876699448,0.0,0.0
0.0,,40.95874786376953,0.020858164876699448,0.0,0.0
0.0,,40.95874786376953,0.017878426238894463,0.0,0.0
0.0,,40.95874786376953,0.017878426238894463,0.0,0.0
0.0,,40.95874786376953,0.020858164876699448,0.0,0.0
0.0,,40.95874786376953,0.023837901651859283,0.0,0.0
0.0,,40.95874786376953,0.017878426238894463,0.0,0.0
0.0,,40.95874786376953,0.020858164876699448,0.0,0.0
0.0,,40.95874786376953,0.020858164876699448,0.0,0.0
0.0,,40.95874786376953,0.02681763842701912,0.0,0.0
0.0,,40.95874786376953,0.017878426238894463,0.0,0.0
0.0,,40.95874786376953,0.017878426238894463,0.0,0.0
0.0,,40.95874786376953,0.020858164876699448,0.0,0.0
0.0,,40.95874786376953,0.020858164876699448,0.0,0.0
0.0,,40.95874786376953,0.020858164876699448,0.0,0.0
0.0,,40.95874786376953,0.020858164876699448,0.0,0.0
0.0,,40.95874786376953,0.017878426238894463,0.0,0.0
0.0,,40.95874786376953,0.017878426238894463,0.0,0.0
0.0,,40.95874786376953,0.017878426238894463,0.0,0.0
0.0,,40.95874786376953,0.023837901651859283,0.0,0.0
0.0,,40.95874786376953,0.020858164876699448,0.0,0.0
0.0,,40.95874786376953,0.020858164876699448,0.0,0.0
0.0,,40.95874786376953,0.020858164876699448,0.0,0.0
0.0,,40.95874786376953,0.023837901651859283,0.0,0.0
0.0,,40.95874786376953,0.020858164876699448,0.0,0.0
0.0,,40.95874786376953,0.020858164876699448,0.0,0.0
0.0,,40.95874786376953,0.020858164876699448,0.0,0.0
0.0,,40.95874786376953,0.020858164876699448,0.0,0.0
0.0,,40.95874786376953,0.020858164876699448,0.0,0.0
0.0,,40.95874786376953,0.020858164876699448,0.0,0.0
0.0,,40.95874786376953,0.020858164876699448,0.0,0.0
0.0,,40.95874786376953,0.020858164876699448,0.0,0.0
0.0,,40.95874786376953,0.020858164876699448,0.0,0.0
0.0,,40.95874786376953,0.023837901651859283,0.0,0.0
0.0,,40.95874786376953,0.020858164876699448,0.0,0.0
0.0,,40.95874786376953,0.020858164876699448,0.0,0.0
0.0,,40.95874786376953,0.020858164876699448,0.0,0.0
0.0,,40.95874786376953,0.020858164876699448,0.0,0.0
0.0,,40.95874786376953,0.020858164876699448,0.0,0.0
0.0,,40.95874786376953,0.020858164876699448,0.0,0.0
0.0,,40.95874786376953,0.020858164876699448,0.0,0.0
0.0,,40.95874786376953,0.020858164876699448,0.0,0.0
0.0,,40.95874786376953,0.023837901651859283,0.0,0.0
0.0,,40.95874786376953,0.020858164876699448,0.0,0.0
0.0,,40.95874786376953,0.017878426238894463,0.0,0.0
0.0,,40.95874786376953,0.023837901651859283,0.0,0.0
0.0,,40.95874786376953,0.017878426238894463,0.0,0.0
0.0,,40.95874786376953,0.020858164876699448,0.0,0.0
0.0,,40.95874786376953,0.023837901651859283,0.0,0.0
0.0,,40.95874786376953,0.023837901651859283,0.0,0.0
0.0,,40.95874786376953,0.020858164876699448,0.0,0.0
0.0,,40.95874786376953,0.023837901651859283,0.0,0.0
0.0,,40.95874786376953,0.014898688532412052,0.0,0.0
0.0,,40.95874786376953,0.020858164876699448,0.0,0.0
0.0,,40.95874786376953,0.017878426238894463,0.0,0.0
0.0,,40.95874786376953,0.020858164876699448,0.0,0.0
0.0,,40.95874786376953,0.020858164876699448,0.0,0.0
0.0,,40.95874786376953,0.020858164876699448,0.0,0.0
0.0,,40.95874786376953,0.020858164876699448,0.0,0.0
0.0,,40.95874786376953,0.020858164876699448,0.0,0.0
0.0,,40.95874786376953,0.020858164876699448,0.0,0.0
0.0,,40.95874786376953,0.020858164876699448,0.0,0.0
0.0,,40.95874786376953,0.020858164876699448,0.0,0.0
0.0,,40.95874786376953,0.020858164876699448,0.0,0.0
0.0,,40.95874786376953,0.020858164876699448,0.0,0.0
0.0,,40.95874786376953,0.017878426238894463,0.0,0.0
0.0,,40.95874786376953,0.023837901651859283,0.0,0.0
0.0,,40.95874786376953,0.020858164876699448,0.0,0.0
0.0,,40.95874786376953,0.020858164876699448,0.0,0.0
0.0,,40.95874786376953,0.020858164876699448,0.0,0.0
0.0,,40.95874786376953,0.023837901651859283,0.0,0.0
0.0,,40.95874786376953,0.020858164876699448,0.0,0.0
0.0,,40.95874786376953,0.020858164876699448,0.0,0.0
0.0,,40.95874786376953,0.020858164876699448,0.0,0.0
0.0,,40.95874786376953,0.023837901651859283,0.0,0.0
0.0,,40.95874786376953,0.017878426238894463,0.0,0.0
0.0,,40.95874786376953,0.020858164876699448,0.0,0.0
0.0,,40.95874786376953,0.023837901651859283,0.0,0.0
0.0,,40.95874786376953,0.020858164876699448,0.0,0.0
0.0,,40.95874786376953,0.017878426238894463,0.0,0.0
0.0,,40.95874786376953,0.020858164876699448,0.0,0.0
0.0,,40.95874786376953,0.020858164876699448,0.0,0.0
0.0,,40.95874786376953,0.020858164876699448,0.0,0.0
0.0,,40.95874786376953,0.020858164876699448,0.0,0.0
0.0,,40.95874786376953,0.023837901651859283,0.0,0.0
0.0,,40.95874786376953,0.023837901651859283,0.0,0.0
0.0,,40.95874786376953,0.017878426238894463,0.0,0.0
0.0,,40.95874786376953,0.020858164876699448,0.0,0.0
0.0,,40.95874786376953,0.023837901651859283,0.0,0.0
0.0,,40.95874786376953,0.020858164876699448,0.0,0.0
0.0,,40.95874786376953,0.020858164876699448,0.0,0.0
0.0,,40.95874786376953,0.020858164876699448,0.0,0.0
0.0,,40.95874786376953,0.023837901651859283,0.0,0.0
0.0,,40.95874786376953,0.023837901651859283,0.0,0.0
0.0,,40.95874786376953,0.023837901651859283,0.0,0.0
0.0,,40.95874786376953,0.020858164876699448,0.0,0.0
0.0,,40.95874786376953,0.020858164876699448,0.0,0.0
0.0,,40.95874786376953,0.023837901651859283,0.0,0.0
0.0,,40.95874786376953,0.023837901651859283,0.0,0.0
0.0,,40.95874786376953,0.020858164876699448,0.0,0.0
0.0,,40.95874786376953,0.023837901651859283,0.0,0.0
0.0,,40.95874786376953,0.020858164876699448,0.0,0.0
0.0,,40.95874786376953,0.017878426238894463,0.0,0.0
0.0,,40.95874786376953,0.020858164876699448,0.0,0.0
0.0,,40.95874786376953,0.020858164876699448,0.0,0.0
0.0,,40.95874786376953,0.020858164876699448,0.0,0.0
0.0,,40.95874786376953,0.020858164876699448,0.0,0.0
0.0,,40.95874786376953,0.020858164876699448,0.0,0.0
0.0,,40.95874786376953,0.023837901651859283,0.0,0.0
0.0,,40.95874786376953,0.020858164876699448,0.0,0.0
0.0,,40.95874786376953,0.020858164876699448,0.0,0.0
0.0,,40.95874786376953,0.020858164876699448,0.0,0.0
0.0,,40.95874786376953,0.020858164876699448,0.0,0.0
0.0,,40.95874786376953,0.020858164876699448,0.0,0.0
0.0,,40.95874786376953,0.020858164876699448,0.0,0.0
0.0,,40.95874786376953,0.020858164876699448,0.0,0.0
0.0,,40.95874786376953,0.020858164876699448,0.0,0.0
0.0,,40.95874786376953,0.020858164876699448,0.0,0.0
0.0,,40.95874786376953,0.017878426238894463,0.0,0.0
0.0,,40.95874786376953,0.017878426238894463,0.0,0.0
0.0,,40.95874786376953,0.023837901651859283,0.0,0.0
0.0,,40.95874786376953,0.020858164876699448,0.0,0.0
0.0,,40.95874786376953,0.023837901651859283,0.0,0.0
0.0,,40.95874786376953,0.020858164876699448,0.0,0.0
0.0,,40.95874786376953,0.023837901651859283,0.0,0.0
0.0,,40.95874786376953,0.020858164876699448,0.0,0.0
0.0,,40.95874786376953,0.017878426238894463,0.0,0.0
0.0,,40.95874786376953,0.020858164876699448,0.0,0.0
0.0,,40.95874786376953,0.023837901651859283,0.0,0.0
0.0,,40.95874786376953,0.020858164876699448,0.0,0.0
0.0,,40.95874786376953,0.023837901651859283,0.0,0.0
0.0,,40.95874786376953,0.020858164876699448,0.0,0.0
0.0,,40.95874786376953,0.020858164876699448,0.0,0.0
0.0,,40.95874786376953,0.023837901651859283,0.0,0.0
0.0,,40.95874786376953,0.020858164876699448,0.0,0.0
0.0,,40.95874786376953,0.020858164876699448,0.0,0.0
0.0,,40.95874786376953,0.020858164876699448,0.0,0.0
0.0,,40.95874786376953,0.017878426238894463,0.0,0.0
0.0,,40.95874786376953,0.020858164876699448,0.0,0.0
0.0,,40.95874786376953,0.020858164876699448,0.0,0.0
0.0,,40.95874786376953,0.020858164876699448,0.0,0.0
0.0,,40.95874786376953,0.017878426238894463,0.0,0.0
0.0,,40.95874786376953,0.023837901651859283,0.0,0.0
0.0,,40.95874786376953,0.020858164876699448,0.0,0.0
0.0,,40.95874786376953,0.020858164876699448,0.0,0.0
0.0,,40.95874786376953,0.014898688532412052,0.0,0.0
0.0,,40.95874786376953,0.023837901651859283,0.0,0.0
0.0,,40.95874786376953,0.020858164876699448,0.0,0.0
0.0,,40.95874786376953,0.020858164876699448,0.0,0.0
0.0,,40.95874786376953,0.020858164876699448,0.0,0.0
0.0,,40.95874786376953,0.020858164876699448,0.0,0.0
0.0,,40.95874786376953,0.020858164876699448,0.0,0.0
0.0,,40.95874786376953,0.023837901651859283,0.0,0.0
0.0,,40.95874786376953,0.020858164876699448,0.0,0.0
0.0,,40.95874786376953,0.017878426238894463,0.0,0.0
0.0,,40.95874786376953,0.020858164876699448,0.0,0.0
0.0,,40.95874786376953,0.020858164876699448,0.0,0.0
0.0,,40.95874786376953,0.020858164876699448,0.0,0.0
0.0,,40.95874786376953,0.020858164876699448,0.0,0.0
0.0,,40.95874786376953,0.023837901651859283,0.0,0.0
0.0,,40.95874786376953,0.020858164876699448,0.0,0.0
0.0,,40.95874786376953,0.020858164876699448,0.0,0.0
0.0,,40.95874786376953,0.020858164876699448,0.0,0.0
0.0,,40.95874786376953,0.017878426238894463,0.0,0.0
0.0,,40.95874786376953,0.020858164876699448,0.0,0.0
0.0,,40.95874786376953,0.020858164876699448,0.0,0.0
0.0,,40.95874786376953,0.020858164876699448,0.0,0.0
0.0,,40.95874786376953,0.017878426238894463,0.0,0.0
0.0,,40.95874786376953,0.020858164876699448,0.0,0.0
0.0,,40.95874786376953,0.017878426238894463,0.0,0.0
0.0,,40.95874786376953,0.020858164876699448,0.0,0.0
0.0,,40.95874786376953,0.020858164876699448,0.0,0.0
0.0,,40.95874786376953,0.017878426238894463,0.0,0.0
0.0,,40.95874786376953,0.020858164876699448,0.0,0.0
0.0,,40.95874786376953,0.020858164876699448,0.0,0.0
0.0,,40.95874786376953,0.020858164876699448,0.0,0.0
0.0,,40.95874786376953,0.017878426238894463,0.0,0.0
0.0,,40.95874786376953,0.023837901651859283,0.0,0.0
0.0,,40.95874786376953,0.020858164876699448,0.0,0.0
0.0,,40.95874786376953,0.017878426238894463,0.0,0.0
0.0,,40.95874786376953,0.020858164876699448,0.0,0.0
0.0,,40.95874786376953,0.017878426238894463,0.0,0.0
0.0,,40.95874786376953,0.020858164876699448,0.0,0.0
0.0,,40.95874786376953,0.020858164876699448,0.0,0.0
0.0,,40.95874786376953,0.020858164876699448,0.0,0.0
0.0,,40.95874786376953,0.020858164876699448,0.0,0.0
0.0,,40.95874786376953,0.023837901651859283,0.0,0.0
0.0,,40.95874786376953,0.023837901651859283,0.0,0.0
0.0,,40.95874786376953,0.017878426238894463,0.0,0.0
0.0,,40.95874786376953,0.020858164876699448,0.0,0.0
0.0,,40.95874786376953,0.023837901651859283,0.0,0.0
0.0,,40.95874786376953,0.020858164876699448,0.0,0.0
0.0,,40.95874786376953,0.020858164876699448,0.0,0.0
0.0,,40.95874786376953,0.020858164876699448,0.0,0.0
0.0,,40.95874786376953,0.020858164876699448,0.0,0.0
0.0,,40.95874786376953,0.020858164876699448,0.0,0.0
0.0,,40.95874786376953,0.020858164876699448,0.0,0.0
0.0,,40.95874786376953,0.020858164876699448,0.0,0.0
0.0,,40.95874786376953,0.020858164876699448,0.0,0.0
0.0,,40.95874786376953,0.020858164876699448,0.0,0.0
0.0,,40.95874786376953,0.017878426238894463,0.0,0.0
0.0,,40.95874786376953,0.017878426238894463,0.0,0.0
0.0,,40.95874786376953,0.020858164876699448,0.0,0.0
0.0,,40.95874786376953,0.017878426238894463,0.0,0.0
0.0,,40.95874786376953,0.017878426238894463,0.0,0.0
0.0,,40.95874786376953,0.020858164876699448,0.0,0.0
0.0,,40.95874786376953,0.020858164876699448,0.0,0.0
0.0,,40.95874786376953,0.020858164876699448,0.0,0.0
0.0,,40.95874786376953,0.020858164876699448,0.0,0.0
0.0,,40.95874786376953,0.017878426238894463,0.0,0.0
0.0,,40.95874786376953,0.023837901651859283,0.0,0.0
0.0,,40.95874786376953,0.017878426238894463,0.0,0.0
0.0,,40.95874786376953,0.023837901651859283,0.0,0.0
0.0,,40.95874786376953,0.020858164876699448,0.0,0.0
0.0,,40.95874786376953,0.020858164876699448,0.0,0.0
0.0,,40.95874786376953,0.020858164876699448,0.0,0.0
0.0,,40.95874786376953,0.020858164876699448,0.0,0.0
0.0,,40.95874786376953,0.020858164876699448,0.0,0.0
0.0,,40.95874786376953,0.020858164876699448,0.0,0.0
0.0,,40.95874786376953,0.020858164876699448,0.0,0.0
0.0,,40.95874786376953,0.020858164876699448,0.0,0.0
0.0,,40.95874786376953,0.020858164876699448,0.0,0.0
0.0,,40.95874786376953,0.017878426238894463,0.0,0.0
0.0,,40.95874786376953,0.020858164876699448,0.0,0.0
0.0,,40.95874786376953,0.020858164876699448,0.0,0.0
0.0,,40.95874786376953,0.020858164876699448,0.0,0.0
0.0,,40.95874786376953,0.020858164876699448,0.0,0.0
0.0,,40.95874786376953,0.020858164876699448,0.0,0.0
0.0,,40.95874786376953,0.020858164876699448,0.0,0.0
0.0,,40.95874786376953,0.023837901651859283,0.0,0.0
0.0,,40.95874786376953,0.020858164876699448,0.0,0.0
0.0,,40.95874786376953,0.020858164876699448,0.0,0.0
0.0,,40.95874786376953,0.020858164876699448,0.0,0.0
0.0,,40.95874786376953,0.017878426238894463,0.0,0.0
0.0,,40.95874786376953,0.020858164876699448,0.0,0.0
0.0,,40.95874786376953,0.017878426238894463,0.0,0.0
0.0,,40.95874786376953,0.017878426238894463,0.0,0.0
0.0,,40.95874786376953,0.020858164876699448,0.0,0.0
0.0,,40.95874786376953,0.020858164876699448,0.0,0.0
0.0,,40.95874786376953,0.020858164876699448,0.0,0.0
0.0,,40.95874786376953,0.017878426238894463,0.0,0.0
0.0,,40.95874786376953,0.020858164876699448,0.0,0.0
0.0,,40.95874786376953,0.020858164876699448,0.0,0.0
0.0,,40.95874786376953,0.020858164876699448,0.0,0.0
0.0,,40.95874786376953,0.020858164876699448,0.0,0.0
0.0,,40.95874786376953,0.023837901651859283,0.0,0.0
0.0,,40.95874786376953,0.020858164876699448,0.0,0.0
0.0,,40.95874786376953,0.020858164876699448,0.0,0.0
0.0,,40.95874786376953,0.017878426238894463,0.0,0.0
0.0,,40.95874786376953,0.020858164876699448,0.0,0.0
0.0,,40.95874786376953,0.020858164876699448,0.0,0.0
0.0,,40.95874786376953,0.020858164876699448,0.0,0.0
0.0,,40.95874786376953,0.023837901651859283,0.0,0.0
0.0,,40.95874786376953,0.020858164876699448,0.0,0.0
0.0,,40.95874786376953,0.020858164876699448,0.0,0.0
0.0,,40.95874786376953,0.020858164876699448,0.0,0.0
0.0,,40.95874786376953,0.020858164876699448,0.0,0.0
0.0,,40.95874786376953,0.020858164876699448,0.0,0.0
0.0,,40.95874786376953,0.017878426238894463,0.0,0.0
0.0,,40.95874786376953,0.017878426238894463,0.0,0.0
0.0,,40.95874786376953,0.020858164876699448,0.0,0.0
0.0,,40.95874786376953,0.020858164876699448,0.0,0.0
0.0,,40.95874786376953,0.017878426238894463,0.0,0.0
0.0,,40.95874786376953,0.020858164876699448,0.0,0.0
0.0,,40.95874786376953,0.017878426238894463,0.0,0.0
0.0,,40.95874786376953,0.020858164876699448,0.0,0.0
0.0,,40.95874786376953,0.020858164876699448,0.0,0.0
0.0,,40.95874786376953,0.017878426238894463,0.0,0.0
0.0,,40.95874786376953,0.023837901651859283,0.0,0.0
0.0,,40.95874786376953,0.017878426238894463,0.0,0.0
0.0,,40.95874786376953,0.020858164876699448,0.0,0.0
0.0,,40.95874786376953,0.020858164876699448,0.0,0.0
0.0,,40.95874786376953,0.020858164876699448,0.0,0.0
0.0,,40.95874786376953,0.020858164876699448,0.0,0.0
0.0,,40.95874786376953,0.020858164876699448,0.0,0.0
0.0,,40.95874786376953,0.020858164876699448,0.0,0.0
0.0,,40.95874786376953,0.020858164876699448,0.0,0.0
0.0,,40.95874786376953,0.020858164876699448,0.0,0.0
0.0,,40.95874786376953,0.020858164876699448,0.0,0.0
0.0,,40.95874786376953,0.020858164876699448,0.0,0.0
0.0,,40.95874786376953,0.017878426238894463,0.0,0.0
0.0,,40.95874786376953,0.020858164876699448,0.0,0.0
0.0,,40.95874786376953,0.023837901651859283,0.0,0.0
0.0,,40.95874786376953,0.020858164876699448,0.0,0.0
0.0,,40.95874786376953,0.020858164876699448,0.0,0.0
0.0,,40.95874786376953,0.020858164876699448,0.0,0.0
0.0,,40.95874786376953,0.020858164876699448,0.0,0.0
0.0,,40.95874786376953,0.023837901651859283,0.0,0.0
0.0,,40.95874786376953,0.020858164876699448,0.0,0.0
0.0,,40.95874786376953,0.020858164876699448,0.0,0.0
0.0,,40.95874786376953,0.020858164876699448,0.0,0.0
0.0,,40.95874786376953,0.020858164876699448,0.0,0.0
0.0,,40.95874786376953,0.017878426238894463,0.0,0.0
0.0,,40.95874786376953,0.023837901651859283,0.0,0.0
0.0,,40.95874786376953,0.017878426238894463,0.0,0.0
0.0,,40.95874786376953,0.020858164876699448,0.0,0.0
0.0,,40.95874786376953,0.020858164876699448,0.0,0.0
0.0,,40.95874786376953,0.020858164876699448,0.0,0.0
0.0,,40.95874786376953,0.020858164876699448,0.0,0.0
0.0,,40.95874786376953,0.020858164876699448,0.0,0.0
0.0,,40.95874786376953,0.020858164876699448,0.0,0.0
0.0,,40.95874786376953,0.020858164876699448,0.0,0.0
0.0,,40.95874786376953,0.020858164876699448,0.0,0.0
0.0,,40.95874786376953,0.020858164876699448,0.0,0.0
0.0,,40.95874786376953,0.020858164876699448,0.0,0.0
0.0,,40.95874786376953,0.020858164876699448,0.0,0.0
0.0,,40.95874786376953,0.023837901651859283,0.0,0.0
0.0,,40.95874786376953,0.017878426238894463,0.0,0.0
0.0,,40.95874786376953,0.020858164876699448,0.0,0.0
0.0,,40.95874786376953,0.020858164876699448,0.0,0.0
0.0,,40.95874786376953,0.020858164876699448,0.0,0.0
0.0,,40.95874786376953,0.020858164876699448,0.0,0.0
0.0,,40.95874786376953,0.020858164876699448,0.0,0.0
0.0,,40.95874786376953,0.020858164876699448,0.0,0.0
0.0,,40.95874786376953,0.020858164876699448,0.0,0.0
0.0,,40.95874786376953,0.023837901651859283,0.0,0.0
0.0,,40.95874786376953,0.017878426238894463,0.0,0.0
0.0,,40.95874786376953,0.020858164876699448,0.0,0.0
0.0,,40.95874786376953,0.020858164876699448,0.0,0.0
0.0,,40.95874786376953,0.020858164876699448,0.0,0.0
0.0,,40.95874786376953,0.020858164876699448,0.0,0.0
0.0,,40.95874786376953,0.020858164876699448,0.0,0.0
0.0,,40.95874786376953,0.020858164876699448,0.0,0.0
0.0,,40.95874786376953,0.017878426238894463,0.0,0.0
0.0,,40.95874786376953,0.017878426238894463,0.0,0.0
0.0,,40.95874786376953,0.020858164876699448,0.0,0.0
0.0,,40.95874786376953,0.017878426238894463,0.0,0.0
0.0,,40.95874786376953,0.017878426238894463,0.0,0.0
0.0,,40.95874786376953,0.023837901651859283,0.0,0.0
0.0,,40.95874786376953,0.020858164876699448,0.0,0.0
0.0,,40.95874786376953,0.020858164876699448,0.0,0.0
0.0,,40.95874786376953,0.020858164876699448,0.0,0.0
0.0,,40.95874786376953,0.023837901651859283,0.0,0.0
0.0,,40.95874786376953,0.020858164876699448,0.0,0.0
0.0,,40.95874786376953,0.017878426238894463,0.0,0.0
0.0,,40.95874786376953,0.017878426238894463,0.0,0.0
0.0,,40.95874786376953,0.017878426238894463,0.0,0.0
0.0,,40.95874786376953,0.020858164876699448,0.0,0.0
0.0,,40.95874786376953,0.020858164876699448,0.0,0.0
0.0,,40.95874786376953,0.020858164876699448,0.0,0.0
0.0,,40.95874786376953,0.023837901651859283,0.0,0.0
0.0,,40.95874786376953,0.020858164876699448,0.0,0.0
0.0,,40.95874786376953,0.020858164876699448,0.0,0.0
0.0,,40.95874786376953,0.017878426238894463,0.0,0.0
0.0,,40.95874786376953,0.020858164876699448,0.0,0.0
0.0,,40.95874786376953,0.017878426238894463,0.0,0.0
0.0,,40.95874786376953,0.020858164876699448,0.0,0.0
0.0,,40.95874786376953,0.020858164876699448,0.0,0.0
0.0,,40.95874786376953,0.020858164876699448,0.0,0.0
0.0,,40.95874786376953,0.017878426238894463,0.0,0.0
0.0,,40.95874786376953,0.020858164876699448,0.0,0.0
0.0,,40.95874786376953,0.023837901651859283,0.0,0.0
0.0,,40.95874786376953,0.020858164876699448,0.0,0.0
0.0,,40.95874786376953,0.020858164876699448,0.0,0.0
0.0,,40.95874786376953,0.020858164876699448,0.0,0.0
0.0,,40.95874786376953,0.017878426238894463,0.0,0.0
0.0,,40.95874786376953,0.020858164876699448,0.0,0.0
0.0,,40.95874786376953,0.020858164876699448,0.0,0.0
0.0,,40.95874786376953,0.017878426238894463,0.0,0.0
0.0,,40.95874786376953,0.020858164876699448,0.0,0.0
0.0,,40.95874786376953,0.023837901651859283,0.0,0.0
0.0,,40.95874786376953,0.017878426238894463,0.0,0.0
0.0,,40.95874786376953,0.020858164876699448,0.0,0.0
0.0,,40.95874786376953,0.020858164876699448,0.0,0.0
0.0,,40.95874786376953,0.023837901651859283,0.0,0.0
0.0,,40.95874786376953,0.020858164876699448,0.0,0.0
0.0,,40.95874786376953,0.020858164876699448,0.0,0.0
0.0,,40.95874786376953,0.020858164876699448,0.0,0.0
0.0,,40.95874786376953,0.017878426238894463,0.0,0.0
0.0,,40.95874786376953,0.020858164876699448,0.0,0.0
0.0,,40.95874786376953,0.020858164876699448,0.0,0.0
0.0,,40.95874786376953,0.020858164876699448,0.0,0.0
0.0,,40.95874786376953,0.020858164876699448,0.0,0.0
0.0,,40.95874786376953,0.023837901651859283,0.0,0.0
0.0,,40.95874786376953,0.023837901651859283,0.0,0.0
0.0,,40.95874786376953,0.020858164876699448,0.0,0.0
0.0,,40.95874786376953,0.023837901651859283,0.0,0.0
0.0,,40.95874786376953,0.020858164876699448,0.0,0.0
0.0,,40.95874786376953,0.020858164876699448,0.0,0.0
0.0,,40.95874786376953,0.020858164876699448,0.0,0.0
0.0,,40.95874786376953,0.023837901651859283,0.0,0.0
0.0,,40.95874786376953,0.017878426238894463,0.0,0.0
0.0,,40.95874786376953,0.020858164876699448,0.0,0.0
0.0,,40.95874786376953,0.020858164876699448,0.0,0.0
0.0,,40.95874786376953,0.017878426238894463,0.0,0.0
0.0,,40.95874786376953,0.017878426238894463,0.0,0.0
0.0,,40.95874786376953,0.020858164876699448,0.0,0.0
0.0,,40.95874786376953,0.020858164876699448,0.0,0.0
0.0,,40.95874786376953,0.017878426238894463,0.0,0.0
0.0,,40.95874786376953,0.020858164876699448,0.0,0.0
0.0,,40.95874786376953,0.017878426238894463,0.0,0.0
0.0,,40.95874786376953,0.017878426238894463,0.0,0.0
0.0,,40.95874786376953,0.020858164876699448,0.0,0.0
0.0,,40.95874786376953,0.020858164876699448,0.0,0.0
0.0,,40.95874786376953,0.020858164876699448,0.0,0.0
0.0,,40.95874786376953,0.020858164876699448,0.0,0.0
0.0,,40.95874786376953,0.020858164876699448,0.0,0.0
0.0,,40.95874786376953,0.017878426238894463,0.0,0.0
0.0,,40.95874786376953,0.020858164876699448,0.0,0.0
0.0,,40.95874786376953,0.020858164876699448,0.0,0.0
0.0,,40.95874786376953,0.020858164876699448,0.0,0.0
0.0,,40.95874786376953,0.020858164876699448,0.0,0.0
0.0,,40.95874786376953,0.020858164876699448,0.0,0.0
0.0,,40.95874786376953,0.020858164876699448,0.0,0.0
0.0,,40.95874786376953,0.020858164876699448,0.0,0.0
0.0,,40.95874786376953,0.020858164876699448,0.0,0.0
0.0,,40.95874786376953,0.020858164876699448,0.0,0.0
0.0,,40.95874786376953,0.023837901651859283,0.0,0.0
0.0,,40.95874786376953,0.020858164876699448,0.0,0.0
0.0,,40.95874786376953,0.020858164876699448,0.0,0.0
0.0,,40.95874786376953,0.023837901651859283,0.0,0.0
0.0,,40.95874786376953,0.020858164876699448,0.0,0.0
0.0,,40.95874786376953,0.020858164876699448,0.0,0.0
0.0,,40.95874786376953,0.020858164876699448,0.0,0.0
0.0,,40.95874786376953,0.020858164876699448,0.0,0.0
0.0,,40.95874786376953,0.017878426238894463,0.0,0.0
0.0,,40.95874786376953,0.017878426238894463,0.0,0.0
0.0,,40.95874786376953,0.017878426238894463,0.0,0.0
0.0,,40.95874786376953,0.020858164876699448,0.0,0.0
0.0,,40.95874786376953,0.017878426238894463,0.0,0.0
0.0,,40.95874786376953,0.020858164876699448,0.0,0.0
0.0,,40.95874786376953,0.023837901651859283,0.0,0.0
0.0,,40.95874786376953,0.017878426238894463,0.0,0.0
0.0,,40.95874786376953,0.020858164876699448,0.0,0.0
0.0,,40.95874786376953,0.023837901651859283,0.0,0.0
0.0,,40.95874786376953,0.023837901651859283,0.0,0.0
0.0,,40.95874786376953,0.020858164876699448,0.0,0.0
0.0,,40.95874786376953,0.023837901651859283,0.0,0.0
0.0,,40.95874786376953,0.020858164876699448,0.0,0.0
0.0,,40.95874786376953,0.017878426238894463,0.0,0.0
0.0,,40.95874786376953,0.020858164876699448,0.0,0.0
0.0,,40.95874786376953,0.020858164876699448,0.0,0.0
0.0,,40.95874786376953,0.023837901651859283,0.0,0.0
0.0,,40.95874786376953,0.020858164876699448,0.0,0.0
0.0,,40.95874786376953,0.020858164876699448,0.0,0.0
0.0,,40.95874786376953,0.020858164876699448,0.0,0.0
0.0,,40.95874786376953,0.020858164876699448,0.0,0.0
0.0,,40.95874786376953,0.020858164876699448,0.0,0.0
0.0,,40.95874786376953,0.017878426238894463,0.0,0.0
0.0,,40.95874786376953,0.020858164876699448,0.0,0.0
0.0,,40.95874786376953,0.020858164876699448,0.0,0.0
0.0,,40.95874786376953,0.020858164876699448,0.0,0.0
0.0,,40.95874786376953,0.020858164876699448,0.0,0.0
0.0,,40.95874786376953,0.023837901651859283,0.0,0.0
0.0,,40.95874786376953,0.020858164876699448,0.0,0.0
0.0,,40.95874786376953,0.020858164876699448,0.0,0.0
0.0,,40.95874786376953,0.020858164876699448,0.0,0.0
0.0,,40.95874786376953,0.020858164876699448,0.0,0.0
0.0,,40.95874786376953,0.020858164876699448,0.0,0.0
0.0,,40.95874786376953,0.020858164876699448,0.0,0.0
0.0,,40.95874786376953,0.020858164876699448,0.0,0.0
0.0,,40.95874786376953,0.017878426238894463,0.0,0.0
0.0,,40.95874786376953,0.020858164876699448,0.0,0.0
0.0,,40.95874786376953,0.017878426238894463,0.0,0.0
0.0,,40.95874786376953,0.023837901651859283,0.0,0.0
0.0,,40.95874786376953,0.020858164876699448,0.0,0.0
0.0,,40.95874786376953,0.020858164876699448,0.0,0.0
0.0,,40.95874786376953,0.020858164876699448,0.0,0.0
0.0,,40.95874786376953,0.020858164876699448,0.0,0.0
0.0,,40.95874786376953,0.017878426238894463,0.0,0.0
0.0,,40.95874786376953,0.017878426238894463,0.0,0.0
0.0,,40.95874786376953,0.020858164876699448,0.0,0.0
0.0,,40.95874786376953,0.017878426238894463,0.0,0.0
0.0,,40.95874786376953,0.020858164876699448,0.0,0.0
0.0,,40.95874786376953,0.020858164876699448,0.0,0.0
0.0,,40.95874786376953,0.023837901651859283,0.0,0.0
0.0,,40.95874786376953,0.020858164876699448,0.0,0.0
0.0,,40.95874786376953,0.020858164876699448,0.0,0.0
0.0,,40.95874786376953,0.020858164876699448,0.0,0.0
0.0,,40.95874786376953,0.017878426238894463,0.0,0.0
0.0,,40.95874786376953,0.017878426238894463,0.0,0.0
0.0,,40.95874786376953,0.020858164876699448,0.0,0.0
0.0,,40.95874786376953,0.020858164876699448,0.0,0.0
0.0,,40.95874786376953,0.023837901651859283,0.0,0.0
0.0,,40.95874786376953,0.023837901651859283,0.0,0.0
0.0,,40.95874786376953,0.023837901651859283,0.0,0.0
0.0,,40.95874786376953,0.02681763842701912,0.0,0.0
0.0,,40.95874786376953,0.020858164876699448,0.0,0.0
0.0,,40.95874786376953,0.020858164876699448,0.0,0.0
0.0,,40.95874786376953,0.017878426238894463,0.0,0.0
0.0,,40.95874786376953,0.017878426238894463,0.0,0.0
0.0,,40.95874786376953,0.020858164876699448,0.0,0.0
0.0,,40.95874786376953,0.023837901651859283,0.0,0.0
0.0,,40.95874786376953,0.023837901651859283,0.0,0.0
0.0,,40.95874786376953,0.023837901651859283,0.0,0.0
0.0,,40.95874786376953,0.017878426238894463,0.0,0.0
0.0,,40.95874786376953,0.017878426238894463,0.0,0.0
0.0,,40.95874786376953,0.020858164876699448,0.0,0.0
0.0,,40.95874786376953,0.020858164876699448,0.0,0.0
0.0,,40.95874786376953,0.017878426238894463,0.0,0.0
0.0,,40.95874786376953,0.020858164876699448,0.0,0.0
0.0,,40.95874786376953,0.017878426238894463,0.0,0.0
0.0,,40.95874786376953,0.017878426238894463,0.0,0.0
0.0,,40.95874786376953,0.020858164876699448,0.0,0.0
0.0,,40.95874786376953,0.020858164876699448,0.0,0.0
0.0,,40.95874786376953,0.023837901651859283,0.0,0.0
0.0,,40.95874786376953,0.020858164876699448,0.0,0.0
0.0,,40.95874786376953,0.023837901651859283,0.0,0.0
0.0,,40.95874786376953,0.020858164876699448,0.0,0.0
0.0,,40.95874786376953,0.020858164876699448,0.0,0.0
0.0,,40.95874786376953,0.023837901651859283,0.0,0.0
0.0,,40.95874786376953,0.020858164876699448,0.0,0.0
0.0,,40.95874786376953,0.020858164876699448,0.0,0.0
0.0,,40.95874786376953,0.020858164876699448,0.0,0.0
0.0,,40.95874786376953,0.020858164876699448,0.0,0.0
0.0,,40.95874786376953,0.020858164876699448,0.0,0.0
0.0,,40.95874786376953,0.020858164876699448,0.0,0.0
0.0,,40.95874786376953,0.020858164876699448,0.0,0.0
0.0,,40.95874786376953,0.017878426238894463,0.0,0.0
0.0,,40.95874786376953,0.020858164876699448,0.0,0.0
0.0,,40.95874786376953,0.020858164876699448,0.0,0.0
0.0,,40.95874786376953,0.023837901651859283,0.0,0.0
0.0,,40.95874786376953,0.017878426238894463,0.0,0.0
0.0,,40.95874786376953,0.020858164876699448,0.0,0.0
0.0,,40.95874786376953,0.020858164876699448,0.0,0.0
0.0,,40.95874786376953,0.017878426238894463,0.0,0.0
0.0,,40.95874786376953,0.023837901651859283,0.0,0.0
0.0,,40.95874786376953,0.023837901651859283,0.0,0.0
0.0,,40.95874786376953,0.023837901651859283,0.0,0.0
0.0,,40.95874786376953,0.020858164876699448,0.0,0.0
0.0,,40.95874786376953,0.020858164876699448,0.0,0.0
0.0,,40.95874786376953,0.020858164876699448,0.0,0.0
0.0,,40.95874786376953,0.020858164876699448,0.0,0.0
0.0,,40.95874786376953,0.020858164876699448,0.0,0.0
0.0,,40.95874786376953,0.020858164876699448,0.0,0.0
0.0,,40.95874786376953,0.020858164876699448,0.0,0.0
0.0,,40.95874786376953,0.017878426238894463,0.0,0.0
0.0,,40.95874786376953,0.020858164876699448,0.0,0.0
0.0,,40.95874786376953,0.020858164876699448,0.0,0.0
0.0,,40.95874786376953,0.020858164876699448,0.0,0.0
0.0,,40.95874786376953,0.020858164876699448,0.0,0.0
0.0,,40.95874786376953,0.020858164876699448,0.0,0.0
0.0,,40.95874786376953,0.020858164876699448,0.0,0.0
0.0,,40.95874786376953,0.017878426238894463,0.0,0.0
0.0,,40.95874786376953,0.020858164876699448,0.0,0.0
0.0,,40.95874786376953,0.017878426238894463,0.0,0.0
0.0,,40.95874786376953,0.020858164876699448,0.0,0.0
0.0,,40.95874786376953,0.020858164876699448,0.0,0.0
0.0,,40.95874786376953,0.020858164876699448,0.0,0.0
0.0,,40.95874786376953,0.020858164876699448,0.0,0.0
0.0,,40.95874786376953,0.020858164876699448,0.0,0.0
0.0,,40.95874786376953,0.020858164876699448,0.0,0.0
0.0,,40.95874786376953,0.023837901651859283,0.0,0.0
0.0,,40.95874786376953,0.020858164876699448,0.0,0.0
0.0,,40.95874786376953,0.020858164876699448,0.0,0.0
0.0,,40.95874786376953,0.020858164876699448,0.0,0.0
0.0,,40.95874786376953,0.020858164876699448,0.0,0.0
0.0,,40.95874786376953,0.017878426238894463,0.0,0.0
0.0,,40.95874786376953,0.020858164876699448,0.0,0.0
0.0,,40.95874786376953,0.020858164876699448,0.0,0.0
0.0,,40.95874786376953,0.023837901651859283,0.0,0.0
0.0,,40.95874786376953,0.020858164876699448,0.0,0.0
0.0,,40.95874786376953,0.020858164876699448,0.0,0.0
0.0,,40.95874786376953,0.020858164876699448,0.0,0.0
0.0,,40.95874786376953,0.023837901651859283,0.0,0.0
0.0,,40.95874786376953,0.020858164876699448,0.0,0.0
0.0,,40.95874786376953,0.020858164876699448,0.0,0.0
0.0,,40.95874786376953,0.020858164876699448,0.0,0.0
0.0,,40.95874786376953,0.023837901651859283,0.0,0.0
0.0,,40.95874786376953,0.020858164876699448,0.0,0.0
0.0,,40.95874786376953,0.020858164876699448,0.0,0.0
0.0,,40.95874786376953,0.023837901651859283,0.0,0.0
0.0,,40.95874786376953,0.020858164876699448,0.0,0.0
0.0,,40.95874786376953,0.023837901651859283,0.0,0.0
0.0,,40.95874786376953,0.017878426238894463,0.0,0.0
0.0,,40.95874786376953,0.020858164876699448,0.0,0.0
0.0,,40.95874786376953,0.020858164876699448,0.0,0.0
0.0,,40.95874786376953,0.017878426238894463,0.0,0.0
0.0,,40.95874786376953,0.020858164876699448,0.0,0.0
0.0,,40.95874786376953,0.020858164876699448,0.0,0.0
0.0,,40.95874786376953,0.020858164876699448,0.0,0.0
0.0,,40.95874786376953,0.020858164876699448,0.0,0.0
0.0,,40.95874786376953,0.020858164876699448,0.0,0.0
0.0,,40.95874786376953,0.023837901651859283,0.0,0.0
0.0,,40.95874786376953,0.020858164876699448,0.0,0.0
0.0,,40.95874786376953,0.023837901651859283,0.0,0.0
0.0,,40.95874786376953,0.017878426238894463,0.0,0.0
0.0,,40.95874786376953,0.017878426238894463,0.0,0.0
0.0,,40.95874786376953,0.020858164876699448,0.0,0.0
0.0,,40.95874786376953,0.020858164876699448,0.0,0.0
0.0,,40.95874786376953,0.020858164876699448,0.0,0.0
0.0,,40.95874786376953,0.020858164876699448,0.0,0.0
0.0,,40.95874786376953,0.017878426238894463,0.0,0.0
0.0,,40.95874786376953,0.020858164876699448,0.0,0.0
0.0,,40.95874786376953,0.020858164876699448,0.0,0.0
0.0,,40.95874786376953,0.017878426238894463,0.0,0.0
0.0,,40.95874786376953,0.023837901651859283,0.0,0.0
0.0,,40.95874786376953,0.020858164876699448,0.0,0.0
0.0,,40.95874786376953,0.020858164876699448,0.0,0.0
0.0,,40.95874786376953,0.020858164876699448,0.0,0.0
0.0,,40.95874786376953,0.020858164876699448,0.0,0.0
0.0,,40.95874786376953,0.020858164876699448,0.0,0.0
0.0,,40.95874786376953,0.020858164876699448,0.0,0.0
0.0,,40.95874786376953,0.020858164876699448,0.0,0.0
0.0,,40.95874786376953,0.020858164876699448,0.0,0.0
0.0,,40.95874786376953,0.017878426238894463,0.0,0.0
0.0,,40.95874786376953,0.023837901651859283,0.0,0.0
0.0,,40.95874786376953,0.020858164876699448,0.0,0.0
0.0,,40.95874786376953,0.017878426238894463,0.0,0.0
0.0,,40.95874786376953,0.017878426238894463,0.0,0.0
0.0,,40.95874786376953,0.020858164876699448,0.0,0.0
0.0,,40.95874786376953,0.020858164876699448,0.0,0.0
0.0,,40.95874786376953,0.017878426238894463,0.0,0.0
0.0,,40.95874786376953,0.020858164876699448,0.0,0.0
0.0,,40.95874786376953,0.017878426238894463,0.0,0.0
0.0,,40.95874786376953,0.020858164876699448,0.0,0.0
0.0,,40.95874786376953,0.020858164876699448,0.0,0.0
0.0,,40.95874786376953,0.020858164876699448,0.0,0.0
0.0,,40.95874786376953,0.020858164876699448,0.0,0.0
0.0,,40.95874786376953,0.020858164876699448,0.0,0.0
0.0,,40.95874786376953,0.017878426238894463,0.0,0.0
0.0,,40.95874786376953,0.020858164876699448,0.0,0.0
0.0,,40.95874786376953,0.017878426238894463,0.0,0.0
0.0,,40.95874786376953,0.023837901651859283,0.0,0.0
0.0,,40.95874786376953,0.020858164876699448,0.0,0.0
0.0,,40.95874786376953,0.017878426238894463,0.0,0.0
0.0,,40.95874786376953,0.020858164876699448,0.0,0.0
0.0,,40.95874786376953,0.023837901651859283,0.0,0.0
0.0,,40.95874786376953,0.020858164876699448,0.0,0.0
0.0,,40.95874786376953,0.023837901651859283,0.0,0.0
0.0,,40.95874786376953,0.020858164876699448,0.0,0.0
0.0,,40.95874786376953,0.023837901651859283,0.0,0.0
0.0,,40.95874786376953,0.020858164876699448,0.0,0.0
0.0,,40.95874786376953,0.020858164876699448,0.0,0.0
0.0,,40.95874786376953,0.023837901651859283,0.0,0.0
0.0,,40.95874786376953,0.020858164876699448,0.0,0.0
0.0,,40.95874786376953,0.020858164876699448,0.0,0.0
0.0,,40.95874786376953,0.020858164876699448,0.0,0.0
0.0,,40.95874786376953,0.020858164876699448,0.0,0.0
0.0,,40.95874786376953,0.020858164876699448,0.0,0.0
0.0,,40.95874786376953,0.017878426238894463,0.0,0.0
0.0,,40.95874786376953,0.017878426238894463,0.0,0.0
0.0,,40.95874786376953,0.023837901651859283,0.0,0.0
0.0,,40.95874786376953,0.017878426238894463,0.0,0.0
0.0,,40.95874786376953,0.020858164876699448,0.0,0.0
0.0,,40.95874786376953,0.020858164876699448,0.0,0.0
0.0,,40.95874786376953,0.020858164876699448,0.0,0.0
0.0,,40.95874786376953,0.017878426238894463,0.0,0.0
0.0,,40.95874786376953,0.023837901651859283,0.0,0.0
0.0,,40.95874786376953,0.020858164876699448,0.0,0.0
0.0,,40.95874786376953,0.020858164876699448,0.0,0.0
0.0,,40.95874786376953,0.023837901651859283,0.0,0.0
0.0,,40.95874786376953,0.023837901651859283,0.0,0.0
0.0,,40.95874786376953,0.020858164876699448,0.0,0.0
0.0,,40.95874786376953,0.020858164876699448,0.0,0.0
0.0,,40.95874786376953,0.020858164876699448,0.0,0.0
0.0,,40.95874786376953,0.023837901651859283,0.0,0.0
0.0,,40.95874786376953,0.020858164876699448,0.0,0.0
0.0,,40.95874786376953,0.020858164876699448,0.0,0.0
0.0,,40.95874786376953,0.023837901651859283,0.0,0.0
0.0,,40.95874786376953,0.017878426238894463,0.0,0.0
0.0,,40.95874786376953,0.017878426238894463,0.0,0.0
0.0,,40.95874786376953,0.020858164876699448,0.0,0.0
0.0,,40.95874786376953,0.020858164876699448,0.0,0.0
0.0,,40.95874786376953,0.017878426238894463,0.0,0.0
0.0,,40.95874786376953,0.020858164876699448,0.0,0.0
0.0,,40.95874786376953,0.020858164876699448,0.0,0.0
0.0,,40.95874786376953,0.017878426238894463,0.0,0.0
0.0,,40.95874786376953,0.020858164876699448,0.0,0.0
0.0,,40.95874786376953,0.020858164876699448,0.0,0.0
0.0,,40.95874786376953,0.020858164876699448,0.0,0.0
0.0,,40.95874786376953,0.020858164876699448,0.0,0.0
0.0,,40.95874786376953,0.023837901651859283,0.0,0.0
0.0,,40.95874786376953,0.023837901651859283,0.0,0.0
0.0,,40.95874786376953,0.020858164876699448,0.0,0.0
0.0,,40.95874786376953,0.020858164876699448,0.0,0.0
0.0,,40.95874786376953,0.020858164876699448,0.0,0.0
0.0,,40.95874786376953,0.023837901651859283,0.0,0.0
0.0,,40.95874786376953,0.017878426238894463,0.0,0.0
0.0,,40.95874786376953,0.020858164876699448,0.0,0.0
0.0,,40.95874786376953,0.017878426238894463,0.0,0.0
0.0,,40.95874786376953,0.020858164876699448,0.0,0.0
0.0,,40.95874786376953,0.020858164876699448,0.0,0.0
0.0,,40.95874786376953,0.020858164876699448,0.0,0.0
0.0,,40.95874786376953,0.017878426238894463,0.0,0.0
0.0,,40.95874786376953,0.020858164876699448,0.0,0.0
0.0,,40.95874786376953,0.023837901651859283,0.0,0.0
0.0,,40.95874786376953,0.020858164876699448,0.0,0.0
0.0,,40.95874786376953,0.017878426238894463,0.0,0.0
0.0,,40.95874786376953,0.020858164876699448,0.0,0.0
0.0,,40.95874786376953,0.017878426238894463,0.0,0.0
0.0,,40.95874786376953,0.017878426238894463,0.0,0.0
0.0,,40.95874786376953,0.020858164876699448,0.0,0.0
0.0,,40.95874786376953,0.020858164876699448,0.0,0.0
0.0,,40.95874786376953,0.020858164876699448,0.0,0.0
0.0,,40.95874786376953,0.020858164876699448,0.0,0.0
0.0,,40.95874786376953,0.017878426238894463,0.0,0.0
0.0,,40.95874786376953,0.017878426238894463,0.0,0.0
0.0,,40.95874786376953,0.020858164876699448,0.0,0.0
0.0,,40.95874786376953,0.020858164876699448,0.0,0.0
0.0,,40.95874786376953,0.020858164876699448,0.0,0.0
0.0,,40.95874786376953,0.020858164876699448,0.0,0.0
0.0,,40.95874786376953,0.017878426238894463,0.0,0.0
0.0,,40.95874786376953,0.017878426238894463,0.0,0.0
0.0,,40.95874786376953,0.020858164876699448,0.0,0.0
0.0,,40.95874786376953,0.020858164876699448,0.0,0.0
0.0,,40.95874786376953,0.023837901651859283,0.0,0.0
0.0,,40.95874786376953,0.020858164876699448,0.0,0.0
0.0,,40.95874786376953,0.017878426238894463,0.0,0.0
0.0,,40.95874786376953,0.023837901651859283,0.0,0.0
0.0,,40.95874786376953,0.020858164876699448,0.0,0.0
0.0,,40.95874786376953,0.023837901651859283,0.0,0.0
0.0,,40.95874786376953,0.020858164876699448,0.0,0.0
0.0,,40.95874786376953,0.017878426238894463,0.0,0.0
0.0,,40.95874786376953,0.020858164876699448,0.0,0.0
0.0,,40.95874786376953,0.017878426238894463,0.0,0.0
0.0,,40.95874786376953,0.023837901651859283,0.0,0.0
0.0,,40.95874786376953,0.023837901651859283,0.0,0.0
0.0,,40.95874786376953,0.020858164876699448,0.0,0.0
0.0,,40.95874786376953,0.023837901651859283,0.0,0.0
0.0,,40.95874786376953,0.020858164876699448,0.0,0.0
0.0,,40.95874786376953,0.020858164876699448,0.0,0.0
0.0,,40.95874786376953,0.020858164876699448,0.0,0.0
0.0,,40.95874786376953,0.017878426238894463,0.0,0.0
0.0,,40.95874786376953,0.017878426238894463,0.0,0.0
0.0,,40.95874786376953,0.020858164876699448,0.0,0.0
0.0,,40.95874786376953,0.014898688532412052,0.0,0.0
0.0,,40.95874786376953,0.023837901651859283,0.0,0.0
0.0,,40.95874786376953,0.020858164876699448,0.0,0.0
0.0,,40.95874786376953,0.020858164876699448,0.0,0.0
0.0,,40.95874786376953,0.017878426238894463,0.0,0.0
0.0,,40.95874786376953,0.017878426238894463,0.0,0.0
0.0,,40.95874786376953,0.017878426238894463,0.0,0.0
0.0,,40.95874786376953,0.020858164876699448,0.0,0.0
0.0,,40.95874786376953,0.017878426238894463,0.0,0.0
0.0,,40.95874786376953,0.023837901651859283,0.0,0.0
0.0,,40.95874786376953,0.020858164876699448,0.0,0.0
0.0,,40.95874786376953,0.020858164876699448,0.0,0.0
0.0,,40.95874786376953,0.020858164876699448,0.0,0.0
0.0,,40.95874786376953,0.020858164876699448,0.0,0.0
0.0,,40.95874786376953,0.020858164876699448,0.0,0.0
0.0,,40.95874786376953,0.020858164876699448,0.0,0.0
0.0,,40.95874786376953,0.020858164876699448,0.0,0.0
0.0,,40.95874786376953,0.020858164876699448,0.0,0.0
0.0,,40.95874786376953,0.020858164876699448,0.0,0.0
0.0,,40.95874786376953,0.020858164876699448,0.0,0.0
0.0,,40.95874786376953,0.020858164876699448,0.0,0.0
0.0,,40.95874786376953,0.020858164876699448,0.0,0.0
0.0,,40.95874786376953,0.023837901651859283,0.0,0.0
0.0,,40.95874786376953,0.020858164876699448,0.0,0.0
0.0,,40.95874786376953,0.020858164876699448,0.0,0.0
0.0,,40.95874786376953,0.020858164876699448,0.0,0.0
0.0,,40.95874786376953,0.020858164876699448,0.0,0.0
0.0,,40.95874786376953,0.017878426238894463,0.0,0.0
0.0,,40.95874786376953,0.020858164876699448,0.0,0.0
0.0,,40.95874786376953,0.023837901651859283,0.0,0.0
0.0,,40.95874786376953,0.023837901651859283,0.0,0.0
0.0,,40.95874786376953,0.020858164876699448,0.0,0.0
0.0,,40.95874786376953,0.020858164876699448,0.0,0.0
0.0,,40.95874786376953,0.020858164876699448,0.0,0.0
0.0,,40.95874786376953,0.020858164876699448,0.0,0.0
0.0,,40.95874786376953,0.014898688532412052,0.0,0.0
0.0,,40.95874786376953,0.020858164876699448,0.0,0.0
0.0,,40.95874786376953,0.020858164876699448,0.0,0.0
0.0,,40.95874786376953,0.020858164876699448,0.0,0.0
0.0,,40.95874786376953,0.017878426238894463,0.0,0.0
0.0,,40.95874786376953,0.017878426238894463,0.0,0.0
0.0,,40.95874786376953,0.020858164876699448,0.0,0.0
0.0,,40.95874786376953,0.017878426238894463,0.0,0.0
0.0,,40.95874786376953,0.020858164876699448,0.0,0.0
0.0,,40.95874786376953,0.023837901651859283,0.0,0.0
0.0,,40.95874786376953,0.023837901651859283,0.0,0.0
0.0,,40.95874786376953,0.020858164876699448,0.0,0.0
0.0,,40.95874786376953,0.017878426238894463,0.0,0.0
0.0,,40.95874786376953,0.023837901651859283,0.0,0.0
0.0,,40.95874786376953,0.020858164876699448,0.0,0.0
0.0,,40.95874786376953,0.017878426238894463,0.0,0.0
0.0,,40.95874786376953,0.023837901651859283,0.0,0.0
0.0,,40.95874786376953,0.020858164876699448,0.0,0.0
0.0,,40.95874786376953,0.020858164876699448,0.0,0.0
0.0,,40.95874786376953,0.023837901651859283,0.0,0.0
0.0,,40.95874786376953,0.020858164876699448,0.0,0.0
0.0,,40.95874786376953,0.020858164876699448,0.0,0.0
0.0,,40.95874786376953,0.020858164876699448,0.0,0.0
0.0,,40.95874786376953,0.023837901651859283,0.0,0.0
0.0,,40.95874786376953,0.017878426238894463,0.0,0.0
0.0,,40.95874786376953,0.020858164876699448,0.0,0.0
0.0,,40.95874786376953,0.017878426238894463,0.0,0.0
0.0,,40.95874786376953,0.023837901651859283,0.0,0.0
0.0,,40.95874786376953,0.020858164876699448,0.0,0.0
0.0,,40.95874786376953,0.020858164876699448,0.0,0.0
0.0,,40.95874786376953,0.020858164876699448,0.0,0.0
0.0,,40.95874786376953,0.020858164876699448,0.0,0.0
0.0,,40.95874786376953,0.020858164876699448,0.0,0.0
0.0,,40.95874786376953,0.023837901651859283,0.0,0.0
0.0,,40.95874786376953,0.023837901651859283,0.0,0.0
0.0,,40.95874786376953,0.020858164876699448,0.0,0.0
0.0,,40.95874786376953,0.023837901651859283,0.0,0.0
0.0,,40.95874786376953,0.020858164876699448,0.0,0.0
0.0,,40.95874786376953,0.020858164876699448,0.0,0.0
0.0,,40.95874786376953,0.020858164876699448,0.0,0.0
0.0,,40.95874786376953,0.017878426238894463,0.0,0.0
0.0,,40.95874786376953,0.020858164876699448,0.0,0.0
0.0,,40.95874786376953,0.020858164876699448,0.0,0.0
0.0,,40.95874786376953,0.020858164876699448,0.0,0.0
0.0,,40.95874786376953,0.020858164876699448,0.0,0.0
0.0,,40.95874786376953,0.017878426238894463,0.0,0.0
0.0,,40.95874786376953,0.017878426238894463,0.0,0.0
0.0,,40.95874786376953,0.017878426238894463,0.0,0.0
0.0,,40.95874786376953,0.023837901651859283,0.0,0.0
0.0,,40.95874786376953,0.020858164876699448,0.0,0.0
0.0,,40.95874786376953,0.020858164876699448,0.0,0.0
0.0,,40.95874786376953,0.020858164876699448,0.0,0.0
0.0,,40.95874786376953,0.017878426238894463,0.0,0.0
0.0,,40.95874786376953,0.020858164876699448,0.0,0.0
0.0,,40.95874786376953,0.017878426238894463,0.0,0.0
0.0,,40.95874786376953,0.017878426238894463,0.0,0.0
0.0,,40.95874786376953,0.020858164876699448,0.0,0.0
0.0,,40.95874786376953,0.020858164876699448,0.0,0.0
0.0,,40.95874786376953,0.020858164876699448,0.0,0.0
0.0,,40.95874786376953,0.020858164876699448,0.0,0.0
0.0,,40.95874786376953,0.020858164876699448,0.0,0.0
0.0,,40.95874786376953,0.017878426238894463,0.0,0.0
0.0,,40.95874786376953,0.020858164876699448,0.0,0.0
0.0,,40.95874786376953,0.020858164876699448,0.0,0.0
0.0,,40.95874786376953,0.020858164876699448,0.0,0.0
0.0,,40.95874786376953,0.020858164876699448,0.0,0.0
0.0,,40.95874786376953,0.020858164876699448,0.0,0.0
0.0,,40.95874786376953,0.020858164876699448,0.0,0.0
0.0,,40.95874786376953,0.017878426238894463,0.0,0.0
0.0,,40.95874786376953,0.020858164876699448,0.0,0.0
0.0,,40.95874786376953,0.020858164876699448,0.0,0.0
0.0,,40.95874786376953,0.017878426238894463,0.0,0.0
0.0,,40.95874786376953,0.020858164876699448,0.0,0.0
0.0,,40.95874786376953,0.020858164876699448,0.0,0.0
0.0,,40.95874786376953,0.020858164876699448,0.0,0.0
0.0,,40.95874786376953,0.017878426238894463,0.0,0.0
0.0,,40.95874786376953,0.020858164876699448,0.0,0.0
0.0,,40.95874786376953,0.020858164876699448,0.0,0.0
0.0,,40.95874786376953,0.020858164876699448,0.0,0.0
0.0,,40.95874786376953,0.020858164876699448,0.0,0.0
0.0,,40.95874786376953,0.020858164876699448,0.0,0.0
0.0,,40.95874786376953,0.023837901651859283,0.0,0.0
0.0,,40.95874786376953,0.023837901651859283,0.0,0.0
0.0,,40.95874786376953,0.020858164876699448,0.0,0.0
0.0,,40.95874786376953,0.023837901651859283,0.0,0.0
0.0,,40.95874786376953,0.020858164876699448,0.0,0.0
0.0,,40.95874786376953,0.020858164876699448,0.0,0.0
0.0,,40.95874786376953,0.017878426238894463,0.0,0.0
0.0,,40.95874786376953,0.020858164876699448,0.0,0.0
0.0,,40.95874786376953,0.020858164876699448,0.0,0.0
0.0,,40.95874786376953,0.020858164876699448,0.0,0.0
0.0,,40.95874786376953,0.020858164876699448,0.0,0.0
0.0,,40.95874786376953,0.020858164876699448,0.0,0.0
0.0,,40.95874786376953,0.020858164876699448,0.0,0.0
0.0,,40.95874786376953,0.020858164876699448,0.0,0.0
0.0,,40.95874786376953,0.020858164876699448,0.0,0.0
0.0,,40.95874786376953,0.023837901651859283,0.0,0.0
0.0,,40.95874786376953,0.020858164876699448,0.0,0.0
0.0,,40.95874786376953,0.020858164876699448,0.0,0.0
0.0,,40.95874786376953,0.017878426238894463,0.0,0.0
0.0,,40.95874786376953,0.020858164876699448,0.0,0.0
0.0,,40.95874786376953,0.020858164876699448,0.0,0.0
0.0,,40.95874786376953,0.020858164876699448,0.0,0.0
0.0,,40.95874786376953,0.023837901651859283,0.0,0.0
0.0,,40.95874786376953,0.020858164876699448,0.0,0.0
0.0,,40.95874786376953,0.020858164876699448,0.0,0.0
0.0,,40.95874786376953,0.020858164876699448,0.0,0.0
0.0,,40.95874786376953,0.020858164876699448,0.0,0.0
0.0,,40.95874786376953,0.020858164876699448,0.0,0.0
0.0,,40.95874786376953,0.020858164876699448,0.0,0.0
0.0,,40.95874786376953,0.020858164876699448,0.0,0.0
0.0,,40.95874786376953,0.020858164876699448,0.0,0.0
0.0,,40.95874786376953,0.020858164876699448,0.0,0.0
0.0,,40.95874786376953,0.020858164876699448,0.0,0.0
0.0,,40.95874786376953,0.020858164876699448,0.0,0.0
0.0,,40.95874786376953,0.023837901651859283,0.0,0.0
0.0,,40.95874786376953,0.020858164876699448,0.0,0.0
0.0,,40.95874786376953,0.020858164876699448,0.0,0.0
0.0,,40.95874786376953,0.020858164876699448,0.0,0.0
0.0,,40.95874786376953,0.017878426238894463,0.0,0.0
0.0,,40.95874786376953,0.020858164876699448,0.0,0.0
0.0,,40.95874786376953,0.020858164876699448,0.0,0.0
0.0,,40.95874786376953,0.020858164876699448,0.0,0.0
0.0,,40.95874786376953,0.02681763842701912,0.0,0.0
0.0,,40.95874786376953,0.023837901651859283,0.0,0.0
0.0,,40.95874786376953,0.020858164876699448,0.0,0.0
0.0,,40.95874786376953,0.017878426238894463,0.0,0.0
0.0,,40.95874786376953,0.020858164876699448,0.0,0.0
0.0,,40.95874786376953,0.017878426238894463,0.0,0.0
0.0,,40.95874786376953,0.020858164876699448,0.0,0.0
0.0,,40.95874786376953,0.023837901651859283,0.0,0.0
0.0,,40.95874786376953,0.023837901651859283,0.0,0.0
0.0,,40.95874786376953,0.020858164876699448,0.0,0.0
0.0,,40.95874786376953,0.017878426238894463,0.0,0.0
0.0,,40.95874786376953,0.020858164876699448,0.0,0.0
0.0,,40.95874786376953,0.023837901651859283,0.0,0.0
0.0,,40.95874786376953,0.020858164876699448,0.0,0.0
0.0,,40.95874786376953,0.020858164876699448,0.0,0.0
0.0,,40.95874786376953,0.020858164876699448,0.0,0.0
0.0,,40.95874786376953,0.023837901651859283,0.0,0.0
0.0,,40.95874786376953,0.020858164876699448,0.0,0.0
0.0,,40.95874786376953,0.023837901651859283,0.0,0.0
0.0,,40.95874786376953,0.020858164876699448,0.0,0.0
0.0,,40.95874786376953,0.020858164876699448,0.0,0.0
0.0,,40.95874786376953,0.017878426238894463,0.0,0.0
0.0,,40.95874786376953,0.017878426238894463,0.0,0.0
0.0,,40.95874786376953,0.020858164876699448,0.0,0.0
0.0,,40.95874786376953,0.020858164876699448,0.0,0.0
0.0,,40.95874786376953,0.020858164876699448,0.0,0.0
0.0,,40.95874786376953,0.023837901651859283,0.0,0.0
0.0,,40.95874786376953,0.017878426238894463,0.0,0.0
0.0,,40.95874786376953,0.017878426238894463,0.0,0.0
0.0,,40.95874786376953,0.020858164876699448,0.0,0.0
0.0,,40.95874786376953,0.020858164876699448,0.0,0.0
0.0,,40.95874786376953,0.020858164876699448,0.0,0.0
0.0,,40.95874786376953,0.017878426238894463,0.0,0.0
0.0,,40.95874786376953,0.020858164876699448,0.0,0.0
0.0,,40.95874786376953,0.023837901651859283,0.0,0.0
0.0,,40.95874786376953,0.020858164876699448,0.0,0.0
0.0,,40.95874786376953,0.023837901651859283,0.0,0.0
0.0,,40.95874786376953,0.017878426238894463,0.0,0.0
0.0,,40.95874786376953,0.020858164876699448,0.0,0.0
0.0,,40.95874786376953,0.020858164876699448,0.0,0.0
0.0,,40.95874786376953,0.017878426238894463,0.0,0.0
0.0,,40.95874786376953,0.020858164876699448,0.0,0.0
0.0,,40.95874786376953,0.017878426238894463,0.0,0.0
0.0,,40.95874786376953,0.023837901651859283,0.0,0.0
0.0,,40.95874786376953,0.020858164876699448,0.0,0.0
0.0,,40.95874786376953,0.017878426238894463,0.0,0.0
0.0,,40.95874786376953,0.020858164876699448,0.0,0.0
0.0,,40.95874786376953,0.020858164876699448,0.0,0.0
0.0,,40.95874786376953,0.020858164876699448,0.0,0.0
0.0,,40.95874786376953,0.020858164876699448,0.0,0.0
0.0,,40.95874786376953,0.023837901651859283,0.0,0.0
0.0,,40.95874786376953,0.020858164876699448,0.0,0.0
0.0,,40.95874786376953,0.020858164876699448,0.0,0.0
0.0,,40.95874786376953,0.014898688532412052,0.0,0.0
0.0,,40.95874786376953,0.020858164876699448,0.0,0.0
0.0,,40.95874786376953,0.023837901651859283,0.0,0.0
0.0,,40.95874786376953,0.020858164876699448,0.0,0.0
0.0,,40.95874786376953,0.020858164876699448,0.0,0.0
0.0,,40.95874786376953,0.020858164876699448,0.0,0.0
0.0,,40.95874786376953,0.020858164876699448,0.0,0.0
0.0,,40.95874786376953,0.020858164876699448,0.0,0.0
0.0,,40.95874786376953,0.020858164876699448,0.0,0.0
0.0,,40.95874786376953,0.023837901651859283,0.0,0.0
0.0,,40.95874786376953,0.020858164876699448,0.0,0.0
0.0,,40.95874786376953,0.023837901651859283,0.0,0.0
0.0,,40.95874786376953,0.020858164876699448,0.0,0.0
0.0,,40.95874786376953,0.017878426238894463,0.0,0.0
0.0,,40.95874786376953,0.020858164876699448,0.0,0.0
0.0,,40.95874786376953,0.017878426238894463,0.0,0.0
0.0,,40.95874786376953,0.017878426238894463,0.0,0.0
0.0,,40.95874786376953,0.023837901651859283,0.0,0.0
0.0,,40.95874786376953,0.023837901651859283,0.0,0.0
0.0,,40.95874786376953,0.020858164876699448,0.0,0.0
0.0,,40.95874786376953,0.023837901651859283,0.0,0.0
0.0,,40.95874786376953,0.020858164876699448,0.0,0.0
0.0,,40.95874786376953,0.020858164876699448,0.0,0.0
0.0,,40.95874786376953,0.017878426238894463,0.0,0.0
0.0,,40.95874786376953,0.020858164876699448,0.0,0.0
0.0,,40.95874786376953,0.017878426238894463,0.0,0.0
0.0,,40.95874786376953,0.023837901651859283,0.0,0.0
0.0,,40.95874786376953,0.020858164876699448,0.0,0.0
0.0,,40.95874786376953,0.020858164876699448,0.0,0.0
0.0,,40.95874786376953,0.023837901651859283,0.0,0.0
0.0,,40.95874786376953,0.020858164876699448,0.0,0.0
0.0,,40.95874786376953,0.020858164876699448,0.0,0.0
0.0,,40.95874786376953,0.020858164876699448,0.0,0.0
0.0,,40.95874786376953,0.017878426238894463,0.0,0.0
0.0,,40.95874786376953,0.020858164876699448,0.0,0.0
0.0,,40.95874786376953,0.023837901651859283,0.0,0.0
0.0,,40.95874786376953,0.020858164876699448,0.0,0.0
0.0,,40.95874786376953,0.017878426238894463,0.0,0.0
0.0,,40.95874786376953,0.020858164876699448,0.0,0.0
0.0,,40.95874786376953,0.020858164876699448,0.0,0.0
0.0,,40.95874786376953,0.020858164876699448,0.0,0.0
0.0,,40.95874786376953,0.020858164876699448,0.0,0.0
0.0,,40.95874786376953,0.023837901651859283,0.0,0.0
0.0,,40.95874786376953,0.020858164876699448,0.0,0.0
0.0,,40.95874786376953,0.023837901651859283,0.0,0.0
0.0,,40.95874786376953,0.017878426238894463,0.0,0.0
0.0,,40.95874786376953,0.020858164876699448,0.0,0.0
0.0,,40.95874786376953,0.023837901651859283,0.0,0.0
0.0,,40.95874786376953,0.017878426238894463,0.0,0.0
0.0,,40.95874786376953,0.023837901651859283,0.0,0.0
0.0,,40.95874786376953,0.017878426238894463,0.0,0.0
0.0,,40.95874786376953,0.020858164876699448,0.0,0.0
0.0,,40.95874786376953,0.023837901651859283,0.0,0.0
0.0,,40.95874786376953,0.017878426238894463,0.0,0.0
0.0,,40.95874786376953,0.020858164876699448,0.0,0.0
0.0,,40.95874786376953,0.020858164876699448,0.0,0.0
0.0,,40.95874786376953,0.020858164876699448,0.0,0.0
0.0,,40.95874786376953,0.020858164876699448,0.0,0.0
0.0,,40.95874786376953,0.020858164876699448,0.0,0.0
0.0,,40.95874786376953,0.023837901651859283,0.0,0.0
0.0,,40.95874786376953,0.020858164876699448,0.0,0.0
0.0,,40.95874786376953,0.020858164876699448,0.0,0.0
0.0,,40.95874786376953,0.020858164876699448,0.0,0.0
0.0,,40.95874786376953,0.017878426238894463,0.0,0.0
0.0,,40.95874786376953,0.020858164876699448,0.0,0.0
0.0,,40.95874786376953,0.023837901651859283,0.0,0.0
0.0,,40.95874786376953,0.020858164876699448,0.0,0.0
0.0,,40.95874786376953,0.020858164876699448,0.0,0.0
0.0,,40.95874786376953,0.020858164876699448,0.0,0.0
0.0,,40.95874786376953,0.020858164876699448,0.0,0.0
0.0,,40.95874786376953,0.020858164876699448,0.0,0.0
0.0,,40.95874786376953,0.020858164876699448,0.0,0.0
0.0,,40.95874786376953,0.020858164876699448,0.0,0.0
0.0,,40.95874786376953,0.020858164876699448,0.0,0.0
0.0,,40.95874786376953,0.020858164876699448,0.0,0.0
0.0,,40.95874786376953,0.020858164876699448,0.0,0.0
0.0,,40.95874786376953,0.017878426238894463,0.0,0.0
0.0,,40.95874786376953,0.017878426238894463,0.0,0.0
0.0,,40.95874786376953,0.020858164876699448,0.0,0.0
0.0,,40.95874786376953,0.017878426238894463,0.0,0.0
0.0,,40.95874786376953,0.017878426238894463,0.0,0.0
0.0,,40.95874786376953,0.020858164876699448,0.0,0.0
0.0,,40.95874786376953,0.023837901651859283,0.0,0.0
0.0,,40.95874786376953,0.020858164876699448,0.0,0.0
0.0,,40.95874786376953,0.017878426238894463,0.0,0.0
0.0,,40.95874786376953,0.023837901651859283,0.0,0.0
0.0,,40.95874786376953,0.023837901651859283,0.0,0.0
0.0,,40.95874786376953,0.017878426238894463,0.0,0.0
0.0,,40.95874786376953,0.020858164876699448,0.0,0.0
0.0,,40.95874786376953,0.017878426238894463,0.0,0.0
0.0,,40.95874786376953,0.017878426238894463,0.0,0.0
0.0,,40.95874786376953,0.020858164876699448,0.0,0.0
0.0,,40.95874786376953,0.020858164876699448,0.0,0.0
0.0,,40.95874786376953,0.020858164876699448,0.0,0.0
0.0,,40.95874786376953,0.020858164876699448,0.0,0.0
0.0,,40.95874786376953,0.020858164876699448,0.0,0.0
0.0,,40.95874786376953,0.020858164876699448,0.0,0.0
0.0,,40.95874786376953,0.020858164876699448,0.0,0.0
0.0,,40.95874786376953,0.023837901651859283,0.0,0.0
0.0,,40.95874786376953,0.023837901651859283,0.0,0.0
0.0,,40.95874786376953,0.017878426238894463,0.0,0.0
0.0,,40.95874786376953,0.017878426238894463,0.0,0.0
0.0,,40.95874786376953,0.023837901651859283,0.0,0.0
0.0,,40.95874786376953,0.017878426238894463,0.0,0.0
0.0,,40.95874786376953,0.020858164876699448,0.0,0.0
0.0,,40.95874786376953,0.023837901651859283,0.0,0.0
0.0,,40.95874786376953,0.020858164876699448,0.0,0.0
0.0,,40.95874786376953,0.023837901651859283,0.0,0.0
0.0,,40.95874786376953,0.020858164876699448,0.0,0.0
0.0,,40.95874786376953,0.017878426238894463,0.0,0.0
0.0,,40.95874786376953,0.017878426238894463,0.0,0.0
0.0,,40.95874786376953,0.017878426238894463,0.0,0.0
0.0,,40.95874786376953,0.017878426238894463,0.0,0.0
0.0,,40.95874786376953,0.020858164876699448,0.0,0.0
0.0,,40.95874786376953,0.017878426238894463,0.0,0.0
0.0,,40.95874786376953,0.020858164876699448,0.0,0.0
0.0,,40.95874786376953,0.020858164876699448,0.0,0.0
0.0,,40.95874786376953,0.020858164876699448,0.0,0.0
0.0,,40.95874786376953,0.020858164876699448,0.0,0.0
0.0,,40.95874786376953,0.023837901651859283,0.0,0.0
0.0,,40.95874786376953,0.023837901651859283,0.0,0.0
0.0,,40.95874786376953,0.020858164876699448,0.0,0.0
0.0,,40.95874786376953,0.017878426238894463,0.0,0.0
0.0,,40.95874786376953,0.023837901651859283,0.0,0.0
0.0,,40.95874786376953,0.020858164876699448,0.0,0.0
0.0,,40.95874786376953,0.020858164876699448,0.0,0.0
0.0,,40.95874786376953,0.023837901651859283,0.0,0.0
0.0,,40.95874786376953,0.023837901651859283,0.0,0.0
0.0,,40.95874786376953,0.017878426238894463,0.0,0.0
0.0,,40.95874786376953,0.020858164876699448,0.0,0.0
0.0,,40.95874786376953,0.017878426238894463,0.0,0.0
0.0,,40.95874786376953,0.020858164876699448,0.0,0.0
0.0,,40.95874786376953,0.023837901651859283,0.0,0.0
0.0,,40.95874786376953,0.020858164876699448,0.0,0.0
0.0,,40.95874786376953,0.023837901651859283,0.0,0.0
0.0,,40.95874786376953,0.023837901651859283,0.0,0.0
0.0,,40.95874786376953,0.020858164876699448,0.0,0.0
0.0,,40.95874786376953,0.017878426238894463,0.0,0.0
0.0,,40.95874786376953,0.017878426238894463,0.0,0.0
0.0,,40.95874786376953,0.020858164876699448,0.0,0.0
0.0,,40.95874786376953,0.020858164876699448,0.0,0.0
0.0,,40.95874786376953,0.023837901651859283,0.0,0.0
0.0,,40.95874786376953,0.020858164876699448,0.0,0.0
0.0,,40.95874786376953,0.023837901651859283,0.0,0.0
0.0,,40.95874786376953,0.020858164876699448,0.0,0.0
0.0,,40.95874786376953,0.017878426238894463,0.0,0.0
0.0,,40.95874786376953,0.023837901651859283,0.0,0.0
0.0,,40.95874786376953,0.023837901651859283,0.0,0.0
0.0,,40.95874786376953,0.023837901651859283,0.0,0.0
0.0,,40.95874786376953,0.020858164876699448,0.0,0.0
0.0,,40.95874786376953,0.017878426238894463,0.0,0.0
0.0,,40.95874786376953,0.020858164876699448,0.0,0.0
0.0,,40.95874786376953,0.023837901651859283,0.0,0.0
0.0,,40.95874786376953,0.020858164876699448,0.0,0.0
0.0,,40.95874786376953,0.020858164876699448,0.0,0.0
0.0,,40.95874786376953,0.020858164876699448,0.0,0.0
0.0,,40.95874786376953,0.020858164876699448,0.0,0.0
0.0,,40.95874786376953,0.020858164876699448,0.0,0.0
0.0,,40.95874786376953,0.017878426238894463,0.0,0.0
0.0,,40.95874786376953,0.020858164876699448,0.0,0.0
0.0,,40.95874786376953,0.017878426238894463,0.0,0.0
0.0,,40.95874786376953,0.023837901651859283,0.0,0.0
0.0,,40.95874786376953,0.020858164876699448,0.0,0.0
0.0,,40.95874786376953,0.023837901651859283,0.0,0.0
0.0,,40.95874786376953,0.020858164876699448,0.0,0.0
0.0,,40.95874786376953,0.017878426238894463,0.0,0.0
0.0,,40.95874786376953,0.017878426238894463,0.0,0.0
0.0,,40.95874786376953,0.017878426238894463,0.0,0.0
0.0,,40.95874786376953,0.020858164876699448,0.0,0.0
0.0,,40.95874786376953,0.020858164876699448,0.0,0.0
0.0,,40.95874786376953,0.020858164876699448,0.0,0.0
0.0,,40.95874786376953,0.020858164876699448,0.0,0.0
0.0,,40.95874786376953,0.020858164876699448,0.0,0.0
0.0,,40.95874786376953,0.023837901651859283,0.0,0.0
0.0,,40.95874786376953,0.020858164876699448,0.0,0.0
0.0,,40.95874786376953,0.020858164876699448,0.0,0.0
0.0,,40.95874786376953,0.017878426238894463,0.0,0.0
0.0,,40.95874786376953,0.020858164876699448,0.0,0.0
0.0,,40.95874786376953,0.020858164876699448,0.0,0.0
0.0,,40.95874786376953,0.023837901651859283,0.0,0.0
0.0,,40.95874786376953,0.020858164876699448,0.0,0.0
0.0,,40.95874786376953,0.023837901651859283,0.0,0.0
0.0,,40.95874786376953,0.017878426238894463,0.0,0.0
0.0,,40.95874786376953,0.020858164876699448,0.0,0.0
0.0,,40.95874786376953,0.020858164876699448,0.0,0.0
0.0,,40.95874786376953,0.020858164876699448,0.0,0.0
0.0,,40.95874786376953,0.020858164876699448,0.0,0.0
0.0,,40.95874786376953,0.020858164876699448,0.0,0.0
0.0,,40.95874786376953,0.017878426238894463,0.0,0.0
0.0,,40.95874786376953,0.017878426238894463,0.0,0.0
0.0,,40.95874786376953,0.017878426238894463,0.0,0.0
0.0,,40.95874786376953,0.020858164876699448,0.0,0.0
0.0,,40.95874786376953,0.020858164876699448,0.0,0.0
0.0,,40.95874786376953,0.020858164876699448,0.0,0.0
0.0,,40.95874786376953,0.020858164876699448,0.0,0.0
0.0,,40.95874786376953,0.020858164876699448,0.0,0.0
0.0,,40.95874786376953,0.017878426238894463,0.0,0.0
0.0,,40.95874786376953,0.020858164876699448,0.0,0.0
0.0,,40.95874786376953,0.020858164876699448,0.0,0.0
0.0,,40.95874786376953,0.023837901651859283,0.0,0.0
0.0,,40.95874786376953,0.017878426238894463,0.0,0.0
0.0,,40.95874786376953,0.014898688532412052,0.0,0.0
0.0,,40.95874786376953,0.020858164876699448,0.0,0.0
0.0,,40.95874786376953,0.017878426238894463,0.0,0.0
0.0,,40.95874786376953,0.020858164876699448,0.0,0.0
0.0,,40.95874786376953,0.020858164876699448,0.0,0.0
0.0,,40.95874786376953,0.017878426238894463,0.0,0.0
0.0,,40.95874786376953,0.020858164876699448,0.0,0.0
0.0,,40.95874786376953,0.017878426238894463,0.0,0.0
0.0,,40.95874786376953,0.023837901651859283,0.0,0.0
0.0,,40.95874786376953,0.020858164876699448,0.0,0.0
0.0,,40.95874786376953,0.017878426238894463,0.0,0.0
0.0,,40.95874786376953,0.020858164876699448,0.0,0.0
0.0,,40.95874786376953,0.02681763842701912,0.0,0.0
0.0,,40.95874786376953,0.020858164876699448,0.0,0.0
0.0,,40.95874786376953,0.020858164876699448,0.0,0.0
0.0,,40.95874786376953,0.023837901651859283,0.0,0.0
0.0,,40.95874786376953,0.017878426238894463,0.0,0.0
0.0,,40.95874786376953,0.020858164876699448,0.0,0.0
0.0,,40.95874786376953,0.020858164876699448,0.0,0.0
0.0,,40.95874786376953,0.020858164876699448,0.0,0.0
0.0,,40.95874786376953,0.017878426238894463,0.0,0.0
0.0,,40.95874786376953,0.020858164876699448,0.0,0.0
0.0,,40.95874786376953,0.020858164876699448,0.0,0.0
0.0,,40.95874786376953,0.020858164876699448,0.0,0.0
0.0,,40.95874786376953,0.017878426238894463,0.0,0.0
0.0,,40.95874786376953,0.023837901651859283,0.0,0.0
0.0,,40.95874786376953,0.020858164876699448,0.0,0.0
0.0,,40.95874786376953,0.020858164876699448,0.0,0.0
0.0,,40.95874786376953,0.020858164876699448,0.0,0.0
0.0,,40.95874786376953,0.020858164876699448,0.0,0.0
0.0,,40.95874786376953,0.020858164876699448,0.0,0.0
0.0,,40.95874786376953,0.020858164876699448,0.0,0.0
0.0,,40.95874786376953,0.017878426238894463,0.0,0.0
0.0,,40.95874786376953,0.023837901651859283,0.0,0.0
0.0,,40.95874786376953,0.017878426238894463,0.0,0.0
0.0,,40.95874786376953,0.020858164876699448,0.0,0.0
0.0,,40.95874786376953,0.020858164876699448,0.0,0.0
0.0,,40.95874786376953,0.020858164876699448,0.0,0.0
0.0,,40.95874786376953,0.020858164876699448,0.0,0.0
0.0,,40.95874786376953,0.020858164876699448,0.0,0.0
0.0,,40.95874786376953,0.017878426238894463,0.0,0.0
0.0,,40.95874786376953,0.020858164876699448,0.0,0.0
0.0,,40.95874786376953,0.020858164876699448,0.0,0.0
0.0,,40.95874786376953,0.020858164876699448,0.0,0.0
0.0,,40.95874786376953,0.017878426238894463,0.0,0.0
0.0,,40.95874786376953,0.020858164876699448,0.0,0.0
0.0,,40.95874786376953,0.023837901651859283,0.0,0.0
0.0,,40.95874786376953,0.020858164876699448,0.0,0.0
0.0,,40.95874786376953,0.017878426238894463,0.0,0.0
0.0,,40.95874786376953,0.020858164876699448,0.0,0.0
0.0,,40.95874786376953,0.020858164876699448,0.0,0.0
0.0,,40.95874786376953,0.020858164876699448,0.0,0.0
0.0,,40.95874786376953,0.017878426238894463,0.0,0.0
0.0,,40.95874786376953,0.020858164876699448,0.0,0.0
0.0,,40.95874786376953,0.017878426238894463,0.0,0.0
0.0,,40.95874786376953,0.020858164876699448,0.0,0.0
0.0,,40.95874786376953,0.020858164876699448,0.0,0.0
0.0,,40.95874786376953,0.020858164876699448,0.0,0.0
0.0,,40.95874786376953,0.020858164876699448,0.0,0.0
0.0,,40.95874786376953,0.017878426238894463,0.0,0.0
0.0,,40.95874786376953,0.020858164876699448,0.0,0.0
0.0,,40.95874786376953,0.017878426238894463,0.0,0.0
0.0,,40.95874786376953,0.020858164876699448,0.0,0.0
0.0,,40.95874786376953,0.020858164876699448,0.0,0.0
0.0,,40.95874786376953,0.020858164876699448,0.0,0.0
0.0,,40.95874786376953,0.020858164876699448,0.0,0.0
0.0,,40.95874786376953,0.020858164876699448,0.0,0.0
0.0,,40.95874786376953,0.020858164876699448,0.0,0.0
0.0,,40.95874786376953,0.017878426238894463,0.0,0.0
0.0,,40.95874786376953,0.017878426238894463,0.0,0.0
0.0,,40.95874786376953,0.020858164876699448,0.0,0.0
0.0,,40.95874786376953,0.020858164876699448,0.0,0.0
0.0,,40.95874786376953,0.023837901651859283,0.0,0.0
0.0,,40.95874786376953,0.020858164876699448,0.0,0.0
0.0,,40.95874786376953,0.017878426238894463,0.0,0.0
0.0,,40.95874786376953,0.020858164876699448,0.0,0.0
0.0,,40.95874786376953,0.020858164876699448,0.0,0.0
0.0,,40.95874786376953,0.020858164876699448,0.0,0.0
0.0,,40.95874786376953,0.020858164876699448,0.0,0.0
0.0,,40.95874786376953,0.017878426238894463,0.0,0.0
0.0,,40.95874786376953,0.020858164876699448,0.0,0.0
0.0,,40.95874786376953,0.017878426238894463,0.0,0.0
0.0,,40.95874786376953,0.017878426238894463,0.0,0.0
0.0,,40.95874786376953,0.020858164876699448,0.0,0.0
0.0,,40.95874786376953,0.020858164876699448,0.0,0.0
0.0,,40.95874786376953,0.017878426238894463,0.0,0.0
0.0,,40.95874786376953,0.020858164876699448,0.0,0.0
0.0,,40.95874786376953,0.020858164876699448,0.0,0.0
0.0,,40.95874786376953,0.017878426238894463,0.0,0.0
0.0,,40.95874786376953,0.020858164876699448,0.0,0.0
0.0,,40.95874786376953,0.014898688532412052,0.0,0.0
0.0,,40.95874786376953,0.020858164876699448,0.0,0.0
0.0,,40.95874786376953,0.020858164876699448,0.0,0.0
0.0,,40.95874786376953,0.014898688532412052,0.0,0.0
0.0,,40.95874786376953,0.020858164876699448,0.0,0.0
0.0,,40.95874786376953,0.017878426238894463,0.0,0.0
0.0,,40.95874786376953,0.017878426238894463,0.0,0.0
0.0,,40.95874786376953,0.020858164876699448,0.0,0.0
0.0,,40.95874786376953,0.020858164876699448,0.0,0.0
0.0,,40.95874786376953,0.020858164876699448,0.0,0.0
0.0,,40.95874786376953,0.020858164876699448,0.0,0.0
0.0,,40.95874786376953,0.020858164876699448,0.0,0.0
0.0,,40.95874786376953,0.020858164876699448,0.0,0.0
0.0,,40.95874786376953,0.020858164876699448,0.0,0.0
0.0,,40.95874786376953,0.020858164876699448,0.0,0.0
0.0,,40.95874786376953,0.023837901651859283,0.0,0.0
0.0,,40.95874786376953,0.020858164876699448,0.0,0.0
0.0,,40.95874786376953,0.017878426238894463,0.0,0.0
0.0,,40.95874786376953,0.020858164876699448,0.0,0.0
0.0,,40.95874786376953,0.023837901651859283,0.0,0.0
0.0,,40.95874786376953,0.020858164876699448,0.0,0.0
0.0,,40.95874786376953,0.020858164876699448,0.0,0.0
0.0,,40.95874786376953,0.020858164876699448,0.0,0.0
0.0,,40.95874786376953,0.020858164876699448,0.0,0.0
0.0,,40.95874786376953,0.020858164876699448,0.0,0.0
0.0,,40.95874786376953,0.020858164876699448,0.0,0.0
0.0,,40.95874786376953,0.020858164876699448,0.0,0.0
0.0,,40.95874786376953,0.017878426238894463,0.0,0.0
0.0,,40.95874786376953,0.020858164876699448,0.0,0.0
0.0,,40.95874786376953,0.023837901651859283,0.0,0.0
0.0,,40.95874786376953,0.023837901651859283,0.0,0.0
0.0,,40.95874786376953,0.023837901651859283,0.0,0.0
0.0,,40.95874786376953,0.017878426238894463,0.0,0.0
0.0,,40.95874786376953,0.020858164876699448,0.0,0.0
0.0,,40.95874786376953,0.020858164876699448,0.0,0.0
0.0,,40.95874786376953,0.023837901651859283,0.0,0.0
0.0,,40.95874786376953,0.023837901651859283,0.0,0.0
0.0,,40.95874786376953,0.020858164876699448,0.0,0.0
0.0,,40.95874786376953,0.020858164876699448,0.0,0.0
0.0,,40.95874786376953,0.017878426238894463,0.0,0.0
0.0,,40.95874786376953,0.020858164876699448,0.0,0.0
0.0,,40.95874786376953,0.020858164876699448,0.0,0.0
0.0,,40.95874786376953,0.020858164876699448,0.0,0.0
0.0,,40.95874786376953,0.023837901651859283,0.0,0.0
0.0,,40.95874786376953,0.017878426238894463,0.0,0.0
0.0,,40.95874786376953,0.017878426238894463,0.0,0.0
0.0,,40.95874786376953,0.020858164876699448,0.0,0.0
0.0,,40.95874786376953,0.017878426238894463,0.0,0.0
0.0,,40.95874786376953,0.017878426238894463,0.0,0.0
0.0,,40.95874786376953,0.020858164876699448,0.0,0.0
0.0,,40.95874786376953,0.020858164876699448,0.0,0.0
0.0,,40.95874786376953,0.020858164876699448,0.0,0.0
0.0,,40.95874786376953,0.020858164876699448,0.0,0.0
0.0,,40.95874786376953,0.020858164876699448,0.0,0.0
0.0,,40.95874786376953,0.023837901651859283,0.0,0.0
0.0,,40.95874786376953,0.020858164876699448,0.0,0.0
0.0,,40.95874786376953,0.020858164876699448,0.0,0.0
0.0,,40.95874786376953,0.020858164876699448,0.0,0.0
0.0,,40.95874786376953,0.020858164876699448,0.0,0.0
0.0,,40.95874786376953,0.020858164876699448,0.0,0.0
0.0,,40.95874786376953,0.020858164876699448,0.0,0.0
0.0,,40.95874786376953,0.020858164876699448,0.0,0.0
0.0,,40.95874786376953,0.020858164876699448,0.0,0.0
0.0,,40.95874786376953,0.017878426238894463,0.0,0.0
0.0,,40.95874786376953,0.020858164876699448,0.0,0.0
0.0,,40.95874786376953,0.020858164876699448,0.0,0.0
0.0,,40.95874786376953,0.020858164876699448,0.0,0.0
0.0,,40.95874786376953,0.017878426238894463,0.0,0.0
0.0,,40.95874786376953,0.020858164876699448,0.0,0.0
0.0,,40.95874786376953,0.020858164876699448,0.0,0.0
0.0,,40.95874786376953,0.020858164876699448,0.0,0.0
0.0,,40.95874786376953,0.020858164876699448,0.0,0.0
0.0,,40.95874786376953,0.020858164876699448,0.0,0.0
0.0,,40.95874786376953,0.017878426238894463,0.0,0.0
0.0,,40.95874786376953,0.023837901651859283,0.0,0.0
0.0,,40.95874786376953,0.020858164876699448,0.0,0.0
0.0,,40.95874786376953,0.020858164876699448,0.0,0.0
0.0,,40.95874786376953,0.020858164876699448,0.0,0.0
0.0,,40.95874786376953,0.017878426238894463,0.0,0.0
0.0,,40.95874786376953,0.023837901651859283,0.0,0.0
0.0,,40.95874786376953,0.020858164876699448,0.0,0.0
0.0,,40.95874786376953,0.023837901651859283,0.0,0.0
0.0,,40.95874786376953,0.023837901651859283,0.0,0.0
0.0,,40.95874786376953,0.020858164876699448,0.0,0.0
0.0,,40.95874786376953,0.017878426238894463,0.0,0.0
0.0,,40.95874786376953,0.020858164876699448,0.0,0.0
0.0,,40.95874786376953,0.020858164876699448,0.0,0.0
0.0,,40.95874786376953,0.020858164876699448,0.0,0.0
0.0,,40.95874786376953,0.020858164876699448,0.0,0.0
0.0,,40.95874786376953,0.023837901651859283,0.0,0.0
0.0,,40.95874786376953,0.020858164876699448,0.0,0.0
0.0,,40.95874786376953,0.020858164876699448,0.0,0.0
0.0,,40.95874786376953,0.020858164876699448,0.0,0.0
0.0,,40.95874786376953,0.020858164876699448,0.0,0.0
0.0,,40.95874786376953,0.020858164876699448,0.0,0.0
0.0,,40.95874786376953,0.020858164876699448,0.0,0.0
0.0,,40.95874786376953,0.017878426238894463,0.0,0.0
0.0,,40.95874786376953,0.023837901651859283,0.0,0.0
0.0,,40.95874786376953,0.017878426238894463,0.0,0.0
0.0,,40.95874786376953,0.023837901651859283,0.0,0.0
0.0,,40.95874786376953,0.017878426238894463,0.0,0.0
0.0,,40.95874786376953,0.020858164876699448,0.0,0.0
0.0,,40.95874786376953,0.020858164876699448,0.0,0.0
0.0,,40.95874786376953,0.020858164876699448,0.0,0.0
0.0,,40.95874786376953,0.023837901651859283,0.0,0.0
0.0,,40.95874786376953,0.020858164876699448,0.0,0.0
0.0,,40.95874786376953,0.017878426238894463,0.0,0.0
0.0,,40.95874786376953,0.017878426238894463,0.0,0.0
0.0,,40.95874786376953,0.020858164876699448,0.0,0.0
0.0,,40.95874786376953,0.020858164876699448,0.0,0.0
0.0,,40.95874786376953,0.020858164876699448,0.0,0.0
0.0,,40.95874786376953,0.020858164876699448,0.0,0.0
0.0,,40.95874786376953,0.020858164876699448,0.0,0.0
0.0,,40.95874786376953,0.017878426238894463,0.0,0.0
0.0,,40.95874786376953,0.023837901651859283,0.0,0.0
0.0,,40.95874786376953,0.017878426238894463,0.0,0.0
0.0,,40.95874786376953,0.020858164876699448,0.0,0.0
0.0,,40.95874786376953,0.020858164876699448,0.0,0.0
0.0,,40.95874786376953,0.017878426238894463,0.0,0.0
0.0,,40.95874786376953,0.020858164876699448,0.0,0.0
0.0,,40.95874786376953,0.020858164876699448,0.0,0.0
0.0,,40.95874786376953,0.020858164876699448,0.0,0.0
0.0,,40.95874786376953,0.020858164876699448,0.0,0.0
0.0,,40.95874786376953,0.020858164876699448,0.0,0.0
0.0,,40.95874786376953,0.020858164876699448,0.0,0.0
0.0,,40.95874786376953,0.020858164876699448,0.0,0.0
0.0,,40.95874786376953,0.020858164876699448,0.0,0.0
0.0,,40.95874786376953,0.020858164876699448,0.0,0.0
0.0,,40.95874786376953,0.020858164876699448,0.0,0.0
0.0,,40.95874786376953,0.020858164876699448,0.0,0.0
0.0,,40.95874786376953,0.023837901651859283,0.0,0.0
0.0,,40.95874786376953,0.017878426238894463,0.0,0.0
0.0,,40.95874786376953,0.023837901651859283,0.0,0.0
0.0,,40.95874786376953,0.020858164876699448,0.0,0.0
0.0,,40.95874786376953,0.020858164876699448,0.0,0.0
0.0,,40.95874786376953,0.020858164876699448,0.0,0.0
0.0,,40.95874786376953,0.023837901651859283,0.0,0.0
0.0,,40.95874786376953,0.017878426238894463,0.0,0.0
0.0,,40.95874786376953,0.023837901651859283,0.0,0.0
0.0,,40.95874786376953,0.020858164876699448,0.0,0.0
0.0,,40.95874786376953,0.023837901651859283,0.0,0.0
0.0,,40.95874786376953,0.020858164876699448,0.0,0.0
0.0,,40.95874786376953,0.023837901651859283,0.0,0.0
0.0,,40.95874786376953,0.020858164876699448,0.0,0.0
0.0,,40.95874786376953,0.020858164876699448,0.0,0.0
0.0,,40.95874786376953,0.020858164876699448,0.0,0.0
0.0,,40.95874786376953,0.020858164876699448,0.0,0.0
0.0,,40.95874786376953,0.020858164876699448,0.0,0.0
0.0,,40.95874786376953,0.020858164876699448,0.0,0.0
0.0,,40.95874786376953,0.020858164876699448,0.0,0.0
0.0,,40.95874786376953,0.020858164876699448,0.0,0.0
0.0,,40.95874786376953,0.020858164876699448,0.0,0.0
0.0,,40.95874786376953,0.020858164876699448,0.0,0.0
0.0,,40.95874786376953,0.020858164876699448,0.0,0.0
0.0,,40.95874786376953,0.020858164876699448,0.0,0.0
0.0,,40.95874786376953,0.023837901651859283,0.0,0.0
0.0,,40.95874786376953,0.020858164876699448,0.0,0.0
0.0,,40.95874786376953,0.020858164876699448,0.0,0.0
0.0,,40.95874786376953,0.020858164876699448,0.0,0.0
0.0,,40.95874786376953,0.017878426238894463,0.0,0.0
0.0,,40.95874786376953,0.017878426238894463,0.0,0.0
0.0,,40.95874786376953,0.023837901651859283,0.0,0.0
0.0,,40.95874786376953,0.020858164876699448,0.0,0.0
0.0,,40.95874786376953,0.020858164876699448,0.0,0.0
0.0,,40.95874786376953,0.023837901651859283,0.0,0.0
0.0,,40.95874786376953,0.020858164876699448,0.0,0.0
0.0,,40.95874786376953,0.020858164876699448,0.0,0.0
0.0,,40.95874786376953,0.020858164876699448,0.0,0.0
0.0,,40.95874786376953,0.020858164876699448,0.0,0.0
0.0,,40.95874786376953,0.020858164876699448,0.0,0.0
0.0,,40.95874786376953,0.020858164876699448,0.0,0.0
0.0,,40.95874786376953,0.020858164876699448,0.0,0.0
0.0,,40.95874786376953,0.020858164876699448,0.0,0.0
0.0,,40.95874786376953,0.020858164876699448,0.0,0.0
0.0,,40.95874786376953,0.017878426238894463,0.0,0.0
0.0,,40.95874786376953,0.020858164876699448,0.0,0.0
0.0,,40.95874786376953,0.020858164876699448,0.0,0.0
0.0,,40.95874786376953,0.020858164876699448,0.0,0.0
0.0,,40.95874786376953,0.023837901651859283,0.0,0.0
0.0,,40.95874786376953,0.017878426238894463,0.0,0.0
0.0,,40.95874786376953,0.020858164876699448,0.0,0.0
0.0,,40.95874786376953,0.023837901651859283,0.0,0.0
0.0,,40.95874786376953,0.020858164876699448,0.0,0.0
0.0,,40.95874786376953,0.023837901651859283,0.0,0.0
0.0,,40.95874786376953,0.020858164876699448,0.0,0.0
0.0,,40.95874786376953,0.020858164876699448,0.0,0.0
0.0,,40.95874786376953,0.020858164876699448,0.0,0.0
0.0,,40.95874786376953,0.020858164876699448,0.0,0.0
0.0,,40.95874786376953,0.020858164876699448,0.0,0.0
0.0,,40.95874786376953,0.020858164876699448,0.0,0.0
0.0,,40.95874786376953,0.020858164876699448,0.0,0.0
0.0,,40.95874786376953,0.020858164876699448,0.0,0.0
0.0,,40.95874786376953,0.023837901651859283,0.0,0.0
0.0,,40.95874786376953,0.020858164876699448,0.0,0.0
0.0,,40.95874786376953,0.020858164876699448,0.0,0.0
0.0,,40.95874786376953,0.017878426238894463,0.0,0.0
0.0,,40.95874786376953,0.020858164876699448,0.0,0.0
0.0,,40.95874786376953,0.020858164876699448,0.0,0.0
0.0,,40.95874786376953,0.020858164876699448,0.0,0.0
0.0,,40.95874786376953,0.020858164876699448,0.0,0.0
0.0,,40.95874786376953,0.020858164876699448,0.0,0.0
0.0,,40.95874786376953,0.023837901651859283,0.0,0.0
0.0,,40.95874786376953,0.020858164876699448,0.0,0.0
0.0,,40.95874786376953,0.017878426238894463,0.0,0.0
0.0,,40.95874786376953,0.020858164876699448,0.0,0.0
0.0,,40.95874786376953,0.023837901651859283,0.0,0.0
0.0,,40.95874786376953,0.020858164876699448,0.0,0.0
0.0,,40.95874786376953,0.020858164876699448,0.0,0.0
0.0,,40.95874786376953,0.017878426238894463,0.0,0.0
0.0,,40.95874786376953,0.017878426238894463,0.0,0.0
0.0,,40.95874786376953,0.020858164876699448,0.0,0.0
0.0,,40.95874786376953,0.017878426238894463,0.0,0.0
0.0,,40.95874786376953,0.017878426238894463,0.0,0.0
0.0,,40.95874786376953,0.020858164876699448,0.0,0.0
0.0,,40.95874786376953,0.017878426238894463,0.0,0.0
0.0,,40.95874786376953,0.020858164876699448,0.0,0.0
0.0,,40.95874786376953,0.017878426238894463,0.0,0.0
0.0,,40.95874786376953,0.020858164876699448,0.0,0.0
0.0,,40.95874786376953,0.023837901651859283,0.0,0.0
0.0,,40.95874786376953,0.017878426238894463,0.0,0.0
0.0,,40.95874786376953,0.020858164876699448,0.0,0.0
0.0,,40.95874786376953,0.020858164876699448,0.0,0.0
0.0,,40.95874786376953,0.020858164876699448,0.0,0.0
0.0,,40.95874786376953,0.017878426238894463,0.0,0.0
0.0,,40.95874786376953,0.020858164876699448,0.0,0.0
0.0,,40.95874786376953,0.020858164876699448,0.0,0.0
0.0,,40.95874786376953,0.020858164876699448,0.0,0.0
0.0,,40.95874786376953,0.020858164876699448,0.0,0.0
0.0,,40.95874786376953,0.023837901651859283,0.0,0.0
0.0,,40.95874786376953,0.020858164876699448,0.0,0.0
0.0,,40.95874786376953,0.020858164876699448,0.0,0.0
0.0,,40.95874786376953,0.020858164876699448,0.0,0.0
0.0,,40.95874786376953,0.020858164876699448,0.0,0.0
0.0,,40.95874786376953,0.017878426238894463,0.0,0.0
0.0,,40.95874786376953,0.020858164876699448,0.0,0.0
0.0,,40.95874786376953,0.017878426238894463,0.0,0.0
0.0,,40.95874786376953,0.017878426238894463,0.0,0.0
0.0,,40.95874786376953,0.020858164876699448,0.0,0.0
0.0,,40.95874786376953,0.017878426238894463,0.0,0.0
0.0,,40.95874786376953,0.020858164876699448,0.0,0.0
0.0,,40.95874786376953,0.023837901651859283,0.0,0.0
0.0,,40.95874786376953,0.020858164876699448,0.0,0.0
0.0,,40.95874786376953,0.017878426238894463,0.0,0.0
0.0,,40.95874786376953,0.020858164876699448,0.0,0.0
0.0,,40.95874786376953,0.020858164876699448,0.0,0.0
0.0,,40.95874786376953,0.017878426238894463,0.0,0.0
0.0,,40.95874786376953,0.020858164876699448,0.0,0.0
0.0,,40.95874786376953,0.020858164876699448,0.0,0.0
0.0,,40.95874786376953,0.020858164876699448,0.0,0.0
0.0,,40.95874786376953,0.017878426238894463,0.0,0.0
0.0,,40.95874786376953,0.020858164876699448,0.0,0.0
0.0,,40.95874786376953,0.017878426238894463,0.0,0.0
0.0,,40.95874786376953,0.023837901651859283,0.0,0.0
0.0,,40.95874786376953,0.017878426238894463,0.0,0.0
0.0,,40.95874786376953,0.017878426238894463,0.0,0.0
0.0,,40.95874786376953,0.023837901651859283,0.0,0.0
0.0,,40.95874786376953,0.020858164876699448,0.0,0.0
0.0,,40.95874786376953,0.020858164876699448,0.0,0.0
0.0,,40.95874786376953,0.020858164876699448,0.0,0.0
0.0,,40.95874786376953,0.017878426238894463,0.0,0.0
0.0,,40.95874786376953,0.020858164876699448,0.0,0.0
0.0,,40.95874786376953,0.020858164876699448,0.0,0.0
0.0,,40.95874786376953,0.020858164876699448,0.0,0.0
0.0,,40.95874786376953,0.023837901651859283,0.0,0.0
0.0,,40.95874786376953,0.017878426238894463,0.0,0.0
0.0,,40.95874786376953,0.020858164876699448,0.0,0.0
0.0,,40.95874786376953,0.020858164876699448,0.0,0.0
0.0,,40.95874786376953,0.020858164876699448,0.0,0.0
0.0,,40.95874786376953,0.017878426238894463,0.0,0.0
0.0,,40.95874786376953,0.020858164876699448,0.0,0.0
0.0,,40.95874786376953,0.020858164876699448,0.0,0.0
0.0,,40.95874786376953,0.020858164876699448,0.0,0.0
0.0,,40.95874786376953,0.020858164876699448,0.0,0.0
0.0,,40.95874786376953,0.023837901651859283,0.0,0.0
0.0,,40.95874786376953,0.023837901651859283,0.0,0.0
0.0,,40.95874786376953,0.017878426238894463,0.0,0.0
0.0,,40.95874786376953,0.020858164876699448,0.0,0.0
0.0,,40.95874786376953,0.020858164876699448,0.0,0.0
0.0,,40.95874786376953,0.017878426238894463,0.0,0.0
0.0,,40.95874786376953,0.020858164876699448,0.0,0.0
0.0,,40.95874786376953,0.020858164876699448,0.0,0.0
0.0,,40.95874786376953,0.023837901651859283,0.0,0.0
0.0,,40.95874786376953,0.017878426238894463,0.0,0.0
0.0,,40.95874786376953,0.017878426238894463,0.0,0.0
0.0,,40.95874786376953,0.020858164876699448,0.0,0.0
0.0,,40.95874786376953,0.020858164876699448,0.0,0.0
0.0,,40.95874786376953,0.020858164876699448,0.0,0.0
0.0,,40.95874786376953,0.020858164876699448,0.0,0.0
0.0,,40.95874786376953,0.020858164876699448,0.0,0.0
0.0,,40.95874786376953,0.014898688532412052,0.0,0.0
0.0,,40.95874786376953,0.023837901651859283,0.0,0.0
0.0,,40.95874786376953,0.017878426238894463,0.0,0.0
0.0,,40.95874786376953,0.023837901651859283,0.0,0.0
0.0,,40.95874786376953,0.020858164876699448,0.0,0.0
0.0,,40.95874786376953,0.020858164876699448,0.0,0.0
0.0,,40.95874786376953,0.020858164876699448,0.0,0.0
0.0,,40.95874786376953,0.017878426238894463,0.0,0.0
0.0,,40.95874786376953,0.020858164876699448,0.0,0.0
0.0,,40.95874786376953,0.023837901651859283,0.0,0.0
0.0,,40.95874786376953,0.020858164876699448,0.0,0.0
0.0,,40.95874786376953,0.020858164876699448,0.0,0.0
0.0,,40.95874786376953,0.020858164876699448,0.0,0.0
0.0,,40.95874786376953,0.020858164876699448,0.0,0.0
0.0,,40.95874786376953,0.020858164876699448,0.0,0.0
0.0,,40.95874786376953,0.017878426238894463,0.0,0.0
0.0,,40.95874786376953,0.023837901651859283,0.0,0.0
0.0,,40.95874786376953,0.017878426238894463,0.0,0.0
0.0,,40.95874786376953,0.020858164876699448,0.0,0.0
0.0,,40.95874786376953,0.020858164876699448,0.0,0.0
0.0,,40.95874786376953,0.020858164876699448,0.0,0.0
0.0,,40.95874786376953,0.023837901651859283,0.0,0.0
0.0,,40.95874786376953,0.020858164876699448,0.0,0.0
0.0,,40.95874786376953,0.023837901651859283,0.0,0.0
0.0,,40.95874786376953,0.023837901651859283,0.0,0.0
0.0,,40.95874786376953,0.020858164876699448,0.0,0.0
0.0,,40.95874786376953,0.020858164876699448,0.0,0.0
0.0,,40.95874786376953,0.020858164876699448,0.0,0.0
0.0,,40.95874786376953,0.017878426238894463,0.0,0.0
0.0,,40.95874786376953,0.023837901651859283,0.0,0.0
0.0,,40.95874786376953,0.020858164876699448,0.0,0.0
0.0,,40.95874786376953,0.023837901651859283,0.0,0.0
0.0,,40.95874786376953,0.017878426238894463,0.0,0.0
0.0,,40.95874786376953,0.023837901651859283,0.0,0.0
0.0,,40.95874786376953,0.020858164876699448,0.0,0.0
0.0,,40.95874786376953,0.020858164876699448,0.0,0.0
0.0,,40.95874786376953,0.020858164876699448,0.0,0.0
0.0,,40.95874786376953,0.020858164876699448,0.0,0.0
0.0,,40.95874786376953,0.020858164876699448,0.0,0.0
0.0,,40.95874786376953,0.020858164876699448,0.0,0.0
0.0,,40.95874786376953,0.020858164876699448,0.0,0.0
0.0,,40.95874786376953,0.017878426238894463,0.0,0.0
0.0,,40.95874786376953,0.020858164876699448,0.0,0.0
0.0,,40.95874786376953,0.020858164876699448,0.0,0.0
0.0,,40.95874786376953,0.017878426238894463,0.0,0.0
0.0,,40.95874786376953,0.020858164876699448,0.0,0.0
0.0,,40.95874786376953,0.020858164876699448,0.0,0.0
0.0,,40.95874786376953,0.020858164876699448,0.0,0.0
0.0,,40.95874786376953,0.020858164876699448,0.0,0.0
0.0,,40.95874786376953,0.023837901651859283,0.0,0.0
0.0,,40.95874786376953,0.020858164876699448,0.0,0.0
0.0,,40.95874786376953,0.023837901651859283,0.0,0.0
0.0,,40.95874786376953,0.017878426238894463,0.0,0.0
0.0,,40.95874786376953,0.020858164876699448,0.0,0.0
0.0,,40.95874786376953,0.017878426238894463,0.0,0.0
0.0,,40.95874786376953,0.020858164876699448,0.0,0.0
0.0,,40.95874786376953,0.020858164876699448,0.0,0.0
0.0,,40.95874786376953,0.017878426238894463,0.0,0.0
0.0,,40.95874786376953,0.020858164876699448,0.0,0.0
0.0,,40.95874786376953,0.017878426238894463,0.0,0.0
0.0,,40.95874786376953,0.020858164876699448,0.0,0.0
0.0,,40.95874786376953,0.020858164876699448,0.0,0.0
0.0,,40.95874786376953,0.020858164876699448,0.0,0.0
0.0,,40.95874786376953,0.020858164876699448,0.0,0.0
0.0,,40.95874786376953,0.023837901651859283,0.0,0.0
0.0,,40.95874786376953,0.020858164876699448,0.0,0.0
0.0,,40.95874786376953,0.020858164876699448,0.0,0.0
0.0,,40.95874786376953,0.020858164876699448,0.0,0.0
0.0,,40.95874786376953,0.020858164876699448,0.0,0.0
0.0,,40.95874786376953,0.017878426238894463,0.0,0.0
0.0,,40.95874786376953,0.017878426238894463,0.0,0.0
0.0,,40.95874786376953,0.023837901651859283,0.0,0.0
0.0,,40.95874786376953,0.020858164876699448,0.0,0.0
0.0,,40.95874786376953,0.020858164876699448,0.0,0.0
0.0,,40.95874786376953,0.023837901651859283,0.0,0.0
0.0,,40.95874786376953,0.020858164876699448,0.0,0.0
0.0,,40.95874786376953,0.020858164876699448,0.0,0.0
0.0,,40.95874786376953,0.020858164876699448,0.0,0.0
0.0,,40.95874786376953,0.017878426238894463,0.0,0.0
0.0,,40.95874786376953,0.020858164876699448,0.0,0.0
0.0,,40.95874786376953,0.023837901651859283,0.0,0.0
0.0,,40.95874786376953,0.020858164876699448,0.0,0.0
0.0,,40.95874786376953,0.020858164876699448,0.0,0.0
0.0,,40.95874786376953,0.020858164876699448,0.0,0.0
0.0,,40.95874786376953,0.023837901651859283,0.0,0.0
0.0,,40.95874786376953,0.020858164876699448,0.0,0.0
0.0,,40.95874786376953,0.023837901651859283,0.0,0.0
0.0,,40.95874786376953,0.020858164876699448,0.0,0.0
0.0,,40.95874786376953,0.023837901651859283,0.0,0.0
0.0,,40.95874786376953,0.023837901651859283,0.0,0.0
0.0,,40.95874786376953,0.020858164876699448,0.0,0.0
0.0,,40.95874786376953,0.020858164876699448,0.0,0.0
0.0,,40.95874786376953,0.017878426238894463,0.0,0.0
0.0,,40.95874786376953,0.020858164876699448,0.0,0.0
0.0,,40.95874786376953,0.020858164876699448,0.0,0.0
0.0,,40.95874786376953,0.020858164876699448,0.0,0.0
0.0,,40.95874786376953,0.020858164876699448,0.0,0.0
0.0,,40.95874786376953,0.020858164876699448,0.0,0.0
0.0,,40.95874786376953,0.023837901651859283,0.0,0.0
0.0,,40.95874786376953,0.023837901651859283,0.0,0.0
0.0,,40.95874786376953,0.020858164876699448,0.0,0.0
0.0,,40.95874786376953,0.020858164876699448,0.0,0.0
0.0,,40.95874786376953,0.020858164876699448,0.0,0.0
0.0,,40.95874786376953,0.017878426238894463,0.0,0.0
0.0,,40.95874786376953,0.020858164876699448,0.0,0.0
0.0,,40.95874786376953,0.020858164876699448,0.0,0.0
0.0,,40.95874786376953,0.020858164876699448,0.0,0.0
0.0,,40.95874786376953,0.020858164876699448,0.0,0.0
0.0,,40.95874786376953,0.020858164876699448,0.0,0.0
0.0,,40.95874786376953,0.023837901651859283,0.0,0.0
0.0,,40.95874786376953,0.017878426238894463,0.0,0.0
0.0,,40.95874786376953,0.020858164876699448,0.0,0.0
0.0,,40.95874786376953,0.017878426238894463,0.0,0.0
0.0,,40.95874786376953,0.020858164876699448,0.0,0.0
0.0,,40.95874786376953,0.020858164876699448,0.0,0.0
0.0,,40.95874786376953,0.020858164876699448,0.0,0.0
0.0,,40.95874786376953,0.020858164876699448,0.0,0.0
0.0,,40.95874786376953,0.020858164876699448,0.0,0.0
0.0,,40.95874786376953,0.023837901651859283,0.0,0.0
0.0,,40.95874786376953,0.020858164876699448,0.0,0.0
0.0,,40.95874786376953,0.020858164876699448,0.0,0.0
0.0,,40.95874786376953,0.020858164876699448,0.0,0.0
0.0,,40.95874786376953,0.020858164876699448,0.0,0.0
0.0,,40.95874786376953,0.017878426238894463,0.0,0.0
0.0,,40.95874786376953,0.020858164876699448,0.0,0.0
0.0,,40.95874786376953,0.020858164876699448,0.0,0.0
0.0,,40.95874786376953,0.020858164876699448,0.0,0.0
0.0,,40.95874786376953,0.020858164876699448,0.0,0.0
0.0,,40.95874786376953,0.020858164876699448,0.0,0.0
0.0,,40.95874786376953,0.020858164876699448,0.0,0.0
0.0,,40.95874786376953,0.020858164876699448,0.0,0.0
0.0,,40.95874786376953,0.020858164876699448,0.0,0.0
0.0,,40.95874786376953,0.017878426238894463,0.0,0.0
0.0,,40.95874786376953,0.020858164876699448,0.0,0.0
0.0,,40.95874786376953,0.020858164876699448,0.0,0.0
0.0,,40.95874786376953,0.020858164876699448,0.0,0.0
0.0,,40.95874786376953,0.020858164876699448,0.0,0.0
0.0,,40.95874786376953,0.023837901651859283,0.0,0.0
0.0,,40.95874786376953,0.020858164876699448,0.0,0.0
0.0,,40.95874786376953,0.020858164876699448,0.0,0.0
0.0,,40.95874786376953,0.017878426238894463,0.0,0.0
0.0,,40.95874786376953,0.017878426238894463,0.0,0.0
0.0,,40.95874786376953,0.017878426238894463,0.0,0.0
0.0,,40.95874786376953,0.020858164876699448,0.0,0.0
0.0,,40.95874786376953,0.020858164876699448,0.0,0.0
0.0,,40.95874786376953,0.023837901651859283,0.0,0.0
0.0,,40.95874786376953,0.017878426238894463,0.0,0.0
0.0,,40.95874786376953,0.020858164876699448,0.0,0.0
0.0,,40.95874786376953,0.020858164876699448,0.0,0.0
0.0,,40.95874786376953,0.023837901651859283,0.0,0.0
0.0,,40.95874786376953,0.020858164876699448,0.0,0.0
0.0,,40.95874786376953,0.017878426238894463,0.0,0.0
0.0,,40.95874786376953,0.020858164876699448,0.0,0.0
0.0,,40.95874786376953,0.020858164876699448,0.0,0.0
0.0,,40.95874786376953,0.020858164876699448,0.0,0.0
0.0,,40.95874786376953,0.020858164876699448,0.0,0.0
0.0,,40.95874786376953,0.020858164876699448,0.0,0.0
0.0,,40.95874786376953,0.017878426238894463,0.0,0.0
0.0,,40.95874786376953,0.017878426238894463,0.0,0.0
0.0,,40.95874786376953,0.020858164876699448,0.0,0.0
0.0,,40.95874786376953,0.020858164876699448,0.0,0.0
0.0,,40.95874786376953,0.023837901651859283,0.0,0.0
0.0,,40.95874786376953,0.020858164876699448,0.0,0.0
0.0,,40.95874786376953,0.020858164876699448,0.0,0.0
0.0,,40.95874786376953,0.020858164876699448,0.0,0.0
0.0,,40.95874786376953,0.017878426238894463,0.0,0.0
0.0,,40.95874786376953,0.020858164876699448,0.0,0.0
0.0,,40.95874786376953,0.020858164876699448,0.0,0.0
0.0,,40.95874786376953,0.023837901651859283,0.0,0.0
0.0,,40.95874786376953,0.023837901651859283,0.0,0.0
0.0,,40.95874786376953,0.020858164876699448,0.0,0.0
0.0,,40.95874786376953,0.020858164876699448,0.0,0.0
0.0,,40.95874786376953,0.020858164876699448,0.0,0.0
0.0,,40.95874786376953,0.020858164876699448,0.0,0.0
0.0,,40.95874786376953,0.020858164876699448,0.0,0.0
0.0,,40.95874786376953,0.023837901651859283,0.0,0.0
0.0,,40.95874786376953,0.017878426238894463,0.0,0.0
0.0,,40.95874786376953,0.017878426238894463,0.0,0.0
0.0,,40.95874786376953,0.020858164876699448,0.0,0.0
0.0,,40.95874786376953,0.023837901651859283,0.0,0.0
0.0,,40.95874786376953,0.020858164876699448,0.0,0.0
0.0,,40.95874786376953,0.020858164876699448,0.0,0.0
0.0,,40.95874786376953,0.020858164876699448,0.0,0.0
0.0,,40.95874786376953,0.017878426238894463,0.0,0.0
0.0,,40.95874786376953,0.017878426238894463,0.0,0.0
0.0,,40.95874786376953,0.020858164876699448,0.0,0.0
0.0,,40.95874786376953,0.023837901651859283,0.0,0.0
0.0,,40.95874786376953,0.020858164876699448,0.0,0.0
0.0,,40.95874786376953,0.020858164876699448,0.0,0.0
0.0,,40.95874786376953,0.023837901651859283,0.0,0.0
0.0,,40.95874786376953,0.020858164876699448,0.0,0.0
0.0,,40.95874786376953,0.020858164876699448,0.0,0.0
0.0,,40.95874786376953,0.017878426238894463,0.0,0.0
0.0,,40.95874786376953,0.020858164876699448,0.0,0.0
0.0,,40.95874786376953,0.020858164876699448,0.0,0.0
0.0,,40.95874786376953,0.020858164876699448,0.0,0.0
0.0,,40.95874786376953,0.020858164876699448,0.0,0.0
0.0,,40.95874786376953,0.023837901651859283,0.0,0.0
0.0,,40.95874786376953,0.020858164876699448,0.0,0.0
0.0,,40.95874786376953,0.017878426238894463,0.0,0.0
0.0,,40.95874786376953,0.023837901651859283,0.0,0.0
0.0,,40.95874786376953,0.020858164876699448,0.0,0.0
0.0,,40.95874786376953,0.020858164876699448,0.0,0.0
0.0,,40.95874786376953,0.020858164876699448,0.0,0.0
0.0,,40.95874786376953,0.020858164876699448,0.0,0.0
0.0,,40.95874786376953,0.023837901651859283,0.0,0.0
0.0,,40.95874786376953,0.020858164876699448,0.0,0.0
0.0,,40.95874786376953,0.017878426238894463,0.0,0.0
0.0,,40.95874786376953,0.020858164876699448,0.0,0.0
0.0,,40.95874786376953,0.020858164876699448,0.0,0.0
0.0,,40.95874786376953,0.023837901651859283,0.0,0.0
0.0,,40.95874786376953,0.017878426238894463,0.0,0.0
0.0,,40.95874786376953,0.020858164876699448,0.0,0.0
0.0,,40.95874786376953,0.020858164876699448,0.0,0.0
0.0,,40.95874786376953,0.017878426238894463,0.0,0.0
0.0,,40.95874786376953,0.020858164876699448,0.0,0.0
0.0,,40.95874786376953,0.023837901651859283,0.0,0.0
0.0,,40.95874786376953,0.020858164876699448,0.0,0.0
0.0,,40.95874786376953,0.023837901651859283,0.0,0.0
0.0,,40.95874786376953,0.023837901651859283,0.0,0.0
0.0,,40.95874786376953,0.020858164876699448,0.0,0.0
0.0,,40.95874786376953,0.020858164876699448,0.0,0.0
0.0,,40.95874786376953,0.020858164876699448,0.0,0.0
0.0,,40.95874786376953,0.023837901651859283,0.0,0.0
0.0,,40.95874786376953,0.017878426238894463,0.0,0.0
0.0,,40.95874786376953,0.020858164876699448,0.0,0.0
0.0,,40.95874786376953,0.020858164876699448,0.0,0.0
0.0,,40.95874786376953,0.020858164876699448,0.0,0.0
0.0,,40.95874786376953,0.017878426238894463,0.0,0.0
0.0,,40.95874786376953,0.017878426238894463,0.0,0.0
0.0,,40.95874786376953,0.020858164876699448,0.0,0.0
0.0,,40.95874786376953,0.020858164876699448,0.0,0.0
0.0,,40.95874786376953,0.020858164876699448,0.0,0.0
0.0,,40.95874786376953,0.020858164876699448,0.0,0.0
0.0,,40.95874786376953,0.023837901651859283,0.0,0.0
0.0,,40.95874786376953,0.020858164876699448,0.0,0.0
0.0,,40.95874786376953,0.020858164876699448,0.0,0.0
0.0,,40.95874786376953,0.023837901651859283,0.0,0.0
0.0,,40.95874786376953,0.020858164876699448,0.0,0.0
0.0,,40.95874786376953,0.020858164876699448,0.0,0.0
0.0,,40.95874786376953,0.017878426238894463,0.0,0.0
0.0,,40.95874786376953,0.020858164876699448,0.0,0.0
0.0,,40.95874786376953,0.020858164876699448,0.0,0.0
0.0,,40.95874786376953,0.020858164876699448,0.0,0.0
0.0,,40.95874786376953,0.020858164876699448,0.0,0.0
0.0,,40.95874786376953,0.020858164876699448,0.0,0.0
0.0,,40.95874786376953,0.020858164876699448,0.0,0.0
0.0,,40.95874786376953,0.020858164876699448,0.0,0.0
0.0,,40.95874786376953,0.020858164876699448,0.0,0.0
0.0,,40.95874786376953,0.017878426238894463,0.0,0.0
0.0,,40.95874786376953,0.020858164876699448,0.0,0.0
0.0,,40.95874786376953,0.023837901651859283,0.0,0.0
0.0,,40.95874786376953,0.020858164876699448,0.0,0.0
0.0,,40.95874786376953,0.020858164876699448,0.0,0.0
0.0,,40.95874786376953,0.023837901651859283,0.0,0.0
0.0,,40.95874786376953,0.020858164876699448,0.0,0.0
0.0,,40.95874786376953,0.020858164876699448,0.0,0.0
0.0,,40.95874786376953,0.017878426238894463,0.0,0.0
0.0,,40.95874786376953,0.020858164876699448,0.0,0.0
0.0,,40.95874786376953,0.020858164876699448,0.0,0.0
0.0,,40.95874786376953,0.020858164876699448,0.0,0.0
0.0,,40.95874786376953,0.020858164876699448,0.0,0.0
0.0,,40.95874786376953,0.020858164876699448,0.0,0.0
0.0,,40.95874786376953,0.020858164876699448,0.0,0.0
0.0,,40.95874786376953,0.020858164876699448,0.0,0.0
0.0,,40.95874786376953,0.023837901651859283,0.0,0.0
0.0,,40.95874786376953,0.020858164876699448,0.0,0.0
0.0,,40.95874786376953,0.020858164876699448,0.0,0.0
0.0,,40.95874786376953,0.020858164876699448,0.0,0.0
0.0,,40.95874786376953,0.020858164876699448,0.0,0.0
0.0,,40.95874786376953,0.017878426238894463,0.0,0.0
0.0,,40.95874786376953,0.020858164876699448,0.0,0.0
0.0,,40.95874786376953,0.020858164876699448,0.0,0.0
0.0,,40.95874786376953,0.014898688532412052,0.0,0.0
0.0,,40.95874786376953,0.017878426238894463,0.0,0.0
0.0,,40.95874786376953,0.020858164876699448,0.0,0.0
0.0,,40.95874786376953,0.020858164876699448,0.0,0.0
0.0,,40.95874786376953,0.017878426238894463,0.0,0.0
0.0,,40.95874786376953,0.020858164876699448,0.0,0.0
0.0,,40.95874786376953,0.023837901651859283,0.0,0.0
0.0,,40.95874786376953,0.020858164876699448,0.0,0.0
0.0,,40.95874786376953,0.023837901651859283,0.0,0.0
0.0,,40.95874786376953,0.020858164876699448,0.0,0.0
0.0,,40.95874786376953,0.017878426238894463,0.0,0.0
0.0,,40.95874786376953,0.020858164876699448,0.0,0.0
0.0,,40.95874786376953,0.020858164876699448,0.0,0.0
0.0,,40.95874786376953,0.020858164876699448,0.0,0.0
0.0,,40.95874786376953,0.023837901651859283,0.0,0.0
0.0,,40.95874786376953,0.023837901651859283,0.0,0.0
0.0,,40.95874786376953,0.020858164876699448,0.0,0.0
0.0,,40.95874786376953,0.023837901651859283,0.0,0.0
0.0,,40.95874786376953,0.023837901651859283,0.0,0.0
0.0,,40.95874786376953,0.020858164876699448,0.0,0.0
0.0,,40.95874786376953,0.020858164876699448,0.0,0.0
0.0,,40.95874786376953,0.017878426238894463,0.0,0.0
0.0,,40.95874786376953,0.020858164876699448,0.0,0.0
0.0,,40.95874786376953,0.020858164876699448,0.0,0.0
0.0,,40.95874786376953,0.020858164876699448,0.0,0.0
0.0,,40.95874786376953,0.017878426238894463,0.0,0.0
0.0,,40.95874786376953,0.020858164876699448,0.0,0.0
0.0,,40.95874786376953,0.020858164876699448,0.0,0.0
0.0,,40.95874786376953,0.020858164876699448,0.0,0.0
0.0,,40.95874786376953,0.020858164876699448,0.0,0.0
0.0,,40.95874786376953,0.020858164876699448,0.0,0.0
0.0,,40.95874786376953,0.020858164876699448,0.0,0.0
0.0,,40.95874786376953,0.020858164876699448,0.0,0.0
0.0,,40.95874786376953,0.017878426238894463,0.0,0.0
0.0,,40.95874786376953,0.020858164876699448,0.0,0.0
0.0,,40.95874786376953,0.017878426238894463,0.0,0.0
0.0,,40.95874786376953,0.020858164876699448,0.0,0.0
0.0,,40.95874786376953,0.017878426238894463,0.0,0.0
0.0,,40.95874786376953,0.023837901651859283,0.0,0.0
0.0,,40.95874786376953,0.020858164876699448,0.0,0.0
0.0,,40.95874786376953,0.017878426238894463,0.0,0.0
0.0,,40.95874786376953,0.020858164876699448,0.0,0.0
0.0,,40.95874786376953,0.020858164876699448,0.0,0.0
0.0,,40.95874786376953,0.017878426238894463,0.0,0.0
0.0,,40.95874786376953,0.020858164876699448,0.0,0.0
0.0,,40.95874786376953,0.020858164876699448,0.0,0.0
0.0,,40.95874786376953,0.017878426238894463,0.0,0.0
0.0,,40.95874786376953,0.017878426238894463,0.0,0.0
0.0,,40.95874786376953,0.020858164876699448,0.0,0.0
0.0,,40.95874786376953,0.017878426238894463,0.0,0.0
0.0,,40.95874786376953,0.020858164876699448,0.0,0.0
0.0,,40.95874786376953,0.020858164876699448,0.0,0.0
0.0,,40.95874786376953,0.020858164876699448,0.0,0.0
0.0,,40.95874786376953,0.023837901651859283,0.0,0.0
0.0,,40.95874786376953,0.020858164876699448,0.0,0.0
0.0,,40.95874786376953,0.017878426238894463,0.0,0.0
0.0,,40.95874786376953,0.020858164876699448,0.0,0.0
0.0,,40.95874786376953,0.020858164876699448,0.0,0.0
0.0,,40.95874786376953,0.017878426238894463,0.0,0.0
0.0,,40.95874786376953,0.017878426238894463,0.0,0.0
0.0,,40.95874786376953,0.020858164876699448,0.0,0.0
0.0,,40.95874786376953,0.023837901651859283,0.0,0.0
0.0,,40.95874786376953,0.020858164876699448,0.0,0.0
0.0,,40.95874786376953,0.020858164876699448,0.0,0.0
0.0,,40.95874786376953,0.017878426238894463,0.0,0.0
0.0,,40.95874786376953,0.017878426238894463,0.0,0.0
0.0,,40.95874786376953,0.023837901651859283,0.0,0.0
0.0,,40.95874786376953,0.020858164876699448,0.0,0.0
0.0,,40.95874786376953,0.023837901651859283,0.0,0.0
0.0,,40.95874786376953,0.020858164876699448,0.0,0.0
0.0,,40.95874786376953,0.020858164876699448,0.0,0.0
0.0,,40.95874786376953,0.020858164876699448,0.0,0.0
0.0,,40.95874786376953,0.020858164876699448,0.0,0.0
0.0,,40.95874786376953,0.020858164876699448,0.0,0.0
0.0,,40.95874786376953,0.023837901651859283,0.0,0.0
0.0,,40.95874786376953,0.014898688532412052,0.0,0.0
0.0,,40.95874786376953,0.023837901651859283,0.0,0.0
0.0,,40.95874786376953,0.020858164876699448,0.0,0.0
0.0,,40.95874786376953,0.020858164876699448,0.0,0.0
0.0,,40.95874786376953,0.020858164876699448,0.0,0.0
0.0,,40.95874786376953,0.020858164876699448,0.0,0.0
0.0,,40.95874786376953,0.020858164876699448,0.0,0.0
0.0,,40.95874786376953,0.023837901651859283,0.0,0.0
0.0,,40.95874786376953,0.020858164876699448,0.0,0.0
0.0,,40.95874786376953,0.020858164876699448,0.0,0.0
0.0,,40.95874786376953,0.020858164876699448,0.0,0.0
0.0,,40.95874786376953,0.020858164876699448,0.0,0.0
0.0,,40.95874786376953,0.020858164876699448,0.0,0.0
0.0,,40.95874786376953,0.020858164876699448,0.0,0.0
0.0,,40.95874786376953,0.020858164876699448,0.0,0.0
0.0,,40.95874786376953,0.023837901651859283,0.0,0.0
0.0,,40.95874786376953,0.020858164876699448,0.0,0.0
0.0,,40.95874786376953,0.020858164876699448,0.0,0.0
0.0,,40.95874786376953,0.017878426238894463,0.0,0.0
0.0,,40.95874786376953,0.017878426238894463,0.0,0.0
0.0,,40.95874786376953,0.020858164876699448,0.0,0.0
0.0,,40.95874786376953,0.020858164876699448,0.0,0.0
0.0,,40.95874786376953,0.020858164876699448,0.0,0.0
0.0,,40.95874786376953,0.017878426238894463,0.0,0.0
0.0,,40.95874786376953,0.020858164876699448,0.0,0.0
0.0,,40.95874786376953,0.020858164876699448,0.0,0.0
0.0,,40.95874786376953,0.020858164876699448,0.0,0.0
0.0,,40.95874786376953,0.017878426238894463,0.0,0.0
0.0,,40.95874786376953,0.020858164876699448,0.0,0.0
0.0,,40.95874786376953,0.020858164876699448,0.0,0.0
0.0,,40.95874786376953,0.020858164876699448,0.0,0.0
0.0,,40.95874786376953,0.017878426238894463,0.0,0.0
0.0,,40.95874786376953,0.020858164876699448,0.0,0.0
0.0,,40.95874786376953,0.020858164876699448,0.0,0.0
0.0,,40.95874786376953,0.020858164876699448,0.0,0.0
0.0,,40.95874786376953,0.020858164876699448,0.0,0.0
0.0,,40.95874786376953,0.017878426238894463,0.0,0.0
0.0,,40.95874786376953,0.017878426238894463,0.0,0.0
0.0,,40.95874786376953,0.020858164876699448,0.0,0.0
0.0,,40.95874786376953,0.023837901651859283,0.0,0.0
0.0,,40.95874786376953,0.023837901651859283,0.0,0.0
0.0,,40.95874786376953,0.020858164876699448,0.0,0.0
0.0,,40.95874786376953,0.020858164876699448,0.0,0.0
0.0,,40.95874786376953,0.020858164876699448,0.0,0.0
0.0,,40.95874786376953,0.020858164876699448,0.0,0.0
0.0,,40.95874786376953,0.023837901651859283,0.0,0.0
0.0,,40.95874786376953,0.020858164876699448,0.0,0.0
0.0,,40.95874786376953,0.017878426238894463,0.0,0.0
0.0,,40.95874786376953,0.023837901651859283,0.0,0.0
0.0,,40.95874786376953,0.020858164876699448,0.0,0.0
0.0,,40.95874786376953,0.020858164876699448,0.0,0.0
0.0,,40.95874786376953,0.023837901651859283,0.0,0.0
0.0,,40.95874786376953,0.023837901651859283,0.0,0.0
0.0,,40.95874786376953,0.020858164876699448,0.0,0.0
0.0,,40.95874786376953,0.023837901651859283,0.0,0.0
0.0,,40.95874786376953,0.023837901651859283,0.0,0.0
0.0,,40.95874786376953,0.020858164876699448,0.0,0.0
0.0,,40.95874786376953,0.023837901651859283,0.0,0.0
0.0,,40.95874786376953,0.020858164876699448,0.0,0.0
0.0,,40.95874786376953,0.020858164876699448,0.0,0.0
0.0,,40.95874786376953,0.020858164876699448,0.0,0.0
0.0,,40.95874786376953,0.020858164876699448,0.0,0.0
0.0,,40.95874786376953,0.023837901651859283,0.0,0.0
0.0,,40.95874786376953,0.020858164876699448,0.0,0.0
0.0,,40.95874786376953,0.020858164876699448,0.0,0.0
0.0,,40.95874786376953,0.020858164876699448,0.0,0.0
0.0,,40.95874786376953,0.023837901651859283,0.0,0.0
0.0,,40.95874786376953,0.020858164876699448,0.0,0.0
0.0,,40.95874786376953,0.020858164876699448,0.0,0.0
0.0,,40.95874786376953,0.017878426238894463,0.0,0.0
0.0,,40.95874786376953,0.020858164876699448,0.0,0.0
0.0,,40.95874786376953,0.020858164876699448,0.0,0.0
0.0,,40.95874786376953,0.020858164876699448,0.0,0.0
0.0,,40.95874786376953,0.020858164876699448,0.0,0.0
0.0,,40.95874786376953,0.023837901651859283,0.0,0.0
0.0,,40.95874786376953,0.023837901651859283,0.0,0.0
0.0,,40.95874786376953,0.017878426238894463,0.0,0.0
0.0,,40.95874786376953,0.020858164876699448,0.0,0.0
0.0,,40.95874786376953,0.020858164876699448,0.0,0.0
0.0,,40.95874786376953,0.020858164876699448,0.0,0.0
0.0,,40.95874786376953,0.020858164876699448,0.0,0.0
0.0,,40.95874786376953,0.020858164876699448,0.0,0.0
0.0,,40.95874786376953,0.020858164876699448,0.0,0.0
0.0,,40.95874786376953,0.020858164876699448,0.0,0.0
0.0,,40.95874786376953,0.023837901651859283,0.0,0.0
0.0,,40.95874786376953,0.020858164876699448,0.0,0.0
0.0,,40.95874786376953,0.020858164876699448,0.0,0.0
0.0,,40.95874786376953,0.020858164876699448,0.0,0.0
0.0,,40.95874786376953,0.023837901651859283,0.0,0.0
0.0,,40.95874786376953,0.02681763842701912,0.0,0.0
0.0,,40.95874786376953,0.020858164876699448,0.0,0.0
0.0,,40.95874786376953,0.020858164876699448,0.0,0.0
0.0,,40.95874786376953,0.020858164876699448,0.0,0.0
0.0,,40.95874786376953,0.020858164876699448,0.0,0.0
0.0,,40.95874786376953,0.023837901651859283,0.0,0.0
0.0,,40.95874786376953,0.020858164876699448,0.0,0.0
0.0,,40.95874786376953,0.020858164876699448,0.0,0.0
0.0,,40.95874786376953,0.020858164876699448,0.0,0.0
0.0,,40.95874786376953,0.020858164876699448,0.0,0.0
0.0,,40.95874786376953,0.017878426238894463,0.0,0.0
0.0,,40.95874786376953,0.020858164876699448,0.0,0.0
0.0,,40.95874786376953,0.020858164876699448,0.0,0.0
0.0,,40.95874786376953,0.020858164876699448,0.0,0.0
0.0,,40.95874786376953,0.017878426238894463,0.0,0.0
0.0,,40.95874786376953,0.020858164876699448,0.0,0.0
0.0,,40.95874786376953,0.020858164876699448,0.0,0.0
0.0,,40.95874786376953,0.020858164876699448,0.0,0.0
0.0,,40.95874786376953,0.023837901651859283,0.0,0.0
0.0,,40.95874786376953,0.020858164876699448,0.0,0.0
0.0,,40.95874786376953,0.020858164876699448,0.0,0.0
0.0,,40.95874786376953,0.020858164876699448,0.0,0.0
0.0,,40.95874786376953,0.020858164876699448,0.0,0.0
0.0,,40.95874786376953,0.020858164876699448,0.0,0.0
0.0,,40.95874786376953,0.020858164876699448,0.0,0.0
0.0,,40.95874786376953,0.017878426238894463,0.0,0.0
0.0,,40.95874786376953,0.017878426238894463,0.0,0.0
0.0,,40.95874786376953,0.020858164876699448,0.0,0.0
0.0,,40.95874786376953,0.020858164876699448,0.0,0.0
0.0,,40.95874786376953,0.023837901651859283,0.0,0.0
0.0,,40.95874786376953,0.023837901651859283,0.0,0.0
0.0,,40.95874786376953,0.023837901651859283,0.0,0.0
0.0,,40.95874786376953,0.014898688532412052,0.0,0.0
0.0,,40.95874786376953,0.020858164876699448,0.0,0.0
0.0,,40.95874786376953,0.017878426238894463,0.0,0.0
0.0,,40.95874786376953,0.014898688532412052,0.0,0.0
0.0,,40.95874786376953,0.017878426238894463,0.0,0.0
0.0,,40.95874786376953,0.020858164876699448,0.0,0.0
0.0,,40.95874786376953,0.017878426238894463,0.0,0.0
0.0,,40.95874786376953,0.020858164876699448,0.0,0.0
0.0,,40.95874786376953,0.017878426238894463,0.0,0.0
0.0,,40.95874786376953,0.017878426238894463,0.0,0.0
0.0,,40.95874786376953,0.020858164876699448,0.0,0.0
0.0,,40.95874786376953,0.020858164876699448,0.0,0.0
0.0,,40.95874786376953,0.020858164876699448,0.0,0.0
0.0,,40.95874786376953,0.02681763842701912,0.0,0.0
0.0,,40.95874786376953,0.020858164876699448,0.0,0.0
0.0,,40.95874786376953,0.020858164876699448,0.0,0.0
0.0,,40.95874786376953,0.020858164876699448,0.0,0.0
0.0,,40.95874786376953,0.020858164876699448,0.0,0.0
0.0,,40.95874786376953,0.020858164876699448,0.0,0.0
0.0,,40.95874786376953,0.020858164876699448,0.0,0.0
0.0,,40.95874786376953,0.023837901651859283,0.0,0.0
0.0,,40.95874786376953,0.023837901651859283,0.0,0.0
0.0,,40.95874786376953,0.020858164876699448,0.0,0.0
0.0,,40.95874786376953,0.023837901651859283,0.0,0.0
0.0,,40.95874786376953,0.020858164876699448,0.0,0.0
0.0,,40.95874786376953,0.020858164876699448,0.0,0.0
0.0,,40.95874786376953,0.020858164876699448,0.0,0.0
0.0,,40.95874786376953,0.023837901651859283,0.0,0.0
0.0,,40.95874786376953,0.020858164876699448,0.0,0.0
0.0,,40.95874786376953,0.020858164876699448,0.0,0.0
0.0,,40.95874786376953,0.020858164876699448,0.0,0.0
0.0,,40.95874786376953,0.017878426238894463,0.0,0.0
0.0,,40.95874786376953,0.020858164876699448,0.0,0.0
0.0,,40.95874786376953,0.020858164876699448,0.0,0.0
0.0,,40.95874786376953,0.023837901651859283,0.0,0.0
0.0,,40.95874786376953,0.020858164876699448,0.0,0.0
0.0,,40.95874786376953,0.020858164876699448,0.0,0.0
0.0,,40.95874786376953,0.020858164876699448,0.0,0.0
0.0,,40.95874786376953,0.020858164876699448,0.0,0.0
0.0,,40.95874786376953,0.023837901651859283,0.0,0.0
0.0,,40.95874786376953,0.017878426238894463,0.0,0.0
0.0,,40.95874786376953,0.020858164876699448,0.0,0.0
0.0,,40.95874786376953,0.020858164876699448,0.0,0.0
0.0,,40.95874786376953,0.020858164876699448,0.0,0.0
0.0,,40.95874786376953,0.017878426238894463,0.0,0.0
0.0,,40.95874786376953,0.020858164876699448,0.0,0.0
0.0,,40.95874786376953,0.020858164876699448,0.0,0.0
0.0,,40.95874786376953,0.020858164876699448,0.0,0.0
0.0,,40.95874786376953,0.02681763842701912,0.0,0.0
0.0,,40.95874786376953,0.017878426238894463,0.0,0.0
0.0,,40.95874786376953,0.020858164876699448,0.0,0.0
0.0,,40.95874786376953,0.020858164876699448,0.0,0.0
0.0,,40.95874786376953,0.017878426238894463,0.0,0.0
0.0,,40.95874786376953,0.020858164876699448,0.0,0.0
0.0,,40.95874786376953,0.020858164876699448,0.0,0.0
0.0,,40.95874786376953,0.023837901651859283,0.0,0.0
0.0,,40.95874786376953,0.020858164876699448,0.0,0.0
0.0,,40.95874786376953,0.020858164876699448,0.0,0.0
0.0,,40.95874786376953,0.020858164876699448,0.0,0.0
0.0,,40.95874786376953,0.020858164876699448,0.0,0.0
0.0,,40.95874786376953,0.020858164876699448,0.0,0.0
0.0,,40.95874786376953,0.017878426238894463,0.0,0.0
0.0,,40.95874786376953,0.017878426238894463,0.0,0.0
0.0,,40.95874786376953,0.020858164876699448,0.0,0.0
0.0,,40.95874786376953,0.017878426238894463,0.0,0.0
0.0,,40.95874786376953,0.017878426238894463,0.0,0.0
0.0,,40.95874786376953,0.020858164876699448,0.0,0.0
0.0,,40.95874786376953,0.017878426238894463,0.0,0.0
0.0,,40.95874786376953,0.020858164876699448,0.0,0.0
0.0,,40.95874786376953,0.023837901651859283,0.0,0.0
0.0,,40.95874786376953,0.017878426238894463,0.0,0.0
0.0,,40.95874786376953,0.014898688532412052,0.0,0.0
0.0,,40.95874786376953,0.020858164876699448,0.0,0.0
0.0,,40.95874786376953,0.017878426238894463,0.0,0.0
0.0,,40.95874786376953,0.020858164876699448,0.0,0.0
0.0,,40.95874786376953,0.020858164876699448,0.0,0.0
0.0,,40.95874786376953,0.020858164876699448,0.0,0.0
0.0,,40.95874786376953,0.020858164876699448,0.0,0.0
0.0,,40.95874786376953,0.020858164876699448,0.0,0.0
0.0,,40.95874786376953,0.020858164876699448,0.0,0.0
0.0,,40.95874786376953,0.023837901651859283,0.0,0.0
0.0,,40.95874786376953,0.020858164876699448,0.0,0.0
0.0,,40.95874786376953,0.020858164876699448,0.0,0.0
0.0,,40.95874786376953,0.020858164876699448,0.0,0.0
0.0,,40.95874786376953,0.017878426238894463,0.0,0.0
0.0,,40.95874786376953,0.023837901651859283,0.0,0.0
0.0,,40.95874786376953,0.020858164876699448,0.0,0.0
0.0,,40.95874786376953,0.017878426238894463,0.0,0.0
0.0,,40.95874786376953,0.017878426238894463,0.0,0.0
0.0,,40.95874786376953,0.020858164876699448,0.0,0.0
0.0,,40.95874786376953,0.020858164876699448,0.0,0.0
0.0,,40.95874786376953,0.020858164876699448,0.0,0.0
0.0,,40.95874786376953,0.017878426238894463,0.0,0.0
0.0,,40.95874786376953,0.020858164876699448,0.0,0.0
0.0,,40.95874786376953,0.020858164876699448,0.0,0.0
0.0,,40.95874786376953,0.020858164876699448,0.0,0.0
0.0,,40.95874786376953,0.017878426238894463,0.0,0.0
0.0,,40.95874786376953,0.020858164876699448,0.0,0.0
0.0,,40.95874786376953,0.020858164876699448,0.0,0.0
0.0,,40.95874786376953,0.020858164876699448,0.0,0.0
0.0,,40.95874786376953,0.020858164876699448,0.0,0.0
0.0,,40.95874786376953,0.020858164876699448,0.0,0.0
0.0,,40.95874786376953,0.020858164876699448,0.0,0.0
0.0,,40.95874786376953,0.020858164876699448,0.0,0.0
0.0,,40.95874786376953,0.020858164876699448,0.0,0.0
0.0,,40.95874786376953,0.017878426238894463,0.0,0.0
0.0,,40.95874786376953,0.020858164876699448,0.0,0.0
0.0,,40.95874786376953,0.020858164876699448,0.0,0.0
0.0,,40.95874786376953,0.020858164876699448,0.0,0.0
0.0,,40.95874786376953,0.023837901651859283,0.0,0.0
0.0,,40.95874786376953,0.020858164876699448,0.0,0.0
0.0,,40.95874786376953,0.020858164876699448,0.0,0.0
0.0,,40.95874786376953,0.020858164876699448,0.0,0.0
0.0,,40.95874786376953,0.020858164876699448,0.0,0.0
0.0,,40.95874786376953,0.020858164876699448,0.0,0.0
0.0,,40.95874786376953,0.020858164876699448,0.0,0.0
0.0,,40.95874786376953,0.020858164876699448,0.0,0.0
0.0,,40.95874786376953,0.023837901651859283,0.0,0.0
0.0,,40.95874786376953,0.020858164876699448,0.0,0.0
0.0,,40.95874786376953,0.023837901651859283,0.0,0.0
0.0,,40.95874786376953,0.020858164876699448,0.0,0.0
0.0,,40.95874786376953,0.023837901651859283,0.0,0.0
0.0,,40.95874786376953,0.023837901651859283,0.0,0.0
0.0,,40.95874786376953,0.020858164876699448,0.0,0.0
0.0,,40.95874786376953,0.020858164876699448,0.0,0.0
0.0,,40.95874786376953,0.020858164876699448,0.0,0.0
0.0,,40.95874786376953,0.017878426238894463,0.0,0.0
0.0,,40.95874786376953,0.017878426238894463,0.0,0.0
0.0,,40.95874786376953,0.020858164876699448,0.0,0.0
0.0,,40.95874786376953,0.017878426238894463,0.0,0.0
0.0,,40.95874786376953,0.020858164876699448,0.0,0.0
0.0,,40.95874786376953,0.020858164876699448,0.0,0.0
0.0,,40.95874786376953,0.020858164876699448,0.0,0.0
0.0,,40.95874786376953,0.017878426238894463,0.0,0.0
0.0,,40.95874786376953,0.020858164876699448,0.0,0.0
0.0,,40.95874786376953,0.023837901651859283,0.0,0.0
0.0,,40.95874786376953,0.017878426238894463,0.0,0.0
0.0,,40.95874786376953,0.020858164876699448,0.0,0.0
0.0,,40.95874786376953,0.020858164876699448,0.0,0.0
0.0,,40.95874786376953,0.017878426238894463,0.0,0.0
0.0,,40.95874786376953,0.023837901651859283,0.0,0.0
0.0,,40.95874786376953,0.020858164876699448,0.0,0.0
0.0,,40.95874786376953,0.020858164876699448,0.0,0.0
0.0,,40.95874786376953,0.017878426238894463,0.0,0.0
0.0,,40.95874786376953,0.020858164876699448,0.0,0.0
0.0,,40.95874786376953,0.023837901651859283,0.0,0.0
0.0,,40.95874786376953,0.023837901651859283,0.0,0.0
0.0,,40.95874786376953,0.020858164876699448,0.0,0.0
0.0,,40.95874786376953,0.020858164876699448,0.0,0.0
0.0,,40.95874786376953,0.020858164876699448,0.0,0.0
0.0,,40.95874786376953,0.023837901651859283,0.0,0.0
0.0,,40.95874786376953,0.023837901651859283,0.0,0.0
0.0,,40.95874786376953,0.020858164876699448,0.0,0.0
0.0,,40.95874786376953,0.020858164876699448,0.0,0.0
0.0,,40.95874786376953,0.020858164876699448,0.0,0.0
0.0,,40.95874786376953,0.017878426238894463,0.0,0.0
0.0,,40.95874786376953,0.017878426238894463,0.0,0.0
0.0,,40.95874786376953,0.020858164876699448,0.0,0.0
0.0,,40.95874786376953,0.023837901651859283,0.0,0.0
0.0,,40.95874786376953,0.020858164876699448,0.0,0.0
0.0,,40.95874786376953,0.020858164876699448,0.0,0.0
0.0,,40.95874786376953,0.020858164876699448,0.0,0.0
0.0,,40.95874786376953,0.020858164876699448,0.0,0.0
0.0,,40.95874786376953,0.017878426238894463,0.0,0.0
0.0,,40.95874786376953,0.020858164876699448,0.0,0.0
0.0,,40.95874786376953,0.020858164876699448,0.0,0.0
0.0,,40.95874786376953,0.023837901651859283,0.0,0.0
0.0,,40.95874786376953,0.017878426238894463,0.0,0.0
0.0,,40.95874786376953,0.017878426238894463,0.0,0.0
0.0,,40.95874786376953,0.023837901651859283,0.0,0.0
0.0,,40.95874786376953,0.017878426238894463,0.0,0.0
0.0,,40.95874786376953,0.020858164876699448,0.0,0.0
0.0,,40.95874786376953,0.017878426238894463,0.0,0.0
0.0,,40.95874786376953,0.023837901651859283,0.0,0.0
0.0,,40.95874786376953,0.020858164876699448,0.0,0.0
0.0,,40.95874786376953,0.023837901651859283,0.0,0.0
0.0,,40.95874786376953,0.020858164876699448,0.0,0.0
0.0,,40.95874786376953,0.017878426238894463,0.0,0.0
0.0,,40.95874786376953,0.023837901651859283,0.0,0.0
0.0,,40.95874786376953,0.017878426238894463,0.0,0.0
0.0,,40.95874786376953,0.020858164876699448,0.0,0.0
0.0,,40.95874786376953,0.020858164876699448,0.0,0.0
0.0,,40.95874786376953,0.017878426238894463,0.0,0.0
0.0,,40.95874786376953,0.020858164876699448,0.0,0.0
0.0,,40.95874786376953,0.020858164876699448,0.0,0.0
0.0,,40.95874786376953,0.017878426238894463,0.0,0.0
0.0,,40.95874786376953,0.020858164876699448,0.0,0.0
0.0,,40.95874786376953,0.020858164876699448,0.0,0.0
0.0,,40.95874786376953,0.020858164876699448,0.0,0.0
0.0,,40.95874786376953,0.020858164876699448,0.0,0.0
0.0,,40.95874786376953,0.020858164876699448,0.0,0.0
0.0,,40.95874786376953,0.017878426238894463,0.0,0.0
0.0,,40.95874786376953,0.020858164876699448,0.0,0.0
0.0,,40.95874786376953,0.020858164876699448,0.0,0.0
0.0,,40.95874786376953,0.023837901651859283,0.0,0.0
0.0,,40.95874786376953,0.017878426238894463,0.0,0.0
0.0,,40.95874786376953,0.020858164876699448,0.0,0.0
0.0,,40.95874786376953,0.020858164876699448,0.0,0.0
0.0,,40.95874786376953,0.020858164876699448,0.0,0.0
0.0,,40.95874786376953,0.020858164876699448,0.0,0.0
0.0,,40.95874786376953,0.017878426238894463,0.0,0.0
0.0,,40.95874786376953,0.020858164876699448,0.0,0.0
0.0,,40.95874786376953,0.023837901651859283,0.0,0.0
0.0,,40.95874786376953,0.020858164876699448,0.0,0.0
0.0,,40.95874786376953,0.023837901651859283,0.0,0.0
0.0,,40.95874786376953,0.023837901651859283,0.0,0.0
0.0,,40.95874786376953,0.020858164876699448,0.0,0.0
0.0,,40.95874786376953,0.020858164876699448,0.0,0.0
0.0,,40.95874786376953,0.020858164876699448,0.0,0.0
0.0,,40.95874786376953,0.023837901651859283,0.0,0.0
0.0,,40.95874786376953,0.017878426238894463,0.0,0.0
0.0,,40.95874786376953,0.020858164876699448,0.0,0.0
0.0,,40.95874786376953,0.020858164876699448,0.0,0.0
0.0,,40.95874786376953,0.020858164876699448,0.0,0.0
0.0,,40.95874786376953,0.020858164876699448,0.0,0.0
0.0,,40.95874786376953,0.017878426238894463,0.0,0.0
0.0,,40.95874786376953,0.020858164876699448,0.0,0.0
0.0,,40.95874786376953,0.020858164876699448,0.0,0.0
0.0,,40.95874786376953,0.020858164876699448,0.0,0.0
0.0,,40.95874786376953,0.020858164876699448,0.0,0.0
0.0,,40.95874786376953,0.020858164876699448,0.0,0.0
0.0,,40.95874786376953,0.017878426238894463,0.0,0.0
0.0,,40.95874786376953,0.020858164876699448,0.0,0.0
0.0,,40.95874786376953,0.020858164876699448,0.0,0.0
0.0,,40.95874786376953,0.014898688532412052,0.0,0.0
0.0,,40.95874786376953,0.020858164876699448,0.0,0.0
0.0,,40.95874786376953,0.017878426238894463,0.0,0.0
0.0,,40.95874786376953,0.023837901651859283,0.0,0.0
0.0,,40.95874786376953,0.020858164876699448,0.0,0.0
0.0,,40.95874786376953,0.017878426238894463,0.0,0.0
0.0,,40.95874786376953,0.020858164876699448,0.0,0.0
0.0,,40.95874786376953,0.020858164876699448,0.0,0.0
0.0,,40.95874786376953,0.020858164876699448,0.0,0.0
0.0,,40.95874786376953,0.020858164876699448,0.0,0.0
0.0,,40.95874786376953,0.017878426238894463,0.0,0.0
0.0,,40.95874786376953,0.017878426238894463,0.0,0.0
0.0,,40.95874786376953,0.020858164876699448,0.0,0.0
0.0,,40.95874786376953,0.020858164876699448,0.0,0.0
0.0,,40.95874786376953,0.023837901651859283,0.0,0.0
0.0,,40.95874786376953,0.017878426238894463,0.0,0.0
0.0,,40.95874786376953,0.020858164876699448,0.0,0.0
0.0,,40.95874786376953,0.023837901651859283,0.0,0.0
0.0,,40.95874786376953,0.017878426238894463,0.0,0.0
0.0,,40.95874786376953,0.020858164876699448,0.0,0.0
0.0,,40.95874786376953,0.020858164876699448,0.0,0.0
0.0,,40.95874786376953,0.020858164876699448,0.0,0.0
0.0,,40.95874786376953,0.020858164876699448,0.0,0.0
0.0,,40.95874786376953,0.017878426238894463,0.0,0.0
0.0,,40.95874786376953,0.017878426238894463,0.0,0.0
0.0,,40.95874786376953,0.017878426238894463,0.0,0.0
0.0,,40.95874786376953,0.017878426238894463,0.0,0.0
0.0,,40.95874786376953,0.020858164876699448,0.0,0.0
0.0,,40.95874786376953,0.020858164876699448,0.0,0.0
0.0,,40.95874786376953,0.020858164876699448,0.0,0.0
0.0,,40.95874786376953,0.020858164876699448,0.0,0.0
0.0,,40.95874786376953,0.017878426238894463,0.0,0.0
0.0,,40.95874786376953,0.023837901651859283,0.0,0.0
0.0,,40.95874786376953,0.023837901651859283,0.0,0.0
0.0,,40.95874786376953,0.020858164876699448,0.0,0.0
0.0,,40.95874786376953,0.020858164876699448,0.0,0.0
0.0,,40.95874786376953,0.020858164876699448,0.0,0.0
0.0,,40.95874786376953,0.017878426238894463,0.0,0.0
0.0,,40.95874786376953,0.020858164876699448,0.0,0.0
0.0,,40.95874786376953,0.020858164876699448,0.0,0.0
0.0,,40.95874786376953,0.023837901651859283,0.0,0.0
0.0,,40.95874786376953,0.020858164876699448,0.0,0.0
0.0,,40.95874786376953,0.020858164876699448,0.0,0.0
0.0,,40.95874786376953,0.017878426238894463,0.0,0.0
0.0,,40.95874786376953,0.017878426238894463,0.0,0.0
0.0,,40.95874786376953,0.020858164876699448,0.0,0.0
0.0,,40.95874786376953,0.020858164876699448,0.0,0.0
0.0,,40.95874786376953,0.020858164876699448,0.0,0.0
0.0,,40.95874786376953,0.020858164876699448,0.0,0.0
0.0,,40.95874786376953,0.020858164876699448,0.0,0.0
0.0,,40.95874786376953,0.020858164876699448,0.0,0.0
0.0,,40.95874786376953,0.020858164876699448,0.0,0.0
0.0,,40.95874786376953,0.020858164876699448,0.0,0.0
0.0,,40.95874786376953,0.020858164876699448,0.0,0.0
0.0,,40.95874786376953,0.020858164876699448,0.0,0.0
0.0,,40.95874786376953,0.023837901651859283,0.0,0.0
0.0,,40.95874786376953,0.020858164876699448,0.0,0.0
0.0,,40.95874786376953,0.020858164876699448,0.0,0.0
0.0,,40.95874786376953,0.020858164876699448,0.0,0.0
0.0,,40.95874786376953,0.020858164876699448,0.0,0.0
0.0,,40.95874786376953,0.020858164876699448,0.0,0.0
0.0,,40.95874786376953,0.023837901651859283,0.0,0.0
0.0,,40.95874786376953,0.020858164876699448,0.0,0.0
0.0,,40.95874786376953,0.020858164876699448,0.0,0.0
0.0,,40.95874786376953,0.020858164876699448,0.0,0.0
0.0,,40.95874786376953,0.017878426238894463,0.0,0.0
0.0,,40.95874786376953,0.020858164876699448,0.0,0.0
0.0,,40.95874786376953,0.020858164876699448,0.0,0.0
0.0,,40.95874786376953,0.020858164876699448,0.0,0.0
0.0,,40.95874786376953,0.017878426238894463,0.0,0.0
0.0,,40.95874786376953,0.020858164876699448,0.0,0.0
0.0,,40.95874786376953,0.020858164876699448,0.0,0.0
0.0,,40.95874786376953,0.017878426238894463,0.0,0.0
0.0,,40.95874786376953,0.020858164876699448,0.0,0.0
0.0,,40.95874786376953,0.020858164876699448,0.0,0.0
0.0,,40.95874786376953,0.020858164876699448,0.0,0.0
0.0,,40.95874786376953,0.020858164876699448,0.0,0.0
0.0,,40.95874786376953,0.020858164876699448,0.0,0.0
0.0,,40.95874786376953,0.020858164876699448,0.0,0.0
0.0,,40.95874786376953,0.020858164876699448,0.0,0.0
0.0,,40.95874786376953,0.020858164876699448,0.0,0.0
0.0,,40.95874786376953,0.020858164876699448,0.0,0.0
0.0,,40.95874786376953,0.023837901651859283,0.0,0.0
0.0,,40.95874786376953,0.020858164876699448,0.0,0.0
0.0,,40.95874786376953,0.023837901651859283,0.0,0.0
0.0,,40.95874786376953,0.017878426238894463,0.0,0.0
0.0,,40.95874786376953,0.020858164876699448,0.0,0.0
0.0,,40.95874786376953,0.020858164876699448,0.0,0.0
0.0,,40.95874786376953,0.020858164876699448,0.0,0.0
0.0,,40.95874786376953,0.020858164876699448,0.0,0.0
0.0,,40.95874786376953,0.020858164876699448,0.0,0.0
0.0,,40.95874786376953,0.017878426238894463,0.0,0.0
0.0,,40.95874786376953,0.020858164876699448,0.0,0.0
0.0,,40.95874786376953,0.020858164876699448,0.0,0.0
0.0,,40.95874786376953,0.020858164876699448,0.0,0.0
0.0,,40.95874786376953,0.020858164876699448,0.0,0.0
0.0,,40.95874786376953,0.020858164876699448,0.0,0.0
0.0,,40.95874786376953,0.020858164876699448,0.0,0.0
0.0,,40.95874786376953,0.020858164876699448,0.0,0.0
0.0,,40.95874786376953,0.023837901651859283,0.0,0.0
0.0,,40.95874786376953,0.020858164876699448,0.0,0.0
0.0,,40.95874786376953,0.023837901651859283,0.0,0.0
0.0,,40.95874786376953,0.023837901651859283,0.0,0.0
0.0,,40.95874786376953,0.023837901651859283,0.0,0.0
0.0,,40.95874786376953,0.020858164876699448,0.0,0.0
0.0,,40.95874786376953,0.020858164876699448,0.0,0.0
0.0,,40.95874786376953,0.020858164876699448,0.0,0.0
0.0,,40.95874786376953,0.020858164876699448,0.0,0.0
0.0,,40.95874786376953,0.020858164876699448,0.0,0.0
0.0,,40.95874786376953,0.020858164876699448,0.0,0.0
0.0,,40.95874786376953,0.020858164876699448,0.0,0.0
0.0,,40.95874786376953,0.023837901651859283,0.0,0.0
0.0,,40.95874786376953,0.017878426238894463,0.0,0.0
0.0,,40.95874786376953,0.020858164876699448,0.0,0.0
0.0,,40.95874786376953,0.020858164876699448,0.0,0.0
0.0,,40.95874786376953,0.020858164876699448,0.0,0.0
0.0,,40.95874786376953,0.020858164876699448,0.0,0.0
0.0,,40.95874786376953,0.023837901651859283,0.0,0.0
0.0,,40.95874786376953,0.020858164876699448,0.0,0.0
0.0,,40.95874786376953,0.020858164876699448,0.0,0.0
0.0,,40.95874786376953,0.023837901651859283,0.0,0.0
0.0,,40.95874786376953,0.017878426238894463,0.0,0.0
0.0,,40.95874786376953,0.020858164876699448,0.0,0.0
0.0,,40.95874786376953,0.017878426238894463,0.0,0.0
0.0,,40.95874786376953,0.020858164876699448,0.0,0.0
0.0,,40.95874786376953,0.023837901651859283,0.0,0.0
0.0,,40.95874786376953,0.023837901651859283,0.0,0.0
0.0,,40.95874786376953,0.017878426238894463,0.0,0.0
0.0,,40.95874786376953,0.023837901651859283,0.0,0.0
0.0,,40.95874786376953,-0.13110846281051636,0.0,0.0
0.0,,40.95874786376953,-0.1340882033109665,0.0,0.0
0.0,,40.95874786376953,-0.13706792891025543,0.0,0.0
0.0,,40.95874786376953,-0.1430274099111557,0.0,0.0
0.0,,40.95874786376953,-0.14898689091205597,0.0,0.0
0.0,,40.95874786376953,-0.15494635701179504,0.0,0.0
0.0,,40.95874786376953,-0.1609058380126953,0.0,0.0
0.0,,40.95874786376953,-0.16984504461288452,0.0,0.0
0.0,,40.95874786376953,-0.17282478511333466,0.0,0.0
0.0,,39.93874740600586,-0.18772347271442413,0.0,0.0
0.0,,37.98624801635742,-0.1936829537153244,0.0,0.0
0.0,,35.41374969482422,-0.20560190081596375,0.0,0.0
0.0,,33.241249084472656,-0.2175208479166031,0.0,0.0
0.0,,30.341249465942383,-0.23837901651859283,0.0,0.0
0.0,,27.833749771118164,-0.2622169256210327,0.0,0.0
0.0,,25.112499237060547,-0.28903454542160034,0.0,0.0
0.0,,21.32499885559082,-0.3367103636264801,0.0,0.0
0.0,,17.81999969482422,-0.39928483963012695,0.0,0.0
0.0,,13.303750038146973,-0.029797377064824104,0.0,0.0
0.0,,13.296249389648438,-0.008939213119447231,0.0,0.0
0.0,,13.207499504089355,-0.011918950825929642,0.0,0.0
0.0,,13.067500114440918,-0.011918950825929642,0.0,0.0
0.0,,12.934999465942383,-0.014898688532412052,0.0,0.0
0.0,,12.758749961853027,-0.014898688532412052,0.0,0.0
0.0,,12.609999656677246,-0.014898688532412052,0.0,0.0
0.0,,12.456250190734863,-0.011918950825929642,0.0,0.0
0.0,,12.258749961853027,-0.011918950825929642,0.0,0.0
0.0,,12.098750114440918,-0.014898688532412052,0.0,0.0
0.0,,11.897500038146973,-0.011918950825929642,0.0,0.0
0.0,,11.732500076293945,-0.014898688532412052,0.0,0.0
0.0,,13.867499351501465,-0.014898688532412052,0.0,0.0
0.0,,13.59999942779541,-0.014898688532412052,0.0,0.0
0.0,,13.401249885559082,-0.014898688532412052,0.0,0.0
0.0,,13.1587495803833,-0.017878426238894463,0.0,0.0
0.0,,12.962499618530273,-0.014898688532412052,0.0,0.0
0.0,,12.772500038146973,-0.014898688532412052,0.0,0.0
0.0,,12.53125,-0.011918950825929642,0.0,0.0
0.0,,12.341249465942383,-0.017878426238894463,0.0,0.0
0.0,,12.106249809265137,-0.014898688532412052,0.0,0.0
0.0,,11.917499542236328,-0.011918950825929642,0.0,0.0
0.0,,11.729999542236328,-0.017878426238894463,0.0,0.0
0.0,,11.5024995803833,-0.011918950825929642,0.0,0.0
0.0,,11.31874942779541,-0.014898688532412052,0.0,0.0
0.0,,11.09375,-0.014898688532412052,0.0,0.0
0.0,,10.907499313354492,-0.014898688532412052,0.0,0.0
0.0,,10.71500015258789,-0.014898688532412052,0.0,0.0
0.0,,10.479999542236328,-0.014898688532412052,0.0,0.0
0.0,,10.291250228881836,-0.014898688532412052,0.0,0.0
0.0,,10.061249732971191,-0.014898688532412052,0.0,0.0
0.0,,9.872499465942383,-0.014898688532412052,0.0,0.0
0.0,,9.692500114440918,-0.011918950825929642,0.0,0.0
0.0,,9.469999313354492,-0.014898688532412052,0.0,0.0
0.0,,9.297499656677246,-0.011918950825929642,0.0,0.0
0.0,,9.074999809265137,-0.011918950825929642,0.0,0.0
0.0,,8.899999618530273,-0.011918950825929642,0.0,0.0
0.0,,8.744999885559082,-0.014898688532412052,0.0,0.0
0.0,,8.574999809265137,-0.014898688532412052,0.0,0.0
0.0,,8.43375015258789,-0.017878426238894463,0.0,0.0
0.0,,8.268750190734863,-0.017878426238894463,0.0,0.0
0.0,,8.135000228881836,-0.017878426238894463,0.0,0.0
0.0,,8.0,-0.014898688532412052,0.0,0.0
0.0,,7.828749656677246,-0.014898688532412052,0.0,0.0
0.0,,7.698750019073486,-0.014898688532412052,0.0,0.0
0.0,,7.529999732971191,-0.014898688532412052,0.0,0.0
0.0,,7.399999618530273,-0.017878426238894463,0.0,0.0
0.0,,7.262499809265137,-0.011918950825929642,0.0,0.0
0.0,,7.09375,-0.014898688532412052,0.0,0.0
0.0,,6.964999675750732,-0.011918950825929642,0.0,0.0
0.0,,6.801249980926514,-0.011918950825929642,0.0,0.0
0.0,,6.671249866485596,-0.011918950825929642,0.0,0.0
0.0,,6.546249866485596,-0.014898688532412052,0.0,0.0
0.0,,6.377500057220459,-0.014898688532412052,0.0,0.0
0.0,,6.257499694824219,-0.017878426238894463,0.0,0.0
0.0,,6.102499961853027,-0.020858164876699448,0.0,0.0
0.0,,5.97374963760376,-0.014898688532412052,0.0,0.0
0.0,,5.846250057220459,-0.017878426238894463,0.0,0.0
0.0,,5.717499732971191,-0.011918950825929642,0.0,0.0
0.0,,5.633749961853027,-0.011918950825929642,0.0,0.0
0.0,,5.543749809265137,-0.008939213119447231,0.0,0.0
0.0,,5.477499961853027,-0.011918950825929642,0.0,0.0
0.0,,7.099999904632568,-0.005959475412964821,0.0,0.0
0.0,,7.019999980926514,-0.005959475412964821,0.0,0.0
0.0,,6.960000038146973,-0.005959475412964821,0.0,0.0
0.0,,6.883749961853027,-0.005959475412964821,0.0,0.0
0.0,,6.710000038146973,-0.017878426238894463,0.0,0.0
0.0,,6.561249732971191,-0.014898688532412052,0.0,0.0
0.0,,6.372499942779541,-0.014898688532412052,0.0,0.0
0.0,,6.227499961853027,-0.017878426238894463,0.0,0.0
0.0,,6.048749923706055,-0.017878426238894463,0.0,0.0
0.0,,5.909999847412109,-0.017878426238894463,0.0,0.0
0.0,,5.769999980926514,-0.014898688532412052,0.0,0.0
0.0,,5.646249771118164,-0.011918950825929642,0.0,0.0
0.0,,5.582499980926514,-0.005959475412964821,0.0,0.0
0.0,,5.528749942779541,-0.005959475412964821,0.0,0.0
0.0,,5.476249694824219,-0.005959475412964821,0.0,0.0
0.0,,5.434999942779541,-0.008939213119447231,0.0,0.0
0.0,,5.396249771118164,-0.011918950825929642,0.0,0.0
0.0,,5.373749732971191,-0.011918950825929642,0.0,0.0
0.0,,5.342499732971191,-0.011918950825929642,0.0,0.0
0.0,,5.319999694824219,-0.011918950825929642,0.0,0.0
0.0,,5.295000076293945,-0.008939213119447231,0.0,0.0
0.0,,5.263750076293945,-0.008939213119447231,0.0,0.0
0.0,,5.238749980926514,-0.008939213119447231,0.0,0.0
0.0,,5.592499732971191,-0.011918950825929642,0.0,0.0
0.0,,5.622499942779541,-0.005959475412964821,0.0,0.0
0.0,,5.566249847412109,-0.008939213119447231,0.0,0.0
0.0,,5.498749732971191,-0.008939213119447231,0.0,0.0
0.0,,5.446249961853027,-0.008939213119447231,0.0,0.0
0.0,,5.393749713897705,-0.011918950825929642,0.0,0.0
0.0,,5.362499713897705,-0.008939213119447231,0.0,0.0
0.0,,5.333749771118164,-0.005959475412964821,0.0,0.0
0.0,,5.297499656677246,-0.011918950825929642,0.0,0.0
0.0,,5.267499923706055,-0.011918950825929642,0.0,0.0
0.0,,5.231249809265137,-0.008939213119447231,0.0,0.0
0.0,,5.203749656677246,-0.011918950825929642,0.0,0.0
0.0,,5.172499656677246,-0.008939213119447231,0.0,0.0
0.0,,5.138750076293945,-0.008939213119447231,0.0,0.0
0.0,,5.111249923706055,-0.008939213119447231,0.0,0.0
0.0,,5.077499866485596,-0.011918950825929642,0.0,0.0
0.0,,5.048749923706055,-0.008939213119447231,0.0,0.0
0.0,,5.021249771118164,-0.008939213119447231,0.0,0.0
0.0,,4.986249923706055,-0.008939213119447231,0.0,0.0
0.0,,4.961249828338623,-0.008939213119447231,0.0,0.0
0.0,,4.926249980926514,-0.008939213119447231,0.0,0.0
0.0,,4.900000095367432,-0.011918950825929642,0.0,0.0
0.0,,4.871249675750732,-0.008939213119447231,0.0,0.0
0.0,,4.84499979019165,-0.011918950825929642,0.0,0.0
0.0,,4.823750019073486,-0.011918950825929642,0.0,0.0
0.0,,4.798749923706055,-0.011918950825929642,0.0,0.0
0.0,,4.777499675750732,-0.008939213119447231,0.0,0.0
0.0,,4.756249904632568,-0.008939213119447231,0.0,0.0
0.0,,4.733749866485596,-0.011918950825929642,0.0,0.0
0.0,,4.716249942779541,-0.008939213119447231,0.0,0.0
0.0,,4.68874979019165,-0.005959475412964821,0.0,0.0
0.0,,4.667500019073486,-0.005959475412964821,0.0,0.0
0.0,,4.644999980926514,-0.011918950825929642,0.0,0.0
0.0,,4.618750095367432,-0.008939213119447231,0.0,0.0
0.0,,4.598750114440918,-0.011918950825929642,0.0,0.0
0.0,,4.574999809265137,-0.011918950825929642,0.0,0.0
0.0,,4.559999942779541,-0.008939213119447231,0.0,0.0
0.0,,4.537499904632568,-0.008939213119447231,0.0,0.0
0.0,,4.512499809265137,-0.005959475412964821,0.0,0.0
0.0,,4.493750095367432,-0.0029797377064824104,0.0,0.0
0.0,,4.467499732971191,-0.008939213119447231,0.0,0.0
0.0,,4.449999809265137,-0.011918950825929642,0.0,0.0
0.0,,4.434999942779541,-0.008939213119447231,0.0,0.0
0.0,,4.412499904632568,-0.008939213119447231,0.0,0.0
0.0,,4.391250133514404,-0.011918950825929642,0.0,0.0
0.0,,4.369999885559082,-0.011918950825929642,0.0,0.0
0.0,,4.353749752044678,-0.005959475412964821,0.0,0.0
0.0,,4.335000038146973,-0.005959475412964821,0.0,0.0
0.0,,4.311249732971191,-0.011918950825929642,0.0,0.0
0.0,,4.297500133514404,-0.008939213119447231,0.0,0.0
0.0,,4.272500038146973,-0.008939213119447231,0.0,0.0
0.0,,4.248749732971191,-0.008939213119447231,0.0,0.0
0.0,,4.238749980926514,-0.008939213119447231,0.0,0.0
0.0,,4.213749885559082,-0.005959475412964821,0.0,0.0
0.0,,4.198750019073486,-0.005959475412964821,0.0,0.0
0.0,,4.178750038146973,-0.008939213119447231,0.0,0.0
0.0,,4.161250114440918,-0.014898688532412052,0.0,0.0
0.0,,4.143749713897705,-0.008939213119447231,0.0,0.0
0.0,,4.127500057220459,-0.008939213119447231,0.0,0.0
0.0,,4.107500076293945,-0.008939213119447231,0.0,0.0
0.0,,4.086249828338623,-0.008939213119447231,0.0,0.0
0.0,,4.077499866485596,-0.005959475412964821,0.0,0.0
0.0,,4.052499771118164,-0.011918950825929642,0.0,0.0
0.0,,4.041249752044678,-0.008939213119447231,0.0,0.0
0.0,,4.028749942779541,-0.008939213119447231,0.0,0.0
0.0,,4.012499809265137,-0.008939213119447231,0.0,0.0
0.0,,4.005000114440918,-0.011918950825929642,0.0,0.0
0.0,,3.997499942779541,-0.008939213119447231,0.0,0.0
0.0,,3.987499952316284,-0.011918950825929642,0.0,0.0
0.0,,3.978749990463257,-0.008939213119447231,0.0,0.0
0.0,,3.96875,-0.008939213119447231,0.0,0.0
0.0,,3.9624998569488525,-0.008939213119447231,0.0,0.0
0.0,,3.9524998664855957,-0.008939213119447231,0.0,0.0
0.0,,3.9412498474121094,-0.008939213119447231,0.0,0.0
0.0,,3.9337499141693115,-0.008939213119447231,0.0,0.0
0.0,,3.924999952316284,-0.008939213119447231,0.0,0.0
0.0,,3.916249990463257,-0.008939213119447231,0.0,0.0
0.0,,3.9049999713897705,-0.008939213119447231,0.0,0.0
0.0,,3.8999998569488525,-0.008939213119447231,0.0,0.0
0.0,,3.8837499618530273,-0.008939213119447231,0.0,0.0
0.0,,3.879999876022339,-0.008939213119447231,0.0,0.0
0.0,,3.872499942779541,-0.008939213119447231,0.0,0.0
0.0,,3.8637499809265137,-0.005959475412964821,0.0,0.0
0.0,,3.8612499237060547,-0.008939213119447231,0.0,0.0
0.0,,3.853749990463257,-0.008939213119447231,0.0,0.0
0.0,,3.8424999713897705,-0.008939213119447231,0.0,0.0
0.0,,3.8374998569488525,-0.005959475412964821,0.0,0.0
0.0,,3.828749895095825,-0.005959475412964821,0.0,0.0
0.0,,3.8212499618530273,-0.005959475412964821,0.0,0.0
0.0,,3.8187499046325684,-0.008939213119447231,0.0,0.0
0.0,,3.8087499141693115,-0.011918950825929642,0.0,0.0
0.0,,3.802500009536743,-0.011918950825929642,0.0,0.0
0.0,,3.7962498664855957,-0.008939213119447231,0.0,0.0
0.0,,3.7874999046325684,-0.008939213119447231,0.0,0.0
0.0,,3.7799999713897705,-0.008939213119447231,0.0,0.0
0.0,,3.771250009536743,-0.005959475412964821,0.0,0.0
0.0,,3.7649998664855957,-0.005959475412964821,0.0,0.0
0.0,,3.7587499618530273,-0.008939213119447231,0.0,0.0
0.0,,3.75,-0.005959475412964821,0.0,0.0
0.0,,3.7437498569488525,-0.008939213119447231,0.0,0.0
0.0,,3.734999895095825,-0.008939213119447231,0.0,0.0
0.0,,3.726249933242798,-0.008939213119447231,0.0,0.0
0.0,,3.7174999713897705,-0.008939213119447231,0.0,0.0
0.0,,3.713749885559082,-0.008939213119447231,0.0,0.0
0.0,,3.701249837875366,-0.008939213119447231,0.0,0.0
0.0,,3.6962499618530273,-0.008939213119447231,0.0,0.0
0.0,,3.684999942779541,-0.011918950825929642,0.0,0.0
0.0,,3.6837499141693115,-0.008939213119447231,0.0,0.0
0.0,,3.669999837875366,-0.008939213119447231,0.0,0.0
0.0,,3.6687498092651367,-0.008939213119447231,0.0,0.0
0.0,,3.6575000286102295,-0.008939213119447231,0.0,0.0
0.0,,3.648749828338623,-0.011918950825929642,0.0,0.0
0.0,,3.6424999237060547,-0.011918950825929642,0.0,0.0
0.0,,3.641249895095825,-0.008939213119447231,0.0,0.0
0.0,,3.6312499046325684,-0.005959475412964821,0.0,0.0
0.0,,3.6162500381469727,-0.005959475412964821,0.0,0.0
0.0,,3.619999885559082,-0.008939213119447231,0.0,0.0
0.0,,3.615000009536743,-0.008939213119447231,0.0,0.0
0.0,,3.603749990463257,-0.008939213119447231,0.0,0.0
0.0,,3.5999999046325684,-0.005959475412964821,0.0,0.0
0.0,,3.5924999713897705,-0.008939213119447231,0.0,0.0
0.0,,3.583750009536743,-0.008939213119447231,0.0,0.0
0.0,,3.5749998092651367,-0.008939213119447231,0.0,0.0
0.0,,3.5687499046325684,-0.008939213119447231,0.0,0.0
0.0,,3.5637500286102295,-0.005959475412964821,0.0,0.0
0.0,,3.5562498569488525,-0.011918950825929642,0.0,0.0
0.0,,3.547499895095825,-0.008939213119447231,0.0,0.0
0.0,,3.544999837875366,-0.008939213119447231,0.0,0.0
0.0,,3.5349998474121094,-0.011918950825929642,0.0,0.0
0.0,,3.528749942779541,-0.005959475412964821,0.0,0.0
0.0,,3.521250009536743,-0.008939213119447231,0.0,0.0
0.0,,3.516249895095825,-0.008939213119447231,0.0,0.0
0.0,,3.507499933242798,-0.005959475412964821,0.0,0.0
0.0,,3.5,-0.008939213119447231,0.0,0.0
0.0,,3.4937498569488525,-0.005959475412964821,0.0,0.0
0.0,,3.4862499237060547,-0.008939213119447231,0.0,0.0
0.0,,3.4800000190734863,-0.008939213119447231,0.0,0.0
0.0,,3.473749876022339,-0.008939213119447231,0.0,0.0
0.0,,3.4674999713897705,-0.014898688532412052,0.0,0.0
0.0,,3.4600000381469727,-0.008939213119447231,0.0,0.0
0.0,,3.453749895095825,-0.008939213119447231,0.0,0.0
0.0,,3.4462499618530273,-0.008939213119447231,0.0,0.0
0.0,,3.4437499046325684,-0.008939213119447231,0.0,0.0
0.0,,3.4337499141693115,-0.008939213119447231,0.0,0.0
0.0,,3.427500009536743,-0.008939213119447231,0.0,0.0
0.0,,3.4175000190734863,-0.005959475412964821,0.0,0.0
0.0,,3.4099998474121094,-0.008939213119447231,0.0,0.0
0.0,,3.40874981880188,-0.008939213119447231,0.0,0.0
0.0,,3.3999998569488525,-0.005959475412964821,0.0,0.0
0.0,,3.3949999809265137,-0.011918950825929642,0.0,0.0
0.0,,3.3862500190734863,-0.008939213119447231,0.0,0.0
0.0,,3.3812499046325684,-0.008939213119447231,0.0,0.0
0.0,,3.3687498569488525,-0.008939213119447231,0.0,0.0
0.0,,3.3662500381469727,-0.008939213119447231,0.0,0.0
0.0,,3.3637499809265137,-0.008939213119447231,0.0,0.0
0.0,,3.353749990463257,-0.005959475412964821,0.0,0.0
0.0,,3.3450000286102295,-0.008939213119447231,0.0,0.0
0.0,,3.3424999713897705,-0.005959475412964821,0.0,0.0
0.0,,3.3249998092651367,-0.008939213119447231,0.0,0.0
0.0,,3.326249837875366,-0.008939213119447231,0.0,0.0
0.0,,3.3212499618530273,-0.008939213119447231,0.0,0.0
0.0,,3.322499990463257,-0.008939213119447231,0.0,0.0
0.0,,3.3162498474121094,-0.005959475412964821,0.0,0.0
0.0,,3.309999942779541,-0.005959475412964821,0.0,0.0
0.0,,3.304999828338623,-0.008939213119447231,0.0,0.0
0.0,,3.299999952316284,-0.011918950825929642,0.0,0.0
0.0,,3.2937498092651367,-0.005959475412964821,0.0,0.0
0.0,,3.288749933242798,-0.011918950825929642,0.0,0.0
0.0,,3.28125,-0.008939213119447231,0.0,0.0
0.0,,3.2774999141693115,-0.005959475412964821,0.0,0.0
0.0,,3.2699999809265137,-0.008939213119447231,0.0,0.0
0.0,,3.2674999237060547,-0.005959475412964821,0.0,0.0
0.0,,3.2612500190734863,-0.011918950825929642,0.0,0.0
0.0,,3.254999876022339,-0.008939213119447231,0.0,0.0
0.0,,3.2512500286102295,-0.008939213119447231,0.0,0.0
0.0,,3.244999885559082,-0.005959475412964821,0.0,0.0
0.0,,3.2387499809265137,-0.005959475412964821,0.0,0.0
0.0,,3.234999895095825,-0.008939213119447231,0.0,0.0
0.0,,3.228749990463257,-0.005959475412964821,0.0,0.0
0.0,,3.2224998474121094,-0.008939213119447231,0.0,0.0
0.0,,3.2200000286102295,-0.008939213119447231,0.0,0.0
0.0,,3.216249942779541,-0.005959475412964821,0.0,0.0
0.0,,3.203749895095825,-0.011918950825929642,0.0,0.0
0.0,,3.197499990463257,-0.008939213119447231,0.0,0.0
0.0,,3.1987500190734863,-0.008939213119447231,0.0,0.0
0.0,,3.194999933242798,-0.008939213119447231,0.0,0.0
0.0,,3.1887500286102295,-0.011918950825929642,0.0,0.0
0.0,,3.184999942779541,-0.011918950825929642,0.0,0.0
0.0,,3.179999828338623,-0.008939213119447231,0.0,0.0
0.0,,3.174999952316284,-0.005959475412964821,0.0,0.0
0.0,,3.169999837875366,-0.008939213119447231,0.0,0.0
0.0,,3.1675000190734863,-0.005959475412964821,0.0,0.0
0.0,,3.1624999046325684,-0.008939213119447231,0.0,0.0
0.0,,3.15625,-0.011918950825929642,0.0,0.0
0.0,,3.151249885559082,-0.008939213119447231,0.0,0.0
0.0,,3.146250009536743,-0.005959475412964821,0.0,0.0
0.0,,3.141249895095825,-0.008939213119447231,0.0,0.0
0.0,,3.138749837875366,-0.008939213119447231,0.0,0.0
0.0,,3.132499933242798,-0.008939213119447231,0.0,0.0
0.0,,3.1312499046325684,-0.005959475412964821,0.0,0.0
0.0,,3.125,-0.011918950825929642,0.0,0.0
0.0,,3.1162500381469727,-0.011918950825929642,0.0,0.0
0.0,,3.112499952316284,-0.008939213119447231,0.0,0.0
0.0,,3.1087498664855957,-0.011918950825929642,0.0,0.0
0.0,,3.0999999046325684,-0.008939213119447231,0.0,0.0
0.0,,3.0999999046325684,-0.008939213119447231,0.0,0.0
0.0,,3.09624981880188,-0.011918950825929642,0.0,0.0
0.0,,3.0950000286102295,-0.008939213119447231,0.0,0.0
0.0,,3.0950000286102295,-0.011918950825929642,0.0,0.0
0.0,,3.086249828338623,-0.008939213119447231,0.0,0.0
0.0,,3.0824999809265137,-0.008939213119447231,0.0,0.0
0.0,,3.076249837875366,-0.005959475412964821,0.0,0.0
0.0,,3.075000047683716,-0.008939213119447231,0.0,0.0
0.0,,3.0712499618530273,-0.008939213119447231,0.0,0.0
0.0,,3.06499981880188,-0.008939213119447231,0.0,0.0
0.0,,3.0612499713897705,-0.011918950825929642,0.0,0.0
0.0,,3.0562498569488525,-0.008939213119447231,0.0,0.0
0.0,,3.0487499237060547,-0.011918950825929642,0.0,0.0
0.0,,3.0487499237060547,-0.011918950825929642,0.0,0.0
0.0,,3.0462498664855957,-0.005959475412964821,0.0,0.0
0.0,,3.041249990463257,-0.011918950825929642,0.0,0.0
0.0,,3.0325000286102295,-0.008939213119447231,0.0,0.0
0.0,,3.03125,-0.008939213119447231,0.0,0.0
0.0,,3.026249885559082,-0.008939213119447231,0.0,0.0
0.0,,3.023749828338623,-0.008939213119447231,0.0,0.0
0.0,,3.0225000381469727,-0.005959475412964821,0.0,0.0
0.0,,3.0087499618530273,-0.008939213119447231,0.0,0.0
0.0,,3.009999990463257,-0.011918950825929642,0.0,0.0
0.0,,3.0012500286102295,-0.008939213119447231,0.0,0.0
0.0,,2.997499942779541,-0.008939213119447231,0.0,0.0
0.0,,3.0012500286102295,-0.008939213119447231,0.0,0.0
0.0,,2.990000009536743,-0.011918950825929642,0.0,0.0
0.0,,2.9887499809265137,-0.008939213119447231,0.0,0.0
0.0,,2.9887499809265137,-0.011918950825929642,0.0,0.0
0.0,,2.9862499237060547,-0.008939213119447231,0.0,0.0
0.0,,2.9862499237060547,-0.011918950825929642,0.0,0.0
0.0,,2.9800000190734863,-0.008939213119447231,0.0,0.0
0.0,,2.978749990463257,-0.008939213119447231,0.0,0.0
0.0,,2.96875,-0.008939213119447231,0.0,0.0
0.0,,2.958750009536743,-0.011918950825929642,0.0,0.0
0.0,,2.958750009536743,-0.008939213119447231,0.0,0.0
0.0,,2.9574999809265137,-0.011918950825929642,0.0,0.0
0.0,,2.951249837875366,-0.011918950825929642,0.0,0.0
0.0,,2.9487500190734863,-0.008939213119447231,0.0,0.0
0.0,,2.944999933242798,-0.005959475412964821,0.0,0.0
0.0,,2.944999933242798,-0.008939213119447231,0.0,0.0
0.0,,2.9437499046325684,-0.008939213119447231,0.0,0.0
0.0,,2.93999981880188,-0.005959475412964821,0.0,0.0
0.0,,2.9375,-0.008939213119447231,0.0,0.0
0.0,,2.9312498569488525,-0.005959475412964821,0.0,0.0
0.0,,2.9212498664855957,-0.008939213119447231,0.0,0.0
0.0,,2.9262499809265137,-0.008939213119447231,0.0,0.0
0.0,,2.9175000190734863,-0.008939213119447231,0.0,0.0
0.0,,2.918750047683716,-0.008939213119447231,0.0,0.0
0.0,,2.918750047683716,-0.008939213119447231,0.0,0.0
0.0,,2.9124999046325684,-0.008939213119447231,0.0,0.0
0.0,,2.9099998474121094,-0.011918950825929642,0.0,0.0
0.0,,2.903749942779541,-0.008939213119447231,0.0,0.0
0.0,,2.90625,-0.008939213119447231,0.0,0.0
0.0,,2.8899998664855957,-0.011918950825929642,0.0,0.0
0.0,,2.8899998664855957,-0.008939213119447231,0.0,0.0
0.0,,2.8924999237060547,-0.008939213119447231,0.0,0.0
0.0,,2.887500047683716,-0.008939213119447231,0.0,0.0
0.0,,2.887500047683716,-0.008939213119447231,0.0,0.0
0.0,,2.882499933242798,-0.005959475412964821,0.0,0.0
0.0,,2.8787498474121094,-0.005959475412964821,0.0,0.0
0.0,,2.879999876022339,-0.008939213119447231,0.0,0.0
0.0,,2.8762500286102295,-0.005959475412964821,0.0,0.0
0.0,,2.8712499141693115,-0.011918950825929642,0.0,0.0
0.0,,2.8712499141693115,-0.011918950825929642,0.0,0.0
0.0,,2.867499828338623,-0.005959475412964821,0.0,0.0
0.0,,2.862499952316284,-0.008939213119447231,0.0,0.0
0.0,,2.862499952316284,-0.008939213119447231,0.0,0.0
0.0,,2.8587498664855957,-0.011918950825929642,0.0,0.0
0.0,,2.8550000190734863,-0.008939213119447231,0.0,0.0
0.0,,2.851249933242798,-0.008939213119447231,0.0,0.0
0.0,,2.8499999046325684,-0.008939213119447231,0.0,0.0
0.0,,2.84624981880188,-0.005959475412964821,0.0,0.0
0.0,,2.84375,-0.008939213119447231,0.0,0.0
0.0,,2.838749885559082,-0.008939213119447231,0.0,0.0
0.0,,2.836249828338623,-0.011918950825929642,0.0,0.0
0.0,,2.833750009536743,-0.005959475412964821,0.0,0.0
0.0,,2.8324999809265137,-0.011918950825929642,0.0,0.0
0.0,,2.8274998664855957,-0.008939213119447231,0.0,0.0
0.0,,2.826249837875366,-0.011918950825929642,0.0,0.0
0.0,,2.825000047683716,-0.008939213119447231,0.0,0.0
0.0,,2.819999933242798,-0.011918950825929642,0.0,0.0
0.0,,2.817499876022339,-0.008939213119447231,0.0,0.0
0.0,,2.81499981880188,-0.011918950825929642,0.0,0.0
0.0,,2.8125,-0.008939213119447231,0.0,0.0
0.0,,2.8087499141693115,-0.008939213119447231,0.0,0.0
0.0,,2.804999828338623,-0.014898688532412052,0.0,0.0
0.0,,2.8037500381469727,-0.011918950825929642,0.0,0.0
0.0,,2.7987499237060547,-0.008939213119447231,0.0,0.0
0.0,,2.7987499237060547,-0.005959475412964821,0.0,0.0
0.0,,2.794999837875366,-0.011918950825929642,0.0,0.0
0.0,,2.7925000190734863,-0.011918950825929642,0.0,0.0
0.0,,2.791249990463257,-0.011918950825929642,0.0,0.0
0.0,,2.7849998474121094,-0.008939213119447231,0.0,0.0
0.0,,2.7849998474121094,-0.008939213119447231,0.0,0.0
0.0,,2.7825000286102295,-0.011918950825929642,0.0,0.0
0.0,,2.771250009536743,-0.008939213119447231,0.0,0.0
0.0,,2.7725000381469727,-0.011918950825929642,0.0,0.0
0.0,,2.771250009536743,-0.008939213119447231,0.0,0.0
0.0,,2.7699999809265137,-0.008939213119447231,0.0,0.0
0.0,,2.771250009536743,-0.005959475412964821,0.0,0.0
0.0,,2.766249895095825,-0.008939213119447231,0.0,0.0
0.0,,2.7649998664855957,-0.008939213119447231,0.0,0.0
0.0,,2.762500047683716,-0.011918950825929642,0.0,0.0
0.0,,2.759999990463257,-0.011918950825929642,0.0,0.0
0.0,,2.759999990463257,-0.005959475412964821,0.0,0.0
0.0,,2.7512500286102295,-0.008939213119447231,0.0,0.0
0.0,,2.7537498474121094,-0.008939213119447231,0.0,0.0
0.0,,2.752500057220459,-0.008939213119447231,0.0,0.0
0.0,,2.744999885559082,-0.008939213119447231,0.0,0.0
0.0,,2.740000009536743,-0.011918950825929642,0.0,0.0
0.0,,2.737499952316284,-0.011918950825929642,0.0,0.0
0.0,,2.747499942779541,-0.008939213119447231,0.0,0.0
0.0,,2.734999895095825,-0.008939213119447231,0.0,0.0
0.0,,2.737499952316284,-0.008939213119447231,0.0,0.0
0.0,,2.728749990463257,-0.008939213119447231,0.0,0.0
0.0,,2.7274999618530273,-0.008939213119447231,0.0,0.0
0.0,,2.7224998474121094,-0.008939213119447231,0.0,0.0
0.0,,2.7300000190734863,-0.008939213119447231,0.0,0.0
0.0,,2.7274999618530273,-0.008939213119447231,0.0,0.0
0.0,,2.7274999618530273,-0.008939213119447231,0.0,0.0
0.0,,2.7224998474121094,-0.008939213119447231,0.0,0.0
0.0,,2.7200000286102295,-0.008939213119447231,0.0,0.0
0.0,,2.7174999713897705,-0.005959475412964821,0.0,0.0
0.0,,2.713749885559082,-0.005959475412964821,0.0,0.0
0.0,,2.713749885559082,-0.005959475412964821,0.0,0.0
0.0,,2.7124998569488525,-0.008939213119447231,0.0,0.0
0.0,,2.711249828338623,-0.011918950825929642,0.0,0.0
0.0,,2.7074999809265137,-0.008939213119447231,0.0,0.0
0.0,,2.7074999809265137,-0.011918950825929642,0.0,0.0
0.0,,2.703749895095825,-0.008939213119447231,0.0,0.0
0.0,,2.700000047683716,-0.011918950825929642,0.0,0.0
0.0,,2.6962499618530273,-0.011918950825929642,0.0,0.0
0.0,,2.697499990463257,-0.011918950825929642,0.0,0.0
0.0,,2.6987500190734863,-0.008939213119447231,0.0,0.0
0.0,,2.692499876022339,-0.008939213119447231,0.0,0.0
0.0,,2.692499876022339,-0.008939213119447231,0.0,0.0
0.0,,2.690000057220459,-0.011918950825929642,0.0,0.0
0.0,,2.6887500286102295,-0.008939213119447231,0.0,0.0
0.0,,2.684999942779541,-0.008939213119447231,0.0,0.0
0.0,,2.682499885559082,-0.008939213119447231,0.0,0.0
0.0,,2.679999828338623,-0.011918950825929642,0.0,0.0
0.0,,2.6812498569488525,-0.011918950825929642,0.0,0.0
0.0,,2.6787500381469727,-0.008939213119447231,0.0,0.0
0.0,,2.6762499809265137,-0.008939213119447231,0.0,0.0
0.0,,2.6762499809265137,-0.011918950825929642,0.0,0.0
0.0,,2.6712498664855957,-0.011918950825929642,0.0,0.0
0.0,,2.6649999618530273,-0.008939213119447231,0.0,0.0
0.0,,2.6675000190734863,-0.008939213119447231,0.0,0.0
0.0,,2.668750047683716,-0.008939213119447231,0.0,0.0
0.0,,2.666249990463257,-0.008939213119447231,0.0,0.0
0.0,,2.663749933242798,-0.011918950825929642,0.0,0.0
0.0,,2.6649999618530273,-0.011918950825929642,0.0,0.0
0.0,,2.6599998474121094,-0.011918950825929642,0.0,0.0
0.0,,2.6575000286102295,-0.011918950825929642,0.0,0.0
0.0,,2.6575000286102295,-0.008939213119447231,0.0,0.0
0.0,,2.653749942779541,-0.011918950825929642,0.0,0.0
0.0,,2.653749942779541,-0.008939213119447231,0.0,0.0
0.0,,2.651249885559082,-0.008939213119447231,0.0,0.0
0.0,,2.6499998569488525,-0.008939213119447231,0.0,0.0
0.0,,2.6475000381469727,-0.008939213119447231,0.0,0.0
0.0,,2.6449999809265137,-0.008939213119447231,0.0,0.0
0.0,,2.6449999809265137,-0.008939213119447231,0.0,0.0
0.0,,2.6424999237060547,-0.005959475412964821,0.0,0.0
0.0,,2.6399998664855957,-0.008939213119447231,0.0,0.0
0.0,,2.6399998664855957,-0.008939213119447231,0.0,0.0
0.0,,2.637500047683716,-0.011918950825929642,0.0,0.0
0.0,,2.6362500190734863,-0.008939213119447231,0.0,0.0
0.0,,2.634999990463257,-0.008939213119447231,0.0,0.0
0.0,,2.6312499046325684,-0.008939213119447231,0.0,0.0
0.0,,2.629999876022339,-0.008939213119447231,0.0,0.0
0.0,,2.629999876022339,-0.008939213119447231,0.0,0.0
0.0,,2.6287498474121094,-0.005959475412964821,0.0,0.0
0.0,,2.6262500286102295,-0.011918950825929642,0.0,0.0
0.0,,2.625,-0.008939213119447231,0.0,0.0
0.0,,2.6212499141693115,-0.008939213119447231,0.0,0.0
0.0,,2.622499942779541,-0.008939213119447231,0.0,0.0
0.0,,2.619999885559082,-0.008939213119447231,0.0,0.0
0.0,,2.617499828338623,-0.005959475412964821,0.0,0.0
0.0,,2.6162500381469727,-0.008939213119447231,0.0,0.0
0.0,,2.615000009536743,-0.008939213119447231,0.0,0.0
0.0,,2.609999895095825,-0.008939213119447231,0.0,0.0
0.0,,2.609999895095825,-0.008939213119447231,0.0,0.0
0.0,,2.609999895095825,-0.008939213119447231,0.0,0.0
0.0,,2.609999895095825,-0.011918950825929642,0.0,0.0
0.0,,2.606250047683716,-0.008939213119447231,0.0,0.0
0.0,,2.6024999618530273,-0.008939213119447231,0.0,0.0
0.0,,2.606250047683716,-0.011918950825929642,0.0,0.0
0.0,,2.601249933242798,-0.011918950825929642,0.0,0.0
0.0,,2.586249828338623,-0.008939213119447231,0.0,0.0
0.0,,2.598749876022339,-0.011918950825929642,0.0,0.0
0.0,,2.5974998474121094,-0.008939213119447231,0.0,0.0
0.0,,2.5950000286102295,-0.008939213119447231,0.0,0.0
0.0,,2.591249942779541,-0.008939213119447231,0.0,0.0
0.0,,2.5899999141693115,-0.008939213119447231,0.0,0.0
0.0,,2.588749885559082,-0.008939213119447231,0.0,0.0
0.0,,2.583750009536743,-0.011918950825929642,0.0,0.0
0.0,,2.5874998569488525,-0.008939213119447231,0.0,0.0
0.0,,2.586249828338623,-0.008939213119447231,0.0,0.0
0.0,,2.5850000381469727,-0.011918950825929642,0.0,0.0
0.0,,2.586249828338623,-0.011918950825929642,0.0,0.0
0.0,,2.583750009536743,-0.008939213119447231,0.0,0.0
0.0,,2.5799999237060547,-0.008939213119447231,0.0,0.0
0.0,,2.576249837875366,-0.011918950825929642,0.0,0.0
0.0,,2.5774998664855957,-0.008939213119447231,0.0,0.0
0.0,,2.5737500190734863,-0.011918950825929642,0.0,0.0
0.0,,2.5712499618530273,-0.011918950825929642,0.0,0.0
0.0,,2.572499990463257,-0.008939213119447231,0.0,0.0
0.0,,2.572499990463257,-0.008939213119447231,0.0,0.0
0.0,,2.565000057220459,-0.011918950825929642,0.0,0.0
0.0,,2.5687499046325684,-0.011918950825929642,0.0,0.0
0.0,,2.565000057220459,-0.011918950825929642,0.0,0.0
0.0,,2.5712499618530273,-0.011918950825929642,0.0,0.0
0.0,,2.5587499141693115,-0.005959475412964821,0.0,0.0
0.0,,2.5625,-0.005959475412964821,0.0,0.0
0.0,,2.5562498569488525,-0.005959475412964821,0.0,0.0
0.0,,2.549999952316284,-0.011918950825929642,0.0,0.0
0.0,,2.559999942779541,-0.011918950825929642,0.0,0.0
0.0,,2.5562498569488525,-0.011918950825929642,0.0,0.0
0.0,,2.554999828338623,-0.008939213119447231,0.0,0.0
0.0,,2.5487499237060547,-0.008939213119447231,0.0,0.0
0.0,,2.5537500381469727,-0.008939213119447231,0.0,0.0
0.0,,2.5512499809265137,-0.011918950825929642,0.0,0.0
0.0,,2.549999952316284,-0.008939213119447231,0.0,0.0
0.0,,2.547499895095825,-0.011918950825929642,0.0,0.0
0.0,,2.5487499237060547,-0.008939213119447231,0.0,0.0
0.0,,2.5462498664855957,-0.008939213119447231,0.0,0.0
0.0,,2.544999837875366,-0.008939213119447231,0.0,0.0
0.0,,2.5425000190734863,-0.011918950825929642,0.0,0.0
0.0,,2.5399999618530273,-0.008939213119447231,0.0,0.0
0.0,,2.538749933242798,-0.008939213119447231,0.0,0.0
0.0,,2.538749933242798,-0.008939213119447231,0.0,0.0
0.0,,2.538749933242798,-0.008939213119447231,0.0,0.0
0.0,,2.536249876022339,-0.008939213119447231,0.0,0.0
0.0,,2.5349998474121094,-0.011918950825929642,0.0,0.0
0.0,,2.53125,-0.008939213119447231,0.0,0.0
0.0,,2.528749942779541,-0.008939213119447231,0.0,0.0
0.0,,2.5299999713897705,-0.008939213119447231,0.0,0.0
0.0,,2.528749942779541,-0.005959475412964821,0.0,0.0
0.0,,2.528749942779541,-0.005959475412964821,0.0,0.0
0.0,,2.5249998569488525,-0.008939213119447231,0.0,0.0
0.0,,2.523749828338623,-0.008939213119447231,0.0,0.0
0.0,,2.523749828338623,-0.011918950825929642,0.0,0.0
0.0,,2.521250009536743,-0.008939213119447231,0.0,0.0
0.0,,2.5199999809265137,-0.008939213119447231,0.0,0.0
0.0,,2.5174999237060547,-0.008939213119447231,0.0,0.0
0.0,,2.5199999809265137,-0.005959475412964821,0.0,0.0
0.0,,2.518749952316284,-0.008939213119447231,0.0,0.0
0.0,,2.5174999237060547,-0.011918950825929642,0.0,0.0
0.0,,2.516249895095825,-0.011918950825929642,0.0,0.0
0.0,,2.516249895095825,-0.011918950825929642,0.0,0.0
0.0,,2.512500047683716,-0.008939213119447231,0.0,0.0
0.0,,2.513749837875366,-0.008939213119447231,0.0,0.0
0.0,,2.509999990463257,-0.008939213119447231,0.0,0.0
0.0,,2.5087499618530273,-0.008939213119447231,0.0,0.0
0.0,,2.507499933242798,-0.008939213119447231,0.0,0.0
0.0,,2.5062499046325684,-0.011918950825929642,0.0,0.0
0.0,,2.5062499046325684,-0.008939213119447231,0.0,0.0
0.0,,2.504999876022339,-0.011918950825929642,0.0,0.0
0.0,,2.502500057220459,-0.011918950825929642,0.0,0.0
0.0,,2.502500057220459,-0.008939213119447231,0.0,0.0
0.0,,2.5,-0.005959475412964821,0.0,0.0
0.0,,2.5012500286102295,-0.011918950825929642,0.0,0.0
0.0,,2.4987499713897705,-0.008939213119447231,0.0,0.0
0.0,,2.494999885559082,-0.008939213119447231,0.0,0.0
0.0,,2.494999885559082,-0.008939213119447231,0.0,0.0
0.0,,2.4962499141693115,-0.008939213119447231,0.0,0.0
0.0,,2.4937498569488525,-0.008939213119447231,0.0,0.0
0.0,,2.4912500381469727,-0.008939213119447231,0.0,0.0
0.0,,2.4912500381469727,-0.008939213119447231,0.0,0.0
0.0,,2.4887499809265137,-0.005959475412964821,0.0,0.0
0.0,,2.4862499237060547,-0.008939213119447231,0.0,0.0
0.0,,2.4837498664855957,-0.008939213119447231,0.0,0.0
0.0,,2.484999895095825,-0.008939213119447231,0.0,0.0
0.0,,2.484999895095825,-0.011918950825929642,0.0,0.0
0.0,,2.481250047683716,-0.008939213119447231,0.0,0.0
0.0,,2.4774999618530273,-0.014898688532412052,0.0,0.0
0.0,,2.4749999046325684,-0.008939213119447231,0.0,0.0
0.0,,2.4724998474121094,-0.011918950825929642,0.0,0.0
0.0,,2.4724998474121094,-0.011918950825929642,0.0,0.0
0.0,,2.4749999046325684,-0.008939213119447231,0.0,0.0
0.0,,2.473749876022339,-0.008939213119447231,0.0,0.0
0.0,,2.46875,-0.005959475412964821,0.0,0.0
0.0,,2.463749885559082,-0.008939213119447231,0.0,0.0
0.0,,2.471250057220459,-0.008939213119447231,0.0,0.0
0.0,,2.466249942779541,-0.008939213119447231,0.0,0.0
0.0,,2.463749885559082,-0.008939213119447231,0.0,0.0
0.0,,2.4649999141693115,-0.008939213119447231,0.0,0.0
0.0,,2.461249828338623,-0.008939213119447231,0.0,0.0
0.0,,2.466249942779541,-0.005959475412964821,0.0,0.0
0.0,,2.453749895095825,-0.011918950825929642,0.0,0.0
0.0,,2.463749885559082,-0.005959475412964821,0.0,0.0
0.0,,2.458750009536743,-0.011918950825929642,0.0,0.0
0.0,,2.4574999809265137,-0.011918950825929642,0.0,0.0
0.0,,2.458750009536743,-0.011918950825929642,0.0,0.0
0.0,,2.456249952316284,-0.008939213119447231,0.0,0.0
0.0,,2.450000047683716,-0.008939213119447231,0.0,0.0
0.0,,2.4487500190734863,-0.011918950825929642,0.0,0.0
0.0,,2.4524998664855957,-0.008939213119447231,0.0,0.0
0.0,,2.447499990463257,-0.008939213119447231,0.0,0.0
0.0,,2.4487500190734863,-0.008939213119447231,0.0,0.0
0.0,,2.447499990463257,-0.014898688532412052,0.0,0.0
0.0,,2.442499876022339,-0.011918950825929642,0.0,0.0
0.0,,2.4362499713897705,-0.008939213119447231,0.0,0.0
0.0,,2.442499876022339,-0.008939213119447231,0.0,0.0
0.0,,2.4487500190734863,-0.005959475412964821,0.0,0.0
0.0,,2.440000057220459,-0.011918950825929642,0.0,0.0
0.0,,2.4375,-0.008939213119447231,0.0,0.0
0.0,,2.4337499141693115,-0.008939213119447231,0.0,0.0
0.0,,2.4375,-0.008939213119447231,0.0,0.0
0.0,,2.440000057220459,-0.011918950825929642,0.0,0.0
0.0,,2.434999942779541,-0.008939213119447231,0.0,0.0
0.0,,2.4362499713897705,-0.008939213119447231,0.0,0.0
0.0,,2.4337499141693115,-0.008939213119447231,0.0,0.0
0.0,,2.4287500381469727,-0.008939213119447231,0.0,0.0
0.0,,2.434999942779541,-0.008939213119447231,0.0,0.0
0.0,,2.4337499141693115,-0.011918950825929642,0.0,0.0
0.0,,2.4312498569488525,-0.008939213119447231,0.0,0.0
0.0,,2.4312498569488525,-0.008939213119447231,0.0,0.0
0.0,,2.429999828338623,-0.011918950825929642,0.0,0.0
0.0,,2.4287500381469727,-0.008939213119447231,0.0,0.0
0.0,,2.4262499809265137,-0.008939213119447231,0.0,0.0
0.0,,2.424999952316284,-0.011918950825929642,0.0,0.0
0.0,,2.4237499237060547,-0.011918950825929642,0.0,0.0
0.0,,2.4237499237060547,-0.008939213119447231,0.0,0.0
0.0,,2.422499895095825,-0.011918950825929642,0.0,0.0
0.0,,2.419999837875366,-0.008939213119447231,0.0,0.0
0.0,,2.419999837875366,-0.008939213119447231,0.0,0.0
0.0,,2.4175000190734863,-0.011918950825929642,0.0,0.0
0.0,,2.4124999046325684,-0.008939213119447231,0.0,0.0
0.0,,2.4149999618530273,-0.011918950825929642,0.0,0.0
0.0,,2.4149999618530273,-0.008939213119447231,0.0,0.0
0.0,,2.4099998474121094,-0.008939213119447231,0.0,0.0
0.0,,2.4124999046325684,-0.008939213119447231,0.0,0.0
0.0,,2.408750057220459,-0.011918950825929642,0.0,0.0
0.0,,2.411249876022339,-0.008939213119447231,0.0,0.0
0.0,,2.4075000286102295,-0.008939213119447231,0.0,0.0
0.0,,2.4075000286102295,-0.008939213119447231,0.0,0.0
0.0,,2.4099998474121094,-0.011918950825929642,0.0,0.0
0.0,,2.4124999046325684,-0.005959475412964821,0.0,0.0
0.0,,2.413749933242798,-0.011918950825929642,0.0,0.0
0.0,,2.4149999618530273,-0.011918950825929642,0.0,0.0
0.0,,2.416249990463257,-0.011918950825929642,0.0,0.0
0.0,,2.416249990463257,-0.005959475412964821,0.0,0.0
0.0,,2.416249990463257,-0.008939213119447231,0.0,0.0
0.0,,2.416249990463257,-0.005959475412964821,0.0,0.0
0.0,,2.416249990463257,-0.011918950825929642,0.0,0.0
0.0,,2.4175000190734863,-0.008939213119447231,0.0,0.0
0.0,,2.4175000190734863,-0.008939213119447231,0.0,0.0
0.0,,2.4175000190734863,-0.008939213119447231,0.0,0.0
0.0,,2.418750047683716,-0.008939213119447231,0.0,0.0
0.0,,2.4212498664855957,-0.008939213119447231,0.0,0.0
0.0,,2.4175000190734863,-0.008939213119447231,0.0,0.0
0.0,,2.4212498664855957,-0.008939213119447231,0.0,0.0
0.0,,2.418750047683716,-0.008939213119447231,0.0,0.0
0.0,,2.4212498664855957,-0.011918950825929642,0.0,0.0
0.0,,2.419999837875366,-0.008939213119447231,0.0,0.0
0.0,,2.424999952316284,-0.008939213119447231,0.0,0.0
0.0,,2.422499895095825,-0.011918950825929642,0.0,0.0
0.0,,2.4149999618530273,-0.005959475412964821,0.0,0.0
0.0,,2.422499895095825,-0.008939213119447231,0.0,0.0
0.0,,2.4237499237060547,-0.008939213119447231,0.0,0.0
0.0,,2.416249990463257,-0.008939213119447231,0.0,0.0
0.0,,2.4212498664855957,-0.008939213119447231,0.0,0.0
0.0,,2.416249990463257,-0.008939213119447231,0.0,0.0
0.0,,2.4262499809265137,-0.011918950825929642,0.0,0.0
0.0,,2.4262499809265137,-0.008939213119447231,0.0,0.0
0.0,,2.4262499809265137,-0.008939213119447231,0.0,0.0
0.0,,2.424999952316284,-0.008939213119447231,0.0,0.0
0.0,,2.4237499237060547,-0.008939213119447231,0.0,0.0
0.0,,2.422499895095825,-0.008939213119447231,0.0,0.0
0.0,,2.427500009536743,-0.005959475412964821,0.0,0.0
0.0,,2.4287500381469727,-0.008939213119447231,0.0,0.0
0.0,,2.4287500381469727,-0.011918950825929642,0.0,0.0
0.0,,2.4262499809265137,-0.008939213119447231,0.0,0.0
0.0,,2.4287500381469727,-0.008939213119447231,0.0,0.0
0.0,,2.424999952316284,-0.005959475412964821,0.0,0.0
0.0,,2.4212498664855957,-0.011918950825929642,0.0,0.0
0.0,,2.4262499809265137,-0.008939213119447231,0.0,0.0
0.0,,2.4312498569488525,-0.008939213119447231,0.0,0.0
0.0,,2.4287500381469727,-0.005959475412964821,0.0,0.0
0.0,,2.429999828338623,-0.011918950825929642,0.0,0.0
0.0,,2.427500009536743,-0.008939213119447231,0.0,0.0
0.0,,2.4312498569488525,-0.008939213119447231,0.0,0.0
0.0,,2.429999828338623,-0.011918950825929642,0.0,0.0
0.0,,2.424999952316284,-0.008939213119447231,0.0,0.0
0.0,,2.4287500381469727,-0.005959475412964821,0.0,0.0
0.0,,2.4362499713897705,-0.008939213119447231,0.0,0.0
0.0,,2.4375,-0.008939213119447231,0.0,0.0
0.0,,2.432499885559082,-0.011918950825929642,0.0,0.0
0.0,,2.4337499141693115,-0.008939213119447231,0.0,0.0
0.0,,2.4337499141693115,-0.011918950825929642,0.0,0.0
0.0,,2.434999942779541,-0.005959475412964821,0.0,0.0
0.0,,2.434999942779541,-0.008939213119447231,0.0,0.0
0.0,,2.434999942779541,-0.008939213119447231,0.0,0.0
0.0,,2.4362499713897705,-0.008939213119447231,0.0,0.0
0.0,,2.4362499713897705,-0.011918950825929642,0.0,0.0
0.0,,2.4375,-0.008939213119447231,0.0,0.0
0.0,,2.4362499713897705,-0.011918950825929642,0.0,0.0
0.0,,2.4375,-0.011918950825929642,0.0,0.0
0.0,,2.4362499713897705,-0.014898688532412052,0.0,0.0
0.0,,2.4375,-0.008939213119447231,0.0,0.0
0.0,,2.4362499713897705,-0.008939213119447231,0.0,0.0
0.0,,2.4375,-0.005959475412964821,0.0,0.0
0.0,,2.4387500286102295,-0.011918950825929642,0.0,0.0
0.0,,2.4375,-0.011918950825929642,0.0,0.0
0.0,,2.440000057220459,-0.008939213119447231,0.0,0.0
0.0,,2.4375,-0.005959475412964821,0.0,0.0
0.0,,2.440000057220459,-0.011918950825929642,0.0,0.0
0.0,,2.440000057220459,-0.008939213119447231,0.0,0.0
0.0,,2.440000057220459,-0.008939213119447231,0.0,0.0
0.0,,2.4387500286102295,-0.008939213119447231,0.0,0.0
0.0,,2.434999942779541,-0.008939213119447231,0.0,0.0
0.0,,2.440000057220459,-0.008939213119447231,0.0,0.0
0.0,,2.4412498474121094,-0.008939213119447231,0.0,0.0
0.0,,2.4387500286102295,-0.008939213119447231,0.0,0.0
0.0,,2.442499876022339,-0.011918950825929642,0.0,0.0
0.0,,2.4437499046325684,-0.008939213119447231,0.0,0.0
0.0,,2.4412498474121094,-0.008939213119447231,0.0,0.0
0.0,,2.4437499046325684,-0.011918950825929642,0.0,0.0
0.0,,2.4437499046325684,-0.011918950825929642,0.0,0.0
0.0,,2.442499876022339,-0.008939213119447231,0.0,0.0
0.0,,2.4375,-0.008939213119447231,0.0,0.0
0.0,,2.4412498474121094,-0.008939213119447231,0.0,0.0
0.0,,2.442499876022339,-0.011918950825929642,0.0,0.0
0.0,,2.4437499046325684,-0.008939213119447231,0.0,0.0
0.0,,2.442499876022339,-0.008939213119447231,0.0,0.0
0.0,,2.4412498474121094,-0.008939213119447231,0.0,0.0
0.0,,2.4362499713897705,-0.011918950825929642,0.0,0.0
0.0,,2.440000057220459,-0.008939213119447231,0.0,0.0
0.0,,2.440000057220459,-0.008939213119447231,0.0,0.0
0.0,,2.444999933242798,-0.008939213119447231,0.0,0.0
0.0,,2.450000047683716,-0.011918950825929642,0.0,0.0
0.0,,2.442499876022339,-0.011918950825929642,0.0,0.0
0.0,,2.4437499046325684,-0.008939213119447231,0.0,0.0
0.0,,2.4462499618530273,-0.011918950825929642,0.0,0.0
0.0,,2.444999933242798,-0.008939213119447231,0.0,0.0
0.0,,2.4462499618530273,-0.008939213119447231,0.0,0.0
0.0,,2.447499990463257,-0.011918950825929642,0.0,0.0
0.0,,2.444999933242798,-0.008939213119447231,0.0,0.0
0.0,,2.4487500190734863,-0.011918950825929642,0.0,0.0
0.0,,2.4462499618530273,-0.008939213119447231,0.0,0.0
0.0,,2.450000047683716,-0.005959475412964821,0.0,0.0
0.0,,2.4462499618530273,-0.011918950825929642,0.0,0.0
0.0,,2.447499990463257,-0.011918950825929642,0.0,0.0
0.0,,2.447499990463257,-0.011918950825929642,0.0,0.0
0.0,,2.442499876022339,-0.011918950825929642,0.0,0.0
0.0,,2.4487500190734863,-0.008939213119447231,0.0,0.0
0.0,,2.4362499713897705,-0.008939213119447231,0.0,0.0
0.0,,2.442499876022339,-0.011918950825929642,0.0,0.0
0.0,,2.447499990463257,-0.005959475412964821,0.0,0.0
0.0,,2.451249837875366,-0.008939213119447231,0.0,0.0
0.0,,2.447499990463257,-0.011918950825929642,0.0,0.0
0.0,,2.4412498474121094,-0.005959475412964821,0.0,0.0
0.0,,2.442499876022339,-0.008939213119447231,0.0,0.0
0.0,,2.447499990463257,-0.011918950825929642,0.0,0.0
0.0,,2.447499990463257,-0.008939213119447231,0.0,0.0
0.0,,2.4437499046325684,-0.005959475412964821,0.0,0.0
0.0,,2.447499990463257,-0.011918950825929642,0.0,0.0
0.0,,2.440000057220459,-0.008939213119447231,0.0,0.0
0.0,,2.450000047683716,-0.008939213119447231,0.0,0.0
0.0,,2.451249837875366,-0.008939213119447231,0.0,0.0
0.0,,2.4524998664855957,-0.008939213119447231,0.0,0.0
0.0,,2.451249837875366,-0.008939213119447231,0.0,0.0
0.0,,2.450000047683716,-0.011918950825929642,0.0,0.0
0.0,,2.4524998664855957,-0.011918950825929642,0.0,0.0
0.0,,2.451249837875366,-0.011918950825929642,0.0,0.0
0.0,,2.450000047683716,-0.011918950825929642,0.0,0.0
0.0,,2.451249837875366,-0.011918950825929642,0.0,0.0
0.0,,2.4524998664855957,-0.008939213119447231,0.0,0.0
0.0,,2.4524998664855957,-0.011918950825929642,0.0,0.0
0.0,,2.450000047683716,-0.011918950825929642,0.0,0.0
0.0,,2.4524998664855957,-0.008939213119447231,0.0,0.0
0.0,,2.4524998664855957,-0.005959475412964821,0.0,0.0
0.0,,2.451249837875366,-0.008939213119447231,0.0,0.0
0.0,,2.4524998664855957,-0.008939213119447231,0.0,0.0
0.0,,2.453749895095825,-0.011918950825929642,0.0,0.0
0.0,,2.4524998664855957,-0.008939213119447231,0.0,0.0
0.0,,2.451249837875366,-0.011918950825929642,0.0,0.0
0.0,,2.4524998664855957,-0.008939213119447231,0.0,0.0
0.0,,2.451249837875366,-0.011918950825929642,0.0,0.0
0.0,,2.450000047683716,-0.008939213119447231,0.0,0.0
0.0,,2.4549999237060547,-0.011918950825929642,0.0,0.0
0.0,,2.450000047683716,-0.008939213119447231,0.0,0.0
0.0,,2.4524998664855957,-0.008939213119447231,0.0,0.0
0.0,,2.453749895095825,-0.011918950825929642,0.0,0.0
0.0,,2.453749895095825,-0.008939213119447231,0.0,0.0
0.0,,2.453749895095825,-0.011918950825929642,0.0,0.0
0.0,,2.4524998664855957,-0.011918950825929642,0.0,0.0
0.0,,2.453749895095825,-0.008939213119447231,0.0,0.0
0.0,,2.453749895095825,-0.011918950825929642,0.0,0.0
0.0,,2.4524998664855957,-0.008939213119447231,0.0,0.0
0.0,,2.453749895095825,-0.008939213119447231,0.0,0.0
0.0,,2.4549999237060547,-0.008939213119447231,0.0,0.0
0.0,,2.4524998664855957,-0.011918950825929642,0.0,0.0
0.0,,2.4549999237060547,-0.008939213119447231,0.0,0.0
0.0,,2.451249837875366,-0.011918950825929642,0.0,0.0
0.0,,2.4549999237060547,-0.011918950825929642,0.0,0.0
0.0,,2.4549999237060547,-0.008939213119447231,0.0,0.0
0.0,,2.4524998664855957,-0.008939213119447231,0.0,0.0
0.0,,2.453749895095825,-0.008939213119447231,0.0,0.0
0.0,,2.453749895095825,-0.008939213119447231,0.0,0.0
0.0,,2.453749895095825,-0.011918950825929642,0.0,0.0
0.0,,2.4549999237060547,-0.008939213119447231,0.0,0.0
0.0,,2.4549999237060547,-0.011918950825929642,0.0,0.0
0.0,,2.4549999237060547,-0.008939213119447231,0.0,0.0
0.0,,2.4524998664855957,-0.008939213119447231,0.0,0.0
0.0,,2.456249952316284,-0.011918950825929642,0.0,0.0
0.0,,2.4462499618530273,-0.011918950825929642,0.0,0.0
0.0,,2.456249952316284,-0.011918950825929642,0.0,0.0
0.0,,2.4549999237060547,-0.008939213119447231,0.0,0.0
0.0,,2.4549999237060547,-0.008939213119447231,0.0,0.0
0.0,,2.4549999237060547,-0.008939213119447231,0.0,0.0
0.0,,2.4549999237060547,-0.008939213119447231,0.0,0.0
0.0,,2.456249952316284,-0.008939213119447231,0.0,0.0
0.0,,2.456249952316284,-0.008939213119447231,0.0,0.0
0.0,,2.4549999237060547,-0.011918950825929642,0.0,0.0
0.0,,2.456249952316284,-0.011918950825929642,0.0,0.0
0.0,,2.4549999237060547,-0.008939213119447231,0.0,0.0
0.0,,2.456249952316284,-0.011918950825929642,0.0,0.0
0.0,,2.456249952316284,-0.008939213119447231,0.0,0.0
0.0,,2.456249952316284,-0.011918950825929642,0.0,0.0
0.0,,2.456249952316284,-0.008939213119447231,0.0,0.0
0.0,,2.4549999237060547,-0.005959475412964821,0.0,0.0
0.0,,2.4549999237060547,-0.011918950825929642,0.0,0.0
0.0,,2.456249952316284,-0.008939213119447231,0.0,0.0
0.0,,2.456249952316284,-0.005959475412964821,0.0,0.0
0.0,,2.4549999237060547,-0.008939213119447231,0.0,0.0
0.0,,2.453749895095825,-0.008939213119447231,0.0,0.0
0.0,,2.456249952316284,-0.011918950825929642,0.0,0.0
0.0,,2.4549999237060547,-0.011918950825929642,0.0,0.0
0.0,,2.4574999809265137,-0.011918950825929642,0.0,0.0
0.0,,2.4549999237060547,-0.011918950825929642,0.0,0.0
0.0,,2.453749895095825,-0.008939213119447231,0.0,0.0
0.0,,2.456249952316284,-0.008939213119447231,0.0,0.0
0.0,,2.447499990463257,-0.008939213119447231,0.0,0.0
0.0,,2.4487500190734863,-0.008939213119447231,0.0,0.0
0.0,,2.4574999809265137,-0.008939213119447231,0.0,0.0
0.0,,2.4524998664855957,-0.008939213119447231,0.0,0.0
0.0,,2.451249837875366,-0.008939213119447231,0.0,0.0
0.0,,2.450000047683716,-0.008939213119447231,0.0,0.0
0.0,,2.447499990463257,-0.005959475412964821,0.0,0.0
0.0,,2.458750009536743,-0.008939213119447231,0.0,0.0
0.0,,2.4600000381469727,-0.008939213119447231,0.0,0.0
0.0,,2.450000047683716,-0.008939213119447231,0.0,0.0
0.0,,2.450000047683716,-0.005959475412964821,0.0,0.0
0.0,,2.456249952316284,-0.008939213119447231,0.0,0.0
0.0,,2.450000047683716,-0.008939213119447231,0.0,0.0
0.0,,2.4549999237060547,-0.005959475412964821,0.0,0.0
0.0,,2.4462499618530273,-0.008939213119447231,0.0,0.0
0.0,,2.4574999809265137,-0.008939213119447231,0.0,0.0
0.0,,2.456249952316284,-0.005959475412964821,0.0,0.0
0.0,,2.456249952316284,-0.008939213119447231,0.0,0.0
0.0,,2.4574999809265137,-0.011918950825929642,0.0,0.0
0.0,,2.453749895095825,-0.008939213119447231,0.0,0.0
0.0,,2.456249952316284,-0.011918950825929642,0.0,0.0
0.0,,2.456249952316284,-0.008939213119447231,0.0,0.0
0.0,,2.456249952316284,-0.008939213119447231,0.0,0.0
0.0,,2.453749895095825,-0.008939213119447231,0.0,0.0
0.0,,2.4524998664855957,-0.011918950825929642,0.0,0.0
0.0,,2.4574999809265137,-0.011918950825929642,0.0,0.0
0.0,,2.461249828338623,-0.008939213119447231,0.0,0.0
0.0,,2.4549999237060547,-0.008939213119447231,0.0,0.0
0.0,,2.4574999809265137,-0.008939213119447231,0.0,0.0
0.0,,2.451249837875366,-0.008939213119447231,0.0,0.0
0.0,,2.456249952316284,-0.008939213119447231,0.0,0.0
0.0,,2.4524998664855957,-0.011918950825929642,0.0,0.0
0.0,,2.453749895095825,-0.008939213119447231,0.0,0.0
0.0,,2.447499990463257,-0.008939213119447231,0.0,0.0
0.0,,2.450000047683716,-0.005959475412964821,0.0,0.0
0.0,,2.4574999809265137,-0.008939213119447231,0.0,0.0
0.0,,2.461249828338623,-0.008939213119447231,0.0,0.0
0.0,,2.4524998664855957,-0.005959475412964821,0.0,0.0
0.0,,2.450000047683716,-0.005959475412964821,0.0,0.0
0.0,,2.453749895095825,-0.011918950825929642,0.0,0.0
0.0,,2.4600000381469727,-0.005959475412964821,0.0,0.0
0.0,,2.456249952316284,-0.008939213119447231,0.0,0.0
0.0,,2.461249828338623,-0.008939213119447231,0.0,0.0
0.0,,2.456249952316284,-0.008939213119447231,0.0,0.0
0.0,,2.447499990463257,-0.008939213119447231,0.0,0.0
0.0,,2.4600000381469727,-0.005959475412964821,0.0,0.0
0.0,,2.4574999809265137,-0.008939213119447231,0.0,0.0
0.0,,2.456249952316284,-0.011918950825929642,0.0,0.0
0.0,,2.458750009536743,-0.008939213119447231,0.0,0.0
0.0,,2.4549999237060547,-0.008939213119447231,0.0,0.0
0.0,,2.456249952316284,-0.008939213119447231,0.0,0.0
0.0,,2.456249952316284,-0.008939213119447231,0.0,0.0
0.0,,2.4549999237060547,-0.011918950825929642,0.0,0.0
0.0,,2.4574999809265137,-0.011918950825929642,0.0,0.0
0.0,,2.456249952316284,-0.008939213119447231,0.0,0.0
0.0,,2.4549999237060547,-0.011918950825929642,0.0,0.0
0.0,,2.456249952316284,-0.008939213119447231,0.0,0.0
0.0,,2.456249952316284,-0.008939213119447231,0.0,0.0
0.0,,2.4549999237060547,-0.008939213119447231,0.0,0.0
0.0,,2.4574999809265137,-0.008939213119447231,0.0,0.0
0.0,,2.456249952316284,-0.008939213119447231,0.0,0.0
0.0,,2.4524998664855957,-0.005959475412964821,0.0,0.0
0.0,,2.456249952316284,-0.008939213119447231,0.0,0.0
0.0,,2.456249952316284,-0.011918950825929642,0.0,0.0
0.0,,2.456249952316284,-0.008939213119447231,0.0,0.0
0.0,,2.456249952316284,-0.011918950825929642,0.0,0.0
0.0,,2.453749895095825,-0.011918950825929642,0.0,0.0
0.0,,2.456249952316284,-0.011918950825929642,0.0,0.0
0.0,,2.453749895095825,-0.008939213119447231,0.0,0.0
0.0,,2.4549999237060547,-0.011918950825929642,0.0,0.0
0.0,,2.456249952316284,-0.008939213119447231,0.0,0.0
0.0,,2.456249952316284,-0.008939213119447231,0.0,0.0
0.0,,2.456249952316284,-0.011918950825929642,0.0,0.0
0.0,,2.456249952316284,-0.008939213119447231,0.0,0.0
0.0,,2.4549999237060547,-0.011918950825929642,0.0,0.0
0.0,,2.456249952316284,-0.005959475412964821,0.0,0.0
0.0,,2.456249952316284,-0.011918950825929642,0.0,0.0
0.0,,2.4549999237060547,-0.008939213119447231,0.0,0.0
0.0,,2.4549999237060547,-0.008939213119447231,0.0,0.0
0.0,,2.4549999237060547,-0.005959475412964821,0.0,0.0
0.0,,2.4574999809265137,-0.011918950825929642,0.0,0.0
0.0,,2.4549999237060547,-0.011918950825929642,0.0,0.0
0.0,,2.456249952316284,-0.008939213119447231,0.0,0.0
0.0,,2.4549999237060547,-0.008939213119447231,0.0,0.0
0.0,,2.4549999237060547,-0.008939213119447231,0.0,0.0
0.0,,2.456249952316284,-0.005959475412964821,0.0,0.0
0.0,,2.453749895095825,-0.008939213119447231,0.0,0.0
0.0,,2.456249952316284,-0.011918950825929642,0.0,0.0
0.0,,2.4549999237060547,-0.011918950825929642,0.0,0.0
0.0,,2.453749895095825,-0.011918950825929642,0.0,0.0
0.0,,2.453749895095825,-0.008939213119447231,0.0,0.0
0.0,,2.450000047683716,-0.011918950825929642,0.0,0.0
0.0,,2.453749895095825,-0.008939213119447231,0.0,0.0
0.0,,2.4549999237060547,-0.008939213119447231,0.0,0.0
0.0,,2.453749895095825,-0.008939213119447231,0.0,0.0
0.0,,2.4549999237060547,-0.011918950825929642,0.0,0.0
0.0,,2.453749895095825,-0.005959475412964821,0.0,0.0
0.0,,2.4549999237060547,-0.008939213119447231,0.0,0.0
0.0,,2.4549999237060547,-0.011918950825929642,0.0,0.0
0.0,,2.4524998664855957,-0.008939213119447231,0.0,0.0
0.0,,2.453749895095825,-0.011918950825929642,0.0,0.0
0.0,,2.4549999237060547,-0.008939213119447231,0.0,0.0
0.0,,2.453749895095825,-0.011918950825929642,0.0,0.0
0.0,,2.453749895095825,-0.008939213119447231,0.0,0.0
0.0,,2.453749895095825,-0.011918950825929642,0.0,0.0
0.0,,2.453749895095825,-0.008939213119447231,0.0,0.0
0.0,,2.453749895095825,-0.011918950825929642,0.0,0.0
0.0,,2.4524998664855957,-0.008939213119447231,0.0,0.0
0.0,,2.453749895095825,-0.008939213119447231,0.0,0.0
0.0,,2.4524998664855957,-0.008939213119447231,0.0,0.0
0.0,,2.4524998664855957,-0.008939213119447231,0.0,0.0
0.0,,2.451249837875366,-0.008939213119447231,0.0,0.0
0.0,,2.4524998664855957,-0.008939213119447231,0.0,0.0
0.0,,2.451249837875366,-0.008939213119447231,0.0,0.0
0.0,,2.451249837875366,-0.011918950825929642,0.0,0.0
0.0,,2.4524998664855957,-0.011918950825929642,0.0,0.0
0.0,,2.4524998664855957,-0.008939213119447231,0.0,0.0
0.0,,2.450000047683716,-0.008939213119447231,0.0,0.0
0.0,,2.4524998664855957,-0.008939213119447231,0.0,0.0
0.0,,2.453749895095825,-0.008939213119447231,0.0,0.0
0.0,,2.4524998664855957,-0.008939213119447231,0.0,0.0
0.0,,2.4524998664855957,-0.008939213119447231,0.0,0.0
0.0,,2.4524998664855957,-0.008939213119447231,0.0,0.0
0.0,,2.4524998664855957,-0.008939213119447231,0.0,0.0
0.0,,2.4524998664855957,-0.008939213119447231,0.0,0.0
0.0,,2.451249837875366,-0.008939213119447231,0.0,0.0
0.0,,2.4524998664855957,-0.011918950825929642,0.0,0.0
0.0,,2.451249837875366,-0.008939213119447231,0.0,0.0
0.0,,2.450000047683716,-0.005959475412964821,0.0,0.0
0.0,,2.451249837875366,-0.008939213119447231,0.0,0.0
0.0,,2.4524998664855957,-0.008939213119447231,0.0,0.0
0.0,,2.451249837875366,-0.011918950825929642,0.0,0.0
0.0,,2.451249837875366,-0.008939213119447231,0.0,0.0
0.0,,2.4524998664855957,-0.011918950825929642,0.0,0.0
0.0,,2.450000047683716,-0.008939213119447231,0.0,0.0
0.0,,2.451249837875366,-0.011918950825929642,0.0,0.0
0.0,,2.450000047683716,-0.005959475412964821,0.0,0.0
0.0,,2.4524998664855957,-0.008939213119447231,0.0,0.0
0.0,,2.4487500190734863,-0.008939213119447231,0.0,0.0
0.0,,2.450000047683716,-0.008939213119447231,0.0,0.0
0.0,,2.451249837875366,-0.011918950825929642,0.0,0.0
0.0,,2.4487500190734863,-0.008939213119447231,0.0,0.0
0.0,,2.451249837875366,-0.008939213119447231,0.0,0.0
0.0,,2.450000047683716,-0.011918950825929642,0.0,0.0
0.0,,2.4487500190734863,-0.008939213119447231,0.0,0.0
0.0,,2.451249837875366,-0.008939213119447231,0.0,0.0
0.0,,2.451249837875366,-0.011918950825929642,0.0,0.0
0.0,,2.450000047683716,-0.011918950825929642,0.0,0.0
0.0,,2.450000047683716,-0.008939213119447231,0.0,0.0
0.0,,2.450000047683716,-0.008939213119447231,0.0,0.0
0.0,,2.450000047683716,-0.011918950825929642,0.0,0.0
0.0,,2.450000047683716,-0.008939213119447231,0.0,0.0
0.0,,2.450000047683716,-0.008939213119447231,0.0,0.0
0.0,,2.4487500190734863,-0.008939213119447231,0.0,0.0
0.0,,2.450000047683716,-0.011918950825929642,0.0,0.0
0.0,,2.447499990463257,-0.011918950825929642,0.0,0.0
0.0,,2.447499990463257,-0.005959475412964821,0.0,0.0
0.0,,2.450000047683716,-0.011918950825929642,0.0,0.0
0.0,,2.450000047683716,-0.011918950825929642,0.0,0.0
0.0,,2.4462499618530273,-0.008939213119447231,0.0,0.0
0.0,,2.447499990463257,-0.008939213119447231,0.0,0.0
0.0,,2.451249837875366,-0.008939213119447231,0.0,0.0
0.0,,2.450000047683716,-0.008939213119447231,0.0,0.0
0.0,,2.4487500190734863,-0.008939213119447231,0.0,0.0
0.0,,2.4412498474121094,-0.008939213119447231,0.0,0.0
0.0,,2.447499990463257,-0.005959475412964821,0.0,0.0
0.0,,2.444999933242798,-0.008939213119447231,0.0,0.0
0.0,,2.447499990463257,-0.011918950825929642,0.0,0.0
0.0,,2.447499990463257,-0.011918950825929642,0.0,0.0
0.0,,2.4487500190734863,-0.008939213119447231,0.0,0.0
0.0,,2.447499990463257,-0.011918950825929642,0.0,0.0
0.0,,2.4462499618530273,-0.011918950825929642,0.0,0.0
0.0,,2.447499990463257,-0.011918950825929642,0.0,0.0
0.0,,2.4487500190734863,-0.008939213119447231,0.0,0.0
0.0,,2.447499990463257,-0.011918950825929642,0.0,0.0
0.0,,2.4487500190734863,-0.005959475412964821,0.0,0.0
0.0,,2.447499990463257,-0.008939213119447231,0.0,0.0
0.0,,2.4462499618530273,-0.011918950825929642,0.0,0.0
0.0,,2.444999933242798,-0.011918950825929642,0.0,0.0
0.0,,2.4462499618530273,-0.008939213119447231,0.0,0.0
0.0,,2.444999933242798,-0.011918950825929642,0.0,0.0
0.0,,2.4462499618530273,-0.005959475412964821,0.0,0.0
0.0,,2.4462499618530273,-0.014898688532412052,0.0,0.0
0.0,,2.4462499618530273,-0.011918950825929642,0.0,0.0
0.0,,2.447499990463257,-0.011918950825929642,0.0,0.0
0.0,,2.444999933242798,-0.011918950825929642,0.0,0.0
0.0,,2.4462499618530273,-0.008939213119447231,0.0,0.0
0.0,,2.4462499618530273,-0.008939213119447231,0.0,0.0
0.0,,2.444999933242798,-0.008939213119447231,0.0,0.0
0.0,,2.447499990463257,-0.008939213119447231,0.0,0.0
0.0,,2.444999933242798,-0.011918950825929642,0.0,0.0
0.0,,2.444999933242798,-0.011918950825929642,0.0,0.0
0.0,,2.4437499046325684,-0.008939213119447231,0.0,0.0
0.0,,2.4462499618530273,-0.008939213119447231,0.0,0.0
0.0,,2.444999933242798,-0.008939213119447231,0.0,0.0
0.0,,2.444999933242798,-0.008939213119447231,0.0,0.0
0.0,,2.4437499046325684,-0.008939213119447231,0.0,0.0
0.0,,2.4437499046325684,-0.011918950825929642,0.0,0.0
0.0,,2.444999933242798,-0.011918950825929642,0.0,0.0
0.0,,2.4462499618530273,-0.011918950825929642,0.0,0.0
0.0,,2.444999933242798,-0.008939213119447231,0.0,0.0
0.0,,2.4462499618530273,-0.008939213119447231,0.0,0.0
0.0,,2.442499876022339,-0.008939213119447231,0.0,0.0
0.0,,2.4437499046325684,-0.011918950825929642,0.0,0.0
0.0,,2.4437499046325684,-0.011918950825929642,0.0,0.0
0.0,,2.442499876022339,-0.008939213119447231,0.0,0.0
0.0,,2.4437499046325684,-0.011918950825929642,0.0,0.0
0.0,,2.442499876022339,-0.008939213119447231,0.0,0.0
0.0,,2.4437499046325684,-0.008939213119447231,0.0,0.0
0.0,,2.442499876022339,-0.008939213119447231,0.0,0.0
0.0,,2.442499876022339,-0.008939213119447231,0.0,0.0
0.0,,2.4437499046325684,-0.008939213119447231,0.0,0.0
0.0,,2.4437499046325684,-0.008939213119447231,0.0,0.0
0.0,,2.4412498474121094,-0.008939213119447231,0.0,0.0
0.0,,2.442499876022339,-0.011918950825929642,0.0,0.0
0.0,,2.4362499713897705,-0.011918950825929642,0.0,0.0
0.0,,2.4375,-0.011918950825929642,0.0,0.0
0.0,,2.4387500286102295,-0.011918950825929642,0.0,0.0
0.0,,2.4412498474121094,-0.008939213119447231,0.0,0.0
0.0,,2.440000057220459,-0.008939213119447231,0.0,0.0
0.0,,2.4412498474121094,-0.008939213119447231,0.0,0.0
0.0,,2.432499885559082,-0.005959475412964821,0.0,0.0
0.0,,2.4412498474121094,-0.008939213119447231,0.0,0.0
0.0,,2.4387500286102295,-0.008939213119447231,0.0,0.0
0.0,,2.440000057220459,-0.005959475412964821,0.0,0.0
0.0,,2.4387500286102295,-0.008939213119447231,0.0,0.0
0.0,,2.442499876022339,-0.008939213119447231,0.0,0.0
0.0,,2.4375,-0.005959475412964821,0.0,0.0
0.0,,2.4387500286102295,-0.008939213119447231,0.0,0.0
0.0,,2.442499876022339,-0.005959475412964821,0.0,0.0
0.0,,2.4387500286102295,-0.008939213119447231,0.0,0.0
0.0,,2.440000057220459,-0.008939213119447231,0.0,0.0
0.0,,2.440000057220459,-0.011918950825929642,0.0,0.0
0.0,,2.440000057220459,-0.008939213119447231,0.0,0.0
0.0,,2.4387500286102295,-0.008939213119447231,0.0,0.0
0.0,,2.440000057220459,-0.008939213119447231,0.0,0.0
0.0,,2.440000057220459,-0.008939213119447231,0.0,0.0
0.0,,2.440000057220459,-0.008939213119447231,0.0,0.0
0.0,,2.4387500286102295,-0.011918950825929642,0.0,0.0
0.0,,2.440000057220459,-0.011918950825929642,0.0,0.0
0.0,,2.4387500286102295,-0.008939213119447231,0.0,0.0
0.0,,2.4375,-0.011918950825929642,0.0,0.0
0.0,,2.4387500286102295,-0.011918950825929642,0.0,0.0
0.0,,2.4375,-0.011918950825929642,0.0,0.0
0.0,,2.4375,-0.008939213119447231,0.0,0.0
0.0,,2.4387500286102295,-0.011918950825929642,0.0,0.0
0.0,,2.4375,-0.008939213119447231,0.0,0.0
0.0,,2.4375,-0.008939213119447231,0.0,0.0
0.0,,2.4375,-0.008939213119447231,0.0,0.0
0.0,,2.4375,-0.008939213119447231,0.0,0.0
0.0,,2.4375,-0.008939213119447231,0.0,0.0
0.0,,2.4362499713897705,-0.008939213119447231,0.0,0.0
0.0,,2.4375,-0.011918950825929642,0.0,0.0
0.0,,2.4362499713897705,-0.008939213119447231,0.0,0.0
0.0,,2.4362499713897705,-0.011918950825929642,0.0,0.0
0.0,,2.4362499713897705,-0.008939213119447231,0.0,0.0
0.0,,2.4362499713897705,-0.008939213119447231,0.0,0.0
0.0,,2.4362499713897705,-0.005959475412964821,0.0,0.0
0.0,,2.434999942779541,-0.011918950825929642,0.0,0.0
0.0,,2.4375,-0.008939213119447231,0.0,0.0
0.0,,2.4362499713897705,-0.008939213119447231,0.0,0.0
0.0,,2.434999942779541,-0.011918950825929642,0.0,0.0
0.0,,2.4362499713897705,-0.008939213119447231,0.0,0.0
0.0,,2.4362499713897705,-0.008939213119447231,0.0,0.0
0.0,,2.434999942779541,-0.008939213119447231,0.0,0.0
0.0,,2.4337499141693115,-0.008939213119447231,0.0,0.0
0.0,,2.4337499141693115,-0.011918950825929642,0.0,0.0
0.0,,2.4362499713897705,-0.008939213119447231,0.0,0.0
0.0,,2.434999942779541,-0.008939213119447231,0.0,0.0
0.0,,2.4337499141693115,-0.008939213119447231,0.0,0.0
0.0,,2.434999942779541,-0.008939213119447231,0.0,0.0
0.0,,2.434999942779541,-0.008939213119447231,0.0,0.0
0.0,,2.432499885559082,-0.008939213119447231,0.0,0.0
0.0,,2.4337499141693115,-0.005959475412964821,0.0,0.0
0.0,,2.434999942779541,-0.011918950825929642,0.0,0.0
0.0,,2.4337499141693115,-0.008939213119447231,0.0,0.0
0.0,,2.432499885559082,-0.011918950825929642,0.0,0.0
0.0,,2.432499885559082,-0.008939213119447231,0.0,0.0
0.0,,2.4337499141693115,-0.008939213119447231,0.0,0.0
0.0,,2.432499885559082,-0.011918950825929642,0.0,0.0
0.0,,2.4337499141693115,-0.005959475412964821,0.0,0.0
0.0,,2.432499885559082,-0.008939213119447231,0.0,0.0
0.0,,2.432499885559082,-0.011918950825929642,0.0,0.0
0.0,,2.4337499141693115,-0.008939213119447231,0.0,0.0
0.0,,2.4337499141693115,-0.011918950825929642,0.0,0.0
0.0,,2.432499885559082,-0.008939213119447231,0.0,0.0
0.0,,2.432499885559082,-0.011918950825929642,0.0,0.0
0.0,,2.432499885559082,-0.005959475412964821,0.0,0.0
0.0,,2.4312498569488525,-0.011918950825929642,0.0,0.0
0.0,,2.432499885559082,-0.008939213119447231,0.0,0.0
0.0,,2.4312498569488525,-0.011918950825929642,0.0,0.0
0.0,,2.4312498569488525,-0.011918950825929642,0.0,0.0
0.0,,2.4312498569488525,-0.008939213119447231,0.0,0.0
0.0,,2.4312498569488525,-0.011918950825929642,0.0,0.0
0.0,,2.4312498569488525,-0.011918950825929642,0.0,0.0
0.0,,2.4287500381469727,-0.008939213119447231,0.0,0.0
0.0,,2.4312498569488525,-0.011918950825929642,0.0,0.0
0.0,,2.429999828338623,-0.011918950825929642,0.0,0.0
0.0,,2.4287500381469727,-0.011918950825929642,0.0,0.0
0.0,,2.429999828338623,-0.011918950825929642,0.0,0.0
0.0,,2.429999828338623,-0.008939213119447231,0.0,0.0
0.0,,2.429999828338623,-0.008939213119447231,0.0,0.0
0.0,,2.4312498569488525,-0.008939213119447231,0.0,0.0
0.0,,2.427500009536743,-0.008939213119447231,0.0,0.0
0.0,,2.429999828338623,-0.008939213119447231,0.0,0.0
0.0,,2.427500009536743,-0.008939213119447231,0.0,0.0
0.0,,2.4287500381469727,-0.011918950825929642,0.0,0.0
0.0,,2.429999828338623,-0.011918950825929642,0.0,0.0
0.0,,2.427500009536743,-0.008939213119447231,0.0,0.0
0.0,,2.4262499809265137,-0.011918950825929642,0.0,0.0
0.0,,2.429999828338623,-0.011918950825929642,0.0,0.0
0.0,,2.427500009536743,-0.008939213119447231,0.0,0.0
0.0,,2.427500009536743,-0.008939213119447231,0.0,0.0
0.0,,2.4287500381469727,-0.008939213119447231,0.0,0.0
0.0,,2.427500009536743,-0.011918950825929642,0.0,0.0
0.0,,2.427500009536743,-0.011918950825929642,0.0,0.0
0.0,,2.4262499809265137,-0.011918950825929642,0.0,0.0
0.0,,2.427500009536743,-0.005959475412964821,0.0,0.0
0.0,,2.4262499809265137,-0.008939213119447231,0.0,0.0
0.0,,2.4262499809265137,-0.011918950825929642,0.0,0.0
0.0,,2.4262499809265137,-0.008939213119447231,0.0,0.0
0.0,,2.427500009536743,-0.008939213119447231,0.0,0.0
0.0,,2.4262499809265137,-0.011918950825929642,0.0,0.0
0.0,,2.424999952316284,-0.008939213119447231,0.0,0.0
0.0,,2.424999952316284,-0.011918950825929642,0.0,0.0
0.0,,2.4262499809265137,-0.008939213119447231,0.0,0.0
0.0,,2.424999952316284,-0.008939213119447231,0.0,0.0
0.0,,2.424999952316284,-0.008939213119447231,0.0,0.0
0.0,,2.424999952316284,-0.011918950825929642,0.0,0.0
0.0,,2.4237499237060547,-0.008939213119447231,0.0,0.0
0.0,,2.424999952316284,-0.011918950825929642,0.0,0.0
0.0,,2.422499895095825,-0.011918950825929642,0.0,0.0
0.0,,2.422499895095825,-0.011918950825929642,0.0,0.0
0.0,,2.4237499237060547,-0.011918950825929642,0.0,0.0
0.0,,2.4237499237060547,-0.008939213119447231,0.0,0.0
0.0,,2.4237499237060547,-0.011918950825929642,0.0,0.0
0.0,,2.4237499237060547,-0.011918950825929642,0.0,0.0
0.0,,2.4237499237060547,-0.008939213119447231,0.0,0.0
0.0,,2.422499895095825,-0.008939213119447231,0.0,0.0
0.0,,2.422499895095825,-0.008939213119447231,0.0,0.0
0.0,,2.4212498664855957,-0.011918950825929642,0.0,0.0
0.0,,2.422499895095825,-0.011918950825929642,0.0,0.0
0.0,,2.4212498664855957,-0.008939213119447231,0.0,0.0
0.0,,2.4237499237060547,-0.011918950825929642,0.0,0.0
0.0,,2.4237499237060547,-0.011918950825929642,0.0,0.0
0.0,,2.4212498664855957,-0.011918950825929642,0.0,0.0
0.0,,2.422499895095825,-0.011918950825929642,0.0,0.0
0.0,,2.4212498664855957,-0.011918950825929642,0.0,0.0
0.0,,2.422499895095825,-0.011918950825929642,0.0,0.0
0.0,,2.4212498664855957,-0.008939213119447231,0.0,0.0
0.0,,2.419999837875366,-0.008939213119447231,0.0,0.0
0.0,,2.422499895095825,-0.008939213119447231,0.0,0.0
0.0,,2.422499895095825,-0.008939213119447231,0.0,0.0
0.0,,2.4212498664855957,-0.008939213119447231,0.0,0.0
0.0,,2.422499895095825,-0.014898688532412052,0.0,0.0
0.0,,2.419999837875366,-0.008939213119447231,0.0,0.0
0.0,,2.419999837875366,-0.008939213119447231,0.0,0.0
0.0,,2.4212498664855957,-0.008939213119447231,0.0,0.0
0.0,,2.416249990463257,-0.008939213119447231,0.0,0.0
0.0,,2.419999837875366,-0.008939213119447231,0.0,0.0
0.0,,2.419999837875366,-0.008939213119447231,0.0,0.0
0.0,,2.413749933242798,-0.008939213119447231,0.0,0.0
0.0,,2.4175000190734863,-0.008939213119447231,0.0,0.0
0.0,,2.418750047683716,-0.011918950825929642,0.0,0.0
0.0,,2.413749933242798,-0.011918950825929642,0.0,0.0
0.0,,2.4149999618530273,-0.008939213119447231,0.0,0.0
0.0,,2.4124999046325684,-0.011918950825929642,0.0,0.0
0.0,,2.4149999618530273,-0.008939213119447231,0.0,0.0
0.0,,2.411249876022339,-0.011918950825929642,0.0,0.0
0.0,,2.408750057220459,-0.005959475412964821,0.0,0.0
0.0,,2.408750057220459,-0.008939213119447231,0.0,0.0
0.0,,2.4124999046325684,-0.005959475412964821,0.0,0.0
0.0,,2.4149999618530273,-0.008939213119447231,0.0,0.0
0.0,,2.416249990463257,-0.011918950825929642,0.0,0.0
0.0,,2.4149999618530273,-0.011918950825929642,0.0,0.0
0.0,,2.4149999618530273,-0.008939213119447231,0.0,0.0
0.0,,2.416249990463257,-0.011918950825929642,0.0,0.0
0.0,,2.416249990463257,-0.008939213119447231,0.0,0.0
0.0,,2.411249876022339,-0.008939213119447231,0.0,0.0
0.0,,2.413749933242798,-0.011918950825929642,0.0,0.0
0.0,,2.413749933242798,-0.008939213119447231,0.0,0.0
0.0,,2.4149999618530273,-0.011918950825929642,0.0,0.0
0.0,,2.416249990463257,-0.008939213119447231,0.0,0.0
0.0,,2.4149999618530273,-0.008939213119447231,0.0,0.0
0.0,,2.413749933242798,-0.008939213119447231,0.0,0.0
0.0,,2.4149999618530273,-0.005959475412964821,0.0,0.0
0.0,,2.4149999618530273,-0.011918950825929642,0.0,0.0
0.0,,2.413749933242798,-0.008939213119447231,0.0,0.0
0.0,,2.4124999046325684,-0.011918950825929642,0.0,0.0
0.0,,2.4149999618530273,-0.008939213119447231,0.0,0.0
0.0,,2.413749933242798,-0.008939213119447231,0.0,0.0
0.0,,2.413749933242798,-0.008939213119447231,0.0,0.0
0.0,,2.4124999046325684,-0.011918950825929642,0.0,0.0
0.0,,2.413749933242798,-0.011918950825929642,0.0,0.0
0.0,,2.4124999046325684,-0.011918950825929642,0.0,0.0
0.0,,2.413749933242798,-0.011918950825929642,0.0,0.0
0.0,,2.411249876022339,-0.008939213119447231,0.0,0.0
0.0,,2.413749933242798,-0.008939213119447231,0.0,0.0
0.0,,2.411249876022339,-0.014898688532412052,0.0,0.0
0.0,,2.411249876022339,-0.011918950825929642,0.0,0.0
0.0,,2.411249876022339,-0.011918950825929642,0.0,0.0
0.0,,2.4124999046325684,-0.008939213119447231,0.0,0.0
0.0,,2.4099998474121094,-0.011918950825929642,0.0,0.0
0.0,,2.4049999713897705,-0.008939213119447231,0.0,0.0
0.0,,2.4099998474121094,-0.011918950825929642,0.0,0.0
0.0,,2.4124999046325684,-0.008939213119447231,0.0,0.0
0.0,,2.4099998474121094,-0.008939213119447231,0.0,0.0
0.0,,2.4099998474121094,-0.005959475412964821,0.0,0.0
0.0,,2.408750057220459,-0.011918950825929642,0.0,0.0
0.0,,2.4099998474121094,-0.008939213119447231,0.0,0.0
0.0,,2.411249876022339,-0.008939213119447231,0.0,0.0
0.0,,2.408750057220459,-0.011918950825929642,0.0,0.0
0.0,,2.4099998474121094,-0.008939213119447231,0.0,0.0
0.0,,2.4099998474121094,-0.008939213119447231,0.0,0.0
0.0,,2.4099998474121094,-0.011918950825929642,0.0,0.0
0.0,,2.408750057220459,-0.008939213119447231,0.0,0.0
0.0,,2.4075000286102295,-0.011918950825929642,0.0,0.0
0.0,,2.4075000286102295,-0.011918950825929642,0.0,0.0
0.0,,2.40625,-0.008939213119447231,0.0,0.0
0.0,,2.408750057220459,-0.008939213119447231,0.0,0.0
0.0,,2.40625,-0.011918950825929642,0.0,0.0
0.0,,2.40625,-0.011918950825929642,0.0,0.0
0.0,,2.4075000286102295,-0.011918950825929642,0.0,0.0
0.0,,2.4075000286102295,-0.008939213119447231,0.0,0.0
0.0,,2.40625,-0.011918950825929642,0.0,0.0
0.0,,2.4024999141693115,-0.008939213119447231,0.0,0.0
0.0,,2.4024999141693115,-0.011918950825929642,0.0,0.0
0.0,,2.401249885559082,-0.011918950825929642,0.0,0.0
0.0,,2.4075000286102295,-0.011918950825929642,0.0,0.0
0.0,,2.403749942779541,-0.008939213119447231,0.0,0.0
0.0,,2.4024999141693115,-0.008939213119447231,0.0,0.0
0.0,,2.4049999713897705,-0.008939213119447231,0.0,0.0
0.0,,2.40625,-0.008939213119447231,0.0,0.0
0.0,,2.4049999713897705,-0.008939213119447231,0.0,0.0
0.0,,2.4049999713897705,-0.011918950825929642,0.0,0.0
0.0,,2.403749942779541,-0.008939213119447231,0.0,0.0
0.0,,2.4049999713897705,-0.008939213119447231,0.0,0.0
0.0,,2.4049999713897705,-0.005959475412964821,0.0,0.0
0.0,,2.403749942779541,-0.008939213119447231,0.0,0.0
0.0,,2.4049999713897705,-0.008939213119447231,0.0,0.0
0.0,,2.403749942779541,-0.008939213119447231,0.0,0.0
0.0,,2.4049999713897705,-0.011918950825929642,0.0,0.0
0.0,,2.4024999141693115,-0.011918950825929642,0.0,0.0
0.0,,2.403749942779541,-0.011918950825929642,0.0,0.0
0.0,,2.4024999141693115,-0.008939213119447231,0.0,0.0
0.0,,2.4024999141693115,-0.011918950825929642,0.0,0.0
0.0,,2.403749942779541,-0.008939213119447231,0.0,0.0
0.0,,2.4024999141693115,-0.008939213119447231,0.0,0.0
0.0,,2.3999998569488525,-0.008939213119447231,0.0,0.0
0.0,,2.401249885559082,-0.008939213119447231,0.0,0.0
0.0,,2.401249885559082,-0.011918950825929642,0.0,0.0
0.0,,2.3999998569488525,-0.005959475412964821,0.0,0.0
0.0,,2.3999998569488525,-0.008939213119447231,0.0,0.0
0.0,,2.401249885559082,-0.011918950825929642,0.0,0.0
0.0,,2.4049999713897705,-0.008939213119447231,0.0,0.0
0.0,,2.401249885559082,-0.011918950825929642,0.0,0.0
0.0,,2.4024999141693115,-0.011918950825929642,0.0,0.0
0.0,,2.401249885559082,-0.008939213119447231,0.0,0.0
0.0,,2.3999998569488525,-0.005959475412964821,0.0,0.0
0.0,,2.401249885559082,-0.011918950825929642,0.0,0.0
0.0,,2.3975000381469727,-0.011918950825929642,0.0,0.0
0.0,,2.3999998569488525,-0.008939213119447231,0.0,0.0
0.0,,2.3999998569488525,-0.005959475412964821,0.0,0.0
0.0,,2.3975000381469727,-0.008939213119447231,0.0,0.0
0.0,,2.3999998569488525,-0.014898688532412052,0.0,0.0
0.0,,2.3999998569488525,-0.008939213119447231,0.0,0.0
0.0,,2.398749828338623,-0.011918950825929642,0.0,0.0
0.0,,2.3975000381469727,-0.008939213119447231,0.0,0.0
0.0,,2.3975000381469727,-0.008939213119447231,0.0,0.0
0.0,,2.398749828338623,-0.008939213119447231,0.0,0.0
0.0,,2.396250009536743,-0.011918950825929642,0.0,0.0
0.0,,2.396250009536743,-0.008939213119447231,0.0,0.0
0.0,,2.3975000381469727,-0.011918950825929642,0.0,0.0
0.0,,2.393749952316284,-0.011918950825929642,0.0,0.0
0.0,,2.3975000381469727,-0.011918950825929642,0.0,0.0
0.0,,2.396250009536743,-0.008939213119447231,0.0,0.0
0.0,,2.396250009536743,-0.008939213119447231,0.0,0.0
0.0,,2.396250009536743,-0.008939213119447231,0.0,0.0
0.0,,2.3949999809265137,-0.008939213119447231,0.0,0.0
0.0,,2.396250009536743,-0.011918950825929642,0.0,0.0
0.0,,2.3949999809265137,-0.008939213119447231,0.0,0.0
0.0,,2.396250009536743,-0.011918950825929642,0.0,0.0
0.0,,2.3949999809265137,-0.011918950825929642,0.0,0.0
0.0,,2.3949999809265137,-0.008939213119447231,0.0,0.0
0.0,,2.396250009536743,-0.011918950825929642,0.0,0.0
0.0,,2.3949999809265137,-0.008939213119447231,0.0,0.0
0.0,,2.3949999809265137,-0.005959475412964821,0.0,0.0
0.0,,2.3949999809265137,-0.005959475412964821,0.0,0.0
0.0,,2.3924999237060547,-0.008939213119447231,0.0,0.0
0.0,,2.393749952316284,-0.011918950825929642,0.0,0.0
0.0,,2.3949999809265137,-0.011918950825929642,0.0,0.0
0.0,,2.393749952316284,-0.011918950825929642,0.0,0.0
0.0,,2.3924999237060547,-0.011918950825929642,0.0,0.0
0.0,,2.393749952316284,-0.008939213119447231,0.0,0.0
0.0,,2.393749952316284,-0.011918950825929642,0.0,0.0
0.0,,2.3924999237060547,-0.008939213119447231,0.0,0.0
0.0,,2.393749952316284,-0.011918950825929642,0.0,0.0
0.0,,2.393749952316284,-0.008939213119447231,0.0,0.0
0.0,,2.3924999237060547,-0.011918950825929642,0.0,0.0
0.0,,2.391249895095825,-0.008939213119447231,0.0,0.0
0.0,,2.3924999237060547,-0.011918950825929642,0.0,0.0
0.0,,2.391249895095825,-0.011918950825929642,0.0,0.0
0.0,,2.391249895095825,-0.011918950825929642,0.0,0.0
0.0,,2.391249895095825,-0.005959475412964821,0.0,0.0
0.0,,2.391249895095825,-0.008939213119447231,0.0,0.0
0.0,,2.3899998664855957,-0.011918950825929642,0.0,0.0
0.0,,2.3899998664855957,-0.011918950825929642,0.0,0.0
0.0,,2.3899998664855957,-0.011918950825929642,0.0,0.0
0.0,,2.3899998664855957,-0.011918950825929642,0.0,0.0
0.0,,2.3899998664855957,-0.011918950825929642,0.0,0.0
0.0,,2.3899998664855957,-0.008939213119447231,0.0,0.0
0.0,,2.3899998664855957,-0.011918950825929642,0.0,0.0
0.0,,2.388749837875366,-0.008939213119447231,0.0,0.0
0.0,,2.387500047683716,-0.011918950825929642,0.0,0.0
0.0,,2.388749837875366,-0.011918950825929642,0.0,0.0
0.0,,2.387500047683716,-0.008939213119447231,0.0,0.0
0.0,,2.3862500190734863,-0.005959475412964821,0.0,0.0
0.0,,2.388749837875366,-0.008939213119447231,0.0,0.0
0.0,,2.387500047683716,-0.014898688532412052,0.0,0.0
0.0,,2.387500047683716,-0.011918950825929642,0.0,0.0
0.0,,2.388749837875366,-0.014898688532412052,0.0,0.0
0.0,,2.3812499046325684,-0.011918950825929642,0.0,0.0
0.0,,2.384999990463257,-0.011918950825929642,0.0,0.0
0.0,,2.384999990463257,-0.011918950825929642,0.0,0.0
0.0,,2.3837499618530273,-0.008939213119447231,0.0,0.0
0.0,,2.382499933242798,-0.008939213119447231,0.0,0.0
0.0,,2.377500057220459,-0.011918950825929642,0.0,0.0
0.0,,2.384999990463257,-0.011918950825929642,0.0,0.0
0.0,,2.384999990463257,-0.008939213119447231,0.0,0.0
0.0,,2.382499933242798,-0.008939213119447231,0.0,0.0
0.0,,2.382499933242798,-0.011918950825929642,0.0,0.0
0.0,,2.3812499046325684,-0.011918950825929642,0.0,0.0
0.0,,2.3862500190734863,-0.008939213119447231,0.0,0.0
0.0,,2.382499933242798,-0.008939213119447231,0.0,0.0
0.0,,2.384999990463257,-0.011918950825929642,0.0,0.0
0.0,,2.382499933242798,-0.011918950825929642,0.0,0.0
0.0,,2.3837499618530273,-0.008939213119447231,0.0,0.0
0.0,,2.379999876022339,-0.011918950825929642,0.0,0.0
0.0,,2.379999876022339,-0.011918950825929642,0.0,0.0
0.0,,2.3787498474121094,-0.011918950825929642,0.0,0.0
0.0,,2.377500057220459,-0.011918950825929642,0.0,0.0
0.0,,2.3837499618530273,-0.008939213119447231,0.0,0.0
0.0,,2.3837499618530273,-0.011918950825929642,0.0,0.0
0.0,,2.3812499046325684,-0.008939213119447231,0.0,0.0
0.0,,2.375,-0.008939213119447231,0.0,0.0
0.0,,2.375,-0.005959475412964821,0.0,0.0
0.0,,2.377500057220459,-0.008939213119447231,0.0,0.0
0.0,,2.3762500286102295,-0.008939213119447231,0.0,0.0
0.0,,2.3812499046325684,-0.008939213119447231,0.0,0.0
0.0,,2.3862500190734863,-0.005959475412964821,0.0,0.0
0.0,,2.375,-0.011918950825929642,0.0,0.0
0.0,,2.382499933242798,-0.008939213119447231,0.0,0.0
0.0,,2.382499933242798,-0.011918950825929642,0.0,0.0
0.0,,2.3812499046325684,-0.008939213119447231,0.0,0.0
0.0,,2.3812499046325684,-0.011918950825929642,0.0,0.0
0.0,,2.3787498474121094,-0.011918950825929642,0.0,0.0
0.0,,2.3787498474121094,-0.011918950825929642,0.0,0.0
0.0,,2.379999876022339,-0.008939213119447231,0.0,0.0
0.0,,2.379999876022339,-0.011918950825929642,0.0,0.0
0.0,,2.3787498474121094,-0.008939213119447231,0.0,0.0
0.0,,2.377500057220459,-0.008939213119447231,0.0,0.0
0.0,,2.3762500286102295,-0.011918950825929642,0.0,0.0
0.0,,2.3787498474121094,-0.008939213119447231,0.0,0.0
0.0,,2.3762500286102295,-0.008939213119447231,0.0,0.0
0.0,,2.3762500286102295,-0.011918950825929642,0.0,0.0
0.0,,2.3737499713897705,-0.011918950825929642,0.0,0.0
0.0,,2.372499942779541,-0.011918950825929642,0.0,0.0
0.0,,2.3762500286102295,-0.008939213119447231,0.0,0.0
0.0,,2.3787498474121094,-0.008939213119447231,0.0,0.0
0.0,,2.3687498569488525,-0.011918950825929642,0.0,0.0
0.0,,2.3762500286102295,-0.008939213119447231,0.0,0.0
0.0,,2.3787498474121094,-0.008939213119447231,0.0,0.0
0.0,,2.3687498569488525,-0.008939213119447231,0.0,0.0
0.0,,2.377500057220459,-0.008939213119447231,0.0,0.0
0.0,,2.372499942779541,-0.008939213119447231,0.0,0.0
0.0,,2.375,-0.011918950825929642,0.0,0.0
0.0,,2.3762500286102295,-0.011918950825929642,0.0,0.0
0.0,,2.375,-0.008939213119447231,0.0,0.0
0.0,,2.375,-0.008939213119447231,0.0,0.0
0.0,,2.375,-0.008939213119447231,0.0,0.0
0.0,,2.375,-0.008939213119447231,0.0,0.0
0.0,,2.375,-0.008939213119447231,0.0,0.0
0.0,,2.375,-0.008939213119447231,0.0,0.0
0.0,,2.3737499713897705,-0.008939213119447231,0.0,0.0
0.0,,2.3737499713897705,-0.008939213119447231,0.0,0.0
0.0,,2.372499942779541,-0.005959475412964821,0.0,0.0
0.0,,2.3737499713897705,-0.008939213119447231,0.0,0.0
0.0,,2.3737499713897705,-0.011918950825929642,0.0,0.0
0.0,,2.3737499713897705,-0.011918950825929642,0.0,0.0
0.0,,2.372499942779541,-0.008939213119447231,0.0,0.0
0.0,,2.372499942779541,-0.008939213119447231,0.0,0.0
0.0,,2.3712499141693115,-0.011918950825929642,0.0,0.0
0.0,,2.3712499141693115,-0.008939213119447231,0.0,0.0
0.0,,2.3712499141693115,-0.011918950825929642,0.0,0.0
0.0,,2.3687498569488525,-0.011918950825929642,0.0,0.0
0.0,,2.3712499141693115,-0.011918950825929642,0.0,0.0
0.0,,2.3687498569488525,-0.011918950825929642,0.0,0.0
0.0,,2.3712499141693115,-0.011918950825929642,0.0,0.0
0.0,,2.369999885559082,-0.008939213119447231,0.0,0.0
0.0,,2.369999885559082,-0.008939213119447231,0.0,0.0
0.0,,2.3712499141693115,-0.011918950825929642,0.0,0.0
0.0,,2.372499942779541,-0.014898688532412052,0.0,0.0
0.0,,2.372499942779541,-0.008939213119447231,0.0,0.0
0.0,,2.3687498569488525,-0.008939213119447231,0.0,0.0
0.0,,2.362499952316284,-0.008939213119447231,0.0,0.0
0.0,,2.3687498569488525,-0.008939213119447231,0.0,0.0
0.0,,2.367499828338623,-0.008939213119447231,0.0,0.0
0.0,,2.3687498569488525,-0.008939213119447231,0.0,0.0
0.0,,2.367499828338623,-0.011918950825929642,0.0,0.0
0.0,,2.362499952316284,-0.011918950825929642,0.0,0.0
0.0,,2.3637499809265137,-0.008939213119447231,0.0,0.0
0.0,,2.3662500381469727,-0.008939213119447231,0.0,0.0
0.0,,2.3687498569488525,-0.008939213119447231,0.0,0.0
0.0,,2.365000009536743,-0.011918950825929642,0.0,0.0
0.0,,2.367499828338623,-0.008939213119447231,0.0,0.0
0.0,,2.357499837875366,-0.011918950825929642,0.0,0.0
0.0,,2.357499837875366,-0.008939213119447231,0.0,0.0
0.0,,2.3587498664855957,-0.011918950825929642,0.0,0.0
0.0,,2.369999885559082,-0.011918950825929642,0.0,0.0
0.0,,2.3662500381469727,-0.008939213119447231,0.0,0.0
0.0,,2.3587498664855957,-0.008939213119447231,0.0,0.0
0.0,,2.3612499237060547,-0.008939213119447231,0.0,0.0
0.0,,2.362499952316284,-0.008939213119447231,0.0,0.0
0.0,,2.365000009536743,-0.008939213119447231,0.0,0.0
0.0,,2.3662500381469727,-0.011918950825929642,0.0,0.0
0.0,,2.365000009536743,-0.008939213119447231,0.0,0.0
0.0,,2.365000009536743,-0.005959475412964821,0.0,0.0
0.0,,2.3637499809265137,-0.011918950825929642,0.0,0.0
0.0,,2.3612499237060547,-0.008939213119447231,0.0,0.0
0.0,,2.365000009536743,-0.008939213119447231,0.0,0.0
0.0,,2.3637499809265137,-0.011918950825929642,0.0,0.0
0.0,,2.367499828338623,-0.011918950825929642,0.0,0.0
0.0,,2.359999895095825,-0.011918950825929642,0.0,0.0
0.0,,2.3637499809265137,-0.005959475412964821,0.0,0.0
0.0,,2.365000009536743,-0.008939213119447231,0.0,0.0
0.0,,2.3637499809265137,-0.008939213119447231,0.0,0.0
0.0,,2.365000009536743,-0.011918950825929642,0.0,0.0
0.0,,2.353749990463257,-0.011918950825929642,0.0,0.0
0.0,,2.362499952316284,-0.008939213119447231,0.0,0.0
0.0,,2.353749990463257,-0.008939213119447231,0.0,0.0
0.0,,2.3612499237060547,-0.011918950825929642,0.0,0.0
0.0,,2.357499837875366,-0.008939213119447231,0.0,0.0
0.0,,2.3587498664855957,-0.005959475412964821,0.0,0.0
0.0,,2.359999895095825,-0.008939213119447231,0.0,0.0
0.0,,2.3612499237060547,-0.008939213119447231,0.0,0.0
0.0,,2.357499837875366,-0.008939213119447231,0.0,0.0
0.0,,2.353749990463257,-0.011918950825929642,0.0,0.0
0.0,,2.3587498664855957,-0.008939213119447231,0.0,0.0
0.0,,2.359999895095825,-0.005959475412964821,0.0,0.0
0.0,,2.359999895095825,-0.011918950825929642,0.0,0.0
0.0,,2.359999895095825,-0.008939213119447231,0.0,0.0
0.0,,2.3474998474121094,-0.011918950825929642,0.0,0.0
0.0,,2.359999895095825,-0.008939213119447231,0.0,0.0
0.0,,2.357499837875366,-0.011918950825929642,0.0,0.0
0.0,,2.356250047683716,-0.008939213119447231,0.0,0.0
0.0,,2.3499999046325684,-0.011918950825929642,0.0,0.0
0.0,,2.353749990463257,-0.011918950825929642,0.0,0.0
0.0,,2.353749990463257,-0.005959475412964821,0.0,0.0
0.0,,2.3587498664855957,-0.011918950825929642,0.0,0.0
0.0,,2.351249933242798,-0.005959475412964821,0.0,0.0
0.0,,2.3499999046325684,-0.005959475412964821,0.0,0.0
0.0,,2.359999895095825,-0.008939213119447231,0.0,0.0
0.0,,2.356250047683716,-0.008939213119447231,0.0,0.0
0.0,,2.356250047683716,-0.008939213119447231,0.0,0.0
0.0,,2.351249933242798,-0.011918950825929642,0.0,0.0
0.0,,2.3587498664855957,-0.008939213119447231,0.0,0.0
0.0,,2.356250047683716,-0.008939213119447231,0.0,0.0
0.0,,2.3550000190734863,-0.008939213119447231,0.0,0.0
0.0,,2.356250047683716,-0.008939213119447231,0.0,0.0
0.0,,2.356250047683716,-0.008939213119447231,0.0,0.0
0.0,,2.356250047683716,-0.008939213119447231,0.0,0.0
0.0,,2.356250047683716,-0.005959475412964821,0.0,0.0
0.0,,2.353749990463257,-0.008939213119447231,0.0,0.0
0.0,,2.351249933242798,-0.008939213119447231,0.0,0.0
0.0,,2.353749990463257,-0.005959475412964821,0.0,0.0
0.0,,2.3550000190734863,-0.008939213119447231,0.0,0.0
0.0,,2.3550000190734863,-0.008939213119447231,0.0,0.0
0.0,,2.348749876022339,-0.011918950825929642,0.0,0.0
0.0,,2.3550000190734863,-0.014898688532412052,0.0,0.0
0.0,,2.3450000286102295,-0.011918950825929642,0.0,0.0
0.0,,2.3499999046325684,-0.014898688532412052,0.0,0.0
0.0,,2.3524999618530273,-0.008939213119447231,0.0,0.0
0.0,,2.3474998474121094,-0.008939213119447231,0.0,0.0
0.0,,2.3474998474121094,-0.008939213119447231,0.0,0.0
0.0,,2.3450000286102295,-0.008939213119447231,0.0,0.0
0.0,,2.351249933242798,-0.011918950825929642,0.0,0.0
0.0,,2.3474998474121094,-0.008939213119447231,0.0,0.0
0.0,,2.3499999046325684,-0.008939213119447231,0.0,0.0
0.0,,2.351249933242798,-0.011918950825929642,0.0,0.0
0.0,,2.3450000286102295,-0.008939213119447231,0.0,0.0
0.0,,2.3474998474121094,-0.008939213119447231,0.0,0.0
0.0,,2.351249933242798,-0.008939213119447231,0.0,0.0
0.0,,2.346250057220459,-0.008939213119447231,0.0,0.0
0.0,,2.3524999618530273,-0.011918950825929642,0.0,0.0
0.0,,2.351249933242798,-0.005959475412964821,0.0,0.0
0.0,,2.3474998474121094,-0.008939213119447231,0.0,0.0
0.0,,2.346250057220459,-0.011918950825929642,0.0,0.0
0.0,,2.3499999046325684,-0.011918950825929642,0.0,0.0
0.0,,2.34375,-0.011918950825929642,0.0,0.0
0.0,,2.351249933242798,-0.008939213119447231,0.0,0.0
0.0,,2.346250057220459,-0.011918950825929642,0.0,0.0
0.0,,2.346250057220459,-0.014898688532412052,0.0,0.0
0.0,,2.3450000286102295,-0.008939213119447231,0.0,0.0
0.0,,2.336250066757202,-0.008939213119447231,0.0,0.0
0.0,,2.34375,-0.008939213119447231,0.0,0.0
0.0,,2.3474998474121094,-0.008939213119447231,0.0,0.0
0.0,,2.3424999713897705,-0.008939213119447231,0.0,0.0
0.0,,2.3474998474121094,-0.014898688532412052,0.0,0.0
0.0,,2.346250057220459,-0.005959475412964821,0.0,0.0
0.0,,2.341249942779541,-0.011918950825929642,0.0,0.0
0.0,,2.3474998474121094,-0.011918950825929642,0.0,0.0
0.0,,2.3450000286102295,-0.008939213119447231,0.0,0.0
0.0,,2.3424999713897705,-0.008939213119447231,0.0,0.0
0.0,,2.3450000286102295,-0.008939213119447231,0.0,0.0
0.0,,2.3399999141693115,-0.011918950825929642,0.0,0.0
0.0,,2.341249942779541,-0.011918950825929642,0.0,0.0
0.0,,2.3450000286102295,-0.008939213119447231,0.0,0.0
0.0,,2.3450000286102295,-0.008939213119447231,0.0,0.0
0.0,,2.3450000286102295,-0.008939213119447231,0.0,0.0
0.0,,2.3450000286102295,-0.008939213119447231,0.0,0.0
0.0,,2.34375,-0.008939213119447231,0.0,0.0
0.0,,2.34375,-0.011918950825929642,0.0,0.0
0.0,,2.3450000286102295,-0.011918950825929642,0.0,0.0
0.0,,2.34375,-0.011918950825929642,0.0,0.0
0.0,,2.3424999713897705,-0.011918950825929642,0.0,0.0
0.0,,2.34375,-0.011918950825929642,0.0,0.0
0.0,,2.3424999713897705,-0.008939213119447231,0.0,0.0
0.0,,2.3424999713897705,-0.011918950825929642,0.0,0.0
0.0,,2.341249942779541,-0.011918950825929642,0.0,0.0
0.0,,2.341249942779541,-0.008939213119447231,0.0,0.0
0.0,,2.3424999713897705,-0.011918950825929642,0.0,0.0
0.0,,2.341249942779541,-0.011918950825929642,0.0,0.0
0.0,,2.3424999713897705,-0.008939213119447231,0.0,0.0
0.0,,2.3399999141693115,-0.008939213119447231,0.0,0.0
0.0,,2.3399999141693115,-0.008939213119447231,0.0,0.0
0.0,,2.3424999713897705,-0.008939213119447231,0.0,0.0
0.0,,2.341249942779541,-0.011918950825929642,0.0,0.0
0.0,,2.3399999141693115,-0.008939213119447231,0.0,0.0
0.0,,2.3399999141693115,-0.011918950825929642,0.0,0.0
0.0,,2.3399999141693115,-0.011918950825929642,0.0,0.0
0.0,,2.3399999141693115,-0.008939213119447231,0.0,0.0
0.0,,2.3399999141693115,-0.011918950825929642,0.0,0.0
0.0,,2.3399999141693115,-0.011918950825929642,0.0,0.0
0.0,,2.331249952316284,-0.008939213119447231,0.0,0.0
0.0,,2.333750009536743,-0.008939213119447231,0.0,0.0
0.0,,2.3399999141693115,-0.008939213119447231,0.0,0.0
0.0,,2.336250066757202,-0.008939213119447231,0.0,0.0
0.0,,2.338749885559082,-0.011918950825929642,0.0,0.0
0.0,,2.3350000381469727,-0.008939213119447231,0.0,0.0
0.0,,2.3350000381469727,-0.008939213119447231,0.0,0.0
0.0,,2.333750009536743,-0.008939213119447231,0.0,0.0
0.0,,2.326249837875366,-0.008939213119447231,0.0,0.0
0.0,,2.338749885559082,-0.008939213119447231,0.0,0.0
0.0,,2.331249952316284,-0.008939213119447231,0.0,0.0
0.0,,2.336250066757202,-0.011918950825929642,0.0,0.0
0.0,,2.3274998664855957,-0.008939213119447231,0.0,0.0
0.0,,2.3299999237060547,-0.008939213119447231,0.0,0.0
0.0,,2.3299999237060547,-0.005959475412964821,0.0,0.0
0.0,,2.3374998569488525,-0.008939213119447231,0.0,0.0
0.0,,2.3274998664855957,-0.011918950825929642,0.0,0.0
0.0,,2.3274998664855957,-0.008939213119447231,0.0,0.0
0.0,,2.331249952316284,-0.011918950825929642,0.0,0.0
0.0,,2.328749895095825,-0.008939213119447231,0.0,0.0
0.0,,2.333750009536743,-0.005959475412964821,0.0,0.0
0.0,,2.3299999237060547,-0.005959475412964821,0.0,0.0
0.0,,2.3324999809265137,-0.008939213119447231,0.0,0.0
0.0,,2.3350000381469727,-0.008939213119447231,0.0,0.0
0.0,,2.333750009536743,-0.008939213119447231,0.0,0.0
0.0,,2.333750009536743,-0.008939213119447231,0.0,0.0
0.0,,2.338749885559082,-0.011918950825929642,0.0,0.0
0.0,,2.3324999809265137,-0.008939213119447231,0.0,0.0
0.0,,2.328749895095825,-0.008939213119447231,0.0,0.0
0.0,,2.3324999809265137,-0.008939213119447231,0.0,0.0
0.0,,2.333750009536743,-0.008939213119447231,0.0,0.0
0.0,,2.3324999809265137,-0.008939213119447231,0.0,0.0
0.0,,2.328749895095825,-0.008939213119447231,0.0,0.0
0.0,,2.3299999237060547,-0.008939213119447231,0.0,0.0
0.0,,2.3299999237060547,-0.008939213119447231,0.0,0.0
0.0,,2.326249837875366,-0.008939213119447231,0.0,0.0
0.0,,2.331249952316284,-0.008939213119447231,0.0,0.0
0.0,,2.328749895095825,-0.011918950825929642,0.0,0.0
0.0,,2.328749895095825,-0.008939213119447231,0.0,0.0
0.0,,2.3299999237060547,-0.011918950825929642,0.0,0.0
0.0,,2.3274998664855957,-0.008939213119447231,0.0,0.0
0.0,,2.325000047683716,-0.008939213119447231,0.0,0.0
0.0,,2.3212499618530273,-0.008939213119447231,0.0,0.0
0.0,,2.3237500190734863,-0.008939213119447231,0.0,0.0
0.0,,2.3237500190734863,-0.011918950825929642,0.0,0.0
0.0,,2.3274998664855957,-0.008939213119447231,0.0,0.0
0.0,,2.331249952316284,-0.008939213119447231,0.0,0.0
0.0,,2.322499990463257,-0.008939213119447231,0.0,0.0
0.0,,2.3274998664855957,-0.005959475412964821,0.0,0.0
0.0,,2.3274998664855957,-0.005959475412964821,0.0,0.0
0.0,,2.328749895095825,-0.008939213119447231,0.0,0.0
0.0,,2.3274998664855957,-0.011918950825929642,0.0,0.0
0.0,,2.3274998664855957,-0.008939213119447231,0.0,0.0
0.0,,2.325000047683716,-0.005959475412964821,0.0,0.0
0.0,,2.326249837875366,-0.008939213119447231,0.0,0.0
0.0,,2.322499990463257,-0.011918950825929642,0.0,0.0
0.0,,2.326249837875366,-0.011918950825929642,0.0,0.0
0.0,,2.326249837875366,-0.014898688532412052,0.0,0.0
0.0,,2.326249837875366,-0.011918950825929642,0.0,0.0
0.0,,2.325000047683716,-0.008939213119447231,0.0,0.0
0.0,,2.326249837875366,-0.011918950825929642,0.0,0.0
0.0,,2.322499990463257,-0.011918950825929642,0.0,0.0
0.0,,2.3237500190734863,-0.008939213119447231,0.0,0.0
0.0,,2.322499990463257,-0.008939213119447231,0.0,0.0
0.0,,2.322499990463257,-0.008939213119447231,0.0,0.0
0.0,,2.319999933242798,-0.008939213119447231,0.0,0.0
0.0,,2.322499990463257,-0.011918950825929642,0.0,0.0
0.0,,2.3162498474121094,-0.005959475412964821,0.0,0.0
0.0,,2.317499876022339,-0.011918950825929642,0.0,0.0
0.0,,2.3187499046325684,-0.011918950825929642,0.0,0.0
0.0,,2.326249837875366,-0.008939213119447231,0.0,0.0
0.0,,2.3187499046325684,-0.008939213119447231,0.0,0.0
0.0,,2.322499990463257,-0.011918950825929642,0.0,0.0
0.0,,2.322499990463257,-0.008939213119447231,0.0,0.0
0.0,,2.3237500190734863,-0.011918950825929642,0.0,0.0
0.0,,2.325000047683716,-0.011918950825929642,0.0,0.0
0.0,,2.3212499618530273,-0.011918950825929642,0.0,0.0
0.0,,2.3212499618530273,-0.008939213119447231,0.0,0.0
0.0,,2.3212499618530273,-0.011918950825929642,0.0,0.0
0.0,,2.319999933242798,-0.011918950825929642,0.0,0.0
0.0,,2.322499990463257,-0.011918950825929642,0.0,0.0
0.0,,2.322499990463257,-0.008939213119447231,0.0,0.0
0.0,,2.319999933242798,-0.008939213119447231,0.0,0.0
0.0,,2.3212499618530273,-0.008939213119447231,0.0,0.0
0.0,,2.3187499046325684,-0.011918950825929642,0.0,0.0
0.0,,2.322499990463257,-0.008939213119447231,0.0,0.0
0.0,,2.3212499618530273,-0.011918950825929642,0.0,0.0
0.0,,2.3187499046325684,-0.008939213119447231,0.0,0.0
0.0,,2.3162498474121094,-0.011918950825929642,0.0,0.0
0.0,,2.3187499046325684,-0.008939213119447231,0.0,0.0
0.0,,2.315000057220459,-0.011918950825929642,0.0,0.0
0.0,,2.3187499046325684,-0.005959475412964821,0.0,0.0
0.0,,2.3187499046325684,-0.008939213119447231,0.0,0.0
0.0,,2.322499990463257,-0.011918950825929642,0.0,0.0
0.0,,2.3187499046325684,-0.011918950825929642,0.0,0.0
0.0,,2.315000057220459,-0.008939213119447231,0.0,0.0
0.0,,2.319999933242798,-0.011918950825929642,0.0,0.0
0.0,,2.3162498474121094,-0.011918950825929642,0.0,0.0
0.0,,2.317499876022339,-0.008939213119447231,0.0,0.0
0.0,,2.3187499046325684,-0.008939213119447231,0.0,0.0
0.0,,2.317499876022339,-0.008939213119447231,0.0,0.0
0.0,,2.317499876022339,-0.008939213119447231,0.0,0.0
0.0,,2.3137500286102295,-0.011918950825929642,0.0,0.0
0.0,,2.3162498474121094,-0.005959475412964821,0.0,0.0
0.0,,2.3137500286102295,-0.011918950825929642,0.0,0.0
0.0,,2.3112499713897705,-0.008939213119447231,0.0,0.0
0.0,,2.315000057220459,-0.008939213119447231,0.0,0.0
0.0,,2.309999942779541,-0.011918950825929642,0.0,0.0
0.0,,2.3125,-0.008939213119447231,0.0,0.0
0.0,,2.309999942779541,-0.008939213119447231,0.0,0.0
0.0,,2.315000057220459,-0.008939213119447231,0.0,0.0
0.0,,2.3087499141693115,-0.008939213119447231,0.0,0.0
0.0,,2.3162498474121094,-0.011918950825929642,0.0,0.0
0.0,,2.302500009536743,-0.005959475412964821,0.0,0.0
0.0,,2.3112499713897705,-0.011918950825929642,0.0,0.0
0.0,,2.3112499713897705,-0.008939213119447231,0.0,0.0
0.0,,2.3137500286102295,-0.008939213119447231,0.0,0.0
0.0,,2.3137500286102295,-0.008939213119447231,0.0,0.0
0.0,,2.3125,-0.008939213119447231,0.0,0.0
0.0,,2.307499885559082,-0.008939213119447231,0.0,0.0
0.0,,2.3125,-0.008939213119447231,0.0,0.0
0.0,,2.3112499713897705,-0.008939213119447231,0.0,0.0
0.0,,2.3112499713897705,-0.011918950825929642,0.0,0.0
0.0,,2.302500009536743,-0.011918950825929642,0.0,0.0
0.0,,2.3112499713897705,-0.008939213119447231,0.0,0.0
0.0,,2.3087499141693115,-0.011918950825929642,0.0,0.0
0.0,,2.3112499713897705,-0.008939213119447231,0.0,0.0
0.0,,2.302500009536743,-0.008939213119447231,0.0,0.0
0.0,,2.3062498569488525,-0.008939213119447231,0.0,0.0
0.0,,2.299999952316284,-0.008939213119447231,0.0,0.0
0.0,,2.3112499713897705,-0.005959475412964821,0.0,0.0
0.0,,2.3112499713897705,-0.008939213119447231,0.0,0.0
0.0,,2.305000066757202,-0.008939213119447231,0.0,0.0
0.0,,2.3112499713897705,-0.008939213119447231,0.0,0.0
0.0,,2.2987499237060547,-0.008939213119447231,0.0,0.0
0.0,,2.302500009536743,-0.011918950825929642,0.0,0.0
0.0,,2.3062498569488525,-0.008939213119447231,0.0,0.0
0.0,,2.3087499141693115,-0.008939213119447231,0.0,0.0
0.0,,2.3087499141693115,-0.011918950825929642,0.0,0.0
0.0,,2.3037500381469727,-0.008939213119447231,0.0,0.0
0.0,,2.307499885559082,-0.011918950825929642,0.0,0.0
0.0,,2.3087499141693115,-0.008939213119447231,0.0,0.0
0.0,,2.307499885559082,-0.011918950825929642,0.0,0.0
0.0,,2.3087499141693115,-0.011918950825929642,0.0,0.0
0.0,,2.305000066757202,-0.005959475412964821,0.0,0.0
0.0,,2.307499885559082,-0.008939213119447231,0.0,0.0
0.0,,2.3062498569488525,-0.011918950825929642,0.0,0.0
0.0,,2.3062498569488525,-0.008939213119447231,0.0,0.0
0.0,,2.3062498569488525,-0.008939213119447231,0.0,0.0
0.0,,2.3062498569488525,-0.011918950825929642,0.0,0.0
0.0,,2.305000066757202,-0.008939213119447231,0.0,0.0
0.0,,2.305000066757202,-0.011918950825929642,0.0,0.0
0.0,,2.305000066757202,-0.011918950825929642,0.0,0.0
0.0,,2.305000066757202,-0.008939213119447231,0.0,0.0
0.0,,2.3037500381469727,-0.011918950825929642,0.0,0.0
0.0,,2.302500009536743,-0.008939213119447231,0.0,0.0
0.0,,2.3037500381469727,-0.008939213119447231,0.0,0.0
0.0,,2.3037500381469727,-0.008939213119447231,0.0,0.0
0.0,,2.3037500381469727,-0.008939213119447231,0.0,0.0
0.0,,2.3037500381469727,-0.005959475412964821,0.0,0.0
0.0,,2.305000066757202,-0.008939213119447231,0.0,0.0
0.0,,2.3012499809265137,-0.011918950825929642,0.0,0.0
0.0,,2.3037500381469727,-0.011918950825929642,0.0,0.0
0.0,,2.3012499809265137,-0.008939213119447231,0.0,0.0
0.0,,2.3012499809265137,-0.011918950825929642,0.0,0.0
0.0,,2.302500009536743,-0.008939213119447231,0.0,0.0
0.0,,2.3012499809265137,-0.008939213119447231,0.0,0.0
0.0,,2.3012499809265137,-0.011918950825929642,0.0,0.0
0.0,,2.3012499809265137,-0.014898688532412052,0.0,0.0
0.0,,2.299999952316284,-0.011918950825929642,0.0,0.0
0.0,,2.297499895095825,-0.008939213119447231,0.0,0.0
0.0,,2.299999952316284,-0.005959475412964821,0.0,0.0
0.0,,2.299999952316284,-0.008939213119447231,0.0,0.0
0.0,,2.3012499809265137,-0.008939213119447231,0.0,0.0
0.0,,2.297499895095825,-0.008939213119447231,0.0,0.0
0.0,,2.299999952316284,-0.008939213119447231,0.0,0.0
0.0,,2.2987499237060547,-0.011918950825929642,0.0,0.0
0.0,,2.2987499237060547,-0.014898688532412052,0.0,0.0
0.0,,2.294999837875366,-0.011918950825929642,0.0,0.0
0.0,,2.2987499237060547,-0.008939213119447231,0.0,0.0
0.0,,2.2962498664855957,-0.008939213119447231,0.0,0.0
0.0,,2.2987499237060547,-0.011918950825929642,0.0,0.0
0.0,,2.2987499237060547,-0.008939213119447231,0.0,0.0
0.0,,2.2849998474121094,-0.011918950825929642,0.0,0.0
0.0,,2.297499895095825,-0.005959475412964821,0.0,0.0
0.0,,2.2962498664855957,-0.011918950825929642,0.0,0.0
0.0,,2.2925000190734863,-0.008939213119447231,0.0,0.0
0.0,,2.2962498664855957,-0.008939213119447231,0.0,0.0
0.0,,2.297499895095825,-0.008939213119447231,0.0,0.0
0.0,,2.291249990463257,-0.008939213119447231,0.0,0.0
0.0,,2.2962498664855957,-0.008939213119447231,0.0,0.0
0.0,,2.2987499237060547,-0.008939213119447231,0.0,0.0
0.0,,2.294999837875366,-0.008939213119447231,0.0,0.0
0.0,,2.2962498664855957,-0.011918950825929642,0.0,0.0
0.0,,2.2962498664855957,-0.008939213119447231,0.0,0.0
0.0,,2.294999837875366,-0.011918950825929642,0.0,0.0
0.0,,2.294999837875366,-0.008939213119447231,0.0,0.0
0.0,,2.293750047683716,-0.008939213119447231,0.0,0.0
0.0,,2.294999837875366,-0.011918950825929642,0.0,0.0
0.0,,2.293750047683716,-0.008939213119447231,0.0,0.0
0.0,,2.293750047683716,-0.008939213119447231,0.0,0.0
0.0,,2.293750047683716,-0.008939213119447231,0.0,0.0
0.0,,2.293750047683716,-0.008939213119447231,0.0,0.0
0.0,,2.2925000190734863,-0.011918950825929642,0.0,0.0
0.0,,2.293750047683716,-0.008939213119447231,0.0,0.0
0.0,,2.2925000190734863,-0.008939213119447231,0.0,0.0
0.0,,2.2925000190734863,-0.008939213119447231,0.0,0.0
0.0,,2.2925000190734863,-0.008939213119447231,0.0,0.0
0.0,,2.291249990463257,-0.008939213119447231,0.0,0.0
0.0,,2.291249990463257,-0.008939213119447231,0.0,0.0
0.0,,2.291249990463257,-0.008939213119447231,0.0,0.0
0.0,,2.291249990463257,-0.008939213119447231,0.0,0.0
0.0,,2.2899999618530273,-0.011918950825929642,0.0,0.0
0.0,,2.2899999618530273,-0.011918950825929642,0.0,0.0
0.0,,2.2899999618530273,-0.011918950825929642,0.0,0.0
0.0,,2.291249990463257,-0.008939213119447231,0.0,0.0
0.0,,2.2899999618530273,-0.011918950825929642,0.0,0.0
0.0,,2.2899999618530273,-0.011918950825929642,0.0,0.0
0.0,,2.288749933242798,-0.011918950825929642,0.0,0.0
0.0,,2.2899999618530273,-0.011918950825929642,0.0,0.0
0.0,,2.2874999046325684,-0.011918950825929642,0.0,0.0
0.0,,2.2874999046325684,-0.008939213119447231,0.0,0.0
0.0,,2.288749933242798,-0.011918950825929642,0.0,0.0
0.0,,2.288749933242798,-0.011918950825929642,0.0,0.0
0.0,,2.288749933242798,-0.008939213119447231,0.0,0.0
0.0,,2.28125,-0.011918950825929642,0.0,0.0
0.0,,2.2849998474121094,-0.011918950825929642,0.0,0.0
0.0,,2.2849998474121094,-0.008939213119447231,0.0,0.0
0.0,,2.28125,-0.011918950825929642,0.0,0.0
0.0,,2.2874999046325684,-0.008939213119447231,0.0,0.0
0.0,,2.2825000286102295,-0.008939213119447231,0.0,0.0
0.0,,2.283750057220459,-0.011918950825929642,0.0,0.0
0.0,,2.2825000286102295,-0.008939213119447231,0.0,0.0
0.0,,2.283750057220459,-0.011918950825929642,0.0,0.0
0.0,,2.2825000286102295,-0.005959475412964821,0.0,0.0
0.0,,2.283750057220459,-0.008939213119447231,0.0,0.0
0.0,,2.283750057220459,-0.011918950825929642,0.0,0.0
0.0,,2.2874999046325684,-0.008939213119447231,0.0,0.0
0.0,,2.286249876022339,-0.011918950825929642,0.0,0.0
0.0,,2.28125,-0.011918950825929642,0.0,0.0
0.0,,2.286249876022339,-0.008939213119447231,0.0,0.0
0.0,,2.283750057220459,-0.008939213119447231,0.0,0.0
0.0,,2.283750057220459,-0.008939213119447231,0.0,0.0
0.0,,2.2874999046325684,-0.008939213119447231,0.0,0.0
0.0,,2.2825000286102295,-0.011918950825929642,0.0,0.0
0.0,,2.2825000286102295,-0.011918950825929642,0.0,0.0
0.0,,2.2799999713897705,-0.008939213119447231,0.0,0.0
0.0,,2.28125,-0.011918950825929642,0.0,0.0
0.0,,2.2749998569488525,-0.008939213119447231,0.0,0.0
0.0,,2.2825000286102295,-0.011918950825929642,0.0,0.0
0.0,,2.2825000286102295,-0.008939213119447231,0.0,0.0
0.0,,2.2799999713897705,-0.008939213119447231,0.0,0.0
0.0,,2.2725000381469727,-0.008939213119447231,0.0,0.0
0.0,,2.273750066757202,-0.005959475412964821,0.0,0.0
0.0,,2.28125,-0.008939213119447231,0.0,0.0
0.0,,2.2749998569488525,-0.008939213119447231,0.0,0.0
0.0,,2.278749942779541,-0.008939213119447231,0.0,0.0
0.0,,2.2749998569488525,-0.005959475412964821,0.0,0.0
0.0,,2.2825000286102295,-0.011918950825929642,0.0,0.0
0.0,,2.2749998569488525,-0.008939213119447231,0.0,0.0
0.0,,2.2725000381469727,-0.008939213119447231,0.0,0.0
0.0,,2.273750066757202,-0.008939213119447231,0.0,0.0
0.0,,2.28125,-0.005959475412964821,0.0,0.0
0.0,,2.273750066757202,-0.008939213119447231,0.0,0.0
0.0,,2.2699999809265137,-0.008939213119447231,0.0,0.0
0.0,,2.2799999713897705,-0.008939213119447231,0.0,0.0
0.0,,2.278749942779541,-0.011918950825929642,0.0,0.0
0.0,,2.278749942779541,-0.011918950825929642,0.0,0.0
0.0,,2.2799999713897705,-0.011918950825929642,0.0,0.0
0.0,,2.278749942779541,-0.011918950825929642,0.0,0.0
0.0,,2.278749942779541,-0.008939213119447231,0.0,0.0
0.0,,2.276249885559082,-0.011918950825929642,0.0,0.0
0.0,,2.2774999141693115,-0.008939213119447231,0.0,0.0
0.0,,2.276249885559082,-0.008939213119447231,0.0,0.0
0.0,,2.2774999141693115,-0.008939213119447231,0.0,0.0
0.0,,2.2749998569488525,-0.008939213119447231,0.0,0.0
0.0,,2.2774999141693115,-0.008939213119447231,0.0,0.0
0.0,,2.276249885559082,-0.008939213119447231,0.0,0.0
0.0,,2.276249885559082,-0.011918950825929642,0.0,0.0
0.0,,2.273750066757202,-0.005959475412964821,0.0,0.0
0.0,,2.278749942779541,-0.011918950825929642,0.0,0.0
0.0,,2.2749998569488525,-0.011918950825929642,0.0,0.0
0.0,,2.2774999141693115,-0.011918950825929642,0.0,0.0
0.0,,2.2725000381469727,-0.011918950825929642,0.0,0.0
0.0,,2.2749998569488525,-0.008939213119447231,0.0,0.0
0.0,,2.271250009536743,-0.008939213119447231,0.0,0.0
0.0,,2.2725000381469727,-0.011918950825929642,0.0,0.0
0.0,,2.2725000381469727,-0.011918950825929642,0.0,0.0
0.0,,2.273750066757202,-0.011918950825929642,0.0,0.0
0.0,,2.276249885559082,-0.011918950825929642,0.0,0.0
0.0,,2.271250009536743,-0.008939213119447231,0.0,0.0
0.0,,2.273750066757202,-0.011918950825929642,0.0,0.0
0.0,,2.2725000381469727,-0.008939213119447231,0.0,0.0
0.0,,2.2725000381469727,-0.008939213119447231,0.0,0.0
0.0,,2.273750066757202,-0.008939213119447231,0.0,0.0
0.0,,2.2699999809265137,-0.008939213119447231,0.0,0.0
0.0,,2.273750066757202,-0.008939213119447231,0.0,0.0
0.0,,2.2699999809265137,-0.011918950825929642,0.0,0.0
0.0,,2.271250009536743,-0.011918950825929642,0.0,0.0
0.0,,2.268749952316284,-0.011918950825929642,0.0,0.0
0.0,,2.2699999809265137,-0.011918950825929642,0.0,0.0
0.0,,2.2699999809265137,-0.008939213119447231,0.0,0.0
0.0,,2.2649998664855957,-0.011918950825929642,0.0,0.0
0.0,,2.2674999237060547,-0.008939213119447231,0.0,0.0
0.0,,2.266249895095825,-0.014898688532412052,0.0,0.0
0.0,,2.2674999237060547,-0.011918950825929642,0.0,0.0
0.0,,2.271250009536743,-0.008939213119447231,0.0,0.0
0.0,,2.268749952316284,-0.011918950825929642,0.0,0.0
0.0,,2.271250009536743,-0.008939213119447231,0.0,0.0
0.0,,2.266249895095825,-0.005959475412964821,0.0,0.0
0.0,,2.2674999237060547,-0.005959475412964821,0.0,0.0
0.0,,2.262500047683716,-0.005959475412964821,0.0,0.0
0.0,,2.268749952316284,-0.008939213119447231,0.0,0.0
0.0,,2.268749952316284,-0.008939213119447231,0.0,0.0
0.0,,2.2674999237060547,-0.008939213119447231,0.0,0.0
0.0,,2.2674999237060547,-0.008939213119447231,0.0,0.0
0.0,,2.268749952316284,-0.008939213119447231,0.0,0.0
0.0,,2.2674999237060547,-0.011918950825929642,0.0,0.0
0.0,,2.2674999237060547,-0.011918950825929642,0.0,0.0
0.0,,2.266249895095825,-0.008939213119447231,0.0,0.0
0.0,,2.2674999237060547,-0.011918950825929642,0.0,0.0
0.0,,2.266249895095825,-0.011918950825929642,0.0,0.0
0.0,,2.2649998664855957,-0.008939213119447231,0.0,0.0
0.0,,2.266249895095825,-0.008939213119447231,0.0,0.0
0.0,,2.266249895095825,-0.008939213119447231,0.0,0.0
0.0,,2.2649998664855957,-0.011918950825929642,0.0,0.0
0.0,,2.2649998664855957,-0.011918950825929642,0.0,0.0
0.0,,2.263749837875366,-0.008939213119447231,0.0,0.0
0.0,,2.2649998664855957,-0.011918950825929642,0.0,0.0
0.0,,2.263749837875366,-0.008939213119447231,0.0,0.0
0.0,,2.263749837875366,-0.011918950825929642,0.0,0.0
0.0,,2.263749837875366,-0.008939213119447231,0.0,0.0
0.0,,2.263749837875366,-0.008939213119447231,0.0,0.0
0.0,,2.2649998664855957,-0.011918950825929642,0.0,0.0
0.0,,2.262500047683716,-0.008939213119447231,0.0,0.0
0.0,,2.266249895095825,-0.011918950825929642,0.0,0.0
0.0,,2.262500047683716,-0.011918950825929642,0.0,0.0
0.0,,2.262500047683716,-0.008939213119447231,0.0,0.0
0.0,,2.262500047683716,-0.005959475412964821,0.0,0.0
0.0,,2.263749837875366,-0.008939213119447231,0.0,0.0
0.0,,2.2612500190734863,-0.011918950825929642,0.0,0.0
0.0,,2.2587499618530273,-0.008939213119447231,0.0,0.0
0.0,,2.262500047683716,-0.008939213119447231,0.0,0.0
0.0,,2.2612500190734863,-0.008939213119447231,0.0,0.0
0.0,,2.262500047683716,-0.008939213119447231,0.0,0.0
0.0,,2.254999876022339,-0.008939213119447231,0.0,0.0
0.0,,2.259999990463257,-0.011918950825929642,0.0,0.0
0.0,,2.2587499618530273,-0.008939213119447231,0.0,0.0
0.0,,2.2587499618530273,-0.005959475412964821,0.0,0.0
0.0,,2.2587499618530273,-0.008939213119447231,0.0,0.0
0.0,,2.257499933242798,-0.011918950825929642,0.0,0.0
0.0,,2.254999876022339,-0.008939213119447231,0.0,0.0
0.0,,2.252500057220459,-0.011918950825929642,0.0,0.0
0.0,,2.254999876022339,-0.011918950825929642,0.0,0.0
0.0,,2.252500057220459,-0.011918950825929642,0.0,0.0
0.0,,2.254999876022339,-0.011918950825929642,0.0,0.0
0.0,,2.257499933242798,-0.008939213119447231,0.0,0.0
0.0,,2.2512500286102295,-0.011918950825929642,0.0,0.0
0.0,,2.2462499141693115,-0.008939213119447231,0.0,0.0
0.0,,2.254999876022339,-0.011918950825929642,0.0,0.0
0.0,,2.2587499618530273,-0.008939213119447231,0.0,0.0
0.0,,2.257499933242798,-0.008939213119447231,0.0,0.0
0.0,,2.257499933242798,-0.008939213119447231,0.0,0.0
0.0,,2.2562499046325684,-0.008939213119447231,0.0,0.0
0.0,,2.257499933242798,-0.008939213119447231,0.0,0.0
0.0,,2.254999876022339,-0.008939213119447231,0.0,0.0
0.0,,2.2562499046325684,-0.011918950825929642,0.0,0.0
0.0,,2.254999876022339,-0.011918950825929642,0.0,0.0
0.0,,2.2562499046325684,-0.008939213119447231,0.0,0.0
0.0,,2.2562499046325684,-0.008939213119447231,0.0,0.0
0.0,,2.2562499046325684,-0.008939213119447231,0.0,0.0
0.0,,2.254999876022339,-0.008939213119447231,0.0,0.0
0.0,,2.2537498474121094,-0.008939213119447231,0.0,0.0
0.0,,2.254999876022339,-0.011918950825929642,0.0,0.0
0.0,,2.254999876022339,-0.008939213119447231,0.0,0.0
0.0,,2.254999876022339,-0.008939213119447231,0.0,0.0
0.0,,2.2537498474121094,-0.011918950825929642,0.0,0.0
0.0,,2.2537498474121094,-0.008939213119447231,0.0,0.0
0.0,,2.2537498474121094,-0.011918950825929642,0.0,0.0
0.0,,2.2537498474121094,-0.008939213119447231,0.0,0.0
0.0,,2.252500057220459,-0.008939213119447231,0.0,0.0
0.0,,2.252500057220459,-0.008939213119447231,0.0,0.0
0.0,,2.2512500286102295,-0.008939213119447231,0.0,0.0
0.0,,2.25,-0.011918950825929642,0.0,0.0
0.0,,2.2537498474121094,-0.011918950825929642,0.0,0.0
0.0,,2.254999876022339,-0.011918950825929642,0.0,0.0
0.0,,2.247499942779541,-0.008939213119447231,0.0,0.0
0.0,,2.25,-0.005959475412964821,0.0,0.0
0.0,,2.2437498569488525,-0.008939213119447231,0.0,0.0
0.0,,2.2537498474121094,-0.011918950825929642,0.0,0.0
0.0,,2.2512500286102295,-0.011918950825929642,0.0,0.0
0.0,,2.25,-0.008939213119447231,0.0,0.0
0.0,,2.247499942779541,-0.011918950825929642,0.0,0.0
0.0,,2.2412500381469727,-0.008939213119447231,0.0,0.0
0.0,,2.240000009536743,-0.011918950825929642,0.0,0.0
0.0,,2.25,-0.011918950825929642,0.0,0.0
0.0,,2.244999885559082,-0.011918950825929642,0.0,0.0
0.0,,2.242500066757202,-0.008939213119447231,0.0,0.0
0.0,,2.2487499713897705,-0.011918950825929642,0.0,0.0
0.0,,2.2487499713897705,-0.011918950825929642,0.0,0.0
0.0,,2.242500066757202,-0.008939213119447231,0.0,0.0
0.0,,2.247499942779541,-0.008939213119447231,0.0,0.0
0.0,,2.242500066757202,-0.008939213119447231,0.0,0.0
0.0,,2.2462499141693115,-0.008939213119447231,0.0,0.0
0.0,,2.2412500381469727,-0.008939213119447231,0.0,0.0
0.0,,2.247499942779541,-0.011918950825929642,0.0,0.0
0.0,,2.2462499141693115,-0.008939213119447231,0.0,0.0
0.0,,2.2462499141693115,-0.008939213119447231,0.0,0.0
0.0,,2.2462499141693115,-0.011918950825929642,0.0,0.0
0.0,,2.2462499141693115,-0.005959475412964821,0.0,0.0
0.0,,2.247499942779541,-0.008939213119447231,0.0,0.0
0.0,,2.244999885559082,-0.008939213119447231,0.0,0.0
0.0,,2.244999885559082,-0.005959475412964821,0.0,0.0
0.0,,2.244999885559082,-0.011918950825929642,0.0,0.0
0.0,,2.2462499141693115,-0.008939213119447231,0.0,0.0
0.0,,2.2437498569488525,-0.008939213119447231,0.0,0.0
0.0,,2.2462499141693115,-0.014898688532412052,0.0,0.0
0.0,,2.2437498569488525,-0.011918950825929642,0.0,0.0
0.0,,2.244999885559082,-0.011918950825929642,0.0,0.0
0.0,,2.2437498569488525,-0.011918950825929642,0.0,0.0
0.0,,2.2437498569488525,-0.011918950825929642,0.0,0.0
0.0,,2.2437498569488525,-0.008939213119447231,0.0,0.0
0.0,,2.2437498569488525,-0.008939213119447231,0.0,0.0
0.0,,2.2437498569488525,-0.008939213119447231,0.0,0.0
0.0,,2.242500066757202,-0.011918950825929642,0.0,0.0
0.0,,2.242500066757202,-0.008939213119447231,0.0,0.0
0.0,,2.242500066757202,-0.008939213119447231,0.0,0.0
0.0,,2.2412500381469727,-0.008939213119447231,0.0,0.0
0.0,,2.2412500381469727,-0.008939213119447231,0.0,0.0
0.0,,2.242500066757202,-0.011918950825929642,0.0,0.0
0.0,,2.2412500381469727,-0.008939213119447231,0.0,0.0
0.0,,2.2412500381469727,-0.008939213119447231,0.0,0.0
0.0,,2.2412500381469727,-0.011918950825929642,0.0,0.0
0.0,,2.2412500381469727,-0.008939213119447231,0.0,0.0
0.0,,2.240000009536743,-0.005959475412964821,0.0,0.0
0.0,,2.240000009536743,-0.008939213119447231,0.0,0.0
0.0,,2.240000009536743,-0.014898688532412052,0.0,0.0
0.0,,2.2412500381469727,-0.008939213119447231,0.0,0.0
0.0,,2.2387499809265137,-0.008939213119447231,0.0,0.0
0.0,,2.2387499809265137,-0.008939213119447231,0.0,0.0
0.0,,2.240000009536743,-0.008939213119447231,0.0,0.0
0.0,,2.240000009536743,-0.005959475412964821,0.0,0.0
0.0,,2.2387499809265137,-0.008939213119447231,0.0,0.0
0.0,,2.2387499809265137,-0.011918950825929642,0.0,0.0
0.0,,2.2412500381469727,-0.008939213119447231,0.0,0.0
0.0,,2.237499952316284,-0.011918950825929642,0.0,0.0
0.0,,2.234999895095825,-0.008939213119447231,0.0,0.0
0.0,,2.234999895095825,-0.011918950825929642,0.0,0.0
0.0,,2.2362499237060547,-0.008939213119447231,0.0,0.0
0.0,,2.237499952316284,-0.008939213119447231,0.0,0.0
0.0,,2.2362499237060547,-0.011918950825929642,0.0,0.0
0.0,,2.231250047683716,-0.011918950825929642,0.0,0.0
0.0,,2.237499952316284,-0.008939213119447231,0.0,0.0
0.0,,2.237499952316284,-0.008939213119447231,0.0,0.0
0.0,,2.232499837875366,-0.011918950825929642,0.0,0.0
0.0,,2.2274999618530273,-0.011918950825929642,0.0,0.0
0.0,,2.231250047683716,-0.008939213119447231,0.0,0.0
0.0,,2.2362499237060547,-0.008939213119447231,0.0,0.0
0.0,,2.2337498664855957,-0.005959475412964821,0.0,0.0
0.0,,2.234999895095825,-0.011918950825929642,0.0,0.0
0.0,,2.234999895095825,-0.011918950825929642,0.0,0.0
0.0,,2.2337498664855957,-0.008939213119447231,0.0,0.0
0.0,,2.234999895095825,-0.008939213119447231,0.0,0.0
0.0,,2.232499837875366,-0.011918950825929642,0.0,0.0
0.0,,2.2337498664855957,-0.011918950825929642,0.0,0.0
0.0,,2.2337498664855957,-0.005959475412964821,0.0,0.0
0.0,,2.2337498664855957,-0.008939213119447231,0.0,0.0
0.0,,2.2337498664855957,-0.014898688532412052,0.0,0.0
0.0,,2.232499837875366,-0.011918950825929642,0.0,0.0
0.0,,2.232499837875366,-0.008939213119447231,0.0,0.0
0.0,,2.232499837875366,-0.011918950825929642,0.0,0.0
0.0,,2.232499837875366,-0.008939213119447231,0.0,0.0
0.0,,2.232499837875366,-0.008939213119447231,0.0,0.0
0.0,,2.232499837875366,-0.008939213119447231,0.0,0.0
0.0,,2.231250047683716,-0.011918950825929642,0.0,0.0
0.0,,2.231250047683716,-0.008939213119447231,0.0,0.0
0.0,,2.2300000190734863,-0.011918950825929642,0.0,0.0
0.0,,2.2300000190734863,-0.008939213119447231,0.0,0.0
0.0,,2.231250047683716,-0.008939213119447231,0.0,0.0
0.0,,2.2300000190734863,-0.008939213119447231,0.0,0.0
0.0,,2.232499837875366,-0.011918950825929642,0.0,0.0
0.0,,2.2300000190734863,-0.008939213119447231,0.0,0.0
0.0,,2.228749990463257,-0.008939213119447231,0.0,0.0
0.0,,2.2300000190734863,-0.008939213119447231,0.0,0.0
0.0,,2.228749990463257,-0.011918950825929642,0.0,0.0
0.0,,2.228749990463257,-0.005959475412964821,0.0,0.0
0.0,,2.231250047683716,-0.008939213119447231,0.0,0.0
0.0,,2.2300000190734863,-0.011918950825929642,0.0,0.0
0.0,,2.2274999618530273,-0.008939213119447231,0.0,0.0
0.0,,2.228749990463257,-0.011918950825929642,0.0,0.0
0.0,,2.2249999046325684,-0.011918950825929642,0.0,0.0
0.0,,2.228749990463257,-0.008939213119447231,0.0,0.0
0.0,,2.2249999046325684,-0.008939213119447231,0.0,0.0
0.0,,2.226249933242798,-0.008939213119447231,0.0,0.0
0.0,,2.223749876022339,-0.008939213119447231,0.0,0.0
0.0,,2.2200000286102295,-0.008939213119447231,0.0,0.0
0.0,,2.2249999046325684,-0.011918950825929642,0.0,0.0
0.0,,2.21875,-0.005959475412964821,0.0,0.0
0.0,,2.2224998474121094,-0.011918950825929642,0.0,0.0
0.0,,2.216249942779541,-0.008939213119447231,0.0,0.0
0.0,,2.21875,-0.008939213119447231,0.0,0.0
0.0,,2.223749876022339,-0.008939213119447231,0.0,0.0
0.0,,2.226249933242798,-0.005959475412964821,0.0,0.0
0.0,,2.221250057220459,-0.014898688532412052,0.0,0.0
0.0,,2.221250057220459,-0.011918950825929642,0.0,0.0
0.0,,2.21875,-0.005959475412964821,0.0,0.0
0.0,,2.223749876022339,-0.008939213119447231,0.0,0.0
0.0,,2.2249999046325684,-0.008939213119447231,0.0,0.0
0.0,,2.2224998474121094,-0.011918950825929642,0.0,0.0
0.0,,2.2224998474121094,-0.008939213119447231,0.0,0.0
0.0,,2.223749876022339,-0.011918950825929642,0.0,0.0
0.0,,2.2200000286102295,-0.008939213119447231,0.0,0.0
0.0,,2.2224998474121094,-0.011918950825929642,0.0,0.0
0.0,,2.2200000286102295,-0.008939213119447231,0.0,0.0
0.0,,2.221250057220459,-0.008939213119447231,0.0,0.0
0.0,,2.2200000286102295,-0.008939213119447231,0.0,0.0
0.0,,2.2200000286102295,-0.008939213119447231,0.0,0.0
0.0,,2.2224998474121094,-0.008939213119447231,0.0,0.0
0.0,,2.216249942779541,-0.008939213119447231,0.0,0.0
0.0,,2.2149999141693115,-0.008939213119447231,0.0,0.0
0.0,,2.2174999713897705,-0.011918950825929642,0.0,0.0
0.0,,2.2149999141693115,-0.008939213119447231,0.0,0.0
0.0,,2.213749885559082,-0.008939213119447231,0.0,0.0
0.0,,2.21875,-0.005959475412964821,0.0,0.0
0.0,,2.2124998569488525,-0.008939213119447231,0.0,0.0
0.0,,2.221250057220459,-0.014898688532412052,0.0,0.0
0.0,,2.216249942779541,-0.008939213119447231,0.0,0.0
0.0,,2.211250066757202,-0.011918950825929642,0.0,0.0
0.0,,2.221250057220459,-0.014898688532412052,0.0,0.0
0.0,,2.221250057220459,-0.011918950825929642,0.0,0.0
0.0,,2.21875,-0.011918950825929642,0.0,0.0
0.0,,2.2200000286102295,-0.005959475412964821,0.0,0.0
0.0,,2.21875,-0.005959475412964821,0.0,0.0
0.0,,2.2174999713897705,-0.008939213119447231,0.0,0.0
0.0,,2.21875,-0.008939213119447231,0.0,0.0
0.0,,2.2174999713897705,-0.011918950825929642,0.0,0.0
0.0,,2.21875,-0.011918950825929642,0.0,0.0
0.0,,2.2174999713897705,-0.008939213119447231,0.0,0.0
0.0,,2.2174999713897705,-0.008939213119447231,0.0,0.0
0.0,,2.216249942779541,-0.008939213119447231,0.0,0.0
0.0,,2.216249942779541,-0.011918950825929642,0.0,0.0
0.0,,2.2174999713897705,-0.008939213119447231,0.0,0.0
0.0,,2.216249942779541,-0.008939213119447231,0.0,0.0
0.0,,2.216249942779541,-0.011918950825929642,0.0,0.0
0.0,,2.2149999141693115,-0.008939213119447231,0.0,0.0
0.0,,2.2174999713897705,-0.008939213119447231,0.0,0.0
0.0,,2.2149999141693115,-0.008939213119447231,0.0,0.0
0.0,,2.2149999141693115,-0.011918950825929642,0.0,0.0
0.0,,2.2149999141693115,-0.008939213119447231,0.0,0.0
0.0,,2.2149999141693115,-0.008939213119447231,0.0,0.0
0.0,,2.2124998569488525,-0.008939213119447231,0.0,0.0
0.0,,2.213749885559082,-0.008939213119447231,0.0,0.0
0.0,,2.2149999141693115,-0.008939213119447231,0.0,0.0
0.0,,2.213749885559082,-0.008939213119447231,0.0,0.0
0.0,,2.2124998569488525,-0.008939213119447231,0.0,0.0
0.0,,2.208750009536743,-0.008939213119447231,0.0,0.0
0.0,,2.2100000381469727,-0.008939213119447231,0.0,0.0
0.0,,2.203749895095825,-0.005959475412964821,0.0,0.0
0.0,,2.206249952316284,-0.011918950825929642,0.0,0.0
0.0,,2.208750009536743,-0.011918950825929642,0.0,0.0
0.0,,2.206249952316284,-0.008939213119447231,0.0,0.0
0.0,,2.211250066757202,-0.008939213119447231,0.0,0.0
0.0,,2.208750009536743,-0.008939213119447231,0.0,0.0
0.0,,2.208750009536743,-0.014898688532412052,0.0,0.0
0.0,,2.2100000381469727,-0.011918950825929642,0.0,0.0
0.0,,2.2100000381469727,-0.008939213119447231,0.0,0.0
0.0,,2.2024998664855957,-0.011918950825929642,0.0,0.0
0.0,,2.211250066757202,-0.008939213119447231,0.0,0.0
0.0,,2.206249952316284,-0.008939213119447231,0.0,0.0
0.0,,2.2024998664855957,-0.008939213119447231,0.0,0.0
0.0,,2.211250066757202,-0.008939213119447231,0.0,0.0
0.0,,2.2074999809265137,-0.008939213119447231,0.0,0.0
0.0,,2.2049999237060547,-0.008939213119447231,0.0,0.0
0.0,,2.2049999237060547,-0.008939213119447231,0.0,0.0
0.0,,2.2100000381469727,-0.008939213119447231,0.0,0.0
0.0,,2.2100000381469727,-0.008939213119447231,0.0,0.0
0.0,,2.2074999809265137,-0.008939213119447231,0.0,0.0
0.0,,2.2074999809265137,-0.008939213119447231,0.0,0.0
0.0,,2.2100000381469727,-0.005959475412964821,0.0,0.0
0.0,,2.2074999809265137,-0.011918950825929642,0.0,0.0
0.0,,2.206249952316284,-0.008939213119447231,0.0,0.0
0.0,,2.2074999809265137,-0.008939213119447231,0.0,0.0
0.0,,2.2074999809265137,-0.008939213119447231,0.0,0.0
0.0,,2.206249952316284,-0.008939213119447231,0.0,0.0
0.0,,2.2049999237060547,-0.008939213119447231,0.0,0.0
0.0,,2.2074999809265137,-0.008939213119447231,0.0,0.0
0.0,,2.206249952316284,-0.008939213119447231,0.0,0.0
0.0,,2.206249952316284,-0.014898688532412052,0.0,0.0
0.0,,2.2049999237060547,-0.008939213119447231,0.0,0.0
0.0,,2.203749895095825,-0.008939213119447231,0.0,0.0
0.0,,2.206249952316284,-0.005959475412964821,0.0,0.0
0.0,,2.2049999237060547,-0.008939213119447231,0.0,0.0
0.0,,2.206249952316284,-0.005959475412964821,0.0,0.0
0.0,,2.2024998664855957,-0.011918950825929642,0.0,0.0
0.0,,2.2024998664855957,-0.011918950825929642,0.0,0.0
0.0,,2.201249837875366,-0.008939213119447231,0.0,0.0
0.0,,2.203749895095825,-0.008939213119447231,0.0,0.0
0.0,,2.200000047683716,-0.011918950825929642,0.0,0.0
0.0,,2.197499990463257,-0.011918950825929642,0.0,0.0
0.0,,2.1962499618530273,-0.005959475412964821,0.0,0.0
0.0,,2.200000047683716,-0.008939213119447231,0.0,0.0
0.0,,2.203749895095825,-0.008939213119447231,0.0,0.0
0.0,,2.2024998664855957,-0.008939213119447231,0.0,0.0
0.0,,2.2024998664855957,-0.011918950825929642,0.0,0.0
0.0,,2.2024998664855957,-0.008939213119447231,0.0,0.0
0.0,,2.2024998664855957,-0.008939213119447231,0.0,0.0
0.0,,2.200000047683716,-0.008939213119447231,0.0,0.0
0.0,,2.201249837875366,-0.011918950825929642,0.0,0.0
0.0,,2.201249837875366,-0.008939213119447231,0.0,0.0
0.0,,2.201249837875366,-0.008939213119447231,0.0,0.0
0.0,,2.200000047683716,-0.005959475412964821,0.0,0.0
0.0,,2.2024998664855957,-0.011918950825929642,0.0,0.0
0.0,,2.200000047683716,-0.011918950825929642,0.0,0.0
0.0,,2.1987500190734863,-0.011918950825929642,0.0,0.0
0.0,,2.201249837875366,-0.011918950825929642,0.0,0.0
0.0,,2.200000047683716,-0.011918950825929642,0.0,0.0
0.0,,2.200000047683716,-0.011918950825929642,0.0,0.0
0.0,,2.200000047683716,-0.005959475412964821,0.0,0.0
0.0,,2.201249837875366,-0.008939213119447231,0.0,0.0
0.0,,2.1987500190734863,-0.008939213119447231,0.0,0.0
0.0,,2.1987500190734863,-0.011918950825929642,0.0,0.0
0.0,,2.1987500190734863,-0.011918950825929642,0.0,0.0
0.0,,2.197499990463257,-0.008939213119447231,0.0,0.0
0.0,,2.1962499618530273,-0.008939213119447231,0.0,0.0
0.0,,2.1987500190734863,-0.011918950825929642,0.0,0.0
0.0,,2.1962499618530273,-0.011918950825929642,0.0,0.0
0.0,,2.1987500190734863,-0.011918950825929642,0.0,0.0
0.0,,2.197499990463257,-0.011918950825929642,0.0,0.0
0.0,,2.1962499618530273,-0.008939213119447231,0.0,0.0
0.0,,2.1937499046325684,-0.011918950825929642,0.0,0.0
0.0,,2.197499990463257,-0.008939213119447231,0.0,0.0
0.0,,2.1962499618530273,-0.011918950825929642,0.0,0.0
0.0,,2.197499990463257,-0.008939213119447231,0.0,0.0
0.0,,2.1962499618530273,-0.008939213119447231,0.0,0.0
0.0,,2.1937499046325684,-0.011918950825929642,0.0,0.0
0.0,,2.1912498474121094,-0.011918950825929642,0.0,0.0
0.0,,2.197499990463257,-0.008939213119447231,0.0,0.0
0.0,,2.1887500286102295,-0.008939213119447231,0.0,0.0
0.0,,2.1912498474121094,-0.011918950825929642,0.0,0.0
0.0,,2.1937499046325684,-0.005959475412964821,0.0,0.0
0.0,,2.1937499046325684,-0.008939213119447231,0.0,0.0
0.0,,2.184999942779541,-0.014898688532412052,0.0,0.0
0.0,,2.1862499713897705,-0.008939213119447231,0.0,0.0
0.0,,2.1887500286102295,-0.011918950825929642,0.0,0.0
0.0,,2.190000057220459,-0.011918950825929642,0.0,0.0
0.0,,2.184999942779541,-0.014898688532412052,0.0,0.0
0.0,,2.1887500286102295,-0.008939213119447231,0.0,0.0
0.0,,2.1837499141693115,-0.008939213119447231,0.0,0.0
0.0,,2.190000057220459,-0.005959475412964821,0.0,0.0
0.0,,2.190000057220459,-0.005959475412964821,0.0,0.0
0.0,,2.1937499046325684,-0.011918950825929642,0.0,0.0
0.0,,2.1937499046325684,-0.008939213119447231,0.0,0.0
0.0,,2.190000057220459,-0.008939213119447231,0.0,0.0
0.0,,2.192499876022339,-0.008939213119447231,0.0,0.0
0.0,,2.190000057220459,-0.008939213119447231,0.0,0.0
0.0,,2.192499876022339,-0.011918950825929642,0.0,0.0
0.0,,2.1887500286102295,-0.008939213119447231,0.0,0.0
0.0,,2.1875,-0.011918950825929642,0.0,0.0
0.0,,2.190000057220459,-0.008939213119447231,0.0,0.0
0.0,,2.190000057220459,-0.008939213119447231,0.0,0.0
0.0,,2.1912498474121094,-0.008939213119447231,0.0,0.0
0.0,,2.184999942779541,-0.008939213119447231,0.0,0.0
0.0,,2.1937499046325684,-0.011918950825929642,0.0,0.0
0.0,,2.1812498569488525,-0.008939213119447231,0.0,0.0
0.0,,2.1787500381469727,-0.008939213119447231,0.0,0.0
0.0,,2.182499885559082,-0.008939213119447231,0.0,0.0
0.0,,2.1762499809265137,-0.011918950825929642,0.0,0.0
0.0,,2.1837499141693115,-0.008939213119447231,0.0,0.0
0.0,,2.1812498569488525,-0.005959475412964821,0.0,0.0
0.0,,2.184999942779541,-0.008939213119447231,0.0,0.0
0.0,,2.1875,-0.005959475412964821,0.0,0.0
0.0,,2.1887500286102295,-0.008939213119447231,0.0,0.0
0.0,,2.1812498569488525,-0.008939213119447231,0.0,0.0
0.0,,2.1862499713897705,-0.011918950825929642,0.0,0.0
0.0,,2.1875,-0.008939213119447231,0.0,0.0
0.0,,2.1862499713897705,-0.008939213119447231,0.0,0.0
0.0,,2.1887500286102295,-0.011918950825929642,0.0,0.0
0.0,,2.1875,-0.008939213119447231,0.0,0.0
0.0,,2.1875,-0.008939213119447231,0.0,0.0
0.0,,2.184999942779541,-0.011918950825929642,0.0,0.0
0.0,,2.184999942779541,-0.008939213119447231,0.0,0.0
0.0,,2.1862499713897705,-0.008939213119447231,0.0,0.0
0.0,,2.184999942779541,-0.011918950825929642,0.0,0.0
0.0,,2.184999942779541,-0.011918950825929642,0.0,0.0
0.0,,2.1837499141693115,-0.011918950825929642,0.0,0.0
0.0,,2.184999942779541,-0.011918950825929642,0.0,0.0
0.0,,2.1837499141693115,-0.005959475412964821,0.0,0.0
0.0,,2.184999942779541,-0.008939213119447231,0.0,0.0
0.0,,2.1837499141693115,-0.008939213119447231,0.0,0.0
0.0,,2.1837499141693115,-0.005959475412964821,0.0,0.0
0.0,,2.1837499141693115,-0.011918950825929642,0.0,0.0
0.0,,2.1837499141693115,-0.008939213119447231,0.0,0.0
0.0,,2.182499885559082,-0.011918950825929642,0.0,0.0
0.0,,2.1837499141693115,-0.008939213119447231,0.0,0.0
0.0,,2.1812498569488525,-0.011918950825929642,0.0,0.0
0.0,,2.182499885559082,-0.011918950825929642,0.0,0.0
0.0,,2.1812498569488525,-0.005959475412964821,0.0,0.0
0.0,,2.182499885559082,-0.011918950825929642,0.0,0.0
0.0,,2.1812498569488525,-0.011918950825929642,0.0,0.0
0.0,,2.180000066757202,-0.011918950825929642,0.0,0.0
0.0,,2.182499885559082,-0.008939213119447231,0.0,0.0
0.0,,2.1812498569488525,-0.008939213119447231,0.0,0.0
0.0,,2.1812498569488525,-0.011918950825929642,0.0,0.0
0.0,,2.180000066757202,-0.008939213119447231,0.0,0.0
0.0,,2.180000066757202,-0.008939213119447231,0.0,0.0
0.0,,2.180000066757202,-0.011918950825929642,0.0,0.0
0.0,,2.180000066757202,-0.008939213119447231,0.0,0.0
0.0,,2.1812498569488525,-0.008939213119447231,0.0,0.0
0.0,,2.180000066757202,-0.008939213119447231,0.0,0.0
0.0,,2.1787500381469727,-0.008939213119447231,0.0,0.0
0.0,,2.177500009536743,-0.014898688532412052,0.0,0.0
0.0,,2.177500009536743,-0.014898688532412052,0.0,0.0
0.0,,2.177500009536743,-0.011918950825929642,0.0,0.0
0.0,,2.180000066757202,-0.011918950825929642,0.0,0.0
0.0,,2.177500009536743,-0.011918950825929642,0.0,0.0
0.0,,2.177500009536743,-0.011918950825929642,0.0,0.0
0.0,,2.1787500381469727,-0.011918950825929642,0.0,0.0
0.0,,2.1762499809265137,-0.005959475412964821,0.0,0.0
0.0,,2.1762499809265137,-0.008939213119447231,0.0,0.0
0.0,,2.1712498664855957,-0.008939213119447231,0.0,0.0
0.0,,2.172499895095825,-0.011918950825929642,0.0,0.0
0.0,,2.1787500381469727,-0.011918950825929642,0.0,0.0
0.0,,2.177500009536743,-0.011918950825929642,0.0,0.0
0.0,,2.174999952316284,-0.011918950825929642,0.0,0.0
0.0,,2.1762499809265137,-0.011918950825929642,0.0,0.0
0.0,,2.1762499809265137,-0.011918950825929642,0.0,0.0
0.0,,2.177500009536743,-0.011918950825929642,0.0,0.0
0.0,,2.174999952316284,-0.008939213119447231,0.0,0.0
0.0,,2.1762499809265137,-0.008939213119447231,0.0,0.0
0.0,,2.1762499809265137,-0.011918950825929642,0.0,0.0
0.0,,2.174999952316284,-0.011918950825929642,0.0,0.0
0.0,,2.1762499809265137,-0.008939213119447231,0.0,0.0
0.0,,2.1737499237060547,-0.008939213119447231,0.0,0.0
0.0,,2.174999952316284,-0.011918950825929642,0.0,0.0
0.0,,2.174999952316284,-0.008939213119447231,0.0,0.0
0.0,,2.1737499237060547,-0.011918950825929642,0.0,0.0
0.0,,2.1737499237060547,-0.008939213119447231,0.0,0.0
0.0,,2.1737499237060547,-0.011918950825929642,0.0,0.0
0.0,,2.1737499237060547,-0.011918950825929642,0.0,0.0
0.0,,2.172499895095825,-0.011918950825929642,0.0,0.0
0.0,,2.172499895095825,-0.008939213119447231,0.0,0.0
0.0,,2.1712498664855957,-0.008939213119447231,0.0,0.0
0.0,,2.1737499237060547,-0.008939213119447231,0.0,0.0
0.0,,2.1712498664855957,-0.011918950825929642,0.0,0.0
0.0,,2.1712498664855957,-0.014898688532412052,0.0,0.0
0.0,,2.172499895095825,-0.011918950825929642,0.0,0.0
0.0,,2.1712498664855957,-0.008939213119447231,0.0,0.0
0.0,,2.1712498664855957,-0.011918950825929642,0.0,0.0
0.0,,2.169999837875366,-0.011918950825929642,0.0,0.0
0.0,,2.1712498664855957,-0.008939213119447231,0.0,0.0
0.0,,2.1712498664855957,-0.008939213119447231,0.0,0.0
0.0,,2.1712498664855957,-0.011918950825929642,0.0,0.0
0.0,,2.172499895095825,-0.008939213119447231,0.0,0.0
0.0,,2.168750047683716,-0.011918950825929642,0.0,0.0
0.0,,2.168750047683716,-0.008939213119447231,0.0,0.0
0.0,,2.168750047683716,-0.008939213119447231,0.0,0.0
0.0,,2.169999837875366,-0.008939213119447231,0.0,0.0
0.0,,2.1712498664855957,-0.008939213119447231,0.0,0.0
0.0,,2.1675000190734863,-0.008939213119447231,0.0,0.0
0.0,,2.169999837875366,-0.011918950825929642,0.0,0.0
0.0,,2.1649999618530273,-0.008939213119447231,0.0,0.0
0.0,,2.1675000190734863,-0.008939213119447231,0.0,0.0
0.0,,2.161249876022339,-0.011918950825929642,0.0,0.0
0.0,,2.1675000190734863,-0.008939213119447231,0.0,0.0
0.0,,2.168750047683716,-0.011918950825929642,0.0,0.0
0.0,,2.169999837875366,-0.008939213119447231,0.0,0.0
0.0,,2.163749933242798,-0.008939213119447231,0.0,0.0
0.0,,2.153749942779541,-0.008939213119447231,0.0,0.0
0.0,,2.1624999046325684,-0.008939213119447231,0.0,0.0
0.0,,2.168750047683716,-0.008939213119447231,0.0,0.0
0.0,,2.166249990463257,-0.011918950825929642,0.0,0.0
0.0,,2.166249990463257,-0.005959475412964821,0.0,0.0
0.0,,2.1649999618530273,-0.011918950825929642,0.0,0.0
0.0,,2.1649999618530273,-0.008939213119447231,0.0,0.0
0.0,,2.1624999046325684,-0.011918950825929642,0.0,0.0
0.0,,2.163749933242798,-0.011918950825929642,0.0,0.0
0.0,,2.1675000190734863,-0.011918950825929642,0.0,0.0
0.0,,2.1624999046325684,-0.008939213119447231,0.0,0.0
0.0,,2.1624999046325684,-0.014898688532412052,0.0,0.0
0.0,,2.1649999618530273,-0.008939213119447231,0.0,0.0
0.0,,2.1549999713897705,-0.008939213119447231,0.0,0.0
0.0,,2.161249876022339,-0.008939213119447231,0.0,0.0
0.0,,2.153749942779541,-0.008939213119447231,0.0,0.0
0.0,,2.1649999618530273,-0.008939213119447231,0.0,0.0
0.0,,2.1599998474121094,-0.008939213119447231,0.0,0.0
0.0,,2.1624999046325684,-0.011918950825929642,0.0,0.0
0.0,,2.1599998474121094,-0.008939213119447231,0.0,0.0
0.0,,2.1599998474121094,-0.008939213119447231,0.0,0.0
0.0,,2.1599998474121094,-0.008939213119447231,0.0,0.0
0.0,,2.1575000286102295,-0.008939213119447231,0.0,0.0
0.0,,2.163749933242798,-0.011918950825929642,0.0,0.0
0.0,,2.1599998474121094,-0.008939213119447231,0.0,0.0
0.0,,2.163749933242798,-0.005959475412964821,0.0,0.0
0.0,,2.1599998474121094,-0.008939213119447231,0.0,0.0
0.0,,2.1599998474121094,-0.011918950825929642,0.0,0.0
0.0,,2.1624999046325684,-0.011918950825929642,0.0,0.0
0.0,,2.161249876022339,-0.011918950825929642,0.0,0.0
0.0,,2.161249876022339,-0.011918950825929642,0.0,0.0
0.0,,2.161249876022339,-0.008939213119447231,0.0,0.0
0.0,,2.1599998474121094,-0.011918950825929642,0.0,0.0
0.0,,2.1599998474121094,-0.008939213119447231,0.0,0.0
0.0,,2.1599998474121094,-0.011918950825929642,0.0,0.0
0.0,,2.158750057220459,-0.008939213119447231,0.0,0.0
0.0,,2.158750057220459,-0.008939213119447231,0.0,0.0
0.0,,2.161249876022339,-0.011918950825929642,0.0,0.0
0.0,,2.1575000286102295,-0.008939213119447231,0.0,0.0
0.0,,2.158750057220459,-0.008939213119447231,0.0,0.0
0.0,,2.1575000286102295,-0.008939213119447231,0.0,0.0
0.0,,2.158750057220459,-0.011918950825929642,0.0,0.0
0.0,,2.153749942779541,-0.011918950825929642,0.0,0.0
0.0,,2.153749942779541,-0.011918950825929642,0.0,0.0
0.0,,2.1575000286102295,-0.008939213119447231,0.0,0.0
0.0,,2.158750057220459,-0.011918950825929642,0.0,0.0
0.0,,2.153749942779541,-0.011918950825929642,0.0,0.0
0.0,,2.15625,-0.005959475412964821,0.0,0.0
0.0,,2.151249885559082,-0.011918950825929642,0.0,0.0
0.0,,2.1549999713897705,-0.008939213119447231,0.0,0.0
0.0,,2.1575000286102295,-0.011918950825929642,0.0,0.0
0.0,,2.15625,-0.008939213119447231,0.0,0.0
0.0,,2.15625,-0.008939213119447231,0.0,0.0
0.0,,2.1575000286102295,-0.008939213119447231,0.0,0.0
0.0,,2.15625,-0.011918950825929642,0.0,0.0
0.0,,2.15625,-0.005959475412964821,0.0,0.0
0.0,,2.15625,-0.011918950825929642,0.0,0.0
0.0,,2.1549999713897705,-0.005959475412964821,0.0,0.0
0.0,,2.15625,-0.011918950825929642,0.0,0.0
0.0,,2.1549999713897705,-0.011918950825929642,0.0,0.0
0.0,,2.1549999713897705,-0.008939213119447231,0.0,0.0
0.0,,2.1549999713897705,-0.008939213119447231,0.0,0.0
0.0,,2.1549999713897705,-0.011918950825929642,0.0,0.0
0.0,,2.153749942779541,-0.011918950825929642,0.0,0.0
0.0,,2.153749942779541,-0.008939213119447231,0.0,0.0
0.0,,2.1524999141693115,-0.011918950825929642,0.0,0.0
0.0,,2.1524999141693115,-0.011918950825929642,0.0,0.0
0.0,,36.17749786376953,-0.008939213119447231,0.0,0.0
0.0,,34.26749801635742,45.9237174987793,0.0,0.637499988079071
0.0,,0.0,47.37187194824219,0.0,0.0
0.0,,39.20624923706055,0.0,0.0,0.0
0.0,,37.272499084472656,41.28128433227539,0.0,0.0
0.0,,0.0,0.0,0.0,0.0
0.0,,7.893749713897705,0.0029797377064824104,0.0,0.0
0.0,,8.40625,-0.005959475412964821,0.0,0.0
0.0,,8.40250015258789,-0.008939213119447231,0.0,0.0
0.0,,8.336249351501465,-0.011918950825929642,0.0,0.0
0.0,,8.22499942779541,-0.011918950825929642,0.0,0.0
0.0,,8.144999504089355,-0.014898688532412052,0.0,0.0
0.0,,8.051249504089355,-0.008939213119447231,0.0,0.0
0.0,,7.931249618530273,-0.011918950825929642,0.0,0.0
0.0,,7.836249828338623,-0.008939213119447231,0.0,0.0
0.0,,7.71875,-0.014898688532412052,0.0,0.0
0.0,,7.613749980926514,-0.011918950825929642,0.0,0.0
0.0,,7.512499809265137,-0.008939213119447231,0.0,0.0
0.0,,7.396249771118164,-0.011918950825929642,0.0,0.0
0.0,,7.307499885559082,-0.008939213119447231,0.0,0.0
0.0,,7.181249618530273,-0.008939213119447231,0.0,0.0
0.0,,7.085000038146973,-0.008939213119447231,0.0,0.0
0.0,,6.984999656677246,-0.011918950825929642,0.0,0.0
0.0,,6.863749980926514,-0.014898688532412052,0.0,0.0
0.0,,6.767499923706055,-0.011918950825929642,0.0,0.0
0.0,,6.643749713897705,-0.008939213119447231,0.0,0.0
0.0,,6.553750038146973,-0.011918950825929642,0.0,0.0
0.0,,6.453749656677246,-0.011918950825929642,0.0,0.0
0.0,,6.342499732971191,-0.008939213119447231,0.0,0.0
0.0,,6.25124979019165,-0.008939213119447231,0.0,0.0
0.0,,6.137499809265137,-0.005959475412964821,0.0,0.0
0.0,,6.043749809265137,-0.008939213119447231,0.0,0.0
0.0,,5.954999923706055,-0.008939213119447231,0.0,0.0
0.0,,5.84375,-0.008939213119447231,0.0,0.0
0.0,,5.758749961853027,-0.014898688532412052,0.0,0.0
0.0,,5.651249885559082,-0.011918950825929642,0.0,0.0
0.0,,5.56749963760376,-0.011918950825929642,0.0,0.0
0.0,,5.462500095367432,-0.011918950825929642,0.0,0.0
0.0,,5.393749713897705,-0.011918950825929642,0.0,0.0
0.0,,5.346250057220459,-0.011918950825929642,0.0,0.0
0.0,,5.283750057220459,-0.011918950825929642,0.0,0.0
0.0,,5.230000019073486,-0.011918950825929642,0.0,0.0
0.0,,5.183749675750732,-0.011918950825929642,0.0,0.0
0.0,,5.125,-0.011918950825929642,0.0,0.0
0.0,,5.074999809265137,-0.011918950825929642,0.0,0.0
0.0,,5.017499923706055,-0.014898688532412052,0.0,0.0
0.0,,4.96875,-0.014898688532412052,0.0,0.0
0.0,,4.921249866485596,-0.011918950825929642,0.0,0.0
0.0,,4.862499713897705,-0.011918950825929642,0.0,0.0
0.0,,4.8125,-0.014898688532412052,0.0,0.0
0.0,,4.756249904632568,-0.011918950825929642,0.0,0.0
0.0,,4.707499980926514,-0.008939213119447231,0.0,0.0
0.0,,4.662499904632568,-0.011918950825929642,0.0,0.0
0.0,,4.598750114440918,-0.011918950825929642,0.0,0.0
0.0,,4.557499885559082,-0.008939213119447231,0.0,0.0
0.0,,4.50124979019165,-0.011918950825929642,0.0,0.0
0.0,,4.458749771118164,-0.011918950825929642,0.0,0.0
0.0,,4.416249752044678,-0.011918950825929642,0.0,0.0
0.0,,4.360000133514404,-0.011918950825929642,0.0,0.0
0.0,,4.318749904632568,-0.011918950825929642,0.0,0.0
0.0,,4.266250133514404,-0.008939213119447231,0.0,0.0
0.0,,4.226249694824219,-0.008939213119447231,0.0,0.0
0.0,,4.1875,-0.014898688532412052,0.0,0.0
0.0,,4.134999752044678,-0.011918950825929642,0.0,0.0
0.0,,4.09375,-0.011918950825929642,0.0,0.0
0.0,,4.048749923706055,-0.011918950825929642,0.0,0.0
0.0,,4.018749713897705,-0.011918950825929642,0.0,0.0
0.0,,3.9912497997283936,-0.008939213119447231,0.0,0.0
0.0,,3.9649999141693115,-0.008939213119447231,0.0,0.0
0.0,,3.9312498569488525,-0.008939213119447231,0.0,0.0
0.0,,3.90625,-0.011918950825929642,0.0,0.0
0.0,,3.8737499713897705,-0.005959475412964821,0.0,0.0
0.0,,3.8499999046325684,-0.008939213119447231,0.0,0.0
0.0,,3.819999933242798,-0.008939213119447231,0.0,0.0
0.0,,3.78374981880188,-0.011918950825929642,0.0,0.0
0.0,,3.7587499618530273,-0.008939213119447231,0.0,0.0
0.0,,3.732499837875366,-0.008939213119447231,0.0,0.0
0.0,,3.708750009536743,-0.011918950825929642,0.0,0.0
0.0,,3.684999942779541,-0.008939213119447231,0.0,0.0
0.0,,3.663749933242798,-0.011918950825929642,0.0,0.0
0.0,,3.634999990463257,-0.008939213119447231,0.0,0.0
0.0,,3.6137499809265137,-0.008939213119447231,0.0,0.0
0.0,,3.5924999713897705,-0.005959475412964821,0.0,0.0
0.0,,3.567499876022339,-0.008939213119447231,0.0,0.0
0.0,,3.5425000190734863,-0.008939213119447231,0.0,0.0
0.0,,3.509999990463257,-0.008939213119447231,0.0,0.0
0.0,,3.482499837875366,-0.011918950825929642,0.0,0.0
0.0,,3.4574999809265137,-0.008939213119447231,0.0,0.0
0.0,,3.427500009536743,-0.008939213119447231,0.0,0.0
0.0,,3.401249885559082,-0.008939213119447231,0.0,0.0
0.0,,3.3762500286102295,-0.008939213119447231,0.0,0.0
0.0,,3.34624981880188,-0.008939213119447231,0.0,0.0
0.0,,3.3162498474121094,-0.008939213119447231,0.0,0.0
0.0,,3.2962498664855957,-0.008939213119447231,0.0,0.0
0.0,,3.271250009536743,-0.008939213119447231,0.0,0.0
0.0,,3.25249981880188,-0.008939213119447231,0.0,0.0
0.0,,3.2274999618530273,-0.008939213119447231,0.0,0.0
0.0,,3.201249837875366,-0.008939213119447231,0.0,0.0
0.0,,3.177500009536743,-0.008939213119447231,0.0,0.0
0.0,,3.161249876022339,-0.008939213119447231,0.0,0.0
0.0,,3.137500047683716,-0.008939213119447231,0.0,0.0
0.0,,3.1187498569488525,-0.011918950825929642,0.0,0.0
0.0,,3.098749876022339,-0.008939213119447231,0.0,0.0
0.0,,3.078749895095825,-0.008939213119447231,0.0,0.0
0.0,,3.0612499713897705,-0.008939213119447231,0.0,0.0
0.0,,3.041249990463257,-0.005959475412964821,0.0,0.0
0.0,,3.016249895095825,-0.011918950825929642,0.0,0.0
0.0,,2.9987499713897705,-0.008939213119447231,0.0,0.0
0.0,,2.978749990463257,-0.008939213119447231,0.0,0.0
0.0,,2.961249828338623,-0.011918950825929642,0.0,0.0
0.0,,2.93999981880188,-0.005959475412964821,0.0,0.0
0.0,,2.924999952316284,-0.008939213119447231,0.0,0.0
0.0,,2.9099998474121094,-0.008939213119447231,0.0,0.0
0.0,,2.8899998664855957,-0.008939213119447231,0.0,0.0
0.0,,2.872499942779541,-0.008939213119447231,0.0,0.0
0.0,,2.857499837875366,-0.008939213119447231,0.0,0.0
0.0,,2.8374998569488525,-0.008939213119447231,0.0,0.0
0.0,,2.8237500190734863,-0.008939213119447231,0.0,0.0
0.0,,2.8062498569488525,-0.008939213119447231,0.0,0.0
0.0,,2.794999837875366,-0.005959475412964821,0.0,0.0
0.0,,2.7799999713897705,-0.008939213119447231,0.0,0.0
0.0,,2.7649998664855957,-0.008939213119447231,0.0,0.0
0.0,,2.752500057220459,-0.008939213119447231,0.0,0.0
0.0,,2.7362499237060547,-0.011918950825929642,0.0,0.0
0.0,,2.7200000286102295,-0.008939213119447231,0.0,0.0
0.0,,2.708750009536743,-0.008939213119447231,0.0,0.0
0.0,,2.692499876022339,-0.008939213119447231,0.0,0.0
0.0,,2.677500009536743,-0.005959475412964821,0.0,0.0
0.0,,2.6624999046325684,-0.011918950825929642,0.0,0.0
0.0,,2.6475000381469727,-0.008939213119447231,0.0,0.0
0.0,,2.637500047683716,-0.008939213119447231,0.0,0.0
0.0,,2.6262500286102295,-0.008939213119447231,0.0,0.0
0.0,,2.615000009536743,-0.011918950825929642,0.0,0.0
0.0,,2.5974998474121094,-0.008939213119447231,0.0,0.0
0.0,,2.5874998569488525,-0.011918950825929642,0.0,0.0
0.0,,2.5774998664855957,-0.008939213119447231,0.0,0.0
0.0,,2.5587499141693115,-0.011918950825929642,0.0,0.0
0.0,,2.5487499237060547,-0.011918950825929642,0.0,0.0
0.0,,2.53125,-0.008939213119447231,0.0,0.0
0.0,,2.528749942779541,-0.008939213119447231,0.0,0.0
0.0,,2.5174999237060547,-0.005959475412964821,0.0,0.0
0.0,,2.502500057220459,-0.005959475412964821,0.0,0.0
0.0,,2.494999885559082,-0.008939213119447231,0.0,0.0
0.0,,2.476249933242798,-0.014898688532412052,0.0,0.0
0.0,,2.46875,-0.011918950825929642,0.0,0.0
0.0,,2.4600000381469727,-0.008939213119447231,0.0,0.0
0.0,,2.447499990463257,-0.008939213119447231,0.0,0.0
0.0,,2.434999942779541,-0.005959475412964821,0.0,0.0
0.0,,2.418750047683716,-0.008939213119447231,0.0,0.0
0.0,,2.4124999046325684,-0.011918950825929642,0.0,0.0
0.0,,2.413749933242798,-0.008939213119447231,0.0,0.0
0.0,,2.4149999618530273,-0.008939213119447231,0.0,0.0
0.0,,2.4149999618530273,-0.005959475412964821,0.0,0.0
0.0,,2.4124999046325684,-0.011918950825929642,0.0,0.0
0.0,,2.401249885559082,-0.011918950825929642,0.0,0.0
0.0,,2.398749828338623,-0.008939213119447231,0.0,0.0
0.0,,2.3924999237060547,-0.008939213119447231,0.0,0.0
0.0,,2.3899998664855957,-0.008939213119447231,0.0,0.0
0.0,,2.387500047683716,-0.008939213119447231,0.0,0.0
0.0,,2.384999990463257,-0.011918950825929642,0.0,0.0
0.0,,2.379999876022339,-0.005959475412964821,0.0,0.0
0.0,,2.375,-0.008939213119447231,0.0,0.0
0.0,,2.3762500286102295,-0.008939213119447231,0.0,0.0
0.0,,2.3762500286102295,-0.008939213119447231,0.0,0.0
0.0,,2.372499942779541,-0.008939213119447231,0.0,0.0
0.0,,2.3712499141693115,-0.005959475412964821,0.0,0.0
0.0,,2.365000009536743,-0.011918950825929642,0.0,0.0
0.0,,2.367499828338623,-0.008939213119447231,0.0,0.0
0.0,,2.3587498664855957,-0.008939213119447231,0.0,0.0
0.0,,2.3587498664855957,-0.008939213119447231,0.0,0.0
0.0,,2.356250047683716,-0.005959475412964821,0.0,0.0
0.0,,2.351249933242798,-0.008939213119447231,0.0,0.0
0.0,,2.338749885559082,-0.011918950825929642,0.0,0.0
0.0,,2.3424999713897705,-0.008939213119447231,0.0,0.0
0.0,,2.338749885559082,-0.005959475412964821,0.0,0.0
0.0,,2.341249942779541,-0.008939213119447231,0.0,0.0
0.0,,2.341249942779541,-0.011918950825929642,0.0,0.0
0.0,,2.3374998569488525,-0.008939213119447231,0.0,0.0
0.0,,2.333750009536743,-0.011918950825929642,0.0,0.0
0.0,,2.3274998664855957,-0.008939213119447231,0.0,0.0
0.0,,2.326249837875366,-0.011918950825929642,0.0,0.0
0.0,,2.325000047683716,-0.011918950825929642,0.0,0.0
0.0,,2.317499876022339,-0.008939213119447231,0.0,0.0
0.0,,2.315000057220459,-0.008939213119447231,0.0,0.0
0.0,,2.305000066757202,-0.008939213119447231,0.0,0.0
0.0,,2.302500009536743,-0.008939213119447231,0.0,0.0
0.0,,2.293750047683716,-0.008939213119447231,0.0,0.0
0.0,,2.2925000190734863,-0.008939213119447231,0.0,0.0
0.0,,2.2925000190734863,-0.008939213119447231,0.0,0.0
0.0,,2.2849998474121094,-0.005959475412964821,0.0,0.0
0.0,,2.2749998569488525,-0.011918950825929642,0.0,0.0
0.0,,2.2749998569488525,-0.005959475412964821,0.0,0.0
0.0,,2.273750066757202,-0.008939213119447231,0.0,0.0
0.0,,2.278749942779541,-0.005959475412964821,0.0,0.0
0.0,,2.2699999809265137,-0.008939213119447231,0.0,0.0
0.0,,2.262500047683716,-0.008939213119447231,0.0,0.0
0.0,,2.266249895095825,-0.008939213119447231,0.0,0.0
0.0,,2.2587499618530273,-0.008939213119447231,0.0,0.0
0.0,,2.259999990463257,-0.011918950825929642,0.0,0.0
0.0,,2.257499933242798,-0.008939213119447231,0.0,0.0
0.0,,2.257499933242798,-0.011918950825929642,0.0,0.0
0.0,,2.2562499046325684,-0.008939213119447231,0.0,0.0
0.0,,2.2537498474121094,-0.008939213119447231,0.0,0.0
0.0,,2.2512500286102295,-0.008939213119447231,0.0,0.0
0.0,,2.2487499713897705,-0.008939213119447231,0.0,0.0
0.0,,2.2462499141693115,-0.008939213119447231,0.0,0.0
0.0,,2.237499952316284,-0.008939213119447231,0.0,0.0
0.0,,2.234999895095825,-0.008939213119447231,0.0,0.0
0.0,,2.223749876022339,-0.011918950825929642,0.0,0.0
0.0,,2.2149999141693115,-0.011918950825929642,0.0,0.0
0.0,,2.211250066757202,-0.008939213119447231,0.0,0.0
0.0,,2.201249837875366,-0.008939213119447231,0.0,0.0
0.0,,2.200000047683716,-0.011918950825929642,0.0,0.0
0.0,,2.192499876022339,-0.008939213119447231,0.0,0.0
0.0,,2.194999933242798,-0.011918950825929642,0.0,0.0
0.0,,2.190000057220459,-0.008939213119447231,0.0,0.0
0.0,,2.190000057220459,-0.008939213119447231,0.0,0.0
0.0,,2.1837499141693115,-0.008939213119447231,0.0,0.0
0.0,,2.1875,-0.008939213119447231,0.0,0.0
0.0,,2.1787500381469727,-0.011918950825929642,0.0,0.0
0.0,,2.1837499141693115,-0.014898688532412052,0.0,0.0
0.0,,2.180000066757202,-0.005959475412964821,0.0,0.0
0.0,,2.1762499809265137,-0.008939213119447231,0.0,0.0
0.0,,2.1762499809265137,-0.011918950825929642,0.0,0.0
0.0,,2.172499895095825,-0.008939213119447231,0.0,0.0
0.0,,2.169999837875366,-0.005959475412964821,0.0,0.0
0.0,,2.166249990463257,-0.008939213119447231,0.0,0.0
0.0,,2.1649999618530273,-0.008939213119447231,0.0,0.0
0.0,,2.161249876022339,-0.008939213119447231,0.0,0.0
0.0,,2.158750057220459,-0.008939213119447231,0.0,0.0
0.0,,2.1575000286102295,-0.011918950825929642,0.0,0.0
0.0,,2.1475000381469727,-0.011918950825929642,0.0,0.0
0.0,,2.1549999713897705,-0.011918950825929642,0.0,0.0
0.0,,2.151249885559082,-0.008939213119447231,0.0,0.0
0.0,,2.1424999237060547,-0.008939213119447231,0.0,0.0
0.0,,2.1362500190734863,-0.008939213119447231,0.0,0.0
0.0,,2.134999990463257,-0.008939213119447231,0.0,0.0
0.0,,2.137500047683716,-0.008939213119447231,0.0,0.0
0.0,,2.1312499046325684,-0.008939213119447231,0.0,0.0
0.0,,2.1312499046325684,-0.011918950825929642,0.0,0.0
0.0,,2.122499942779541,-0.008939213119447231,0.0,0.0
0.0,,2.119999885559082,-0.011918950825929642,0.0,0.0
0.0,,2.125,-0.011918950825929642,0.0,0.0
0.0,,2.1162500381469727,-0.008939213119447231,0.0,0.0
0.0,,2.117500066757202,-0.011918950825929642,0.0,0.0
0.0,,2.1162500381469727,-0.008939213119447231,0.0,0.0
0.0,,2.1137499809265137,-0.008939213119447231,0.0,0.0
0.0,,2.1162500381469727,-0.011918950825929642,0.0,0.0
0.0,,2.112499952316284,-0.008939213119447231,0.0,0.0
0.0,,2.1087498664855957,-0.008939213119447231,0.0,0.0
0.0,,2.106250047683716,-0.008939213119447231,0.0,0.0
0.0,,2.1050000190734863,-0.011918950825929642,0.0,0.0
0.0,,2.0999999046325684,-0.008939213119447231,0.0,0.0
0.0,,2.098749876022339,-0.008939213119447231,0.0,0.0
0.0,,2.096250057220459,-0.011918950825929642,0.0,0.0
0.0,,2.09375,-0.008939213119447231,0.0,0.0
0.0,,2.0899999141693115,-0.011918950825929642,0.0,0.0
0.0,,2.0874998569488525,-0.008939213119447231,0.0,0.0
0.0,,2.0850000381469727,-0.008939213119447231,0.0,0.0
0.0,,2.0824999809265137,-0.008939213119447231,0.0,0.0
0.0,,2.0799999237060547,-0.011918950825929642,0.0,0.0
0.0,,2.078749895095825,-0.011918950825929642,0.0,0.0
0.0,,2.0687499046325684,-0.011918950825929642,0.0,0.0
0.0,,2.0587499141693115,-0.011918950825929642,0.0,0.0
0.0,,2.057499885559082,-0.011918950825929642,0.0,0.0
0.0,,2.052500009536743,-0.008939213119447231,0.0,0.0
0.0,,2.0512499809265137,-0.011918950825929642,0.0,0.0
0.0,,2.047499895095825,-0.008939213119447231,0.0,0.0
0.0,,2.043750047683716,-0.008939213119447231,0.0,0.0
0.0,,2.041249990463257,-0.008939213119447231,0.0,0.0
0.0,,2.036249876022339,-0.008939213119447231,0.0,0.0
0.0,,2.0249998569488525,-0.008939213119447231,0.0,0.0
0.0,,2.0199999809265137,-0.008939213119447231,0.0,0.0
0.0,,2.012500047683716,-0.008939213119447231,0.0,0.0
0.0,,2.0112500190734863,-0.011918950825929642,0.0,0.0
0.0,,2.0062499046325684,-0.011918950825929642,0.0,0.0
0.0,,2.004999876022339,-0.008939213119447231,0.0,0.0
0.0,,2.0012500286102295,-0.011918950825929642,0.0,0.0
0.0,,1.9987499713897705,-0.008939213119447231,0.0,0.0
0.0,,1.9962499141693115,-0.011918950825929642,0.0,0.0
0.0,,1.993749976158142,-0.011918950825929642,0.0,0.0
0.0,,1.9900000095367432,-0.011918950825929642,0.0,0.0
0.0,,1.9874999523162842,-0.011918950825929642,0.0,0.0
0.0,,1.9812499284744263,-0.008939213119447231,0.0,0.0
0.0,,1.9749999046325684,-0.008939213119447231,0.0,0.0
0.0,,1.9799998998641968,-0.008939213119447231,0.0,0.0
0.0,,1.9762499332427979,-0.008939213119447231,0.0,0.0
0.0,,1.972499966621399,-0.008939213119447231,0.0,0.0
0.0,,1.96999990940094,-0.011918950825929642,0.0,0.0
0.0,,1.96875,-0.005959475412964821,0.0,0.0
0.0,,1.9637500047683716,-0.011918950825929642,0.0,0.0
0.0,,1.959999918937683,-0.008939213119447231,0.0,0.0
0.0,,1.959999918937683,-0.008939213119447231,0.0,0.0
0.0,,1.9562499523162842,-0.008939213119447231,0.0,0.0
0.0,,1.9524999856948853,-0.011918950825929642,0.0,0.0
0.0,,1.9474999904632568,-0.011918950825929642,0.0,0.0
0.0,,1.9462499618530273,-0.014898688532412052,0.0,0.0
0.0,,1.9437499046325684,-0.011918950825929642,0.0,0.0
0.0,,1.9474999904632568,-0.011918950825929642,0.0,0.0
0.0,,1.9474999904632568,-0.008939213119447231,0.0,0.0
0.0,,1.9375,-0.008939213119447231,0.0,0.0
0.0,,1.9399999380111694,-0.008939213119447231,0.0,0.0
0.0,,1.931249976158142,-0.008939213119447231,0.0,0.0
0.0,,1.931249976158142,-0.008939213119447231,0.0,0.0
0.0,,1.9249999523162842,-0.011918950825929642,0.0,0.0
0.0,,1.931249976158142,-0.011918950825929642,0.0,0.0
0.0,,1.9212499856948853,-0.011918950825929642,0.0,0.0
0.0,,1.9212499856948853,-0.008939213119447231,0.0,0.0
0.0,,1.9124999046325684,-0.008939213119447231,0.0,0.0
0.0,,1.9249999523162842,-0.011918950825929642,0.0,0.0
0.0,,1.9199999570846558,-0.005959475412964821,0.0,0.0
0.0,,1.9174998998641968,-0.011918950825929642,0.0,0.0
0.0,,1.9162499904632568,-0.008939213119447231,0.0,0.0
0.0,,1.9124999046325684,-0.008939213119447231,0.0,0.0
0.0,,1.9149999618530273,-0.008939213119447231,0.0,0.0
0.0,,1.909999966621399,-0.005959475412964821,0.0,0.0
0.0,,1.90625,-0.008939213119447231,0.0,0.0
0.0,,1.90625,-0.008939213119447231,0.0,0.0
0.0,,1.9012500047683716,-0.005959475412964821,0.0,0.0
0.0,,1.899999976158142,-0.011918950825929642,0.0,0.0
0.0,,1.8987499475479126,-0.011918950825929642,0.0,0.0
0.0,,1.8962500095367432,-0.008939213119447231,0.0,0.0
0.0,,1.8937499523162842,-0.011918950825929642,0.0,0.0
0.0,,1.8924999237060547,-0.011918950825929642,0.0,0.0
0.0,,1.8887499570846558,-0.008939213119447231,0.0,0.0
0.0,,1.8874999284744263,-0.011918950825929642,0.0,0.0
0.0,,1.8862498998641968,-0.008939213119447231,0.0,0.0
0.0,,1.8824999332427979,-0.011918950825929642,0.0,0.0
0.0,,1.8812499046325684,-0.008939213119447231,0.0,0.0
0.0,,1.878749966621399,-0.008939213119447231,0.0,0.0
0.0,,1.8774999380111694,-0.008939213119447231,0.0,0.0
0.0,,1.8737499713897705,-0.011918950825929642,0.0,0.0
0.0,,1.8737499713897705,-0.011918950825929642,0.0,0.0
0.0,,1.8712499141693115,-0.008939213119447231,0.0,0.0
0.0,,1.8674999475479126,-0.011918950825929642,0.0,0.0
0.0,,1.866249918937683,-0.005959475412964821,0.0,0.0
0.0,,1.8624999523162842,-0.008939213119447231,0.0,0.0
0.0,,1.8637499809265137,-0.008939213119447231,0.0,0.0
0.0,,1.8624999523162842,-0.011918950825929642,0.0,0.0
0.0,,1.8549998998641968,-0.011918950825929642,0.0,0.0
0.0,,1.8512499332427979,-0.011918950825929642,0.0,0.0
0.0,,1.8499999046325684,-0.008939213119447231,0.0,0.0
0.0,,1.8524999618530273,-0.005959475412964821,0.0,0.0
0.0,,1.8499999046325684,-0.011918950825929642,0.0,0.0
0.0,,1.8487499952316284,-0.008939213119447231,0.0,0.0
0.0,,1.84499990940094,-0.008939213119447231,0.0,0.0
0.0,,1.8424999713897705,-0.008939213119447231,0.0,0.0
0.0,,1.841249942779541,-0.011918950825929642,0.0,0.0
0.0,,1.8312499523162842,-0.011918950825929642,0.0,0.0
0.0,,1.8362499475479126,-0.011918950825929642,0.0,0.0
0.0,,1.8337500095367432,-0.014898688532412052,0.0,0.0
0.0,,1.8299999237060547,-0.011918950825929642,0.0,0.0
0.0,,1.8212499618530273,-0.008939213119447231,0.0,0.0
0.0,,1.8274999856948853,-0.008939213119447231,0.0,0.0
0.0,,1.8274999856948853,-0.005959475412964821,0.0,0.0
0.0,,1.8199999332427979,-0.011918950825929642,0.0,0.0
0.0,,1.8149999380111694,-0.008939213119447231,0.0,0.0
0.0,,1.8187499046325684,-0.008939213119447231,0.0,0.0
0.0,,1.8149999380111694,-0.008939213119447231,0.0,0.0
0.0,,1.81374990940094,-0.005959475412964821,0.0,0.0
0.0,,1.8125,-0.008939213119447231,0.0,0.0
0.0,,1.809999942779541,-0.011918950825929642,0.0,0.0
0.0,,1.806249976158142,-0.011918950825929642,0.0,0.0
0.0,,1.8087499141693115,-0.011918950825929642,0.0,0.0
0.0,,1.8025000095367432,-0.008939213119447231,0.0,0.0
0.0,,1.8049999475479126,-0.008939213119447231,0.0,0.0
0.0,,1.7999999523162842,-0.008939213119447231,0.0,0.0
0.0,,1.7987499237060547,-0.011918950825929642,0.0,0.0
0.0,,1.7949999570846558,-0.008939213119447231,0.0,0.0
0.0,,1.7937499284744263,-0.011918950825929642,0.0,0.0
0.0,,1.7937499284744263,-0.008939213119447231,0.0,0.0
0.0,,1.784999966621399,-0.011918950825929642,0.0,0.0
0.0,,1.7862499952316284,-0.008939213119447231,0.0,0.0
0.0,,1.78249990940094,-0.008939213119447231,0.0,0.0
0.0,,1.7837499380111694,-0.008939213119447231,0.0,0.0
0.0,,1.778749942779541,-0.008939213119447231,0.0,0.0
0.0,,1.7712500095367432,-0.008939213119447231,0.0,0.0
0.0,,1.774999976158142,-0.008939213119447231,0.0,0.0
0.0,,1.7737499475479126,-0.008939213119447231,0.0,0.0
0.0,,1.7699999809265137,-0.008939213119447231,0.0,0.0
0.0,,1.7699999809265137,-0.008939213119447231,0.0,0.0
0.0,,1.7637499570846558,-0.008939213119447231,0.0,0.0
0.0,,1.7662500143051147,-0.011918950825929642,0.0,0.0
0.0,,1.7524999380111694,-0.008939213119447231,0.0,0.0
0.0,,1.7587499618530273,-0.008939213119447231,0.0,0.0
0.0,,1.7549999952316284,-0.008939213119447231,0.0,0.0
0.0,,1.753749966621399,-0.008939213119447231,0.0,0.0
0.0,,1.7450000047683716,-0.008939213119447231,0.0,0.0
0.0,,1.747499942779541,-0.011918950825929642,0.0,0.0
0.0,,1.753749966621399,-0.008939213119447231,0.0,0.0
0.0,,1.75,-0.008939213119447231,0.0,0.0
0.0,,1.747499942779541,-0.008939213119447231,0.0,0.0
0.0,,1.7450000047683716,-0.011918950825929642,0.0,0.0
0.0,,1.743749976158142,-0.008939213119447231,0.0,0.0
0.0,,1.7424999475479126,-0.011918950825929642,0.0,0.0
0.0,,1.7374999523162842,-0.008939213119447231,0.0,0.0
0.0,,1.7387499809265137,-0.011918950825929642,0.0,0.0
0.0,,1.7324999570846558,-0.011918950825929642,0.0,0.0
0.0,,1.7324999570846558,-0.005959475412964821,0.0,0.0
0.0,,1.7312499284744263,-0.011918950825929642,0.0,0.0
0.0,,1.7262499332427979,-0.008939213119447231,0.0,0.0
0.0,,1.7262499332427979,-0.008939213119447231,0.0,0.0
0.0,,1.7249999046325684,-0.008939213119447231,0.0,0.0
0.0,,1.71875,-0.008939213119447231,0.0,0.0
0.0,,1.71999990940094,-0.011918950825929642,0.0,0.0
0.0,,1.7174999713897705,-0.008939213119447231,0.0,0.0
0.0,,1.716249942779541,-0.008939213119447231,0.0,0.0
0.0,,1.7112499475479126,-0.008939213119447231,0.0,0.0
0.0,,1.7062499523162842,-0.011918950825929642,0.0,0.0
0.0,,1.7074999809265137,-0.008939213119447231,0.0,0.0
0.0,,1.7062499523162842,-0.011918950825929642,0.0,0.0
0.0,,1.7024999856948853,-0.008939213119447231,0.0,0.0
0.0,,1.6999999284744263,-0.008939213119447231,0.0,0.0
0.0,,1.6987500190734863,-0.008939213119447231,0.0,0.0
0.0,,1.691249966621399,-0.005959475412964821,0.0,0.0
0.0,,1.6974999904632568,-0.011918950825929642,0.0,0.0
0.0,,1.68874990940094,-0.008939213119447231,0.0,0.0
0.0,,1.68874990940094,-0.008939213119447231,0.0,0.0
0.0,,1.684999942779541,-0.008939213119447231,0.0,0.0
0.0,,1.691249966621399,-0.005959475412964821,0.0,0.0
0.0,,1.684999942779541,-0.008939213119447231,0.0,0.0
0.0,,1.6899999380111694,-0.011918950825929642,0.0,0.0
0.0,,1.684999942779541,-0.008939213119447231,0.0,0.0
0.0,,1.6762499809265137,-0.011918950825929642,0.0,0.0
0.0,,1.678749918937683,-0.008939213119447231,0.0,0.0
0.0,,1.6762499809265137,-0.008939213119447231,0.0,0.0
0.0,,1.678749918937683,-0.008939213119447231,0.0,0.0
0.0,,1.6775000095367432,-0.008939213119447231,0.0,0.0
0.0,,1.6737499237060547,-0.008939213119447231,0.0,0.0
0.0,,1.6712499856948853,-0.008939213119447231,0.0,0.0
0.0,,1.6687499284744263,-0.008939213119447231,0.0,0.0
0.0,,1.6675000190734863,-0.008939213119447231,0.0,0.0
0.0,,1.6649999618530273,-0.008939213119447231,0.0,0.0
0.0,,1.6624999046325684,-0.011918950825929642,0.0,0.0
0.0,,1.6612499952316284,-0.008939213119447231,0.0,0.0
0.0,,1.659999966621399,-0.008939213119447231,0.0,0.0
0.0,,1.6587499380111694,-0.008939213119447231,0.0,0.0
0.0,,1.65749990940094,-0.008939213119447231,0.0,0.0
0.0,,1.6549999713897705,-0.008939213119447231,0.0,0.0
0.0,,1.6512500047683716,-0.011918950825929642,0.0,0.0
0.0,,1.6524999141693115,-0.008939213119447231,0.0,0.0
0.0,,1.6487499475479126,-0.011918950825929642,0.0,0.0
0.0,,1.6437499523162842,-0.008939213119447231,0.0,0.0
0.0,,1.6437499523162842,-0.008939213119447231,0.0,0.0
0.0,,1.6424999237060547,-0.005959475412964821,0.0,0.0
0.0,,1.6412500143051147,-0.011918950825929642,0.0,0.0
0.0,,1.6399999856948853,-0.011918950825929642,0.0,0.0
0.0,,1.6349999904632568,-0.008939213119447231,0.0,0.0
0.0,,1.6349999904632568,-0.008939213119447231,0.0,0.0
0.0,,1.6299999952316284,-0.008939213119447231,0.0,0.0
0.0,,1.628749966621399,-0.008939213119447231,0.0,0.0
0.0,,1.628749966621399,-0.008939213119447231,0.0,0.0
0.0,,1.62624990940094,-0.008939213119447231,0.0,0.0
0.0,,1.6237499713897705,-0.005959475412964821,0.0,0.0
0.0,,1.6174999475479126,-0.008939213119447231,0.0,0.0
0.0,,1.6200000047683716,-0.005959475412964821,0.0,0.0
0.0,,1.622499942779541,-0.008939213119447231,0.0,0.0
0.0,,1.6150000095367432,-0.008939213119447231,0.0,0.0
0.0,,1.618749976158142,-0.011918950825929642,0.0,0.0
0.0,,1.6124999523162842,-0.008939213119447231,0.0,0.0
0.0,,1.6024999618530273,-0.011918950825929642,0.0,0.0
0.0,,1.597499966621399,-0.005959475412964821,0.0,0.0
0.0,,1.6050000190734863,-0.008939213119447231,0.0,0.0
0.0,,1.6050000190734863,-0.008939213119447231,0.0,0.0
0.0,,1.6037499904632568,-0.014898688532412052,0.0,0.0
0.0,,1.6024999618530273,-0.011918950825929642,0.0,0.0
0.0,,1.5962499380111694,-0.011918950825929642,0.0,0.0
0.0,,1.597499966621399,-0.008939213119447231,0.0,0.0
0.0,,1.59375,-0.008939213119447231,0.0,0.0
0.0,,1.5924999713897705,-0.011918950825929642,0.0,0.0
0.0,,1.5862499475479126,-0.008939213119447231,0.0,0.0
0.0,,1.5887500047683716,-0.008939213119447231,0.0,0.0
0.0,,1.5862499475479126,-0.011918950825929642,0.0,0.0
0.0,,1.5787500143051147,-0.008939213119447231,0.0,0.0
0.0,,1.5812499523162842,-0.008939213119447231,0.0,0.0
0.0,,1.5812499523162842,-0.008939213119447231,0.0,0.0
0.0,,1.5799999237060547,-0.008939213119447231,0.0,0.0
0.0,,1.5737500190734863,-0.008939213119447231,0.0,0.0
0.0,,1.5737500190734863,-0.008939213119447231,0.0,0.0
0.0,,1.5724999904632568,-0.008939213119447231,0.0,0.0
0.0,,1.568750023841858,-0.008939213119447231,0.0,0.0
0.0,,1.5699999332427979,-0.011918950825929642,0.0,0.0
0.0,,1.5649999380111694,-0.011918950825929642,0.0,0.0
0.0,,1.5575000047683716,-0.008939213119447231,0.0,0.0
0.0,,1.5612499713897705,-0.008939213119447231,0.0,0.0
0.0,,1.559999942779541,-0.011918950825929642,0.0,0.0
0.0,,1.559999942779541,-0.008939213119447231,0.0,0.0
0.0,,1.556249976158142,-0.008939213119447231,0.0,0.0
0.0,,1.553749918937683,-0.011918950825929642,0.0,0.0
0.0,,1.5512499809265137,-0.008939213119447231,0.0,0.0
0.0,,1.5512499809265137,-0.008939213119447231,0.0,0.0
0.0,,1.5487499237060547,-0.011918950825929642,0.0,0.0
0.0,,1.5487499237060547,-0.008939213119447231,0.0,0.0
0.0,,1.5437499284744263,-0.011918950825929642,0.0,0.0
0.0,,1.5437499284744263,-0.005959475412964821,0.0,0.0
0.0,,1.5399999618530273,-0.005959475412964821,0.0,0.0
0.0,,1.5399999618530273,-0.008939213119447231,0.0,0.0
0.0,,1.5387499332427979,-0.011918950825929642,0.0,0.0
0.0,,1.5337499380111694,-0.008939213119447231,0.0,0.0
0.0,,1.534999966621399,-0.008939213119447231,0.0,0.0
0.0,,1.53249990940094,-0.008939213119447231,0.0,0.0
0.0,,1.5299999713897705,-0.011918950825929642,0.0,0.0
0.0,,1.528749942779541,-0.008939213119447231,0.0,0.0
0.0,,1.524999976158142,-0.008939213119447231,0.0,0.0
0.0,,1.5237499475479126,-0.008939213119447231,0.0,0.0
0.0,,1.522499918937683,-0.014898688532412052,0.0,0.0
0.0,,1.5187499523162842,-0.008939213119447231,0.0,0.0
0.0,,1.5199999809265137,-0.008939213119447231,0.0,0.0
0.0,,1.5149999856948853,-0.008939213119447231,0.0,0.0
0.0,,1.5137499570846558,-0.011918950825929642,0.0,0.0
0.0,,1.5124999284744263,-0.008939213119447231,0.0,0.0
0.0,,1.5099999904632568,-0.011918950825929642,0.0,0.0
0.0,,1.5074999332427979,-0.008939213119447231,0.0,0.0
0.0,,1.5049999952316284,-0.011918950825929642,0.0,0.0
0.0,,1.503749966621399,-0.011918950825929642,0.0,0.0
0.0,,1.5024999380111694,-0.011918950825929642,0.0,0.0
0.0,,1.50124990940094,-0.011918950825929642,0.0,0.0
0.0,,1.5,-0.008939213119447231,0.0,0.0
0.0,,1.4987499713897705,-0.008939213119447231,0.0,0.0
0.0,,1.4962499141693115,-0.005959475412964821,0.0,0.0
0.0,,1.4924999475479126,-0.011918950825929642,0.0,0.0
0.0,,1.491249918937683,-0.008939213119447231,0.0,0.0
0.0,,1.4900000095367432,-0.005959475412964821,0.0,0.0
0.0,,1.4874999523162842,-0.011918950825929642,0.0,0.0
0.0,,1.4862499237060547,-0.005959475412964821,0.0,0.0
0.0,,1.4850000143051147,-0.011918950825929642,0.0,0.0
0.0,,1.4824999570846558,-0.008939213119447231,0.0,0.0
0.0,,1.4800000190734863,-0.008939213119447231,0.0,0.0
0.0,,1.4787499904632568,-0.008939213119447231,0.0,0.0
0.0,,1.4762499332427979,-0.011918950825929642,0.0,0.0
0.0,,1.4762499332427979,-0.008939213119447231,0.0,0.0
0.0,,1.4712499380111694,-0.014898688532412052,0.0,0.0
0.0,,1.4712499380111694,-0.008939213119447231,0.0,0.0
0.0,,1.466249942779541,-0.008939213119447231,0.0,0.0
0.0,,1.466249942779541,-0.011918950825929642,0.0,0.0
0.0,,1.466249942779541,-0.011918950825929642,0.0,0.0
0.0,,1.462499976158142,-0.008939213119447231,0.0,0.0
0.0,,1.4612499475479126,-0.008939213119447231,0.0,0.0
0.0,,1.459999918937683,-0.005959475412964821,0.0,0.0
0.0,,1.4574999809265137,-0.011918950825929642,0.0,0.0
0.0,,1.4537500143051147,-0.005959475412964821,0.0,0.0
0.0,,1.4549999237060547,-0.011918950825929642,0.0,0.0
0.0,,1.4524999856948853,-0.008939213119447231,0.0,0.0
0.0,,1.4474999904632568,-0.011918950825929642,0.0,0.0
0.0,,1.4462499618530273,-0.008939213119447231,0.0,0.0
0.0,,1.4462499618530273,-0.008939213119447231,0.0,0.0
0.0,,1.4424999952316284,-0.008939213119447231,0.0,0.0
0.0,,1.4424999952316284,-0.011918950825929642,0.0,0.0
0.0,,1.4399999380111694,-0.008939213119447231,0.0,0.0
0.0,,1.43874990940094,-0.005959475412964821,0.0,0.0
0.0,,1.4337499141693115,-0.011918950825929642,0.0,0.0
0.0,,1.431249976158142,-0.008939213119447231,0.0,0.0
0.0,,1.431249976158142,-0.011918950825929642,0.0,0.0
0.0,,1.4299999475479126,-0.008939213119447231,0.0,0.0
0.0,,1.4249999523162842,-0.008939213119447231,0.0,0.0
0.0,,1.4225000143051147,-0.011918950825929642,0.0,0.0
0.0,,1.4249999523162842,-0.008939213119447231,0.0,0.0
0.0,,1.4212499856948853,-0.008939213119447231,0.0,0.0
0.0,,1.4175000190734863,-0.011918950825929642,0.0,0.0
0.0,,1.4149999618530273,-0.008939213119447231,0.0,0.0
0.0,,1.4162499904632568,-0.008939213119447231,0.0,0.0
0.0,,1.4112499952316284,-0.011918950825929642,0.0,0.0
0.0,,1.4112499952316284,-0.008939213119447231,0.0,0.0
0.0,,1.4087499380111694,-0.008939213119447231,0.0,0.0
0.0,,1.4049999713897705,-0.011918950825929642,0.0,0.0
0.0,,1.40749990940094,-0.008939213119447231,0.0,0.0
0.0,,1.4012500047683716,-0.008939213119447231,0.0,0.0
0.0,,1.399999976158142,-0.008939213119447231,0.0,0.0
0.0,,1.3962500095367432,-0.011918950825929642,0.0,0.0
0.0,,1.3912500143051147,-0.008939213119447231,0.0,0.0
0.0,,1.3962500095367432,-0.005959475412964821,0.0,0.0
0.0,,1.3862500190734863,-0.011918950825929642,0.0,0.0
0.0,,1.3862500190734863,-0.011918950825929642,0.0,0.0
0.0,,1.381250023841858,-0.008939213119447231,0.0,0.0
0.0,,1.3862500190734863,-0.008939213119447231,0.0,0.0
0.0,,1.3774999380111694,-0.008939213119447231,0.0,0.0
0.0,,1.3799999952316284,-0.008939213119447231,0.0,0.0
0.0,,1.381250023841858,-0.008939213119447231,0.0,0.0
0.0,,1.3799999952316284,-0.008939213119447231,0.0,0.0
0.0,,1.3774999380111694,-0.011918950825929642,0.0,0.0
0.0,,1.3737499713897705,-0.011918950825929642,0.0,0.0
0.0,,1.375,-0.011918950825929642,0.0,0.0
0.0,,1.3700000047683716,-0.008939213119447231,0.0,0.0
0.0,,1.3712499141693115,-0.008939213119447231,0.0,0.0
0.0,,1.3700000047683716,-0.011918950825929642,0.0,0.0
0.0,,1.368749976158142,-0.011918950825929642,0.0,0.0
0.0,,1.366249918937683,-0.008939213119447231,0.0,0.0
0.0,,1.366249918937683,-0.011918950825929642,0.0,0.0
0.0,,1.3624999523162842,-0.008939213119447231,0.0,0.0
0.0,,1.3600000143051147,-0.011918950825929642,0.0,0.0
0.0,,1.3600000143051147,-0.008939213119447231,0.0,0.0
0.0,,1.3562499284744263,-0.008939213119447231,0.0,0.0
0.0,,1.3562499284744263,-0.011918950825929642,0.0,0.0
0.0,,1.3524999618530273,-0.008939213119447231,0.0,0.0
0.0,,1.3524999618530273,-0.008939213119447231,0.0,0.0
0.0,,1.350000023841858,-0.008939213119447231,0.0,0.0
0.0,,1.347499966621399,-0.008939213119447231,0.0,0.0
0.0,,1.3462499380111694,-0.008939213119447231,0.0,0.0
0.0,,1.34375,-0.011918950825929642,0.0,0.0
0.0,,1.3424999713897705,-0.008939213119447231,0.0,0.0
0.0,,1.341249942779541,-0.011918950825929642,0.0,0.0
0.0,,1.334999918937683,-0.011918950825929642,0.0,0.0
0.0,,1.3362499475479126,-0.011918950825929642,0.0,0.0
0.0,,1.3337500095367432,-0.008939213119447231,0.0,0.0
0.0,,1.3324999809265137,-0.011918950825929642,0.0,0.0
0.0,,1.3312499523162842,-0.005959475412964821,0.0,0.0
0.0,,1.3262499570846558,-0.011918950825929642,0.0,0.0
0.0,,1.3287500143051147,-0.008939213119447231,0.0,0.0
0.0,,1.3249999284744263,-0.008939213119447231,0.0,0.0
0.0,,1.3249999284744263,-0.008939213119447231,0.0,0.0
0.0,,1.3237500190734863,-0.011918950825929642,0.0,0.0
0.0,,1.3199999332427979,-0.014898688532412052,0.0,0.0
0.0,,1.318750023841858,-0.008939213119447231,0.0,0.0
0.0,,1.316249966621399,-0.011918950825929642,0.0,0.0
0.0,,1.3149999380111694,-0.011918950825929642,0.0,0.0
0.0,,1.3125,-0.008939213119447231,0.0,0.0
0.0,,1.3125,-0.011918950825929642,0.0,0.0
0.0,,1.309999942779541,-0.011918950825929642,0.0,0.0
0.0,,1.3075000047683716,-0.008939213119447231,0.0,0.0
0.0,,1.306249976158142,-0.008939213119447231,0.0,0.0
0.0,,1.3049999475479126,-0.008939213119447231,0.0,0.0
0.0,,1.2999999523162842,-0.008939213119447231,0.0,0.0
0.0,,1.3012499809265137,-0.011918950825929642,0.0,0.0
0.0,,1.2975000143051147,-0.011918950825929642,0.0,0.0
0.0,,1.2975000143051147,-0.008939213119447231,0.0,0.0
0.0,,1.2949999570846558,-0.008939213119447231,0.0,0.0
0.0,,1.2899999618530273,-0.008939213119447231,0.0,0.0
0.0,,1.2837499380111694,-0.014898688532412052,0.0,0.0
0.0,,1.2799999713897705,-0.011918950825929642,0.0,0.0
0.0,,1.272499918937683,-0.011918950825929642,0.0,0.0
0.0,,1.2699999809265137,-0.008939213119447231,0.0,0.0
0.0,,1.2649999856948853,-0.008939213119447231,0.0,0.0
0.0,,1.2599999904632568,-0.008939213119447231,0.0,0.0
0.0,,1.253749966621399,-0.008939213119447231,0.0,0.0
0.0,,1.25,-0.008939213119447231,0.0,0.0
0.0,,1.2450000047683716,-0.008939213119447231,0.0,0.0
0.0,,1.241249918937683,-0.011918950825929642,0.0,0.0
0.0,,1.2362499237060547,-0.008939213119447231,0.0,0.0
0.0,,1.2312499284744263,-0.008939213119447231,0.0,0.0
0.0,,1.2287499904632568,-0.008939213119447231,0.0,0.0
0.0,,1.225000023841858,-0.005959475412964821,0.0,0.0
0.0,,1.2174999713897705,-0.011918950825929642,0.0,0.0
0.0,,1.216249942779541,-0.011918950825929642,0.0,0.0
0.0,,1.2112499475479126,-0.008939213119447231,0.0,0.0
0.0,,1.2012499570846558,-0.008939213119447231,0.0,0.0
0.0,,1.2012499570846558,-0.008939213119447231,0.0,0.0
0.0,,1.1962499618530273,-0.008939213119447231,0.0,0.0
0.0,,1.193750023841858,-0.008939213119447231,0.0,0.0
0.0,,1.1862499713897705,-0.008939213119447231,0.0,0.0
0.0,,1.184999942779541,-0.008939213119447231,0.0,0.0
0.0,,1.181249976158142,-0.011918950825929642,0.0,0.0
0.0,,1.1737499237060547,-0.011918950825929642,0.0,0.0
0.0,,1.1712499856948853,-0.008939213119447231,0.0,0.0
0.0,,1.1687499284744263,-0.008939213119447231,0.0,0.0
0.0,,1.1649999618530273,-0.011918950825929642,0.0,0.0
0.0,,1.159999966621399,-0.008939213119447231,0.0,0.0
0.0,,1.15625,-0.008939213119447231,0.0,0.0
0.0,,1.153749942779541,-0.008939213119447231,0.0,0.0
0.0,,1.147499918937683,-0.011918950825929642,0.0,0.0
0.0,,1.1462500095367432,-0.008939213119447231,0.0,0.0
0.0,,1.1412500143051147,-0.011918950825929642,0.0,0.0
0.0,,1.1362500190734863,-0.011918950825929642,0.0,0.0
0.0,,1.1337499618530273,-0.008939213119447231,0.0,0.0
0.0,,1.128749966621399,-0.011918950825929642,0.0,0.0
0.0,,1.1237499713897705,-0.008939213119447231,0.0,0.0
0.0,,1.122499942779541,-0.008939213119447231,0.0,0.0
0.0,,1.1174999475479126,-0.008939213119447231,0.0,0.0
0.0,,1.1150000095367432,-0.011918950825929642,0.0,0.0
0.0,,1.1087499856948853,-0.008939213119447231,0.0,0.0
0.0,,1.1050000190734863,-0.011918950825929642,0.0,0.0
0.0,,1.100000023841858,-0.008939213119447231,0.0,0.0
0.0,,1.097499966621399,-0.008939213119447231,0.0,0.0
0.0,,1.0950000286102295,-0.011918950825929642,0.0,0.0
0.0,,1.087499976158142,-0.011918950825929642,0.0,0.0
0.0,,1.0862499475479126,-0.008939213119447231,0.0,0.0
0.0,,1.084999918937683,-0.008939213119447231,0.0,0.0
0.0,,1.0799999237060547,-0.008939213119447231,0.0,0.0
0.0,,1.0712499618530273,-0.011918950825929642,0.0,0.0
0.0,,1.068750023841858,-0.011918950825929642,0.0,0.0
0.0,,1.0712499618530273,-0.008939213119447231,0.0,0.0
0.0,,1.0649999380111694,-0.008939213119447231,0.0,0.0
0.0,,1.0612499713897705,-0.011918950825929642,0.0,0.0
0.0,,1.059999942779541,-0.008939213119447231,0.0,0.0
0.0,,1.053749918937683,-0.008939213119447231,0.0,0.0
0.0,,1.0512499809265137,-0.011918950825929642,0.0,0.0
0.0,,1.0499999523162842,-0.011918950825929642,0.0,0.0
0.0,,1.0449999570846558,-0.011918950825929642,0.0,0.0
0.0,,1.0412499904632568,-0.008939213119447231,0.0,0.0
0.0,,1.0362499952316284,-0.008939213119447231,0.0,0.0
0.0,,1.0299999713897705,-0.008939213119447231,0.0,0.0
0.0,,1.0299999713897705,-0.008939213119447231,0.0,0.0
0.0,,1.027500033378601,-0.008939213119447231,0.0,0.0
0.0,,1.0262500047683716,-0.008939213119447231,0.0,0.0
0.0,,1.0187499523162842,-0.008939213119447231,0.0,0.0
0.0,,1.0149999856948853,-0.008939213119447231,0.0,0.0
0.0,,1.0087499618530273,-0.008939213119447231,0.0,0.0
0.0,,1.0087499618530273,-0.011918950825929642,0.0,0.0
0.0,,1.006250023841858,-0.014898688532412052,0.0,0.0
0.0,,0.9887499809265137,-0.005959475412964821,0.0,0.0
0.0,,0.9937499761581421,-0.005959475412964821,0.0,0.0
0.0,,0.9950000047683716,-0.008939213119447231,0.0,0.0
0.0,,0.9975000023841858,-0.005959475412964821,0.0,0.0
0.0,,0.9937499761581421,-0.011918950825929642,0.0,0.0
0.0,,0.9887499809265137,-0.008939213119447231,0.0,0.0
0.0,,0.98499995470047,-0.011918950825929642,0.0,0.0
0.0,,0.9824999570846558,-0.008939213119447231,0.0,0.0
0.0,,0.9799999594688416,-0.011918950825929642,0.0,0.0
0.0,,0.9774999618530273,-0.011918950825929642,0.0,0.0
0.0,,0.9737499952316284,-0.011918950825929642,0.0,0.0
0.0,,0.9712499976158142,-0.011918950825929642,0.0,0.0
0.0,,0.96875,-0.011918950825929642,0.0,0.0
0.0,,0.9624999761581421,-0.008939213119447231,0.0,0.0
0.0,,0.9599999785423279,-0.011918950825929642,0.0,0.0
0.0,,0.9562499523162842,-0.008939213119447231,0.0,0.0
0.0,,0.95374995470047,-0.008939213119447231,0.0,0.0
0.0,,0.949999988079071,-0.011918950825929642,0.0,0.0
0.0,,0.949999988079071,-0.008939213119447231,0.0,0.0
0.0,,0.9474999904632568,-0.011918950825929642,0.0,0.0
0.0,,0.9412499666213989,-0.005959475412964821,0.0,0.0
0.0,,0.9399999976158142,-0.008939213119447231,0.0,0.0
0.0,,0.9362499713897705,-0.008939213119447231,0.0,0.0
0.0,,0.9274999499320984,-0.011918950825929642,0.0,0.0
0.0,,0.9274999499320984,-0.008939213119447231,0.0,0.0
0.0,,0.9237499833106995,-0.011918950825929642,0.0,0.0
0.0,,0.9249999523162842,-0.008939213119447231,0.0,0.0
0.0,,0.9162499904632568,-0.008939213119447231,0.0,0.0
0.0,,0.9124999642372131,-0.011918950825929642,0.0,0.0
0.0,,0.9162499904632568,-0.008939213119447231,0.0,0.0
0.0,,0.9149999618530273,-0.011918950825929642,0.0,0.0
0.0,,0.9099999666213989,-0.008939213119447231,0.0,0.0
0.0,,0.9087499976158142,-0.008939213119447231,0.0,0.0
0.0,,0.90625,-0.005959475412964821,0.0,0.0
0.0,,0.9024999737739563,-0.008939213119447231,0.0,0.0
0.0,,0.8999999761581421,-0.008939213119447231,0.0,0.0
0.0,,0.8949999809265137,-0.011918950825929642,0.0,0.0
0.0,,0.8937499523162842,-0.014898688532412052,0.0,0.0
0.0,,0.887499988079071,-0.008939213119447231,0.0,0.0
0.0,,0.8862499594688416,-0.005959475412964821,0.0,0.0
0.0,,0.8849999904632568,-0.008939213119447231,0.0,0.0
0.0,,0.8787499666213989,-0.008939213119447231,0.0,0.0
0.0,,0.8787499666213989,-0.011918950825929642,0.0,0.0
0.0,,0.8787499666213989,-0.008939213119447231,0.0,0.0
0.0,,0.8687499761581421,-0.008939213119447231,0.0,0.0
0.0,,0.8662499785423279,-0.011918950825929642,0.0,0.0
0.0,,0.8650000095367432,-0.008939213119447231,0.0,0.0
0.0,,0.8612499833106995,-0.008939213119447231,0.0,0.0
0.0,,0.85999995470047,-0.008939213119447231,0.0,0.0
0.0,,0.856249988079071,-0.008939213119447231,0.0,0.0
0.0,,0.8549999594688416,-0.005959475412964821,0.0,0.0
0.0,,0.8474999666213989,-0.011918950825929642,0.0,0.0
0.0,,0.8462499976158142,-0.011918950825929642,0.0,0.0
0.0,,0.8487499952316284,-0.008939213119447231,0.0,0.0
0.0,,0.8462499976158142,-0.005959475412964821,0.0,0.0
0.0,,0.84375,-0.011918950825929642,0.0,0.0
0.0,,0.8412500023841858,-0.008939213119447231,0.0,0.0
0.0,,0.8374999761581421,-0.011918950825929642,0.0,0.0
0.0,,0.8349999785423279,-0.008939213119447231,0.0,0.0
0.0,,0.82874995470047,-0.011918950825929642,0.0,0.0
0.0,,0.8299999833106995,-0.011918950825929642,0.0,0.0
0.0,,0.82874995470047,-0.008939213119447231,0.0,0.0
0.0,,0.8224999904632568,-0.008939213119447231,0.0,0.0
0.0,,0.8199999928474426,-0.008939213119447231,0.0,0.0
0.0,,0.8212499618530273,-0.005959475412964821,0.0,0.0
0.0,,0.8174999952316284,-0.011918950825929642,0.0,0.0
0.0,,0.8149999976158142,-0.008939213119447231,0.0,0.0
0.0,,0.8112499713897705,-0.011918950825929642,0.0,0.0
0.0,,0.8050000071525574,-0.014898688532412052,0.0,0.0
0.0,,0.8087499737739563,-0.008939213119447231,0.0,0.0
0.0,,0.8087499737739563,-0.008939213119447231,0.0,0.0
0.0,,0.7962499856948853,-0.008939213119447231,0.0,0.0
0.0,,0.7924999594688416,-0.011918950825929642,0.0,0.0
0.0,,0.7899999618530273,-0.008939213119447231,0.0,0.0
0.0,,0.793749988079071,-0.008939213119447231,0.0,0.0
0.0,,0.7874999642372131,-0.008939213119447231,0.0,0.0
0.0,,0.7824999690055847,-0.008939213119447231,0.0,0.0
0.0,,0.7887499928474426,-0.014898688532412052,0.0,0.0
0.0,,0.7837499976158142,-0.005959475412964821,0.0,0.0
0.0,,0.7787500023841858,-0.008939213119447231,0.0,0.0
0.0,,0.7724999785423279,-0.011918950825929642,0.0,0.0
0.0,,0.7774999737739563,-0.008939213119447231,0.0,0.0
0.0,,0.7737500071525574,-0.008939213119447231,0.0,0.0
0.0,,0.7712500095367432,-0.011918950825929642,0.0,0.0
0.0,,0.7649999856948853,-0.008939213119447231,0.0,0.0
0.0,,0.7599999904632568,-0.011918950825929642,0.0,0.0
0.0,,0.7637499570846558,-0.011918950825929642,0.0,0.0
0.0,,0.7587499618530273,-0.005959475412964821,0.0,0.0
0.0,,0.7574999928474426,-0.008939213119447231,0.0,0.0
0.0,,0.7524999976158142,-0.008939213119447231,0.0,0.0
0.0,,0.7574999928474426,-0.008939213119447231,0.0,0.0
0.0,,0.7562499642372131,-0.005959475412964821,0.0,0.0
0.0,,0.7462499737739563,-0.011918950825929642,0.0,0.0
0.0,,0.7450000047683716,-0.008939213119447231,0.0,0.0
0.0,,0.7450000047683716,-0.008939213119447231,0.0,0.0
0.0,,0.7450000047683716,-0.008939213119447231,0.0,0.0
0.0,,0.7425000071525574,-0.008939213119447231,0.0,0.0
0.0,,0.737500011920929,-0.011918950825929642,0.0,0.0
0.0,,0.7387499809265137,-0.011918950825929642,0.0,0.0
0.0,,0.73499995470047,-0.008939213119447231,0.0,0.0
0.0,,0.7324999570846558,-0.011918950825929642,0.0,0.0
0.0,,0.731249988079071,-0.008939213119447231,0.0,0.0
0.0,,0.7299999594688416,-0.008939213119447231,0.0,0.0
0.0,,0.7274999618530273,-0.011918950825929642,0.0,0.0
0.0,,0.7237499952316284,-0.011918950825929642,0.0,0.0
0.0,,0.7224999666213989,-0.008939213119447231,0.0,0.0
0.0,,0.7199999690055847,-0.008939213119447231,0.0,0.0
0.0,,0.7174999713897705,-0.008939213119447231,0.0,0.0
0.0,,0.7137500047683716,-0.008939213119447231,0.0,0.0
0.0,,0.7124999761581421,-0.011918950825929642,0.0,0.0
0.0,,0.7099999785423279,-0.008939213119447231,0.0,0.0
0.0,,0.7099999785423279,-0.008939213119447231,0.0,0.0
0.0,,0.7049999833106995,-0.011918950825929642,0.0,0.0
0.0,,0.7049999833106995,-0.008939213119447231,0.0,0.0
0.0,,0.7024999856948853,-0.008939213119447231,0.0,0.0
0.0,,0.6962499618530273,-0.008939213119447231,0.0,0.0
0.0,,0.6974999904632568,-0.008939213119447231,0.0,0.0
0.0,,0.6924999952316284,-0.008939213119447231,0.0,0.0
0.0,,0.6937499642372131,-0.008939213119447231,0.0,0.0
0.0,,0.6887499690055847,-0.008939213119447231,0.0,0.0
0.0,,0.6899999976158142,-0.008939213119447231,0.0,0.0
0.0,,0.6899999976158142,-0.011918950825929642,0.0,0.0
0.0,,0.6887499690055847,-0.008939213119447231,0.0,0.0
0.0,,0.6800000071525574,-0.014898688532412052,0.0,0.0
0.0,,0.6812499761581421,-0.008939213119447231,0.0,0.0
0.0,,0.6775000095367432,-0.008939213119447231,0.0,0.0
0.0,,0.6762499809265137,-0.011918950825929642,0.0,0.0
0.0,,0.6737499833106995,-0.008939213119447231,0.0,0.0
0.0,,0.6662499904632568,-0.011918950825929642,0.0,0.0
0.0,,0.668749988079071,-0.011918950825929642,0.0,0.0
0.0,,0.668749988079071,-0.008939213119447231,0.0,0.0
0.0,,0.6624999642372131,-0.008939213119447231,0.0,0.0
0.0,,0.6624999642372131,-0.008939213119447231,0.0,0.0
0.0,,0.6599999666213989,-0.011918950825929642,0.0,0.0
0.0,,0.6587499976158142,-0.008939213119447231,0.0,0.0
0.0,,0.6587499976158142,-0.008939213119447231,0.0,0.0
0.0,,0.6574999690055847,-0.008939213119447231,0.0,0.0
0.0,,0.6462500095367432,-0.008939213119447231,0.0,0.0
0.0,,0.643750011920929,-0.005959475412964821,0.0,0.0
0.0,,0.6474999785423279,-0.008939213119447231,0.0,0.0
0.0,,0.6449999809265137,-0.011918950825929642,0.0,0.0
0.0,,0.6349999904632568,-0.008939213119447231,0.0,0.0
0.0,,0.6449999809265137,-0.008939213119447231,0.0,0.0
0.0,,0.6412500143051147,-0.008939213119447231,0.0,0.0
0.0,,0.6349999904632568,-0.011918950825929642,0.0,0.0
0.0,,0.6362499594688416,-0.008939213119447231,0.0,0.0
0.0,,0.6337499618530273,-0.008939213119447231,0.0,0.0
0.0,,0.637499988079071,-0.008939213119447231,0.0,0.0
0.0,,0.6287499666213989,-0.011918950825929642,0.0,0.0
0.0,,0.6324999928474426,-0.011918950825929642,0.0,0.0
0.0,,0.6337499618530273,-0.008939213119447231,0.0,0.0
0.0,,0.6262499690055847,-0.008939213119447231,0.0,0.0
0.0,,0.6262499690055847,-0.014898688532412052,0.0,0.0
0.0,,0.625,-0.011918950825929642,0.0,0.0
0.0,,0.6212499737739563,-0.011918950825929642,0.0,0.0
0.0,,0.6150000095367432,-0.014898688532412052,0.0,0.0
0.0,,0.612500011920929,-0.008939213119447231,0.0,0.0
0.0,,0.6150000095367432,-0.005959475412964821,0.0,0.0
0.0,,0.612500011920929,-0.011918950825929642,0.0,0.0
0.0,,0.6150000095367432,-0.008939213119447231,0.0,0.0
0.0,,0.6087499856948853,-0.008939213119447231,0.0,0.0
0.0,,0.6112499833106995,-0.008939213119447231,0.0,0.0
0.0,,0.6012499928474426,-0.008939213119447231,0.0,0.0
0.0,,0.6049999594688416,-0.008939213119447231,0.0,0.0
0.0,,0.6024999618530273,-0.011918950825929642,0.0,0.0
0.0,,0.6024999618530273,-0.008939213119447231,0.0,0.0
0.0,,0.5962499976158142,-0.011918950825929642,0.0,0.0
0.0,,0.5999999642372131,-0.005959475412964821,0.0,0.0
0.0,,0.5962499976158142,-0.011918950825929642,0.0,0.0
0.0,,0.5974999666213989,-0.008939213119447231,0.0,0.0
0.0,,0.5949999690055847,-0.008939213119447231,0.0,0.0
0.0,,0.5924999713897705,-0.008939213119447231,0.0,0.0
0.0,,0.5912500023841858,-0.008939213119447231,0.0,0.0
0.0,,0.5887500047683716,-0.008939213119447231,0.0,0.0
0.0,,0.5887500047683716,-0.008939213119447231,0.0,0.0
0.0,,0.5849999785423279,-0.008939213119447231,0.0,0.0
0.0,,0.5837500095367432,-0.008939213119447231,0.0,0.0
0.0,,0.581250011920929,-0.008939213119447231,0.0,0.0
0.0,,0.5799999833106995,-0.008939213119447231,0.0,0.0
0.0,,0.5787500143051147,-0.011918950825929642,0.0,0.0
0.0,,0.574999988079071,-0.011918950825929642,0.0,0.0
0.0,,0.5762500166893005,-0.011918950825929642,0.0,0.0
0.0,,0.5737499594688416,-0.008939213119447231,0.0,0.0
0.0,,0.5724999904632568,-0.011918950825929642,0.0,0.0
0.0,,0.5712499618530273,-0.008939213119447231,0.0,0.0
0.0,,0.5699999928474426,-0.011918950825929642,0.0,0.0
0.0,,0.5674999952316284,-0.008939213119447231,0.0,0.0
0.0,,0.5662499666213989,-0.008939213119447231,0.0,0.0
0.0,,0.5649999976158142,-0.008939213119447231,0.0,0.0
0.0,,0.5562499761581421,-0.011918950825929642,0.0,0.0
0.0,,0.5600000023841858,-0.008939213119447231,0.0,0.0
0.0,,0.5550000071525574,-0.005959475412964821,0.0,0.0
0.0,,0.5525000095367432,-0.008939213119447231,0.0,0.0
0.0,,0.5575000047683716,-0.011918950825929642,0.0,0.0
0.0,,0.5537499785423279,-0.011918950825929642,0.0,0.0
0.0,,0.5537499785423279,-0.011918950825929642,0.0,0.0
0.0,,0.5512499809265137,-0.011918950825929642,0.0,0.0
0.0,,0.5475000143051147,-0.011918950825929642,0.0,0.0
0.0,,0.5475000143051147,-0.008939213119447231,0.0,0.0
0.0,,0.5424999594688416,-0.011918950825929642,0.0,0.0
0.0,,0.5424999594688416,-0.008939213119447231,0.0,0.0
0.0,,0.5412499904632568,-0.011918950825929642,0.0,0.0
0.0,,0.5424999594688416,-0.011918950825929642,0.0,0.0
0.0,,0.5424999594688416,-0.008939213119447231,0.0,0.0
0.0,,0.5387499928474426,-0.008939213119447231,0.0,0.0
0.0,,0.5337499976158142,-0.008939213119447231,0.0,0.0
0.0,,0.5349999666213989,-0.011918950825929642,0.0,0.0
0.0,,0.5274999737739563,-0.008939213119447231,0.0,0.0
0.0,,0.5287500023841858,-0.008939213119447231,0.0,0.0
0.0,,0.5299999713897705,-0.008939213119447231,0.0,0.0
0.0,,0.5199999809265137,-0.011918950825929642,0.0,0.0
0.0,,0.5262500047683716,-0.008939213119447231,0.0,0.0
0.0,,0.5224999785423279,-0.011918950825929642,0.0,0.0
0.0,,0.5299999713897705,-0.008939213119447231,0.0,0.0
0.0,,0.5237500071525574,-0.008939213119447231,0.0,0.0
0.0,,0.518750011920929,-0.011918950825929642,0.0,0.0
0.0,,0.518750011920929,-0.008939213119447231,0.0,0.0
0.0,,0.5174999833106995,-0.008939213119447231,0.0,0.0
0.0,,0.5149999856948853,-0.008939213119447231,0.0,0.0
0.0,,0.5174999833106995,-0.008939213119447231,0.0,0.0
0.0,,0.5149999856948853,-0.005959475412964821,0.0,0.0
0.0,,0.5149999856948853,-0.008939213119447231,0.0,0.0
0.0,,0.512499988079071,-0.008939213119447231,0.0,0.0
0.0,,0.512499988079071,-0.011918950825929642,0.0,0.0
0.0,,0.5099999904632568,-0.008939213119447231,0.0,0.0
0.0,,0.5087499618530273,-0.011918950825929642,0.0,0.0
0.0,,0.5074999928474426,-0.011918950825929642,0.0,0.0
0.0,,0.5049999952316284,-0.011918950825929642,0.0,0.0
0.0,,0.5037499666213989,-0.008939213119447231,0.0,0.0
0.0,,0.5024999976158142,-0.008939213119447231,0.0,0.0
0.0,,0.5024999976158142,-0.011918950825929642,0.0,0.0
0.0,,0.4987500011920929,-0.011918950825929642,0.0,0.0
0.0,,0.4975000023841858,-0.008939213119447231,0.0,0.0
0.0,,0.4962500035762787,-0.008939213119447231,0.0,0.0
0.0,,0.4949999749660492,-0.008939213119447231,0.0,0.0
0.0,,0.4937499761581421,-0.011918950825929642,0.0,0.0
0.0,,0.4912499785423279,-0.008939213119447231,0.0,0.0
0.0,,0.48749998211860657,-0.008939213119447231,0.0,0.0
0.0,,0.4899999797344208,-0.011918950825929642,0.0,0.0
0.0,,0.48749998211860657,-0.008939213119447231,0.0,0.0
0.0,,0.48749998211860657,-0.005959475412964821,0.0,0.0
0.0,,0.48374998569488525,-0.008939213119447231,0.0,0.0
0.0,,0.48124998807907104,-0.011918950825929642,0.0,0.0
0.0,,0.48124998807907104,-0.008939213119447231,0.0,0.0
0.0,,0.4762499928474426,-0.011918950825929642,0.0,0.0
0.0,,0.47999998927116394,-0.005959475412964821,0.0,0.0
0.0,,0.47999998927116394,-0.008939213119447231,0.0,0.0
0.0,,0.47874999046325684,-0.011918950825929642,0.0,0.0
0.0,,0.4724999964237213,-0.011918950825929642,0.0,0.0
0.0,,0.4712499976158142,-0.008939213119447231,0.0,0.0
0.0,,0.4724999964237213,-0.008939213119447231,0.0,0.0
0.0,,0.4712499976158142,-0.014898688532412052,0.0,0.0
0.0,,0.461249977350235,-0.008939213119447231,0.0,0.0
0.0,,0.4699999988079071,-0.011918950825929642,0.0,0.0
0.0,,0.46875,-0.008939213119447231,0.0,0.0
0.0,,0.4662500023841858,-0.011918950825929642,0.0,0.0
0.0,,0.4650000035762787,-0.011918950825929642,0.0,0.0
0.0,,0.461249977350235,-0.011918950825929642,0.0,0.0
0.0,,0.4624999761581421,-0.011918950825929642,0.0,0.0
0.0,,0.4675000011920929,-0.005959475412964821,0.0,0.0
0.0,,0.4587499797344208,-0.005959475412964821,0.0,0.0
0.0,,0.45749998092651367,-0.011918950825929642,0.0,0.0
0.0,,0.45374998450279236,-0.008939213119447231,0.0,0.0
0.0,,0.45249998569488525,-0.008939213119447231,0.0,0.0
0.0,,0.44874998927116394,-0.008939213119447231,0.0,0.0
0.0,,0.45374998450279236,-0.008939213119447231,0.0,0.0
0.0,,0.45374998450279236,-0.008939213119447231,0.0,0.0
0.0,,0.45249998569488525,-0.008939213119447231,0.0,0.0
0.0,,0.45374998450279236,-0.008939213119447231,0.0,0.0
0.0,,0.44999998807907104,-0.011918950825929642,0.0,0.0
0.0,,0.44999998807907104,-0.008939213119447231,0.0,0.0
0.0,,0.44874998927116394,-0.008939213119447231,0.0,0.0
0.0,,0.44749999046325684,-0.014898688532412052,0.0,0.0
0.0,,0.44624999165534973,-0.008939213119447231,0.0,0.0
0.0,,0.4449999928474426,-0.008939213119447231,0.0,0.0
0.0,,0.4437499940395355,-0.008939213119447231,0.0,0.0
0.0,,0.4412499964237213,-0.008939213119447231,0.0,0.0
0.0,,0.4424999952316284,-0.008939213119447231,0.0,0.0
0.0,,0.4399999976158142,-0.011918950825929642,0.0,0.0
0.0,,0.4399999976158142,-0.008939213119447231,0.0,0.0
0.0,,0.429999977350235,-0.008939213119447231,0.0,0.0
0.0,,0.4350000023841858,-0.011918950825929642,0.0,0.0
0.0,,0.4325000047683716,-0.005959475412964821,0.0,0.0
0.0,,0.429999977350235,-0.008939213119447231,0.0,0.0
0.0,,0.4350000023841858,-0.008939213119447231,0.0,0.0
0.0,,0.4287499785423279,-0.008939213119447231,0.0,0.0
0.0,,0.42624998092651367,-0.008939213119447231,0.0,0.0
0.0,,0.42624998092651367,-0.008939213119447231,0.0,0.0
0.0,,0.4274999797344208,-0.011918950825929642,0.0,0.0
0.0,,0.4287499785423279,-0.011918950825929642,0.0,0.0
0.0,,0.42374998331069946,-0.008939213119447231,0.0,0.0
0.0,,0.4087499976158142,-0.008939213119447231,0.0,0.0
0.0,,0.41749998927116394,-0.008939213119447231,0.0,0.0
0.0,,0.42124998569488525,-0.008939213119447231,0.0,0.0
0.0,,0.41999998688697815,-0.008939213119447231,0.0,0.0
0.0,,0.41999998688697815,-0.008939213119447231,0.0,0.0
0.0,,0.41874998807907104,-0.008939213119447231,0.0,0.0
0.0,,0.41874998807907104,-0.008939213119447231,0.0,0.0
0.0,,0.41749998927116394,-0.011918950825929642,0.0,0.0
0.0,,0.41624999046325684,-0.008939213119447231,0.0,0.0
0.0,,0.4137499928474426,-0.011918950825929642,0.0,0.0
0.0,,0.4124999940395355,-0.008939213119447231,0.0,0.0
0.0,,0.4137499928474426,-0.008939213119447231,0.0,0.0
0.0,,0.4099999964237213,-0.008939213119447231,0.0,0.0
0.0,,0.4112499952316284,-0.011918950825929642,0.0,0.0
0.0,,0.4099999964237213,-0.011918950825929642,0.0,0.0
0.0,,0.4099999964237213,-0.008939213119447231,0.0,0.0
0.0,,0.4074999988079071,-0.011918950825929642,0.0,0.0
0.0,,0.4074999988079071,-0.011918950825929642,0.0,0.0
0.0,,0.4037500023841858,-0.008939213119447231,0.0,0.0
0.0,,0.4012500047683716,-0.008939213119447231,0.0,0.0
0.0,,0.39374998211860657,-0.011918950825929642,0.0,0.0
0.0,,0.3999999761581421,-0.008939213119447231,0.0,0.0
0.0,,0.3999999761581421,-0.011918950825929642,0.0,0.0
0.0,,0.39249998331069946,-0.008939213119447231,0.0,0.0
0.0,,0.39374998211860657,-0.011918950825929642,0.0,0.0
0.0,,0.39499998092651367,-0.008939213119447231,0.0,0.0
0.0,,0.398749977350235,-0.008939213119447231,0.0,0.0
0.0,,0.39374998211860657,-0.008939213119447231,0.0,0.0
0.0,,0.38874998688697815,-0.005959475412964821,0.0,0.0
0.0,,0.38999998569488525,-0.008939213119447231,0.0,0.0
0.0,,0.39249998331069946,-0.008939213119447231,0.0,0.0
0.0,,0.39124998450279236,-0.008939213119447231,0.0,0.0
0.0,,0.38749998807907104,-0.008939213119447231,0.0,0.0
0.0,,0.3799999952316284,-0.008939213119447231,0.0,0.0
0.0,,0.38624998927116394,-0.008939213119447231,0.0,0.0
0.0,,0.3787499964237213,-0.008939213119447231,0.0,0.0
0.0,,0.38874998688697815,-0.008939213119447231,0.0,0.0
0.0,,0.3812499940395355,-0.008939213119447231,0.0,0.0
0.0,,0.38499999046325684,-0.008939213119447231,0.0,0.0
0.0,,0.3824999928474426,-0.011918950825929642,0.0,0.0
0.0,,0.38374999165534973,-0.008939213119447231,0.0,0.0
0.0,,0.3799999952316284,-0.008939213119447231,0.0,0.0
0.0,,0.38374999165534973,-0.014898688532412052,0.0,0.0
0.0,,0.3774999976158142,-0.005959475412964821,0.0,0.0
0.0,,0.375,-0.0029797377064824104,0.0,0.0
0.0,,0.3787499964237213,-0.005959475412964821,0.0,0.0
0.0,,0.3799999952316284,-0.005959475412964821,0.0,0.0
0.0,,0.3774999976158142,-0.011918950825929642,0.0,0.0
0.0,,0.3774999976158142,-0.011918950825929642,0.0,0.0
0.0,,0.375,-0.008939213119447231,0.0,0.0
0.0,,0.3662499785423279,-0.008939213119447231,0.0,0.0
0.0,,0.3737500011920929,-0.008939213119447231,0.0,0.0
0.0,,0.3700000047683716,-0.008939213119447231,0.0,0.0
0.0,,0.3700000047683716,-0.008939213119447231,0.0,0.0
0.0,,0.3700000047683716,-0.008939213119447231,0.0,0.0
0.0,,0.367499977350235,-0.008939213119447231,0.0,0.0
0.0,,0.35999998450279236,-0.011918950825929642,0.0,0.0
0.0,,0.35374999046325684,-0.008939213119447231,0.0,0.0
0.0,,0.3700000047683716,-0.005959475412964821,0.0,0.0
0.0,,0.367499977350235,-0.011918950825929642,0.0,0.0
0.0,,0.36124998331069946,-0.011918950825929642,0.0,0.0
0.0,,0.35999998450279236,-0.008939213119447231,0.0,0.0
0.0,,0.35874998569488525,-0.014898688532412052,0.0,0.0
0.0,,0.35999998450279236,-0.008939213119447231,0.0,0.0
0.0,,0.36124998331069946,-0.008939213119447231,0.0,0.0
0.0,,0.35999998450279236,-0.008939213119447231,0.0,0.0
0.0,,0.35999998450279236,-0.008939213119447231,0.0,0.0
0.0,,0.35999998450279236,-0.008939213119447231,0.0,0.0
0.0,,0.35499998927116394,-0.008939213119447231,0.0,0.0
0.0,,0.35499998927116394,-0.011918950825929642,0.0,0.0
0.0,,0.35624998807907104,-0.008939213119447231,0.0,0.0
0.0,,0.35749998688697815,-0.008939213119447231,0.0,0.0
0.0,,0.35499998927116394,-0.008939213119447231,0.0,0.0
0.0,,0.35374999046325684,-0.008939213119447231,0.0,0.0
0.0,,0.35249999165534973,-0.008939213119447231,0.0,0.0
0.0,,0.3499999940395355,-0.008939213119447231,0.0,0.0
0.0,,0.3499999940395355,-0.011918950825929642,0.0,0.0
0.0,,0.3499999940395355,-0.008939213119447231,0.0,0.0
0.0,,0.3487499952316284,-0.008939213119447231,0.0,0.0
0.0,,0.3462499976158142,-0.008939213119447231,0.0,0.0
0.0,,0.3474999964237213,-0.011918950825929642,0.0,0.0
0.0,,0.34375,-0.008939213119447231,0.0,0.0
0.0,,0.3449999988079071,-0.008939213119447231,0.0,0.0
0.0,,0.3449999988079071,-0.011918950825929642,0.0,0.0
0.0,,0.3412500023841858,-0.011918950825929642,0.0,0.0
0.0,,0.3412500023841858,-0.005959475412964821,0.0,0.0
0.0,,0.3425000011920929,-0.008939213119447231,0.0,0.0
0.0,,0.3400000035762787,-0.008939213119447231,0.0,0.0
0.0,,0.3400000035762787,-0.008939213119447231,0.0,0.0
0.0,,0.3400000035762787,-0.008939213119447231,0.0,0.0
0.0,,0.3387500047683716,-0.008939213119447231,0.0,0.0
0.0,,0.3387500047683716,-0.011918950825929642,0.0,0.0
0.0,,0.3362500071525574,-0.011918950825929642,0.0,0.0
0.0,,0.3349999785423279,-0.008939213119447231,0.0,0.0
0.0,,0.3375000059604645,-0.008939213119447231,0.0,0.0
0.0,,0.3337499797344208,-0.008939213119447231,0.0,0.0
0.0,,0.3349999785423279,-0.008939213119447231,0.0,0.0
0.0,,0.3337499797344208,-0.011918950825929642,0.0,0.0
0.0,,0.33124998211860657,-0.008939213119447231,0.0,0.0
0.0,,0.33249998092651367,-0.008939213119447231,0.0,0.0
0.0,,0.32999998331069946,-0.008939213119447231,0.0,0.0
0.0,,0.33124998211860657,-0.008939213119447231,0.0,0.0
0.0,,0.32749998569488525,-0.008939213119447231,0.0,0.0
0.0,,0.32624998688697815,-0.008939213119447231,0.0,0.0
0.0,,0.32874998450279236,-0.008939213119447231,0.0,0.0
0.0,,0.32749998569488525,-0.008939213119447231,0.0,0.0
0.0,,0.32499998807907104,-0.011918950825929642,0.0,0.0
0.0,,0.3187499940395355,-0.008939213119447231,0.0,0.0
0.0,,0.32249999046325684,-0.011918950825929642,0.0,0.0
0.0,,0.32624998688697815,-0.008939213119447231,0.0,0.0
0.0,,0.3137499988079071,-0.008939213119447231,0.0,0.0
0.0,,0.3174999952316284,-0.011918950825929642,0.0,0.0
0.0,,0.3174999952316284,-0.008939213119447231,0.0,0.0
0.0,,0.3199999928474426,-0.008939213119447231,0.0,0.0
0.0,,0.3100000023841858,-0.011918950825929642,0.0,0.0
0.0,,0.3187499940395355,-0.011918950825929642,0.0,0.0
0.0,,0.3137499988079071,-0.008939213119447231,0.0,0.0
0.0,,0.3137499988079071,-0.008939213119447231,0.0,0.0
0.0,,0.3112500011920929,-0.008939213119447231,0.0,0.0
0.0,,0.3075000047683716,-0.008939213119447231,0.0,0.0
0.0,,0.3112500011920929,-0.008939213119447231,0.0,0.0
0.0,,0.3162499964237213,-0.008939213119447231,0.0,0.0
0.0,,0.3149999976158142,-0.008939213119447231,0.0,0.0
0.0,,0.3125,-0.008939213119447231,0.0,0.0
0.0,,0.3112500011920929,-0.008939213119447231,0.0,0.0
0.0,,0.3075000047683716,-0.008939213119447231,0.0,0.0
0.0,,0.3087500035762787,-0.011918950825929642,0.0,0.0
0.0,,0.3087500035762787,-0.008939213119447231,0.0,0.0
0.0,,0.3087500035762787,-0.011918950825929642,0.0,0.0
0.0,,0.3024999797344208,-0.008939213119447231,0.0,0.0
0.0,,0.3087500035762787,-0.011918950825929642,0.0,0.0
0.0,,0.3062500059604645,-0.008939213119447231,0.0,0.0
0.0,,0.3050000071525574,-0.011918950825929642,0.0,0.0
0.0,,0.3024999797344208,-0.008939213119447231,0.0,0.0
0.0,,0.29999998211860657,-0.011918950825929642,0.0,0.0
0.0,,0.29999998211860657,-0.008939213119447231,0.0,0.0
0.0,,0.29499998688697815,-0.008939213119447231,0.0,0.0
0.0,,0.29749998450279236,-0.011918950825929642,0.0,0.0
0.0,,0.3024999797344208,-0.008939213119447231,0.0,0.0
0.0,,0.30124998092651367,-0.008939213119447231,0.0,0.0
0.0,,0.29499998688697815,-0.011918950825929642,0.0,0.0
0.0,,0.29999998211860657,-0.011918950825929642,0.0,0.0
0.0,,0.29874998331069946,-0.011918950825929642,0.0,0.0
0.0,,0.29624998569488525,-0.008939213119447231,0.0,0.0
0.0,,0.29749998450279236,-0.011918950825929642,0.0,0.0
0.0,,0.29749998450279236,-0.011918950825929642,0.0,0.0
0.0,,0.29749998450279236,-0.008939213119447231,0.0,0.0
0.0,,0.29499998688697815,-0.011918950825929642,0.0,0.0
0.0,,0.29624998569488525,-0.008939213119447231,0.0,0.0
0.0,,0.29374998807907104,-0.011918950825929642,0.0,0.0
0.0,,0.29249998927116394,-0.008939213119447231,0.0,0.0
0.0,,0.29249998927116394,-0.011918950825929642,0.0,0.0
0.0,,0.29374998807907104,-0.008939213119447231,0.0,0.0
0.0,,0.29124999046325684,-0.008939213119447231,0.0,0.0
0.0,,0.2874999940395355,-0.011918950825929642,0.0,0.0
0.0,,0.28999999165534973,-0.008939213119447231,0.0,0.0
0.0,,0.2837499976158142,-0.008939213119447231,0.0,0.0
0.0,,0.2862499952316284,-0.011918950825929642,0.0,0.0
0.0,,0.2837499976158142,-0.008939213119447231,0.0,0.0
0.0,,0.2849999964237213,-0.011918950825929642,0.0,0.0
0.0,,0.2849999964237213,-0.008939213119447231,0.0,0.0
0.0,,0.2824999988079071,-0.008939213119447231,0.0,0.0
0.0,,0.2762500047683716,-0.008939213119447231,0.0,0.0
0.0,,0.2837499976158142,-0.008939213119447231,0.0,0.0
0.0,,0.2862499952316284,-0.008939213119447231,0.0,0.0
0.0,,0.2775000035762787,-0.011918950825929642,0.0,0.0
0.0,,0.2837499976158142,-0.008939213119447231,0.0,0.0
0.0,,0.28125,-0.008939213119447231,0.0,0.0
0.0,,0.2800000011920929,-0.008939213119447231,0.0,0.0
0.0,,0.2787500023841858,-0.008939213119447231,0.0,0.0
0.0,,0.2800000011920929,-0.008939213119447231,0.0,0.0
0.0,,0.28125,-0.008939213119447231,0.0,0.0
0.0,,0.2800000011920929,-0.008939213119447231,0.0,0.0
0.0,,0.2762500047683716,-0.008939213119447231,0.0,0.0
0.0,,0.2775000035762787,-0.011918950825929642,0.0,0.0
0.0,,0.2775000035762787,-0.011918950825929642,0.0,0.0
0.0,,0.2775000035762787,-0.008939213119447231,0.0,0.0
0.0,,0.2762500047683716,-0.011918950825929642,0.0,0.0
0.0,,0.2750000059604645,-0.008939213119447231,0.0,0.0
0.0,,0.2737500071525574,-0.008939213119447231,0.0,0.0
0.0,,0.2750000059604645,-0.008939213119447231,0.0,0.0
0.0,,0.27250000834465027,-0.011918950825929642,0.0,0.0
0.0,,0.2712499797344208,-0.008939213119447231,0.0,0.0
0.0,,0.2712499797344208,-0.011918950825929642,0.0,0.0
0.0,,0.27250000834465027,-0.011918950825929642,0.0,0.0
0.0,,0.26749998331069946,-0.011918950825929642,0.0,0.0
0.0,,0.26999998092651367,-0.005959475412964821,0.0,0.0
0.0,,0.26999998092651367,-0.008939213119447231,0.0,0.0
0.0,,0.26499998569488525,-0.008939213119447231,0.0,0.0
0.0,,0.26999998092651367,-0.008939213119447231,0.0,0.0
0.0,,0.26749998331069946,-0.008939213119447231,0.0,0.0
0.0,,0.26874998211860657,-0.008939213119447231,0.0,0.0
0.0,,0.26374998688697815,-0.008939213119447231,0.0,0.0
0.0,,0.26499998569488525,-0.008939213119447231,0.0,0.0
0.0,,0.26624998450279236,-0.008939213119447231,0.0,0.0
0.0,,0.26499998569488525,-0.008939213119447231,0.0,0.0
0.0,,0.26374998688697815,-0.008939213119447231,0.0,0.0
0.0,,0.26374998688697815,-0.008939213119447231,0.0,0.0
0.0,,0.25999999046325684,-0.011918950825929642,0.0,0.0
0.0,,0.26124998927116394,-0.011918950825929642,0.0,0.0
0.0,,0.26374998688697815,-0.011918950825929642,0.0,0.0
0.0,,0.25999999046325684,-0.008939213119447231,0.0,0.0
0.0,,0.25874999165534973,-0.008939213119447231,0.0,0.0
0.0,,0.26124998927116394,-0.011918950825929642,0.0,0.0
0.0,,0.25874999165534973,-0.008939213119447231,0.0,0.0
0.0,,0.2574999928474426,-0.008939213119447231,0.0,0.0
0.0,,0.2524999976158142,-0.008939213119447231,0.0,0.0
0.0,,0.2562499940395355,-0.008939213119447231,0.0,0.0
0.0,,0.2549999952316284,-0.008939213119447231,0.0,0.0
0.0,,0.2562499940395355,-0.008939213119447231,0.0,0.0
0.0,,0.2549999952316284,-0.011918950825929642,0.0,0.0
0.0,,0.2462499886751175,-0.005959475412964821,0.0,0.0
0.0,,0.2512499988079071,-0.011918950825929642,0.0,0.0
0.0,,0.2574999928474426,-0.008939213119447231,0.0,0.0
0.0,,0.2449999898672104,-0.008939213119447231,0.0,0.0
0.0,,0.2487500011920929,-0.011918950825929642,0.0,0.0
0.0,,0.2512499988079071,-0.008939213119447231,0.0,0.0
0.0,,0.2537499964237213,-0.005959475412964821,0.0,0.0
0.0,,0.2524999976158142,-0.008939213119447231,0.0,0.0
0.0,,0.25,-0.008939213119447231,0.0,0.0
0.0,,0.2474999874830246,-0.008939213119447231,0.0,0.0
0.0,,0.2512499988079071,-0.008939213119447231,0.0,0.0
0.0,,0.2487500011920929,-0.008939213119447231,0.0,0.0
0.0,,0.2474999874830246,-0.008939213119447231,0.0,0.0
0.0,,0.25,-0.008939213119447231,0.0,0.0
0.0,,0.25,-0.005959475412964821,0.0,0.0
0.0,,0.24249999225139618,-0.008939213119447231,0.0,0.0
0.0,,0.2449999898672104,-0.005959475412964821,0.0,0.0
0.0,,0.2462499886751175,-0.008939213119447231,0.0,0.0
0.0,,0.24374999105930328,-0.008939213119447231,0.0,0.0
0.0,,0.2449999898672104,-0.014898688532412052,0.0,0.0
0.0,,0.24249999225139618,-0.008939213119447231,0.0,0.0
0.0,,0.24374999105930328,-0.008939213119447231,0.0,0.0
0.0,,0.23999999463558197,-0.008939213119447231,0.0,0.0
0.0,,0.23624999821186066,-0.011918950825929642,0.0,0.0
0.0,,0.24249999225139618,-0.011918950825929642,0.0,0.0
0.0,,0.24124999344348907,-0.008939213119447231,0.0,0.0
0.0,,0.24374999105930328,-0.008939213119447231,0.0,0.0
0.0,,0.23749999701976776,-0.011918950825929642,0.0,0.0
0.0,,0.23250000178813934,-0.008939213119447231,0.0,0.0
0.0,,0.23874999582767487,-0.008939213119447231,0.0,0.0
0.0,,0.22499999403953552,-0.008939213119447231,0.0,0.0
0.0,,0.23999999463558197,-0.008939213119447231,0.0,0.0
0.0,,0.23874999582767487,-0.011918950825929642,0.0,0.0
0.0,,0.23874999582767487,-0.011918950825929642,0.0,0.0
0.0,,0.23749999701976776,-0.008939213119447231,0.0,0.0
0.0,,0.23749999701976776,-0.011918950825929642,0.0,0.0
0.0,,0.23624999821186066,-0.008939213119447231,0.0,0.0
0.0,,0.23499999940395355,-0.011918950825929642,0.0,0.0
0.0,,0.23499999940395355,-0.008939213119447231,0.0,0.0
0.0,,0.23375000059604645,-0.008939213119447231,0.0,0.0
0.0,,0.23499999940395355,-0.008939213119447231,0.0,0.0
0.0,,0.23375000059604645,-0.008939213119447231,0.0,0.0
0.0,,0.23499999940395355,-0.005959475412964821,0.0,0.0
0.0,,0.23375000059604645,-0.008939213119447231,0.0,0.0
0.0,,0.22874999046325684,-0.011918950825929642,0.0,0.0
0.0,,0.23250000178813934,-0.008939213119447231,0.0,0.0
0.0,,0.23375000059604645,-0.008939213119447231,0.0,0.0
0.0,,0.23124998807907104,-0.008939213119447231,0.0,0.0
0.0,,0.22999998927116394,-0.008939213119447231,0.0,0.0
0.0,,0.22999998927116394,-0.008939213119447231,0.0,0.0
0.0,,0.2224999964237213,-0.008939213119447231,0.0,0.0
0.0,,0.22749999165534973,-0.011918950825929642,0.0,0.0
0.0,,0.22749999165534973,-0.008939213119447231,0.0,0.0
0.0,,0.22374999523162842,-0.008939213119447231,0.0,0.0
0.0,,0.2224999964237213,-0.011918950825929642,0.0,0.0
0.0,,0.22499999403953552,-0.008939213119447231,0.0,0.0
0.0,,0.22624999284744263,-0.008939213119447231,0.0,0.0
0.0,,0.22749999165534973,-0.008939213119447231,0.0,0.0
0.0,,0.2224999964237213,-0.008939213119447231,0.0,0.0
0.0,,0.22499999403953552,-0.008939213119447231,0.0,0.0
0.0,,0.2224999964237213,-0.011918950825929642,0.0,0.0
0.0,,0.22374999523162842,-0.008939213119447231,0.0,0.0
0.0,,0.22374999523162842,-0.008939213119447231,0.0,0.0
0.0,,0.21124999225139618,-0.008939213119447231,0.0,0.0
0.0,,0.2212499976158142,-0.008939213119447231,0.0,0.0
0.0,,0.2149999886751175,-0.005959475412964821,0.0,0.0
0.0,,0.2175000011920929,-0.008939213119447231,0.0,0.0
0.0,,0.2224999964237213,-0.005959475412964821,0.0,0.0
0.0,,0.21875,-0.011918950825929642,0.0,0.0
0.0,,0.21249999105930328,-0.008939213119447231,0.0,0.0
0.0,,0.2199999988079071,-0.008939213119447231,0.0,0.0
0.0,,0.2199999988079071,-0.011918950825929642,0.0,0.0
0.0,,0.2175000011920929,-0.008939213119447231,0.0,0.0
0.0,,0.21875,-0.005959475412964821,0.0,0.0
0.0,,0.2162500023841858,-0.008939213119447231,0.0,0.0
0.0,,0.21875,-0.005959475412964821,0.0,0.0
0.0,,0.21875,-0.011918950825929642,0.0,0.0
0.0,,0.2199999988079071,-0.008939213119447231,0.0,0.0
0.0,,0.2162500023841858,-0.011918950825929642,0.0,0.0
0.0,,0.2162500023841858,-0.011918950825929642,0.0,0.0
0.0,,0.2162500023841858,-0.008939213119447231,0.0,0.0
0.0,,0.21875,-0.008939213119447231,0.0,0.0
0.0,,0.21249999105930328,-0.011918950825929642,0.0,0.0
0.0,,0.21249999105930328,-0.008939213119447231,0.0,0.0
0.0,,0.20999999344348907,-0.011918950825929642,0.0,0.0
0.0,,0.2162500023841858,-0.011918950825929642,0.0,0.0
0.0,,0.21249999105930328,-0.011918950825929642,0.0,0.0
0.0,,0.20874999463558197,-0.008939213119447231,0.0,0.0
0.0,,0.20499999821186066,-0.011918950825929642,0.0,0.0
0.0,,0.21124999225139618,-0.008939213119447231,0.0,0.0
0.0,,0.21124999225139618,-0.008939213119447231,0.0,0.0
0.0,,0.20999999344348907,-0.008939213119447231,0.0,0.0
0.0,,0.2149999886751175,-0.008939213119447231,0.0,0.0
0.0,,0.21249999105930328,-0.008939213119447231,0.0,0.0
0.0,,0.20499999821186066,-0.011918950825929642,0.0,0.0
0.0,,0.20874999463558197,-0.008939213119447231,0.0,0.0
0.0,,0.20999999344348907,-0.008939213119447231,0.0,0.0
0.0,,0.21124999225139618,-0.008939213119447231,0.0,0.0
0.0,,0.20874999463558197,-0.008939213119447231,0.0,0.0
0.0,,0.20749999582767487,-0.008939213119447231,0.0,0.0
0.0,,0.20749999582767487,-0.011918950825929642,0.0,0.0
0.0,,0.20874999463558197,-0.008939213119447231,0.0,0.0
0.0,,0.20999999344348907,-0.011918950825929642,0.0,0.0
0.0,,0.20624999701976776,-0.008939213119447231,0.0,0.0
0.0,,0.20624999701976776,-0.008939213119447231,0.0,0.0
0.0,,0.20624999701976776,-0.011918950825929642,0.0,0.0
0.0,,0.20499999821186066,-0.005959475412964821,0.0,0.0
0.0,,0.20999999344348907,-0.008939213119447231,0.0,0.0
0.0,,0.20499999821186066,-0.005959475412964821,0.0,0.0
0.0,,0.20499999821186066,-0.008939213119447231,0.0,0.0
0.0,,0.20624999701976776,-0.008939213119447231,0.0,0.0
0.0,,0.20624999701976776,-0.008939213119447231,0.0,0.0
0.0,,0.20499999821186066,-0.008939213119447231,0.0,0.0
0.0,,0.20250000059604645,-0.011918950825929642,0.0,0.0
0.0,,0.19499999284744263,-0.011918950825929642,0.0,0.0
0.0,,0.20125000178813934,-0.008939213119447231,0.0,0.0
0.0,,0.20250000059604645,-0.011918950825929642,0.0,0.0
0.0,,0.19999998807907104,-0.011918950825929642,0.0,0.0
0.0,,0.19624999165534973,-0.008939213119447231,0.0,0.0
0.0,,0.19874998927116394,-0.008939213119447231,0.0,0.0
0.0,,0.19374999403953552,-0.008939213119447231,0.0,0.0
0.0,,0.19374999403953552,-0.008939213119447231,0.0,0.0
0.0,,0.19374999403953552,-0.011918950825929642,0.0,0.0
0.0,,0.19999998807907104,-0.008939213119447231,0.0,0.0
0.0,,0.19249999523162842,-0.008939213119447231,0.0,0.0
0.0,,0.19374999403953552,-0.011918950825929642,0.0,0.0
0.0,,0.19374999403953552,-0.011918950825929642,0.0,0.0
0.0,,0.19999998807907104,-0.011918950825929642,0.0,0.0
0.0,,0.19749999046325684,-0.011918950825929642,0.0,0.0
0.0,,0.19874998927116394,-0.011918950825929642,0.0,0.0
0.0,,0.19749999046325684,-0.008939213119447231,0.0,0.0
0.0,,0.19749999046325684,-0.008939213119447231,0.0,0.0
0.0,,0.19749999046325684,-0.011918950825929642,0.0,0.0
0.0,,0.19624999165534973,-0.008939213119447231,0.0,0.0
0.0,,0.19874998927116394,-0.011918950825929642,0.0,0.0
0.0,,0.19374999403953552,-0.008939213119447231,0.0,0.0
0.0,,0.19624999165534973,-0.008939213119447231,0.0,0.0
0.0,,0.19624999165534973,-0.008939213119447231,0.0,0.0
0.0,,0.19499999284744263,-0.008939213119447231,0.0,0.0
0.0,,0.1875,-0.011918950825929642,0.0,0.0
0.0,,0.19249999523162842,-0.011918950825929642,0.0,0.0
0.0,,0.19249999523162842,-0.008939213119447231,0.0,0.0
0.0,,0.1912499964237213,-0.008939213119447231,0.0,0.0
0.0,,0.1875,-0.011918950825929642,0.0,0.0
0.0,,0.1912499964237213,-0.008939213119447231,0.0,0.0
0.0,,0.1899999976158142,-0.008939213119447231,0.0,0.0
0.0,,0.1887499988079071,-0.011918950825929642,0.0,0.0
0.0,,0.19499999284744263,-0.008939213119447231,0.0,0.0
0.0,,0.1862500011920929,-0.005959475412964821,0.0,0.0
0.0,,0.1875,-0.014898688532412052,0.0,0.0
0.0,,0.1899999976158142,-0.008939213119447231,0.0,0.0
0.0,,0.19249999523162842,-0.008939213119447231,0.0,0.0
0.0,,0.1899999976158142,-0.008939213119447231,0.0,0.0
0.0,,0.1912499964237213,-0.008939213119447231,0.0,0.0
0.0,,0.1899999976158142,-0.011918950825929642,0.0,0.0
0.0,,0.1899999976158142,-0.008939213119447231,0.0,0.0
0.0,,0.1912499964237213,-0.008939213119447231,0.0,0.0
0.0,,0.1887499988079071,-0.008939213119447231,0.0,0.0
0.0,,0.1887499988079071,-0.011918950825929642,0.0,0.0
0.0,,0.1875,-0.008939213119447231,0.0,0.0
0.0,,0.1862500011920929,-0.008939213119447231,0.0,0.0
0.0,,0.1875,-0.011918950825929642,0.0,0.0
0.0,,0.1875,-0.008939213119447231,0.0,0.0
0.0,,0.1887499988079071,-0.005959475412964821,0.0,0.0
0.0,,0.1862500011920929,-0.008939213119447231,0.0,0.0
0.0,,0.1862500011920929,-0.011918950825929642,0.0,0.0
0.0,,0.1862500011920929,-0.008939213119447231,0.0,0.0
0.0,,0.1850000023841858,-0.011918950825929642,0.0,0.0
0.0,,0.1837499886751175,-0.011918950825929642,0.0,0.0
0.0,,0.1850000023841858,-0.014898688532412052,0.0,0.0
0.0,,0.1837499886751175,-0.008939213119447231,0.0,0.0
0.0,,0.1837499886751175,-0.008939213119447231,0.0,0.0
0.0,,0.1837499886751175,-0.008939213119447231,0.0,0.0
0.0,,0.18124999105930328,-0.011918950825929642,0.0,0.0
0.0,,0.1837499886751175,-0.008939213119447231,0.0,0.0
0.0,,0.1837499886751175,-0.008939213119447231,0.0,0.0
0.0,,0.1824999898672104,-0.011918950825929642,0.0,0.0
0.0,,0.18124999105930328,-0.011918950825929642,0.0,0.0
0.0,,0.18124999105930328,-0.008939213119447231,0.0,0.0
0.0,,0.18124999105930328,-0.008939213119447231,0.0,0.0
0.0,,0.18124999105930328,-0.008939213119447231,0.0,0.0
0.0,,0.18124999105930328,-0.011918950825929642,0.0,0.0
0.0,,0.17999999225139618,-0.005959475412964821,0.0,0.0
0.0,,0.1824999898672104,-0.011918950825929642,0.0,0.0
0.0,,0.17874999344348907,-0.008939213119447231,0.0,0.0
0.0,,0.18124999105930328,-0.008939213119447231,0.0,0.0
0.0,,0.17874999344348907,-0.011918950825929642,0.0,0.0
0.0,,0.17999999225139618,-0.008939213119447231,0.0,0.0
0.0,,0.17749999463558197,-0.008939213119447231,0.0,0.0
0.0,,0.17874999344348907,-0.011918950825929642,0.0,0.0
0.0,,0.17999999225139618,-0.011918950825929642,0.0,0.0
0.0,,0.17874999344348907,-0.011918950825929642,0.0,0.0
0.0,,0.17749999463558197,-0.008939213119447231,0.0,0.0
0.0,,0.17624999582767487,-0.011918950825929642,0.0,0.0
0.0,,0.17624999582767487,-0.008939213119447231,0.0,0.0
0.0,,0.17749999463558197,-0.008939213119447231,0.0,0.0
0.0,,0.17499999701976776,-0.008939213119447231,0.0,0.0
0.0,,0.17499999701976776,-0.011918950825929642,0.0,0.0
0.0,,0.17624999582767487,-0.011918950825929642,0.0,0.0
0.0,,0.17624999582767487,-0.008939213119447231,0.0,0.0
0.0,,0.17499999701976776,-0.008939213119447231,0.0,0.0
0.0,,0.17374999821186066,-0.011918950825929642,0.0,0.0
0.0,,0.17499999701976776,-0.011918950825929642,0.0,0.0
0.0,,0.17499999701976776,-0.011918950825929642,0.0,0.0
0.0,,0.17499999701976776,-0.008939213119447231,0.0,0.0
0.0,,0.17374999821186066,-0.008939213119447231,0.0,0.0
0.0,,0.17374999821186066,-0.011918950825929642,0.0,0.0
0.0,,0.17374999821186066,-0.008939213119447231,0.0,0.0
0.0,,0.17249999940395355,-0.008939213119447231,0.0,0.0
0.0,,0.17374999821186066,-0.005959475412964821,0.0,0.0
0.0,,0.17249999940395355,-0.008939213119447231,0.0,0.0
0.0,,0.17125000059604645,-0.008939213119447231,0.0,0.0
0.0,,0.17125000059604645,-0.011918950825929642,0.0,0.0
0.0,,0.17249999940395355,-0.008939213119447231,0.0,0.0
0.0,,0.17125000059604645,-0.008939213119447231,0.0,0.0
0.0,,0.17125000059604645,-0.011918950825929642,0.0,0.0
0.0,,0.16875000298023224,-0.011918950825929642,0.0,0.0
0.0,,0.17000000178813934,-0.008939213119447231,0.0,0.0
0.0,,0.17249999940395355,-0.011918950825929642,0.0,0.0
0.0,,0.16875000298023224,-0.008939213119447231,0.0,0.0
0.0,,0.16875000298023224,-0.008939213119447231,0.0,0.0
0.0,,0.16875000298023224,-0.011918950825929642,0.0,0.0
0.0,,0.17000000178813934,-0.008939213119447231,0.0,0.0
0.0,,0.16875000298023224,-0.008939213119447231,0.0,0.0
0.0,,0.1599999964237213,-0.011918950825929642,0.0,0.0
0.0,,0.16499999165534973,-0.011918950825929642,0.0,0.0
0.0,,0.1587499976158142,-0.008939213119447231,0.0,0.0
0.0,,0.16374999284744263,-0.008939213119447231,0.0,0.0
0.0,,0.16875000298023224,-0.011918950825929642,0.0,0.0
0.0,,0.16499999165534973,-0.008939213119447231,0.0,0.0
0.0,,0.16249999403953552,-0.011918950825929642,0.0,0.0
0.0,,0.16249999403953552,-0.014898688532412052,0.0,0.0
0.0,,0.16749998927116394,-0.011918950825929642,0.0,0.0
0.0,,0.16499999165534973,-0.008939213119447231,0.0,0.0
0.0,,0.16374999284744263,-0.008939213119447231,0.0,0.0
0.0,,0.1587499976158142,-0.008939213119447231,0.0,0.0
0.0,,0.16124999523162842,-0.008939213119447231,0.0,0.0
0.0,,0.1599999964237213,-0.011918950825929642,0.0,0.0
0.0,,0.16499999165534973,-0.011918950825929642,0.0,0.0
0.0,,0.16374999284744263,-0.008939213119447231,0.0,0.0
0.0,,0.16374999284744263,-0.008939213119447231,0.0,0.0
0.0,,0.16374999284744263,-0.011918950825929642,0.0,0.0
0.0,,0.16624999046325684,-0.008939213119447231,0.0,0.0
0.0,,0.16374999284744263,-0.011918950825929642,0.0,0.0
0.0,,0.16374999284744263,-0.008939213119447231,0.0,0.0
0.0,,0.16249999403953552,-0.011918950825929642,0.0,0.0
0.0,,0.16374999284744263,-0.011918950825929642,0.0,0.0
0.0,,0.15625,-0.008939213119447231,0.0,0.0
0.0,,0.16124999523162842,-0.008939213119447231,0.0,0.0
0.0,,0.16249999403953552,-0.008939213119447231,0.0,0.0
0.0,,0.15625,-0.008939213119447231,0.0,0.0
0.0,,0.16374999284744263,-0.008939213119447231,0.0,0.0
0.0,,0.1587499976158142,-0.011918950825929642,0.0,0.0
0.0,,0.14874999225139618,-0.008939213119447231,0.0,0.0
0.0,,0.16499999165534973,-0.011918950825929642,0.0,0.0
0.0,,0.1599999964237213,-0.008939213119447231,0.0,0.0
0.0,,0.1587499976158142,-0.011918950825929642,0.0,0.0
0.0,,0.1550000011920929,-0.011918950825929642,0.0,0.0
0.0,,0.14749999344348907,-0.008939213119447231,0.0,0.0
0.0,,0.14874999225139618,-0.008939213119447231,0.0,0.0
0.0,,0.1537500023841858,-0.008939213119447231,0.0,0.0
0.0,,0.14999999105930328,-0.008939213119447231,0.0,0.0
0.0,,0.1525000035762787,-0.008939213119447231,0.0,0.0
0.0,,0.15625,-0.011918950825929642,0.0,0.0
0.0,,0.14999999105930328,-0.008939213119447231,0.0,0.0
0.0,,0.1587499976158142,-0.008939213119447231,0.0,0.0
0.0,,0.1525000035762787,-0.008939213119447231,0.0,0.0
0.0,,0.14999999105930328,-0.008939213119447231,0.0,0.0
0.0,,0.1537500023841858,-0.005959475412964821,0.0,0.0
0.0,,0.1537500023841858,-0.008939213119447231,0.0,0.0
0.0,,0.1525000035762787,-0.011918950825929642,0.0,0.0
0.0,,0.1550000011920929,-0.008939213119447231,0.0,0.0
0.0,,0.15625,-0.008939213119447231,0.0,0.0
0.0,,0.15625,-0.008939213119447231,0.0,0.0
0.0,,0.1550000011920929,-0.005959475412964821,0.0,0.0
0.0,,0.1550000011920929,-0.005959475412964821,0.0,0.0
0.0,,0.1550000011920929,-0.008939213119447231,0.0,0.0
0.0,,0.1550000011920929,-0.011918950825929642,0.0,0.0
0.0,,0.1537500023841858,-0.011918950825929642,0.0,0.0
0.0,,0.1537500023841858,-0.008939213119447231,0.0,0.0
0.0,,0.1550000011920929,-0.008939213119447231,0.0,0.0
0.0,,0.1537500023841858,-0.011918950825929642,0.0,0.0
0.0,,0.1537500023841858,-0.008939213119447231,0.0,0.0
0.0,,0.1537500023841858,-0.011918950825929642,0.0,0.0
0.0,,0.1525000035762787,-0.008939213119447231,0.0,0.0
0.0,,0.1525000035762787,-0.008939213119447231,0.0,0.0
0.0,,0.1512499898672104,-0.011918950825929642,0.0,0.0
0.0,,0.1512499898672104,-0.011918950825929642,0.0,0.0
0.0,,0.1525000035762787,-0.008939213119447231,0.0,0.0
0.0,,0.1512499898672104,-0.008939213119447231,0.0,0.0
0.0,,0.1525000035762787,-0.014898688532412052,0.0,0.0
0.0,,0.1512499898672104,-0.008939213119447231,0.0,0.0
0.0,,0.14499999582767487,-0.008939213119447231,0.0,0.0
0.0,,0.14999999105930328,-0.008939213119447231,0.0,0.0
0.0,,0.1525000035762787,-0.008939213119447231,0.0,0.0
0.0,,0.14999999105930328,-0.014898688532412052,0.0,0.0
0.0,,0.14624999463558197,-0.008939213119447231,0.0,0.0
0.0,,0.1512499898672104,-0.008939213119447231,0.0,0.0
0.0,,0.14374999701976776,-0.008939213119447231,0.0,0.0
0.0,,0.14749999344348907,-0.008939213119447231,0.0,0.0
0.0,,0.14999999105930328,-0.011918950825929642,0.0,0.0
0.0,,0.1512499898672104,-0.011918950825929642,0.0,0.0
0.0,,0.14624999463558197,-0.011918950825929642,0.0,0.0
0.0,,0.14374999701976776,-0.008939213119447231,0.0,0.0
0.0,,0.14124999940395355,-0.008939213119447231,0.0,0.0
0.0,,0.14374999701976776,-0.011918950825929642,0.0,0.0
0.0,,0.14249999821186066,-0.011918950825929642,0.0,0.0
0.0,,0.14000000059604645,-0.008939213119447231,0.0,0.0
0.0,,0.14249999821186066,-0.008939213119447231,0.0,0.0
0.0,,0.14249999821186066,-0.008939213119447231,0.0,0.0
0.0,,0.14124999940395355,-0.008939213119447231,0.0,0.0
0.0,,0.14624999463558197,-0.008939213119447231,0.0,0.0
0.0,,0.14749999344348907,-0.011918950825929642,0.0,0.0
0.0,,0.13875000178813934,-0.011918950825929642,0.0,0.0
0.0,,0.14624999463558197,-0.011918950825929642,0.0,0.0
0.0,,0.14374999701976776,-0.008939213119447231,0.0,0.0
0.0,,0.14499999582767487,-0.011918950825929642,0.0,0.0
0.0,,0.14624999463558197,-0.011918950825929642,0.0,0.0
0.0,,0.14624999463558197,-0.008939213119447231,0.0,0.0
0.0,,0.14499999582767487,-0.008939213119447231,0.0,0.0
0.0,,0.14374999701976776,-0.008939213119447231,0.0,0.0
0.0,,0.14499999582767487,-0.008939213119447231,0.0,0.0
0.0,,0.14374999701976776,-0.011918950825929642,0.0,0.0
0.0,,0.14124999940395355,-0.005959475412964821,0.0,0.0
0.0,,0.14374999701976776,-0.011918950825929642,0.0,0.0
0.0,,0.14374999701976776,-0.005959475412964821,0.0,0.0
0.0,,0.14374999701976776,-0.008939213119447231,0.0,0.0
0.0,,0.14249999821186066,-0.008939213119447231,0.0,0.0
0.0,,0.14124999940395355,-0.008939213119447231,0.0,0.0
0.0,,0.13875000178813934,-0.008939213119447231,0.0,0.0
0.0,,0.13875000178813934,-0.008939213119447231,0.0,0.0
0.0,,0.14000000059604645,-0.011918950825929642,0.0,0.0
0.0,,0.13625000417232513,-0.008939213119447231,0.0,0.0
0.0,,0.13499999046325684,-0.008939213119447231,0.0,0.0
0.0,,0.14000000059604645,-0.008939213119447231,0.0,0.0
0.0,,0.13499999046325684,-0.005959475412964821,0.0,0.0
0.0,,0.13750000298023224,-0.005959475412964821,0.0,0.0
0.0,,0.13625000417232513,-0.008939213119447231,0.0,0.0
0.0,,0.13750000298023224,-0.008939213119447231,0.0,0.0
0.0,,0.13750000298023224,-0.011918950825929642,0.0,0.0
0.0,,0.13625000417232513,-0.008939213119447231,0.0,0.0
0.0,,0.14124999940395355,-0.011918950825929642,0.0,0.0
0.0,,0.13750000298023224,-0.008939213119447231,0.0,0.0
0.0,,0.14000000059604645,-0.008939213119447231,0.0,0.0
0.0,,0.14000000059604645,-0.008939213119447231,0.0,0.0
0.0,,0.14000000059604645,-0.011918950825929642,0.0,0.0
0.0,,0.13750000298023224,-0.008939213119447231,0.0,0.0
0.0,,0.13875000178813934,-0.011918950825929642,0.0,0.0
0.0,,0.13875000178813934,-0.008939213119447231,0.0,0.0
0.0,,0.13499999046325684,-0.011918950825929642,0.0,0.0
0.0,,0.13750000298023224,-0.011918950825929642,0.0,0.0
0.0,,0.13625000417232513,-0.008939213119447231,0.0,0.0
0.0,,0.13750000298023224,-0.008939213119447231,0.0,0.0
0.0,,0.13875000178813934,-0.008939213119447231,0.0,0.0
0.0,,0.13875000178813934,-0.011918950825929642,0.0,0.0
0.0,,0.13249999284744263,-0.008939213119447231,0.0,0.0
0.0,,0.12999999523162842,-0.008939213119447231,0.0,0.0
0.0,,0.13249999284744263,-0.011918950825929642,0.0,0.0
0.0,,0.13124999403953552,-0.008939213119447231,0.0,0.0
0.0,,0.13499999046325684,-0.008939213119447231,0.0,0.0
0.0,,0.12999999523162842,-0.011918950825929642,0.0,0.0
0.0,,0.1287499964237213,-0.008939213119447231,0.0,0.0
0.0,,0.13625000417232513,-0.011918950825929642,0.0,0.0
0.0,,0.12999999523162842,-0.008939213119447231,0.0,0.0
0.0,,0.11999999731779099,-0.005959475412964821,0.0,0.0
0.0,,0.1287499964237213,-0.008939213119447231,0.0,0.0
0.0,,0.13374999165534973,-0.014898688532412052,0.0,0.0
0.0,,0.13374999165534973,-0.011918950825929642,0.0,0.0
0.0,,0.13625000417232513,-0.008939213119447231,0.0,0.0
0.0,,0.13249999284744263,-0.008939213119447231,0.0,0.0
0.0,,0.13499999046325684,-0.011918950825929642,0.0,0.0
0.0,,0.13374999165534973,-0.005959475412964821,0.0,0.0
0.0,,0.13374999165534973,-0.011918950825929642,0.0,0.0
0.0,,0.13374999165534973,-0.008939213119447231,0.0,0.0
0.0,,0.13374999165534973,-0.011918950825929642,0.0,0.0
0.0,,0.13374999165534973,-0.008939213119447231,0.0,0.0
0.0,,0.13249999284744263,-0.005959475412964821,0.0,0.0
0.0,,0.13124999403953552,-0.008939213119447231,0.0,0.0
0.0,,0.13124999403953552,-0.014898688532412052,0.0,0.0
0.0,,0.13249999284744263,-0.008939213119447231,0.0,0.0
0.0,,0.13249999284744263,-0.011918950825929642,0.0,0.0
0.0,,0.13124999403953552,-0.011918950825929642,0.0,0.0
0.0,,0.13249999284744263,-0.008939213119447231,0.0,0.0
0.0,,0.12999999523162842,-0.011918950825929642,0.0,0.0
0.0,,0.12999999523162842,-0.005959475412964821,0.0,0.0
0.0,,0.13249999284744263,-0.008939213119447231,0.0,0.0
0.0,,0.13249999284744263,-0.008939213119447231,0.0,0.0
0.0,,0.1287499964237213,-0.008939213119447231,0.0,0.0
0.0,,0.1287499964237213,-0.008939213119447231,0.0,0.0
0.0,,0.13374999165534973,-0.008939213119447231,0.0,0.0
0.0,,0.1262499988079071,-0.011918950825929642,0.0,0.0
0.0,,0.12999999523162842,-0.005959475412964821,0.0,0.0
0.0,,0.1287499964237213,-0.008939213119447231,0.0,0.0
0.0,,0.12999999523162842,-0.008939213119447231,0.0,0.0
0.0,,0.12999999523162842,-0.011918950825929642,0.0,0.0
0.0,,0.1274999976158142,-0.005959475412964821,0.0,0.0
0.0,,0.12999999523162842,-0.014898688532412052,0.0,0.0
0.0,,0.12999999523162842,-0.008939213119447231,0.0,0.0
0.0,,0.1274999976158142,-0.011918950825929642,0.0,0.0
0.0,,0.1287499964237213,-0.011918950825929642,0.0,0.0
0.0,,0.12999999523162842,-0.008939213119447231,0.0,0.0
0.0,,0.1274999976158142,-0.011918950825929642,0.0,0.0
0.0,,0.1274999976158142,-0.008939213119447231,0.0,0.0
0.0,,0.1287499964237213,-0.008939213119447231,0.0,0.0
0.0,,0.1274999976158142,-0.008939213119447231,0.0,0.0
0.0,,0.1262499988079071,-0.011918950825929642,0.0,0.0
0.0,,0.1287499964237213,-0.008939213119447231,0.0,0.0
0.0,,0.1274999976158142,-0.008939213119447231,0.0,0.0
0.0,,0.1262499988079071,-0.011918950825929642,0.0,0.0
0.0,,0.1274999976158142,-0.011918950825929642,0.0,0.0
0.0,,0.125,-0.008939213119447231,0.0,0.0
0.0,,0.11999999731779099,-0.011918950825929642,0.0,0.0
0.0,,0.1287499964237213,-0.008939213119447231,0.0,0.0
0.0,,0.125,-0.011918950825929642,0.0,0.0
0.0,,0.11999999731779099,-0.011918950825929642,0.0,0.0
0.0,,0.1262499988079071,-0.005959475412964821,0.0,0.0
0.0,,0.1262499988079071,-0.008939213119447231,0.0,0.0
0.0,,0.125,-0.008939213119447231,0.0,0.0
0.0,,0.125,-0.008939213119447231,0.0,0.0
0.0,,0.1262499988079071,-0.008939213119447231,0.0,0.0
0.0,,0.125,-0.011918950825929642,0.0,0.0
0.0,,0.1237499937415123,-0.008939213119447231,0.0,0.0
0.0,,0.125,-0.008939213119447231,0.0,0.0
0.0,,0.1237499937415123,-0.008939213119447231,0.0,0.0
0.0,,0.1237499937415123,-0.008939213119447231,0.0,0.0
0.0,,0.12124999612569809,-0.008939213119447231,0.0,0.0
0.0,,0.12124999612569809,-0.008939213119447231,0.0,0.0
0.0,,0.1237499937415123,-0.008939213119447231,0.0,0.0
0.0,,0.125,-0.008939213119447231,0.0,0.0
0.0,,0.1237499937415123,-0.008939213119447231,0.0,0.0
0.0,,0.1224999949336052,-0.008939213119447231,0.0,0.0
0.0,,0.1224999949336052,-0.014898688532412052,0.0,0.0
0.0,,0.12124999612569809,-0.008939213119447231,0.0,0.0
0.0,,0.11874999850988388,-0.011918950825929642,0.0,0.0
0.0,,0.11999999731779099,-0.011918950825929642,0.0,0.0
0.0,,0.1224999949336052,-0.008939213119447231,0.0,0.0
0.0,,0.11499999463558197,-0.011918950825929642,0.0,0.0
0.0,,0.12124999612569809,-0.005959475412964821,0.0,0.0
0.0,,0.11999999731779099,-0.011918950825929642,0.0,0.0
0.0,,0.12124999612569809,-0.008939213119447231,0.0,0.0
0.0,,0.1224999949336052,-0.011918950825929642,0.0,0.0
0.0,,0.1224999949336052,-0.008939213119447231,0.0,0.0
0.0,,0.11999999731779099,-0.011918950825929642,0.0,0.0
0.0,,0.12124999612569809,-0.005959475412964821,0.0,0.0
0.0,,0.11999999731779099,-0.008939213119447231,0.0,0.0
0.0,,0.12124999612569809,-0.008939213119447231,0.0,0.0
0.0,,0.11999999731779099,-0.008939213119447231,0.0,0.0
0.0,,0.12124999612569809,-0.008939213119447231,0.0,0.0
0.0,,0.12124999612569809,-0.008939213119447231,0.0,0.0
0.0,,0.11749999970197678,-0.011918950825929642,0.0,0.0
0.0,,0.11999999731779099,-0.011918950825929642,0.0,0.0
0.0,,0.12124999612569809,-0.008939213119447231,0.0,0.0
0.0,,0.11999999731779099,-0.005959475412964821,0.0,0.0
0.0,,0.11999999731779099,-0.008939213119447231,0.0,0.0
0.0,,0.11874999850988388,-0.011918950825929642,0.0,0.0
0.0,,0.11999999731779099,-0.008939213119447231,0.0,0.0
0.0,,0.12124999612569809,-0.008939213119447231,0.0,0.0
0.0,,0.11749999970197678,-0.008939213119447231,0.0,0.0
0.0,,0.11749999970197678,-0.008939213119447231,0.0,0.0
0.0,,0.11749999970197678,-0.008939213119447231,0.0,0.0
0.0,,0.11249999701976776,-0.011918950825929642,0.0,0.0
0.0,,0.11625000089406967,-0.008939213119447231,0.0,0.0
0.0,,0.11499999463558197,-0.011918950825929642,0.0,0.0
0.0,,0.11874999850988388,-0.011918950825929642,0.0,0.0
0.0,,0.11749999970197678,-0.011918950825929642,0.0,0.0
0.0,,0.11874999850988388,-0.008939213119447231,0.0,0.0
0.0,,0.11874999850988388,-0.008939213119447231,0.0,0.0
0.0,,0.11749999970197678,-0.011918950825929642,0.0,0.0
0.0,,0.11749999970197678,-0.011918950825929642,0.0,0.0
0.0,,0.11749999970197678,-0.008939213119447231,0.0,0.0
0.0,,0.11874999850988388,-0.011918950825929642,0.0,0.0
0.0,,0.11749999970197678,-0.008939213119447231,0.0,0.0
0.0,,0.11749999970197678,-0.008939213119447231,0.0,0.0
0.0,,0.11625000089406967,-0.008939213119447231,0.0,0.0
0.0,,0.11499999463558197,-0.008939213119447231,0.0,0.0
0.0,,0.11749999970197678,-0.008939213119447231,0.0,0.0
0.0,,0.11625000089406967,-0.005959475412964821,0.0,0.0
0.0,,0.11499999463558197,-0.008939213119447231,0.0,0.0
0.0,,0.11625000089406967,-0.011918950825929642,0.0,0.0
0.0,,0.11625000089406967,-0.008939213119447231,0.0,0.0
0.0,,0.11499999463558197,-0.008939213119447231,0.0,0.0
0.0,,0.11749999970197678,-0.008939213119447231,0.0,0.0
0.0,,0.11625000089406967,-0.008939213119447231,0.0,0.0
0.0,,0.11374999582767487,-0.008939213119447231,0.0,0.0
0.0,,0.11374999582767487,-0.008939213119447231,0.0,0.0
0.0,,0.11249999701976776,-0.008939213119447231,0.0,0.0
0.0,,0.11374999582767487,-0.011918950825929642,0.0,0.0
0.0,,0.11374999582767487,-0.011918950825929642,0.0,0.0
0.0,,0.11374999582767487,-0.011918950825929642,0.0,0.0
0.0,,0.11374999582767487,-0.011918950825929642,0.0,0.0
0.0,,0.11374999582767487,-0.011918950825929642,0.0,0.0
0.0,,0.11625000089406967,-0.008939213119447231,0.0,0.0
0.0,,0.11249999701976776,-0.008939213119447231,0.0,0.0
0.0,,0.11374999582767487,-0.011918950825929642,0.0,0.0
0.0,,0.11249999701976776,-0.008939213119447231,0.0,0.0
0.0,,0.11249999701976776,-0.011918950825929642,0.0,0.0
0.0,,0.11374999582767487,-0.008939213119447231,0.0,0.0
0.0,,0.11499999463558197,-0.005959475412964821,0.0,0.0
0.0,,0.11374999582767487,-0.011918950825929642,0.0,0.0
0.0,,0.11249999701976776,-0.011918950825929642,0.0,0.0
0.0,,0.11249999701976776,-0.011918950825929642,0.0,0.0
0.0,,0.11124999821186066,-0.008939213119447231,0.0,0.0
0.0,,0.11124999821186066,-0.008939213119447231,0.0,0.0
0.0,,0.11124999821186066,-0.011918950825929642,0.0,0.0
0.0,,0.11249999701976776,-0.011918950825929642,0.0,0.0
0.0,,0.10999999940395355,-0.011918950825929642,0.0,0.0
0.0,,0.10749999433755875,-0.011918950825929642,0.0,0.0
0.0,,0.11249999701976776,-0.008939213119447231,0.0,0.0
0.0,,0.11124999821186066,-0.011918950825929642,0.0,0.0
0.0,,0.10999999940395355,-0.008939213119447231,0.0,0.0
0.0,,0.11124999821186066,-0.011918950825929642,0.0,0.0
0.0,,0.10999999940395355,-0.011918950825929642,0.0,0.0
0.0,,0.11124999821186066,-0.008939213119447231,0.0,0.0
0.0,,0.10999999940395355,-0.008939213119447231,0.0,0.0
0.0,,0.10875000059604645,-0.011918950825929642,0.0,0.0
0.0,,0.11124999821186066,-0.008939213119447231,0.0,0.0
0.0,,0.10875000059604645,-0.011918950825929642,0.0,0.0
0.0,,0.10875000059604645,-0.008939213119447231,0.0,0.0
0.0,,0.10999999940395355,-0.011918950825929642,0.0,0.0
0.0,,0.11124999821186066,-0.008939213119447231,0.0,0.0
0.0,,0.10875000059604645,-0.008939213119447231,0.0,0.0
0.0,,0.10875000059604645,-0.008939213119447231,0.0,0.0
0.0,,0.11124999821186066,-0.008939213119447231,0.0,0.0
0.0,,0.10875000059604645,-0.008939213119447231,0.0,0.0
0.0,,0.10749999433755875,-0.011918950825929642,0.0,0.0
0.0,,0.10749999433755875,-0.011918950825929642,0.0,0.0
0.0,,0.10875000059604645,-0.011918950825929642,0.0,0.0
0.0,,0.10999999940395355,-0.008939213119447231,0.0,0.0
0.0,,0.10875000059604645,-0.008939213119447231,0.0,0.0
0.0,,0.10875000059604645,-0.011918950825929642,0.0,0.0
0.0,,0.10624999552965164,-0.011918950825929642,0.0,0.0
0.0,,0.10749999433755875,-0.005959475412964821,0.0,0.0
0.0,,0.10624999552965164,-0.008939213119447231,0.0,0.0
0.0,,0.10749999433755875,-0.008939213119447231,0.0,0.0
0.0,,0.10749999433755875,-0.008939213119447231,0.0,0.0
0.0,,0.10875000059604645,-0.008939213119447231,0.0,0.0
0.0,,0.10624999552965164,-0.011918950825929642,0.0,0.0
0.0,,0.10749999433755875,-0.005959475412964821,0.0,0.0
0.0,,0.10624999552965164,-0.011918950825929642,0.0,0.0
0.0,,0.10749999433755875,-0.008939213119447231,0.0,0.0
0.0,,0.10624999552965164,-0.011918950825929642,0.0,0.0
0.0,,0.10624999552965164,-0.008939213119447231,0.0,0.0
0.0,,0.10624999552965164,-0.011918950825929642,0.0,0.0
0.0,,0.10624999552965164,-0.011918950825929642,0.0,0.0
0.0,,0.10624999552965164,-0.011918950825929642,0.0,0.0
0.0,,0.10499999672174454,-0.011918950825929642,0.0,0.0
0.0,,0.10624999552965164,-0.008939213119447231,0.0,0.0
0.0,,0.10624999552965164,-0.008939213119447231,0.0,0.0
0.0,,0.10499999672174454,-0.008939213119447231,0.0,0.0
0.0,,0.10624999552965164,-0.011918950825929642,0.0,0.0
0.0,,0.10499999672174454,-0.005959475412964821,0.0,0.0
0.0,,0.10624999552965164,-0.008939213119447231,0.0,0.0
0.0,,0.10624999552965164,-0.008939213119447231,0.0,0.0
0.0,,0.10499999672174454,-0.008939213119447231,0.0,0.0
0.0,,0.10499999672174454,-0.008939213119447231,0.0,0.0
0.0,,0.10374999791383743,-0.008939213119447231,0.0,0.0
0.0,,0.10374999791383743,-0.008939213119447231,0.0,0.0
0.0,,0.10249999910593033,-0.008939213119447231,0.0,0.0
0.0,,0.10374999791383743,-0.008939213119447231,0.0,0.0
0.0,,0.10499999672174454,-0.008939213119447231,0.0,0.0
0.0,,0.10374999791383743,-0.011918950825929642,0.0,0.0
0.0,,0.10374999791383743,-0.011918950825929642,0.0,0.0
0.0,,0.10125000029802322,-0.008939213119447231,0.0,0.0
0.0,,0.10249999910593033,-0.011918950825929642,0.0,0.0
0.0,,0.10125000029802322,-0.008939213119447231,0.0,0.0
0.0,,0.10125000029802322,-0.008939213119447231,0.0,0.0
0.0,,0.10249999910593033,-0.011918950825929642,0.0,0.0
0.0,,0.10249999910593033,-0.008939213119447231,0.0,0.0
0.0,,0.10249999910593033,-0.011918950825929642,0.0,0.0
0.0,,0.09624999761581421,-0.008939213119447231,0.0,0.0
0.0,,0.10125000029802322,-0.008939213119447231,0.0,0.0
0.0,,0.10249999910593033,-0.008939213119447231,0.0,0.0
0.0,,0.09874999523162842,-0.011918950825929642,0.0,0.0
0.0,,0.09874999523162842,-0.011918950825929642,0.0,0.0
0.0,,0.09874999523162842,-0.008939213119447231,0.0,0.0
0.0,,0.09624999761581421,-0.008939213119447231,0.0,0.0
0.0,,0.09624999761581421,-0.008939213119447231,0.0,0.0
0.0,,0.09624999761581421,-0.008939213119447231,0.0,0.0
0.0,,0.0912499949336052,-0.011918950825929642,0.0,0.0
0.0,,0.09375,-0.011918950825929642,0.0,0.0
0.0,,0.09624999761581421,-0.008939213119447231,0.0,0.0
0.0,,0.09749999642372131,-0.008939213119447231,0.0,0.0
0.0,,0.0912499949336052,-0.008939213119447231,0.0,0.0
0.0,,0.10249999910593033,-0.011918950825929642,0.0,0.0
0.0,,0.09999999403953552,-0.008939213119447231,0.0,0.0
0.0,,0.10125000029802322,-0.008939213119447231,0.0,0.0
0.0,,0.09999999403953552,-0.011918950825929642,0.0,0.0
0.0,,0.09874999523162842,-0.008939213119447231,0.0,0.0
0.0,,0.09999999403953552,-0.008939213119447231,0.0,0.0
0.0,,0.10125000029802322,-0.011918950825929642,0.0,0.0
0.0,,0.09999999403953552,-0.005959475412964821,0.0,0.0
0.0,,0.09749999642372131,-0.005959475412964821,0.0,0.0
0.0,,0.09999999403953552,-0.011918950825929642,0.0,0.0
0.0,,0.09874999523162842,-0.011918950825929642,0.0,0.0
0.0,,0.09874999523162842,-0.008939213119447231,0.0,0.0
0.0,,0.09874999523162842,-0.011918950825929642,0.0,0.0
0.0,,0.10125000029802322,-0.008939213119447231,0.0,0.0
0.0,,0.09624999761581421,-0.008939213119447231,0.0,0.0
0.0,,0.09874999523162842,-0.011918950825929642,0.0,0.0
0.0,,0.09999999403953552,-0.008939213119447231,0.0,0.0
0.0,,0.09624999761581421,-0.011918950825929642,0.0,0.0
0.0,,0.09874999523162842,-0.011918950825929642,0.0,0.0
0.0,,0.09749999642372131,-0.008939213119447231,0.0,0.0
0.0,,0.0912499949336052,-0.008939213119447231,0.0,0.0
0.0,,0.0925000011920929,-0.011918950825929642,0.0,0.0
0.0,,0.0949999988079071,-0.008939213119447231,0.0,0.0
0.0,,0.09624999761581421,-0.011918950825929642,0.0,0.0
0.0,,0.09749999642372131,-0.008939213119447231,0.0,0.0
0.0,,0.09624999761581421,-0.008939213119447231,0.0,0.0
0.0,,0.09749999642372131,-0.008939213119447231,0.0,0.0
0.0,,0.09749999642372131,-0.008939213119447231,0.0,0.0
0.0,,0.09375,-0.008939213119447231,0.0,0.0
0.0,,0.09624999761581421,-0.008939213119447231,0.0,0.0
0.0,,0.09749999642372131,-0.008939213119447231,0.0,0.0
0.0,,0.0949999988079071,-0.008939213119447231,0.0,0.0
0.0,,0.09624999761581421,-0.011918950825929642,0.0,0.0
0.0,,0.09749999642372131,-0.011918950825929642,0.0,0.0
0.0,,0.09375,-0.008939213119447231,0.0,0.0
0.0,,0.09749999642372131,-0.011918950825929642,0.0,0.0
0.0,,0.09624999761581421,-0.008939213119447231,0.0,0.0
0.0,,0.0925000011920929,-0.011918950825929642,0.0,0.0
0.0,,0.0925000011920929,-0.011918950825929642,0.0,0.0
0.0,,0.0949999988079071,-0.005959475412964821,0.0,0.0
0.0,,0.0949999988079071,-0.011918950825929642,0.0,0.0
0.0,,0.0925000011920929,-0.008939213119447231,0.0,0.0
0.0,,0.0949999988079071,-0.014898688532412052,0.0,0.0
0.0,,0.0949999988079071,-0.008939213119447231,0.0,0.0
0.0,,0.08874999731779099,-0.011918950825929642,0.0,0.0
0.0,,0.08999999612569809,-0.008939213119447231,0.0,0.0
0.0,,0.08749999850988388,-0.011918950825929642,0.0,0.0
0.0,,0.08749999850988388,-0.011918950825929642,0.0,0.0
0.0,,0.0912499949336052,-0.011918950825929642,0.0,0.0
0.0,,0.08999999612569809,-0.008939213119447231,0.0,0.0
0.0,,0.0912499949336052,-0.011918950825929642,0.0,0.0
0.0,,0.09375,-0.008939213119447231,0.0,0.0
0.0,,0.0925000011920929,-0.008939213119447231,0.0,0.0
0.0,,0.08874999731779099,-0.011918950825929642,0.0,0.0
0.0,,0.09375,-0.011918950825929642,0.0,0.0
0.0,,0.0912499949336052,-0.008939213119447231,0.0,0.0
0.0,,0.08999999612569809,-0.008939213119447231,0.0,0.0
0.0,,0.0925000011920929,-0.008939213119447231,0.0,0.0
0.0,,0.09375,-0.008939213119447231,0.0,0.0
0.0,,0.09375,-0.008939213119447231,0.0,0.0
0.0,,0.0912499949336052,-0.008939213119447231,0.0,0.0
0.0,,0.0912499949336052,-0.005959475412964821,0.0,0.0
0.0,,0.08624999970197678,-0.005959475412964821,0.0,0.0
0.0,,0.0949999988079071,-0.008939213119447231,0.0,0.0
0.0,,0.09375,-0.005959475412964821,0.0,0.0
0.0,,0.0925000011920929,-0.008939213119447231,0.0,0.0
0.0,,0.09375,-0.005959475412964821,0.0,0.0
0.0,,0.0912499949336052,-0.011918950825929642,0.0,0.0
0.0,,0.0925000011920929,-0.011918950825929642,0.0,0.0
0.0,,0.0912499949336052,-0.008939213119447231,0.0,0.0
0.0,,0.0925000011920929,-0.008939213119447231,0.0,0.0
0.0,,0.09375,-0.008939213119447231,0.0,0.0
0.0,,0.0912499949336052,-0.011918950825929642,0.0,0.0
0.0,,0.0912499949336052,-0.008939213119447231,0.0,0.0
0.0,,0.0925000011920929,-0.011918950825929642,0.0,0.0
0.0,,0.0925000011920929,-0.011918950825929642,0.0,0.0
0.0,,0.0925000011920929,-0.008939213119447231,0.0,0.0
0.0,,0.0925000011920929,-0.011918950825929642,0.0,0.0
0.0,,0.0925000011920929,-0.008939213119447231,0.0,0.0
0.0,,0.0925000011920929,-0.008939213119447231,0.0,0.0
0.0,,0.0925000011920929,-0.008939213119447231,0.0,0.0
0.0,,0.08999999612569809,-0.008939213119447231,0.0,0.0
0.0,,0.0925000011920929,-0.005959475412964821,0.0,0.0
0.0,,0.08999999612569809,-0.008939213119447231,0.0,0.0
0.0,,0.0912499949336052,-0.008939213119447231,0.0,0.0
0.0,,0.08999999612569809,-0.011918950825929642,0.0,0.0
0.0,,0.0912499949336052,-0.011918950825929642,0.0,0.0
0.0,,0.0912499949336052,-0.008939213119447231,0.0,0.0
0.0,,0.08999999612569809,-0.011918950825929642,0.0,0.0
0.0,,0.08874999731779099,-0.008939213119447231,0.0,0.0
0.0,,0.08874999731779099,-0.008939213119447231,0.0,0.0
0.0,,0.08999999612569809,-0.011918950825929642,0.0,0.0
0.0,,0.0912499949336052,-0.008939213119447231,0.0,0.0
0.0,,0.0912499949336052,-0.008939213119447231,0.0,0.0
0.0,,0.08999999612569809,-0.008939213119447231,0.0,0.0
0.0,,0.08999999612569809,-0.008939213119447231,0.0,0.0
0.0,,0.08999999612569809,-0.008939213119447231,0.0,0.0
0.0,,0.08874999731779099,-0.014898688532412052,0.0,0.0
0.0,,0.08874999731779099,-0.005959475412964821,0.0,0.0
0.0,,0.08999999612569809,-0.011918950825929642,0.0,0.0
0.0,,0.0912499949336052,-0.005959475412964821,0.0,0.0
0.0,,0.08874999731779099,-0.011918950825929642,0.0,0.0
0.0,,0.08999999612569809,-0.005959475412964821,0.0,0.0
0.0,,0.08999999612569809,-0.011918950825929642,0.0,0.0
0.0,,0.08749999850988388,-0.005959475412964821,0.0,0.0
0.0,,0.08874999731779099,-0.008939213119447231,0.0,0.0
0.0,,0.08874999731779099,-0.008939213119447231,0.0,0.0
0.0,,0.08999999612569809,-0.011918950825929642,0.0,0.0
0.0,,0.08249999582767487,-0.008939213119447231,0.0,0.0
0.0,,0.08874999731779099,-0.008939213119447231,0.0,0.0
0.0,,0.08874999731779099,-0.011918950825929642,0.0,0.0
0.0,,0.08374999463558197,-0.008939213119447231,0.0,0.0
0.0,,0.07874999940395355,-0.008939213119447231,0.0,0.0
0.0,,0.08624999970197678,-0.005959475412964821,0.0,0.0
0.0,,0.08874999731779099,-0.011918950825929642,0.0,0.0
0.0,,0.08624999970197678,-0.008939213119447231,0.0,0.0
0.0,,0.08124999701976776,-0.011918950825929642,0.0,0.0
0.0,,0.07999999821186066,-0.008939213119447231,0.0,0.0
0.0,,0.08249999582767487,-0.011918950825929642,0.0,0.0
0.0,,0.08500000089406967,-0.008939213119447231,0.0,0.0
0.0,,0.08749999850988388,-0.014898688532412052,0.0,0.0
0.0,,0.08749999850988388,-0.008939213119447231,0.0,0.0
0.0,,0.08624999970197678,-0.011918950825929642,0.0,0.0
0.0,,0.08624999970197678,-0.008939213119447231,0.0,0.0
0.0,,0.08874999731779099,-0.011918950825929642,0.0,0.0
0.0,,0.08374999463558197,-0.008939213119447231,0.0,0.0
0.0,,0.08500000089406967,-0.008939213119447231,0.0,0.0
0.0,,0.07874999940395355,-0.011918950825929642,0.0,0.0
0.0,,0.08124999701976776,-0.008939213119447231,0.0,0.0
0.0,,0.08749999850988388,-0.008939213119447231,0.0,0.0
0.0,,0.08624999970197678,-0.008939213119447231,0.0,0.0
0.0,,0.07750000059604645,-0.011918950825929642,0.0,0.0
0.0,,0.08624999970197678,-0.014898688532412052,0.0,0.0
0.0,,0.07124999910593033,-0.011918950825929642,0.0,0.0
0.0,,0.07874999940395355,-0.008939213119447231,0.0,0.0
0.0,,0.08124999701976776,-0.008939213119447231,0.0,0.0
0.0,,0.08374999463558197,-0.008939213119447231,0.0,0.0
0.0,,0.08374999463558197,-0.011918950825929642,0.0,0.0
0.0,,0.07999999821186066,-0.008939213119447231,0.0,0.0
0.0,,0.08249999582767487,-0.008939213119447231,0.0,0.0
0.0,,0.08249999582767487,-0.011918950825929642,0.0,0.0
0.0,,0.08374999463558197,-0.008939213119447231,0.0,0.0
0.0,,0.08374999463558197,-0.005959475412964821,0.0,0.0
0.0,,0.08624999970197678,-0.011918950825929642,0.0,0.0
0.0,,0.08500000089406967,-0.008939213119447231,0.0,0.0
0.0,,0.08500000089406967,-0.008939213119447231,0.0,0.0
0.0,,0.08500000089406967,-0.008939213119447231,0.0,0.0
0.0,,0.08500000089406967,-0.011918950825929642,0.0,0.0
0.0,,0.08500000089406967,-0.011918950825929642,0.0,0.0
0.0,,0.08624999970197678,-0.008939213119447231,0.0,0.0
0.0,,0.08249999582767487,-0.008939213119447231,0.0,0.0
0.0,,0.08374999463558197,-0.011918950825929642,0.0,0.0
0.0,,0.08500000089406967,-0.011918950825929642,0.0,0.0
0.0,,0.08500000089406967,-0.008939213119447231,0.0,0.0
0.0,,0.08374999463558197,-0.008939213119447231,0.0,0.0
0.0,,0.08374999463558197,-0.011918950825929642,0.0,0.0
0.0,,0.08249999582767487,-0.008939213119447231,0.0,0.0
0.0,,0.08249999582767487,-0.011918950825929642,0.0,0.0
0.0,,0.08500000089406967,-0.011918950825929642,0.0,0.0
0.0,,0.08374999463558197,-0.008939213119447231,0.0,0.0
0.0,,0.08124999701976776,-0.011918950825929642,0.0,0.0
0.0,,0.08374999463558197,-0.011918950825929642,0.0,0.0
0.0,,0.08374999463558197,-0.011918950825929642,0.0,0.0
0.0,,0.08124999701976776,-0.011918950825929642,0.0,0.0
0.0,,0.07999999821186066,-0.005959475412964821,0.0,0.0
0.0,,0.08374999463558197,-0.008939213119447231,0.0,0.0
0.0,,0.08124999701976776,-0.008939213119447231,0.0,0.0
0.0,,0.08874999731779099,-0.011918950825929642,0.0,0.0
0.0,,0.08500000089406967,-0.008939213119447231,0.0,0.0
0.0,,0.08249999582767487,-0.008939213119447231,0.0,0.0
0.0,,0.08500000089406967,-0.008939213119447231,0.0,0.0
0.0,,0.08374999463558197,-0.008939213119447231,0.0,0.0
0.0,,0.08249999582767487,-0.011918950825929642,0.0,0.0
0.0,,0.08249999582767487,-0.011918950825929642,0.0,0.0
0.0,,0.08249999582767487,-0.011918950825929642,0.0,0.0
0.0,,0.08249999582767487,-0.008939213119447231,0.0,0.0
0.0,,0.08124999701976776,-0.011918950825929642,0.0,0.0
0.0,,0.08249999582767487,-0.008939213119447231,0.0,0.0
0.0,,0.08374999463558197,-0.008939213119447231,0.0,0.0
0.0,,0.07874999940395355,-0.011918950825929642,0.0,0.0
0.0,,0.08249999582767487,-0.008939213119447231,0.0,0.0
0.0,,0.08249999582767487,-0.008939213119447231,0.0,0.0
0.0,,0.08624999970197678,-0.011918950825929642,0.0,0.0
0.0,,0.07999999821186066,-0.011918950825929642,0.0,0.0
0.0,,0.08249999582767487,-0.011918950825929642,0.0,0.0
0.0,,0.07874999940395355,-0.008939213119447231,0.0,0.0
0.0,,0.07249999791383743,-0.008939213119447231,0.0,0.0
0.0,,0.07374999672174454,-0.011918950825929642,0.0,0.0
0.0,,0.07625000178813934,-0.008939213119447231,0.0,0.0
0.0,,0.07499999552965164,-0.008939213119447231,0.0,0.0
0.0,,0.07374999672174454,-0.011918950825929642,0.0,0.0
0.0,,0.07124999910593033,-0.008939213119447231,0.0,0.0
0.0,,0.07874999940395355,-0.008939213119447231,0.0,0.0
0.0,,0.07874999940395355,-0.008939213119447231,0.0,0.0
0.0,,0.08249999582767487,-0.008939213119447231,0.0,0.0
0.0,,0.08124999701976776,-0.008939213119447231,0.0,0.0
0.0,,0.08249999582767487,-0.008939213119447231,0.0,0.0
0.0,,0.08124999701976776,-0.011918950825929642,0.0,0.0
0.0,,0.08124999701976776,-0.011918950825929642,0.0,0.0
0.0,,0.07999999821186066,-0.011918950825929642,0.0,0.0
0.0,,0.07874999940395355,-0.011918950825929642,0.0,0.0
0.0,,0.07874999940395355,-0.014898688532412052,0.0,0.0
0.0,,0.07499999552965164,-0.011918950825929642,0.0,0.0
0.0,,0.07499999552965164,-0.011918950825929642,0.0,0.0
0.0,,0.07999999821186066,-0.008939213119447231,0.0,0.0
0.0,,0.07750000059604645,-0.008939213119447231,0.0,0.0
0.0,,0.07999999821186066,-0.011918950825929642,0.0,0.0
0.0,,0.07999999821186066,-0.011918950825929642,0.0,0.0
0.0,,0.07625000178813934,-0.011918950825929642,0.0,0.0
0.0,,0.07625000178813934,-0.008939213119447231,0.0,0.0
0.0,,0.07874999940395355,-0.011918950825929642,0.0,0.0
0.0,,0.07000000029802322,-0.008939213119447231,0.0,0.0
0.0,,0.07499999552965164,-0.011918950825929642,0.0,0.0
0.0,,0.07249999791383743,-0.008939213119447231,0.0,0.0
0.0,,0.07374999672174454,-0.005959475412964821,0.0,0.0
0.0,,0.07750000059604645,-0.008939213119447231,0.0,0.0
0.0,,0.07874999940395355,-0.005959475412964821,0.0,0.0
0.0,,0.07625000178813934,-0.005959475412964821,0.0,0.0
0.0,,0.07625000178813934,-0.008939213119447231,0.0,0.0
0.0,,0.07625000178813934,-0.011918950825929642,0.0,0.0
0.0,,0.07499999552965164,-0.011918950825929642,0.0,0.0
0.0,,0.08124999701976776,-0.011918950825929642,0.0,0.0
0.0,,0.08249999582767487,-0.011918950825929642,0.0,0.0
0.0,,0.07750000059604645,-0.008939213119447231,0.0,0.0
0.0,,0.07874999940395355,-0.011918950825929642,0.0,0.0
0.0,,0.07625000178813934,-0.011918950825929642,0.0,0.0
0.0,,0.07499999552965164,-0.008939213119447231,0.0,0.0
0.0,,0.07750000059604645,-0.011918950825929642,0.0,0.0
0.0,,0.07000000029802322,-0.008939213119447231,0.0,0.0
0.0,,0.07124999910593033,-0.008939213119447231,0.0,0.0
0.0,,0.07249999791383743,-0.008939213119447231,0.0,0.0
0.0,,0.07499999552965164,-0.008939213119447231,0.0,0.0
0.0,,0.07249999791383743,-0.008939213119447231,0.0,0.0
0.0,,0.07374999672174454,-0.008939213119447231,0.0,0.0
0.0,,0.07000000029802322,-0.011918950825929642,0.0,0.0
0.0,,0.07874999940395355,-0.008939213119447231,0.0,0.0
0.0,,0.07124999910593033,-0.008939213119447231,0.0,0.0
0.0,,0.07499999552965164,-0.008939213119447231,0.0,0.0
0.0,,0.07374999672174454,-0.005959475412964821,0.0,0.0
0.0,,0.07499999552965164,-0.008939213119447231,0.0,0.0
0.0,,0.07625000178813934,-0.008939213119447231,0.0,0.0
0.0,,0.07750000059604645,-0.008939213119447231,0.0,0.0
0.0,,0.07750000059604645,-0.011918950825929642,0.0,0.0
0.0,,0.07750000059604645,-0.008939213119447231,0.0,0.0
0.0,,0.07499999552965164,-0.005959475412964821,0.0,0.0
0.0,,0.07374999672174454,-0.008939213119447231,0.0,0.0
0.0,,0.07874999940395355,-0.008939213119447231,0.0,0.0
0.0,,0.07750000059604645,-0.008939213119447231,0.0,0.0
0.0,,0.07625000178813934,-0.008939213119447231,0.0,0.0
0.0,,0.07750000059604645,-0.011918950825929642,0.0,0.0
0.0,,0.07750000059604645,-0.008939213119447231,0.0,0.0
0.0,,0.07374999672174454,-0.008939213119447231,0.0,0.0
0.0,,0.07000000029802322,-0.008939213119447231,0.0,0.0
0.0,,0.07625000178813934,-0.008939213119447231,0.0,0.0
0.0,,0.07374999672174454,-0.011918950825929642,0.0,0.0
0.0,,0.07499999552965164,-0.008939213119447231,0.0,0.0
0.0,,0.07499999552965164,-0.011918950825929642,0.0,0.0
0.0,,0.07499999552965164,-0.005959475412964821,0.0,0.0
0.0,,0.07374999672174454,-0.008939213119447231,0.0,0.0
0.0,,0.07124999910593033,-0.008939213119447231,0.0,0.0
0.0,,0.07374999672174454,-0.011918950825929642,0.0,0.0
0.0,,0.07625000178813934,-0.005959475412964821,0.0,0.0
0.0,,0.07249999791383743,-0.008939213119447231,0.0,0.0
0.0,,0.07000000029802322,-0.008939213119447231,0.0,0.0
0.0,,0.07499999552965164,-0.008939213119447231,0.0,0.0
0.0,,0.07625000178813934,-0.008939213119447231,0.0,0.0
0.0,,0.07374999672174454,-0.011918950825929642,0.0,0.0
0.0,,0.07499999552965164,-0.011918950825929642,0.0,0.0
0.0,,0.07625000178813934,-0.008939213119447231,0.0,0.0
0.0,,0.07499999552965164,-0.011918950825929642,0.0,0.0
0.0,,0.07374999672174454,-0.011918950825929642,0.0,0.0
0.0,,0.07499999552965164,-0.008939213119447231,0.0,0.0
0.0,,0.07625000178813934,-0.011918950825929642,0.0,0.0
0.0,,0.07000000029802322,-0.008939213119447231,0.0,0.0
0.0,,0.07499999552965164,-0.008939213119447231,0.0,0.0
0.0,,0.07499999552965164,-0.008939213119447231,0.0,0.0
0.0,,0.07499999552965164,-0.008939213119447231,0.0,0.0
0.0,,0.07374999672174454,-0.011918950825929642,0.0,0.0
0.0,,0.07374999672174454,-0.005959475412964821,0.0,0.0
0.0,,0.07374999672174454,-0.011918950825929642,0.0,0.0
0.0,,0.07249999791383743,-0.008939213119447231,0.0,0.0
0.0,,0.07374999672174454,-0.008939213119447231,0.0,0.0
0.0,,0.07374999672174454,-0.008939213119447231,0.0,0.0
0.0,,0.07124999910593033,-0.011918950825929642,0.0,0.0
0.0,,0.07249999791383743,-0.008939213119447231,0.0,0.0
0.0,,0.07000000029802322,-0.005959475412964821,0.0,0.0
0.0,,0.06624999642372131,-0.008939213119447231,0.0,0.0
0.0,,0.07000000029802322,-0.011918950825929642,0.0,0.0
0.0,,0.07249999791383743,-0.008939213119447231,0.0,0.0
0.0,,0.07499999552965164,-0.008939213119447231,0.0,0.0
0.0,,0.07249999791383743,-0.011918950825929642,0.0,0.0
0.0,,0.07499999552965164,-0.011918950825929642,0.0,0.0
0.0,,0.07249999791383743,-0.008939213119447231,0.0,0.0
0.0,,0.07374999672174454,-0.008939213119447231,0.0,0.0
0.0,,0.07374999672174454,-0.011918950825929642,0.0,0.0
0.0,,0.07124999910593033,-0.011918950825929642,0.0,0.0
0.0,,0.07499999552965164,-0.008939213119447231,0.0,0.0
0.0,,0.07000000029802322,-0.008939213119447231,0.0,0.0
0.0,,0.07249999791383743,-0.011918950825929642,0.0,0.0
0.0,,0.07374999672174454,-0.008939213119447231,0.0,0.0
0.0,,0.07249999791383743,-0.008939213119447231,0.0,0.0
0.0,,0.06875000149011612,-0.011918950825929642,0.0,0.0
0.0,,0.07374999672174454,-0.011918950825929642,0.0,0.0
0.0,,0.07374999672174454,-0.011918950825929642,0.0,0.0
0.0,,0.07124999910593033,-0.008939213119447231,0.0,0.0
0.0,,0.07374999672174454,-0.011918950825929642,0.0,0.0
0.0,,0.07249999791383743,-0.008939213119447231,0.0,0.0
0.0,,0.07374999672174454,-0.008939213119447231,0.0,0.0
0.0,,0.07124999910593033,-0.008939213119447231,0.0,0.0
0.0,,0.06624999642372131,-0.011918950825929642,0.0,0.0
0.0,,0.06875000149011612,-0.008939213119447231,0.0,0.0
0.0,,0.06749999523162842,-0.008939213119447231,0.0,0.0
0.0,,0.07249999791383743,-0.008939213119447231,0.0,0.0
0.0,,0.07124999910593033,-0.008939213119447231,0.0,0.0
0.0,,0.07124999910593033,-0.008939213119447231,0.0,0.0
0.0,,0.07124999910593033,-0.008939213119447231,0.0,0.0
0.0,,0.07374999672174454,-0.008939213119447231,0.0,0.0
0.0,,0.07000000029802322,-0.008939213119447231,0.0,0.0
0.0,,0.06875000149011612,-0.008939213119447231,0.0,0.0
0.0,,0.07000000029802322,-0.008939213119447231,0.0,0.0
0.0,,0.07374999672174454,-0.011918950825929642,0.0,0.0
0.0,,0.06749999523162842,-0.008939213119447231,0.0,0.0
0.0,,0.057499997317790985,-0.014898688532412052,0.0,0.0
0.0,,0.07124999910593033,-0.008939213119447231,0.0,0.0
0.0,,0.0637499988079071,-0.011918950825929642,0.0,0.0
0.0,,0.07000000029802322,-0.008939213119447231,0.0,0.0
0.0,,0.07374999672174454,-0.011918950825929642,0.0,0.0
0.0,,0.06624999642372131,-0.011918950825929642,0.0,0.0
0.0,,0.06875000149011612,-0.008939213119447231,0.0,0.0
0.0,,0.06749999523162842,-0.008939213119447231,0.0,0.0
0.0,,0.07124999910593033,-0.008939213119447231,0.0,0.0
0.0,,0.06875000149011612,-0.008939213119447231,0.0,0.0
0.0,,0.07249999791383743,-0.008939213119447231,0.0,0.0
0.0,,0.0637499988079071,-0.008939213119447231,0.0,0.0
0.0,,0.07249999791383743,-0.008939213119447231,0.0,0.0
0.0,,0.06875000149011612,-0.011918950825929642,0.0,0.0
0.0,,0.07124999910593033,-0.008939213119447231,0.0,0.0
0.0,,0.07000000029802322,-0.011918950825929642,0.0,0.0
0.0,,0.07249999791383743,-0.011918950825929642,0.0,0.0
0.0,,0.07124999910593033,-0.008939213119447231,0.0,0.0
0.0,,0.07000000029802322,-0.014898688532412052,0.0,0.0
0.0,,0.07124999910593033,-0.008939213119447231,0.0,0.0
0.0,,0.07124999910593033,-0.008939213119447231,0.0,0.0
0.0,,0.07124999910593033,-0.008939213119447231,0.0,0.0
0.0,,0.07124999910593033,-0.005959475412964821,0.0,0.0
0.0,,0.07000000029802322,-0.011918950825929642,0.0,0.0
0.0,,0.07000000029802322,-0.011918950825929642,0.0,0.0
0.0,,0.07000000029802322,-0.008939213119447231,0.0,0.0
0.0,,0.06875000149011612,-0.008939213119447231,0.0,0.0
0.0,,0.07124999910593033,-0.014898688532412052,0.0,0.0
0.0,,0.07124999910593033,-0.008939213119447231,0.0,0.0
0.0,,0.07000000029802322,-0.008939213119447231,0.0,0.0
0.0,,0.06875000149011612,-0.011918950825929642,0.0,0.0
0.0,,0.07000000029802322,-0.011918950825929642,0.0,0.0
0.0,,0.06875000149011612,-0.008939213119447231,0.0,0.0
0.0,,0.07000000029802322,-0.008939213119447231,0.0,0.0
0.0,,0.06875000149011612,-0.011918950825929642,0.0,0.0
0.0,,0.07000000029802322,-0.011918950825929642,0.0,0.0
0.0,,0.06875000149011612,-0.011918950825929642,0.0,0.0
0.0,,0.07000000029802322,-0.008939213119447231,0.0,0.0
0.0,,0.06875000149011612,-0.011918950825929642,0.0,0.0
0.0,,0.06875000149011612,-0.008939213119447231,0.0,0.0
0.0,,0.07000000029802322,-0.011918950825929642,0.0,0.0
0.0,,0.07000000029802322,-0.008939213119447231,0.0,0.0
0.0,,0.06875000149011612,-0.008939213119447231,0.0,0.0
0.0,,0.07000000029802322,-0.011918950825929642,0.0,0.0
0.0,,0.06875000149011612,-0.011918950825929642,0.0,0.0
0.0,,0.07000000029802322,-0.008939213119447231,0.0,0.0
0.0,,0.06875000149011612,-0.008939213119447231,0.0,0.0
0.0,,0.06875000149011612,-0.011918950825929642,0.0,0.0
0.0,,0.06875000149011612,-0.008939213119447231,0.0,0.0
0.0,,0.06875000149011612,-0.008939213119447231,0.0,0.0
0.0,,0.06875000149011612,-0.011918950825929642,0.0,0.0
0.0,,0.06875000149011612,-0.005959475412964821,0.0,0.0
0.0,,0.06749999523162842,-0.005959475412964821,0.0,0.0
0.0,,0.06875000149011612,-0.011918950825929642,0.0,0.0
0.0,,0.06749999523162842,-0.008939213119447231,0.0,0.0
0.0,,0.0637499988079071,-0.011918950825929642,0.0,0.0
0.0,,0.06499999761581421,-0.008939213119447231,0.0,0.0
0.0,,0.06749999523162842,-0.008939213119447231,0.0,0.0
0.0,,0.06749999523162842,-0.011918950825929642,0.0,0.0
0.0,,0.06875000149011612,-0.011918950825929642,0.0,0.0
0.0,,0.06875000149011612,-0.011918950825929642,0.0,0.0
0.0,,0.06875000149011612,-0.011918950825929642,0.0,0.0
0.0,,0.06624999642372131,-0.014898688532412052,0.0,0.0
0.0,,0.06749999523162842,-0.011918950825929642,0.0,0.0
0.0,,0.06875000149011612,-0.008939213119447231,0.0,0.0
0.0,,0.06749999523162842,-0.011918950825929642,0.0,0.0
0.0,,0.06749999523162842,-0.008939213119447231,0.0,0.0
0.0,,0.06875000149011612,-0.008939213119447231,0.0,0.0
0.0,,0.06875000149011612,-0.008939213119447231,0.0,0.0
0.0,,0.06624999642372131,-0.011918950825929642,0.0,0.0
0.0,,0.06749999523162842,-0.011918950825929642,0.0,0.0
0.0,,0.06749999523162842,-0.008939213119447231,0.0,0.0
0.0,,0.06875000149011612,-0.011918950825929642,0.0,0.0
0.0,,0.06749999523162842,-0.008939213119447231,0.0,0.0
0.0,,0.06875000149011612,-0.008939213119447231,0.0,0.0
0.0,,0.06749999523162842,-0.008939213119447231,0.0,0.0
0.0,,0.06624999642372131,-0.008939213119447231,0.0,0.0
0.0,,0.06749999523162842,-0.008939213119447231,0.0,0.0
0.0,,0.06624999642372131,-0.008939213119447231,0.0,0.0
0.0,,0.06499999761581421,-0.008939213119447231,0.0,0.0
0.0,,0.06624999642372131,-0.008939213119447231,0.0,0.0
0.0,,0.06749999523162842,-0.008939213119447231,0.0,0.0
0.0,,0.06499999761581421,-0.008939213119447231,0.0,0.0
0.0,,0.06624999642372131,-0.011918950825929642,0.0,0.0
0.0,,0.0637499988079071,-0.011918950825929642,0.0,0.0
0.0,,0.06749999523162842,-0.011918950825929642,0.0,0.0
0.0,,0.06624999642372131,-0.008939213119447231,0.0,0.0
0.0,,0.06624999642372131,-0.008939213119447231,0.0,0.0
0.0,,0.06875000149011612,-0.008939213119447231,0.0,0.0
0.0,,0.06749999523162842,-0.008939213119447231,0.0,0.0
0.0,,0.06624999642372131,-0.011918950825929642,0.0,0.0
0.0,,0.06749999523162842,-0.011918950825929642,0.0,0.0
0.0,,0.06875000149011612,-0.008939213119447231,0.0,0.0
0.0,,0.06749999523162842,-0.011918950825929642,0.0,0.0
0.0,,0.06624999642372131,-0.008939213119447231,0.0,0.0
0.0,,0.06749999523162842,-0.011918950825929642,0.0,0.0
0.0,,0.06624999642372131,-0.011918950825929642,0.0,0.0
0.0,,0.06624999642372131,-0.008939213119447231,0.0,0.0
0.0,,0.06499999761581421,-0.005959475412964821,0.0,0.0
0.0,,0.06624999642372131,-0.011918950825929642,0.0,0.0
0.0,,0.06624999642372131,-0.008939213119447231,0.0,0.0
0.0,,0.06624999642372131,-0.011918950825929642,0.0,0.0
0.0,,0.06624999642372131,-0.008939213119447231,0.0,0.0
0.0,,0.06624999642372131,-0.008939213119447231,0.0,0.0
0.0,,0.06624999642372131,-0.008939213119447231,0.0,0.0
0.0,,0.06499999761581421,-0.011918950825929642,0.0,0.0
0.0,,0.06499999761581421,-0.008939213119447231,0.0,0.0
0.0,,0.06499999761581421,-0.008939213119447231,0.0,0.0
0.0,,0.0637499988079071,-0.011918950825929642,0.0,0.0
0.0,,0.0637499988079071,-0.011918950825929642,0.0,0.0
0.0,,0.06499999761581421,-0.011918950825929642,0.0,0.0
0.0,,0.06624999642372131,-0.008939213119447231,0.0,0.0
0.0,,0.05999999865889549,-0.008939213119447231,0.0,0.0
0.0,,0.06499999761581421,-0.008939213119447231,0.0,0.0
0.0,,0.06499999761581421,-0.008939213119447231,0.0,0.0
0.0,,0.05874999985098839,-0.008939213119447231,0.0,0.0
0.0,,0.06749999523162842,-0.008939213119447231,0.0,0.0
0.0,,0.06499999761581421,-0.008939213119447231,0.0,0.0
0.0,,0.057499997317790985,-0.008939213119447231,0.0,0.0
0.0,,0.0637499988079071,-0.008939213119447231,0.0,0.0
0.0,,0.06499999761581421,-0.008939213119447231,0.0,0.0
0.0,,0.06499999761581421,-0.011918950825929642,0.0,0.0
0.0,,0.0637499988079071,-0.005959475412964821,0.0,0.0
0.0,,0.06749999523162842,-0.011918950825929642,0.0,0.0
0.0,,0.0637499988079071,-0.008939213119447231,0.0,0.0
0.0,,0.06624999642372131,-0.011918950825929642,0.0,0.0
0.0,,0.057499997317790985,-0.011918950825929642,0.0,0.0
0.0,,0.05874999985098839,-0.008939213119447231,0.0,0.0
0.0,,0.06499999761581421,-0.011918950825929642,0.0,0.0
0.0,,0.0625,-0.008939213119447231,0.0,0.0
0.0,,0.057499997317790985,-0.005959475412964821,0.0,0.0
0.0,,0.057499997317790985,-0.008939213119447231,0.0,0.0
0.0,,0.057499997317790985,-0.008939213119447231,0.0,0.0
0.0,,0.05374999716877937,-0.008939213119447231,0.0,0.0
0.0,,0.0637499988079071,-0.008939213119447231,0.0,0.0
0.0,,0.0625,-0.011918950825929642,0.0,0.0
0.0,,0.0625,-0.008939213119447231,0.0,0.0
0.0,,0.06499999761581421,-0.008939213119447231,0.0,0.0
0.0,,0.0637499988079071,-0.011918950825929642,0.0,0.0
0.0,,0.0637499988079071,-0.011918950825929642,0.0,0.0
0.0,,0.0625,-0.008939213119447231,0.0,0.0
0.0,,0.0625,-0.011918950825929642,0.0,0.0
0.0,,0.0625,-0.008939213119447231,0.0,0.0
0.0,,0.0637499988079071,-0.008939213119447231,0.0,0.0
0.0,,0.0637499988079071,-0.008939213119447231,0.0,0.0
0.0,,0.0637499988079071,-0.008939213119447231,0.0,0.0
0.0,,0.0637499988079071,-0.011918950825929642,0.0,0.0
0.0,,0.0637499988079071,-0.005959475412964821,0.0,0.0
0.0,,0.0637499988079071,-0.008939213119447231,0.0,0.0
0.0,,0.0637499988079071,-0.011918950825929642,0.0,0.0
0.0,,0.0637499988079071,-0.008939213119447231,0.0,0.0
0.0,,0.06499999761581421,-0.008939213119447231,0.0,0.0
0.0,,0.0625,-0.008939213119447231,0.0,0.0
0.0,,0.0637499988079071,-0.008939213119447231,0.0,0.0
0.0,,0.0625,-0.011918950825929642,0.0,0.0
0.0,,0.0625,-0.011918950825929642,0.0,0.0
0.0,,0.0625,-0.008939213119447231,0.0,0.0
0.0,,0.0637499988079071,-0.011918950825929642,0.0,0.0
0.0,,0.0637499988079071,-0.011918950825929642,0.0,0.0
0.0,,0.0637499988079071,-0.011918950825929642,0.0,0.0
0.0,,0.0625,-0.011918950825929642,0.0,0.0
0.0,,0.0637499988079071,-0.011918950825929642,0.0,0.0
0.0,,0.0637499988079071,-0.008939213119447231,0.0,0.0
0.0,,0.0625,-0.011918950825929642,0.0,0.0
0.0,,0.0637499988079071,-0.011918950825929642,0.0,0.0
0.0,,0.0637499988079071,-0.011918950825929642,0.0,0.0
0.0,,0.0625,-0.008939213119447231,0.0,0.0
0.0,,0.0637499988079071,-0.008939213119447231,0.0,0.0
0.0,,0.0625,-0.008939213119447231,0.0,0.0
0.0,,0.0625,-0.008939213119447231,0.0,0.0
0.0,,0.0625,-0.008939213119447231,0.0,0.0
0.0,,0.05999999865889549,-0.008939213119447231,0.0,0.0
0.0,,0.0625,-0.008939213119447231,0.0,0.0
0.0,,0.0625,-0.011918950825929642,0.0,0.0
0.0,,0.0625,-0.011918950825929642,0.0,0.0
0.0,,0.0625,-0.011918950825929642,0.0,0.0
0.0,,0.0612499974668026,-0.011918950825929642,0.0,0.0
0.0,,0.0612499974668026,-0.008939213119447231,0.0,0.0
0.0,,0.054999999701976776,-0.008939213119447231,0.0,0.0
0.0,,0.05999999865889549,-0.011918950825929642,0.0,0.0
0.0,,0.0637499988079071,-0.008939213119447231,0.0,0.0
0.0,,0.0625,-0.008939213119447231,0.0,0.0
0.0,,0.0625,-0.011918950825929642,0.0,0.0
0.0,,0.0625,-0.008939213119447231,0.0,0.0
0.0,,0.0625,-0.011918950825929642,0.0,0.0
0.0,,0.0612499974668026,-0.011918950825929642,0.0,0.0
0.0,,0.05874999985098839,-0.011918950825929642,0.0,0.0
0.0,,0.0625,-0.008939213119447231,0.0,0.0
0.0,,0.0625,-0.011918950825929642,0.0,0.0
0.0,,0.05999999865889549,-0.011918950825929642,0.0,0.0
0.0,,0.05999999865889549,-0.005959475412964821,0.0,0.0
0.0,,0.0625,-0.011918950825929642,0.0,0.0
0.0,,0.05874999985098839,-0.011918950825929642,0.0,0.0
0.0,,0.0612499974668026,-0.011918950825929642,0.0,0.0
0.0,,0.05999999865889549,-0.011918950825929642,0.0,0.0
0.0,,0.054999999701976776,-0.008939213119447231,0.0,0.0
0.0,,0.05624999850988388,-0.008939213119447231,0.0,0.0
0.0,,0.05374999716877937,-0.008939213119447231,0.0,0.0
0.0,,0.0612499974668026,-0.008939213119447231,0.0,0.0
0.0,,0.054999999701976776,-0.008939213119447231,0.0,0.0
0.0,,0.054999999701976776,-0.008939213119447231,0.0,0.0
0.0,,0.05374999716877937,-0.008939213119447231,0.0,0.0
0.0,,0.05999999865889549,-0.008939213119447231,0.0,0.0
0.0,,0.057499997317790985,-0.011918950825929642,0.0,0.0
0.0,,0.05624999850988388,-0.008939213119447231,0.0,0.0
0.0,,0.057499997317790985,-0.011918950825929642,0.0,0.0
0.0,,0.05874999985098839,-0.005959475412964821,0.0,0.0
0.0,,0.05999999865889549,-0.008939213119447231,0.0,0.0
0.0,,0.0612499974668026,-0.008939213119447231,0.0,0.0
0.0,,0.05999999865889549,-0.008939213119447231,0.0,0.0
0.0,,0.05874999985098839,-0.008939213119447231,0.0,0.0
0.0,,0.05999999865889549,-0.011918950825929642,0.0,0.0
0.0,,0.05999999865889549,-0.011918950825929642,0.0,0.0
0.0,,0.0612499974668026,-0.011918950825929642,0.0,0.0
0.0,,0.057499997317790985,-0.011918950825929642,0.0,0.0
0.0,,0.05999999865889549,-0.008939213119447231,0.0,0.0
0.0,,0.05874999985098839,-0.008939213119447231,0.0,0.0
0.0,,0.0625,-0.011918950825929642,0.0,0.0
0.0,,0.05624999850988388,-0.005959475412964821,0.0,0.0
0.0,,0.05999999865889549,-0.008939213119447231,0.0,0.0
0.0,,0.05999999865889549,-0.011918950825929642,0.0,0.0
0.0,,0.05374999716877937,-0.008939213119447231,0.0,0.0
0.0,,0.057499997317790985,-0.008939213119447231,0.0,0.0
0.0,,0.05374999716877937,-0.011918950825929642,0.0,0.0
0.0,,0.05624999850988388,-0.008939213119447231,0.0,0.0
0.0,,0.0625,-0.011918950825929642,0.0,0.0
0.0,,0.057499997317790985,-0.008939213119447231,0.0,0.0
0.0,,0.05624999850988388,-0.008939213119447231,0.0,0.0
0.0,,0.04999999701976776,-0.008939213119447231,0.0,0.0
0.0,,0.044999998062849045,-0.008939213119447231,0.0,0.0
0.0,,0.051249999552965164,-0.008939213119447231,0.0,0.0
0.0,,0.05374999716877937,-0.011918950825929642,0.0,0.0
0.0,,0.051249999552965164,-0.011918950825929642,0.0,0.0
0.0,,0.05874999985098839,-0.008939213119447231,0.0,0.0
0.0,,0.057499997317790985,-0.011918950825929642,0.0,0.0
0.0,,0.057499997317790985,-0.008939213119447231,0.0,0.0
0.0,,0.057499997317790985,-0.005959475412964821,0.0,0.0
0.0,,0.05624999850988388,-0.008939213119447231,0.0,0.0
0.0,,0.05624999850988388,-0.011918950825929642,0.0,0.0
0.0,,0.054999999701976776,-0.008939213119447231,0.0,0.0
0.0,,0.05999999865889549,-0.008939213119447231,0.0,0.0
0.0,,0.05999999865889549,-0.008939213119447231,0.0,0.0
0.0,,0.05874999985098839,-0.008939213119447231,0.0,0.0
0.0,,0.05999999865889549,-0.008939213119447231,0.0,0.0
0.0,,0.057499997317790985,-0.008939213119447231,0.0,0.0
0.0,,0.05874999985098839,-0.008939213119447231,0.0,0.0
0.0,,0.05999999865889549,-0.011918950825929642,0.0,0.0
0.0,,0.05874999985098839,-0.011918950825929642,0.0,0.0
0.0,,0.05999999865889549,-0.011918950825929642,0.0,0.0
0.0,,0.05999999865889549,-0.008939213119447231,0.0,0.0
0.0,,0.05874999985098839,-0.011918950825929642,0.0,0.0
0.0,,0.05999999865889549,-0.008939213119447231,0.0,0.0
0.0,,0.057499997317790985,-0.008939213119447231,0.0,0.0
0.0,,0.05999999865889549,-0.008939213119447231,0.0,0.0
0.0,,0.057499997317790985,-0.011918950825929642,0.0,0.0
0.0,,0.057499997317790985,-0.008939213119447231,0.0,0.0
0.0,,0.05874999985098839,-0.011918950825929642,0.0,0.0
0.0,,0.05874999985098839,-0.011918950825929642,0.0,0.0
0.0,,0.05874999985098839,-0.008939213119447231,0.0,0.0
0.0,,0.05874999985098839,-0.011918950825929642,0.0,0.0
0.0,,0.057499997317790985,-0.011918950825929642,0.0,0.0
0.0,,0.057499997317790985,-0.008939213119447231,0.0,0.0
0.0,,0.057499997317790985,-0.008939213119447231,0.0,0.0
0.0,,0.05874999985098839,-0.008939213119447231,0.0,0.0
0.0,,0.05874999985098839,-0.011918950825929642,0.0,0.0
0.0,,0.05874999985098839,-0.008939213119447231,0.0,0.0
0.0,,0.057499997317790985,-0.011918950825929642,0.0,0.0
0.0,,0.057499997317790985,-0.008939213119447231,0.0,0.0
0.0,,0.057499997317790985,-0.008939213119447231,0.0,0.0
0.0,,0.057499997317790985,-0.008939213119447231,0.0,0.0
0.0,,0.05374999716877937,-0.011918950825929642,0.0,0.0
0.0,,0.05874999985098839,-0.008939213119447231,0.0,0.0
0.0,,0.05624999850988388,-0.008939213119447231,0.0,0.0
0.0,,0.04999999701976776,-0.011918950825929642,0.0,0.0
0.0,,0.05624999850988388,-0.005959475412964821,0.0,0.0
0.0,,0.05624999850988388,-0.008939213119447231,0.0,0.0
0.0,,0.054999999701976776,-0.011918950825929642,0.0,0.0
0.0,,0.054999999701976776,-0.008939213119447231,0.0,0.0
0.0,,0.05874999985098839,-0.008939213119447231,0.0,0.0
0.0,,0.057499997317790985,-0.011918950825929642,0.0,0.0
0.0,,0.05874999985098839,-0.011918950825929642,0.0,0.0
0.0,,0.05624999850988388,-0.008939213119447231,0.0,0.0
0.0,,0.057499997317790985,-0.011918950825929642,0.0,0.0
0.0,,0.05874999985098839,-0.008939213119447231,0.0,0.0
0.0,,0.05374999716877937,-0.008939213119447231,0.0,0.0
0.0,,0.05624999850988388,-0.008939213119447231,0.0,0.0
0.0,,0.057499997317790985,-0.008939213119447231,0.0,0.0
0.0,,0.054999999701976776,-0.011918950825929642,0.0,0.0
0.0,,0.05624999850988388,-0.011918950825929642,0.0,0.0
0.0,,0.05249999836087227,-0.008939213119447231,0.0,0.0
0.0,,0.054999999701976776,-0.011918950825929642,0.0,0.0
0.0,,0.04999999701976776,-0.011918950825929642,0.0,0.0
0.0,,0.054999999701976776,-0.008939213119447231,0.0,0.0
0.0,,0.051249999552965164,-0.011918950825929642,0.0,0.0
0.0,,0.05624999850988388,-0.011918950825929642,0.0,0.0
0.0,,0.042500000447034836,-0.014898688532412052,0.0,0.0
0.0,,0.0612499974668026,-0.011918950825929642,0.0,0.0
0.0,,0.05624999850988388,-0.005959475412964821,0.0,0.0
0.0,,0.0625,-0.008939213119447231,0.0,0.0
0.0,,0.04625000059604645,-0.011918950825929642,0.0,0.0
0.0,,0.05624999850988388,-0.011918950825929642,0.0,0.0
0.0,,0.05624999850988388,-0.008939213119447231,0.0,0.0
0.0,,0.05624999850988388,-0.011918950825929642,0.0,0.0
0.0,,0.05624999850988388,-0.005959475412964821,0.0,0.0
0.0,,0.05624999850988388,-0.005959475412964821,0.0,0.0
0.0,,0.05624999850988388,-0.008939213119447231,0.0,0.0
0.0,,0.057499997317790985,-0.008939213119447231,0.0,0.0
0.0,,0.05624999850988388,-0.008939213119447231,0.0,0.0
0.0,,0.05624999850988388,-0.008939213119447231,0.0,0.0
0.0,,0.05624999850988388,-0.008939213119447231,0.0,0.0
0.0,,0.054999999701976776,-0.008939213119447231,0.0,0.0
0.0,,0.054999999701976776,-0.008939213119447231,0.0,0.0
0.0,,0.057499997317790985,-0.008939213119447231,0.0,0.0
0.0,,0.05624999850988388,-0.008939213119447231,0.0,0.0
0.0,,0.05624999850988388,-0.008939213119447231,0.0,0.0
0.0,,0.05624999850988388,-0.008939213119447231,0.0,0.0
0.0,,0.05624999850988388,-0.011918950825929642,0.0,0.0
0.0,,0.057499997317790985,-0.008939213119447231,0.0,0.0
0.0,,0.05624999850988388,-0.008939213119447231,0.0,0.0
0.0,,0.05624999850988388,-0.008939213119447231,0.0,0.0
0.0,,0.05624999850988388,-0.008939213119447231,0.0,0.0
0.0,,0.05624999850988388,-0.008939213119447231,0.0,0.0
0.0,,0.054999999701976776,-0.014898688532412052,0.0,0.0
0.0,,0.054999999701976776,-0.008939213119447231,0.0,0.0
0.0,,0.05624999850988388,-0.011918950825929642,0.0,0.0
0.0,,0.057499997317790985,-0.008939213119447231,0.0,0.0
0.0,,0.054999999701976776,-0.011918950825929642,0.0,0.0
0.0,,0.057499997317790985,-0.008939213119447231,0.0,0.0
0.0,,0.05624999850988388,-0.008939213119447231,0.0,0.0
0.0,,0.054999999701976776,-0.011918950825929642,0.0,0.0
0.0,,0.057499997317790985,-0.011918950825929642,0.0,0.0
0.0,,0.054999999701976776,-0.008939213119447231,0.0,0.0
0.0,,0.05624999850988388,-0.011918950825929642,0.0,0.0
0.0,,0.051249999552965164,-0.005959475412964821,0.0,0.0
0.0,,0.05624999850988388,-0.008939213119447231,0.0,0.0
0.0,,0.05374999716877937,-0.008939213119447231,0.0,0.0
0.0,,0.054999999701976776,-0.011918950825929642,0.0,0.0
0.0,,0.05374999716877937,-0.008939213119447231,0.0,0.0
0.0,,0.05624999850988388,-0.011918950825929642,0.0,0.0
0.0,,0.054999999701976776,-0.011918950825929642,0.0,0.0
0.0,,0.05374999716877937,-0.008939213119447231,0.0,0.0
0.0,,0.054999999701976776,-0.011918950825929642,0.0,0.0
0.0,,0.05374999716877937,-0.011918950825929642,0.0,0.0
0.0,,0.04874999821186066,-0.008939213119447231,0.0,0.0
0.0,,0.04874999821186066,-0.005959475412964821,0.0,0.0
0.0,,0.054999999701976776,-0.008939213119447231,0.0,0.0
0.0,,0.04999999701976776,-0.011918950825929642,0.0,0.0
0.0,,0.04374999925494194,-0.008939213119447231,0.0,0.0
0.0,,0.051249999552965164,-0.008939213119447231,0.0,0.0
0.0,,0.051249999552965164,-0.011918950825929642,0.0,0.0
0.0,,0.05374999716877937,-0.011918950825929642,0.0,0.0
0.0,,0.054999999701976776,-0.011918950825929642,0.0,0.0
0.0,,0.05374999716877937,-0.011918950825929642,0.0,0.0
0.0,,0.054999999701976776,-0.008939213119447231,0.0,0.0
0.0,,0.054999999701976776,-0.008939213119447231,0.0,0.0
0.0,,0.054999999701976776,-0.008939213119447231,0.0,0.0
0.0,,0.054999999701976776,-0.011918950825929642,0.0,0.0
0.0,,0.05374999716877937,-0.008939213119447231,0.0,0.0
0.0,,0.05249999836087227,-0.008939213119447231,0.0,0.0
0.0,,0.054999999701976776,-0.008939213119447231,0.0,0.0
0.0,,0.054999999701976776,-0.008939213119447231,0.0,0.0
0.0,,0.05374999716877937,-0.011918950825929642,0.0,0.0
0.0,,0.05624999850988388,-0.011918950825929642,0.0,0.0
0.0,,0.05374999716877937,-0.011918950825929642,0.0,0.0
0.0,,0.054999999701976776,-0.011918950825929642,0.0,0.0
0.0,,0.054999999701976776,-0.008939213119447231,0.0,0.0
0.0,,0.05374999716877937,-0.011918950825929642,0.0,0.0
0.0,,0.051249999552965164,-0.008939213119447231,0.0,0.0
0.0,,0.05374999716877937,-0.008939213119447231,0.0,0.0
0.0,,0.05374999716877937,-0.005959475412964821,0.0,0.0
0.0,,0.05249999836087227,-0.008939213119447231,0.0,0.0
0.0,,0.04749999940395355,-0.011918950825929642,0.0,0.0
0.0,,0.051249999552965164,-0.008939213119447231,0.0,0.0
0.0,,0.05249999836087227,-0.008939213119447231,0.0,0.0
0.0,,0.05249999836087227,-0.008939213119447231,0.0,0.0
0.0,,0.05374999716877937,-0.008939213119447231,0.0,0.0
0.0,,0.05374999716877937,-0.008939213119447231,0.0,0.0
0.0,,0.05249999836087227,-0.008939213119447231,0.0,0.0
0.0,,0.054999999701976776,-0.008939213119447231,0.0,0.0
0.0,,0.05374999716877937,-0.008939213119447231,0.0,0.0
0.0,,0.05249999836087227,-0.008939213119447231,0.0,0.0
0.0,,0.05374999716877937,-0.011918950825929642,0.0,0.0
0.0,,0.05624999850988388,-0.008939213119447231,0.0,0.0
0.0,,0.05374999716877937,-0.011918950825929642,0.0,0.0
0.0,,0.05249999836087227,-0.008939213119447231,0.0,0.0
0.0,,0.05374999716877937,-0.008939213119447231,0.0,0.0
0.0,,0.05374999716877937,-0.008939213119447231,0.0,0.0
0.0,,0.05249999836087227,-0.011918950825929642,0.0,0.0
0.0,,0.05374999716877937,-0.008939213119447231,0.0,0.0
0.0,,0.04749999940395355,-0.008939213119447231,0.0,0.0
0.0,,0.04999999701976776,-0.008939213119447231,0.0,0.0
0.0,,0.04874999821186066,-0.011918950825929642,0.0,0.0
0.0,,0.044999998062849045,-0.011918950825929642,0.0,0.0
0.0,,0.04874999821186066,-0.008939213119447231,0.0,0.0
0.0,,0.04749999940395355,-0.008939213119447231,0.0,0.0
0.0,,0.054999999701976776,-0.008939213119447231,0.0,0.0
0.0,,0.054999999701976776,-0.008939213119447231,0.0,0.0
0.0,,0.05249999836087227,-0.008939213119447231,0.0,0.0
0.0,,0.05374999716877937,-0.011918950825929642,0.0,0.0
0.0,,0.05374999716877937,-0.008939213119447231,0.0,0.0
0.0,,0.05249999836087227,-0.011918950825929642,0.0,0.0
0.0,,0.05374999716877937,-0.008939213119447231,0.0,0.0
0.0,,0.05374999716877937,-0.011918950825929642,0.0,0.0
0.0,,0.05249999836087227,-0.011918950825929642,0.0,0.0
0.0,,0.051249999552965164,-0.008939213119447231,0.0,0.0
0.0,,0.05249999836087227,-0.008939213119447231,0.0,0.0
0.0,,0.05249999836087227,-0.011918950825929642,0.0,0.0
0.0,,0.051249999552965164,-0.011918950825929642,0.0,0.0
0.0,,0.05374999716877937,-0.011918950825929642,0.0,0.0
0.0,,0.05374999716877937,-0.008939213119447231,0.0,0.0
0.0,,0.04874999821186066,-0.011918950825929642,0.0,0.0
0.0,,0.05249999836087227,-0.011918950825929642,0.0,0.0
0.0,,0.04999999701976776,-0.008939213119447231,0.0,0.0
0.0,,0.04999999701976776,-0.011918950825929642,0.0,0.0
0.0,,0.04874999821186066,-0.008939213119447231,0.0,0.0
0.0,,0.05374999716877937,-0.011918950825929642,0.0,0.0
0.0,,0.05374999716877937,-0.008939213119447231,0.0,0.0
0.0,,0.051249999552965164,-0.008939213119447231,0.0,0.0
0.0,,0.051249999552965164,-0.011918950825929642,0.0,0.0
0.0,,0.051249999552965164,-0.008939213119447231,0.0,0.0
0.0,,0.04749999940395355,-0.011918950825929642,0.0,0.0
0.0,,0.05374999716877937,-0.008939213119447231,0.0,0.0
0.0,,0.05249999836087227,-0.008939213119447231,0.0,0.0
0.0,,0.05249999836087227,-0.008939213119447231,0.0,0.0
0.0,,0.051249999552965164,-0.008939213119447231,0.0,0.0
0.0,,0.05249999836087227,-0.005959475412964821,0.0,0.0
0.0,,0.05249999836087227,-0.008939213119447231,0.0,0.0
0.0,,0.05374999716877937,-0.008939213119447231,0.0,0.0
0.0,,0.054999999701976776,-0.011918950825929642,0.0,0.0
0.0,,0.05249999836087227,-0.011918950825929642,0.0,0.0
0.0,,0.05374999716877937,-0.008939213119447231,0.0,0.0
0.0,,0.04874999821186066,-0.011918950825929642,0.0,0.0
0.0,,0.05249999836087227,-0.008939213119447231,0.0,0.0
0.0,,0.051249999552965164,-0.008939213119447231,0.0,0.0
0.0,,0.04749999940395355,-0.008939213119447231,0.0,0.0
0.0,,0.05249999836087227,-0.011918950825929642,0.0,0.0
0.0,,0.051249999552965164,-0.011918950825929642,0.0,0.0
0.0,,0.051249999552965164,-0.011918950825929642,0.0,0.0
0.0,,0.05249999836087227,-0.008939213119447231,0.0,0.0
0.0,,0.05249999836087227,-0.008939213119447231,0.0,0.0
0.0,,0.04625000059604645,-0.011918950825929642,0.0,0.0
0.0,,0.051249999552965164,-0.008939213119447231,0.0,0.0
0.0,,0.04625000059604645,-0.008939213119447231,0.0,0.0
0.0,,0.04874999821186066,-0.008939213119447231,0.0,0.0
0.0,,0.04749999940395355,-0.008939213119447231,0.0,0.0
0.0,,0.04999999701976776,-0.011918950825929642,0.0,0.0
0.0,,0.04999999701976776,-0.011918950825929642,0.0,0.0
0.0,,0.04999999701976776,-0.011918950825929642,0.0,0.0
0.0,,0.051249999552965164,-0.005959475412964821,0.0,0.0
0.0,,0.04749999940395355,-0.008939213119447231,0.0,0.0
0.0,,0.05249999836087227,-0.011918950825929642,0.0,0.0
0.0,,0.04374999925494194,-0.008939213119447231,0.0,0.0
0.0,,0.051249999552965164,-0.014898688532412052,0.0,0.0
0.0,,0.051249999552965164,-0.011918950825929642,0.0,0.0
0.0,,0.04999999701976776,-0.008939213119447231,0.0,0.0
0.0,,0.04874999821186066,-0.008939213119447231,0.0,0.0
0.0,,0.051249999552965164,-0.008939213119447231,0.0,0.0
0.0,,0.04374999925494194,-0.005959475412964821,0.0,0.0
0.0,,0.04625000059604645,-0.008939213119447231,0.0,0.0
0.0,,0.054999999701976776,-0.008939213119447231,0.0,0.0
0.0,,0.057499997317790985,-0.008939213119447231,0.0,0.0
0.0,,0.04749999940395355,-0.008939213119447231,0.0,0.0
0.0,,0.04999999701976776,-0.011918950825929642,0.0,0.0
0.0,,0.04374999925494194,-0.005959475412964821,0.0,0.0
0.0,,0.042500000447034836,-0.011918950825929642,0.0,0.0
0.0,,0.051249999552965164,-0.008939213119447231,0.0,0.0
0.0,,0.04999999701976776,-0.008939213119447231,0.0,0.0
0.0,,0.04374999925494194,-0.008939213119447231,0.0,0.0
0.0,,0.04625000059604645,-0.011918950825929642,0.0,0.0
0.0,,0.05249999836087227,-0.011918950825929642,0.0,0.0
0.0,,0.04999999701976776,-0.011918950825929642,0.0,0.0
0.0,,0.04999999701976776,-0.008939213119447231,0.0,0.0
0.0,,0.051249999552965164,-0.011918950825929642,0.0,0.0
0.0,,0.04999999701976776,-0.011918950825929642,0.0,0.0
0.0,,0.04999999701976776,-0.011918950825929642,0.0,0.0
0.0,,0.051249999552965164,-0.011918950825929642,0.0,0.0
0.0,,0.04999999701976776,-0.008939213119447231,0.0,0.0
0.0,,0.04999999701976776,-0.008939213119447231,0.0,0.0
0.0,,0.051249999552965164,-0.008939213119447231,0.0,0.0
0.0,,0.051249999552965164,-0.008939213119447231,0.0,0.0
0.0,,0.05249999836087227,-0.008939213119447231,0.0,0.0
0.0,,0.051249999552965164,-0.008939213119447231,0.0,0.0
0.0,,0.051249999552965164,-0.011918950825929642,0.0,0.0
0.0,,0.051249999552965164,-0.008939213119447231,0.0,0.0
0.0,,0.04874999821186066,-0.008939213119447231,0.0,0.0
0.0,,0.04999999701976776,-0.011918950825929642,0.0,0.0
0.0,,0.051249999552965164,-0.008939213119447231,0.0,0.0
0.0,,0.04999999701976776,-0.008939213119447231,0.0,0.0
0.0,,0.04874999821186066,-0.011918950825929642,0.0,0.0
0.0,,0.04999999701976776,-0.008939213119447231,0.0,0.0
0.0,,0.04999999701976776,-0.011918950825929642,0.0,0.0
0.0,,0.04999999701976776,-0.008939213119447231,0.0,0.0
0.0,,0.04874999821186066,-0.008939213119447231,0.0,0.0
0.0,,0.04999999701976776,-0.008939213119447231,0.0,0.0
0.0,,0.051249999552965164,-0.008939213119447231,0.0,0.0
0.0,,0.04874999821186066,-0.011918950825929642,0.0,0.0
0.0,,0.04999999701976776,-0.008939213119447231,0.0,0.0
0.0,,0.04874999821186066,-0.011918950825929642,0.0,0.0
0.0,,0.04874999821186066,-0.008939213119447231,0.0,0.0
0.0,,0.04999999701976776,-0.011918950825929642,0.0,0.0
0.0,,0.04749999940395355,-0.011918950825929642,0.0,0.0
0.0,,0.04874999821186066,-0.008939213119447231,0.0,0.0
0.0,,0.04999999701976776,-0.008939213119447231,0.0,0.0
0.0,,0.04999999701976776,-0.008939213119447231,0.0,0.0
0.0,,0.04874999821186066,-0.008939213119447231,0.0,0.0
0.0,,0.04874999821186066,-0.008939213119447231,0.0,0.0
0.0,,0.04999999701976776,-0.008939213119447231,0.0,0.0
0.0,,0.044999998062849045,-0.011918950825929642,0.0,0.0
0.0,,0.04874999821186066,-0.008939213119447231,0.0,0.0
0.0,,0.04874999821186066,-0.011918950825929642,0.0,0.0
0.0,,0.04625000059604645,-0.008939213119447231,0.0,0.0
0.0,,0.04374999925494194,-0.011918950825929642,0.0,0.0
0.0,,0.04124999791383743,-0.008939213119447231,0.0,0.0
0.0,,0.04874999821186066,-0.008939213119447231,0.0,0.0
0.0,,0.044999998062849045,-0.011918950825929642,0.0,0.0
0.0,,0.04874999821186066,-0.008939213119447231,0.0,0.0
0.0,,0.04625000059604645,-0.011918950825929642,0.0,0.0
0.0,,0.04874999821186066,-0.008939213119447231,0.0,0.0
0.0,,0.04874999821186066,-0.008939213119447231,0.0,0.0
0.0,,0.04874999821186066,-0.011918950825929642,0.0,0.0
0.0,,0.04874999821186066,-0.011918950825929642,0.0,0.0
0.0,,0.04874999821186066,-0.011918950825929642,0.0,0.0
0.0,,0.04874999821186066,-0.011918950825929642,0.0,0.0
0.0,,0.04999999701976776,-0.011918950825929642,0.0,0.0
0.0,,0.04874999821186066,-0.008939213119447231,0.0,0.0
0.0,,0.04999999701976776,-0.008939213119447231,0.0,0.0
0.0,,0.04999999701976776,-0.008939213119447231,0.0,0.0
0.0,,0.04999999701976776,-0.008939213119447231,0.0,0.0
0.0,,0.04999999701976776,-0.008939213119447231,0.0,0.0
0.0,,0.04999999701976776,-0.008939213119447231,0.0,0.0
0.0,,0.04874999821186066,-0.008939213119447231,0.0,0.0
0.0,,0.04874999821186066,-0.008939213119447231,0.0,0.0
0.0,,0.04749999940395355,-0.011918950825929642,0.0,0.0
0.0,,0.044999998062849045,-0.011918950825929642,0.0,0.0
0.0,,0.04999999701976776,-0.011918950825929642,0.0,0.0
0.0,,0.04374999925494194,-0.005959475412964821,0.0,0.0
0.0,,0.051249999552965164,-0.008939213119447231,0.0,0.0
0.0,,0.04874999821186066,-0.005959475412964821,0.0,0.0
0.0,,0.04374999925494194,-0.005959475412964821,0.0,0.0
0.0,,0.04124999791383743,-0.011918950825929642,0.0,0.0
0.0,,0.04625000059604645,-0.008939213119447231,0.0,0.0
0.0,,0.04874999821186066,-0.011918950825929642,0.0,0.0
0.0,,0.04874999821186066,-0.008939213119447231,0.0,0.0
0.0,,0.04749999940395355,-0.005959475412964821,0.0,0.0
0.0,,0.04874999821186066,-0.008939213119447231,0.0,0.0
0.0,,0.04625000059604645,-0.005959475412964821,0.0,0.0
0.0,,0.04874999821186066,-0.008939213119447231,0.0,0.0
0.0,,0.04749999940395355,-0.011918950825929642,0.0,0.0
0.0,,0.04749999940395355,-0.008939213119447231,0.0,0.0
0.0,,0.04625000059604645,-0.008939213119447231,0.0,0.0
0.0,,0.03500000014901161,-0.008939213119447231,0.0,0.0
0.0,,0.04874999821186066,-0.008939213119447231,0.0,0.0
0.0,,0.04749999940395355,-0.008939213119447231,0.0,0.0
0.0,,0.044999998062849045,-0.008939213119447231,0.0,0.0
0.0,,0.044999998062849045,-0.005959475412964821,0.0,0.0
0.0,,0.04374999925494194,-0.011918950825929642,0.0,0.0
0.0,,0.036249998956918716,-0.011918950825929642,0.0,0.0
0.0,,0.042500000447034836,-0.011918950825929642,0.0,0.0
0.0,,0.04874999821186066,-0.008939213119447231,0.0,0.0
0.0,,0.04124999791383743,-0.008939213119447231,0.0,0.0
0.0,,0.04999999701976776,-0.008939213119447231,0.0,0.0
0.0,,0.038750000298023224,-0.008939213119447231,0.0,0.0
0.0,,0.04749999940395355,-0.008939213119447231,0.0,0.0
0.0,,0.04749999940395355,-0.008939213119447231,0.0,0.0
0.0,,0.042500000447034836,-0.008939213119447231,0.0,0.0
0.0,,0.042500000447034836,-0.008939213119447231,0.0,0.0
0.0,,0.042500000447034836,-0.008939213119447231,0.0,0.0
0.0,,0.051249999552965164,-0.008939213119447231,0.0,0.0
0.0,,0.04749999940395355,-0.008939213119447231,0.0,0.0
0.0,,0.04874999821186066,-0.008939213119447231,0.0,0.0
0.0,,0.04625000059604645,-0.008939213119447231,0.0,0.0
0.0,,0.04999999701976776,-0.008939213119447231,0.0,0.0
0.0,,0.04625000059604645,-0.008939213119447231,0.0,0.0
0.0,,0.04749999940395355,-0.008939213119447231,0.0,0.0
0.0,,0.04749999940395355,-0.011918950825929642,0.0,0.0
0.0,,0.04874999821186066,-0.011918950825929642,0.0,0.0
0.0,,0.04749999940395355,-0.011918950825929642,0.0,0.0
0.0,,0.04874999821186066,-0.008939213119447231,0.0,0.0
0.0,,0.04749999940395355,-0.008939213119447231,0.0,0.0
0.0,,0.04749999940395355,-0.008939213119447231,0.0,0.0
0.0,,0.04999999701976776,-0.008939213119447231,0.0,0.0
0.0,,0.04749999940395355,-0.008939213119447231,0.0,0.0
0.0,,0.04749999940395355,-0.011918950825929642,0.0,0.0
0.0,,0.04749999940395355,-0.008939213119447231,0.0,0.0
0.0,,0.04749999940395355,-0.008939213119447231,0.0,0.0
0.0,,0.04874999821186066,-0.005959475412964821,0.0,0.0
0.0,,0.04749999940395355,-0.008939213119447231,0.0,0.0
0.0,,0.04874999821186066,-0.011918950825929642,0.0,0.0
0.0,,0.04625000059604645,-0.008939213119447231,0.0,0.0
0.0,,0.04874999821186066,-0.011918950825929642,0.0,0.0
0.0,,0.044999998062849045,-0.008939213119447231,0.0,0.0
0.0,,0.044999998062849045,-0.008939213119447231,0.0,0.0
0.0,,0.04625000059604645,-0.011918950825929642,0.0,0.0
0.0,,0.042500000447034836,-0.008939213119447231,0.0,0.0
0.0,,0.04374999925494194,-0.011918950825929642,0.0,0.0
0.0,,0.03500000014901161,-0.011918950825929642,0.0,0.0
0.0,,0.04625000059604645,-0.011918950825929642,0.0,0.0
0.0,,0.03999999910593033,-0.008939213119447231,0.0,0.0
0.0,,0.03125,-0.014898688532412052,0.0,0.0
0.0,,0.042500000447034836,-0.011918950825929642,0.0,0.0
0.0,,0.042500000447034836,-0.011918950825929642,0.0,0.0
0.0,,0.04625000059604645,-0.014898688532412052,0.0,0.0
0.0,,0.044999998062849045,-0.008939213119447231,0.0,0.0
0.0,,0.03999999910593033,-0.005959475412964821,0.0,0.0
0.0,,0.04374999925494194,-0.008939213119447231,0.0,0.0
0.0,,0.04374999925494194,-0.011918950825929642,0.0,0.0
0.0,,0.04999999701976776,-0.011918950825929642,0.0,0.0
0.0,,0.04749999940395355,-0.008939213119447231,0.0,0.0
0.0,,0.04124999791383743,-0.005959475412964821,0.0,0.0
0.0,,0.04625000059604645,-0.011918950825929642,0.0,0.0
0.0,,0.044999998062849045,-0.008939213119447231,0.0,0.0
0.0,,0.04749999940395355,-0.008939213119447231,0.0,0.0
0.0,,0.04374999925494194,-0.005959475412964821,0.0,0.0
0.0,,0.04749999940395355,-0.008939213119447231,0.0,0.0
0.0,,0.04749999940395355,-0.008939213119447231,0.0,0.0
0.0,,0.04749999940395355,-0.011918950825929642,0.0,0.0
0.0,,0.04625000059604645,-0.008939213119447231,0.0,0.0
0.0,,0.04749999940395355,-0.008939213119447231,0.0,0.0
0.0,,0.04625000059604645,-0.008939213119447231,0.0,0.0
0.0,,0.044999998062849045,-0.011918950825929642,0.0,0.0
0.0,,0.04749999940395355,-0.008939213119447231,0.0,0.0
0.0,,0.044999998062849045,-0.008939213119447231,0.0,0.0
0.0,,0.04625000059604645,-0.008939213119447231,0.0,0.0
0.0,,0.04625000059604645,-0.011918950825929642,0.0,0.0
0.0,,0.04625000059604645,-0.011918950825929642,0.0,0.0
0.0,,0.04625000059604645,-0.008939213119447231,0.0,0.0
0.0,,0.04625000059604645,-0.011918950825929642,0.0,0.0
0.0,,0.04749999940395355,-0.008939213119447231,0.0,0.0
0.0,,0.04625000059604645,-0.008939213119447231,0.0,0.0
0.0,,0.04874999821186066,-0.011918950825929642,0.0,0.0
0.0,,0.04374999925494194,-0.011918950825929642,0.0,0.0
0.0,,0.044999998062849045,-0.005959475412964821,0.0,0.0
0.0,,0.04625000059604645,-0.008939213119447231,0.0,0.0
0.0,,0.04374999925494194,-0.014898688532412052,0.0,0.0
0.0,,0.04374999925494194,-0.008939213119447231,0.0,0.0
0.0,,0.044999998062849045,-0.008939213119447231,0.0,0.0
0.0,,0.04374999925494194,-0.011918950825929642,0.0,0.0
0.0,,0.044999998062849045,-0.008939213119447231,0.0,0.0
0.0,,0.04749999940395355,-0.014898688532412052,0.0,0.0
0.0,,0.044999998062849045,-0.011918950825929642,0.0,0.0
0.0,,0.04625000059604645,-0.008939213119447231,0.0,0.0
0.0,,0.044999998062849045,-0.008939213119447231,0.0,0.0
0.0,,0.04625000059604645,-0.008939213119447231,0.0,0.0
0.0,,0.04625000059604645,-0.011918950825929642,0.0,0.0
0.0,,0.04374999925494194,-0.008939213119447231,0.0,0.0
0.0,,0.04625000059604645,-0.011918950825929642,0.0,0.0
0.0,,0.04749999940395355,-0.011918950825929642,0.0,0.0
0.0,,0.04625000059604645,-0.008939213119447231,0.0,0.0
0.0,,0.042500000447034836,-0.008939213119447231,0.0,0.0
0.0,,0.04625000059604645,-0.008939213119447231,0.0,0.0
0.0,,0.03749999776482582,-0.008939213119447231,0.0,0.0
0.0,,0.04124999791383743,-0.011918950825929642,0.0,0.0
0.0,,0.038750000298023224,-0.011918950825929642,0.0,0.0
0.0,,0.04374999925494194,-0.008939213119447231,0.0,0.0
0.0,,0.04124999791383743,-0.011918950825929642,0.0,0.0
0.0,,0.04124999791383743,-0.008939213119447231,0.0,0.0
0.0,,0.032499998807907104,-0.008939213119447231,0.0,0.0
0.0,,0.042500000447034836,-0.008939213119447231,0.0,0.0
0.0,,0.03999999910593033,-0.008939213119447231,0.0,0.0
0.0,,0.044999998062849045,-0.008939213119447231,0.0,0.0
0.0,,0.044999998062849045,-0.008939213119447231,0.0,0.0
0.0,,0.04749999940395355,-0.011918950825929642,0.0,0.0
0.0,,0.044999998062849045,-0.008939213119447231,0.0,0.0
0.0,,0.044999998062849045,-0.008939213119447231,0.0,0.0
0.0,,0.044999998062849045,-0.008939213119447231,0.0,0.0
0.0,,0.044999998062849045,-0.011918950825929642,0.0,0.0
0.0,,0.04625000059604645,-0.008939213119447231,0.0,0.0
0.0,,0.044999998062849045,-0.011918950825929642,0.0,0.0
0.0,,0.04374999925494194,-0.008939213119447231,0.0,0.0
0.0,,0.038750000298023224,-0.011918950825929642,0.0,0.0
0.0,,0.04625000059604645,-0.014898688532412052,0.0,0.0
0.0,,0.04374999925494194,-0.008939213119447231,0.0,0.0
0.0,,0.042500000447034836,-0.008939213119447231,0.0,0.0
0.0,,0.042500000447034836,-0.008939213119447231,0.0,0.0
0.0,,0.044999998062849045,-0.008939213119447231,0.0,0.0
0.0,,0.042500000447034836,-0.008939213119447231,0.0,0.0
0.0,,0.04374999925494194,-0.011918950825929642,0.0,0.0
0.0,,0.044999998062849045,-0.011918950825929642,0.0,0.0
0.0,,0.04999999701976776,-0.008939213119447231,0.0,0.0
0.0,,0.04124999791383743,-0.008939213119447231,0.0,0.0
0.0,,0.044999998062849045,-0.008939213119447231,0.0,0.0
0.0,,0.04124999791383743,-0.011918950825929642,0.0,0.0
0.0,,0.044999998062849045,-0.011918950825929642,0.0,0.0
0.0,,0.04625000059604645,-0.011918950825929642,0.0,0.0
0.0,,0.03999999910593033,-0.008939213119447231,0.0,0.0
0.0,,0.04625000059604645,-0.008939213119447231,0.0,0.0
0.0,,0.044999998062849045,-0.011918950825929642,0.0,0.0
0.0,,0.04625000059604645,-0.008939213119447231,0.0,0.0
0.0,,0.044999998062849045,-0.008939213119447231,0.0,0.0
0.0,,0.044999998062849045,-0.011918950825929642,0.0,0.0
0.0,,0.03999999910593033,-0.008939213119447231,0.0,0.0
0.0,,0.044999998062849045,-0.011918950825929642,0.0,0.0
0.0,,0.04124999791383743,-0.008939213119447231,0.0,0.0
0.0,,0.03999999910593033,-0.008939213119447231,0.0,0.0
0.0,,0.042500000447034836,-0.008939213119447231,0.0,0.0
0.0,,0.042500000447034836,-0.011918950825929642,0.0,0.0
0.0,,0.044999998062849045,-0.011918950825929642,0.0,0.0
0.0,,0.04374999925494194,-0.011918950825929642,0.0,0.0
0.0,,0.04625000059604645,-0.011918950825929642,0.0,0.0
0.0,,0.04374999925494194,-0.008939213119447231,0.0,0.0
0.0,,0.042500000447034836,-0.008939213119447231,0.0,0.0
0.0,,0.04124999791383743,-0.011918950825929642,0.0,0.0
0.0,,0.04374999925494194,-0.011918950825929642,0.0,0.0
0.0,,0.03999999910593033,-0.008939213119447231,0.0,0.0
0.0,,0.03749999776482582,-0.008939213119447231,0.0,0.0
0.0,,0.03749999776482582,-0.008939213119447231,0.0,0.0
0.0,,0.04124999791383743,-0.008939213119447231,0.0,0.0
0.0,,0.04374999925494194,-0.011918950825929642,0.0,0.0
0.0,,0.03999999910593033,-0.008939213119447231,0.0,0.0
0.0,,0.038750000298023224,-0.011918950825929642,0.0,0.0
0.0,,0.038750000298023224,-0.008939213119447231,0.0,0.0
0.0,,0.044999998062849045,-0.011918950825929642,0.0,0.0
0.0,,0.04374999925494194,-0.008939213119447231,0.0,0.0
0.0,,0.04749999940395355,-0.008939213119447231,0.0,0.0
0.0,,0.03999999910593033,-0.005959475412964821,0.0,0.0
0.0,,0.038750000298023224,-0.008939213119447231,0.0,0.0
0.0,,0.03749999776482582,-0.008939213119447231,0.0,0.0
0.0,,0.03999999910593033,-0.011918950825929642,0.0,0.0
0.0,,0.03500000014901161,-0.011918950825929642,0.0,0.0
0.0,,0.038750000298023224,-0.008939213119447231,0.0,0.0
0.0,,0.03500000014901161,-0.011918950825929642,0.0,0.0
0.0,,0.04124999791383743,-0.008939213119447231,0.0,0.0
0.0,,0.036249998956918716,-0.008939213119447231,0.0,0.0
0.0,,0.044999998062849045,-0.008939213119447231,0.0,0.0
0.0,,0.038750000298023224,-0.008939213119447231,0.0,0.0
0.0,,0.044999998062849045,-0.011918950825929642,0.0,0.0
0.0,,0.04124999791383743,-0.008939213119447231,0.0,0.0
0.0,,0.042500000447034836,-0.008939213119447231,0.0,0.0
0.0,,0.04374999925494194,-0.011918950825929642,0.0,0.0
0.0,,0.04374999925494194,-0.008939213119447231,0.0,0.0
0.0,,0.042500000447034836,-0.008939213119447231,0.0,0.0
0.0,,0.03749999776482582,-0.008939213119447231,0.0,0.0
0.0,,0.04124999791383743,-0.008939213119447231,0.0,0.0
0.0,,0.044999998062849045,-0.008939213119447231,0.0,0.0
0.0,,0.04374999925494194,-0.005959475412964821,0.0,0.0
0.0,,0.04374999925494194,-0.011918950825929642,0.0,0.0
0.0,,0.044999998062849045,-0.005959475412964821,0.0,0.0
0.0,,0.04374999925494194,-0.008939213119447231,0.0,0.0
0.0,,0.04374999925494194,-0.011918950825929642,0.0,0.0
0.0,,0.04374999925494194,-0.008939213119447231,0.0,0.0
0.0,,0.042500000447034836,-0.011918950825929642,0.0,0.0
0.0,,0.04374999925494194,-0.011918950825929642,0.0,0.0
0.0,,0.044999998062849045,-0.011918950825929642,0.0,0.0
0.0,,0.04374999925494194,-0.008939213119447231,0.0,0.0
0.0,,0.044999998062849045,-0.011918950825929642,0.0,0.0
0.0,,0.04124999791383743,-0.014898688532412052,0.0,0.0
0.0,,0.04374999925494194,-0.011918950825929642,0.0,0.0
0.0,,0.04625000059604645,-0.008939213119447231,0.0,0.0
0.0,,0.042500000447034836,-0.008939213119447231,0.0,0.0
0.0,,0.042500000447034836,-0.011918950825929642,0.0,0.0
0.0,,0.04374999925494194,-0.008939213119447231,0.0,0.0
0.0,,0.042500000447034836,-0.011918950825929642,0.0,0.0
0.0,,0.03999999910593033,-0.011918950825929642,0.0,0.0
0.0,,0.04124999791383743,-0.011918950825929642,0.0,0.0
0.0,,0.042500000447034836,-0.008939213119447231,0.0,0.0
0.0,,0.04374999925494194,-0.011918950825929642,0.0,0.0
0.0,,0.04124999791383743,-0.011918950825929642,0.0,0.0
0.0,,0.036249998956918716,-0.008939213119447231,0.0,0.0
0.0,,0.04124999791383743,-0.008939213119447231,0.0,0.0
0.0,,0.03749999776482582,-0.008939213119447231,0.0,0.0
0.0,,0.036249998956918716,-0.011918950825929642,0.0,0.0
0.0,,0.04124999791383743,-0.008939213119447231,0.0,0.0
0.0,,0.03749999776482582,-0.008939213119447231,0.0,0.0
0.0,,0.03999999910593033,-0.011918950825929642,0.0,0.0
0.0,,0.03749999776482582,-0.011918950825929642,0.0,0.0
0.0,,0.03749999776482582,-0.011918950825929642,0.0,0.0
0.0,,0.03749999776482582,-0.011918950825929642,0.0,0.0
0.0,,0.03999999910593033,-0.011918950825929642,0.0,0.0
0.0,,0.032499998807907104,-0.008939213119447231,0.0,0.0
0.0,,0.04124999791383743,-0.008939213119447231,0.0,0.0
0.0,,0.04124999791383743,-0.008939213119447231,0.0,0.0
0.0,,0.04124999791383743,-0.011918950825929642,0.0,0.0
0.0,,0.03749999776482582,-0.008939213119447231,0.0,0.0
0.0,,0.04124999791383743,-0.008939213119447231,0.0,0.0
0.0,,0.042500000447034836,-0.008939213119447231,0.0,0.0
0.0,,0.04374999925494194,-0.008939213119447231,0.0,0.0
0.0,,0.04124999791383743,-0.008939213119447231,0.0,0.0
0.0,,0.04374999925494194,-0.008939213119447231,0.0,0.0
0.0,,0.04374999925494194,-0.008939213119447231,0.0,0.0
0.0,,0.038750000298023224,-0.008939213119447231,0.0,0.0
0.0,,0.04374999925494194,-0.011918950825929642,0.0,0.0
0.0,,0.042500000447034836,-0.008939213119447231,0.0,0.0
0.0,,0.042500000447034836,-0.008939213119447231,0.0,0.0
0.0,,0.042500000447034836,-0.008939213119447231,0.0,0.0
0.0,,0.042500000447034836,-0.008939213119447231,0.0,0.0
0.0,,0.042500000447034836,-0.011918950825929642,0.0,0.0
0.0,,0.04124999791383743,-0.008939213119447231,0.0,0.0
0.0,,0.042500000447034836,-0.011918950825929642,0.0,0.0
0.0,,0.04124999791383743,-0.008939213119447231,0.0,0.0
0.0,,0.04124999791383743,-0.008939213119447231,0.0,0.0
0.0,,0.03749999776482582,-0.011918950825929642,0.0,0.0
0.0,,0.04124999791383743,-0.008939213119447231,0.0,0.0
0.0,,0.03999999910593033,-0.011918950825929642,0.0,0.0
0.0,,0.042500000447034836,-0.011918950825929642,0.0,0.0
0.0,,0.03999999910593033,-0.008939213119447231,0.0,0.0
0.0,,0.038750000298023224,-0.008939213119447231,0.0,0.0
0.0,,0.04124999791383743,-0.008939213119447231,0.0,0.0
0.0,,0.04124999791383743,-0.011918950825929642,0.0,0.0
0.0,,0.038750000298023224,-0.011918950825929642,0.0,0.0
0.0,,0.04124999791383743,-0.008939213119447231,0.0,0.0
0.0,,0.042500000447034836,-0.011918950825929642,0.0,0.0
0.0,,0.042500000447034836,-0.011918950825929642,0.0,0.0
0.0,,0.038750000298023224,-0.011918950825929642,0.0,0.0
0.0,,0.04374999925494194,-0.008939213119447231,0.0,0.0
0.0,,0.04124999791383743,-0.011918950825929642,0.0,0.0
0.0,,0.04124999791383743,-0.008939213119447231,0.0,0.0
0.0,,0.04124999791383743,-0.014898688532412052,0.0,0.0
0.0,,0.044999998062849045,-0.005959475412964821,0.0,0.0
0.0,,0.04124999791383743,-0.011918950825929642,0.0,0.0
0.0,,0.04374999925494194,-0.008939213119447231,0.0,0.0
0.0,,0.04124999791383743,-0.005959475412964821,0.0,0.0
0.0,,0.038750000298023224,-0.008939213119447231,0.0,0.0
0.0,,0.04124999791383743,-0.005959475412964821,0.0,0.0
0.0,,0.04124999791383743,-0.011918950825929642,0.0,0.0
0.0,,0.042500000447034836,-0.008939213119447231,0.0,0.0
0.0,,0.04124999791383743,-0.008939213119447231,0.0,0.0
0.0,,0.042500000447034836,-0.011918950825929642,0.0,0.0
0.0,,0.04374999925494194,-0.011918950825929642,0.0,0.0
0.0,,0.042500000447034836,-0.008939213119447231,0.0,0.0
0.0,,0.04374999925494194,-0.008939213119447231,0.0,0.0
0.0,,0.04124999791383743,-0.008939213119447231,0.0,0.0
0.0,,0.042500000447034836,-0.008939213119447231,0.0,0.0
0.0,,0.04124999791383743,-0.011918950825929642,0.0,0.0
0.0,,0.03999999910593033,-0.008939213119447231,0.0,0.0
0.0,,0.042500000447034836,-0.011918950825929642,0.0,0.0
0.0,,0.04124999791383743,-0.008939213119447231,0.0,0.0
0.0,,0.042500000447034836,-0.008939213119447231,0.0,0.0
0.0,,0.04124999791383743,-0.011918950825929642,0.0,0.0
0.0,,0.042500000447034836,-0.008939213119447231,0.0,0.0
0.0,,0.03749999776482582,-0.008939213119447231,0.0,0.0
0.0,,0.04124999791383743,-0.011918950825929642,0.0,0.0
0.0,,0.04124999791383743,-0.008939213119447231,0.0,0.0
0.0,,0.04124999791383743,-0.011918950825929642,0.0,0.0
0.0,,0.04124999791383743,-0.008939213119447231,0.0,0.0
0.0,,0.04124999791383743,-0.011918950825929642,0.0,0.0
0.0,,0.04124999791383743,-0.008939213119447231,0.0,0.0
0.0,,0.042500000447034836,-0.011918950825929642,0.0,0.0
0.0,,0.042500000447034836,-0.008939213119447231,0.0,0.0
0.0,,0.04124999791383743,-0.008939213119447231,0.0,0.0
0.0,,0.03999999910593033,-0.008939213119447231,0.0,0.0
0.0,,0.04124999791383743,-0.008939213119447231,0.0,0.0
0.0,,0.038750000298023224,-0.008939213119447231,0.0,0.0
0.0,,0.04124999791383743,-0.008939213119447231,0.0,0.0
0.0,,0.038750000298023224,-0.011918950825929642,0.0,0.0
0.0,,0.04124999791383743,-0.011918950825929642,0.0,0.0
0.0,,0.04124999791383743,-0.011918950825929642,0.0,0.0
0.0,,0.04124999791383743,-0.008939213119447231,0.0,0.0
0.0,,0.042500000447034836,-0.011918950825929642,0.0,0.0
0.0,,0.03999999910593033,-0.008939213119447231,0.0,0.0
0.0,,0.038750000298023224,-0.008939213119447231,0.0,0.0
0.0,,0.03125,-0.008939213119447231,0.0,0.0
0.0,,0.038750000298023224,-0.008939213119447231,0.0,0.0
0.0,,0.027499999850988388,-0.008939213119447231,0.0,0.0
0.0,,0.03749999776482582,-0.011918950825929642,0.0,0.0
0.0,,0.03999999910593033,-0.008939213119447231,0.0,0.0
0.0,,0.03500000014901161,-0.011918950825929642,0.0,0.0
0.0,,0.03500000014901161,-0.008939213119447231,0.0,0.0
0.0,,0.042500000447034836,-0.011918950825929642,0.0,0.0
0.0,,0.03749999776482582,-0.008939213119447231,0.0,0.0
0.0,,0.036249998956918716,-0.011918950825929642,0.0,0.0
0.0,,0.03125,-0.011918950825929642,0.0,0.0
0.0,,0.03749999776482582,-0.008939213119447231,0.0,0.0
0.0,,0.03500000014901161,-0.008939213119447231,0.0,0.0
0.0,,0.03500000014901161,-0.011918950825929642,0.0,0.0
0.0,,0.038750000298023224,-0.011918950825929642,0.0,0.0
0.0,,0.03125,-0.011918950825929642,0.0,0.0
0.0,,0.038750000298023224,-0.011918950825929642,0.0,0.0
0.0,,0.03374999761581421,-0.008939213119447231,0.0,0.0
0.0,,0.04124999791383743,-0.005959475412964821,0.0,0.0
0.0,,0.04625000059604645,-0.008939213119447231,0.0,0.0
0.0,,0.042500000447034836,-0.008939213119447231,0.0,0.0
0.0,,0.036249998956918716,-0.011918950825929642,0.0,0.0
0.0,,0.038750000298023224,-0.011918950825929642,0.0,0.0
0.0,,0.03999999910593033,-0.011918950825929642,0.0,0.0
0.0,,0.03999999910593033,-0.005959475412964821,0.0,0.0
0.0,,0.03999999910593033,-0.008939213119447231,0.0,0.0
0.0,,0.04124999791383743,-0.005959475412964821,0.0,0.0
0.0,,0.042500000447034836,-0.014898688532412052,0.0,0.0
0.0,,0.04124999791383743,-0.008939213119447231,0.0,0.0
0.0,,0.038750000298023224,-0.008939213119447231,0.0,0.0
0.0,,0.038750000298023224,-0.008939213119447231,0.0,0.0
0.0,,0.03125,-0.011918950825929642,0.0,0.0
0.0,,0.03749999776482582,-0.005959475412964821,0.0,0.0
0.0,,0.04124999791383743,-0.011918950825929642,0.0,0.0
0.0,,0.04124999791383743,-0.008939213119447231,0.0,0.0
0.0,,0.03374999761581421,-0.014898688532412052,0.0,0.0
0.0,,0.03374999761581421,-0.008939213119447231,0.0,0.0
0.0,,0.028749998658895493,-0.008939213119447231,0.0,0.0
0.0,,0.03125,-0.005959475412964821,0.0,0.0
0.0,,0.038750000298023224,-0.008939213119447231,0.0,0.0
0.0,,0.038750000298023224,-0.008939213119447231,0.0,0.0
0.0,,0.032499998807907104,-0.008939213119447231,0.0,0.0
0.0,,0.036249998956918716,-0.008939213119447231,0.0,0.0
0.0,,0.032499998807907104,-0.008939213119447231,0.0,0.0
0.0,,0.036249998956918716,-0.008939213119447231,0.0,0.0
0.0,,0.04374999925494194,-0.008939213119447231,0.0,0.0
0.0,,0.036249998956918716,-0.008939213119447231,0.0,0.0
0.0,,0.04124999791383743,-0.008939213119447231,0.0,0.0
0.0,,0.042500000447034836,-0.008939213119447231,0.0,0.0
0.0,,0.042500000447034836,-0.008939213119447231,0.0,0.0
0.0,,0.03999999910593033,-0.008939213119447231,0.0,0.0
0.0,,0.04124999791383743,-0.008939213119447231,0.0,0.0
0.0,,0.038750000298023224,-0.008939213119447231,0.0,0.0
0.0,,0.042500000447034836,-0.011918950825929642,0.0,0.0
0.0,,0.042500000447034836,-0.008939213119447231,0.0,0.0
0.0,,0.03999999910593033,-0.011918950825929642,0.0,0.0
0.0,,0.04124999791383743,-0.008939213119447231,0.0,0.0
0.0,,0.038750000298023224,-0.011918950825929642,0.0,0.0
0.0,,0.03999999910593033,-0.008939213119447231,0.0,0.0
0.0,,0.03999999910593033,-0.011918950825929642,0.0,0.0
0.0,,0.04124999791383743,-0.008939213119447231,0.0,0.0
0.0,,0.03749999776482582,-0.011918950825929642,0.0,0.0
0.0,,0.038750000298023224,-0.008939213119447231,0.0,0.0
0.0,,0.03999999910593033,-0.008939213119447231,0.0,0.0
0.0,,0.042500000447034836,-0.011918950825929642,0.0,0.0
0.0,,0.038750000298023224,-0.011918950825929642,0.0,0.0
0.0,,0.038750000298023224,-0.008939213119447231,0.0,0.0
0.0,,0.032499998807907104,-0.008939213119447231,0.0,0.0
0.0,,0.029999999329447746,-0.008939213119447231,0.0,0.0
0.0,,0.03999999910593033,-0.008939213119447231,0.0,0.0
0.0,,0.03374999761581421,-0.008939213119447231,0.0,0.0
0.0,,0.03999999910593033,-0.014898688532412052,0.0,0.0
0.0,,0.03500000014901161,-0.011918950825929642,0.0,0.0
0.0,,0.03999999910593033,-0.008939213119447231,0.0,0.0
0.0,,0.03749999776482582,-0.008939213119447231,0.0,0.0
0.0,,0.03999999910593033,-0.008939213119447231,0.0,0.0
0.0,,0.03999999910593033,-0.008939213119447231,0.0,0.0
0.0,,0.03999999910593033,-0.011918950825929642,0.0,0.0
0.0,,0.038750000298023224,-0.011918950825929642,0.0,0.0
0.0,,0.038750000298023224,-0.008939213119447231,0.0,0.0
0.0,,0.038750000298023224,-0.005959475412964821,0.0,0.0
0.0,,0.03999999910593033,-0.008939213119447231,0.0,0.0
0.0,,0.03999999910593033,-0.008939213119447231,0.0,0.0
0.0,,0.03749999776482582,-0.008939213119447231,0.0,0.0
0.0,,0.04124999791383743,-0.011918950825929642,0.0,0.0
0.0,,0.03999999910593033,-0.011918950825929642,0.0,0.0
0.0,,0.03999999910593033,-0.011918950825929642,0.0,0.0
0.0,,0.04124999791383743,-0.008939213119447231,0.0,0.0
0.0,,0.03999999910593033,-0.008939213119447231,0.0,0.0
0.0,,0.038750000298023224,-0.008939213119447231,0.0,0.0
0.0,,0.03999999910593033,-0.008939213119447231,0.0,0.0
0.0,,0.03999999910593033,-0.008939213119447231,0.0,0.0
0.0,,0.03999999910593033,-0.008939213119447231,0.0,0.0
0.0,,0.03999999910593033,-0.008939213119447231,0.0,0.0
0.0,,0.03999999910593033,-0.011918950825929642,0.0,0.0
0.0,,0.04124999791383743,-0.011918950825929642,0.0,0.0
0.0,,0.038750000298023224,-0.008939213119447231,0.0,0.0
0.0,,0.03999999910593033,-0.008939213119447231,0.0,0.0
0.0,,0.03749999776482582,-0.008939213119447231,0.0,0.0
0.0,,0.038750000298023224,-0.011918950825929642,0.0,0.0
0.0,,0.03749999776482582,-0.011918950825929642,0.0,0.0
0.0,,0.038750000298023224,-0.011918950825929642,0.0,0.0
0.0,,0.03999999910593033,-0.011918950825929642,0.0,0.0
0.0,,0.03999999910593033,-0.011918950825929642,0.0,0.0
0.0,,0.03749999776482582,-0.008939213119447231,0.0,0.0
0.0,,0.038750000298023224,-0.008939213119447231,0.0,0.0
0.0,,0.03999999910593033,-0.011918950825929642,0.0,0.0
0.0,,0.03999999910593033,-0.011918950825929642,0.0,0.0
0.0,,0.04124999791383743,-0.008939213119447231,0.0,0.0
0.0,,0.03374999761581421,-0.008939213119447231,0.0,0.0
0.0,,0.03749999776482582,-0.011918950825929642,0.0,0.0
0.0,,0.038750000298023224,-0.008939213119447231,0.0,0.0
0.0,,0.038750000298023224,-0.008939213119447231,0.0,0.0
0.0,,0.03749999776482582,-0.008939213119447231,0.0,0.0
0.0,,0.03125,-0.008939213119447231,0.0,0.0
0.0,,0.03125,-0.011918950825929642,0.0,0.0
0.0,,0.03125,-0.008939213119447231,0.0,0.0
0.0,,0.03500000014901161,-0.011918950825929642,0.0,0.0
0.0,,0.032499998807907104,-0.008939213119447231,0.0,0.0
0.0,,0.038750000298023224,-0.011918950825929642,0.0,0.0
0.0,,0.03125,-0.008939213119447231,0.0,0.0
0.0,,0.032499998807907104,-0.011918950825929642,0.0,0.0
0.0,,0.032499998807907104,-0.008939213119447231,0.0,0.0
0.0,,0.03374999761581421,-0.011918950825929642,0.0,0.0
0.0,,0.038750000298023224,-0.008939213119447231,0.0,0.0
0.0,,0.03749999776482582,-0.008939213119447231,0.0,0.0
0.0,,0.036249998956918716,-0.011918950825929642,0.0,0.0
0.0,,0.03749999776482582,-0.008939213119447231,0.0,0.0
0.0,,0.036249998956918716,-0.008939213119447231,0.0,0.0
0.0,,0.036249998956918716,-0.011918950825929642,0.0,0.0
0.0,,0.032499998807907104,-0.008939213119447231,0.0,0.0
0.0,,0.03749999776482582,-0.008939213119447231,0.0,0.0
0.0,,0.038750000298023224,-0.008939213119447231,0.0,0.0
0.0,,0.03125,-0.008939213119447231,0.0,0.0
0.0,,0.027499999850988388,-0.008939213119447231,0.0,0.0
0.0,,0.03374999761581421,-0.011918950825929642,0.0,0.0
0.0,,0.028749998658895493,-0.008939213119447231,0.0,0.0
0.0,,0.03999999910593033,-0.005959475412964821,0.0,0.0
0.0,,0.032499998807907104,-0.011918950825929642,0.0,0.0
0.0,,0.028749998658895493,-0.008939213119447231,0.0,0.0
0.0,,0.03749999776482582,-0.008939213119447231,0.0,0.0
0.0,,0.038750000298023224,-0.005959475412964821,0.0,0.0
0.0,,0.03374999761581421,-0.008939213119447231,0.0,0.0
0.0,,0.029999999329447746,-0.011918950825929642,0.0,0.0
0.0,,0.038750000298023224,-0.008939213119447231,0.0,0.0
0.0,,0.038750000298023224,-0.008939213119447231,0.0,0.0
0.0,,0.03500000014901161,-0.008939213119447231,0.0,0.0
0.0,,0.038750000298023224,-0.011918950825929642,0.0,0.0
0.0,,0.03749999776482582,-0.008939213119447231,0.0,0.0
0.0,,0.036249998956918716,-0.011918950825929642,0.0,0.0
0.0,,0.038750000298023224,-0.008939213119447231,0.0,0.0
0.0,,0.036249998956918716,-0.008939213119447231,0.0,0.0
0.0,,0.038750000298023224,-0.008939213119447231,0.0,0.0
0.0,,0.038750000298023224,-0.008939213119447231,0.0,0.0
0.0,,0.03749999776482582,-0.008939213119447231,0.0,0.0
0.0,,0.03500000014901161,-0.008939213119447231,0.0,0.0
0.0,,0.03500000014901161,-0.011918950825929642,0.0,0.0
0.0,,0.036249998956918716,-0.011918950825929642,0.0,0.0
0.0,,0.032499998807907104,-0.011918950825929642,0.0,0.0
0.0,,0.032499998807907104,-0.011918950825929642,0.0,0.0
0.0,,0.03374999761581421,-0.008939213119447231,0.0,0.0
0.0,,0.03374999761581421,-0.008939213119447231,0.0,0.0
0.0,,0.03125,-0.011918950825929642,0.0,0.0
0.0,,0.016249999403953552,-0.011918950825929642,0.0,0.0
0.0,,0.036249998956918716,-0.011918950825929642,0.0,0.0
0.0,,0.036249998956918716,-0.008939213119447231,0.0,0.0
0.0,,0.03749999776482582,-0.008939213119447231,0.0,0.0
0.0,,0.03749999776482582,-0.008939213119447231,0.0,0.0
0.0,,0.03500000014901161,-0.011918950825929642,0.0,0.0
0.0,,0.032499998807907104,-0.011918950825929642,0.0,0.0
0.0,,0.03749999776482582,-0.008939213119447231,0.0,0.0
0.0,,0.03749999776482582,-0.008939213119447231,0.0,0.0
0.0,,0.038750000298023224,-0.008939213119447231,0.0,0.0
0.0,,0.036249998956918716,-0.008939213119447231,0.0,0.0
0.0,,0.038750000298023224,-0.008939213119447231,0.0,0.0
0.0,,0.03749999776482582,-0.011918950825929642,0.0,0.0
0.0,,0.03749999776482582,-0.008939213119447231,0.0,0.0
0.0,,0.038750000298023224,-0.011918950825929642,0.0,0.0
0.0,,0.03749999776482582,-0.005959475412964821,0.0,0.0
0.0,,0.038750000298023224,-0.011918950825929642,0.0,0.0
0.0,,0.036249998956918716,-0.011918950825929642,0.0,0.0
0.0,,0.03749999776482582,-0.011918950825929642,0.0,0.0
0.0,,0.03749999776482582,-0.011918950825929642,0.0,0.0
0.0,,0.03749999776482582,-0.011918950825929642,0.0,0.0
0.0,,0.03749999776482582,-0.011918950825929642,0.0,0.0
0.0,,0.038750000298023224,-0.011918950825929642,0.0,0.0
0.0,,0.03749999776482582,-0.008939213119447231,0.0,0.0
0.0,,0.03749999776482582,-0.008939213119447231,0.0,0.0
0.0,,0.03749999776482582,-0.008939213119447231,0.0,0.0
0.0,,0.03749999776482582,-0.008939213119447231,0.0,0.0
0.0,,0.038750000298023224,-0.008939213119447231,0.0,0.0
0.0,,0.03749999776482582,-0.008939213119447231,0.0,0.0
0.0,,0.038750000298023224,-0.008939213119447231,0.0,0.0
0.0,,0.038750000298023224,-0.011918950825929642,0.0,0.0
0.0,,0.038750000298023224,-0.008939213119447231,0.0,0.0
0.0,,0.03749999776482582,-0.008939213119447231,0.0,0.0
0.0,,0.03749999776482582,-0.008939213119447231,0.0,0.0
0.0,,0.03749999776482582,-0.008939213119447231,0.0,0.0
0.0,,0.036249998956918716,-0.011918950825929642,0.0,0.0
0.0,,0.03749999776482582,-0.011918950825929642,0.0,0.0
0.0,,0.03500000014901161,-0.008939213119447231,0.0,0.0
0.0,,0.03500000014901161,-0.008939213119447231,0.0,0.0
0.0,,0.03749999776482582,-0.011918950825929642,0.0,0.0
0.0,,0.032499998807907104,-0.005959475412964821,0.0,0.0
0.0,,0.038750000298023224,-0.008939213119447231,0.0,0.0
0.0,,0.03500000014901161,-0.008939213119447231,0.0,0.0
0.0,,0.03749999776482582,-0.011918950825929642,0.0,0.0
0.0,,0.03500000014901161,-0.008939213119447231,0.0,0.0
0.0,,0.03374999761581421,-0.011918950825929642,0.0,0.0
0.0,,0.03500000014901161,-0.011918950825929642,0.0,0.0
0.0,,0.03125,-0.011918950825929642,0.0,0.0
0.0,,0.038750000298023224,-0.008939213119447231,0.0,0.0
0.0,,0.03749999776482582,-0.008939213119447231,0.0,0.0
0.0,,0.03374999761581421,-0.008939213119447231,0.0,0.0
0.0,,0.03749999776482582,-0.011918950825929642,0.0,0.0
0.0,,0.032499998807907104,-0.008939213119447231,0.0,0.0
0.0,,0.038750000298023224,-0.011918950825929642,0.0,0.0
0.0,,0.038750000298023224,-0.011918950825929642,0.0,0.0
0.0,,0.03125,-0.008939213119447231,0.0,0.0
0.0,,0.036249998956918716,-0.008939213119447231,0.0,0.0
0.0,,0.036249998956918716,-0.008939213119447231,0.0,0.0
0.0,,0.03749999776482582,-0.008939213119447231,0.0,0.0
0.0,,0.038750000298023224,-0.008939213119447231,0.0,0.0
0.0,,0.038750000298023224,-0.008939213119447231,0.0,0.0
0.0,,0.036249998956918716,-0.008939213119447231,0.0,0.0
0.0,,0.03749999776482582,-0.014898688532412052,0.0,0.0
0.0,,0.03749999776482582,-0.011918950825929642,0.0,0.0
0.0,,0.03749999776482582,-0.011918950825929642,0.0,0.0
0.0,,0.03500000014901161,-0.008939213119447231,0.0,0.0
0.0,,0.03749999776482582,-0.008939213119447231,0.0,0.0
0.0,,0.03749999776482582,-0.008939213119447231,0.0,0.0
0.0,,0.036249998956918716,-0.011918950825929642,0.0,0.0
0.0,,0.036249998956918716,-0.008939213119447231,0.0,0.0
0.0,,0.036249998956918716,-0.011918950825929642,0.0,0.0
0.0,,0.03500000014901161,-0.008939213119447231,0.0,0.0
0.0,,0.036249998956918716,-0.011918950825929642,0.0,0.0
0.0,,0.03749999776482582,-0.005959475412964821,0.0,0.0
0.0,,0.03749999776482582,-0.011918950825929642,0.0,0.0
0.0,,0.036249998956918716,-0.008939213119447231,0.0,0.0
0.0,,0.036249998956918716,-0.008939213119447231,0.0,0.0
0.0,,0.03500000014901161,-0.011918950825929642,0.0,0.0
0.0,,0.036249998956918716,-0.011918950825929642,0.0,0.0
0.0,,0.03749999776482582,-0.011918950825929642,0.0,0.0
0.0,,0.03500000014901161,-0.011918950825929642,0.0,0.0
0.0,,0.038750000298023224,-0.008939213119447231,0.0,0.0
0.0,,0.038750000298023224,-0.008939213119447231,0.0,0.0
0.0,,0.03749999776482582,-0.011918950825929642,0.0,0.0
0.0,,0.036249998956918716,-0.011918950825929642,0.0,0.0
0.0,,0.03500000014901161,-0.008939213119447231,0.0,0.0
0.0,,0.026249999180436134,-0.014898688532412052,0.0,0.0
0.0,,0.027499999850988388,-0.008939213119447231,0.0,0.0
0.0,,0.036249998956918716,-0.008939213119447231,0.0,0.0
0.0,,0.03374999761581421,-0.011918950825929642,0.0,0.0
0.0,,0.03374999761581421,-0.014898688532412052,0.0,0.0
0.0,,0.028749998658895493,-0.008939213119447231,0.0,0.0
0.0,,0.036249998956918716,-0.008939213119447231,0.0,0.0
0.0,,0.029999999329447746,-0.008939213119447231,0.0,0.0
0.0,,0.03125,-0.011918950825929642,0.0,0.0
0.0,,0.03374999761581421,-0.008939213119447231,0.0,0.0
0.0,,0.029999999329447746,-0.008939213119447231,0.0,0.0
0.0,,0.029999999329447746,-0.008939213119447231,0.0,0.0
0.0,,0.029999999329447746,-0.011918950825929642,0.0,0.0
0.0,,0.03500000014901161,-0.011918950825929642,0.0,0.0
0.0,,0.036249998956918716,-0.008939213119447231,0.0,0.0
0.0,,0.036249998956918716,-0.011918950825929642,0.0,0.0
0.0,,0.029999999329447746,-0.008939213119447231,0.0,0.0
0.0,,0.03749999776482582,-0.008939213119447231,0.0,0.0
0.0,,0.03749999776482582,-0.011918950825929642,0.0,0.0
0.0,,0.036249998956918716,-0.011918950825929642,0.0,0.0
0.0,,0.036249998956918716,-0.008939213119447231,0.0,0.0
0.0,,0.032499998807907104,-0.011918950825929642,0.0,0.0
0.0,,0.03500000014901161,-0.008939213119447231,0.0,0.0
0.0,,0.03374999761581421,-0.011918950825929642,0.0,0.0
0.0,,0.03125,-0.008939213119447231,0.0,0.0
0.0,,0.03374999761581421,-0.008939213119447231,0.0,0.0
0.0,,0.032499998807907104,-0.011918950825929642,0.0,0.0
0.0,,0.032499998807907104,-0.005959475412964821,0.0,0.0
0.0,,0.03374999761581421,-0.008939213119447231,0.0,0.0
0.0,,0.03500000014901161,-0.008939213119447231,0.0,0.0
0.0,,0.032499998807907104,-0.008939213119447231,0.0,0.0
0.0,,0.036249998956918716,-0.008939213119447231,0.0,0.0
0.0,,0.028749998658895493,-0.008939213119447231,0.0,0.0
0.0,,0.04124999791383743,-0.011918950825929642,0.0,0.0
0.0,,0.028749998658895493,-0.011918950825929642,0.0,0.0
0.0,,0.036249998956918716,-0.011918950825929642,0.0,0.0
0.0,,0.032499998807907104,-0.008939213119447231,0.0,0.0
0.0,,0.036249998956918716,-0.008939213119447231,0.0,0.0
0.0,,0.03749999776482582,-0.008939213119447231,0.0,0.0
0.0,,0.03749999776482582,-0.008939213119447231,0.0,0.0
0.0,,0.03749999776482582,-0.008939213119447231,0.0,0.0
0.0,,0.03500000014901161,-0.008939213119447231,0.0,0.0
0.0,,0.036249998956918716,-0.008939213119447231,0.0,0.0
0.0,,0.036249998956918716,-0.011918950825929642,0.0,0.0
0.0,,0.036249998956918716,-0.011918950825929642,0.0,0.0
0.0,,0.032499998807907104,-0.008939213119447231,0.0,0.0
0.0,,0.036249998956918716,-0.008939213119447231,0.0,0.0
0.0,,0.03500000014901161,-0.008939213119447231,0.0,0.0
0.0,,0.03500000014901161,-0.011918950825929642,0.0,0.0
0.0,,0.036249998956918716,-0.008939213119447231,0.0,0.0
0.0,,0.032499998807907104,-0.008939213119447231,0.0,0.0
0.0,,0.03500000014901161,-0.008939213119447231,0.0,0.0
0.0,,0.029999999329447746,-0.011918950825929642,0.0,0.0
0.0,,0.028749998658895493,-0.011918950825929642,0.0,0.0
0.0,,0.03500000014901161,-0.005959475412964821,0.0,0.0
0.0,,0.032499998807907104,-0.011918950825929642,0.0,0.0
0.0,,0.03374999761581421,-0.011918950825929642,0.0,0.0
0.0,,0.032499998807907104,-0.011918950825929642,0.0,0.0
0.0,,0.021250000223517418,-0.008939213119447231,0.0,0.0
0.0,,0.032499998807907104,-0.011918950825929642,0.0,0.0
0.0,,0.029999999329447746,-0.011918950825929642,0.0,0.0
0.0,,0.032499998807907104,-0.008939213119447231,0.0,0.0
0.0,,0.03500000014901161,-0.005959475412964821,0.0,0.0
0.0,,0.03374999761581421,-0.008939213119447231,0.0,0.0
0.0,,0.03500000014901161,-0.011918950825929642,0.0,0.0
0.0,,0.03749999776482582,-0.008939213119447231,0.0,0.0
0.0,,0.03500000014901161,-0.011918950825929642,0.0,0.0
0.0,,0.03500000014901161,-0.008939213119447231,0.0,0.0
0.0,,0.036249998956918716,-0.011918950825929642,0.0,0.0
0.0,,0.03500000014901161,-0.008939213119447231,0.0,0.0
0.0,,0.036249998956918716,-0.011918950825929642,0.0,0.0
0.0,,0.03500000014901161,-0.008939213119447231,0.0,0.0
0.0,,0.03374999761581421,-0.008939213119447231,0.0,0.0
0.0,,0.036249998956918716,-0.008939213119447231,0.0,0.0
0.0,,0.03500000014901161,-0.011918950825929642,0.0,0.0
0.0,,0.036249998956918716,-0.011918950825929642,0.0,0.0
0.0,,0.036249998956918716,-0.011918950825929642,0.0,0.0
0.0,,0.038750000298023224,-0.011918950825929642,0.0,0.0
0.0,,0.03500000014901161,-0.011918950825929642,0.0,0.0
0.0,,0.03500000014901161,-0.008939213119447231,0.0,0.0
0.0,,0.032499998807907104,-0.008939213119447231,0.0,0.0
0.0,,0.032499998807907104,-0.008939213119447231,0.0,0.0
0.0,,0.02499999850988388,-0.017878426238894463,0.0,0.0
0.0,,0.03374999761581421,-0.011918950825929642,0.0,0.0
0.0,,0.03374999761581421,-0.011918950825929642,0.0,0.0
0.0,,0.026249999180436134,-0.008939213119447231,0.0,0.0
0.0,,0.03125,-0.008939213119447231,0.0,0.0
0.0,,0.03125,-0.008939213119447231,0.0,0.0
0.0,,0.036249998956918716,-0.008939213119447231,0.0,0.0
0.0,,0.036249998956918716,-0.005959475412964821,0.0,0.0
0.0,,0.036249998956918716,-0.005959475412964821,0.0,0.0
0.0,,0.036249998956918716,-0.008939213119447231,0.0,0.0
0.0,,0.03749999776482582,-0.011918950825929642,0.0,0.0
0.0,,0.036249998956918716,-0.008939213119447231,0.0,0.0
0.0,,0.036249998956918716,-0.008939213119447231,0.0,0.0
0.0,,0.036249998956918716,-0.008939213119447231,0.0,0.0
0.0,,0.036249998956918716,-0.008939213119447231,0.0,0.0
0.0,,0.036249998956918716,-0.008939213119447231,0.0,0.0
0.0,,0.03500000014901161,-0.008939213119447231,0.0,0.0
0.0,,0.03500000014901161,-0.008939213119447231,0.0,0.0
0.0,,0.032499998807907104,-0.005959475412964821,0.0,0.0
0.0,,0.03374999761581421,-0.008939213119447231,0.0,0.0
0.0,,0.028749998658895493,-0.005959475412964821,0.0,0.0
0.0,,0.028749998658895493,-0.011918950825929642,0.0,0.0
0.0,,0.03374999761581421,-0.008939213119447231,0.0,0.0
0.0,,0.03125,-0.011918950825929642,0.0,0.0
0.0,,0.029999999329447746,-0.011918950825929642,0.0,0.0
0.0,,0.03374999761581421,-0.011918950825929642,0.0,0.0
0.0,,0.03125,-0.008939213119447231,0.0,0.0
0.0,,0.03125,-0.008939213119447231,0.0,0.0
0.0,,0.026249999180436134,-0.008939213119447231,0.0,0.0
0.0,,0.042500000447034836,-0.008939213119447231,0.0,0.0
0.0,,0.038750000298023224,-0.005959475412964821,0.0,0.0
0.0,,0.032499998807907104,-0.011918950825929642,0.0,0.0
0.0,,0.026249999180436134,-0.008939213119447231,0.0,0.0
0.0,,0.027499999850988388,-0.008939213119447231,0.0,0.0
0.0,,0.02499999850988388,-0.011918950825929642,0.0,0.0
0.0,,0.026249999180436134,-0.008939213119447231,0.0,0.0
0.0,,0.03999999910593033,-0.008939213119447231,0.0,0.0
0.0,,0.036249998956918716,-0.008939213119447231,0.0,0.0
0.0,,0.03374999761581421,-0.011918950825929642,0.0,0.0
0.0,,0.029999999329447746,-0.008939213119447231,0.0,0.0
0.0,,0.03374999761581421,-0.008939213119447231,0.0,0.0
0.0,,0.036249998956918716,-0.008939213119447231,0.0,0.0
0.0,,0.03500000014901161,-0.005959475412964821,0.0,0.0
0.0,,0.03374999761581421,-0.008939213119447231,0.0,0.0
0.0,,0.03374999761581421,-0.008939213119447231,0.0,0.0
0.0,,0.03500000014901161,-0.008939213119447231,0.0,0.0
0.0,,0.03374999761581421,-0.011918950825929642,0.0,0.0
0.0,,0.03749999776482582,-0.008939213119447231,0.0,0.0
0.0,,0.036249998956918716,-0.008939213119447231,0.0,0.0
0.0,,0.036249998956918716,-0.005959475412964821,0.0,0.0
0.0,,0.032499998807907104,-0.011918950825929642,0.0,0.0
0.0,,0.03500000014901161,-0.011918950825929642,0.0,0.0
0.0,,0.03500000014901161,-0.008939213119447231,0.0,0.0
0.0,,0.03500000014901161,-0.008939213119447231,0.0,0.0
0.0,,0.03500000014901161,-0.008939213119447231,0.0,0.0
0.0,,0.03500000014901161,-0.011918950825929642,0.0,0.0
0.0,,0.03500000014901161,-0.008939213119447231,0.0,0.0
0.0,,0.028749998658895493,-0.011918950825929642,0.0,0.0
0.0,,0.03500000014901161,-0.005959475412964821,0.0,0.0
0.0,,0.032499998807907104,-0.008939213119447231,0.0,0.0
0.0,,0.02499999850988388,-0.011918950825929642,0.0,0.0
0.0,,0.032499998807907104,-0.011918950825929642,0.0,0.0
0.0,,0.036249998956918716,-0.011918950825929642,0.0,0.0
0.0,,0.032499998807907104,-0.005959475412964821,0.0,0.0
0.0,,0.02499999850988388,-0.005959475412964821,0.0,0.0
0.0,,0.03125,-0.008939213119447231,0.0,0.0
0.0,,0.029999999329447746,-0.005959475412964821,0.0,0.0
0.0,,0.03374999761581421,-0.011918950825929642,0.0,0.0
0.0,,0.03374999761581421,-0.005959475412964821,0.0,0.0
0.0,,0.029999999329447746,-0.011918950825929642,0.0,0.0
0.0,,0.032499998807907104,-0.008939213119447231,0.0,0.0
0.0,,0.038750000298023224,-0.011918950825929642,0.0,0.0
0.0,,0.03500000014901161,-0.011918950825929642,0.0,0.0
0.0,,0.032499998807907104,-0.008939213119447231,0.0,0.0
0.0,,0.03374999761581421,-0.008939213119447231,0.0,0.0
0.0,,0.03500000014901161,-0.011918950825929642,0.0,0.0
0.0,,0.03374999761581421,-0.008939213119447231,0.0,0.0
0.0,,0.03374999761581421,-0.011918950825929642,0.0,0.0
0.0,,0.03500000014901161,-0.008939213119447231,0.0,0.0
0.0,,0.03374999761581421,-0.008939213119447231,0.0,0.0
0.0,,0.03500000014901161,-0.008939213119447231,0.0,0.0
0.0,,0.032499998807907104,-0.008939213119447231,0.0,0.0
0.0,,0.03374999761581421,-0.008939213119447231,0.0,0.0
0.0,,0.032499998807907104,-0.008939213119447231,0.0,0.0
0.0,,0.03500000014901161,-0.011918950825929642,0.0,0.0
0.0,,0.03500000014901161,-0.008939213119447231,0.0,0.0
0.0,,0.03500000014901161,-0.011918950825929642,0.0,0.0
0.0,,0.03374999761581421,-0.008939213119447231,0.0,0.0
0.0,,0.03374999761581421,-0.008939213119447231,0.0,0.0
0.0,,0.03374999761581421,-0.008939213119447231,0.0,0.0
0.0,,0.03500000014901161,-0.011918950825929642,0.0,0.0
0.0,,0.03500000014901161,-0.008939213119447231,0.0,0.0
0.0,,0.03374999761581421,-0.008939213119447231,0.0,0.0
0.0,,0.03500000014901161,-0.008939213119447231,0.0,0.0
0.0,,0.036249998956918716,-0.008939213119447231,0.0,0.0
0.0,,0.03374999761581421,-0.008939213119447231,0.0,0.0
0.0,,0.03125,-0.011918950825929642,0.0,0.0
0.0,,0.032499998807907104,-0.011918950825929642,0.0,0.0
0.0,,0.029999999329447746,-0.008939213119447231,0.0,0.0
0.0,,0.03500000014901161,-0.011918950825929642,0.0,0.0
0.0,,0.03125,-0.008939213119447231,0.0,0.0
0.0,,0.032499998807907104,-0.008939213119447231,0.0,0.0
0.0,,0.03374999761581421,-0.005959475412964821,0.0,0.0
0.0,,0.036249998956918716,-0.008939213119447231,0.0,0.0
0.0,,0.032499998807907104,-0.005959475412964821,0.0,0.0
0.0,,0.03374999761581421,-0.008939213119447231,0.0,0.0
0.0,,0.03500000014901161,-0.011918950825929642,0.0,0.0
0.0,,0.03374999761581421,-0.008939213119447231,0.0,0.0
0.0,,0.03374999761581421,-0.011918950825929642,0.0,0.0
0.0,,0.03374999761581421,-0.008939213119447231,0.0,0.0
0.0,,0.03374999761581421,-0.011918950825929642,0.0,0.0
0.0,,0.03500000014901161,-0.011918950825929642,0.0,0.0
0.0,,0.032499998807907104,-0.011918950825929642,0.0,0.0
0.0,,0.03500000014901161,-0.011918950825929642,0.0,0.0
0.0,,0.03374999761581421,-0.008939213119447231,0.0,0.0
0.0,,0.03374999761581421,-0.008939213119447231,0.0,0.0
0.0,,0.03374999761581421,-0.008939213119447231,0.0,0.0
0.0,,0.03374999761581421,-0.011918950825929642,0.0,0.0
0.0,,0.03374999761581421,-0.008939213119447231,0.0,0.0
0.0,,0.03374999761581421,-0.008939213119447231,0.0,0.0
0.0,,0.03500000014901161,-0.008939213119447231,0.0,0.0
0.0,,0.03374999761581421,-0.011918950825929642,0.0,0.0
0.0,,0.032499998807907104,-0.008939213119447231,0.0,0.0
0.0,,0.03374999761581421,-0.011918950825929642,0.0,0.0
0.0,,0.03374999761581421,-0.008939213119447231,0.0,0.0
0.0,,0.03374999761581421,-0.011918950825929642,0.0,0.0
0.0,,0.03500000014901161,-0.011918950825929642,0.0,0.0
0.0,,0.032499998807907104,-0.011918950825929642,0.0,0.0
0.0,,0.03500000014901161,-0.005959475412964821,0.0,0.0
0.0,,0.03125,-0.008939213119447231,0.0,0.0
0.0,,0.03374999761581421,-0.008939213119447231,0.0,0.0
0.0,,0.03374999761581421,-0.011918950825929642,0.0,0.0
0.0,,0.03374999761581421,-0.008939213119447231,0.0,0.0
0.0,,0.032499998807907104,-0.008939213119447231,0.0,0.0
0.0,,0.032499998807907104,-0.011918950825929642,0.0,0.0
0.0,,0.032499998807907104,-0.008939213119447231,0.0,0.0
0.0,,0.032499998807907104,-0.011918950825929642,0.0,0.0
0.0,,0.032499998807907104,-0.008939213119447231,0.0,0.0
0.0,,0.03500000014901161,-0.011918950825929642,0.0,0.0
0.0,,0.032499998807907104,-0.008939213119447231,0.0,0.0
0.0,,0.03374999761581421,-0.008939213119447231,0.0,0.0
0.0,,0.03374999761581421,-0.011918950825929642,0.0,0.0
0.0,,0.03125,-0.011918950825929642,0.0,0.0
0.0,,0.032499998807907104,-0.011918950825929642,0.0,0.0
0.0,,0.03374999761581421,-0.014898688532412052,0.0,0.0
0.0,,0.03125,-0.011918950825929642,0.0,0.0
0.0,,0.02499999850988388,-0.008939213119447231,0.0,0.0
0.0,,0.03374999761581421,-0.005959475412964821,0.0,0.0
0.0,,0.03125,-0.008939213119447231,0.0,0.0
0.0,,0.028749998658895493,-0.008939213119447231,0.0,0.0
0.0,,0.027499999850988388,-0.008939213119447231,0.0,0.0
0.0,,0.021250000223517418,-0.008939213119447231,0.0,0.0
0.0,,0.032499998807907104,-0.011918950825929642,0.0,0.0
0.0,,0.032499998807907104,-0.011918950825929642,0.0,0.0
0.0,,0.032499998807907104,-0.005959475412964821,0.0,0.0
0.0,,0.03374999761581421,-0.011918950825929642,0.0,0.0
0.0,,0.029999999329447746,-0.008939213119447231,0.0,0.0
0.0,,0.032499998807907104,-0.008939213119447231,0.0,0.0
0.0,,0.032499998807907104,-0.011918950825929642,0.0,0.0
0.0,,0.036249998956918716,-0.011918950825929642,0.0,0.0
0.0,,0.03125,-0.008939213119447231,0.0,0.0
0.0,,0.032499998807907104,-0.011918950825929642,0.0,0.0
0.0,,0.03374999761581421,-0.011918950825929642,0.0,0.0
0.0,,0.03500000014901161,-0.011918950825929642,0.0,0.0
0.0,,0.03125,-0.011918950825929642,0.0,0.0
0.0,,0.029999999329447746,-0.008939213119447231,0.0,0.0
0.0,,0.03374999761581421,-0.008939213119447231,0.0,0.0
0.0,,0.028749998658895493,-0.014898688532412052,0.0,0.0
0.0,,0.027499999850988388,-0.011918950825929642,0.0,0.0
0.0,,0.028749998658895493,-0.011918950825929642,0.0,0.0
0.0,,0.03125,-0.011918950825929642,0.0,0.0
0.0,,0.023749999701976776,-0.011918950825929642,0.0,0.0
0.0,,0.038750000298023224,-0.014898688532412052,0.0,0.0
0.0,,0.032499998807907104,-0.008939213119447231,0.0,0.0
0.0,,0.03749999776482582,-0.008939213119447231,0.0,0.0
0.0,,0.027499999850988388,-0.011918950825929642,0.0,0.0
0.0,,0.032499998807907104,-0.014898688532412052,0.0,0.0
0.0,,0.03374999761581421,-0.011918950825929642,0.0,0.0
0.0,,0.03374999761581421,-0.011918950825929642,0.0,0.0
0.0,,0.03125,-0.008939213119447231,0.0,0.0
0.0,,0.03374999761581421,-0.008939213119447231,0.0,0.0
0.0,,0.032499998807907104,-0.005959475412964821,0.0,0.0
0.0,,0.032499998807907104,-0.011918950825929642,0.0,0.0
0.0,,0.03374999761581421,-0.008939213119447231,0.0,0.0
0.0,,0.032499998807907104,-0.011918950825929642,0.0,0.0
0.0,,0.03374999761581421,-0.008939213119447231,0.0,0.0
0.0,,0.032499998807907104,-0.008939213119447231,0.0,0.0
0.0,,0.03125,-0.008939213119447231,0.0,0.0
0.0,,0.032499998807907104,-0.008939213119447231,0.0,0.0
0.0,,0.03125,-0.008939213119447231,0.0,0.0
0.0,,0.03125,-0.008939213119447231,0.0,0.0
0.0,,0.03125,-0.011918950825929642,0.0,0.0
0.0,,0.03500000014901161,-0.011918950825929642,0.0,0.0
0.0,,0.032499998807907104,-0.008939213119447231,0.0,0.0
0.0,,0.03500000014901161,-0.008939213119447231,0.0,0.0
0.0,,0.028749998658895493,-0.011918950825929642,0.0,0.0
0.0,,0.03374999761581421,-0.011918950825929642,0.0,0.0
0.0,,0.032499998807907104,-0.011918950825929642,0.0,0.0
0.0,,0.03374999761581421,-0.011918950825929642,0.0,0.0
0.0,,0.027499999850988388,-0.011918950825929642,0.0,0.0
0.0,,0.032499998807907104,-0.011918950825929642,0.0,0.0
0.0,,0.03374999761581421,-0.008939213119447231,0.0,0.0
0.0,,0.03125,-0.008939213119447231,0.0,0.0
0.0,,0.03374999761581421,-0.011918950825929642,0.0,0.0
0.0,,0.029999999329447746,-0.011918950825929642,0.0,0.0
0.0,,0.03125,-0.008939213119447231,0.0,0.0
0.0,,0.032499998807907104,-0.008939213119447231,0.0,0.0
0.0,,0.032499998807907104,-0.008939213119447231,0.0,0.0
0.0,,0.03374999761581421,-0.011918950825929642,0.0,0.0
0.0,,0.032499998807907104,-0.008939213119447231,0.0,0.0
0.0,,0.03125,-0.011918950825929642,0.0,0.0
0.0,,0.029999999329447746,-0.011918950825929642,0.0,0.0
0.0,,0.02499999850988388,-0.008939213119447231,0.0,0.0
0.0,,0.03500000014901161,-0.011918950825929642,0.0,0.0
0.0,,0.03125,-0.008939213119447231,0.0,0.0
0.0,,0.026249999180436134,-0.011918950825929642,0.0,0.0
0.0,,0.029999999329447746,-0.011918950825929642,0.0,0.0
0.0,,0.021250000223517418,-0.011918950825929642,0.0,0.0
0.0,,0.029999999329447746,-0.011918950825929642,0.0,0.0
0.0,,0.028749998658895493,-0.011918950825929642,0.0,0.0
0.0,,0.03125,-0.008939213119447231,0.0,0.0
0.0,,0.032499998807907104,-0.008939213119447231,0.0,0.0
0.0,,0.023749999701976776,-0.011918950825929642,0.0,0.0
0.0,,0.028749998658895493,-0.008939213119447231,0.0,0.0
0.0,,0.03125,-0.008939213119447231,0.0,0.0
0.0,,0.03374999761581421,-0.008939213119447231,0.0,0.0
0.0,,0.032499998807907104,-0.008939213119447231,0.0,0.0
0.0,,0.03125,-0.008939213119447231,0.0,0.0
0.0,,0.03125,-0.008939213119447231,0.0,0.0
0.0,,0.03125,-0.005959475412964821,0.0,0.0
0.0,,0.03125,-0.008939213119447231,0.0,0.0
0.0,,0.032499998807907104,-0.008939213119447231,0.0,0.0
0.0,,0.032499998807907104,-0.008939213119447231,0.0,0.0
0.0,,0.03125,-0.011918950825929642,0.0,0.0
0.0,,0.03125,-0.008939213119447231,0.0,0.0
0.0,,0.032499998807907104,-0.008939213119447231,0.0,0.0
0.0,,0.03125,-0.011918950825929642,0.0,0.0
0.0,,0.032499998807907104,-0.008939213119447231,0.0,0.0
0.0,,0.03125,-0.008939213119447231,0.0,0.0
0.0,,0.03125,-0.008939213119447231,0.0,0.0
0.0,,0.029999999329447746,-0.008939213119447231,0.0,0.0
0.0,,0.032499998807907104,-0.008939213119447231,0.0,0.0
0.0,,0.03125,-0.008939213119447231,0.0,0.0
0.0,,0.029999999329447746,-0.008939213119447231,0.0,0.0
0.0,,0.028749998658895493,-0.011918950825929642,0.0,0.0
0.0,,0.03125,-0.011918950825929642,0.0,0.0
0.0,,0.032499998807907104,-0.008939213119447231,0.0,0.0
0.0,,0.03374999761581421,-0.005959475412964821,0.0,0.0
0.0,,0.03125,-0.011918950825929642,0.0,0.0
0.0,,0.029999999329447746,-0.011918950825929642,0.0,0.0
0.0,,0.03125,-0.008939213119447231,0.0,0.0
0.0,,0.03125,-0.008939213119447231,0.0,0.0
0.0,,0.03125,-0.008939213119447231,0.0,0.0
0.0,,0.03374999761581421,-0.008939213119447231,0.0,0.0
0.0,,0.032499998807907104,-0.008939213119447231,0.0,0.0
0.0,,0.032499998807907104,-0.008939213119447231,0.0,0.0
0.0,,0.032499998807907104,-0.008939213119447231,0.0,0.0
0.0,,0.032499998807907104,-0.008939213119447231,0.0,0.0
0.0,,0.028749998658895493,-0.011918950825929642,0.0,0.0
0.0,,0.029999999329447746,-0.008939213119447231,0.0,0.0
0.0,,0.03125,-0.005959475412964821,0.0,0.0
0.0,,0.027499999850988388,-0.011918950825929642,0.0,0.0
0.0,,0.029999999329447746,-0.008939213119447231,0.0,0.0
0.0,,0.03374999761581421,-0.011918950825929642,0.0,0.0
0.0,,0.019999999552965164,-0.008939213119447231,0.0,0.0
0.0,,0.029999999329447746,-0.008939213119447231,0.0,0.0
0.0,,0.019999999552965164,-0.008939213119447231,0.0,0.0
0.0,,0.023749999701976776,-0.008939213119447231,0.0,0.0
0.0,,0.023749999701976776,-0.008939213119447231,0.0,0.0
0.0,,0.02499999850988388,-0.008939213119447231,0.0,0.0
0.0,,0.026249999180436134,-0.008939213119447231,0.0,0.0
0.0,,0.029999999329447746,-0.011918950825929642,0.0,0.0
0.0,,0.02499999850988388,-0.008939213119447231,0.0,0.0
0.0,,0.028749998658895493,-0.011918950825929642,0.0,0.0
0.0,,0.028749998658895493,-0.011918950825929642,0.0,0.0
0.0,,0.03125,-0.011918950825929642,0.0,0.0
0.0,,0.029999999329447746,-0.011918950825929642,0.0,0.0
0.0,,0.028749998658895493,-0.011918950825929642,0.0,0.0
0.0,,0.03374999761581421,-0.008939213119447231,0.0,0.0
0.0,,0.03125,-0.011918950825929642,0.0,0.0
0.0,,0.027499999850988388,-0.008939213119447231,0.0,0.0
0.0,,0.032499998807907104,-0.011918950825929642,0.0,0.0
0.0,,0.029999999329447746,-0.011918950825929642,0.0,0.0
0.0,,0.03374999761581421,-0.011918950825929642,0.0,0.0
0.0,,0.023749999701976776,-0.008939213119447231,0.0,0.0
0.0,,0.032499998807907104,-0.005959475412964821,0.0,0.0
0.0,,0.032499998807907104,-0.005959475412964821,0.0,0.0
0.0,,0.02499999850988388,-0.008939213119447231,0.0,0.0
0.0,,0.022499999031424522,-0.008939213119447231,0.0,0.0
0.0,,0.029999999329447746,-0.008939213119447231,0.0,0.0
0.0,,0.032499998807907104,-0.005959475412964821,0.0,0.0
0.0,,0.03125,-0.008939213119447231,0.0,0.0
0.0,,0.032499998807907104,-0.008939213119447231,0.0,0.0
0.0,,0.032499998807907104,-0.008939213119447231,0.0,0.0
0.0,,0.032499998807907104,-0.008939213119447231,0.0,0.0
0.0,,0.032499998807907104,-0.008939213119447231,0.0,0.0
0.0,,0.03374999761581421,-0.008939213119447231,0.0,0.0
0.0,,0.03125,-0.008939213119447231,0.0,0.0
0.0,,0.03125,-0.011918950825929642,0.0,0.0
0.0,,0.029999999329447746,-0.005959475412964821,0.0,0.0
0.0,,0.03125,-0.008939213119447231,0.0,0.0
0.0,,0.03125,-0.011918950825929642,0.0,0.0
0.0,,0.029999999329447746,-0.011918950825929642,0.0,0.0
0.0,,0.03125,-0.008939213119447231,0.0,0.0
0.0,,0.03125,-0.011918950825929642,0.0,0.0
0.0,,0.03125,-0.011918950825929642,0.0,0.0
0.0,,0.032499998807907104,-0.011918950825929642,0.0,0.0
0.0,,0.029999999329447746,-0.008939213119447231,0.0,0.0
0.0,,0.03125,-0.008939213119447231,0.0,0.0
0.0,,0.029999999329447746,-0.011918950825929642,0.0,0.0
0.0,,0.032499998807907104,-0.008939213119447231,0.0,0.0
0.0,,0.03125,-0.008939213119447231,0.0,0.0
0.0,,0.032499998807907104,-0.011918950825929642,0.0,0.0
0.0,,0.032499998807907104,-0.008939213119447231,0.0,0.0
0.0,,0.029999999329447746,-0.008939213119447231,0.0,0.0
0.0,,0.03125,-0.008939213119447231,0.0,0.0
0.0,,0.032499998807907104,-0.008939213119447231,0.0,0.0
0.0,,0.032499998807907104,-0.008939213119447231,0.0,0.0
0.0,,0.032499998807907104,-0.011918950825929642,0.0,0.0
0.0,,0.03125,-0.011918950825929642,0.0,0.0
0.0,,0.03125,-0.008939213119447231,0.0,0.0
0.0,,0.03125,-0.011918950825929642,0.0,0.0
0.0,,0.032499998807907104,-0.011918950825929642,0.0,0.0
0.0,,0.03125,-0.011918950825929642,0.0,0.0
0.0,,0.032499998807907104,-0.011918950825929642,0.0,0.0
0.0,,0.028749998658895493,-0.011918950825929642,0.0,0.0
0.0,,0.03125,-0.008939213119447231,0.0,0.0
0.0,,0.03125,-0.008939213119447231,0.0,0.0
0.0,,0.03125,-0.008939213119447231,0.0,0.0
0.0,,0.029999999329447746,-0.008939213119447231,0.0,0.0
0.0,,0.03125,-0.011918950825929642,0.0,0.0
0.0,,0.028749998658895493,-0.011918950825929642,0.0,0.0
0.0,,0.03125,-0.011918950825929642,0.0,0.0
0.0,,0.028749998658895493,-0.011918950825929642,0.0,0.0
0.0,,0.029999999329447746,-0.011918950825929642,0.0,0.0
0.0,,0.032499998807907104,-0.008939213119447231,0.0,0.0
0.0,,0.03125,-0.011918950825929642,0.0,0.0
0.0,,0.029999999329447746,-0.011918950825929642,0.0,0.0
0.0,,0.032499998807907104,-0.011918950825929642,0.0,0.0
0.0,,0.028749998658895493,-0.011918950825929642,0.0,0.0
0.0,,0.03125,-0.008939213119447231,0.0,0.0
0.0,,0.03125,-0.008939213119447231,0.0,0.0
0.0,,0.026249999180436134,-0.011918950825929642,0.0,0.0
0.0,,0.03125,-0.011918950825929642,0.0,0.0
0.0,,0.029999999329447746,-0.008939213119447231,0.0,0.0
0.0,,0.032499998807907104,-0.008939213119447231,0.0,0.0
0.0,,0.029999999329447746,-0.008939213119447231,0.0,0.0
0.0,,0.028749998658895493,-0.011918950825929642,0.0,0.0
0.0,,0.028749998658895493,-0.005959475412964821,0.0,0.0
0.0,,0.028749998658895493,-0.011918950825929642,0.0,0.0
0.0,,0.027499999850988388,-0.011918950825929642,0.0,0.0
0.0,,0.023749999701976776,-0.008939213119447231,0.0,0.0
0.0,,0.023749999701976776,-0.014898688532412052,0.0,0.0
0.0,,0.026249999180436134,-0.011918950825929642,0.0,0.0
0.0,,0.023749999701976776,-0.011918950825929642,0.0,0.0
0.0,,0.028749998658895493,-0.005959475412964821,0.0,0.0
0.0,,0.027499999850988388,-0.008939213119447231,0.0,0.0
0.0,,0.022499999031424522,-0.008939213119447231,0.0,0.0
0.0,,0.026249999180436134,-0.005959475412964821,0.0,0.0
0.0,,0.03125,-0.011918950825929642,0.0,0.0
0.0,,0.029999999329447746,-0.008939213119447231,0.0,0.0
0.0,,0.03125,-0.008939213119447231,0.0,0.0
0.0,,0.022499999031424522,-0.005959475412964821,0.0,0.0
0.0,,0.032499998807907104,-0.008939213119447231,0.0,0.0
0.0,,0.027499999850988388,-0.008939213119447231,0.0,0.0
0.0,,0.028749998658895493,-0.008939213119447231,0.0,0.0
0.0,,0.03125,-0.011918950825929642,0.0,0.0
0.0,,0.03125,-0.008939213119447231,0.0,0.0
0.0,,0.032499998807907104,-0.011918950825929642,0.0,0.0
0.0,,0.027499999850988388,-0.008939213119447231,0.0,0.0
0.0,,0.029999999329447746,-0.011918950825929642,0.0,0.0
0.0,,0.019999999552965164,-0.008939213119447231,0.0,0.0
0.0,,0.026249999180436134,-0.008939213119447231,0.0,0.0
0.0,,0.017500000074505806,-0.008939213119447231,0.0,0.0
0.0,,0.022499999031424522,-0.011918950825929642,0.0,0.0
0.0,,0.028749998658895493,-0.011918950825929642,0.0,0.0
0.0,,0.026249999180436134,-0.008939213119447231,0.0,0.0
0.0,,0.03374999761581421,-0.011918950825929642,0.0,0.0
0.0,,0.027499999850988388,-0.008939213119447231,0.0,0.0
0.0,,0.023749999701976776,-0.011918950825929642,0.0,0.0
0.0,,0.03374999761581421,-0.008939213119447231,0.0,0.0
0.0,,0.03374999761581421,-0.008939213119447231,0.0,0.0
0.0,,0.03125,-0.008939213119447231,0.0,0.0
0.0,,0.029999999329447746,-0.011918950825929642,0.0,0.0
0.0,,0.03125,-0.008939213119447231,0.0,0.0
0.0,,0.03125,-0.008939213119447231,0.0,0.0
0.0,,0.028749998658895493,-0.005959475412964821,0.0,0.0
0.0,,0.03125,-0.008939213119447231,0.0,0.0
0.0,,0.028749998658895493,-0.008939213119447231,0.0,0.0
0.0,,0.029999999329447746,-0.008939213119447231,0.0,0.0
0.0,,0.029999999329447746,-0.008939213119447231,0.0,0.0
0.0,,0.032499998807907104,-0.008939213119447231,0.0,0.0
0.0,,0.03125,-0.008939213119447231,0.0,0.0
0.0,,0.029999999329447746,-0.011918950825929642,0.0,0.0
0.0,,0.03125,-0.011918950825929642,0.0,0.0
0.0,,0.028749998658895493,-0.008939213119447231,0.0,0.0
0.0,,0.032499998807907104,-0.008939213119447231,0.0,0.0
0.0,,0.03125,-0.011918950825929642,0.0,0.0
0.0,,0.029999999329447746,-0.008939213119447231,0.0,0.0
0.0,,0.028749998658895493,-0.008939213119447231,0.0,0.0
0.0,,0.028749998658895493,-0.008939213119447231,0.0,0.0
0.0,,0.028749998658895493,-0.008939213119447231,0.0,0.0
0.0,,0.029999999329447746,-0.008939213119447231,0.0,0.0
0.0,,0.03125,-0.005959475412964821,0.0,0.0
0.0,,0.03125,-0.011918950825929642,0.0,0.0
0.0,,0.028749998658895493,-0.008939213119447231,0.0,0.0
0.0,,0.029999999329447746,-0.005959475412964821,0.0,0.0
0.0,,0.029999999329447746,-0.008939213119447231,0.0,0.0
0.0,,0.028749998658895493,-0.011918950825929642,0.0,0.0
0.0,,0.02499999850988388,-0.008939213119447231,0.0,0.0
0.0,,0.028749998658895493,-0.005959475412964821,0.0,0.0
0.0,,0.028749998658895493,-0.011918950825929642,0.0,0.0
0.0,,0.02499999850988388,-0.008939213119447231,0.0,0.0
0.0,,0.03125,-0.011918950825929642,0.0,0.0
0.0,,0.027499999850988388,-0.008939213119447231,0.0,0.0
0.0,,0.03125,-0.008939213119447231,0.0,0.0
0.0,,0.03125,-0.008939213119447231,0.0,0.0
0.0,,0.029999999329447746,-0.008939213119447231,0.0,0.0
0.0,,0.029999999329447746,-0.008939213119447231,0.0,0.0
0.0,,0.029999999329447746,-0.008939213119447231,0.0,0.0
0.0,,0.03125,-0.011918950825929642,0.0,0.0
0.0,,0.029999999329447746,-0.008939213119447231,0.0,0.0
0.0,,0.029999999329447746,-0.008939213119447231,0.0,0.0
0.0,,0.03125,-0.011918950825929642,0.0,0.0
0.0,,0.029999999329447746,-0.008939213119447231,0.0,0.0
0.0,,0.03125,-0.011918950825929642,0.0,0.0
0.0,,0.029999999329447746,-0.008939213119447231,0.0,0.0
0.0,,0.029999999329447746,-0.008939213119447231,0.0,0.0
0.0,,0.029999999329447746,-0.011918950825929642,0.0,0.0
0.0,,0.029999999329447746,-0.008939213119447231,0.0,0.0
0.0,,0.029999999329447746,-0.008939213119447231,0.0,0.0
0.0,,0.028749998658895493,-0.005959475412964821,0.0,0.0
0.0,,0.028749998658895493,-0.011918950825929642,0.0,0.0
0.0,,0.028749998658895493,-0.011918950825929642,0.0,0.0
0.0,,0.029999999329447746,-0.011918950825929642,0.0,0.0
0.0,,0.028749998658895493,-0.014898688532412052,0.0,0.0
0.0,,0.03125,-0.008939213119447231,0.0,0.0
0.0,,0.027499999850988388,-0.008939213119447231,0.0,0.0
0.0,,0.028749998658895493,-0.008939213119447231,0.0,0.0
0.0,,0.03125,-0.011918950825929642,0.0,0.0
0.0,,0.028749998658895493,-0.008939213119447231,0.0,0.0
0.0,,0.028749998658895493,-0.008939213119447231,0.0,0.0
0.0,,0.029999999329447746,-0.011918950825929642,0.0,0.0
0.0,,0.029999999329447746,-0.011918950825929642,0.0,0.0
0.0,,0.028749998658895493,-0.008939213119447231,0.0,0.0
0.0,,0.029999999329447746,-0.008939213119447231,0.0,0.0
0.0,,0.028749998658895493,-0.0029797377064824104,0.0,0.0
0.0,,0.01874999888241291,-0.011918950825929642,0.0,0.0
0.0,,0.026249999180436134,-0.011918950825929642,0.0,0.0
0.0,,0.029999999329447746,-0.008939213119447231,0.0,0.0
0.0,,0.023749999701976776,-0.011918950825929642,0.0,0.0
0.0,,0.027499999850988388,-0.008939213119447231,0.0,0.0
0.0,,0.032499998807907104,-0.008939213119447231,0.0,0.0
0.0,,0.027499999850988388,-0.011918950825929642,0.0,0.0
0.0,,0.026249999180436134,-0.008939213119447231,0.0,0.0
0.0,,0.028749998658895493,-0.008939213119447231,0.0,0.0
0.0,,0.02499999850988388,-0.011918950825929642,0.0,0.0
0.0,,0.027499999850988388,-0.011918950825929642,0.0,0.0
0.0,,0.03125,-0.011918950825929642,0.0,0.0
0.0,,0.03374999761581421,-0.008939213119447231,0.0,0.0
0.0,,0.02499999850988388,-0.008939213119447231,0.0,0.0
0.0,,0.028749998658895493,-0.008939213119447231,0.0,0.0
0.0,,0.029999999329447746,-0.008939213119447231,0.0,0.0
0.0,,0.028749998658895493,-0.008939213119447231,0.0,0.0
0.0,,0.028749998658895493,-0.008939213119447231,0.0,0.0
0.0,,0.029999999329447746,-0.008939213119447231,0.0,0.0
0.0,,0.028749998658895493,-0.008939213119447231,0.0,0.0
0.0,,0.029999999329447746,-0.008939213119447231,0.0,0.0
0.0,,0.03125,-0.011918950825929642,0.0,0.0
0.0,,0.028749998658895493,-0.005959475412964821,0.0,0.0
0.0,,0.028749998658895493,-0.008939213119447231,0.0,0.0
0.0,,0.029999999329447746,-0.008939213119447231,0.0,0.0
0.0,,0.029999999329447746,-0.011918950825929642,0.0,0.0
0.0,,0.028749998658895493,-0.011918950825929642,0.0,0.0
0.0,,0.028749998658895493,-0.011918950825929642,0.0,0.0
0.0,,0.03125,-0.011918950825929642,0.0,0.0
0.0,,0.027499999850988388,-0.011918950825929642,0.0,0.0
0.0,,0.028749998658895493,-0.008939213119447231,0.0,0.0
0.0,,0.026249999180436134,-0.011918950825929642,0.0,0.0
0.0,,0.028749998658895493,-0.008939213119447231,0.0,0.0
0.0,,0.028749998658895493,-0.011918950825929642,0.0,0.0
0.0,,0.028749998658895493,-0.008939213119447231,0.0,0.0
0.0,,0.029999999329447746,-0.005959475412964821,0.0,0.0
0.0,,0.026249999180436134,-0.011918950825929642,0.0,0.0
0.0,,0.029999999329447746,-0.008939213119447231,0.0,0.0
0.0,,0.022499999031424522,-0.008939213119447231,0.0,0.0
0.0,,0.023749999701976776,-0.005959475412964821,0.0,0.0
0.0,,0.023749999701976776,-0.005959475412964821,0.0,0.0
0.0,,0.023749999701976776,-0.011918950825929642,0.0,0.0
0.0,,0.023749999701976776,-0.008939213119447231,0.0,0.0
0.0,,0.02499999850988388,-0.005959475412964821,0.0,0.0
0.0,,0.028749998658895493,-0.008939213119447231,0.0,0.0
0.0,,0.023749999701976776,-0.005959475412964821,0.0,0.0
0.0,,0.023749999701976776,-0.008939213119447231,0.0,0.0
0.0,,0.026249999180436134,-0.008939213119447231,0.0,0.0
0.0,,0.027499999850988388,-0.008939213119447231,0.0,0.0
0.0,,0.028749998658895493,-0.008939213119447231,0.0,0.0
0.0,,0.03125,-0.008939213119447231,0.0,0.0
0.0,,0.028749998658895493,-0.008939213119447231,0.0,0.0
0.0,,0.026249999180436134,-0.008939213119447231,0.0,0.0
0.0,,0.028749998658895493,-0.011918950825929642,0.0,0.0
0.0,,0.029999999329447746,-0.008939213119447231,0.0,0.0
0.0,,0.028749998658895493,-0.011918950825929642,0.0,0.0
0.0,,0.028749998658895493,-0.005959475412964821,0.0,0.0
0.0,,0.029999999329447746,-0.008939213119447231,0.0,0.0
0.0,,0.029999999329447746,-0.011918950825929642,0.0,0.0
0.0,,0.028749998658895493,-0.008939213119447231,0.0,0.0
0.0,,0.028749998658895493,-0.008939213119447231,0.0,0.0
0.0,,0.029999999329447746,-0.008939213119447231,0.0,0.0
0.0,,0.029999999329447746,-0.008939213119447231,0.0,0.0
0.0,,0.029999999329447746,-0.011918950825929642,0.0,0.0
0.0,,0.028749998658895493,-0.008939213119447231,0.0,0.0
0.0,,0.028749998658895493,-0.008939213119447231,0.0,0.0
0.0,,0.029999999329447746,-0.011918950825929642,0.0,0.0
0.0,,0.029999999329447746,-0.008939213119447231,0.0,0.0
0.0,,0.028749998658895493,-0.008939213119447231,0.0,0.0
0.0,,0.029999999329447746,-0.008939213119447231,0.0,0.0
0.0,,0.029999999329447746,-0.008939213119447231,0.0,0.0
0.0,,0.029999999329447746,-0.008939213119447231,0.0,0.0
0.0,,0.028749998658895493,-0.014898688532412052,0.0,0.0
0.0,,0.028749998658895493,-0.011918950825929642,0.0,0.0
0.0,,0.029999999329447746,-0.011918950825929642,0.0,0.0
0.0,,0.028749998658895493,-0.008939213119447231,0.0,0.0
0.0,,0.027499999850988388,-0.011918950825929642,0.0,0.0
0.0,,0.03125,-0.011918950825929642,0.0,0.0
0.0,,0.027499999850988388,-0.011918950825929642,0.0,0.0
0.0,,0.03125,-0.011918950825929642,0.0,0.0
0.0,,0.028749998658895493,-0.008939213119447231,0.0,0.0
0.0,,0.027499999850988388,-0.008939213119447231,0.0,0.0
0.0,,0.027499999850988388,-0.008939213119447231,0.0,0.0
0.0,,0.029999999329447746,-0.008939213119447231,0.0,0.0
0.0,,0.028749998658895493,-0.011918950825929642,0.0,0.0
0.0,,0.029999999329447746,-0.008939213119447231,0.0,0.0
0.0,,0.03125,-0.011918950825929642,0.0,0.0
0.0,,0.02499999850988388,-0.011918950825929642,0.0,0.0
0.0,,0.027499999850988388,-0.011918950825929642,0.0,0.0
0.0,,0.028749998658895493,-0.011918950825929642,0.0,0.0
0.0,,0.029999999329447746,-0.011918950825929642,0.0,0.0
0.0,,0.027499999850988388,-0.011918950825929642,0.0,0.0
0.0,,0.027499999850988388,-0.008939213119447231,0.0,0.0
0.0,,0.028749998658895493,-0.008939213119447231,0.0,0.0
0.0,,0.027499999850988388,-0.008939213119447231,0.0,0.0
0.0,,0.03125,-0.011918950825929642,0.0,0.0
0.0,,0.02499999850988388,-0.011918950825929642,0.0,0.0
0.0,,0.029999999329447746,-0.008939213119447231,0.0,0.0
0.0,,0.027499999850988388,-0.011918950825929642,0.0,0.0
0.0,,0.021250000223517418,-0.011918950825929642,0.0,0.0
0.0,,0.03125,-0.011918950825929642,0.0,0.0
0.0,,0.026249999180436134,-0.008939213119447231,0.0,0.0
0.0,,0.02499999850988388,-0.014898688532412052,0.0,0.0
0.0,,0.027499999850988388,-0.011918950825929642,0.0,0.0
0.0,,0.026249999180436134,-0.008939213119447231,0.0,0.0
0.0,,0.026249999180436134,-0.008939213119447231,0.0,0.0
0.0,,0.019999999552965164,-0.008939213119447231,0.0,0.0
0.0,,0.023749999701976776,-0.005959475412964821,0.0,0.0
0.0,,0.02499999850988388,-0.008939213119447231,0.0,0.0
0.0,,0.023749999701976776,-0.008939213119447231,0.0,0.0
0.0,,0.019999999552965164,-0.011918950825929642,0.0,0.0
0.0,,0.026249999180436134,-0.008939213119447231,0.0,0.0
0.0,,0.02499999850988388,-0.005959475412964821,0.0,0.0
0.0,,0.029999999329447746,-0.011918950825929642,0.0,0.0
0.0,,0.028749998658895493,-0.011918950825929642,0.0,0.0
0.0,,0.029999999329447746,-0.011918950825929642,0.0,0.0
0.0,,0.026249999180436134,-0.008939213119447231,0.0,0.0
0.0,,0.028749998658895493,-0.011918950825929642,0.0,0.0
0.0,,0.028749998658895493,-0.011918950825929642,0.0,0.0
0.0,,0.027499999850988388,-0.011918950825929642,0.0,0.0
0.0,,0.028749998658895493,-0.008939213119447231,0.0,0.0
0.0,,0.028749998658895493,-0.014898688532412052,0.0,0.0
0.0,,0.026249999180436134,-0.008939213119447231,0.0,0.0
0.0,,0.022499999031424522,-0.008939213119447231,0.0,0.0
0.0,,0.027499999850988388,-0.008939213119447231,0.0,0.0
0.0,,0.019999999552965164,-0.008939213119447231,0.0,0.0
0.0,,0.02499999850988388,-0.008939213119447231,0.0,0.0
0.0,,0.023749999701976776,-0.008939213119447231,0.0,0.0
0.0,,0.026249999180436134,-0.008939213119447231,0.0,0.0
0.0,,0.023749999701976776,-0.011918950825929642,0.0,0.0
0.0,,0.02499999850988388,-0.008939213119447231,0.0,0.0
0.0,,0.01874999888241291,-0.008939213119447231,0.0,0.0
0.0,,0.014999999664723873,-0.011918950825929642,0.0,0.0
0.0,,0.022499999031424522,-0.008939213119447231,0.0,0.0
0.0,,0.019999999552965164,-0.008939213119447231,0.0,0.0
0.0,,0.023749999701976776,-0.011918950825929642,0.0,0.0
0.0,,0.026249999180436134,-0.008939213119447231,0.0,0.0
0.0,,0.027499999850988388,-0.005959475412964821,0.0,0.0
0.0,,0.028749998658895493,-0.008939213119447231,0.0,0.0
0.0,,0.028749998658895493,-0.011918950825929642,0.0,0.0
0.0,,0.027499999850988388,-0.008939213119447231,0.0,0.0
0.0,,0.029999999329447746,-0.008939213119447231,0.0,0.0
0.0,,0.029999999329447746,-0.008939213119447231,0.0,0.0
0.0,,0.027499999850988388,-0.008939213119447231,0.0,0.0
0.0,,0.02499999850988388,-0.008939213119447231,0.0,0.0
0.0,,0.027499999850988388,-0.008939213119447231,0.0,0.0
0.0,,0.027499999850988388,-0.011918950825929642,0.0,0.0
0.0,,0.022499999031424522,-0.008939213119447231,0.0,0.0
0.0,,0.02499999850988388,-0.008939213119447231,0.0,0.0
0.0,,0.028749998658895493,-0.008939213119447231,0.0,0.0
0.0,,0.026249999180436134,-0.005959475412964821,0.0,0.0
0.0,,0.027499999850988388,-0.011918950825929642,0.0,0.0
0.0,,0.027499999850988388,-0.005959475412964821,0.0,0.0
0.0,,0.027499999850988388,-0.008939213119447231,0.0,0.0
0.0,,0.021250000223517418,-0.008939213119447231,0.0,0.0
0.0,,0.026249999180436134,-0.011918950825929642,0.0,0.0
0.0,,0.026249999180436134,-0.008939213119447231,0.0,0.0
0.0,,0.028749998658895493,-0.011918950825929642,0.0,0.0
0.0,,0.028749998658895493,-0.008939213119447231,0.0,0.0
0.0,,0.026249999180436134,-0.011918950825929642,0.0,0.0
0.0,,0.026249999180436134,-0.011918950825929642,0.0,0.0
0.0,,0.028749998658895493,-0.011918950825929642,0.0,0.0
0.0,,0.029999999329447746,-0.008939213119447231,0.0,0.0
0.0,,0.027499999850988388,-0.011918950825929642,0.0,0.0
0.0,,0.028749998658895493,-0.008939213119447231,0.0,0.0
0.0,,0.02499999850988388,-0.011918950825929642,0.0,0.0
0.0,,0.026249999180436134,-0.011918950825929642,0.0,0.0
0.0,,0.026249999180436134,-0.011918950825929642,0.0,0.0
0.0,,0.026249999180436134,-0.011918950825929642,0.0,0.0
0.0,,0.028749998658895493,-0.011918950825929642,0.0,0.0
0.0,,0.029999999329447746,-0.005959475412964821,0.0,0.0
0.0,,0.028749998658895493,-0.008939213119447231,0.0,0.0
0.0,,0.02499999850988388,-0.008939213119447231,0.0,0.0
0.0,,0.027499999850988388,-0.011918950825929642,0.0,0.0
0.0,,0.026249999180436134,-0.011918950825929642,0.0,0.0
0.0,,0.027499999850988388,-0.008939213119447231,0.0,0.0
0.0,,0.01874999888241291,-0.014898688532412052,0.0,0.0
0.0,,0.02499999850988388,-0.011918950825929642,0.0,0.0
0.0,,0.01874999888241291,-0.011918950825929642,0.0,0.0
0.0,,0.019999999552965164,-0.011918950825929642,0.0,0.0
0.0,,0.02499999850988388,-0.008939213119447231,0.0,0.0
0.0,,0.026249999180436134,-0.014898688532412052,0.0,0.0
0.0,,0.027499999850988388,-0.011918950825929642,0.0,0.0
0.0,,0.01874999888241291,-0.008939213119447231,0.0,0.0
0.0,,0.019999999552965164,-0.008939213119447231,0.0,0.0
0.0,,0.028749998658895493,-0.008939213119447231,0.0,0.0
0.0,,0.028749998658895493,-0.011918950825929642,0.0,0.0
0.0,,0.028749998658895493,-0.011918950825929642,0.0,0.0
0.0,,0.028749998658895493,-0.008939213119447231,0.0,0.0
0.0,,0.026249999180436134,-0.011918950825929642,0.0,0.0
0.0,,0.028749998658895493,-0.008939213119447231,0.0,0.0
0.0,,0.027499999850988388,-0.008939213119447231,0.0,0.0
0.0,,0.026249999180436134,-0.005959475412964821,0.0,0.0
0.0,,0.028749998658895493,-0.011918950825929642,0.0,0.0
0.0,,0.026249999180436134,-0.011918950825929642,0.0,0.0
0.0,,0.027499999850988388,-0.008939213119447231,0.0,0.0
0.0,,0.029999999329447746,-0.008939213119447231,0.0,0.0
0.0,,0.022499999031424522,-0.008939213119447231,0.0,0.0
0.0,,0.027499999850988388,-0.011918950825929642,0.0,0.0
0.0,,0.026249999180436134,-0.008939213119447231,0.0,0.0
0.0,,0.022499999031424522,-0.008939213119447231,0.0,0.0
0.0,,0.028749998658895493,-0.008939213119447231,0.0,0.0
0.0,,0.023749999701976776,-0.011918950825929642,0.0,0.0
0.0,,0.026249999180436134,-0.011918950825929642,0.0,0.0
0.0,,0.026249999180436134,-0.011918950825929642,0.0,0.0
0.0,,0.021250000223517418,-0.008939213119447231,0.0,0.0
0.0,,0.02499999850988388,-0.011918950825929642,0.0,0.0
0.0,,0.017500000074505806,-0.008939213119447231,0.0,0.0
0.0,,0.02499999850988388,-0.008939213119447231,0.0,0.0
0.0,,0.027499999850988388,-0.008939213119447231,0.0,0.0
0.0,,0.028749998658895493,-0.008939213119447231,0.0,0.0
0.0,,0.027499999850988388,-0.008939213119447231,0.0,0.0
0.0,,0.027499999850988388,-0.008939213119447231,0.0,0.0
0.0,,0.026249999180436134,-0.008939213119447231,0.0,0.0
0.0,,0.026249999180436134,-0.008939213119447231,0.0,0.0
0.0,,0.027499999850988388,-0.008939213119447231,0.0,0.0
0.0,,0.028749998658895493,-0.005959475412964821,0.0,0.0
0.0,,0.029999999329447746,-0.011918950825929642,0.0,0.0
0.0,,0.028749998658895493,-0.011918950825929642,0.0,0.0
0.0,,0.026249999180436134,-0.008939213119447231,0.0,0.0
0.0,,0.02499999850988388,-0.011918950825929642,0.0,0.0
0.0,,0.028749998658895493,-0.008939213119447231,0.0,0.0
0.0,,0.028749998658895493,-0.008939213119447231,0.0,0.0
0.0,,0.027499999850988388,-0.011918950825929642,0.0,0.0
0.0,,0.026249999180436134,-0.008939213119447231,0.0,0.0
0.0,,0.027499999850988388,-0.008939213119447231,0.0,0.0
0.0,,0.021250000223517418,-0.011918950825929642,0.0,0.0
0.0,,0.022499999031424522,-0.008939213119447231,0.0,0.0
0.0,,0.017500000074505806,-0.008939213119447231,0.0,0.0
0.0,,0.027499999850988388,-0.014898688532412052,0.0,0.0
0.0,,0.016249999403953552,-0.008939213119447231,0.0,0.0
0.0,,0.01874999888241291,-0.008939213119447231,0.0,0.0
0.0,,0.021250000223517418,-0.011918950825929642,0.0,0.0
0.0,,0.026249999180436134,-0.011918950825929642,0.0,0.0
0.0,,0.028749998658895493,-0.008939213119447231,0.0,0.0
0.0,,0.02499999850988388,-0.011918950825929642,0.0,0.0
0.0,,0.028749998658895493,-0.011918950825929642,0.0,0.0
0.0,,0.028749998658895493,-0.008939213119447231,0.0,0.0
0.0,,0.026249999180436134,-0.011918950825929642,0.0,0.0
0.0,,0.027499999850988388,-0.008939213119447231,0.0,0.0
0.0,,0.021250000223517418,-0.011918950825929642,0.0,0.0
0.0,,0.026249999180436134,-0.011918950825929642,0.0,0.0
0.0,,0.02499999850988388,-0.005959475412964821,0.0,0.0
0.0,,0.03125,-0.011918950825929642,0.0,0.0
0.0,,0.026249999180436134,-0.008939213119447231,0.0,0.0
0.0,,0.023749999701976776,-0.008939213119447231,0.0,0.0
0.0,,0.019999999552965164,-0.014898688532412052,0.0,0.0
0.0,,0.021250000223517418,-0.008939213119447231,0.0,0.0
0.0,,0.027499999850988388,-0.011918950825929642,0.0,0.0
0.0,,0.029999999329447746,-0.008939213119447231,0.0,0.0
0.0,,0.028749998658895493,-0.008939213119447231,0.0,0.0
0.0,,0.014999999664723873,-0.008939213119447231,0.0,0.0
0.0,,0.028749998658895493,-0.008939213119447231,0.0,0.0
0.0,,0.027499999850988388,-0.008939213119447231,0.0,0.0
0.0,,0.026249999180436134,-0.011918950825929642,0.0,0.0
0.0,,0.026249999180436134,-0.008939213119447231,0.0,0.0
0.0,,0.022499999031424522,-0.008939213119447231,0.0,0.0
0.0,,0.028749998658895493,-0.011918950825929642,0.0,0.0
0.0,,0.027499999850988388,-0.008939213119447231,0.0,0.0
0.0,,0.026249999180436134,-0.008939213119447231,0.0,0.0
0.0,,0.027499999850988388,-0.008939213119447231,0.0,0.0
0.0,,0.028749998658895493,-0.008939213119447231,0.0,0.0
0.0,,0.027499999850988388,-0.008939213119447231,0.0,0.0
0.0,,0.027499999850988388,-0.008939213119447231,0.0,0.0
0.0,,0.028749998658895493,-0.011918950825929642,0.0,0.0
0.0,,0.027499999850988388,-0.011918950825929642,0.0,0.0
0.0,,0.026249999180436134,-0.008939213119447231,0.0,0.0
0.0,,0.023749999701976776,-0.008939213119447231,0.0,0.0
0.0,,0.029999999329447746,-0.011918950825929642,0.0,0.0
0.0,,0.027499999850988388,-0.011918950825929642,0.0,0.0
0.0,,0.029999999329447746,-0.005959475412964821,0.0,0.0
0.0,,0.023749999701976776,-0.011918950825929642,0.0,0.0
0.0,,0.026249999180436134,-0.008939213119447231,0.0,0.0
0.0,,0.02499999850988388,-0.011918950825929642,0.0,0.0
0.0,,0.027499999850988388,-0.011918950825929642,0.0,0.0
0.0,,0.026249999180436134,-0.008939213119447231,0.0,0.0
0.0,,0.02499999850988388,-0.008939213119447231,0.0,0.0
0.0,,0.02499999850988388,-0.008939213119447231,0.0,0.0
0.0,,0.026249999180436134,-0.011918950825929642,0.0,0.0
0.0,,0.02499999850988388,-0.008939213119447231,0.0,0.0
0.0,,0.022499999031424522,-0.011918950825929642,0.0,0.0
0.0,,0.028749998658895493,-0.008939213119447231,0.0,0.0
0.0,,0.026249999180436134,-0.011918950825929642,0.0,0.0
0.0,,0.027499999850988388,-0.005959475412964821,0.0,0.0
0.0,,0.027499999850988388,-0.011918950825929642,0.0,0.0
0.0,,0.027499999850988388,-0.008939213119447231,0.0,0.0
0.0,,0.027499999850988388,-0.008939213119447231,0.0,0.0
0.0,,0.027499999850988388,-0.008939213119447231,0.0,0.0
0.0,,0.027499999850988388,-0.011918950825929642,0.0,0.0
0.0,,0.027499999850988388,-0.008939213119447231,0.0,0.0
0.0,,0.026249999180436134,-0.008939213119447231,0.0,0.0
0.0,,0.022499999031424522,-0.008939213119447231,0.0,0.0
0.0,,0.023749999701976776,-0.011918950825929642,0.0,0.0
0.0,,0.026249999180436134,-0.005959475412964821,0.0,0.0
0.0,,0.027499999850988388,-0.011918950825929642,0.0,0.0
0.0,,0.02499999850988388,-0.008939213119447231,0.0,0.0
0.0,,0.026249999180436134,-0.011918950825929642,0.0,0.0
0.0,,0.019999999552965164,-0.011918950825929642,0.0,0.0
0.0,,0.02499999850988388,-0.008939213119447231,0.0,0.0
0.0,,0.027499999850988388,-0.011918950825929642,0.0,0.0
0.0,,0.026249999180436134,-0.011918950825929642,0.0,0.0
0.0,,0.028749998658895493,-0.011918950825929642,0.0,0.0
0.0,,0.017500000074505806,-0.005959475412964821,0.0,0.0
0.0,,0.026249999180436134,-0.008939213119447231,0.0,0.0
0.0,,0.02499999850988388,-0.011918950825929642,0.0,0.0
0.0,,0.026249999180436134,-0.008939213119447231,0.0,0.0
0.0,,0.028749998658895493,-0.011918950825929642,0.0,0.0
0.0,,0.026249999180436134,-0.008939213119447231,0.0,0.0
0.0,,0.027499999850988388,-0.008939213119447231,0.0,0.0
0.0,,0.027499999850988388,-0.008939213119447231,0.0,0.0
0.0,,0.027499999850988388,-0.008939213119447231,0.0,0.0
0.0,,0.028749998658895493,-0.011918950825929642,0.0,0.0
0.0,,0.028749998658895493,-0.008939213119447231,0.0,0.0
0.0,,0.026249999180436134,-0.008939213119447231,0.0,0.0
0.0,,0.027499999850988388,-0.008939213119447231,0.0,0.0
0.0,,0.027499999850988388,-0.008939213119447231,0.0,0.0
0.0,,0.027499999850988388,-0.008939213119447231,0.0,0.0
0.0,,0.027499999850988388,-0.011918950825929642,0.0,0.0
0.0,,0.026249999180436134,-0.014898688532412052,0.0,0.0
0.0,,0.027499999850988388,-0.011918950825929642,0.0,0.0
0.0,,0.027499999850988388,-0.011918950825929642,0.0,0.0
0.0,,0.026249999180436134,-0.011918950825929642,0.0,0.0
0.0,,0.026249999180436134,-0.008939213119447231,0.0,0.0
0.0,,0.022499999031424522,-0.008939213119447231,0.0,0.0
0.0,,0.027499999850988388,-0.008939213119447231,0.0,0.0
0.0,,0.02499999850988388,-0.011918950825929642,0.0,0.0
0.0,,0.026249999180436134,-0.008939213119447231,0.0,0.0
0.0,,0.026249999180436134,-0.011918950825929642,0.0,0.0
0.0,,0.026249999180436134,-0.008939213119447231,0.0,0.0
0.0,,0.023749999701976776,-0.008939213119447231,0.0,0.0
0.0,,0.02499999850988388,-0.011918950825929642,0.0,0.0
0.0,,0.026249999180436134,-0.011918950825929642,0.0,0.0
0.0,,0.02499999850988388,-0.008939213119447231,0.0,0.0
0.0,,0.027499999850988388,-0.011918950825929642,0.0,0.0
0.0,,0.026249999180436134,-0.008939213119447231,0.0,0.0
0.0,,0.027499999850988388,-0.011918950825929642,0.0,0.0
0.0,,0.026249999180436134,-0.008939213119447231,0.0,0.0
0.0,,0.026249999180436134,-0.008939213119447231,0.0,0.0
0.0,,0.027499999850988388,-0.005959475412964821,0.0,0.0
0.0,,0.027499999850988388,-0.008939213119447231,0.0,0.0
0.0,,0.027499999850988388,-0.008939213119447231,0.0,0.0
0.0,,0.02499999850988388,-0.011918950825929642,0.0,0.0
0.0,,0.026249999180436134,-0.008939213119447231,0.0,0.0
0.0,,0.022499999031424522,-0.008939213119447231,0.0,0.0
0.0,,0.027499999850988388,-0.011918950825929642,0.0,0.0
0.0,,0.026249999180436134,-0.011918950825929642,0.0,0.0
0.0,,0.026249999180436134,-0.011918950825929642,0.0,0.0
0.0,,0.02499999850988388,-0.008939213119447231,0.0,0.0
0.0,,0.022499999031424522,-0.011918950825929642,0.0,0.0
0.0,,0.022499999031424522,-0.008939213119447231,0.0,0.0
0.0,,0.027499999850988388,-0.008939213119447231,0.0,0.0
0.0,,0.019999999552965164,-0.008939213119447231,0.0,0.0
0.0,,0.022499999031424522,-0.008939213119447231,0.0,0.0
0.0,,0.027499999850988388,-0.008939213119447231,0.0,0.0
0.0,,0.027499999850988388,-0.011918950825929642,0.0,0.0
0.0,,0.02499999850988388,-0.008939213119447231,0.0,0.0
0.0,,0.026249999180436134,-0.008939213119447231,0.0,0.0
0.0,,0.026249999180436134,-0.008939213119447231,0.0,0.0
0.0,,0.027499999850988388,-0.008939213119447231,0.0,0.0
0.0,,0.02499999850988388,-0.008939213119447231,0.0,0.0
0.0,,0.027499999850988388,-0.011918950825929642,0.0,0.0
0.0,,0.02499999850988388,-0.008939213119447231,0.0,0.0
0.0,,0.026249999180436134,-0.008939213119447231,0.0,0.0
0.0,,0.026249999180436134,-0.008939213119447231,0.0,0.0
0.0,,0.02499999850988388,-0.008939213119447231,0.0,0.0
0.0,,0.02499999850988388,-0.011918950825929642,0.0,0.0
0.0,,0.028749998658895493,-0.011918950825929642,0.0,0.0
0.0,,0.026249999180436134,-0.011918950825929642,0.0,0.0
0.0,,0.02499999850988388,-0.011918950825929642,0.0,0.0
0.0,,0.027499999850988388,-0.008939213119447231,0.0,0.0
0.0,,0.023749999701976776,-0.011918950825929642,0.0,0.0
0.0,,0.022499999031424522,-0.008939213119447231,0.0,0.0
0.0,,0.022499999031424522,-0.011918950825929642,0.0,0.0
0.0,,0.02499999850988388,-0.011918950825929642,0.0,0.0
0.0,,0.02499999850988388,-0.011918950825929642,0.0,0.0
0.0,,0.02499999850988388,-0.011918950825929642,0.0,0.0
0.0,,0.021250000223517418,-0.008939213119447231,0.0,0.0
0.0,,0.027499999850988388,-0.011918950825929642,0.0,0.0
0.0,,0.02499999850988388,-0.008939213119447231,0.0,0.0
0.0,,0.02499999850988388,-0.008939213119447231,0.0,0.0
0.0,,0.026249999180436134,-0.011918950825929642,0.0,0.0
0.0,,0.026249999180436134,-0.008939213119447231,0.0,0.0
0.0,,0.026249999180436134,-0.011918950825929642,0.0,0.0
0.0,,0.027499999850988388,-0.008939213119447231,0.0,0.0
0.0,,0.027499999850988388,-0.011918950825929642,0.0,0.0
0.0,,0.027499999850988388,-0.008939213119447231,0.0,0.0
0.0,,0.027499999850988388,-0.008939213119447231,0.0,0.0
0.0,,0.027499999850988388,-0.008939213119447231,0.0,0.0
0.0,,0.026249999180436134,-0.008939213119447231,0.0,0.0
0.0,,0.028749998658895493,-0.008939213119447231,0.0,0.0
0.0,,0.026249999180436134,-0.011918950825929642,0.0,0.0
0.0,,0.026249999180436134,-0.008939213119447231,0.0,0.0
0.0,,0.026249999180436134,-0.008939213119447231,0.0,0.0
0.0,,0.027499999850988388,-0.008939213119447231,0.0,0.0
0.0,,0.027499999850988388,-0.008939213119447231,0.0,0.0
0.0,,0.02499999850988388,-0.011918950825929642,0.0,0.0
0.0,,0.027499999850988388,-0.008939213119447231,0.0,0.0
0.0,,0.026249999180436134,-0.008939213119447231,0.0,0.0
0.0,,0.026249999180436134,-0.008939213119447231,0.0,0.0
0.0,,0.023749999701976776,-0.008939213119447231,0.0,0.0
0.0,,0.026249999180436134,-0.011918950825929642,0.0,0.0
0.0,,0.027499999850988388,-0.011918950825929642,0.0,0.0
0.0,,0.027499999850988388,-0.008939213119447231,0.0,0.0
0.0,,0.026249999180436134,-0.008939213119447231,0.0,0.0
0.0,,0.027499999850988388,-0.011918950825929642,0.0,0.0
0.0,,0.026249999180436134,-0.008939213119447231,0.0,0.0
0.0,,0.02499999850988388,-0.008939213119447231,0.0,0.0
0.0,,0.02499999850988388,-0.011918950825929642,0.0,0.0
0.0,,0.026249999180436134,-0.011918950825929642,0.0,0.0
0.0,,0.02499999850988388,-0.005959475412964821,0.0,0.0
0.0,,0.021250000223517418,-0.008939213119447231,0.0,0.0
0.0,,0.026249999180436134,-0.011918950825929642,0.0,0.0
0.0,,0.02499999850988388,-0.005959475412964821,0.0,0.0
0.0,,0.022499999031424522,-0.005959475412964821,0.0,0.0
0.0,,0.027499999850988388,-0.005959475412964821,0.0,0.0
0.0,,0.02499999850988388,-0.011918950825929642,0.0,0.0
0.0,,0.021250000223517418,-0.008939213119447231,0.0,0.0
0.0,,0.026249999180436134,-0.011918950825929642,0.0,0.0
0.0,,0.022499999031424522,-0.008939213119447231,0.0,0.0
0.0,,0.023749999701976776,-0.011918950825929642,0.0,0.0
0.0,,0.021250000223517418,-0.008939213119447231,0.0,0.0
0.0,,0.01874999888241291,-0.011918950825929642,0.0,0.0
0.0,,0.019999999552965164,-0.008939213119447231,0.0,0.0
0.0,,0.026249999180436134,-0.008939213119447231,0.0,0.0
0.0,,0.019999999552965164,-0.008939213119447231,0.0,0.0
0.0,,0.026249999180436134,-0.008939213119447231,0.0,0.0
0.0,,0.026249999180436134,-0.008939213119447231,0.0,0.0
0.0,,0.02499999850988388,-0.011918950825929642,0.0,0.0
0.0,,0.026249999180436134,-0.008939213119447231,0.0,0.0
0.0,,0.02499999850988388,-0.008939213119447231,0.0,0.0
0.0,,0.02499999850988388,-0.008939213119447231,0.0,0.0
0.0,,0.026249999180436134,-0.011918950825929642,0.0,0.0
0.0,,0.026249999180436134,-0.008939213119447231,0.0,0.0
0.0,,0.026249999180436134,-0.008939213119447231,0.0,0.0
0.0,,0.017500000074505806,-0.008939213119447231,0.0,0.0
0.0,,0.02499999850988388,-0.008939213119447231,0.0,0.0
0.0,,0.023749999701976776,-0.011918950825929642,0.0,0.0
0.0,,0.02499999850988388,-0.008939213119447231,0.0,0.0
0.0,,0.022499999031424522,-0.011918950825929642,0.0,0.0
0.0,,0.02499999850988388,-0.011918950825929642,0.0,0.0
0.0,,0.02499999850988388,-0.011918950825929642,0.0,0.0
0.0,,0.027499999850988388,-0.008939213119447231,0.0,0.0
0.0,,0.02499999850988388,-0.011918950825929642,0.0,0.0
0.0,,0.022499999031424522,-0.008939213119447231,0.0,0.0
0.0,,0.026249999180436134,-0.008939213119447231,0.0,0.0
0.0,,0.027499999850988388,-0.008939213119447231,0.0,0.0
0.0,,0.03125,-0.011918950825929642,0.0,0.0
0.0,,0.028749998658895493,-0.008939213119447231,0.0,0.0
0.0,,0.02499999850988388,-0.008939213119447231,0.0,0.0
0.0,,0.02499999850988388,-0.008939213119447231,0.0,0.0
0.0,,0.02499999850988388,-0.008939213119447231,0.0,0.0
0.0,,0.02499999850988388,-0.011918950825929642,0.0,0.0
0.0,,0.02499999850988388,-0.008939213119447231,0.0,0.0
0.0,,0.026249999180436134,-0.008939213119447231,0.0,0.0
0.0,,0.023749999701976776,-0.008939213119447231,0.0,0.0
0.0,,0.022499999031424522,-0.008939213119447231,0.0,0.0
0.0,,0.029999999329447746,-0.011918950825929642,0.0,0.0
0.0,,0.023749999701976776,-0.008939213119447231,0.0,0.0
0.0,,0.026249999180436134,-0.008939213119447231,0.0,0.0
0.0,,0.02499999850988388,-0.011918950825929642,0.0,0.0
0.0,,0.017500000074505806,-0.008939213119447231,0.0,0.0
0.0,,0.023749999701976776,-0.008939213119447231,0.0,0.0
0.0,,0.026249999180436134,-0.008939213119447231,0.0,0.0
0.0,,0.019999999552965164,-0.008939213119447231,0.0,0.0
0.0,,0.019999999552965164,-0.005959475412964821,0.0,0.0
0.0,,0.016249999403953552,-0.008939213119447231,0.0,0.0
0.0,,0.023749999701976776,-0.008939213119447231,0.0,0.0
0.0,,0.027499999850988388,-0.008939213119447231,0.0,0.0
0.0,,0.02499999850988388,-0.008939213119447231,0.0,0.0
0.0,,0.021250000223517418,-0.011918950825929642,0.0,0.0
0.0,,0.021250000223517418,-0.008939213119447231,0.0,0.0
0.0,,0.022499999031424522,-0.011918950825929642,0.0,0.0
0.0,,0.021250000223517418,-0.008939213119447231,0.0,0.0
0.0,,0.02499999850988388,-0.008939213119447231,0.0,0.0
0.0,,0.026249999180436134,-0.011918950825929642,0.0,0.0
0.0,,0.026249999180436134,-0.011918950825929642,0.0,0.0
0.0,,0.021250000223517418,-0.011918950825929642,0.0,0.0
0.0,,0.02499999850988388,-0.011918950825929642,0.0,0.0
0.0,,0.026249999180436134,-0.011918950825929642,0.0,0.0
0.0,,0.027499999850988388,-0.008939213119447231,0.0,0.0
0.0,,0.027499999850988388,-0.011918950825929642,0.0,0.0
0.0,,0.023749999701976776,-0.011918950825929642,0.0,0.0
0.0,,0.02499999850988388,-0.011918950825929642,0.0,0.0
0.0,,0.02499999850988388,-0.011918950825929642,0.0,0.0
0.0,,0.021250000223517418,-0.011918950825929642,0.0,0.0
0.0,,0.026249999180436134,-0.008939213119447231,0.0,0.0
0.0,,0.022499999031424522,-0.008939213119447231,0.0,0.0
0.0,,0.019999999552965164,-0.008939213119447231,0.0,0.0
0.0,,0.02499999850988388,-0.008939213119447231,0.0,0.0
0.0,,0.026249999180436134,-0.005959475412964821,0.0,0.0
0.0,,0.022499999031424522,-0.011918950825929642,0.0,0.0
0.0,,0.019999999552965164,-0.011918950825929642,0.0,0.0
0.0,,0.022499999031424522,-0.011918950825929642,0.0,0.0
0.0,,0.021250000223517418,-0.008939213119447231,0.0,0.0
0.0,,0.017500000074505806,-0.008939213119447231,0.0,0.0
0.0,,0.017500000074505806,-0.011918950825929642,0.0,0.0
0.0,,0.014999999664723873,-0.005959475412964821,0.0,0.0
0.0,,0.026249999180436134,-0.011918950825929642,0.0,0.0
0.0,,0.026249999180436134,-0.008939213119447231,0.0,0.0
0.0,,0.026249999180436134,-0.008939213119447231,0.0,0.0
0.0,,0.026249999180436134,-0.011918950825929642,0.0,0.0
0.0,,0.026249999180436134,-0.008939213119447231,0.0,0.0
0.0,,0.022499999031424522,-0.011918950825929642,0.0,0.0
0.0,,0.026249999180436134,-0.011918950825929642,0.0,0.0
0.0,,0.021250000223517418,-0.011918950825929642,0.0,0.0
0.0,,0.021250000223517418,-0.008939213119447231,0.0,0.0
0.0,,0.027499999850988388,-0.011918950825929642,0.0,0.0
0.0,,0.023749999701976776,-0.008939213119447231,0.0,0.0
0.0,,0.019999999552965164,-0.008939213119447231,0.0,0.0
0.0,,0.02499999850988388,-0.011918950825929642,0.0,0.0
0.0,,0.022499999031424522,-0.008939213119447231,0.0,0.0
0.0,,0.016249999403953552,-0.008939213119447231,0.0,0.0
0.0,,0.023749999701976776,-0.008939213119447231,0.0,0.0
0.0,,0.027499999850988388,-0.008939213119447231,0.0,0.0
0.0,,0.023749999701976776,-0.014898688532412052,0.0,0.0
0.0,,0.022499999031424522,-0.005959475412964821,0.0,0.0
0.0,,0.021250000223517418,-0.008939213119447231,0.0,0.0
0.0,,0.016249999403953552,-0.008939213119447231,0.0,0.0
0.0,,0.019999999552965164,-0.008939213119447231,0.0,0.0
0.0,,0.019999999552965164,-0.008939213119447231,0.0,0.0
0.0,,0.021250000223517418,-0.011918950825929642,0.0,0.0
0.0,,0.02499999850988388,-0.008939213119447231,0.0,0.0
0.0,,0.023749999701976776,-0.011918950825929642,0.0,0.0
0.0,,0.028749998658895493,-0.008939213119447231,0.0,0.0
0.0,,0.023749999701976776,-0.011918950825929642,0.0,0.0
0.0,,0.023749999701976776,-0.011918950825929642,0.0,0.0
0.0,,0.01874999888241291,-0.008939213119447231,0.0,0.0
0.0,,0.023749999701976776,-0.008939213119447231,0.0,0.0
0.0,,0.021250000223517418,-0.008939213119447231,0.0,0.0
0.0,,0.022499999031424522,-0.008939213119447231,0.0,0.0
0.0,,0.01874999888241291,-0.008939213119447231,0.0,0.0
0.0,,0.021250000223517418,-0.008939213119447231,0.0,0.0
0.0,,0.027499999850988388,-0.008939213119447231,0.0,0.0
0.0,,0.016249999403953552,-0.008939213119447231,0.0,0.0
0.0,,0.026249999180436134,-0.008939213119447231,0.0,0.0
0.0,,0.01874999888241291,-0.008939213119447231,0.0,0.0
0.0,,0.02499999850988388,-0.005959475412964821,0.0,0.0
0.0,,0.019999999552965164,-0.008939213119447231,0.0,0.0
0.0,,0.02499999850988388,-0.008939213119447231,0.0,0.0
0.0,,0.023749999701976776,-0.011918950825929642,0.0,0.0
0.0,,0.022499999031424522,-0.008939213119447231,0.0,0.0
0.0,,0.023749999701976776,-0.008939213119447231,0.0,0.0
0.0,,0.026249999180436134,-0.008939213119447231,0.0,0.0
0.0,,0.026249999180436134,-0.008939213119447231,0.0,0.0
0.0,,0.026249999180436134,-0.008939213119447231,0.0,0.0
0.0,,0.022499999031424522,-0.008939213119447231,0.0,0.0
0.0,,0.022499999031424522,-0.008939213119447231,0.0,0.0
0.0,,0.019999999552965164,-0.008939213119447231,0.0,0.0
0.0,,0.02499999850988388,-0.008939213119447231,0.0,0.0
0.0,,0.02499999850988388,-0.005959475412964821,0.0,0.0
0.0,,0.027499999850988388,-0.011918950825929642,0.0,0.0
0.0,,0.021250000223517418,-0.011918950825929642,0.0,0.0
0.0,,0.022499999031424522,-0.011918950825929642,0.0,0.0
0.0,,0.017500000074505806,-0.011918950825929642,0.0,0.0
0.0,,0.027499999850988388,-0.011918950825929642,0.0,0.0
0.0,,0.021250000223517418,-0.008939213119447231,0.0,0.0
0.0,,0.03125,-0.008939213119447231,0.0,0.0
0.0,,0.022499999031424522,-0.011918950825929642,0.0,0.0
0.0,,0.016249999403953552,-0.008939213119447231,0.0,0.0
0.0,,0.028749998658895493,-0.008939213119447231,0.0,0.0
0.0,,0.01874999888241291,-0.008939213119447231,0.0,0.0
0.0,,0.021250000223517418,-0.008939213119447231,0.0,0.0
0.0,,0.01874999888241291,-0.011918950825929642,0.0,0.0
0.0,,0.01874999888241291,-0.008939213119447231,0.0,0.0
0.0,,0.021250000223517418,-0.008939213119447231,0.0,0.0
0.0,,0.029999999329447746,-0.011918950825929642,0.0,0.0
0.0,,0.021250000223517418,-0.008939213119447231,0.0,0.0
0.0,,0.027499999850988388,-0.008939213119447231,0.0,0.0
0.0,,0.022499999031424522,-0.011918950825929642,0.0,0.0
0.0,,0.02499999850988388,-0.008939213119447231,0.0,0.0
0.0,,0.02499999850988388,-0.008939213119447231,0.0,0.0
0.0,,0.02499999850988388,-0.008939213119447231,0.0,0.0
0.0,,0.02499999850988388,-0.011918950825929642,0.0,0.0
0.0,,0.02499999850988388,-0.008939213119447231,0.0,0.0
0.0,,0.022499999031424522,-0.008939213119447231,0.0,0.0
0.0,,0.023749999701976776,-0.008939213119447231,0.0,0.0
0.0,,0.02499999850988388,-0.011918950825929642,0.0,0.0
0.0,,0.02499999850988388,-0.005959475412964821,0.0,0.0
0.0,,0.027499999850988388,-0.011918950825929642,0.0,0.0
0.0,,0.023749999701976776,-0.008939213119447231,0.0,0.0
0.0,,0.021250000223517418,-0.011918950825929642,0.0,0.0
0.0,,0.019999999552965164,-0.008939213119447231,0.0,0.0
0.0,,0.019999999552965164,-0.011918950825929642,0.0,0.0
0.0,,0.02499999850988388,-0.011918950825929642,0.0,0.0
0.0,,0.022499999031424522,-0.008939213119447231,0.0,0.0
0.0,,0.023749999701976776,-0.011918950825929642,0.0,0.0
0.0,,0.023749999701976776,-0.011918950825929642,0.0,0.0
0.0,,0.01874999888241291,-0.008939213119447231,0.0,0.0
0.0,,0.02499999850988388,-0.008939213119447231,0.0,0.0
0.0,,0.014999999664723873,-0.011918950825929642,0.0,0.0
0.0,,0.01874999888241291,-0.005959475412964821,0.0,0.0
0.0,,0.02499999850988388,-0.008939213119447231,0.0,0.0
0.0,,0.014999999664723873,-0.008939213119447231,0.0,0.0
0.0,,0.02499999850988388,-0.011918950825929642,0.0,0.0
0.0,,0.02499999850988388,-0.008939213119447231,0.0,0.0
0.0,,0.023749999701976776,-0.011918950825929642,0.0,0.0
0.0,,0.023749999701976776,-0.008939213119447231,0.0,0.0
0.0,,0.02499999850988388,-0.008939213119447231,0.0,0.0
0.0,,0.02499999850988388,-0.008939213119447231,0.0,0.0
0.0,,0.02499999850988388,-0.008939213119447231,0.0,0.0
0.0,,0.02499999850988388,-0.011918950825929642,0.0,0.0
0.0,,0.02499999850988388,-0.008939213119447231,0.0,0.0
0.0,,0.019999999552965164,-0.011918950825929642,0.0,0.0
0.0,,0.02499999850988388,-0.008939213119447231,0.0,0.0
0.0,,0.02499999850988388,-0.011918950825929642,0.0,0.0
0.0,,0.02499999850988388,-0.008939213119447231,0.0,0.0
0.0,,0.026249999180436134,-0.011918950825929642,0.0,0.0
0.0,,0.02499999850988388,-0.008939213119447231,0.0,0.0
0.0,,0.02499999850988388,-0.008939213119447231,0.0,0.0
0.0,,0.02499999850988388,-0.008939213119447231,0.0,0.0
0.0,,0.019999999552965164,-0.005959475412964821,0.0,0.0
0.0,,0.022499999031424522,-0.008939213119447231,0.0,0.0
0.0,,0.023749999701976776,-0.008939213119447231,0.0,0.0
0.0,,0.022499999031424522,-0.005959475412964821,0.0,0.0
0.0,,0.017500000074505806,-0.011918950825929642,0.0,0.0
0.0,,0.019999999552965164,-0.011918950825929642,0.0,0.0
0.0,,0.021250000223517418,-0.008939213119447231,0.0,0.0
0.0,,0.026249999180436134,-0.011918950825929642,0.0,0.0
0.0,,0.026249999180436134,-0.011918950825929642,0.0,0.0
0.0,,0.022499999031424522,-0.008939213119447231,0.0,0.0
0.0,,0.026249999180436134,-0.008939213119447231,0.0,0.0
0.0,,0.022499999031424522,-0.008939213119447231,0.0,0.0
0.0,,0.027499999850988388,-0.008939213119447231,0.0,0.0
0.0,,0.023749999701976776,-0.008939213119447231,0.0,0.0
0.0,,0.026249999180436134,-0.008939213119447231,0.0,0.0
0.0,,0.026249999180436134,-0.008939213119447231,0.0,0.0
0.0,,0.023749999701976776,-0.008939213119447231,0.0,0.0
0.0,,0.019999999552965164,-0.011918950825929642,0.0,0.0
0.0,,0.023749999701976776,-0.011918950825929642,0.0,0.0
0.0,,0.023749999701976776,-0.011918950825929642,0.0,0.0
0.0,,0.02499999850988388,-0.008939213119447231,0.0,0.0
0.0,,0.02499999850988388,-0.008939213119447231,0.0,0.0
0.0,,0.02499999850988388,-0.008939213119447231,0.0,0.0
0.0,,0.02499999850988388,-0.008939213119447231,0.0,0.0
0.0,,0.022499999031424522,-0.008939213119447231,0.0,0.0
0.0,,0.023749999701976776,-0.011918950825929642,0.0,0.0
0.0,,0.022499999031424522,-0.011918950825929642,0.0,0.0
0.0,,0.019999999552965164,-0.008939213119447231,0.0,0.0
0.0,,0.02499999850988388,-0.011918950825929642,0.0,0.0
0.0,,0.016249999403953552,-0.011918950825929642,0.0,0.0
0.0,,0.02499999850988388,-0.008939213119447231,0.0,0.0
0.0,,0.02499999850988388,-0.008939213119447231,0.0,0.0
0.0,,0.02499999850988388,-0.011918950825929642,0.0,0.0
0.0,,0.026249999180436134,-0.008939213119447231,0.0,0.0
0.0,,0.02499999850988388,-0.008939213119447231,0.0,0.0
0.0,,0.026249999180436134,-0.008939213119447231,0.0,0.0
0.0,,0.022499999031424522,-0.011918950825929642,0.0,0.0
0.0,,0.023749999701976776,-0.005959475412964821,0.0,0.0
0.0,,0.019999999552965164,-0.008939213119447231,0.0,0.0
0.0,,0.02499999850988388,-0.011918950825929642,0.0,0.0
0.0,,0.023749999701976776,-0.008939213119447231,0.0,0.0
0.0,,0.022499999031424522,-0.008939213119447231,0.0,0.0
0.0,,0.023749999701976776,-0.008939213119447231,0.0,0.0
0.0,,0.023749999701976776,-0.011918950825929642,0.0,0.0
0.0,,0.019999999552965164,-0.008939213119447231,0.0,0.0
0.0,,0.023749999701976776,-0.008939213119447231,0.0,0.0
0.0,,0.02499999850988388,-0.011918950825929642,0.0,0.0
0.0,,0.022499999031424522,-0.011918950825929642,0.0,0.0
0.0,,0.019999999552965164,-0.008939213119447231,0.0,0.0
0.0,,0.016249999403953552,-0.011918950825929642,0.0,0.0
0.0,,0.019999999552965164,-0.008939213119447231,0.0,0.0
0.0,,0.023749999701976776,-0.011918950825929642,0.0,0.0
0.0,,0.016249999403953552,-0.008939213119447231,0.0,0.0
0.0,,0.017500000074505806,-0.008939213119447231,0.0,0.0
0.0,,0.016249999403953552,-0.011918950825929642,0.0,0.0
0.0,,0.023749999701976776,-0.011918950825929642,0.0,0.0
0.0,,0.023749999701976776,-0.011918950825929642,0.0,0.0
0.0,,0.023749999701976776,-0.014898688532412052,0.0,0.0
0.0,,0.026249999180436134,-0.008939213119447231,0.0,0.0
0.0,,0.02499999850988388,-0.008939213119447231,0.0,0.0
0.0,,0.023749999701976776,-0.011918950825929642,0.0,0.0
0.0,,0.023749999701976776,-0.008939213119447231,0.0,0.0
0.0,,0.023749999701976776,-0.008939213119447231,0.0,0.0
0.0,,0.02499999850988388,-0.008939213119447231,0.0,0.0
0.0,,0.022499999031424522,-0.008939213119447231,0.0,0.0
0.0,,0.023749999701976776,-0.008939213119447231,0.0,0.0
0.0,,0.02499999850988388,-0.008939213119447231,0.0,0.0
0.0,,0.02499999850988388,-0.008939213119447231,0.0,0.0
0.0,,0.023749999701976776,-0.005959475412964821,0.0,0.0
0.0,,0.02499999850988388,-0.008939213119447231,0.0,0.0
0.0,,0.023749999701976776,-0.008939213119447231,0.0,0.0
0.0,,0.022499999031424522,-0.008939213119447231,0.0,0.0
0.0,,0.02499999850988388,-0.008939213119447231,0.0,0.0
0.0,,0.023749999701976776,-0.008939213119447231,0.0,0.0
0.0,,0.023749999701976776,-0.008939213119447231,0.0,0.0
0.0,,0.023749999701976776,-0.008939213119447231,0.0,0.0
0.0,,0.022499999031424522,-0.008939213119447231,0.0,0.0
0.0,,0.023749999701976776,-0.008939213119447231,0.0,0.0
0.0,,0.02499999850988388,-0.011918950825929642,0.0,0.0
0.0,,0.026249999180436134,-0.008939213119447231,0.0,0.0
0.0,,0.023749999701976776,-0.008939213119447231,0.0,0.0
0.0,,0.02499999850988388,-0.011918950825929642,0.0,0.0
0.0,,0.023749999701976776,-0.008939213119447231,0.0,0.0
0.0,,0.02499999850988388,-0.008939213119447231,0.0,0.0
0.0,,0.021250000223517418,-0.011918950825929642,0.0,0.0
0.0,,0.023749999701976776,-0.011918950825929642,0.0,0.0
0.0,,0.023749999701976776,-0.008939213119447231,0.0,0.0
0.0,,0.021250000223517418,-0.011918950825929642,0.0,0.0
0.0,,0.019999999552965164,-0.011918950825929642,0.0,0.0
0.0,,0.022499999031424522,-0.011918950825929642,0.0,0.0
0.0,,0.022499999031424522,-0.008939213119447231,0.0,0.0
0.0,,0.02499999850988388,-0.014898688532412052,0.0,0.0
0.0,,0.017500000074505806,-0.011918950825929642,0.0,0.0
0.0,,0.021250000223517418,-0.005959475412964821,0.0,0.0
0.0,,0.01874999888241291,-0.008939213119447231,0.0,0.0
0.0,,0.013749999925494194,-0.011918950825929642,0.0,0.0
0.0,,0.016249999403953552,-0.011918950825929642,0.0,0.0
0.0,,0.02499999850988388,-0.008939213119447231,0.0,0.0
0.0,,0.01249999925494194,-0.011918950825929642,0.0,0.0
0.0,,0.023749999701976776,-0.005959475412964821,0.0,0.0
0.0,,0.019999999552965164,-0.005959475412964821,0.0,0.0
0.0,,0.023749999701976776,-0.011918950825929642,0.0,0.0
0.0,,0.017500000074505806,-0.011918950825929642,0.0,0.0
0.0,,0.023749999701976776,-0.008939213119447231,0.0,0.0
0.0,,0.023749999701976776,-0.008939213119447231,0.0,0.0
0.0,,0.02499999850988388,-0.008939213119447231,0.0,0.0
0.0,,0.02499999850988388,-0.011918950825929642,0.0,0.0
0.0,,0.02499999850988388,-0.014898688532412052,0.0,0.0
0.0,,0.02499999850988388,-0.005959475412964821,0.0,0.0
0.0,,0.023749999701976776,-0.008939213119447231,0.0,0.0
0.0,,0.023749999701976776,-0.008939213119447231,0.0,0.0
0.0,,0.019999999552965164,-0.008939213119447231,0.0,0.0
0.0,,0.02499999850988388,-0.008939213119447231,0.0,0.0
0.0,,0.022499999031424522,-0.011918950825929642,0.0,0.0
0.0,,0.02499999850988388,-0.011918950825929642,0.0,0.0
0.0,,0.022499999031424522,-0.008939213119447231,0.0,0.0
0.0,,0.023749999701976776,-0.011918950825929642,0.0,0.0
0.0,,0.023749999701976776,-0.008939213119447231,0.0,0.0
0.0,,0.023749999701976776,-0.008939213119447231,0.0,0.0
0.0,,0.022499999031424522,-0.011918950825929642,0.0,0.0
0.0,,0.023749999701976776,-0.005959475412964821,0.0,0.0
0.0,,0.021250000223517418,-0.008939213119447231,0.0,0.0
0.0,,0.016249999403953552,-0.011918950825929642,0.0,0.0
0.0,,0.021250000223517418,-0.008939213119447231,0.0,0.0
0.0,,0.023749999701976776,-0.008939213119447231,0.0,0.0
0.0,,0.017500000074505806,-0.008939213119447231,0.0,0.0
0.0,,0.01874999888241291,-0.011918950825929642,0.0,0.0
0.0,,0.023749999701976776,-0.011918950825929642,0.0,0.0
0.0,,0.02499999850988388,-0.014898688532412052,0.0,0.0
0.0,,0.02499999850988388,-0.008939213119447231,0.0,0.0
0.0,,0.02499999850988388,-0.011918950825929642,0.0,0.0
0.0,,0.023749999701976776,-0.011918950825929642,0.0,0.0
0.0,,0.02499999850988388,-0.008939213119447231,0.0,0.0
0.0,,0.022499999031424522,-0.008939213119447231,0.0,0.0
0.0,,0.02499999850988388,-0.011918950825929642,0.0,0.0
0.0,,0.023749999701976776,-0.008939213119447231,0.0,0.0
0.0,,0.02499999850988388,-0.011918950825929642,0.0,0.0
0.0,,0.023749999701976776,-0.011918950825929642,0.0,0.0
0.0,,0.021250000223517418,-0.011918950825929642,0.0,0.0
0.0,,0.023749999701976776,-0.008939213119447231,0.0,0.0
0.0,,0.022499999031424522,-0.008939213119447231,0.0,0.0
0.0,,0.023749999701976776,-0.011918950825929642,0.0,0.0
0.0,,0.023749999701976776,-0.011918950825929642,0.0,0.0
0.0,,0.023749999701976776,-0.008939213119447231,0.0,0.0
0.0,,0.022499999031424522,-0.011918950825929642,0.0,0.0
0.0,,0.02499999850988388,-0.008939213119447231,0.0,0.0
0.0,,0.021250000223517418,-0.008939213119447231,0.0,0.0
0.0,,0.023749999701976776,-0.011918950825929642,0.0,0.0
0.0,,0.02499999850988388,-0.008939213119447231,0.0,0.0
0.0,,0.02499999850988388,-0.011918950825929642,0.0,0.0
0.0,,0.022499999031424522,-0.008939213119447231,0.0,0.0
0.0,,0.021250000223517418,-0.011918950825929642,0.0,0.0
0.0,,0.023749999701976776,-0.008939213119447231,0.0,0.0
0.0,,0.023749999701976776,-0.005959475412964821,0.0,0.0
0.0,,0.02499999850988388,-0.011918950825929642,0.0,0.0
0.0,,0.02499999850988388,-0.011918950825929642,0.0,0.0
0.0,,0.023749999701976776,-0.008939213119447231,0.0,0.0
0.0,,0.023749999701976776,-0.011918950825929642,0.0,0.0
0.0,,0.02499999850988388,-0.011918950825929642,0.0,0.0
0.0,,0.023749999701976776,-0.011918950825929642,0.0,0.0
0.0,,0.022499999031424522,-0.008939213119447231,0.0,0.0
0.0,,0.022499999031424522,-0.005959475412964821,0.0,0.0
0.0,,0.023749999701976776,-0.008939213119447231,0.0,0.0
0.0,,0.023749999701976776,-0.011918950825929642,0.0,0.0
0.0,,0.023749999701976776,-0.008939213119447231,0.0,0.0
0.0,,0.023749999701976776,-0.008939213119447231,0.0,0.0
0.0,,0.023749999701976776,-0.008939213119447231,0.0,0.0
0.0,,0.023749999701976776,-0.008939213119447231,0.0,0.0
0.0,,0.02499999850988388,-0.011918950825929642,0.0,0.0
0.0,,0.02499999850988388,-0.008939213119447231,0.0,0.0
0.0,,0.023749999701976776,-0.011918950825929642,0.0,0.0
0.0,,0.023749999701976776,-0.014898688532412052,0.0,0.0
0.0,,0.02499999850988388,-0.011918950825929642,0.0,0.0
0.0,,0.02499999850988388,-0.008939213119447231,0.0,0.0
0.0,,0.022499999031424522,-0.008939213119447231,0.0,0.0
0.0,,0.023749999701976776,-0.008939213119447231,0.0,0.0
0.0,,0.02499999850988388,-0.008939213119447231,0.0,0.0
0.0,,0.023749999701976776,-0.011918950825929642,0.0,0.0
0.0,,0.02499999850988388,-0.011918950825929642,0.0,0.0
0.0,,0.023749999701976776,-0.008939213119447231,0.0,0.0
0.0,,0.022499999031424522,-0.008939213119447231,0.0,0.0
0.0,,0.02499999850988388,-0.008939213119447231,0.0,0.0
0.0,,0.023749999701976776,-0.008939213119447231,0.0,0.0
0.0,,0.023749999701976776,-0.011918950825929642,0.0,0.0
0.0,,0.023749999701976776,-0.011918950825929642,0.0,0.0
0.0,,0.022499999031424522,-0.005959475412964821,0.0,0.0
0.0,,0.023749999701976776,-0.011918950825929642,0.0,0.0
0.0,,0.023749999701976776,-0.011918950825929642,0.0,0.0
0.0,,0.023749999701976776,-0.011918950825929642,0.0,0.0
0.0,,0.023749999701976776,-0.008939213119447231,0.0,0.0
0.0,,0.023749999701976776,-0.011918950825929642,0.0,0.0
0.0,,0.022499999031424522,-0.011918950825929642,0.0,0.0
0.0,,0.01874999888241291,-0.008939213119447231,0.0,0.0
0.0,,0.02499999850988388,-0.008939213119447231,0.0,0.0
0.0,,0.023749999701976776,-0.008939213119447231,0.0,0.0
0.0,,0.021250000223517418,-0.011918950825929642,0.0,0.0
0.0,,0.023749999701976776,-0.008939213119447231,0.0,0.0
0.0,,0.023749999701976776,-0.011918950825929642,0.0,0.0
0.0,,0.021250000223517418,-0.011918950825929642,0.0,0.0
0.0,,0.022499999031424522,-0.008939213119447231,0.0,0.0
0.0,,0.023749999701976776,-0.014898688532412052,0.0,0.0
0.0,,0.023749999701976776,-0.008939213119447231,0.0,0.0
0.0,,0.02499999850988388,-0.008939213119447231,0.0,0.0
0.0,,0.023749999701976776,-0.008939213119447231,0.0,0.0
0.0,,0.022499999031424522,-0.011918950825929642,0.0,0.0
0.0,,0.02499999850988388,-0.011918950825929642,0.0,0.0
0.0,,0.02499999850988388,-0.011918950825929642,0.0,0.0
0.0,,0.02499999850988388,-0.008939213119447231,0.0,0.0
0.0,,0.023749999701976776,-0.014898688532412052,0.0,0.0
0.0,,0.022499999031424522,-0.008939213119447231,0.0,0.0
0.0,,0.022499999031424522,-0.008939213119447231,0.0,0.0
0.0,,0.023749999701976776,-0.008939213119447231,0.0,0.0
0.0,,0.022499999031424522,-0.008939213119447231,0.0,0.0
0.0,,0.023749999701976776,-0.008939213119447231,0.0,0.0
0.0,,0.023749999701976776,-0.008939213119447231,0.0,0.0
0.0,,0.023749999701976776,-0.011918950825929642,0.0,0.0
0.0,,0.022499999031424522,-0.005959475412964821,0.0,0.0
0.0,,0.021250000223517418,-0.008939213119447231,0.0,0.0
0.0,,0.023749999701976776,-0.011918950825929642,0.0,0.0
0.0,,0.019999999552965164,-0.008939213119447231,0.0,0.0
0.0,,0.022499999031424522,-0.011918950825929642,0.0,0.0
0.0,,0.023749999701976776,-0.011918950825929642,0.0,0.0
0.0,,0.023749999701976776,-0.008939213119447231,0.0,0.0
0.0,,0.023749999701976776,-0.008939213119447231,0.0,0.0
0.0,,0.022499999031424522,-0.011918950825929642,0.0,0.0
0.0,,0.022499999031424522,-0.008939213119447231,0.0,0.0
0.0,,0.022499999031424522,-0.008939213119447231,0.0,0.0
0.0,,0.023749999701976776,-0.005959475412964821,0.0,0.0
0.0,,0.023749999701976776,-0.008939213119447231,0.0,0.0
0.0,,0.02499999850988388,-0.011918950825929642,0.0,0.0
0.0,,0.022499999031424522,-0.011918950825929642,0.0,0.0
0.0,,0.023749999701976776,-0.011918950825929642,0.0,0.0
0.0,,0.02499999850988388,-0.008939213119447231,0.0,0.0
0.0,,0.01874999888241291,-0.005959475412964821,0.0,0.0
0.0,,0.023749999701976776,-0.008939213119447231,0.0,0.0
0.0,,0.023749999701976776,-0.011918950825929642,0.0,0.0
0.0,,0.023749999701976776,-0.011918950825929642,0.0,0.0
0.0,,0.017500000074505806,-0.011918950825929642,0.0,0.0
0.0,,0.022499999031424522,-0.011918950825929642,0.0,0.0
0.0,,0.022499999031424522,-0.008939213119447231,0.0,0.0
0.0,,0.01874999888241291,-0.011918950825929642,0.0,0.0
0.0,,0.01874999888241291,-0.008939213119447231,0.0,0.0
0.0,,0.02499999850988388,-0.011918950825929642,0.0,0.0
0.0,,0.019999999552965164,-0.011918950825929642,0.0,0.0
0.0,,0.014999999664723873,-0.008939213119447231,0.0,0.0
0.0,,0.013749999925494194,-0.008939213119447231,0.0,0.0
0.0,,0.013749999925494194,-0.008939213119447231,0.0,0.0
0.0,,0.022499999031424522,-0.008939213119447231,0.0,0.0
0.0,,0.023749999701976776,-0.008939213119447231,0.0,0.0
0.0,,0.023749999701976776,-0.011918950825929642,0.0,0.0
0.0,,0.022499999031424522,-0.008939213119447231,0.0,0.0
0.0,,0.022499999031424522,-0.011918950825929642,0.0,0.0
0.0,,0.023749999701976776,-0.011918950825929642,0.0,0.0
0.0,,0.022499999031424522,-0.011918950825929642,0.0,0.0
0.0,,0.023749999701976776,-0.008939213119447231,0.0,0.0
0.0,,0.021250000223517418,-0.011918950825929642,0.0,0.0
0.0,,0.023749999701976776,-0.011918950825929642,0.0,0.0
0.0,,0.022499999031424522,-0.008939213119447231,0.0,0.0
0.0,,0.016249999403953552,-0.008939213119447231,0.0,0.0
0.0,,0.022499999031424522,-0.011918950825929642,0.0,0.0
0.0,,0.023749999701976776,-0.005959475412964821,0.0,0.0
0.0,,0.02499999850988388,-0.011918950825929642,0.0,0.0
0.0,,0.01874999888241291,-0.011918950825929642,0.0,0.0
0.0,,0.023749999701976776,-0.011918950825929642,0.0,0.0
0.0,,0.023749999701976776,-0.008939213119447231,0.0,0.0
0.0,,0.017500000074505806,-0.008939213119447231,0.0,0.0
0.0,,0.021250000223517418,-0.008939213119447231,0.0,0.0
0.0,,0.019999999552965164,-0.011918950825929642,0.0,0.0
0.0,,0.019999999552965164,-0.011918950825929642,0.0,0.0
0.0,,0.01874999888241291,-0.008939213119447231,0.0,0.0
0.0,,0.019999999552965164,-0.011918950825929642,0.0,0.0
0.0,,0.021250000223517418,-0.011918950825929642,0.0,0.0
0.0,,0.023749999701976776,-0.008939213119447231,0.0,0.0
0.0,,0.023749999701976776,-0.011918950825929642,0.0,0.0
0.0,,0.02499999850988388,-0.011918950825929642,0.0,0.0
0.0,,0.01874999888241291,-0.008939213119447231,0.0,0.0
0.0,,0.01874999888241291,-0.008939213119447231,0.0,0.0
0.0,,0.022499999031424522,-0.011918950825929642,0.0,0.0
0.0,,0.021250000223517418,-0.008939213119447231,0.0,0.0
0.0,,0.016249999403953552,-0.011918950825929642,0.0,0.0
0.0,,0.01874999888241291,-0.011918950825929642,0.0,0.0
0.0,,0.021250000223517418,-0.008939213119447231,0.0,0.0
0.0,,0.01874999888241291,-0.008939213119447231,0.0,0.0
0.0,,0.017500000074505806,-0.011918950825929642,0.0,0.0
0.0,,0.016249999403953552,-0.005959475412964821,0.0,0.0
0.0,,0.022499999031424522,-0.005959475412964821,0.0,0.0
0.0,,0.021250000223517418,-0.011918950825929642,0.0,0.0
0.0,,0.021250000223517418,-0.005959475412964821,0.0,0.0
0.0,,0.019999999552965164,-0.011918950825929642,0.0,0.0
0.0,,0.022499999031424522,-0.008939213119447231,0.0,0.0
0.0,,0.017500000074505806,-0.008939213119447231,0.0,0.0
0.0,,0.023749999701976776,-0.008939213119447231,0.0,0.0
0.0,,0.011249999515712261,-0.005959475412964821,0.0,0.0
0.0,,0.022499999031424522,-0.011918950825929642,0.0,0.0
0.0,,0.021250000223517418,-0.008939213119447231,0.0,0.0
0.0,,0.023749999701976776,-0.011918950825929642,0.0,0.0
0.0,,0.022499999031424522,-0.011918950825929642,0.0,0.0
0.0,,0.023749999701976776,-0.011918950825929642,0.0,0.0
0.0,,0.023749999701976776,-0.008939213119447231,0.0,0.0
0.0,,0.022499999031424522,-0.008939213119447231,0.0,0.0
0.0,,0.022499999031424522,-0.008939213119447231,0.0,0.0
0.0,,0.023749999701976776,-0.011918950825929642,0.0,0.0
0.0,,0.022499999031424522,-0.008939213119447231,0.0,0.0
0.0,,0.021250000223517418,-0.008939213119447231,0.0,0.0
0.0,,0.022499999031424522,-0.011918950825929642,0.0,0.0
0.0,,0.023749999701976776,-0.011918950825929642,0.0,0.0
0.0,,0.021250000223517418,-0.011918950825929642,0.0,0.0
0.0,,0.022499999031424522,-0.008939213119447231,0.0,0.0
0.0,,0.02499999850988388,-0.008939213119447231,0.0,0.0
0.0,,0.022499999031424522,-0.008939213119447231,0.0,0.0
0.0,,0.023749999701976776,-0.011918950825929642,0.0,0.0
0.0,,0.019999999552965164,-0.011918950825929642,0.0,0.0
0.0,,0.023749999701976776,-0.011918950825929642,0.0,0.0
0.0,,0.017500000074505806,-0.008939213119447231,0.0,0.0
0.0,,0.023749999701976776,-0.008939213119447231,0.0,0.0
0.0,,0.01874999888241291,-0.008939213119447231,0.0,0.0
0.0,,0.017500000074505806,-0.011918950825929642,0.0,0.0
0.0,,0.021250000223517418,-0.011918950825929642,0.0,0.0
0.0,,0.019999999552965164,-0.008939213119447231,0.0,0.0
0.0,,0.022499999031424522,-0.008939213119447231,0.0,0.0
0.0,,0.023749999701976776,-0.008939213119447231,0.0,0.0
0.0,,0.022499999031424522,-0.008939213119447231,0.0,0.0
0.0,,0.021250000223517418,-0.011918950825929642,0.0,0.0
0.0,,0.02499999850988388,-0.011918950825929642,0.0,0.0
0.0,,0.023749999701976776,-0.011918950825929642,0.0,0.0
0.0,,0.023749999701976776,-0.008939213119447231,0.0,0.0
0.0,,0.023749999701976776,-0.008939213119447231,0.0,0.0
0.0,,0.022499999031424522,-0.011918950825929642,0.0,0.0
0.0,,0.022499999031424522,-0.011918950825929642,0.0,0.0
0.0,,0.023749999701976776,-0.008939213119447231,0.0,0.0
0.0,,0.022499999031424522,-0.008939213119447231,0.0,0.0
0.0,,0.022499999031424522,-0.008939213119447231,0.0,0.0
0.0,,0.022499999031424522,-0.008939213119447231,0.0,0.0
0.0,,0.02499999850988388,-0.011918950825929642,0.0,0.0
0.0,,0.023749999701976776,-0.008939213119447231,0.0,0.0
0.0,,0.022499999031424522,-0.011918950825929642,0.0,0.0
0.0,,0.022499999031424522,-0.008939213119447231,0.0,0.0
0.0,,0.021250000223517418,-0.008939213119447231,0.0,0.0
0.0,,0.023749999701976776,-0.008939213119447231,0.0,0.0
0.0,,0.022499999031424522,-0.011918950825929642,0.0,0.0
0.0,,0.023749999701976776,-0.011918950825929642,0.0,0.0
0.0,,0.022499999031424522,-0.011918950825929642,0.0,0.0
0.0,,0.022499999031424522,-0.005959475412964821,0.0,0.0
0.0,,0.01874999888241291,-0.011918950825929642,0.0,0.0
0.0,,0.014999999664723873,-0.008939213119447231,0.0,0.0
0.0,,0.01874999888241291,-0.008939213119447231,0.0,0.0
0.0,,0.021250000223517418,-0.008939213119447231,0.0,0.0
0.0,,0.017500000074505806,-0.008939213119447231,0.0,0.0
0.0,,0.022499999031424522,-0.008939213119447231,0.0,0.0
0.0,,0.01874999888241291,-0.008939213119447231,0.0,0.0
0.0,,0.017500000074505806,-0.011918950825929642,0.0,0.0
0.0,,0.019999999552965164,-0.011918950825929642,0.0,0.0
0.0,,0.022499999031424522,-0.008939213119447231,0.0,0.0
0.0,,0.01874999888241291,-0.008939213119447231,0.0,0.0
0.0,,0.016249999403953552,-0.008939213119447231,0.0,0.0
0.0,,0.019999999552965164,-0.008939213119447231,0.0,0.0
0.0,,0.023749999701976776,-0.008939213119447231,0.0,0.0
0.0,,0.023749999701976776,-0.011918950825929642,0.0,0.0
0.0,,0.022499999031424522,-0.008939213119447231,0.0,0.0
0.0,,0.02499999850988388,-0.008939213119447231,0.0,0.0
0.0,,0.026249999180436134,-0.008939213119447231,0.0,0.0
0.0,,0.022499999031424522,-0.008939213119447231,0.0,0.0
0.0,,0.023749999701976776,-0.005959475412964821,0.0,0.0
0.0,,0.022499999031424522,-0.011918950825929642,0.0,0.0
0.0,,0.023749999701976776,-0.008939213119447231,0.0,0.0
0.0,,0.023749999701976776,-0.008939213119447231,0.0,0.0
0.0,,0.022499999031424522,-0.008939213119447231,0.0,0.0
0.0,,0.023749999701976776,-0.008939213119447231,0.0,0.0
0.0,,0.022499999031424522,-0.011918950825929642,0.0,0.0
0.0,,0.022499999031424522,-0.008939213119447231,0.0,0.0
0.0,,0.023749999701976776,-0.011918950825929642,0.0,0.0
0.0,,0.022499999031424522,-0.008939213119447231,0.0,0.0
0.0,,0.023749999701976776,-0.008939213119447231,0.0,0.0
0.0,,0.022499999031424522,-0.008939213119447231,0.0,0.0
0.0,,0.022499999031424522,-0.008939213119447231,0.0,0.0
0.0,,0.023749999701976776,-0.011918950825929642,0.0,0.0
0.0,,0.021250000223517418,-0.011918950825929642,0.0,0.0
0.0,,0.022499999031424522,-0.011918950825929642,0.0,0.0
0.0,,0.02499999850988388,-0.011918950825929642,0.0,0.0
0.0,,0.022499999031424522,-0.008939213119447231,0.0,0.0
0.0,,0.022499999031424522,-0.008939213119447231,0.0,0.0
0.0,,0.019999999552965164,-0.008939213119447231,0.0,0.0
0.0,,0.022499999031424522,-0.008939213119447231,0.0,0.0
0.0,,0.022499999031424522,-0.008939213119447231,0.0,0.0
0.0,,0.021250000223517418,-0.005959475412964821,0.0,0.0
0.0,,0.019999999552965164,-0.011918950825929642,0.0,0.0
0.0,,0.022499999031424522,-0.011918950825929642,0.0,0.0
0.0,,0.01874999888241291,-0.008939213119447231,0.0,0.0
0.0,,0.019999999552965164,-0.011918950825929642,0.0,0.0
0.0,,0.021250000223517418,-0.005959475412964821,0.0,0.0
0.0,,0.022499999031424522,-0.008939213119447231,0.0,0.0
0.0,,0.02499999850988388,-0.011918950825929642,0.0,0.0
0.0,,0.023749999701976776,-0.008939213119447231,0.0,0.0
0.0,,0.022499999031424522,-0.011918950825929642,0.0,0.0
0.0,,0.021250000223517418,-0.008939213119447231,0.0,0.0
0.0,,0.022499999031424522,-0.011918950825929642,0.0,0.0
0.0,,0.021250000223517418,-0.008939213119447231,0.0,0.0
0.0,,0.022499999031424522,-0.008939213119447231,0.0,0.0
0.0,,0.022499999031424522,-0.008939213119447231,0.0,0.0
0.0,,0.022499999031424522,-0.005959475412964821,0.0,0.0
0.0,,0.022499999031424522,-0.008939213119447231,0.0,0.0
0.0,,0.022499999031424522,-0.011918950825929642,0.0,0.0
0.0,,0.023749999701976776,-0.005959475412964821,0.0,0.0
0.0,,0.022499999031424522,-0.008939213119447231,0.0,0.0
0.0,,0.022499999031424522,-0.011918950825929642,0.0,0.0
0.0,,0.022499999031424522,-0.011918950825929642,0.0,0.0
0.0,,0.021250000223517418,-0.008939213119447231,0.0,0.0
0.0,,0.022499999031424522,-0.008939213119447231,0.0,0.0
0.0,,0.021250000223517418,-0.011918950825929642,0.0,0.0
0.0,,0.021250000223517418,-0.011918950825929642,0.0,0.0
0.0,,0.021250000223517418,-0.008939213119447231,0.0,0.0
0.0,,0.022499999031424522,-0.008939213119447231,0.0,0.0
0.0,,0.023749999701976776,-0.011918950825929642,0.0,0.0
0.0,,0.023749999701976776,-0.008939213119447231,0.0,0.0
0.0,,0.022499999031424522,-0.008939213119447231,0.0,0.0
0.0,,0.023749999701976776,-0.011918950825929642,0.0,0.0
0.0,,0.019999999552965164,-0.011918950825929642,0.0,0.0
0.0,,0.022499999031424522,-0.008939213119447231,0.0,0.0
0.0,,0.021250000223517418,-0.008939213119447231,0.0,0.0
0.0,,0.013749999925494194,-0.011918950825929642,0.0,0.0
0.0,,0.019999999552965164,-0.011918950825929642,0.0,0.0
0.0,,0.02499999850988388,-0.005959475412964821,0.0,0.0
0.0,,0.022499999031424522,-0.011918950825929642,0.0,0.0
0.0,,0.013749999925494194,-0.011918950825929642,0.0,0.0
0.0,,0.023749999701976776,-0.011918950825929642,0.0,0.0
0.0,,0.019999999552965164,-0.011918950825929642,0.0,0.0
0.0,,0.021250000223517418,-0.011918950825929642,0.0,0.0
0.0,,0.014999999664723873,-0.008939213119447231,0.0,0.0
0.0,,0.014999999664723873,-0.011918950825929642,0.0,0.0
0.0,,0.022499999031424522,-0.008939213119447231,0.0,0.0
0.0,,0.019999999552965164,-0.011918950825929642,0.0,0.0
0.0,,0.013749999925494194,-0.008939213119447231,0.0,0.0
0.0,,0.02499999850988388,-0.011918950825929642,0.0,0.0
0.0,,0.014999999664723873,-0.008939213119447231,0.0,0.0
0.0,,0.017500000074505806,-0.011918950825929642,0.0,0.0
0.0,,0.014999999664723873,-0.008939213119447231,0.0,0.0
0.0,,0.022499999031424522,-0.008939213119447231,0.0,0.0
0.0,,0.021250000223517418,-0.008939213119447231,0.0,0.0
0.0,,0.013749999925494194,-0.008939213119447231,0.0,0.0
0.0,,0.023749999701976776,-0.008939213119447231,0.0,0.0
0.0,,0.021250000223517418,-0.011918950825929642,0.0,0.0
0.0,,0.021250000223517418,-0.008939213119447231,0.0,0.0
0.0,,0.023749999701976776,-0.008939213119447231,0.0,0.0
0.0,,0.01874999888241291,-0.011918950825929642,0.0,0.0
0.0,,0.02499999850988388,-0.011918950825929642,0.0,0.0
0.0,,0.023749999701976776,-0.008939213119447231,0.0,0.0
0.0,,0.017500000074505806,-0.008939213119447231,0.0,0.0
0.0,,0.022499999031424522,-0.011918950825929642,0.0,0.0
0.0,,0.01874999888241291,-0.005959475412964821,0.0,0.0
0.0,,0.016249999403953552,-0.008939213119447231,0.0,0.0
0.0,,0.016249999403953552,-0.008939213119447231,0.0,0.0
0.0,,0.022499999031424522,-0.011918950825929642,0.0,0.0
0.0,,0.014999999664723873,-0.008939213119447231,0.0,0.0
0.0,,0.016249999403953552,-0.008939213119447231,0.0,0.0
0.0,,0.022499999031424522,-0.008939213119447231,0.0,0.0
0.0,,0.016249999403953552,-0.011918950825929642,0.0,0.0
0.0,,0.013749999925494194,-0.008939213119447231,0.0,0.0
0.0,,0.017500000074505806,-0.008939213119447231,0.0,0.0
0.0,,0.021250000223517418,-0.011918950825929642,0.0,0.0
0.0,,0.022499999031424522,-0.011918950825929642,0.0,0.0
0.0,,0.016249999403953552,-0.005959475412964821,0.0,0.0
0.0,,0.022499999031424522,-0.008939213119447231,0.0,0.0
0.0,,0.022499999031424522,-0.005959475412964821,0.0,0.0
0.0,,0.022499999031424522,-0.008939213119447231,0.0,0.0
0.0,,0.021250000223517418,-0.008939213119447231,0.0,0.0
0.0,,0.021250000223517418,-0.008939213119447231,0.0,0.0
0.0,,0.022499999031424522,-0.008939213119447231,0.0,0.0
0.0,,0.022499999031424522,-0.011918950825929642,0.0,0.0
0.0,,0.023749999701976776,-0.008939213119447231,0.0,0.0
0.0,,0.022499999031424522,-0.014898688532412052,0.0,0.0
0.0,,0.021250000223517418,-0.011918950825929642,0.0,0.0
0.0,,0.022499999031424522,-0.011918950825929642,0.0,0.0
0.0,,0.022499999031424522,-0.011918950825929642,0.0,0.0
0.0,,0.022499999031424522,-0.008939213119447231,0.0,0.0
0.0,,0.022499999031424522,-0.011918950825929642,0.0,0.0
0.0,,0.021250000223517418,-0.008939213119447231,0.0,0.0
0.0,,0.022499999031424522,-0.011918950825929642,0.0,0.0
0.0,,0.021250000223517418,-0.005959475412964821,0.0,0.0
0.0,,0.023749999701976776,-0.011918950825929642,0.0,0.0
0.0,,0.022499999031424522,-0.011918950825929642,0.0,0.0
0.0,,0.022499999031424522,-0.008939213119447231,0.0,0.0
0.0,,0.022499999031424522,-0.011918950825929642,0.0,0.0
0.0,,0.022499999031424522,-0.011918950825929642,0.0,0.0
0.0,,0.021250000223517418,-0.005959475412964821,0.0,0.0
0.0,,0.022499999031424522,-0.008939213119447231,0.0,0.0
0.0,,0.021250000223517418,-0.011918950825929642,0.0,0.0
0.0,,0.022499999031424522,-0.008939213119447231,0.0,0.0
0.0,,0.022499999031424522,-0.008939213119447231,0.0,0.0
0.0,,0.021250000223517418,-0.008939213119447231,0.0,0.0
0.0,,0.022499999031424522,-0.008939213119447231,0.0,0.0
0.0,,0.022499999031424522,-0.011918950825929642,0.0,0.0
0.0,,0.023749999701976776,-0.008939213119447231,0.0,0.0
0.0,,0.022499999031424522,-0.008939213119447231,0.0,0.0
0.0,,0.019999999552965164,-0.008939213119447231,0.0,0.0
0.0,,0.021250000223517418,-0.008939213119447231,0.0,0.0
0.0,,0.022499999031424522,-0.011918950825929642,0.0,0.0
0.0,,0.019999999552965164,-0.011918950825929642,0.0,0.0
0.0,,0.019999999552965164,-0.011918950825929642,0.0,0.0
0.0,,0.021250000223517418,-0.011918950825929642,0.0,0.0
0.0,,0.021250000223517418,-0.008939213119447231,0.0,0.0
0.0,,0.019999999552965164,-0.008939213119447231,0.0,0.0
0.0,,0.021250000223517418,-0.014898688532412052,0.0,0.0
0.0,,0.021250000223517418,-0.011918950825929642,0.0,0.0
0.0,,0.019999999552965164,-0.011918950825929642,0.0,0.0
0.0,,0.019999999552965164,-0.008939213119447231,0.0,0.0
0.0,,0.017500000074505806,-0.014898688532412052,0.0,0.0
0.0,,0.023749999701976776,-0.011918950825929642,0.0,0.0
0.0,,0.021250000223517418,-0.011918950825929642,0.0,0.0
0.0,,0.017500000074505806,-0.005959475412964821,0.0,0.0
0.0,,0.016249999403953552,-0.011918950825929642,0.0,0.0
0.0,,0.026249999180436134,-0.008939213119447231,0.0,0.0
0.0,,0.022499999031424522,-0.008939213119447231,0.0,0.0
0.0,,0.022499999031424522,-0.008939213119447231,0.0,0.0
0.0,,0.022499999031424522,-0.008939213119447231,0.0,0.0
0.0,,0.021250000223517418,-0.008939213119447231,0.0,0.0
0.0,,0.022499999031424522,-0.008939213119447231,0.0,0.0
0.0,,0.021250000223517418,-0.011918950825929642,0.0,0.0
0.0,,0.02499999850988388,-0.011918950825929642,0.0,0.0
0.0,,0.021250000223517418,-0.008939213119447231,0.0,0.0
0.0,,0.022499999031424522,-0.011918950825929642,0.0,0.0
0.0,,0.023749999701976776,-0.008939213119447231,0.0,0.0
0.0,,0.017500000074505806,-0.011918950825929642,0.0,0.0
0.0,,0.019999999552965164,-0.011918950825929642,0.0,0.0
0.0,,0.022499999031424522,-0.008939213119447231,0.0,0.0
0.0,,0.019999999552965164,-0.011918950825929642,0.0,0.0
0.0,,0.021250000223517418,-0.008939213119447231,0.0,0.0
0.0,,0.022499999031424522,-0.008939213119447231,0.0,0.0
0.0,,0.022499999031424522,-0.008939213119447231,0.0,0.0
0.0,,0.021250000223517418,-0.005959475412964821,0.0,0.0
0.0,,0.016249999403953552,-0.008939213119447231,0.0,0.0
0.0,,0.021250000223517418,-0.011918950825929642,0.0,0.0
0.0,,0.019999999552965164,-0.008939213119447231,0.0,0.0
0.0,,0.01874999888241291,-0.011918950825929642,0.0,0.0
0.0,,0.023749999701976776,-0.008939213119447231,0.0,0.0
0.0,,0.022499999031424522,-0.011918950825929642,0.0,0.0
0.0,,0.022499999031424522,-0.011918950825929642,0.0,0.0
0.0,,0.021250000223517418,-0.011918950825929642,0.0,0.0
0.0,,0.021250000223517418,-0.008939213119447231,0.0,0.0
0.0,,0.021250000223517418,-0.008939213119447231,0.0,0.0
0.0,,0.021250000223517418,-0.011918950825929642,0.0,0.0
0.0,,0.022499999031424522,-0.011918950825929642,0.0,0.0
0.0,,0.021250000223517418,-0.011918950825929642,0.0,0.0
0.0,,0.022499999031424522,-0.011918950825929642,0.0,0.0
0.0,,0.019999999552965164,-0.008939213119447231,0.0,0.0
0.0,,0.022499999031424522,-0.011918950825929642,0.0,0.0
0.0,,0.023749999701976776,-0.008939213119447231,0.0,0.0
0.0,,0.021250000223517418,-0.008939213119447231,0.0,0.0
0.0,,0.023749999701976776,-0.008939213119447231,0.0,0.0
0.0,,0.019999999552965164,-0.008939213119447231,0.0,0.0
0.0,,0.023749999701976776,-0.008939213119447231,0.0,0.0
0.0,,0.023749999701976776,-0.011918950825929642,0.0,0.0
0.0,,0.021250000223517418,-0.008939213119447231,0.0,0.0
0.0,,0.016249999403953552,-0.011918950825929642,0.0,0.0
0.0,,0.01874999888241291,-0.011918950825929642,0.0,0.0
0.0,,0.021250000223517418,-0.011918950825929642,0.0,0.0
0.0,,0.016249999403953552,-0.011918950825929642,0.0,0.0
0.0,,0.009999999776482582,-0.008939213119447231,0.0,0.0
0.0,,0.019999999552965164,-0.008939213119447231,0.0,0.0
0.0,,0.021250000223517418,-0.011918950825929642,0.0,0.0
0.0,,0.022499999031424522,-0.008939213119447231,0.0,0.0
0.0,,0.021250000223517418,-0.005959475412964821,0.0,0.0
0.0,,0.022499999031424522,-0.008939213119447231,0.0,0.0
0.0,,0.021250000223517418,-0.008939213119447231,0.0,0.0
0.0,,0.019999999552965164,-0.008939213119447231,0.0,0.0
0.0,,0.022499999031424522,-0.008939213119447231,0.0,0.0
0.0,,0.022499999031424522,-0.011918950825929642,0.0,0.0
0.0,,0.021250000223517418,-0.011918950825929642,0.0,0.0
0.0,,0.01874999888241291,-0.008939213119447231,0.0,0.0
0.0,,0.021250000223517418,-0.011918950825929642,0.0,0.0
0.0,,0.019999999552965164,-0.011918950825929642,0.0,0.0
0.0,,0.022499999031424522,-0.011918950825929642,0.0,0.0
0.0,,0.023749999701976776,-0.008939213119447231,0.0,0.0
0.0,,0.014999999664723873,-0.008939213119447231,0.0,0.0
0.0,,0.01874999888241291,-0.008939213119447231,0.0,0.0
0.0,,0.021250000223517418,-0.014898688532412052,0.0,0.0
0.0,,0.01874999888241291,-0.005959475412964821,0.0,0.0
0.0,,0.021250000223517418,-0.011918950825929642,0.0,0.0
0.0,,0.021250000223517418,-0.011918950825929642,0.0,0.0
0.0,,0.023749999701976776,-0.008939213119447231,0.0,0.0
0.0,,0.021250000223517418,-0.011918950825929642,0.0,0.0
0.0,,0.021250000223517418,-0.008939213119447231,0.0,0.0
0.0,,0.014999999664723873,-0.011918950825929642,0.0,0.0
0.0,,0.017500000074505806,-0.008939213119447231,0.0,0.0
0.0,,0.022499999031424522,-0.011918950825929642,0.0,0.0
0.0,,0.022499999031424522,-0.008939213119447231,0.0,0.0
0.0,,0.022499999031424522,-0.008939213119447231,0.0,0.0
0.0,,0.022499999031424522,-0.008939213119447231,0.0,0.0
0.0,,0.022499999031424522,-0.011918950825929642,0.0,0.0
0.0,,0.021250000223517418,-0.008939213119447231,0.0,0.0
0.0,,0.021250000223517418,-0.008939213119447231,0.0,0.0
0.0,,0.022499999031424522,-0.011918950825929642,0.0,0.0
0.0,,0.021250000223517418,-0.008939213119447231,0.0,0.0
0.0,,0.021250000223517418,-0.008939213119447231,0.0,0.0
0.0,,0.021250000223517418,-0.008939213119447231,0.0,0.0
0.0,,0.021250000223517418,-0.008939213119447231,0.0,0.0
0.0,,0.022499999031424522,-0.011918950825929642,0.0,0.0
0.0,,0.021250000223517418,-0.011918950825929642,0.0,0.0
0.0,,0.022499999031424522,-0.011918950825929642,0.0,0.0
0.0,,0.021250000223517418,-0.008939213119447231,0.0,0.0
0.0,,0.021250000223517418,-0.008939213119447231,0.0,0.0
0.0,,0.022499999031424522,-0.011918950825929642,0.0,0.0
0.0,,0.022499999031424522,-0.008939213119447231,0.0,0.0
0.0,,0.019999999552965164,-0.008939213119447231,0.0,0.0
0.0,,0.022499999031424522,-0.008939213119447231,0.0,0.0
0.0,,0.023749999701976776,-0.008939213119447231,0.0,0.0
0.0,,0.023749999701976776,-0.011918950825929642,0.0,0.0
0.0,,0.021250000223517418,-0.011918950825929642,0.0,0.0
0.0,,0.021250000223517418,-0.011918950825929642,0.0,0.0
0.0,,0.019999999552965164,-0.008939213119447231,0.0,0.0
0.0,,0.023749999701976776,-0.008939213119447231,0.0,0.0
0.0,,0.022499999031424522,-0.011918950825929642,0.0,0.0
0.0,,0.021250000223517418,-0.008939213119447231,0.0,0.0
0.0,,0.019999999552965164,-0.011918950825929642,0.0,0.0
0.0,,0.022499999031424522,-0.008939213119447231,0.0,0.0
0.0,,0.021250000223517418,-0.011918950825929642,0.0,0.0
0.0,,0.019999999552965164,-0.008939213119447231,0.0,0.0
0.0,,0.021250000223517418,-0.008939213119447231,0.0,0.0
0.0,,0.022499999031424522,-0.011918950825929642,0.0,0.0
0.0,,0.021250000223517418,-0.008939213119447231,0.0,0.0
0.0,,0.019999999552965164,-0.011918950825929642,0.0,0.0
0.0,,0.021250000223517418,-0.011918950825929642,0.0,0.0
0.0,,0.022499999031424522,-0.008939213119447231,0.0,0.0
0.0,,0.021250000223517418,-0.011918950825929642,0.0,0.0
0.0,,0.019999999552965164,-0.011918950825929642,0.0,0.0
0.0,,0.021250000223517418,-0.011918950825929642,0.0,0.0
0.0,,0.01874999888241291,-0.008939213119447231,0.0,0.0
0.0,,0.014999999664723873,-0.008939213119447231,0.0,0.0
0.0,,0.017500000074505806,-0.014898688532412052,0.0,0.0
0.0,,0.019999999552965164,-0.008939213119447231,0.0,0.0
0.0,,0.01249999925494194,-0.008939213119447231,0.0,0.0
0.0,,0.023749999701976776,-0.008939213119447231,0.0,0.0
0.0,,0.022499999031424522,-0.011918950825929642,0.0,0.0
0.0,,0.022499999031424522,-0.008939213119447231,0.0,0.0
0.0,,0.019999999552965164,-0.008939213119447231,0.0,0.0
0.0,,0.022499999031424522,-0.008939213119447231,0.0,0.0
0.0,,0.019999999552965164,-0.008939213119447231,0.0,0.0
0.0,,0.021250000223517418,-0.011918950825929642,0.0,0.0
0.0,,0.019999999552965164,-0.008939213119447231,0.0,0.0
0.0,,0.022499999031424522,-0.008939213119447231,0.0,0.0
0.0,,0.021250000223517418,-0.008939213119447231,0.0,0.0
0.0,,0.022499999031424522,-0.008939213119447231,0.0,0.0
0.0,,0.022499999031424522,-0.008939213119447231,0.0,0.0
0.0,,0.021250000223517418,-0.008939213119447231,0.0,0.0
0.0,,0.021250000223517418,-0.008939213119447231,0.0,0.0
0.0,,0.021250000223517418,-0.008939213119447231,0.0,0.0
0.0,,0.021250000223517418,-0.008939213119447231,0.0,0.0
0.0,,0.019999999552965164,-0.008939213119447231,0.0,0.0
0.0,,0.021250000223517418,-0.011918950825929642,0.0,0.0
0.0,,0.022499999031424522,-0.008939213119447231,0.0,0.0
0.0,,0.021250000223517418,-0.008939213119447231,0.0,0.0
0.0,,0.019999999552965164,-0.011918950825929642,0.0,0.0
0.0,,0.019999999552965164,-0.008939213119447231,0.0,0.0
0.0,,0.019999999552965164,-0.011918950825929642,0.0,0.0
0.0,,0.021250000223517418,-0.011918950825929642,0.0,0.0
0.0,,0.019999999552965164,-0.011918950825929642,0.0,0.0
0.0,,0.021250000223517418,-0.011918950825929642,0.0,0.0
0.0,,0.021250000223517418,-0.011918950825929642,0.0,0.0
0.0,,0.022499999031424522,-0.008939213119447231,0.0,0.0
0.0,,0.019999999552965164,-0.011918950825929642,0.0,0.0
0.0,,0.019999999552965164,-0.005959475412964821,0.0,0.0
0.0,,0.021250000223517418,-0.011918950825929642,0.0,0.0
0.0,,0.022499999031424522,-0.011918950825929642,0.0,0.0
0.0,,0.021250000223517418,-0.014898688532412052,0.0,0.0
0.0,,0.01874999888241291,-0.005959475412964821,0.0,0.0
0.0,,0.016249999403953552,-0.011918950825929642,0.0,0.0
0.0,,0.021250000223517418,-0.014898688532412052,0.0,0.0
0.0,,0.017500000074505806,-0.008939213119447231,0.0,0.0
0.0,,0.017500000074505806,-0.011918950825929642,0.0,0.0
0.0,,0.017500000074505806,-0.011918950825929642,0.0,0.0
0.0,,0.026249999180436134,-0.008939213119447231,0.0,0.0
0.0,,0.022499999031424522,-0.008939213119447231,0.0,0.0
0.0,,0.019999999552965164,-0.011918950825929642,0.0,0.0
0.0,,0.009999999776482582,-0.011918950825929642,0.0,0.0
0.0,,0.016249999403953552,-0.008939213119447231,0.0,0.0
0.0,,0.014999999664723873,-0.011918950825929642,0.0,0.0
0.0,,0.022499999031424522,-0.008939213119447231,0.0,0.0
0.0,,0.014999999664723873,-0.008939213119447231,0.0,0.0
0.0,,0.008750000037252903,-0.008939213119447231,0.0,0.0
0.0,,0.019999999552965164,-0.008939213119447231,0.0,0.0
0.0,,0.021250000223517418,-0.008939213119447231,0.0,0.0
0.0,,0.022499999031424522,-0.008939213119447231,0.0,0.0
0.0,,0.021250000223517418,-0.011918950825929642,0.0,0.0
0.0,,0.022499999031424522,-0.011918950825929642,0.0,0.0
0.0,,0.019999999552965164,-0.008939213119447231,0.0,0.0
0.0,,0.022499999031424522,-0.011918950825929642,0.0,0.0
0.0,,0.019999999552965164,-0.008939213119447231,0.0,0.0
0.0,,0.021250000223517418,-0.011918950825929642,0.0,0.0
0.0,,0.021250000223517418,-0.008939213119447231,0.0,0.0
0.0,,0.021250000223517418,-0.008939213119447231,0.0,0.0
0.0,,0.021250000223517418,-0.011918950825929642,0.0,0.0
0.0,,0.021250000223517418,-0.011918950825929642,0.0,0.0
0.0,,0.01874999888241291,-0.011918950825929642,0.0,0.0
0.0,,0.021250000223517418,-0.008939213119447231,0.0,0.0
0.0,,0.022499999031424522,-0.008939213119447231,0.0,0.0
0.0,,0.019999999552965164,-0.008939213119447231,0.0,0.0
0.0,,0.021250000223517418,-0.005959475412964821,0.0,0.0
0.0,,0.01874999888241291,-0.008939213119447231,0.0,0.0
0.0,,0.01874999888241291,-0.008939213119447231,0.0,0.0
0.0,,0.017500000074505806,-0.008939213119447231,0.0,0.0
0.0,,0.014999999664723873,-0.011918950825929642,0.0,0.0
0.0,,0.019999999552965164,-0.008939213119447231,0.0,0.0
0.0,,0.017500000074505806,-0.011918950825929642,0.0,0.0
0.0,,0.019999999552965164,-0.008939213119447231,0.0,0.0
0.0,,0.021250000223517418,-0.008939213119447231,0.0,0.0
0.0,,0.022499999031424522,-0.008939213119447231,0.0,0.0
0.0,,0.023749999701976776,-0.008939213119447231,0.0,0.0
0.0,,0.017500000074505806,-0.011918950825929642,0.0,0.0
0.0,,0.019999999552965164,-0.008939213119447231,0.0,0.0
0.0,,0.017500000074505806,-0.005959475412964821,0.0,0.0
0.0,,0.008750000037252903,-0.008939213119447231,0.0,0.0
0.0,,0.013749999925494194,-0.008939213119447231,0.0,0.0
0.0,,0.01874999888241291,-0.008939213119447231,0.0,0.0
0.0,,0.019999999552965164,-0.011918950825929642,0.0,0.0
0.0,,0.014999999664723873,-0.008939213119447231,0.0,0.0
0.0,,0.01249999925494194,-0.005959475412964821,0.0,0.0
0.0,,0.0037499999161809683,-0.011918950825929642,0.0,0.0
0.0,,0.021250000223517418,-0.008939213119447231,0.0,0.0
0.0,,0.023749999701976776,-0.008939213119447231,0.0,0.0
0.0,,0.013749999925494194,-0.011918950825929642,0.0,0.0
0.0,,0.022499999031424522,-0.008939213119447231,0.0,0.0
0.0,,0.019999999552965164,-0.011918950825929642,0.0,0.0
0.0,,0.022499999031424522,-0.008939213119447231,0.0,0.0
0.0,,0.019999999552965164,-0.008939213119447231,0.0,0.0
0.0,,0.022499999031424522,-0.008939213119447231,0.0,0.0
0.0,,0.023749999701976776,-0.005959475412964821,0.0,0.0
0.0,,0.019999999552965164,-0.008939213119447231,0.0,0.0
0.0,,0.022499999031424522,-0.011918950825929642,0.0,0.0
0.0,,0.019999999552965164,-0.011918950825929642,0.0,0.0
0.0,,0.019999999552965164,-0.008939213119447231,0.0,0.0
0.0,,0.021250000223517418,-0.008939213119447231,0.0,0.0
0.0,,0.021250000223517418,-0.011918950825929642,0.0,0.0
0.0,,0.01874999888241291,-0.008939213119447231,0.0,0.0
0.0,,0.021250000223517418,-0.014898688532412052,0.0,0.0
0.0,,0.019999999552965164,-0.008939213119447231,0.0,0.0
0.0,,0.021250000223517418,-0.008939213119447231,0.0,0.0
0.0,,0.016249999403953552,-0.008939213119447231,0.0,0.0
0.0,,0.022499999031424522,-0.008939213119447231,0.0,0.0
0.0,,0.022499999031424522,-0.011918950825929642,0.0,0.0
0.0,,0.019999999552965164,-0.011918950825929642,0.0,0.0
0.0,,0.019999999552965164,-0.008939213119447231,0.0,0.0
0.0,,0.021250000223517418,-0.008939213119447231,0.0,0.0
0.0,,0.016249999403953552,-0.008939213119447231,0.0,0.0
0.0,,0.01874999888241291,-0.011918950825929642,0.0,0.0
0.0,,0.014999999664723873,-0.008939213119447231,0.0,0.0
0.0,,0.021250000223517418,-0.008939213119447231,0.0,0.0
0.0,,0.009999999776482582,-0.005959475412964821,0.0,0.0
0.0,,0.016249999403953552,-0.008939213119447231,0.0,0.0
0.0,,0.017500000074505806,-0.008939213119447231,0.0,0.0
0.0,,0.023749999701976776,-0.008939213119447231,0.0,0.0
0.0,,0.016249999403953552,-0.011918950825929642,0.0,0.0
0.0,,0.011249999515712261,-0.008939213119447231,0.0,0.0
0.0,,0.021250000223517418,-0.008939213119447231,0.0,0.0
0.0,,0.022499999031424522,-0.008939213119447231,0.0,0.0
0.0,,0.021250000223517418,-0.008939213119447231,0.0,0.0
0.0,,0.021250000223517418,-0.011918950825929642,0.0,0.0
0.0,,0.021250000223517418,-0.008939213119447231,0.0,0.0
0.0,,0.021250000223517418,-0.011918950825929642,0.0,0.0
0.0,,0.019999999552965164,-0.008939213119447231,0.0,0.0
0.0,,0.021250000223517418,-0.008939213119447231,0.0,0.0
0.0,,0.01874999888241291,-0.011918950825929642,0.0,0.0
0.0,,0.021250000223517418,-0.011918950825929642,0.0,0.0
0.0,,0.019999999552965164,-0.008939213119447231,0.0,0.0
0.0,,0.021250000223517418,-0.011918950825929642,0.0,0.0
0.0,,0.019999999552965164,-0.008939213119447231,0.0,0.0
0.0,,0.019999999552965164,-0.011918950825929642,0.0,0.0
0.0,,0.022499999031424522,-0.008939213119447231,0.0,0.0
0.0,,0.022499999031424522,-0.008939213119447231,0.0,0.0
0.0,,0.019999999552965164,-0.008939213119447231,0.0,0.0
0.0,,0.019999999552965164,-0.011918950825929642,0.0,0.0
0.0,,0.023749999701976776,-0.005959475412964821,0.0,0.0
0.0,,0.021250000223517418,-0.011918950825929642,0.0,0.0
0.0,,0.019999999552965164,-0.008939213119447231,0.0,0.0
0.0,,0.021250000223517418,-0.011918950825929642,0.0,0.0
0.0,,0.01874999888241291,-0.008939213119447231,0.0,0.0
0.0,,0.019999999552965164,-0.011918950825929642,0.0,0.0
0.0,,0.021250000223517418,-0.005959475412964821,0.0,0.0
0.0,,0.021250000223517418,-0.011918950825929642,0.0,0.0
0.0,,0.017500000074505806,-0.008939213119447231,0.0,0.0
0.0,,0.021250000223517418,-0.011918950825929642,0.0,0.0
0.0,,0.01874999888241291,-0.008939213119447231,0.0,0.0
0.0,,0.019999999552965164,-0.008939213119447231,0.0,0.0
0.0,,0.019999999552965164,-0.008939213119447231,0.0,0.0
0.0,,0.022499999031424522,-0.008939213119447231,0.0,0.0
0.0,,0.021250000223517418,-0.008939213119447231,0.0,0.0
0.0,,0.021250000223517418,-0.008939213119447231,0.0,0.0
0.0,,0.021250000223517418,-0.011918950825929642,0.0,0.0
0.0,,0.022499999031424522,-0.008939213119447231,0.0,0.0
0.0,,0.019999999552965164,-0.005959475412964821,0.0,0.0
0.0,,0.019999999552965164,-0.005959475412964821,0.0,0.0
0.0,,0.021250000223517418,-0.011918950825929642,0.0,0.0
0.0,,0.021250000223517418,-0.008939213119447231,0.0,0.0
0.0,,0.021250000223517418,-0.008939213119447231,0.0,0.0
0.0,,0.021250000223517418,-0.008939213119447231,0.0,0.0
0.0,,0.01874999888241291,-0.011918950825929642,0.0,0.0
0.0,,0.021250000223517418,-0.008939213119447231,0.0,0.0
0.0,,0.021250000223517418,-0.008939213119447231,0.0,0.0
0.0,,0.019999999552965164,-0.011918950825929642,0.0,0.0
0.0,,0.019999999552965164,-0.011918950825929642,0.0,0.0
0.0,,0.019999999552965164,-0.011918950825929642,0.0,0.0
0.0,,0.022499999031424522,-0.008939213119447231,0.0,0.0
0.0,,0.019999999552965164,-0.008939213119447231,0.0,0.0
0.0,,0.01874999888241291,-0.011918950825929642,0.0,0.0
0.0,,0.021250000223517418,-0.011918950825929642,0.0,0.0
0.0,,0.021250000223517418,-0.008939213119447231,0.0,0.0
0.0,,0.014999999664723873,-0.005959475412964821,0.0,0.0
0.0,,0.019999999552965164,-0.011918950825929642,0.0,0.0
0.0,,0.01874999888241291,-0.011918950825929642,0.0,0.0
0.0,,0.01874999888241291,-0.008939213119447231,0.0,0.0
0.0,,0.019999999552965164,-0.008939213119447231,0.0,0.0
0.0,,0.01874999888241291,-0.014898688532412052,0.0,0.0
0.0,,0.01874999888241291,-0.005959475412964821,0.0,0.0
0.0,,0.016249999403953552,-0.008939213119447231,0.0,0.0
0.0,,0.014999999664723873,-0.008939213119447231,0.0,0.0
0.0,,0.019999999552965164,-0.005959475412964821,0.0,0.0
0.0,,0.01249999925494194,-0.008939213119447231,0.0,0.0
0.0,,0.01874999888241291,-0.011918950825929642,0.0,0.0
0.0,,0.009999999776482582,-0.008939213119447231,0.0,0.0
0.0,,0.017500000074505806,-0.011918950825929642,0.0,0.0
0.0,,0.023749999701976776,-0.008939213119447231,0.0,0.0
0.0,,0.019999999552965164,-0.011918950825929642,0.0,0.0
0.0,,0.013749999925494194,-0.008939213119447231,0.0,0.0
0.0,,0.021250000223517418,-0.011918950825929642,0.0,0.0
0.0,,0.023749999701976776,-0.011918950825929642,0.0,0.0
0.0,,0.019999999552965164,-0.008939213119447231,0.0,0.0
0.0,,0.019999999552965164,-0.008939213119447231,0.0,0.0
0.0,,0.013749999925494194,-0.008939213119447231,0.0,0.0
0.0,,0.019999999552965164,-0.008939213119447231,0.0,0.0
0.0,,0.019999999552965164,-0.011918950825929642,0.0,0.0
0.0,,0.01874999888241291,-0.008939213119447231,0.0,0.0
0.0,,0.017500000074505806,-0.008939213119447231,0.0,0.0
0.0,,0.019999999552965164,-0.005959475412964821,0.0,0.0
0.0,,0.014999999664723873,-0.008939213119447231,0.0,0.0
0.0,,0.007499999832361937,-0.011918950825929642,0.0,0.0
0.0,,0.01874999888241291,-0.005959475412964821,0.0,0.0
0.0,,0.013749999925494194,-0.011918950825929642,0.0,0.0
0.0,,0.016249999403953552,-0.011918950825929642,0.0,0.0
0.0,,0.017500000074505806,-0.008939213119447231,0.0,0.0
0.0,,0.01249999925494194,-0.008939213119447231,0.0,0.0
0.0,,0.014999999664723873,-0.005959475412964821,0.0,0.0
0.0,,0.019999999552965164,-0.011918950825929642,0.0,0.0
0.0,,0.014999999664723873,-0.008939213119447231,0.0,0.0
0.0,,0.014999999664723873,-0.008939213119447231,0.0,0.0
0.0,,0.02499999850988388,-0.008939213119447231,0.0,0.0
0.0,,0.021250000223517418,-0.008939213119447231,0.0,0.0
0.0,,0.022499999031424522,-0.011918950825929642,0.0,0.0
0.0,,0.017500000074505806,-0.008939213119447231,0.0,0.0
0.0,,0.019999999552965164,-0.011918950825929642,0.0,0.0
0.0,,0.01874999888241291,-0.011918950825929642,0.0,0.0
0.0,,0.019999999552965164,-0.005959475412964821,0.0,0.0
0.0,,0.019999999552965164,-0.011918950825929642,0.0,0.0
0.0,,0.019999999552965164,-0.008939213119447231,0.0,0.0
0.0,,0.019999999552965164,-0.008939213119447231,0.0,0.0
0.0,,0.021250000223517418,-0.008939213119447231,0.0,0.0
0.0,,0.019999999552965164,-0.008939213119447231,0.0,0.0
0.0,,0.01874999888241291,-0.008939213119447231,0.0,0.0
0.0,,0.021250000223517418,-0.008939213119447231,0.0,0.0
0.0,,0.021250000223517418,-0.011918950825929642,0.0,0.0
0.0,,0.019999999552965164,-0.011918950825929642,0.0,0.0
0.0,,0.019999999552965164,-0.008939213119447231,0.0,0.0
0.0,,0.019999999552965164,-0.008939213119447231,0.0,0.0
0.0,,0.019999999552965164,-0.011918950825929642,0.0,0.0
0.0,,0.019999999552965164,-0.008939213119447231,0.0,0.0
0.0,,0.019999999552965164,-0.008939213119447231,0.0,0.0
0.0,,0.019999999552965164,-0.008939213119447231,0.0,0.0
0.0,,0.01874999888241291,-0.005959475412964821,0.0,0.0
0.0,,0.017500000074505806,-0.011918950825929642,0.0,0.0
0.0,,0.021250000223517418,-0.011918950825929642,0.0,0.0
0.0,,0.01874999888241291,-0.008939213119447231,0.0,0.0
0.0,,0.019999999552965164,-0.008939213119447231,0.0,0.0
0.0,,0.01874999888241291,-0.008939213119447231,0.0,0.0
0.0,,0.01874999888241291,-0.008939213119447231,0.0,0.0
0.0,,0.017500000074505806,-0.011918950825929642,0.0,0.0
0.0,,0.019999999552965164,-0.008939213119447231,0.0,0.0
0.0,,0.019999999552965164,-0.011918950825929642,0.0,0.0
0.0,,0.019999999552965164,-0.008939213119447231,0.0,0.0
0.0,,0.019999999552965164,-0.008939213119447231,0.0,0.0
0.0,,0.019999999552965164,-0.008939213119447231,0.0,0.0
0.0,,0.014999999664723873,-0.014898688532412052,0.0,0.0
0.0,,0.013749999925494194,-0.008939213119447231,0.0,0.0
0.0,,0.014999999664723873,-0.008939213119447231,0.0,0.0
0.0,,0.01874999888241291,-0.008939213119447231,0.0,0.0
0.0,,0.008750000037252903,-0.005959475412964821,0.0,0.0
0.0,,0.014999999664723873,-0.008939213119447231,0.0,0.0
0.0,,0.016249999403953552,-0.011918950825929642,0.0,0.0
0.0,,0.014999999664723873,-0.008939213119447231,0.0,0.0
0.0,,0.014999999664723873,-0.011918950825929642,0.0,0.0
0.0,,0.01874999888241291,-0.011918950825929642,0.0,0.0
0.0,,0.021250000223517418,-0.011918950825929642,0.0,0.0
0.0,,0.019999999552965164,-0.008939213119447231,0.0,0.0
0.0,,0.01249999925494194,-0.008939213119447231,0.0,0.0
0.0,,0.013749999925494194,-0.008939213119447231,0.0,0.0
0.0,,0.014999999664723873,-0.005959475412964821,0.0,0.0
0.0,,0.016249999403953552,-0.005959475412964821,0.0,0.0
0.0,,0.01874999888241291,-0.008939213119447231,0.0,0.0
0.0,,0.021250000223517418,-0.008939213119447231,0.0,0.0
0.0,,0.017500000074505806,-0.008939213119447231,0.0,0.0
0.0,,0.023749999701976776,-0.008939213119447231,0.0,0.0
0.0,,0.01874999888241291,-0.008939213119447231,0.0,0.0
0.0,,0.016249999403953552,-0.008939213119447231,0.0,0.0
0.0,,0.016249999403953552,-0.011918950825929642,0.0,0.0
0.0,,0.014999999664723873,-0.008939213119447231,0.0,0.0
0.0,,0.017500000074505806,-0.011918950825929642,0.0,0.0
0.0,,0.014999999664723873,-0.008939213119447231,0.0,0.0
0.0,,0.021250000223517418,-0.011918950825929642,0.0,0.0
0.0,,0.009999999776482582,-0.011918950825929642,0.0,0.0
0.0,,0.013749999925494194,-0.011918950825929642,0.0,0.0
0.0,,0.014999999664723873,-0.008939213119447231,0.0,0.0
0.0,,0.017500000074505806,-0.008939213119447231,0.0,0.0
0.0,,0.01249999925494194,-0.011918950825929642,0.0,0.0
0.0,,0.021250000223517418,-0.008939213119447231,0.0,0.0
0.0,,0.021250000223517418,-0.008939213119447231,0.0,0.0
0.0,,0.016249999403953552,-0.008939213119447231,0.0,0.0
0.0,,0.017500000074505806,-0.008939213119447231,0.0,0.0
0.0,,0.01874999888241291,-0.008939213119447231,0.0,0.0
0.0,,0.021250000223517418,-0.008939213119447231,0.0,0.0
0.0,,0.021250000223517418,-0.008939213119447231,0.0,0.0
0.0,,0.019999999552965164,-0.008939213119447231,0.0,0.0
0.0,,0.021250000223517418,-0.005959475412964821,0.0,0.0
0.0,,0.019999999552965164,-0.008939213119447231,0.0,0.0
0.0,,0.01874999888241291,-0.011918950825929642,0.0,0.0
0.0,,0.021250000223517418,-0.008939213119447231,0.0,0.0
0.0,,0.019999999552965164,-0.011918950825929642,0.0,0.0
0.0,,0.01874999888241291,-0.011918950825929642,0.0,0.0
0.0,,0.014999999664723873,-0.008939213119447231,0.0,0.0
0.0,,0.019999999552965164,-0.008939213119447231,0.0,0.0
0.0,,0.01874999888241291,-0.011918950825929642,0.0,0.0
0.0,,0.017500000074505806,-0.008939213119447231,0.0,0.0
0.0,,0.022499999031424522,-0.008939213119447231,0.0,0.0
0.0,,0.01874999888241291,-0.011918950825929642,0.0,0.0
0.0,,0.014999999664723873,-0.011918950825929642,0.0,0.0
0.0,,0.017500000074505806,-0.005959475412964821,0.0,0.0
0.0,,0.017500000074505806,-0.008939213119447231,0.0,0.0
0.0,,0.017500000074505806,-0.011918950825929642,0.0,0.0
0.0,,0.017500000074505806,-0.008939213119447231,0.0,0.0
0.0,,0.01249999925494194,-0.014898688532412052,0.0,0.0
0.0,,0.017500000074505806,-0.005959475412964821,0.0,0.0
0.0,,0.016249999403953552,-0.008939213119447231,0.0,0.0
0.0,,0.013749999925494194,-0.011918950825929642,0.0,0.0
0.0,,0.01874999888241291,-0.011918950825929642,0.0,0.0
0.0,,0.011249999515712261,-0.008939213119447231,0.0,0.0
0.0,,0.022499999031424522,-0.005959475412964821,0.0,0.0
0.0,,0.019999999552965164,-0.008939213119447231,0.0,0.0
0.0,,0.01874999888241291,-0.008939213119447231,0.0,0.0
0.0,,0.019999999552965164,-0.011918950825929642,0.0,0.0
0.0,,0.019999999552965164,-0.008939213119447231,0.0,0.0
0.0,,0.021250000223517418,-0.008939213119447231,0.0,0.0
0.0,,0.017500000074505806,-0.008939213119447231,0.0,0.0
0.0,,0.01874999888241291,-0.008939213119447231,0.0,0.0
0.0,,0.021250000223517418,-0.008939213119447231,0.0,0.0
0.0,,0.01874999888241291,-0.011918950825929642,0.0,0.0
0.0,,0.019999999552965164,-0.011918950825929642,0.0,0.0
0.0,,0.021250000223517418,-0.008939213119447231,0.0,0.0
0.0,,0.019999999552965164,-0.008939213119447231,0.0,0.0
0.0,,0.01874999888241291,-0.008939213119447231,0.0,0.0
0.0,,0.01874999888241291,-0.011918950825929642,0.0,0.0
0.0,,0.01874999888241291,-0.011918950825929642,0.0,0.0
0.0,,0.01874999888241291,-0.008939213119447231,0.0,0.0
0.0,,0.019999999552965164,-0.008939213119447231,0.0,0.0
0.0,,0.016249999403953552,-0.008939213119447231,0.0,0.0
0.0,,0.016249999403953552,-0.011918950825929642,0.0,0.0
0.0,,0.017500000074505806,-0.011918950825929642,0.0,0.0
0.0,,0.013749999925494194,-0.008939213119447231,0.0,0.0
0.0,,0.022499999031424522,-0.011918950825929642,0.0,0.0
0.0,,0.01874999888241291,-0.008939213119447231,0.0,0.0
0.0,,0.01874999888241291,-0.008939213119447231,0.0,0.0
0.0,,0.023749999701976776,-0.008939213119447231,0.0,0.0
0.0,,0.01874999888241291,-0.008939213119447231,0.0,0.0
0.0,,0.021250000223517418,-0.011918950825929642,0.0,0.0
0.0,,0.019999999552965164,-0.011918950825929642,0.0,0.0
0.0,,0.021250000223517418,-0.011918950825929642,0.0,0.0
0.0,,0.019999999552965164,-0.008939213119447231,0.0,0.0
0.0,,0.019999999552965164,-0.011918950825929642,0.0,0.0
0.0,,0.01874999888241291,-0.008939213119447231,0.0,0.0
0.0,,0.019999999552965164,-0.011918950825929642,0.0,0.0
0.0,,0.01874999888241291,-0.008939213119447231,0.0,0.0
0.0,,0.019999999552965164,-0.008939213119447231,0.0,0.0
0.0,,0.019999999552965164,-0.008939213119447231,0.0,0.0
0.0,,0.019999999552965164,-0.011918950825929642,0.0,0.0
0.0,,0.019999999552965164,-0.008939213119447231,0.0,0.0
0.0,,0.019999999552965164,-0.008939213119447231,0.0,0.0
0.0,,0.017500000074505806,-0.011918950825929642,0.0,0.0
0.0,,0.019999999552965164,-0.008939213119447231,0.0,0.0
0.0,,0.01874999888241291,-0.011918950825929642,0.0,0.0
0.0,,0.01874999888241291,-0.011918950825929642,0.0,0.0
0.0,,0.016249999403953552,-0.011918950825929642,0.0,0.0
0.0,,0.021250000223517418,-0.011918950825929642,0.0,0.0
0.0,,0.017500000074505806,-0.008939213119447231,0.0,0.0
0.0,,0.017500000074505806,-0.008939213119447231,0.0,0.0
0.0,,0.01874999888241291,-0.011918950825929642,0.0,0.0
0.0,,0.016249999403953552,-0.008939213119447231,0.0,0.0
0.0,,0.019999999552965164,-0.011918950825929642,0.0,0.0
0.0,,0.019999999552965164,-0.008939213119447231,0.0,0.0
0.0,,0.019999999552965164,-0.008939213119447231,0.0,0.0
0.0,,0.017500000074505806,-0.008939213119447231,0.0,0.0
0.0,,0.019999999552965164,-0.011918950825929642,0.0,0.0
0.0,,0.019999999552965164,-0.011918950825929642,0.0,0.0
0.0,,0.019999999552965164,-0.011918950825929642,0.0,0.0
0.0,,0.019999999552965164,-0.008939213119447231,0.0,0.0
0.0,,0.019999999552965164,-0.008939213119447231,0.0,0.0
0.0,,0.01874999888241291,-0.008939213119447231,0.0,0.0
0.0,,0.019999999552965164,-0.008939213119447231,0.0,0.0
0.0,,0.021250000223517418,-0.008939213119447231,0.0,0.0
0.0,,0.019999999552965164,-0.008939213119447231,0.0,0.0
0.0,,0.019999999552965164,-0.008939213119447231,0.0,0.0
0.0,,0.019999999552965164,-0.008939213119447231,0.0,0.0
0.0,,0.017500000074505806,-0.011918950825929642,0.0,0.0
0.0,,0.019999999552965164,-0.008939213119447231,0.0,0.0
0.0,,0.022499999031424522,-0.011918950825929642,0.0,0.0
0.0,,0.019999999552965164,-0.011918950825929642,0.0,0.0
0.0,,0.017500000074505806,-0.005959475412964821,0.0,0.0
0.0,,0.017500000074505806,-0.008939213119447231,0.0,0.0
0.0,,0.016249999403953552,-0.011918950825929642,0.0,0.0
0.0,,0.022499999031424522,-0.008939213119447231,0.0,0.0
0.0,,0.017500000074505806,-0.008939213119447231,0.0,0.0
0.0,,0.019999999552965164,-0.008939213119447231,0.0,0.0
0.0,,0.021250000223517418,-0.008939213119447231,0.0,0.0
0.0,,0.01874999888241291,-0.008939213119447231,0.0,0.0
0.0,,0.01874999888241291,-0.005959475412964821,0.0,0.0
0.0,,0.019999999552965164,-0.008939213119447231,0.0,0.0
0.0,,0.017500000074505806,-0.008939213119447231,0.0,0.0
0.0,,0.019999999552965164,-0.008939213119447231,0.0,0.0
0.0,,0.01874999888241291,-0.008939213119447231,0.0,0.0
0.0,,0.019999999552965164,-0.008939213119447231,0.0,0.0
0.0,,0.019999999552965164,-0.011918950825929642,0.0,0.0
0.0,,0.01874999888241291,-0.005959475412964821,0.0,0.0
0.0,,0.019999999552965164,-0.011918950825929642,0.0,0.0
0.0,,0.01874999888241291,-0.008939213119447231,0.0,0.0
0.0,,0.01874999888241291,-0.011918950825929642,0.0,0.0
0.0,,0.019999999552965164,-0.008939213119447231,0.0,0.0
0.0,,0.01874999888241291,-0.008939213119447231,0.0,0.0
0.0,,0.019999999552965164,-0.011918950825929642,0.0,0.0
0.0,,0.01874999888241291,-0.008939213119447231,0.0,0.0
0.0,,0.016249999403953552,-0.008939213119447231,0.0,0.0
0.0,,0.016249999403953552,-0.008939213119447231,0.0,0.0
0.0,,0.019999999552965164,-0.011918950825929642,0.0,0.0
0.0,,0.01874999888241291,-0.008939213119447231,0.0,0.0
0.0,,0.017500000074505806,-0.011918950825929642,0.0,0.0
0.0,,0.01874999888241291,-0.005959475412964821,0.0,0.0
0.0,,0.016249999403953552,-0.011918950825929642,0.0,0.0
0.0,,0.019999999552965164,-0.008939213119447231,0.0,0.0
0.0,,0.019999999552965164,-0.011918950825929642,0.0,0.0
0.0,,0.01874999888241291,-0.008939213119447231,0.0,0.0
0.0,,0.01874999888241291,-0.011918950825929642,0.0,0.0
0.0,,0.013749999925494194,-0.005959475412964821,0.0,0.0
0.0,,0.019999999552965164,-0.008939213119447231,0.0,0.0
0.0,,0.016249999403953552,-0.011918950825929642,0.0,0.0
0.0,,0.014999999664723873,-0.008939213119447231,0.0,0.0
0.0,,0.01874999888241291,-0.008939213119447231,0.0,0.0
0.0,,0.011249999515712261,-0.008939213119447231,0.0,0.0
0.0,,0.01874999888241291,-0.011918950825929642,0.0,0.0
0.0,,0.01249999925494194,-0.011918950825929642,0.0,0.0
0.0,,0.017500000074505806,-0.008939213119447231,0.0,0.0
0.0,,0.016249999403953552,-0.011918950825929642,0.0,0.0
0.0,,0.019999999552965164,-0.011918950825929642,0.0,0.0
0.0,,0.01874999888241291,-0.008939213119447231,0.0,0.0
0.0,,0.011249999515712261,-0.011918950825929642,0.0,0.0
0.0,,0.019999999552965164,-0.008939213119447231,0.0,0.0
0.0,,0.017500000074505806,-0.011918950825929642,0.0,0.0
0.0,,0.022499999031424522,-0.005959475412964821,0.0,0.0
0.0,,0.01874999888241291,-0.008939213119447231,0.0,0.0
0.0,,0.019999999552965164,-0.008939213119447231,0.0,0.0
0.0,,0.01874999888241291,-0.005959475412964821,0.0,0.0
0.0,,0.019999999552965164,-0.008939213119447231,0.0,0.0
0.0,,0.021250000223517418,-0.011918950825929642,0.0,0.0
0.0,,0.019999999552965164,-0.008939213119447231,0.0,0.0
0.0,,0.019999999552965164,-0.005959475412964821,0.0,0.0
0.0,,0.019999999552965164,-0.008939213119447231,0.0,0.0
0.0,,0.01874999888241291,-0.011918950825929642,0.0,0.0
0.0,,0.01874999888241291,-0.008939213119447231,0.0,0.0
0.0,,0.019999999552965164,-0.008939213119447231,0.0,0.0
0.0,,0.01874999888241291,-0.008939213119447231,0.0,0.0
0.0,,0.019999999552965164,-0.008939213119447231,0.0,0.0
0.0,,0.019999999552965164,-0.008939213119447231,0.0,0.0
0.0,,0.01874999888241291,-0.011918950825929642,0.0,0.0
0.0,,0.019999999552965164,-0.008939213119447231,0.0,0.0
0.0,,0.019999999552965164,-0.011918950825929642,0.0,0.0
0.0,,0.019999999552965164,-0.008939213119447231,0.0,0.0
0.0,,0.019999999552965164,-0.008939213119447231,0.0,0.0
0.0,,0.01874999888241291,-0.011918950825929642,0.0,0.0
0.0,,0.021250000223517418,-0.011918950825929642,0.0,0.0
0.0,,0.019999999552965164,-0.008939213119447231,0.0,0.0
0.0,,0.017500000074505806,-0.008939213119447231,0.0,0.0
0.0,,0.01874999888241291,-0.008939213119447231,0.0,0.0
0.0,,0.019999999552965164,-0.008939213119447231,0.0,0.0
0.0,,0.01874999888241291,-0.005959475412964821,0.0,0.0
0.0,,0.019999999552965164,-0.008939213119447231,0.0,0.0
0.0,,0.019999999552965164,-0.008939213119447231,0.0,0.0
0.0,,0.019999999552965164,-0.008939213119447231,0.0,0.0
0.0,,0.01874999888241291,-0.011918950825929642,0.0,0.0
0.0,,0.021250000223517418,-0.008939213119447231,0.0,0.0
0.0,,0.019999999552965164,-0.008939213119447231,0.0,0.0
0.0,,0.01874999888241291,-0.008939213119447231,0.0,0.0
0.0,,0.019999999552965164,-0.011918950825929642,0.0,0.0
0.0,,0.01874999888241291,-0.008939213119447231,0.0,0.0
0.0,,0.01874999888241291,-0.011918950825929642,0.0,0.0
0.0,,0.019999999552965164,-0.014898688532412052,0.0,0.0
0.0,,0.01874999888241291,-0.008939213119447231,0.0,0.0
0.0,,0.019999999552965164,-0.011918950825929642,0.0,0.0
0.0,,0.01874999888241291,-0.008939213119447231,0.0,0.0
0.0,,0.01874999888241291,-0.011918950825929642,0.0,0.0
0.0,,0.019999999552965164,-0.008939213119447231,0.0,0.0
0.0,,0.019999999552965164,-0.011918950825929642,0.0,0.0
0.0,,0.019999999552965164,-0.008939213119447231,0.0,0.0
0.0,,0.01874999888241291,-0.011918950825929642,0.0,0.0
0.0,,0.019999999552965164,-0.008939213119447231,0.0,0.0
0.0,,0.01874999888241291,-0.008939213119447231,0.0,0.0
0.0,,0.021250000223517418,-0.011918950825929642,0.0,0.0
0.0,,0.01874999888241291,-0.008939213119447231,0.0,0.0
0.0,,0.019999999552965164,-0.011918950825929642,0.0,0.0
0.0,,0.017500000074505806,-0.008939213119447231,0.0,0.0
0.0,,0.017500000074505806,-0.008939213119447231,0.0,0.0
0.0,,0.023749999701976776,-0.011918950825929642,0.0,0.0
0.0,,0.019999999552965164,-0.011918950825929642,0.0,0.0
0.0,,0.016249999403953552,-0.008939213119447231,0.0,0.0
0.0,,0.016249999403953552,-0.008939213119447231,0.0,0.0
0.0,,0.01874999888241291,-0.008939213119447231,0.0,0.0
0.0,,0.019999999552965164,-0.008939213119447231,0.0,0.0
0.0,,0.019999999552965164,-0.008939213119447231,0.0,0.0
0.0,,0.019999999552965164,-0.008939213119447231,0.0,0.0
0.0,,0.021250000223517418,-0.005959475412964821,0.0,0.0
0.0,,0.01874999888241291,-0.008939213119447231,0.0,0.0
0.0,,0.019999999552965164,-0.008939213119447231,0.0,0.0
0.0,,0.01874999888241291,-0.005959475412964821,0.0,0.0
0.0,,0.021250000223517418,-0.011918950825929642,0.0,0.0
0.0,,0.021250000223517418,-0.011918950825929642,0.0,0.0
0.0,,0.01874999888241291,-0.011918950825929642,0.0,0.0
0.0,,0.01874999888241291,-0.011918950825929642,0.0,0.0
0.0,,0.021250000223517418,-0.008939213119447231,0.0,0.0
0.0,,0.019999999552965164,-0.008939213119447231,0.0,0.0
0.0,,0.019999999552965164,-0.008939213119447231,0.0,0.0
0.0,,0.019999999552965164,-0.008939213119447231,0.0,0.0
0.0,,0.019999999552965164,-0.011918950825929642,0.0,0.0
0.0,,0.019999999552965164,-0.008939213119447231,0.0,0.0
0.0,,0.021250000223517418,-0.008939213119447231,0.0,0.0
0.0,,0.019999999552965164,-0.008939213119447231,0.0,0.0
0.0,,0.019999999552965164,-0.008939213119447231,0.0,0.0
0.0,,0.01874999888241291,-0.008939213119447231,0.0,0.0
0.0,,0.021250000223517418,-0.008939213119447231,0.0,0.0
0.0,,0.01874999888241291,-0.008939213119447231,0.0,0.0
0.0,,0.01874999888241291,-0.008939213119447231,0.0,0.0
0.0,,0.019999999552965164,-0.011918950825929642,0.0,0.0
0.0,,0.016249999403953552,-0.008939213119447231,0.0,0.0
0.0,,0.01874999888241291,-0.011918950825929642,0.0,0.0
0.0,,0.016249999403953552,-0.011918950825929642,0.0,0.0
0.0,,0.021250000223517418,-0.008939213119447231,0.0,0.0
0.0,,0.019999999552965164,-0.008939213119447231,0.0,0.0
0.0,,0.01874999888241291,-0.011918950825929642,0.0,0.0
0.0,,0.01874999888241291,-0.008939213119447231,0.0,0.0
0.0,,0.01874999888241291,-0.011918950825929642,0.0,0.0
0.0,,0.01249999925494194,-0.008939213119447231,0.0,0.0
0.0,,0.017500000074505806,-0.011918950825929642,0.0,0.0
0.0,,0.013749999925494194,-0.011918950825929642,0.0,0.0
0.0,,0.021250000223517418,-0.008939213119447231,0.0,0.0
0.0,,0.01249999925494194,-0.008939213119447231,0.0,0.0
0.0,,0.019999999552965164,-0.011918950825929642,0.0,0.0
0.0,,0.016249999403953552,-0.005959475412964821,0.0,0.0
0.0,,0.016249999403953552,-0.008939213119447231,0.0,0.0
0.0,,0.013749999925494194,-0.008939213119447231,0.0,0.0
0.0,,0.019999999552965164,-0.011918950825929642,0.0,0.0
0.0,,0.019999999552965164,-0.011918950825929642,0.0,0.0
0.0,,0.01874999888241291,-0.008939213119447231,0.0,0.0
0.0,,0.01874999888241291,-0.011918950825929642,0.0,0.0
0.0,,0.019999999552965164,-0.008939213119447231,0.0,0.0
0.0,,0.01874999888241291,-0.008939213119447231,0.0,0.0
0.0,,0.01874999888241291,-0.011918950825929642,0.0,0.0
0.0,,0.019999999552965164,-0.008939213119447231,0.0,0.0
0.0,,0.017500000074505806,-0.008939213119447231,0.0,0.0
0.0,,0.019999999552965164,-0.011918950825929642,0.0,0.0
0.0,,0.01874999888241291,-0.011918950825929642,0.0,0.0
0.0,,0.01874999888241291,-0.008939213119447231,0.0,0.0
0.0,,0.01874999888241291,-0.008939213119447231,0.0,0.0
0.0,,0.017500000074505806,-0.008939213119447231,0.0,0.0
0.0,,0.016249999403953552,-0.011918950825929642,0.0,0.0
0.0,,0.017500000074505806,-0.011918950825929642,0.0,0.0
0.0,,0.01874999888241291,-0.011918950825929642,0.0,0.0
0.0,,0.01874999888241291,-0.011918950825929642,0.0,0.0
0.0,,0.01874999888241291,-0.011918950825929642,0.0,0.0
0.0,,0.017500000074505806,-0.008939213119447231,0.0,0.0
0.0,,0.01874999888241291,-0.011918950825929642,0.0,0.0
0.0,,0.01874999888241291,-0.011918950825929642,0.0,0.0
0.0,,0.014999999664723873,-0.008939213119447231,0.0,0.0
0.0,,0.01874999888241291,-0.011918950825929642,0.0,0.0
0.0,,0.01874999888241291,-0.011918950825929642,0.0,0.0
0.0,,0.019999999552965164,-0.011918950825929642,0.0,0.0
0.0,,0.01874999888241291,-0.008939213119447231,0.0,0.0
0.0,,0.017500000074505806,-0.008939213119447231,0.0,0.0
0.0,,0.013749999925494194,-0.008939213119447231,0.0,0.0
0.0,,0.019999999552965164,-0.008939213119447231,0.0,0.0
0.0,,0.016249999403953552,-0.008939213119447231,0.0,0.0
0.0,,0.01874999888241291,-0.008939213119447231,0.0,0.0
0.0,,0.01874999888241291,-0.008939213119447231,0.0,0.0
0.0,,0.01874999888241291,-0.011918950825929642,0.0,0.0
0.0,,0.017500000074505806,-0.008939213119447231,0.0,0.0
0.0,,0.022499999031424522,-0.008939213119447231,0.0,0.0
0.0,,0.017500000074505806,-0.011918950825929642,0.0,0.0
0.0,,0.01874999888241291,-0.011918950825929642,0.0,0.0
0.0,,0.016249999403953552,-0.011918950825929642,0.0,0.0
0.0,,0.016249999403953552,-0.008939213119447231,0.0,0.0
0.0,,0.017500000074505806,-0.008939213119447231,0.0,0.0
0.0,,0.016249999403953552,-0.008939213119447231,0.0,0.0
0.0,,0.017500000074505806,-0.008939213119447231,0.0,0.0
0.0,,0.013749999925494194,-0.008939213119447231,0.0,0.0
0.0,,0.019999999552965164,-0.014898688532412052,0.0,0.0
0.0,,0.022499999031424522,-0.011918950825929642,0.0,0.0
0.0,,0.013749999925494194,-0.008939213119447231,0.0,0.0
0.0,,0.011249999515712261,-0.008939213119447231,0.0,0.0
0.0,,0.01249999925494194,-0.008939213119447231,0.0,0.0
0.0,,0.017500000074505806,-0.011918950825929642,0.0,0.0
0.0,,0.011249999515712261,-0.005959475412964821,0.0,0.0
0.0,,0.014999999664723873,-0.005959475412964821,0.0,0.0
0.0,,0.009999999776482582,-0.008939213119447231,0.0,0.0
0.0,,0.01874999888241291,-0.008939213119447231,0.0,0.0
0.0,,0.011249999515712261,-0.011918950825929642,0.0,0.0
0.0,,0.014999999664723873,-0.011918950825929642,0.0,0.0
0.0,,0.016249999403953552,-0.008939213119447231,0.0,0.0
0.0,,0.016249999403953552,-0.005959475412964821,0.0,0.0
0.0,,0.014999999664723873,-0.008939213119447231,0.0,0.0
0.0,,0.016249999403953552,-0.008939213119447231,0.0,0.0
0.0,,0.01874999888241291,-0.008939213119447231,0.0,0.0
0.0,,0.021250000223517418,-0.008939213119447231,0.0,0.0
0.0,,0.014999999664723873,-0.008939213119447231,0.0,0.0
0.0,,0.01874999888241291,-0.011918950825929642,0.0,0.0
0.0,,0.019999999552965164,-0.011918950825929642,0.0,0.0
0.0,,0.019999999552965164,-0.008939213119447231,0.0,0.0
0.0,,0.01874999888241291,-0.008939213119447231,0.0,0.0
0.0,,0.017500000074505806,-0.011918950825929642,0.0,0.0
0.0,,0.01874999888241291,-0.011918950825929642,0.0,0.0
0.0,,0.019999999552965164,-0.008939213119447231,0.0,0.0
0.0,,0.014999999664723873,-0.011918950825929642,0.0,0.0
0.0,,0.019999999552965164,-0.011918950825929642,0.0,0.0
0.0,,0.01874999888241291,-0.008939213119447231,0.0,0.0
0.0,,0.01874999888241291,-0.008939213119447231,0.0,0.0
0.0,,0.019999999552965164,-0.008939213119447231,0.0,0.0
0.0,,0.01874999888241291,-0.008939213119447231,0.0,0.0
0.0,,0.017500000074505806,-0.008939213119447231,0.0,0.0
0.0,,0.017500000074505806,-0.008939213119447231,0.0,0.0
0.0,,0.01874999888241291,-0.011918950825929642,0.0,0.0
0.0,,0.01874999888241291,-0.011918950825929642,0.0,0.0
0.0,,0.019999999552965164,-0.005959475412964821,0.0,0.0
0.0,,0.01874999888241291,-0.008939213119447231,0.0,0.0
0.0,,0.019999999552965164,-0.011918950825929642,0.0,0.0
0.0,,0.019999999552965164,-0.008939213119447231,0.0,0.0
0.0,,0.01874999888241291,-0.011918950825929642,0.0,0.0
0.0,,0.019999999552965164,-0.011918950825929642,0.0,0.0
0.0,,0.01874999888241291,-0.008939213119447231,0.0,0.0
0.0,,0.01874999888241291,-0.011918950825929642,0.0,0.0
0.0,,0.019999999552965164,-0.008939213119447231,0.0,0.0
0.0,,0.01874999888241291,-0.008939213119447231,0.0,0.0
0.0,,0.019999999552965164,-0.008939213119447231,0.0,0.0
0.0,,0.016249999403953552,-0.005959475412964821,0.0,0.0
0.0,,0.014999999664723873,-0.008939213119447231,0.0,0.0
0.0,,0.01874999888241291,-0.008939213119447231,0.0,0.0
0.0,,0.013749999925494194,-0.005959475412964821,0.0,0.0
0.0,,0.017500000074505806,-0.011918950825929642,0.0,0.0
0.0,,0.017500000074505806,-0.008939213119447231,0.0,0.0
0.0,,0.01874999888241291,-0.011918950825929642,0.0,0.0
0.0,,0.01874999888241291,-0.008939213119447231,0.0,0.0
0.0,,0.017500000074505806,-0.005959475412964821,0.0,0.0
0.0,,0.01874999888241291,-0.005959475412964821,0.0,0.0
0.0,,0.01874999888241291,-0.008939213119447231,0.0,0.0
0.0,,0.01874999888241291,-0.011918950825929642,0.0,0.0
0.0,,0.01874999888241291,-0.011918950825929642,0.0,0.0
0.0,,0.017500000074505806,-0.008939213119447231,0.0,0.0
0.0,,0.019999999552965164,-0.011918950825929642,0.0,0.0
0.0,,0.01874999888241291,-0.011918950825929642,0.0,0.0
0.0,,0.017500000074505806,-0.011918950825929642,0.0,0.0
0.0,,0.01874999888241291,-0.008939213119447231,0.0,0.0
0.0,,0.01249999925494194,-0.008939213119447231,0.0,0.0
0.0,,0.019999999552965164,-0.008939213119447231,0.0,0.0
0.0,,0.014999999664723873,-0.008939213119447231,0.0,0.0
0.0,,0.017500000074505806,-0.011918950825929642,0.0,0.0
0.0,,0.01249999925494194,-0.008939213119447231,0.0,0.0
0.0,,0.011249999515712261,-0.008939213119447231,0.0,0.0
0.0,,0.01249999925494194,-0.011918950825929642,0.0,0.0
0.0,,0.013749999925494194,-0.008939213119447231,0.0,0.0
0.0,,0.011249999515712261,-0.008939213119447231,0.0,0.0
0.0,,0.01874999888241291,-0.011918950825929642,0.0,0.0
0.0,,0.01249999925494194,-0.008939213119447231,0.0,0.0
0.0,,0.01874999888241291,-0.008939213119447231,0.0,0.0
0.0,,0.017500000074505806,-0.008939213119447231,0.0,0.0
0.0,,0.01874999888241291,-0.008939213119447231,0.0,0.0
0.0,,0.016249999403953552,-0.011918950825929642,0.0,0.0
0.0,,0.01874999888241291,-0.011918950825929642,0.0,0.0
0.0,,0.013749999925494194,-0.005959475412964821,0.0,0.0
0.0,,0.014999999664723873,-0.011918950825929642,0.0,0.0
0.0,,0.01249999925494194,-0.011918950825929642,0.0,0.0
0.0,,0.016249999403953552,-0.011918950825929642,0.0,0.0
0.0,,0.009999999776482582,-0.011918950825929642,0.0,0.0
0.0,,0.013749999925494194,-0.011918950825929642,0.0,0.0
0.0,,0.013749999925494194,-0.008939213119447231,0.0,0.0
0.0,,0.017500000074505806,-0.008939213119447231,0.0,0.0
0.0,,0.016249999403953552,-0.011918950825929642,0.0,0.0
0.0,,0.021250000223517418,-0.011918950825929642,0.0,0.0
0.0,,0.01874999888241291,-0.008939213119447231,0.0,0.0
0.0,,0.017500000074505806,-0.008939213119447231,0.0,0.0
0.0,,0.01249999925494194,-0.008939213119447231,0.0,0.0
0.0,,0.014999999664723873,-0.008939213119447231,0.0,0.0
0.0,,0.019999999552965164,-0.008939213119447231,0.0,0.0
0.0,,0.014999999664723873,-0.008939213119447231,0.0,0.0
0.0,,0.019999999552965164,-0.008939213119447231,0.0,0.0
0.0,,0.021250000223517418,-0.008939213119447231,0.0,0.0
0.0,,0.01874999888241291,-0.008939213119447231,0.0,0.0
0.0,,0.01874999888241291,-0.011918950825929642,0.0,0.0
0.0,,0.01874999888241291,-0.008939213119447231,0.0,0.0
0.0,,0.01874999888241291,-0.008939213119447231,0.0,0.0
0.0,,0.01874999888241291,-0.011918950825929642,0.0,0.0
0.0,,0.017500000074505806,-0.011918950825929642,0.0,0.0
0.0,,0.01874999888241291,-0.011918950825929642,0.0,0.0
0.0,,0.017500000074505806,-0.005959475412964821,0.0,0.0
0.0,,0.016249999403953552,-0.011918950825929642,0.0,0.0
0.0,,0.01874999888241291,-0.008939213119447231,0.0,0.0
0.0,,0.016249999403953552,-0.011918950825929642,0.0,0.0
0.0,,0.01874999888241291,-0.008939213119447231,0.0,0.0
0.0,,0.01874999888241291,-0.008939213119447231,0.0,0.0
0.0,,0.017500000074505806,-0.011918950825929642,0.0,0.0
0.0,,0.019999999552965164,-0.008939213119447231,0.0,0.0
0.0,,0.017500000074505806,-0.011918950825929642,0.0,0.0
0.0,,0.016249999403953552,-0.008939213119447231,0.0,0.0
0.0,,0.017500000074505806,-0.008939213119447231,0.0,0.0
0.0,,0.01874999888241291,-0.008939213119447231,0.0,0.0
0.0,,0.019999999552965164,-0.011918950825929642,0.0,0.0
0.0,,0.01874999888241291,-0.008939213119447231,0.0,0.0
0.0,,0.016249999403953552,-0.008939213119447231,0.0,0.0
0.0,,0.01874999888241291,-0.008939213119447231,0.0,0.0
0.0,,0.019999999552965164,-0.008939213119447231,0.0,0.0
0.0,,0.017500000074505806,-0.008939213119447231,0.0,0.0
0.0,,0.01874999888241291,-0.011918950825929642,0.0,0.0
0.0,,0.017500000074505806,-0.008939213119447231,0.0,0.0
0.0,,0.01874999888241291,-0.008939213119447231,0.0,0.0
0.0,,0.017500000074505806,-0.008939213119447231,0.0,0.0
0.0,,0.01874999888241291,-0.005959475412964821,0.0,0.0
0.0,,0.01874999888241291,-0.011918950825929642,0.0,0.0
0.0,,0.01874999888241291,-0.008939213119447231,0.0,0.0
0.0,,0.017500000074505806,-0.011918950825929642,0.0,0.0
0.0,,0.019999999552965164,-0.008939213119447231,0.0,0.0
0.0,,0.01874999888241291,-0.011918950825929642,0.0,0.0
0.0,,0.019999999552965164,-0.008939213119447231,0.0,0.0
0.0,,0.017500000074505806,-0.008939213119447231,0.0,0.0
0.0,,0.01874999888241291,-0.011918950825929642,0.0,0.0
0.0,,0.019999999552965164,-0.011918950825929642,0.0,0.0
0.0,,0.016249999403953552,-0.008939213119447231,0.0,0.0
0.0,,0.01874999888241291,-0.011918950825929642,0.0,0.0
0.0,,0.017500000074505806,-0.008939213119447231,0.0,0.0
0.0,,0.01874999888241291,-0.011918950825929642,0.0,0.0
0.0,,0.017500000074505806,-0.008939213119447231,0.0,0.0
0.0,,0.021250000223517418,-0.011918950825929642,0.0,0.0
0.0,,0.016249999403953552,-0.011918950825929642,0.0,0.0
0.0,,0.014999999664723873,-0.011918950825929642,0.0,0.0
0.0,,0.017500000074505806,-0.008939213119447231,0.0,0.0
0.0,,0.01874999888241291,-0.005959475412964821,0.0,0.0
0.0,,0.01874999888241291,-0.008939213119447231,0.0,0.0
0.0,,0.019999999552965164,-0.008939213119447231,0.0,0.0
0.0,,0.01874999888241291,-0.008939213119447231,0.0,0.0
0.0,,0.017500000074505806,-0.011918950825929642,0.0,0.0
0.0,,0.01874999888241291,-0.008939213119447231,0.0,0.0
0.0,,0.017500000074505806,-0.008939213119447231,0.0,0.0
0.0,,0.01874999888241291,-0.011918950825929642,0.0,0.0
0.0,,0.019999999552965164,-0.008939213119447231,0.0,0.0
0.0,,0.01874999888241291,-0.008939213119447231,0.0,0.0
0.0,,0.01874999888241291,-0.008939213119447231,0.0,0.0
0.0,,0.01874999888241291,-0.011918950825929642,0.0,0.0
0.0,,0.017500000074505806,-0.008939213119447231,0.0,0.0
0.0,,0.01874999888241291,-0.008939213119447231,0.0,0.0
0.0,,0.017500000074505806,-0.008939213119447231,0.0,0.0
0.0,,0.019999999552965164,-0.008939213119447231,0.0,0.0
0.0,,0.01874999888241291,-0.005959475412964821,0.0,0.0
0.0,,0.017500000074505806,-0.008939213119447231,0.0,0.0
0.0,,0.01874999888241291,-0.008939213119447231,0.0,0.0
0.0,,0.016249999403953552,-0.011918950825929642,0.0,0.0
0.0,,0.019999999552965164,-0.008939213119447231,0.0,0.0
0.0,,0.01874999888241291,-0.011918950825929642,0.0,0.0
0.0,,0.01874999888241291,-0.011918950825929642,0.0,0.0
0.0,,0.017500000074505806,-0.008939213119447231,0.0,0.0
0.0,,0.01874999888241291,-0.011918950825929642,0.0,0.0
0.0,,0.01874999888241291,-0.008939213119447231,0.0,0.0
0.0,,0.019999999552965164,-0.011918950825929642,0.0,0.0
0.0,,0.017500000074505806,-0.008939213119447231,0.0,0.0
0.0,,0.017500000074505806,-0.011918950825929642,0.0,0.0
0.0,,0.017500000074505806,-0.005959475412964821,0.0,0.0
0.0,,0.019999999552965164,-0.008939213119447231,0.0,0.0
0.0,,0.01874999888241291,-0.011918950825929642,0.0,0.0
0.0,,0.017500000074505806,-0.008939213119447231,0.0,0.0
0.0,,0.017500000074505806,-0.008939213119447231,0.0,0.0
0.0,,0.01874999888241291,-0.005959475412964821,0.0,0.0
0.0,,0.017500000074505806,-0.011918950825929642,0.0,0.0
0.0,,0.017500000074505806,-0.005959475412964821,0.0,0.0
0.0,,0.01874999888241291,-0.008939213119447231,0.0,0.0
0.0,,0.01874999888241291,-0.008939213119447231,0.0,0.0
0.0,,0.017500000074505806,-0.008939213119447231,0.0,0.0
0.0,,0.017500000074505806,-0.008939213119447231,0.0,0.0
0.0,,0.01874999888241291,-0.011918950825929642,0.0,0.0
0.0,,0.01874999888241291,-0.0029797377064824104,0.0,0.0
0.0,,0.017500000074505806,-0.008939213119447231,0.0,0.0
0.0,,0.016249999403953552,-0.011918950825929642,0.0,0.0
0.0,,0.014999999664723873,-0.008939213119447231,0.0,0.0
0.0,,0.013749999925494194,-0.005959475412964821,0.0,0.0
0.0,,0.017500000074505806,-0.008939213119447231,0.0,0.0
0.0,,0.01249999925494194,-0.011918950825929642,0.0,0.0
0.0,,0.016249999403953552,-0.008939213119447231,0.0,0.0
0.0,,0.016249999403953552,-0.011918950825929642,0.0,0.0
0.0,,0.017500000074505806,-0.008939213119447231,0.0,0.0
0.0,,0.017500000074505806,-0.011918950825929642,0.0,0.0
0.0,,0.01874999888241291,-0.008939213119447231,0.0,0.0
0.0,,0.01874999888241291,-0.008939213119447231,0.0,0.0
0.0,,0.017500000074505806,-0.008939213119447231,0.0,0.0
0.0,,0.01874999888241291,-0.011918950825929642,0.0,0.0
0.0,,0.016249999403953552,-0.011918950825929642,0.0,0.0
0.0,,0.01874999888241291,-0.011918950825929642,0.0,0.0
0.0,,0.01874999888241291,-0.011918950825929642,0.0,0.0
0.0,,0.01874999888241291,-0.011918950825929642,0.0,0.0
0.0,,0.01874999888241291,-0.008939213119447231,0.0,0.0
0.0,,0.017500000074505806,-0.008939213119447231,0.0,0.0
0.0,,0.01874999888241291,-0.008939213119447231,0.0,0.0
0.0,,0.01874999888241291,-0.011918950825929642,0.0,0.0
0.0,,0.014999999664723873,-0.008939213119447231,0.0,0.0
0.0,,0.01249999925494194,-0.011918950825929642,0.0,0.0
0.0,,0.021250000223517418,-0.008939213119447231,0.0,0.0
0.0,,0.014999999664723873,-0.008939213119447231,0.0,0.0
0.0,,0.013749999925494194,-0.011918950825929642,0.0,0.0
0.0,,0.017500000074505806,-0.011918950825929642,0.0,0.0
0.0,,0.016249999403953552,-0.008939213119447231,0.0,0.0
0.0,,0.014999999664723873,-0.011918950825929642,0.0,0.0
0.0,,0.01874999888241291,-0.011918950825929642,0.0,0.0
0.0,,0.01874999888241291,-0.008939213119447231,0.0,0.0
0.0,,0.017500000074505806,-0.008939213119447231,0.0,0.0
0.0,,0.016249999403953552,-0.008939213119447231,0.0,0.0
0.0,,0.017500000074505806,-0.011918950825929642,0.0,0.0
0.0,,0.014999999664723873,-0.011918950825929642,0.0,0.0
0.0,,0.01874999888241291,-0.008939213119447231,0.0,0.0
0.0,,0.017500000074505806,-0.011918950825929642,0.0,0.0
0.0,,0.01874999888241291,-0.011918950825929642,0.0,0.0
0.0,,0.016249999403953552,-0.011918950825929642,0.0,0.0
0.0,,0.014999999664723873,-0.008939213119447231,0.0,0.0
0.0,,0.017500000074505806,-0.008939213119447231,0.0,0.0
0.0,,0.014999999664723873,-0.011918950825929642,0.0,0.0
0.0,,0.014999999664723873,-0.008939213119447231,0.0,0.0
0.0,,0.016249999403953552,-0.011918950825929642,0.0,0.0
0.0,,0.017500000074505806,-0.008939213119447231,0.0,0.0
0.0,,0.021250000223517418,-0.008939213119447231,0.0,0.0
0.0,,0.014999999664723873,-0.011918950825929642,0.0,0.0
0.0,,0.008750000037252903,-0.008939213119447231,0.0,0.0
0.0,,0.017500000074505806,-0.008939213119447231,0.0,0.0
0.0,,0.013749999925494194,-0.011918950825929642,0.0,0.0
0.0,,0.0024999999441206455,-0.005959475412964821,0.0,0.0
0.0,,0.014999999664723873,-0.011918950825929642,0.0,0.0
0.0,,0.017500000074505806,-0.011918950825929642,0.0,0.0
0.0,,0.01874999888241291,-0.008939213119447231,0.0,0.0
0.0,,0.017500000074505806,-0.008939213119447231,0.0,0.0
0.0,,0.01874999888241291,-0.011918950825929642,0.0,0.0
0.0,,0.01874999888241291,-0.008939213119447231,0.0,0.0
0.0,,0.01874999888241291,-0.008939213119447231,0.0,0.0
0.0,,0.017500000074505806,-0.014898688532412052,0.0,0.0
0.0,,0.017500000074505806,-0.011918950825929642,0.0,0.0
0.0,,0.01874999888241291,-0.011918950825929642,0.0,0.0
0.0,,0.01874999888241291,-0.008939213119447231,0.0,0.0
0.0,,0.01874999888241291,-0.011918950825929642,0.0,0.0
0.0,,0.017500000074505806,-0.008939213119447231,0.0,0.0
0.0,,0.01874999888241291,-0.011918950825929642,0.0,0.0
0.0,,0.01874999888241291,-0.008939213119447231,0.0,0.0
0.0,,0.013749999925494194,-0.011918950825929642,0.0,0.0
0.0,,0.019999999552965164,-0.011918950825929642,0.0,0.0
0.0,,0.017500000074505806,-0.008939213119447231,0.0,0.0
0.0,,0.019999999552965164,-0.008939213119447231,0.0,0.0
0.0,,0.016249999403953552,-0.008939213119447231,0.0,0.0
0.0,,0.016249999403953552,-0.011918950825929642,0.0,0.0
0.0,,0.016249999403953552,-0.011918950825929642,0.0,0.0
0.0,,0.021250000223517418,-0.008939213119447231,0.0,0.0
0.0,,0.013749999925494194,-0.011918950825929642,0.0,0.0
0.0,,0.011249999515712261,-0.011918950825929642,0.0,0.0
0.0,,0.014999999664723873,-0.008939213119447231,0.0,0.0
0.0,,0.01874999888241291,-0.008939213119447231,0.0,0.0
0.0,,0.016249999403953552,-0.008939213119447231,0.0,0.0
0.0,,0.01874999888241291,-0.008939213119447231,0.0,0.0
0.0,,0.017500000074505806,-0.008939213119447231,0.0,0.0
0.0,,0.017500000074505806,-0.011918950825929642,0.0,0.0
0.0,,0.017500000074505806,-0.011918950825929642,0.0,0.0
0.0,,0.01874999888241291,-0.011918950825929642,0.0,0.0
0.0,,0.017500000074505806,-0.011918950825929642,0.0,0.0
0.0,,0.01874999888241291,-0.011918950825929642,0.0,0.0
0.0,,0.01874999888241291,-0.008939213119447231,0.0,0.0
0.0,,0.017500000074505806,-0.008939213119447231,0.0,0.0
0.0,,0.016249999403953552,-0.008939213119447231,0.0,0.0
0.0,,0.017500000074505806,-0.011918950825929642,0.0,0.0
0.0,,0.01874999888241291,-0.008939213119447231,0.0,0.0
0.0,,0.017500000074505806,-0.008939213119447231,0.0,0.0
0.0,,0.01874999888241291,-0.008939213119447231,0.0,0.0
0.0,,0.017500000074505806,-0.011918950825929642,0.0,0.0
0.0,,0.019999999552965164,-0.011918950825929642,0.0,0.0
0.0,,0.01874999888241291,-0.008939213119447231,0.0,0.0
0.0,,0.016249999403953552,-0.008939213119447231,0.0,0.0
0.0,,0.014999999664723873,-0.008939213119447231,0.0,0.0
0.0,,0.016249999403953552,-0.011918950825929642,0.0,0.0
0.0,,0.01249999925494194,-0.008939213119447231,0.0,0.0
0.0,,0.01249999925494194,-0.011918950825929642,0.0,0.0
0.0,,0.017500000074505806,-0.008939213119447231,0.0,0.0
0.0,,0.01874999888241291,-0.008939213119447231,0.0,0.0
0.0,,0.01874999888241291,-0.008939213119447231,0.0,0.0
0.0,,0.019999999552965164,-0.008939213119447231,0.0,0.0
0.0,,0.01874999888241291,-0.008939213119447231,0.0,0.0
0.0,,0.016249999403953552,-0.008939213119447231,0.0,0.0
0.0,,0.01874999888241291,-0.005959475412964821,0.0,0.0
0.0,,0.014999999664723873,-0.011918950825929642,0.0,0.0
0.0,,0.01874999888241291,-0.011918950825929642,0.0,0.0
0.0,,0.01874999888241291,-0.008939213119447231,0.0,0.0
0.0,,0.016249999403953552,-0.011918950825929642,0.0,0.0
0.0,,0.01249999925494194,-0.008939213119447231,0.0,0.0
0.0,,0.019999999552965164,-0.011918950825929642,0.0,0.0
0.0,,0.016249999403953552,-0.011918950825929642,0.0,0.0
0.0,,0.008750000037252903,-0.008939213119447231,0.0,0.0
0.0,,0.01249999925494194,-0.008939213119447231,0.0,0.0
0.0,,0.017500000074505806,-0.011918950825929642,0.0,0.0
0.0,,0.01874999888241291,-0.008939213119447231,0.0,0.0
0.0,,0.016249999403953552,-0.008939213119447231,0.0,0.0
0.0,,0.009999999776482582,-0.008939213119447231,0.0,0.0
0.0,,0.01874999888241291,-0.008939213119447231,0.0,0.0
0.0,,0.013749999925494194,-0.005959475412964821,0.0,0.0
0.0,,0.008750000037252903,-0.011918950825929642,0.0,0.0
0.0,,0.009999999776482582,-0.008939213119447231,0.0,0.0
0.0,,0.017500000074505806,-0.008939213119447231,0.0,0.0
0.0,,0.017500000074505806,-0.011918950825929642,0.0,0.0
0.0,,0.016249999403953552,-0.011918950825929642,0.0,0.0
0.0,,0.017500000074505806,-0.011918950825929642,0.0,0.0
0.0,,0.017500000074505806,-0.008939213119447231,0.0,0.0
0.0,,0.01874999888241291,-0.008939213119447231,0.0,0.0
0.0,,0.017500000074505806,-0.011918950825929642,0.0,0.0
0.0,,0.017500000074505806,-0.008939213119447231,0.0,0.0
0.0,,0.01874999888241291,-0.008939213119447231,0.0,0.0
0.0,,0.01874999888241291,-0.011918950825929642,0.0,0.0
0.0,,0.017500000074505806,-0.008939213119447231,0.0,0.0
0.0,,0.017500000074505806,-0.011918950825929642,0.0,0.0
0.0,,0.01874999888241291,-0.008939213119447231,0.0,0.0
0.0,,0.016249999403953552,-0.008939213119447231,0.0,0.0
0.0,,0.017500000074505806,-0.008939213119447231,0.0,0.0
0.0,,0.01874999888241291,-0.008939213119447231,0.0,0.0
0.0,,0.016249999403953552,-0.008939213119447231,0.0,0.0
0.0,,0.01874999888241291,-0.011918950825929642,0.0,0.0
0.0,,0.016249999403953552,-0.008939213119447231,0.0,0.0
0.0,,0.01874999888241291,-0.008939213119447231,0.0,0.0
0.0,,0.016249999403953552,-0.011918950825929642,0.0,0.0
0.0,,0.016249999403953552,-0.011918950825929642,0.0,0.0
0.0,,0.016249999403953552,-0.008939213119447231,0.0,0.0
0.0,,0.016249999403953552,-0.008939213119447231,0.0,0.0
0.0,,0.017500000074505806,-0.008939213119447231,0.0,0.0
0.0,,0.01874999888241291,-0.008939213119447231,0.0,0.0
0.0,,0.019999999552965164,-0.011918950825929642,0.0,0.0
0.0,,0.017500000074505806,-0.008939213119447231,0.0,0.0
0.0,,0.016249999403953552,-0.011918950825929642,0.0,0.0
0.0,,0.016249999403953552,-0.008939213119447231,0.0,0.0
0.0,,0.017500000074505806,-0.008939213119447231,0.0,0.0
0.0,,0.013749999925494194,-0.008939213119447231,0.0,0.0
0.0,,0.017500000074505806,-0.008939213119447231,0.0,0.0
0.0,,0.014999999664723873,-0.008939213119447231,0.0,0.0
0.0,,0.01874999888241291,-0.011918950825929642,0.0,0.0
0.0,,0.01874999888241291,-0.011918950825929642,0.0,0.0
0.0,,0.011249999515712261,-0.011918950825929642,0.0,0.0
0.0,,0.014999999664723873,-0.008939213119447231,0.0,0.0
0.0,,0.014999999664723873,-0.008939213119447231,0.0,0.0
0.0,,0.009999999776482582,-0.005959475412964821,0.0,0.0
0.0,,0.007499999832361937,-0.011918950825929642,0.0,0.0
0.0,,0.01249999925494194,-0.011918950825929642,0.0,0.0
0.0,,0.01874999888241291,-0.008939213119447231,0.0,0.0
0.0,,0.013749999925494194,-0.008939213119447231,0.0,0.0
0.0,,0.0037499999161809683,-0.011918950825929642,0.0,0.0
0.0,,0.014999999664723873,-0.011918950825929642,0.0,0.0
0.0,,0.017500000074505806,-0.008939213119447231,0.0,0.0
0.0,,0.007499999832361937,-0.011918950825929642,0.0,0.0
0.0,,0.017500000074505806,-0.008939213119447231,0.0,0.0
0.0,,0.01874999888241291,-0.011918950825929642,0.0,0.0
0.0,,0.016249999403953552,-0.011918950825929642,0.0,0.0
0.0,,0.016249999403953552,-0.011918950825929642,0.0,0.0
0.0,,0.017500000074505806,-0.008939213119447231,0.0,0.0
0.0,,0.017500000074505806,-0.011918950825929642,0.0,0.0
0.0,,0.017500000074505806,-0.008939213119447231,0.0,0.0
0.0,,0.017500000074505806,-0.011918950825929642,0.0,0.0
0.0,,0.017500000074505806,-0.008939213119447231,0.0,0.0
0.0,,0.017500000074505806,-0.008939213119447231,0.0,0.0
0.0,,0.01874999888241291,-0.008939213119447231,0.0,0.0
0.0,,0.017500000074505806,-0.008939213119447231,0.0,0.0
0.0,,0.019999999552965164,-0.008939213119447231,0.0,0.0
0.0,,0.017500000074505806,-0.008939213119447231,0.0,0.0
0.0,,0.017500000074505806,-0.008939213119447231,0.0,0.0
0.0,,0.01874999888241291,-0.008939213119447231,0.0,0.0
0.0,,0.017500000074505806,-0.011918950825929642,0.0,0.0
0.0,,0.016249999403953552,-0.011918950825929642,0.0,0.0
0.0,,0.017500000074505806,-0.008939213119447231,0.0,0.0
0.0,,0.013749999925494194,-0.008939213119447231,0.0,0.0
0.0,,0.01874999888241291,-0.008939213119447231,0.0,0.0
0.0,,0.01874999888241291,-0.008939213119447231,0.0,0.0
0.0,,0.017500000074505806,-0.011918950825929642,0.0,0.0
0.0,,0.01249999925494194,-0.008939213119447231,0.0,0.0
0.0,,0.016249999403953552,-0.008939213119447231,0.0,0.0
0.0,,0.017500000074505806,-0.008939213119447231,0.0,0.0
0.0,,0.016249999403953552,-0.008939213119447231,0.0,0.0
0.0,,0.016249999403953552,-0.011918950825929642,0.0,0.0
0.0,,0.01874999888241291,-0.008939213119447231,0.0,0.0
0.0,,0.016249999403953552,-0.011918950825929642,0.0,0.0
0.0,,0.016249999403953552,-0.014898688532412052,0.0,0.0
0.0,,0.017500000074505806,-0.011918950825929642,0.0,0.0
0.0,,0.017500000074505806,-0.008939213119447231,0.0,0.0
0.0,,0.011249999515712261,-0.011918950825929642,0.0,0.0
0.0,,0.014999999664723873,-0.008939213119447231,0.0,0.0
0.0,,0.016249999403953552,-0.011918950825929642,0.0,0.0
0.0,,0.021250000223517418,-0.008939213119447231,0.0,0.0
0.0,,0.014999999664723873,-0.008939213119447231,0.0,0.0
0.0,,0.01249999925494194,-0.008939213119447231,0.0,0.0
0.0,,0.014999999664723873,-0.0029797377064824104,0.0,0.0
0.0,,0.01249999925494194,-0.011918950825929642,0.0,0.0
0.0,,0.01874999888241291,-0.008939213119447231,0.0,0.0
0.0,,0.014999999664723873,-0.005959475412964821,0.0,0.0
0.0,,0.01249999925494194,-0.011918950825929642,0.0,0.0
0.0,,0.01249999925494194,-0.011918950825929642,0.0,0.0
0.0,,0.019999999552965164,-0.008939213119447231,0.0,0.0
0.0,,0.016249999403953552,-0.005959475412964821,0.0,0.0
0.0,,0.017500000074505806,-0.008939213119447231,0.0,0.0
0.0,,0.01874999888241291,-0.008939213119447231,0.0,0.0
0.0,,0.01249999925494194,-0.011918950825929642,0.0,0.0
0.0,,0.017500000074505806,-0.008939213119447231,0.0,0.0
0.0,,0.017500000074505806,-0.011918950825929642,0.0,0.0
0.0,,0.017500000074505806,-0.008939213119447231,0.0,0.0
0.0,,0.017500000074505806,-0.011918950825929642,0.0,0.0
0.0,,0.01874999888241291,-0.011918950825929642,0.0,0.0
0.0,,0.017500000074505806,-0.011918950825929642,0.0,0.0
0.0,,0.017500000074505806,-0.008939213119447231,0.0,0.0
0.0,,0.017500000074505806,-0.011918950825929642,0.0,0.0
0.0,,0.01874999888241291,-0.008939213119447231,0.0,0.0
0.0,,0.017500000074505806,-0.008939213119447231,0.0,0.0
0.0,,0.017500000074505806,-0.011918950825929642,0.0,0.0
0.0,,0.017500000074505806,-0.008939213119447231,0.0,0.0
0.0,,0.01874999888241291,-0.014898688532412052,0.0,0.0
0.0,,0.017500000074505806,-0.011918950825929642,0.0,0.0
0.0,,0.016249999403953552,-0.008939213119447231,0.0,0.0
0.0,,0.017500000074505806,-0.008939213119447231,0.0,0.0
0.0,,0.017500000074505806,-0.008939213119447231,0.0,0.0
0.0,,0.017500000074505806,-0.011918950825929642,0.0,0.0
0.0,,0.017500000074505806,-0.011918950825929642,0.0,0.0
0.0,,0.019999999552965164,-0.011918950825929642,0.0,0.0
0.0,,0.01874999888241291,-0.005959475412964821,0.0,0.0
0.0,,0.017500000074505806,-0.011918950825929642,0.0,0.0
0.0,,0.016249999403953552,-0.011918950825929642,0.0,0.0
0.0,,0.017500000074505806,-0.011918950825929642,0.0,0.0
0.0,,0.01874999888241291,-0.011918950825929642,0.0,0.0
0.0,,0.017500000074505806,-0.008939213119447231,0.0,0.0
0.0,,0.017500000074505806,-0.008939213119447231,0.0,0.0
0.0,,0.01874999888241291,-0.011918950825929642,0.0,0.0
0.0,,0.017500000074505806,-0.008939213119447231,0.0,0.0
0.0,,0.017500000074505806,-0.008939213119447231,0.0,0.0
0.0,,0.016249999403953552,-0.011918950825929642,0.0,0.0
0.0,,0.016249999403953552,-0.011918950825929642,0.0,0.0
0.0,,0.01874999888241291,-0.008939213119447231,0.0,0.0
