timestamp,strain_gauge_4,strain_gauge_5,strain_gauge_6
44090615,0,0,0
44102775,0,0,0
44112183,0,0,0
44122128,0,0,0
44134583,0,0,0
44144247,0,0,0
44155312,0,0,0
44167245,0,0,0
44177140,0,0,0
44187961,0,0,0
44197962,0,0,0
44210151,0,0,0
44220276,0,0,0
44229983,0,0,0
44240406,0,0,0
44257462,0,0,0
44268179,0,0,0
44278773,0,0,0
44290267,0,0,0
44299828,0,0,0
44309634,0,0,0
44321853,0,0,0
44331455,0,0,0
44342323,0,0,0
44352890,0,0,0
44363925,0,0,0
44378773,0,0,0
44389807,0,0,0
44400753,0,0,0
44412892,0,0,0
44424696,0,0,0
44434436,0,0,0
44444716,0,0,0
44453935,0,0,0
44464760,0,0,0
44475398,0,0,0
44484415,0,0,0
44495850,0,0,0
44508232,0,0,0
44518499,0,0,0
44528456,0,0,0
44540865,0,0,0
44550351,0,0,0
44561206,0,0,0
44572368,0,0,0
44584860,0,0,0
44595972,0,0,0
44606261,0,0,0
44616540,0,0,0
44625647,0,0,0
44635569,0,0,0
44645691,0,0,0
44657104,0,0,0
44666592,0,0,0
44677404,0,0,0
44687843,0,0,0
44702016,0,0,0
44712279,0,0,0
44725145,0,0,0
44735949,0,0,0
44745704,0,0,0
44757653,0,0,0
44768045,0,0,0
44777212,0,0,0
44789694,0,0,0
44798733,0,0,0
44808276,0,0,0
44818971,0,0,0
44829910,0,0,0
44840790,0,0,0
44851500,0,0,0
44862713,0,0,0
44872179,0,0,0
44884048,0,0,0
44895277,0,0,0
44905484,0,0,0
44917627,0,0,0
44928322,0,0,0
44939467,0,0,0
44951166,0,0,0
44961762,0,0,0
44973083,0,0,0
44983030,0,0,0
44996088,0,0,0
45006022,0,0,0
45018451,0,0,0
45028342,0,0,0
45040123,0,0,0
45050763,0,0,0
45061571,0,0,0
45070326,0,0,0
45081930,0,0,0
45093831,0,0,0
45105787,0,0,0
45116252,0,0,0
45124986,0,0,0
45133927,0,0,0
45146319,0,0,0
45156782,0,0,0
45169589,0,0,0
45179386,0,0,0
45192466,0,0,0
45203459,0,0,0
45213477,0,0,0
45223526,0,0,0
45233267,0,0,0
45242661,0,0,0
45251434,0,0,0
45263994,0,0,0
45274420,0,0,0
45284829,0,0,0
45294878,0,0,0
45307110,0,0,0
45316932,0,0,0
45327938,0,0,0
45339636,0,0,0
45351965,0,0,0
45364546,0,0,0
45377574,0,0,0
45388640,0,0,0
45398261,0,0,0
45408021,0,0,0
45419949,0,0,0
45429870,0,0,0
45440076,0,0,0
45450259,0,0,0
45461712,0,0,0
45474791,0,0,0
45485587,0,0,0
45494945,0,0,0
45506923,0,0,0
45517468,0,0,0
45528966,0,0,0
45538782,0,0,0
45550077,0,0,0
45559576,0,0,0
45568211,0,0,0
45585084,0,0,0
45596995,0,0,0
45607755,0,0,0
45618373,0,0,0
45628020,0,0,0
45637859,0,0,0
45648150,0,0,0
45662425,0,0,0
45671572,0,0,0
45680596,0,0,0
45691164,0,0,0
45701554,0,0,0
45716395,0,0,0
45725598,0,0,0
45736807,0,0,0
45749811,0,0,0
45758473,0,0,0
45768883,0,0,0
45779523,0,0,0
45789788,0,0,0
45802317,0,0,0
45813335,0,0,0
45823154,0,0,0
45833841,0,0,0
45846500,0,0,0
45856786,0,0,0
45870550,0,0,0
45880655,0,0,0
45890339,0,0,0
45900362,0,0,0
45910945,0,0,0
45926071,0,0,0
45937687,0,0,0
45948847,0,0,0
45958852,0,0,0
45970616,0,0,0
45979403,0,0,0
45989020,0,0,0
46000380,0,0,0
46012386,0,0,0
46021761,0,0,0
46036495,0,0,0
46048256,0,0,0
46059413,0,0,0
46071285,0,0,0
46081213,0,0,0
46093063,0,0,0
46102859,0,0,0
46115074,0,0,0
46125213,0,0,0
46136955,0,0,0
46147494,0,0,0
46157696,0,0,0
46168919,0,0,0
46179246,0,0,0
46189370,0,0,0
46200723,0,0,0
46210597,0,0,0
46220452,0,0,0
46229657,0,0,0
46242108,0,0,0
46252869,0,0,0
46262728,0,0,0
46272358,0,0,0
46283141,0,0,0
46293960,0,0,0
46304600,0,0,0
46319002,0,0,0
46329953,0,0,0
46340948,0,0,0
46352295,0,0,0
46362705,0,0,0
46375784,0,0,0
46385517,0,0,0
46397840,0,0,0
46408705,0,0,0
46419291,0,0,0
46431150,0,0,0
46442247,0,0,0
46454711,0,0,0
46466590,0,0,0
46476073,0,0,0
46486434,0,0,0
46499629,0,0,0
46509318,0,0,0
46519194,0,0,0
46529556,0,0,0
46539951,0,0,0
46551052,0,0,0
46563517,0,0,0
46573898,0,0,0
46584354,0,0,0
46594138,0,0,0
46604862,0,0,0
46616715,0,0,0
46627039,0,0,0
46638794,0,0,0
46649349,0,0,0
46659982,0,0,0
46670786,0,0,0
46683663,0,0,0
46695032,0,0,0
46704615,0,0,0
46716365,0,0,0
46727472,0,0,0
46738307,0,0,0
46749385,0,0,0
46760771,0,0,0
46770976,0,0,0
46782375,0,0,0
46792356,0,0,0
46801403,0,0,0
46813300,0,0,0
46824777,0,0,0
46835028,0,0,0
46846778,0,0,0
46855874,0,0,0
46866623,0,0,0
46879073,0,0,0
46890785,0,0,0
46901535,0,0,0
46912934,0,0,0
46924726,0,0,0
46933867,0,0,0
46944601,0,0,0
46954280,0,0,0
46964738,0,0,0
46976221,0,0,0
46987422,0,0,0
46999588,0,0,0
47010483,0,0,0
47020393,0,0,0
47032403,0,0,0
47042934,0,0,0
47053935,0,0,0
47065887,0,0,0
47076767,0,0,0
47087783,0,0,0
47097379,0,0,0
47107743,0,0,0
47120554,0,0,0
47130337,0,0,0
47140111,0,0,0
47150499,0,0,0
47161061,0,0,0
47170950,0,0,0
47181462,0,0,0
47190931,0,0,0
47202001,0,0,0
47212075,0,0,0
47222805,0,0,0
47233645,0,0,0
47244446,0,0,0
47257467,0,0,0
47267201,0,0,0
47277724,0,0,0
47288626,0,0,0
47298333,0,0,0
47313872,0,0,0
47324604,0,0,0
47334885,0,0,0
47345555,0,0,0
47355712,0,0,0
47365516,0,0,0
47376619,0,0,0
47387131,0,0,0
47398280,0,0,0
47409500,0,0,0
47421207,0,0,0
47432701,0,0,0
47444143,0,0,0
47455645,0,0,0
47465238,0,0,0
47476885,0,0,0
47487938,0,0,0
47499571,0,0,0
47511753,0,0,0
47522101,0,0,0
47534060,0,0,0
47545609,0,0,0
47555125,0,0,0
47568799,0,0,0
47579075,0,0,0
47589919,0,0,0
47600483,0,0,0
47611329,0,0,0
47621601,0,0,0
47631482,0,0,0
47643435,0,0,0
47654663,0,0,0
47664969,0,0,0
47675212,0,0,0
47685463,0,0,0
47697209,0,0,0
47707006,0,0,0
47718900,0,0,0
47729625,0,0,0
47739532,0,0,0
47751161,0,0,0
47762533,0,0,0
47778087,0,0,0
47790025,0,0,0
47800143,0,0,0
47811438,0,0,0
47820345,0,0,0
47830265,0,0,0
47841878,0,0,0
47853570,0,0,0
47862530,0,0,0
47871240,0,0,0
47883896,0,0,0
47894090,0,0,0
47906046,0,0,0
47916972,0,0,0
47926638,0,0,0
47936933,0,0,0
47946194,0,0,0
47957412,0,0,0
47967838,0,0,0
47977669,0,0,0
47989402,0,0,0
48000760,0,0,0
48010838,0,0,0
48020343,0,0,0
48032340,0,0,0
48042497,0,0,0
48053014,0,0,0
48065421,0,0,0
48075713,0,0,0
48088275,0,0,0
48098307,0,0,0
48108153,0,0,0
48120522,0,0,0
48131522,0,0,0
48141637,0,0,0
48153152,0,0,0
48162520,0,0,0
48174502,0,0,0
48185260,0,0,0
48195013,0,0,0
48205017,0,0,0
48215816,0,0,0
48226480,0,0,0
48236210,0,0,0
48246713,0,0,0
48257194,0,0,0
48267347,0,0,0
48277263,0,0,0
48287537,0,0,0
48297731,0,0,0
48306238,0,0,0
48316453,0,0,0
48325149,0,0,0
48334536,0,0,0
48347264,0,0,0
48357770,0,0,0
48367567,0,0,0
48377081,0,0,0
48388393,0,0,0
48398401,0,0,0
48409048,0,0,0
48420001,0,0,0
48431781,0,0,0
48441262,0,0,0
48452657,0,0,0
48462914,0,0,0
48477457,0,0,0
48487515,0,0,0
48498496,0,0,0
48508551,0,0,0
48519436,0,0,0
48529789,0,0,0
48541444,0,0,0
48551673,0,0,0
48560762,0,0,0
48570314,0,0,0
48581098,0,0,0
48590759,0,0,0
48600349,0,0,0
48610077,0,0,0
48622393,0,0,0
48633083,0,0,0
48642877,0,0,0
48654086,0,0,0
48664269,0,0,0
48674951,0,0,0
48684828,0,0,0
48695573,0,0,0
48708723,0,0,0
48719244,0,0,0
48730089,0,0,0
48741111,0,0,0
48751938,0,0,0
48761597,0,0,0
48770708,0,0,0
48781177,0,0,0
48791029,0,0,0
48800539,0,0,0
48814026,0,0,0
48824253,0,0,0
48833686,0,0,0
48844165,0,0,0
48856201,0,0,0
48868249,0,0,0
48878605,0,0,0
48889216,0,0,0
48899411,0,0,0
48910565,0,0,0
48921623,0,0,0
48932222,0,0,0
48942256,0,0,0
48952603,0,0,0
48962814,0,0,0
48974889,0,0,0
48985116,0,0,0
48996916,0,0,0
49008047,0,0,0
49017658,0,0,0
49027134,0,0,0
49037950,0,0,0
49047873,0,0,0
49058145,0,0,0
49068433,0,0,0
49080145,0,0,0
49091222,0,0,0
49099998,0,0,0
49109447,0,0,0
49121085,0,0,0
49131638,0,0,0
49142762,0,0,0
49152425,0,0,0
49162209,0,0,0
49174097,0,0,0
49183865,0,0,0
49195008,0,0,0
49209080,0,0,0
49219866,0,0,0
49229700,0,0,0
49239364,0,0,0
49249708,0,0,0
49263557,0,0,0
49274406,0,0,0
49283626,0,0,0
49295356,0,0,0
49305202,0,0,0
49316107,0,0,0
49326276,0,0,0
49336343,0,0,0
49346219,0,0,0
49356462,0,0,0
49366205,0,0,0
49375046,0,0,0
49384787,0,0,0
49398122,0,0,0
49408234,0,0,0
49418567,0,0,0
49427535,0,0,0
49437955,0,0,0
49449917,0,0,0
49460109,0,0,0
49470222,0,0,0
49481618,0,0,0
49492136,0,0,0
49505443,0,0,0
49515536,0,0,0
49525054,0,0,0
49536552,0,0,0
49546667,0,0,0
49558906,0,0,0
49568557,0,0,0
49578891,0,0,0
49589466,0,0,0
49601027,0,0,0
49611060,0,0,0
49620242,0,0,0
49630238,0,0,0
49640452,0,0,0
49649965,0,0,0
49660768,0,0,0
49671516,0,0,0
49681022,0,0,0
49692101,0,0,0
49701796,0,0,0
49711601,0,0,0
49723133,0,0,0
49735006,0,0,0
49745332,0,0,0
49756525,0,0,0
49768133,0,0,0
49777624,0,0,0
49795128,0,0,0
49805998,0,0,0
49817432,0,0,0
49830914,0,0,0
49841945,0,0,0
49853415,0,0,0
49864476,0,0,0
49874816,0,0,0
49884914,0,0,0
49895744,0,0,0
49906064,0,0,0
49915533,0,0,0
49925966,0,0,0
49937232,0,0,0
49946674,0,0,0
49958366,0,0,0
49969316,0,0,0
49978820,0,0,0
49989025,0,0,0
49998805,0,0,0
50009878,0,0,0
50021711,0,0,0
50032729,0,0,0
50042107,0,0,0
50052057,0,0,0
50061921,0,0,0
50071229,0,0,0
50082861,0,0,0
50093717,0,0,0
50104483,0,0,0
50116082,0,0,0
50126725,0,0,0
50136633,0,0,0
50148499,0,0,0
50159433,0,0,0
50169509,0,0,0
50181323,0,0,0
50198598,0,0,0
50208559,0,0,0
50218636,0,0,0
50228740,0,0,0
50237775,0,0,0
50250360,0,0,0
50261486,0,0,0
50271935,0,0,0
50282803,0,0,0
50292801,0,0,0
50302297,0,0,0
50313264,0,0,0
50325959,0,0,0
50334847,0,0,0
50345983,0,0,0
50356122,0,0,0
50366538,0,0,0
50378642,0,0,0
50388663,0,0,0
50399153,0,0,0
50409882,0,0,0
50421984,0,0,0
50431642,0,0,0
50442422,0,0,0
50453122,0,0,0
50464114,0,0,0
50475200,0,0,0
50485485,0,0,0
50497272,0,0,0
50508448,0,0,0
50518787,0,0,0
50528126,0,0,0
50538369,0,0,0
50550514,0,0,0
50561096,0,0,0
50570117,0,0,0
50580656,0,0,0
50590717,0,0,0
50604435,0,0,0
50615790,0,0,0
50627749,0,0,0
50641080,0,0,0
50652927,0,0,0
50664099,0,0,0
50674366,0,0,0
50688264,0,0,0
50698118,0,0,0
50707966,0,0,0
50717837,0,0,0
50729684,0,0,0
50741074,0,0,0
50752417,0,0,0
50765412,0,0,0
50780411,0,0,0
50790186,0,0,0
50800203,0,0,0
50810752,0,0,0
50821681,0,0,0
50831176,0,0,0
50840531,0,0,0
50850471,0,0,0
50863158,0,0,0
50873856,0,0,0
50883600,0,0,0
50893144,0,0,0
50904444,0,0,0
50916256,0,0,0
50926314,0,0,0
50936214,0,0,0
50946916,0,0,0
50957220,0,0,0
50968132,0,0,0
50978688,0,0,0
50990367,0,0,0
51001263,0,0,0
51012440,0,0,0
51024817,0,0,0
51036994,0,0,0
51047379,0,0,0
51057700,0,0,0
51068435,0,0,0
51078676,0,0,0
51089872,0,0,0
51100553,0,0,0
51110031,0,0,0
51120971,0,0,0
51130831,0,0,0
51141048,0,0,0
51150659,0,0,0
51161354,0,0,0
51171880,0,0,0
51182864,0,0,0
51193822,0,0,0
51204614,0,0,0
51213491,0,0,0
51224488,0,0,0
51235033,0,0,0
51244960,0,0,0
51256000,0,0,0
51269214,0,0,0
51279085,0,0,0
51289475,0,0,0
51301504,0,0,0
51312321,0,0,0
51321445,0,0,0
51331073,0,0,0
51342414,0,0,0
51353609,0,0,0
51363611,0,0,0
51374166,0,0,0
51384075,0,0,0
51393984,0,0,0
51403280,0,0,0
51413024,0,0,0
51425594,0,0,0
51436657,0,0,0
51447286,0,0,0
51457167,0,0,0
51469666,0,0,0
51480482,0,0,0
51491174,0,0,0
51501831,0,0,0
51511881,0,0,0
51520920,0,0,0
51533744,0,0,0
51545421,0,0,0
51557066,0,0,0
51569162,0,0,0
51578970,0,0,0
51589587,0,0,0
51600290,0,0,0
51610074,0,0,0
51620947,0,0,0
51631356,0,0,0
51642300,0,0,0
51654657,0,0,0
51664993,0,0,0
51674652,0,0,0
51684724,0,0,0
51695644,0,0,0
51708244,0,0,0
51718335,0,0,0
51729272,0,0,0
51739196,0,0,0
51752453,0,0,0
51761714,0,0,0
51772552,0,0,0
51781983,0,0,0
51793591,0,0,0
51803725,0,0,0
51813402,0,0,0
51825411,0,0,0
51835758,0,0,0
51844990,0,0,0
51855682,0,0,0
51868045,0,0,0
51879181,0,0,0
51889401,0,0,0
51898842,0,0,0
51912016,0,0,0
51921418,0,0,0
51930924,0,0,0
51940781,0,0,0
51952306,0,0,0
51963198,0,0,0
51983170,0,0,0
51994287,0,0,0
52005099,0,0,0
52014311,0,0,0
52025388,0,0,0
52035418,0,0,0
52047894,0,0,0
52059625,0,0,0
52071554,0,0,0
52083149,0,0,0
52095886,0,0,0
52105795,0,0,0
52116053,0,0,0
52128354,0,0,0
52140435,0,0,0
52156065,0,0,0
52165182,0,0,0
52176361,0,0,0
52187993,0,0,0
52198431,0,0,0
52207979,0,0,0
52219943,0,0,0
52229902,0,0,0
52241717,0,0,0
52253571,0,0,0
52264862,0,0,0
52277165,0,0,0
52287438,0,0,0
52297276,0,0,0
52308804,0,0,0
52320021,0,0,0
52330316,0,0,0
52341981,0,0,0
52352729,0,0,0
52365402,0,0,0
52377495,0,0,0
52390215,0,0,0
52401258,0,0,0
52412456,0,0,0
52422790,0,0,0
52433533,0,0,0
52443647,0,0,0
52454665,0,0,0
52466397,0,0,0
52477323,0,0,0
52487877,0,0,0
52498231,0,0,0
52507864,0,0,0
52518655,0,0,0
52529131,0,0,0
52539774,0,0,0
52550463,0,0,0
52561409,0,0,0
52572842,0,0,0
52582480,0,0,0
52594966,0,0,0
52605951,0,0,0
52616066,0,0,0
52626459,0,0,0
52637469,0,0,0
52650841,0,0,0
52663257,0,0,0
52673265,0,0,0
52686915,0,0,0
52696490,0,0,0
52709745,0,0,0
52727598,0,0,0
52742965,0,0,0
52756062,0,0,0
52766108,0,0,0
52781286,0,0,0
52793637,0,0,0
52810962,0,0,0
52823301,0,0,0
52843258,0,0,0
52859350,0,0,0
52873553,0,0,0
52887992,0,0,0
52905606,0,0,0
52920895,0,0,0
52935160,0,0,0
52949029,0,0,0
52965617,0,0,0
52983600,0,0,0
52998870,0,0,0
53014658,0,0,0
53028045,0,0,0
53045304,0,0,0
53061619,0,0,0
53080519,0,0,0
53096543,0,0,0
53114797,0,0,0
53130224,0,0,0
53144795,0,0,0
53159589,0,0,0
53174382,0,0,0
53190291,0,0,0
53211321,0,0,0
53229316,0,0,0
53240872,0,0,0
53251675,0,0,0
53262432,0,0,0
53273408,0,0,0
53284997,0,0,0
53293905,0,0,0
53305875,0,0,0
53316355,0,0,0
53327093,0,0,0
53336917,0,0,0
53346951,0,0,0
53357025,0,0,0
53367824,0,0,0
53380993,0,0,0
53390005,0,0,0
53400628,0,0,0
53421316,0,0,0
53445450,0,0,0
53460438,0,0,0
53473038,0,0,0
53483952,0,0,0
53496813,0,0,0
53507231,0,0,0
53516459,0,0,0
53526109,0,0,0
53535179,0,0,0
53546851,0,0,0
53556308,0,0,0
53569310,0,0,0
53580994,0,0,0
53597807,0,0,0
53611582,0,0,0
53627816,0,0,0
53648073,0,0,0
53660628,0,0,0
53675281,0,0,0
53691740,0,0,0
53704786,0,0,0
53725944,0,0,0
53739148,0,0,0
53748979,0,0,0
53767370,0,0,0
53785027,0,0,0
53796933,0,0,0
53807176,0,0,0
53823543,0,0,0
53834833,0,0,0
53845529,0,0,0
53857356,0,0,0
53869261,0,0,0
53879666,0,0,0
53893702,0,0,0
53904511,0,0,0
53915096,0,0,0
53926593,0,0,0
53938066,0,0,0
53950020,0,0,0
53962091,0,0,0
53977822,0,0,0
53988158,0,0,0
53999607,0,0,0
54019709,0,0,0
54036576,0,0,0
54051395,0,0,0
54076178,0,0,0
54088903,0,0,0
54104484,0,0,0
54115112,0,0,0
54127224,0,0,0
54141350,0,0,0
54153506,0,0,0
54168368,0,0,0
54182090,0,0,0
54193942,0,0,0
54203040,0,0,0
54217922,0,0,0
54230066,0,0,0
54242561,0,0,0
54252360,0,0,0
54262925,0,0,0
54273807,0,0,0
54287029,0,0,0
54301677,0,0,0
54312691,0,0,0
54322570,0,0,0
54335164,0,0,0
54350103,0,0,0
54362689,0,0,0
54374066,0,0,0
54385832,0,0,0
54400730,0,0,0
54414725,0,0,0
54432387,0,0,0
54442855,0,0,0
54453209,0,0,0
54464729,0,0,0
54474454,0,0,0
54489724,0,0,0
54500374,0,0,0
54511429,0,0,0
54522452,0,0,0
54533614,0,0,0
54547848,0,0,0
54558820,0,0,0
54568929,0,0,0
54580957,0,0,0
54590563,0,0,0
54604713,0,0,0
54619181,0,0,0
54637882,0,0,0
54654512,0,0,0
54665181,0,0,0
54674261,0,0,0
54684405,0,0,0
54698548,0,0,0
54710466,0,0,0
54727699,0,0,0
54744037,0,0,0
54757432,0,0,0
54794869,0,0,0
54818840,0,0,0
54846731,0,0,0
54867806,0,0,0
54889426,0,0,0
54910066,0,0,0
54931509,0,0,0
54954236,0,0,0
54977814,0,0,0
55001799,0,0,0
55025861,0,0,0
55044156,0,0,0
55059546,0,0,0
55081782,0,0,0
55098459,0,0,0
55111247,0,0,0
55124018,0,0,0
55136251,0,0,0
55149513,0,0,0
55162933,0,0,0
55174676,0,0,0
55187410,0,0,0
55201058,0,0,0
55213030,0,0,0
55226268,0,0,0
55238447,0,0,0
55251509,0,0,0
55270898,0,0,0
55303174,0,0,0
55322214,0,0,0
55340364,0,0,0
55358307,0,0,0
55373832,0,0,0
55388351,0,0,0
55402772,0,0,0
55418557,0,0,0
55431882,0,0,0
55444147,0,0,0
55457004,0,0,0
55470793,0,0,0
55486763,0,0,0
55500756,0,0,0
55514353,0,0,0
55531646,0,0,0
55544177,0,0,0
55557371,0,0,0
55574294,0,0,0
55607427,0,0,0
55655825,0,0,0
55726349,0,0,0
55775834,0,0,0
55813045,0,0,0
55849343,0,0,0
55868967,0,0,0
55884558,0,0,0
55898790,0,0,0
55911874,0,0,0
55925215,0,0,0
55945454,0,0,0
55970424,0,0,0
55983869,0,0,0
55997695,0,0,0
56007652,0,0,0
56017893,0,0,0
56027872,0,0,0
56038479,0,0,0
56050030,0,0,0
56062633,0,0,0
56074367,0,0,0
56086724,0,0,0
56097570,0,0,0
56107677,0,0,0
56120064,0,0,0
56129891,0,0,0
56142199,0,0,0
56152766,0,0,0
56164250,0,0,0
56174111,0,0,0
56186652,0,0,0
56198687,0,0,0
56208632,0,0,0
56218954,0,0,0
56230352,0,0,0
56240770,0,0,0
56251991,0,0,0
56263872,0,0,0
56273805,0,0,0
56284558,0,0,0
56294842,0,0,0
56305429,0,0,0
56315982,0,0,0
56326170,0,0,0
56336918,0,0,0
56348753,0,0,0
56358094,0,0,0
56370032,0,0,0
56381213,0,0,0
56391408,0,0,0
56401115,0,0,0
56412255,0,0,0
56422941,0,0,0
56435345,0,0,0
56446105,0,0,0
56458558,0,0,0
56470293,0,0,0
56482307,0,0,0
56493955,0,0,0
56509630,0,0,0
56522045,0,0,0
56531350,0,0,0
56541530,0,0,0
56552426,0,0,0
56562969,0,0,0
56573707,0,0,0
56583631,0,0,0
56593861,0,0,0
56605061,0,0,0
56621234,0,0,0
56632013,0,0,0
56641625,0,0,0
56652048,0,0,0
56662386,0,0,0
56674882,0,0,0
56686321,0,0,0
56698490,0,0,0
56708175,0,0,0
56719762,0,0,0
56731959,0,0,0
56741249,0,0,0
56751094,0,0,0
56760557,0,0,0
56769122,0,0,0
56780374,0,0,0
56792787,0,0,0
56802717,0,0,0
56813893,0,0,0
56827163,0,0,0
56837986,0,0,0
56849302,0,0,0
56860215,0,0,0
56873399,0,0,0
56884963,0,0,0
56895044,0,0,0
56905424,0,0,0
56916342,0,0,0
56926709,0,0,0
56936703,0,0,0
56948143,0,0,0
56958747,0,0,0
56970687,0,0,0
56981545,0,0,0
56993284,0,0,0
57006067,0,0,0
57018050,0,0,0
57033049,0,0,0
57044149,0,0,0
57054253,0,0,0
57064674,0,0,0
57076127,0,0,0
57087562,0,0,0
57097321,0,0,0
57108360,0,0,0
57120372,0,0,0
57134555,0,0,0
57145919,0,0,0
57154212,0,0,0
57166621,0,0,0
57176427,0,0,0
57186857,0,0,0
57199064,0,0,0
57210229,0,0,0
57220092,0,0,0
57230178,0,0,0
57239822,0,0,0
57250143,0,0,0
57260726,0,0,0
57273583,0,0,0
57286207,0,0,0
57295631,0,0,0
57310921,0,0,0
57319937,0,0,0
57330541,0,0,0
57341382,0,0,0
57352315,0,0,0
57363586,0,0,0
57374899,0,0,0
57387340,0,0,0
57396539,0,0,0
57407407,0,0,0
57418219,0,0,0
57428223,0,0,0
57440686,0,0,0
57452334,0,0,0
57462805,0,0,0
57472539,0,0,0
57482802,0,0,0
57494104,0,0,0
57503606,0,0,0
57513390,0,0,0
57523680,0,0,0
57533416,0,0,0
57544160,0,0,0
57554292,0,0,0
57565849,0,0,0
57577866,0,0,0
57588021,0,0,0
57599085,0,0,0
57607811,0,0,0
57617794,0,0,0
57628324,0,0,0
57639420,0,0,0
57650250,0,0,0
57661782,0,0,0
57672109,0,0,0
57682672,0,0,0
57694717,0,0,0
57705278,0,0,0
57714077,0,0,0
57725355,0,0,0
57734022,0,0,0
57747603,0,0,0
57758196,0,0,0
57768772,0,0,0
57783084,0,0,0
57794717,0,0,0
57806291,0,0,0
57816437,0,0,0
57828187,0,0,0
57853701,0,0,0
57865639,0,0,0
57878181,0,0,0
57892353,0,0,0
57904064,0,0,0
57921031,0,0,0
57938463,0,0,0
57951921,0,0,0
57967295,0,0,0
57981271,0,0,0
57994882,0,0,0
58004140,0,0,0
58014522,0,0,0
58039130,0,0,0
58056263,0,0,0
58074429,0,0,0
58089119,0,0,0
58105298,0,0,0
58121629,0,0,0
58136631,0,0,0
58159670,0,0,0
58177778,0,0,0
58194282,0,0,0
58213383,0,0,0
58227934,0,0,0
58237660,0,0,0
58247434,0,0,0
58259540,0,0,0
58269053,0,0,0
58278381,0,0,0
58291469,0,0,0
58305680,0,0,0
58321828,0,0,0
58338994,0,0,0
58359835,0,0,0
58376545,0,0,0
58392298,0,0,0
58406991,0,0,0
58428610,0,0,0
58446468,0,0,0
58463445,0,0,0
58478793,0,0,0
58495065,0,0,0
58510431,0,0,0
58522916,0,0,0
58535729,0,0,0
58551541,0,0,0
58568867,0,0,0
58584429,0,0,0
58600123,0,0,0
58615419,0,0,0
58632155,0,0,0
58648027,0,0,0
58661581,0,0,0
58671397,0,0,0
58683582,0,0,0
58694329,0,0,0
58714555,0,0,0
58733125,0,0,0
58750693,0,0,0
58768570,0,0,0
58784073,0,0,0
58800993,0,0,0
58817041,0,0,0
58833317,0,0,0
58849273,0,0,0
58865843,0,0,0
58880777,0,0,0
58894625,0,0,0
58912068,0,0,0
58928383,0,0,0
58943978,0,0,0
58963223,0,0,0
58978790,0,0,0
58998270,0,0,0
59023004,0,0,0
59041982,0,0,0
59058747,0,0,0
59075934,0,0,0
59089745,0,0,0
59106380,0,0,0
59119527,0,0,0
59130993,0,0,0
59144684,0,0,0
59155733,0,0,0
59169061,0,0,0
59181726,0,0,0
59194245,0,0,0
59206791,0,0,0
59223838,0,0,0
59235439,0,0,0
59245150,0,0,0
59254549,0,0,0
59267539,0,0,0
59277176,0,0,0
59290900,0,0,0
59300876,0,0,0
59311246,0,0,0
59325268,0,0,0
59341714,0,0,0
59367898,0,0,0
59388530,0,0,0
59404569,0,0,0
59419437,0,0,0
59431624,0,0,0
59454386,0,0,0
59480045,0,0,0
59500729,0,0,0
59519269,0,0,0
59536926,0,0,0
59562921,0,0,0
59578896,0,0,0
59593962,0,0,0
59607379,0,0,0
59618527,0,0,0
59632753,0,0,0
59641969,0,0,0
59654207,0,0,0
59665608,0,0,0
59677447,0,0,0
59689348,0,0,0
59699610,0,0,0
59709934,0,0,0
59720146,0,0,0
59731445,0,0,0
59744996,0,0,0
59754264,0,0,0
59763212,0,0,0
59775168,0,0,0
59785460,0,0,0
59796865,0,0,0
59809614,0,0,0
59819541,0,0,0
59832340,0,0,0
59843690,0,0,0
59853008,0,0,0
59862767,0,0,0
59872275,0,0,0
59882140,0,0,0
59893414,0,0,0
59904104,0,0,0
59918473,0,0,0
59929620,0,0,0
59939074,0,0,0
59950336,0,0,0
59960263,0,0,0
59971385,0,0,0
59984968,0,0,0
59994658,0,0,0
60007276,0,0,0
60018227,0,0,0
60028551,0,0,0
60038126,0,0,0
60049585,0,0,0
60060493,0,0,0
60070103,0,0,0
60079137,0,0,0
60090956,0,0,0
60100789,0,0,0
60112409,0,0,0
60122012,0,0,0
60132781,0,0,0
60144293,0,0,0
60154948,0,0,0
60165927,0,0,0
60175983,0,0,0
60186190,0,0,0
60196535,0,0,0
60208848,0,0,0
60218447,0,0,0
60230760,0,0,0
60240458,0,0,0
60249557,0,0,0
60260311,0,0,0
60271584,0,0,0
60283035,0,0,0
60293035,0,0,0
60302949,0,0,0
60313422,0,0,0
60323831,0,0,0
60333260,0,0,0
60342093,0,0,0
60354621,0,0,0
60365110,0,0,0
60374453,0,0,0
60386519,0,0,0
60398979,0,0,0
60409780,0,0,0
60421448,0,0,0
60430910,0,0,0
60442483,0,0,0
60453110,0,0,0
60462772,0,0,0
60472485,0,0,0
60483697,0,0,0
60496127,0,0,0
60506342,0,0,0
60516647,0,0,0
60527454,0,0,0
60538065,0,0,0
60548360,0,0,0
60559198,0,0,0
60569700,0,0,0
60579774,0,0,0
60588535,0,0,0
60602016,0,0,0
60612114,0,0,0
60621736,0,0,0
60631823,0,0,0
60644215,0,0,0
60654491,0,0,0
60664377,0,0,0
60675409,0,0,0
60685808,0,0,0
60696690,0,0,0
60705609,0,0,0
60715135,0,0,0
60726744,0,0,0
60736321,0,0,0
60747229,0,0,0
60757822,0,0,0
60767828,0,0,0
60779338,0,0,0
60789293,0,0,0
60802690,0,0,0
60813029,0,0,0
60823301,0,0,0
60834802,0,0,0
60844207,0,0,0
60854059,0,0,0
60864699,0,0,0
60874684,0,0,0
60884199,0,0,0
60893661,0,0,0
60904009,0,0,0
60914733,0,0,0
60926453,0,0,0
60937197,0,0,0
60948917,0,0,0
60960085,0,0,0
60970089,0,0,0
60979630,0,0,0
60989351,0,0,0
61001047,0,0,0
61011184,0,0,0
61025207,0,0,0
61034881,0,0,0
61045543,0,0,0
61056034,0,0,0
61067969,0,0,0
61080578,0,0,0
61092338,0,0,0
61102379,0,0,0
61112983,0,0,0
61122588,0,0,0
61132932,0,0,0
61142862,0,0,0
61154542,0,0,0
61164473,0,0,0
61175176,0,0,0
61186029,0,0,0
61199868,0,0,0
61210214,0,0,0
61220474,0,0,0
61230191,0,0,0
61240306,0,0,0
61249949,0,0,0
61260100,0,0,0
61271166,0,0,0
61279955,0,0,0
61290224,0,0,0
61300073,0,0,0
61309090,0,0,0
61319434,0,0,0
61329612,0,0,0
61339045,0,0,0
61348942,0,0,0
61361451,0,0,0
61371682,0,0,0
61382285,0,0,0
61392421,0,0,0
61402848,0,0,0
61413320,0,0,0
61423430,0,0,0
61433275,0,0,0
61445343,0,0,0
61454256,0,0,0
61464063,0,0,0
61474377,0,0,0
61485777,0,0,0
61496881,0,0,0
61507466,0,0,0
61516240,0,0,0
61526267,0,0,0
61536252,0,0,0
61549798,0,0,0
61560331,0,0,0
61570404,0,0,0
61581045,0,0,0
61591595,0,0,0
61601258,0,0,0
61612883,0,0,0
61623189,0,0,0
61633654,0,0,0
61645221,0,0,0
61657034,0,0,0
61667204,0,0,0
61676310,0,0,0
61688196,0,0,0
61698195,0,0,0
61708291,0,0,0
61719614,0,0,0
61729191,0,0,0
61739465,0,0,0
61750530,0,0,0
61761261,0,0,0
61771422,0,0,0
61783670,0,0,0
61794072,0,0,0
61803891,0,0,0
61814204,0,0,0
61824677,0,0,0
61834897,0,0,0
61844822,0,0,0
61855808,0,0,0
61865805,0,0,0
61875703,0,0,0
61886110,0,0,0
61899448,0,0,0
61910814,0,0,0
61921496,0,0,0
61933239,0,0,0
61944788,0,0,0
61955418,0,0,0
61965774,0,0,0
61977222,0,0,0
61986646,0,0,0
61995851,0,0,0
62006651,0,0,0
62017220,0,0,0
62029117,0,0,0
62040368,0,0,0
62051349,0,0,0
62061941,0,0,0
62073693,0,0,0
62083222,0,0,0
62094185,0,0,0
62103594,0,0,0
62113329,0,0,0
62124650,0,0,0
62134993,0,0,0
62144428,0,0,0
62153975,0,0,0
62164144,0,0,0
62175234,0,0,0
62184352,0,0,0
62196311,0,0,0
62206094,0,0,0
62215467,0,0,0
62226089,0,0,0
62236402,0,0,0
62247159,0,0,0
62257340,0,0,0
62265982,0,0,0
62277235,0,0,0
62287474,0,0,0
62297211,0,0,0
62307520,0,0,0
62317209,0,0,0
62329901,0,0,0
62340716,0,0,0
62351110,0,0,0
62360847,0,0,0
62370651,0,0,0
62380680,0,0,0
62391184,0,0,0
62402767,0,0,0
62415224,0,0,0
62427751,0,0,0
62439253,0,0,0
62449651,0,0,0
62461034,0,0,0
62470583,0,0,0
62481021,0,0,0
62492601,0,0,0
62502229,0,0,0
62512440,0,0,0
62522615,0,0,0
62533560,0,0,0
62544945,0,0,0
62555586,0,0,0
62566767,0,0,0
62580225,0,0,0
62590543,0,0,0
62599905,0,0,0
62609593,0,0,0
62620655,0,0,0
62631192,0,0,0
62642021,0,0,0
62652249,0,0,0
62664318,0,0,0
62674033,0,0,0
62684248,0,0,0
62694107,0,0,0
62705268,0,0,0
62716636,0,0,0
62725732,0,0,0
62736368,0,0,0
62747388,0,0,0
62758891,0,0,0
62769712,0,0,0
62779881,0,0,0
62790654,0,0,0
62804762,0,0,0
62815468,0,0,0
62826308,0,0,0
62836714,0,0,0
62845314,0,0,0
62853884,0,0,0
62863766,0,0,0
62873830,0,0,0
62884660,0,0,0
62896237,0,0,0
62906751,0,0,0
62917693,0,0,0
62928933,0,0,0
62939785,0,0,0
62950635,0,0,0
62961269,0,0,0
62972485,0,0,0
62982947,0,0,0
62993027,0,0,0
63004772,0,0,0
63014834,0,0,0
63025484,0,0,0
63036804,0,0,0
63046077,0,0,0
63055587,0,0,0
63065330,0,0,0
63074442,0,0,0
63084371,0,0,0
63094093,0,0,0
63106574,0,0,0
63116476,0,0,0
63128970,0,0,0
63138183,0,0,0
63149331,0,0,0
63158977,0,0,0
63170820,0,0,0
63181285,0,0,0
63192974,0,0,0
63202930,0,0,0
63212407,0,0,0
63222672,0,0,0
63233148,0,0,0
63244118,0,0,0
63255414,0,0,0
63266772,0,0,0
63276479,0,0,0
63290613,0,0,0
63303254,0,0,0
63314050,0,0,0
63324068,0,0,0
63334317,0,0,0
63344340,0,0,0
63354920,0,0,0
63366062,0,0,0
63376660,0,0,0
63390995,0,0,0
63400860,0,0,0
63411685,0,0,0
63422706,0,0,0
63432580,0,0,0
63443572,0,0,0
63454687,0,0,0
63466557,0,0,0
63476370,0,0,0
63489397,0,0,0
63501209,0,0,0
63512144,0,0,0
63522657,0,0,0
63534053,0,0,0
63545894,0,0,0
63557674,0,0,0
63571364,0,0,0
63582300,0,0,0
63596979,0,0,0
63607427,0,0,0
63616961,0,0,0
63629325,0,0,0
63641658,0,0,0
63654899,0,0,0
63665731,0,0,0
63675763,0,0,0
63687413,0,0,0
63697836,0,0,0
63714685,0,0,0
63726094,0,0,0
63737498,0,0,0
63748164,0,0,0
63759411,0,0,0
63769483,0,0,0
63779731,0,0,0
63789791,0,0,0
63799184,0,0,0
63810974,0,0,0
63823218,0,0,0
63834010,0,0,0
63846058,0,0,0
63856370,0,0,0
63867683,0,0,0
63878079,0,0,0
63888674,0,0,0
63901678,0,0,0
63913103,0,0,0
63923463,0,0,0
63934995,0,0,0
63947878,0,0,0
63957579,0,0,0
63971086,0,0,0
63982280,0,0,0
63992095,0,0,0
64003689,0,0,0
64014373,0,0,0
64025049,0,0,0
64034996,0,0,0
64044861,0,0,0
64056941,0,0,0
64066669,0,0,0
64077974,0,0,0
64088605,0,0,0
64099535,0,0,0
64111723,0,0,0
64122798,0,0,0
64133242,0,0,0
64144300,0,0,0
64156575,0,0,0
64166187,0,0,0
64177790,0,0,0
64188161,0,0,0
64199400,0,0,0
64209871,0,0,0
64220185,0,0,0
64231773,0,0,0
64241320,0,0,0
64252934,0,0,0
64263439,0,0,0
64277546,0,0,0
64288848,0,0,0
64299830,0,0,0
64309326,0,0,0
64322008,0,0,0
64334452,0,0,0
64345902,0,0,0
64357042,0,0,0
64368403,0,0,0
64377448,0,0,0
64387475,0,0,0
64401532,0,0,0
64411802,0,0,0
64421093,0,0,0
64431634,0,0,0
64441430,0,0,0
64454055,0,0,0
64465172,0,0,0
64476454,0,0,0
64485770,0,0,0
64495886,0,0,0
64506286,0,0,0
64516654,0,0,0
64528597,0,0,0
64538192,0,0,0
64547881,0,0,0
64557515,0,0,0
64568221,0,0,0
64578106,0,0,0
64588850,0,0,0
64597786,0,0,0
64608158,0,0,0
64618673,0,0,0
64630339,0,0,0
64640845,0,0,0
64651203,0,0,0
64661794,0,0,0
64671725,0,0,0
64683158,0,0,0
64693051,0,0,0
64704988,0,0,0
64714563,0,0,0
64726443,0,0,0
64736945,0,0,0
64747213,0,0,0
64757411,0,0,0
64767517,0,0,0
64777540,0,0,0
64788374,0,0,0
64797633,0,0,0
64807752,0,0,0
64820788,0,0,0
64835145,0,0,0
64845297,0,0,0
64860884,0,0,0
64872419,0,0,0
64887887,0,0,0
64896926,0,0,0
64906827,0,0,0
64919213,0,0,0
64931182,0,0,0
64943365,0,0,0
64954515,0,0,0
64965438,0,0,0
64976797,0,0,0
64988407,0,0,0
65000341,0,0,0
65012325,0,0,0
65023405,0,0,0
65034921,0,0,0
65046240,0,0,0
65057953,0,0,0
65070538,0,0,0
65082502,0,0,0
65094079,0,0,0
65105505,0,0,0
65119722,0,0,0
65135096,0,0,0
65148260,0,0,0
65161367,0,0,0
65174043,0,0,0
65187367,0,0,0
65212858,0,0,0
65232985,0,0,0
65253103,0,0,0
65271639,0,0,0
65281954,0,0,0
65290420,0,0,0
65302781,0,0,0
65312330,0,0,0
65327198,0,0,0
65339183,0,0,0
65351221,0,0,0
65362267,0,0,0
65374340,0,0,0
65386910,0,0,0
65399262,0,0,0
65423091,0,0,0
65434942,0,0,0
65446317,0,0,0
65458721,0,0,0
65471424,0,0,0
65485174,0,0,0
65494784,0,0,0
65507647,0,0,0
65519089,0,0,0
65530006,0,0,0
65542613,0,0,0
65565005,0,0,0
65584601,0,0,0
65607829,0,0,0
65627462,0,0,0
65643798,0,0,0
65658032,0,0,0
65673339,0,0,0
65690815,0,0,0
65710353,0,0,0
65727286,0,0,0
65741630,0,0,0
65755423,0,0,0
65766178,0,0,0
65778129,0,0,0
65788223,0,0,0
65798042,0,0,0
65809265,0,0,0
65820423,0,0,0
65832553,0,0,0
65845720,0,0,0
65857296,0,0,0
65865571,0,0,0
65880164,0,0,0
65901278,0,0,0
65939345,0,0,0
65964535,0,0,0
65986654,0,0,0
66000296,0,0,0
66009949,0,0,0
66023352,0,0,0
66040734,0,0,0
66052310,0,0,0
66062691,0,0,0
66074393,0,0,0
66084083,0,0,0
66096698,0,0,0
66107697,0,0,0
66120018,0,0,0
66131989,0,0,0
66146470,0,0,0
66164057,0,0,0
66180139,0,0,0
66197574,0,0,0
66219421,0,0,0
66240864,0,0,0
66258928,0,0,0
66270503,0,0,0
66284144,0,0,0
66295788,0,0,0
66315476,0,0,0
66332720,0,0,0
66348004,0,0,0
66368347,0,0,0
66384381,0,0,0
66401122,0,0,0
66421931,0,0,0
66440840,0,0,0
66457270,0,0,0
66477666,0,0,0
66490721,0,0,0
66499765,0,0,0
66508702,0,0,0
66519986,0,0,0
66532842,0,0,0
66542670,0,0,0
66554963,0,0,0
66567153,0,0,0
66577314,0,0,0
66596500,0,0,0
66606169,0,0,0
66616979,0,0,0
66627192,0,0,0
66637487,0,0,0
66648490,0,0,0
66660135,0,0,0
66670129,0,0,0
66679516,0,0,0
66689358,0,0,0
66699677,0,0,0
66711046,0,0,0
66721228,0,0,0
66730760,0,0,0
66740693,0,0,0
66750523,0,0,0
66760367,0,0,0
66771751,0,0,0
66780446,0,0,0
66790206,0,0,0
66800476,0,0,0
66811909,0,0,0
66822108,0,0,0
66833488,0,0,0
66844064,0,0,0
66854535,0,0,0
66865059,0,0,0
66877362,0,0,0
66888241,0,0,0
66899004,0,0,0
66910037,0,0,0
66921081,0,0,0
66933038,0,0,0
66942972,0,0,0
66954246,0,0,0
66964925,0,0,0
66975113,0,0,0
66984726,0,0,0
66996980,0,0,0
67008513,0,0,0
67018491,0,0,0
67027907,0,0,0
67039880,0,0,0
67051752,0,0,0
67063687,0,0,0
67072765,0,0,0
67082084,0,0,0
67090925,0,0,0
67103669,0,0,0
67120583,0,0,0
67134926,0,0,0
67148246,0,0,0
67160510,0,0,0
67170496,0,0,0
67180060,0,0,0
67191643,0,0,0
67201610,0,0,0
67212269,0,0,0
67224223,0,0,0
67236086,0,0,0
67246444,0,0,0
67256505,0,0,0
67269349,0,0,0
67281069,0,0,0
67291535,0,0,0
67301201,0,0,0
67313516,0,0,0
67325099,0,0,0
67334411,0,0,0
67346535,0,0,0
67356732,0,0,0
67369121,0,0,0
67380284,0,0,0
67390480,0,0,0
67401708,0,0,0
67412133,0,0,0
67426028,0,0,0
67437417,0,0,0
67445935,0,0,0
67455584,0,0,0
67466228,0,0,0
67476581,0,0,0
67487168,0,0,0
67498739,0,0,0
67510397,0,0,0
67525635,0,0,0
67537026,0,0,0
67547534,0,0,0
67559512,0,0,0
67568726,0,0,0
67579204,0,0,0
67592608,0,0,0
67602278,0,0,0
67612884,0,0,0
67623817,0,0,0
67633832,0,0,0
67643493,0,0,0
67654785,0,0,0
67668186,0,0,0
67679546,0,0,0
67691126,0,0,0
67700830,0,0,0
67710380,0,0,0
67721406,0,0,0
67736249,0,0,0
67745451,0,0,0
67755611,0,0,0
67767281,0,0,0
67777971,0,0,0
67788154,0,0,0
67798320,0,0,0
67811686,0,0,0
67821901,0,0,0
67833810,0,0,0
67843764,0,0,0
67854284,0,0,0
67866987,0,0,0
67877761,0,0,0
67889304,0,0,0
67900071,0,0,0
67912271,0,0,0
67924180,0,0,0
67935115,0,0,0
67945029,0,0,0
67955364,0,0,0
67964544,0,0,0
67973452,0,0,0
67983755,0,0,0
67994040,0,0,0
68004187,0,0,0
68014987,0,0,0
68026747,0,0,0
68037545,0,0,0
68048566,0,0,0
68058400,0,0,0
68073587,0,0,0
68085411,0,0,0
68099607,0,0,0
68110135,0,0,0
68122249,0,0,0
68133758,0,0,0
68144140,0,0,0
68153841,0,0,0
68163210,0,0,0
68173249,0,0,0
68182990,0,0,0
68192843,0,0,0
68202507,0,0,0
68214968,0,0,0
68225588,0,0,0
68234680,0,0,0
68244128,0,0,0
68255569,0,0,0
68265004,0,0,0
68275836,0,0,0
68289627,0,0,0
68299362,0,0,0
68310673,0,0,0
68322386,0,0,0
68334151,0,0,0
68343623,0,0,0
68355999,0,0,0
68367440,0,0,0
68376868,0,0,0
68388927,0,0,0
68398348,0,0,0
68408784,0,0,0
68419106,0,0,0
68430033,0,0,0
68439696,0,0,0
68452441,0,0,0
68462213,0,0,0
68473961,0,0,0
68485711,0,0,0
68494588,0,0,0
68504377,0,0,0
68513932,0,0,0
68524134,0,0,0
68537695,0,0,0
68548303,0,0,0
68558873,0,0,0
68573409,0,0,0
68585216,0,0,0
68596357,0,0,0
68606899,0,0,0
68616312,0,0,0
68627254,0,0,0
68638616,0,0,0
68649351,0,0,0
68658797,0,0,0
68669818,0,0,0
68682135,0,0,0
68692573,0,0,0
68703529,0,0,0
68713010,0,0,0
68724100,0,0,0
68736829,0,0,0
68747839,0,0,0
68757944,0,0,0
68769517,0,0,0
68779667,0,0,0
68794729,0,0,0
68805825,0,0,0
68815444,0,0,0
68827193,0,0,0
68836971,0,0,0
68846747,0,0,0
68857379,0,0,0
68869032,0,0,0
68879225,0,0,0
68889041,0,0,0
68898803,0,0,0
68910496,0,0,0
68921277,0,0,0
68932547,0,0,0
68946068,0,0,0
68955227,0,0,0
68967847,0,0,0
68980428,0,0,0
68992052,0,0,0
69003433,0,0,0
69015673,0,0,0
69026163,0,0,0
69037089,0,0,0
69049926,0,0,0
69061175,0,0,0
69073196,0,0,0
69083359,0,0,0
69092138,0,0,0
69104360,0,0,0
69114919,0,0,0
69125676,0,0,0
69136812,0,0,0
69149526,0,0,0
69159384,0,0,0
69170142,0,0,0
69180994,0,0,0
69191926,0,0,0
69201045,0,0,0
69211968,0,0,0
69220657,0,0,0
69233079,0,0,0
69243015,0,0,0
69254505,0,0,0
69264618,0,0,0
69275969,0,0,0
69287000,0,0,0
69297852,0,0,0
69307954,0,0,0
69316938,0,0,0
69327983,0,0,0
69338189,0,0,0
69350082,0,0,0
69360994,0,0,0
69371637,0,0,0
69382726,0,0,0
69392865,0,0,0
69402540,0,0,0
69411714,0,0,0
69421872,0,0,0
69432662,0,0,0
69443143,0,0,0
69454049,0,0,0
69464684,0,0,0
69473980,0,0,0
69483233,0,0,0
69494842,0,0,0
69507480,0,0,0
69518839,0,0,0
69528210,0,0,0
69537489,0,0,0
69549019,0,0,0
69560484,0,0,0
69571540,0,0,0
69582009,0,0,0
69594122,0,0,0
69604762,0,0,0
69614583,0,0,0
69625641,0,0,0
69635821,0,0,0
69647465,0,0,0
69657324,0,0,0
69670934,0,0,0
69681829,0,0,0
69692488,0,0,0
69703818,0,0,0
69714306,0,0,0
69724414,0,0,0
69734721,0,0,0
69745597,0,0,0
69758450,0,0,0
69769111,0,0,0
69778992,0,0,0
69790708,0,0,0
69802935,0,0,0
69813547,0,0,0
69822440,0,0,0
69832573,0,0,0
69842441,0,0,0
69856612,0,0,0
69867520,0,0,0
69880528,0,0,0
69892906,0,0,0
69903778,0,0,0
69914943,0,0,0
69927885,0,0,0
69937735,0,0,0
69948238,0,0,0
69960882,0,0,0
69972353,0,0,0
69983527,0,0,0
69993763,0,0,0
70004790,0,0,0
70015337,0,0,0
70031206,0,0,0
70040483,0,0,0
70053738,0,0,0
70065732,0,0,0
70076217,0,0,0
70089210,0,0,0
70100279,0,0,0
70111797,0,0,0
70123517,0,0,0
70133180,0,0,0
70143379,0,0,0
70156151,0,0,0
70168477,0,0,0
70178933,0,0,0
70188852,0,0,0
70199053,0,0,0
70210317,0,0,0
70220604,0,0,0
70231925,0,0,0
70243830,0,0,0
70255210,0,0,0
70265909,0,0,0
70276413,0,0,0
70286678,0,0,0
70297806,0,0,0
70307378,0,0,0
70318995,0,0,0
70329367,0,0,0
70342916,0,0,0
70353813,0,0,0
70363809,0,0,0
70373274,0,0,0
70384067,0,0,0
70394446,0,0,0
70404285,0,0,0
70415975,0,0,0
70426675,0,0,0
70435759,0,0,0
70446680,0,0,0
70456497,0,0,0
70469403,0,0,0
70482005,0,0,0
70494733,0,0,0
70505198,0,0,0
70514502,0,0,0
70525812,0,0,0
70538646,0,0,0
70547935,0,0,0
70560310,0,0,0
70573668,0,0,0
70583892,0,0,0
70593857,0,0,0
70603638,0,0,0
70613724,0,0,0
70624361,0,0,0
70633932,0,0,0
70643708,0,0,0
70655709,0,0,0
70666605,0,0,0
70676844,0,0,0
70687667,0,0,0
70701639,0,0,0
70712264,0,0,0
70722995,0,0,0
70736319,0,0,0
70746173,0,0,0
70755750,0,0,0
70765367,0,0,0
70775919,0,0,0
70785834,0,0,0
70796215,0,0,0
70807990,0,0,0
70818994,0,0,0
70830711,0,0,0
70841525,0,0,0
70852474,0,0,0
70863661,0,0,0
70873935,0,0,0
70885373,0,0,0
70896556,0,0,0
70905577,0,0,0
70917000,0,0,0
70929702,0,0,0
70940104,0,0,0
70951113,0,0,0
70963117,0,0,0
70973129,0,0,0
70983471,0,0,0
70992879,0,0,0
71005721,0,0,0
71017701,0,0,0
71026960,0,0,0
71039404,0,0,0
71049976,0,0,0
71065712,0,0,0
71076247,0,0,0
71086832,0,0,0
71096545,0,0,0
71106347,0,0,0
71115602,0,0,0
71126799,0,0,0
71136574,0,0,0
71147339,0,0,0
71157708,0,0,0
71170523,0,0,0
71181740,0,0,0
71192422,0,0,0
71202550,0,0,0
71214279,0,0,0
71224185,0,0,0
71233433,0,0,0
71247606,0,0,0
71259735,0,0,0
71270300,0,0,0
71281331,0,0,0
71293749,0,0,0
71304800,0,0,0
71315041,0,0,0
71329002,0,0,0
71341040,0,0,0
71351448,0,0,0
71362257,0,0,0
71373137,0,0,0
71383562,0,0,0
71393929,0,0,0
71405387,0,0,0
71416042,0,0,0
71425295,0,0,0
71435804,0,0,0
71447089,0,0,0
71459425,0,0,0
71469675,0,0,0
71480144,0,0,0
71491963,0,0,0
71503622,0,0,0
71514774,0,0,0
71527698,0,0,0
71538385,0,0,0
71548440,0,0,0
71558588,0,0,0
71569737,0,0,0
71579237,0,0,0
71590022,0,0,0
71598834,0,0,0
71608120,0,0,0
71617083,0,0,0
71628118,0,0,0
71638402,0,0,0
71648045,0,0,0
71658282,0,0,0
71668980,0,0,0
71678134,0,0,0
71688527,0,0,0
71698619,0,0,0
71709858,0,0,0
71720683,0,0,0
71729955,0,0,0
71741702,0,0,0
71753241,0,0,0
71764482,0,0,0
71775590,0,0,0
71785971,0,0,0
71797497,0,0,0
71808088,0,0,0
71818810,0,0,0
71832959,0,0,0
71844803,0,0,0
71855811,0,0,0
71866863,0,0,0
71880541,0,0,0
71890904,0,0,0
71901554,0,0,0
71910559,0,0,0
71925884,0,0,0
71937668,0,0,0
71951143,0,0,0
71960782,0,0,0
71975129,0,0,0
71988093,0,0,0
72001773,0,0,0
72016735,0,0,0
72035334,0,0,0
1844381617,0,0,0
72073553,0,0,0
72088662,0,0,0
72100911,0,0,0
72114992,0,0,0
72125900,0,0,0
72136734,0,0,0
72146336,0,0,0
72155147,0,0,0
72171593,0,0,0
72182338,0,0,0
72192036,0,0,0
72206938,0,0,0
72216133,0,0,0
72233233,0,0,0
72252448,0,0,0
72268221,0,0,0
72280371,0,0,0
72293381,0,0,0
72306017,0,0,0
72315849,0,0,0
72328127,0,0,0
72343687,0,0,0
72368223,0,0,0
72390163,0,0,0
72413299,0,0,0
72436397,0,0,0
72456246,0,0,0
72475926,0,0,0
72504907,0,0,0
72516597,0,0,0
72528984,0,0,0
72539906,0,0,0
72553567,0,0,0
72565172,0,0,0
72576606,0,0,0
72587837,0,0,0
72597260,0,0,0
72607746,0,0,0
72618385,0,0,0
72628715,0,0,0
72661803,0,0,0
72678656,0,0,0
72695020,0,0,0
72715452,0,0,0
72739723,0,0,0
72761921,0,0,0
72779872,0,0,0
72806210,0,0,0
72818401,0,0,0
72837847,0,0,0
72848232,0,0,0
72860353,0,0,0
72871274,0,0,0
72884462,0,0,0
72895514,0,0,0
72910321,0,0,0
72926584,0,0,0
72960891,0,0,0
72979852,0,0,0
72999423,0,0,0
73017281,0,0,0
73042660,0,0,0
73059044,0,0,0
73068956,0,0,0
73078608,0,0,0
73087197,0,0,0
73098216,0,0,0
73108712,0,0,0
73121766,0,0,0
73134113,0,0,0
73145094,0,0,0
73155289,0,0,0
73165313,0,0,0
73176868,0,0,0
73188923,0,0,0
73199458,0,0,0
73210467,0,0,0
73219502,0,0,0
73229774,0,0,0
73239469,0,0,0
73251744,0,0,0
73263201,0,0,0
73272175,0,0,0
73283271,0,0,0
73294240,0,0,0
73305051,0,0,0
73317476,0,0,0
73326879,0,0,0
73338043,0,0,0
73347657,0,0,0
73357914,0,0,0
73369216,0,0,0
73379396,0,0,0
73392538,0,0,0
73402973,0,0,0
73413210,0,0,0
73422761,0,0,0
73436876,0,0,0
73447717,0,0,0
73456907,0,0,0
73467875,0,0,0
73477393,0,0,0
73488401,0,0,0
73505145,0,0,0
73515799,0,0,0
73527213,0,0,0
73539389,0,0,0
73549791,0,0,0
73559438,0,0,0
73568510,0,0,0
73578448,0,0,0
73587889,0,0,0
73598272,0,0,0
73607400,0,0,0
73617092,0,0,0
73626694,0,0,0
73637473,0,0,0
73647234,0,0,0
73657164,0,0,0
73669192,0,0,0
73679375,0,0,0
73688554,0,0,0
73699020,0,0,0
73710337,0,0,0
73720357,0,0,0
73730371,0,0,0
73740337,0,0,0
73750163,0,0,0
73760273,0,0,0
73770079,0,0,0
73781929,0,0,0
73791875,0,0,0
73802033,0,0,0
73810686,0,0,0
73826320,0,0,0
73835516,0,0,0
73846956,0,0,0
73857228,0,0,0
73867656,0,0,0
73878157,0,0,0
73888817,0,0,0
73901129,0,0,0
73912085,0,0,0
73924126,0,0,0
73935554,0,0,0
73946776,0,0,0
73957563,0,0,0
73969123,0,0,0
73979639,0,0,0
73990112,0,0,0
73999210,0,0,0
74008892,0,0,0
74018209,0,0,0
74029019,0,0,0
74039413,0,0,0
74050512,0,0,0
74059582,0,0,0
74070006,0,0,0
74080388,0,0,0
74090069,0,0,0
74100164,0,0,0
74112058,0,0,0
74123327,0,0,0
74132708,0,0,0
74142442,0,0,0
74156449,0,0,0
74168815,0,0,0
74178565,0,0,0
74187565,0,0,0
74201665,0,0,0
74212034,0,0,0
74222148,0,0,0
74236854,0,0,0
74247321,0,0,0
74258829,0,0,0
74270043,0,0,0
74281043,0,0,0
74291672,0,0,0
74301029,0,0,0
74311241,0,0,0
74322086,0,0,0
74332907,0,0,0
74343629,0,0,0
74354800,0,0,0
74365292,0,0,0
74374190,0,0,0
74389319,0,0,0
74402269,0,0,0
74414218,0,0,0
74424272,0,0,0
74434192,0,0,0
74445666,0,0,0
74456216,0,0,0
74468985,0,0,0
74478939,0,0,0
74488580,0,0,0
74499051,0,0,0
74509686,0,0,0
74520263,0,0,0
74530769,0,0,0
74542096,0,0,0
74551772,0,0,0
74562877,0,0,0
74573864,0,0,0
74584191,0,0,0
74593019,0,0,0
74605270,0,0,0
74615719,0,0,0
74626749,0,0,0
74638530,0,0,0
74650527,0,0,0
74661751,0,0,0
74672275,0,0,0
74682236,0,0,0
74691818,0,0,0
74712468,0,0,0
74721564,0,0,0
74731388,0,0,0
74742383,0,0,0
74752762,0,0,0
74762065,0,0,0
74772370,0,0,0
74782741,0,0,0
74793799,0,0,0
74806311,0,0,0
74819745,0,0,0
74830561,0,0,0
74842601,0,0,0
74856540,0,0,0
74867225,0,0,0
74879925,0,0,0
74890834,0,0,0
74906235,0,0,0
74920377,0,0,0
74930552,0,0,0
74947105,0,0,0
74967439,0,0,0
74981142,0,0,0
74995192,0,0,0
75017609,0,0,0
75034572,0,0,0
75051722,0,0,0
75078401,0,0,0
75094082,0,0,0
75109959,0,0,0
75121710,0,0,0
75134236,0,0,0
75154285,0,0,0
75167022,0,0,0
75178813,0,0,0
75189361,0,0,0
75203683,0,0,0
75218161,0,0,0
75247873,0,0,0
75267135,0,0,0
75286791,0,0,0
75298897,0,0,0
75311967,0,0,0
75322398,0,0,0
75345053,0,0,0
75359643,0,0,0
75372495,0,0,0
75383133,0,0,0
75394227,0,0,0
75404854,0,0,0
75415734,0,0,0
75430527,0,0,0
75441432,0,0,0
75457522,0,0,0
75471336,0,0,0
75481772,0,0,0
75492061,0,0,0
75503697,0,0,0
75514284,0,0,0
75529074,0,0,0
75547154,0,0,0
75567068,0,0,0
75587650,0,0,0
75608703,0,0,0
75636061,0,0,0
75654750,0,0,0
75671557,0,0,0
75683376,0,0,0
75696569,0,0,0
75707076,0,0,0
75720293,0,0,0
75732751,0,0,0
75750342,0,0,0
75765791,0,0,0
75779795,0,0,0
75793083,0,0,0
75817235,0,0,0
75833533,0,0,0
75845175,0,0,0
75863892,0,0,0
75882207,0,0,0
75907203,0,0,0
75929224,0,0,0
75959464,0,0,0
75988295,0,0,0
76018518,0,0,0
76038665,0,0,0
76053409,0,0,0
76075744,0,0,0
76086172,0,0,0
76100461,0,0,0
76112100,0,0,0
76122087,0,0,0
76136236,0,0,0
76149218,0,0,0
76163138,0,0,0
76180206,0,0,0
76197780,0,0,0
76213291,0,0,0
76229284,0,0,0
76248721,0,0,0
76267429,0,0,0
76283494,0,0,0
76300988,0,0,0
76317121,0,0,0
76333813,0,0,0
76347561,0,0,0
76362774,0,0,0
76379067,0,0,0
76390938,0,0,0
76413340,0,0,0
76423701,0,0,0
76438219,0,0,0
76450228,0,0,0
76470884,0,0,0
76491842,0,0,0
76503119,0,0,0
76521546,0,0,0
76536690,0,0,0
76564393,0,0,0
76581274,0,0,0
76599997,0,0,0
76624032,0,0,0
76633944,0,0,0
76643700,0,0,0
76653816,0,0,0
76664749,0,0,0
76680284,0,0,0
76692484,0,0,0
76703865,0,0,0
76712721,0,0,0
76723339,0,0,0
76733484,0,0,0
76743106,0,0,0
76755281,0,0,0
76765756,0,0,0
76778176,0,0,0
76789169,0,0,0
76800733,0,0,0
76809751,0,0,0
76818812,0,0,0
76829931,0,0,0
76840369,0,0,0
76851619,0,0,0
76861805,0,0,0
76871940,0,0,0
76881823,0,0,0
76892374,0,0,0
76905290,0,0,0
76915612,0,0,0
76925608,0,0,0
76935978,0,0,0
76947159,0,0,0
76957853,0,0,0
76969519,0,0,0
76978728,0,0,0
76991611,0,0,0
77002792,0,0,0
77012547,0,0,0
77024731,0,0,0
77034764,0,0,0
77045705,0,0,0
77056545,0,0,0
77068399,0,0,0
77078359,0,0,0
77087544,0,0,0
77098057,0,0,0
77107879,0,0,0
77119118,0,0,0
77128730,0,0,0
77140157,0,0,0
77157973,0,0,0
77171227,0,0,0
77186001,0,0,0
77202088,0,0,0
77214697,0,0,0
77227077,0,0,0
77238500,0,0,0
77258660,0,0,0
77270240,0,0,0
77288612,0,0,0
77300561,0,0,0
77315027,0,0,0
77332895,0,0,0
77347379,0,0,0
77357796,0,0,0
77369336,0,0,0
77386982,0,0,0
77398348,0,0,0
77413503,0,0,0
77426242,0,0,0
77439196,0,0,0
77450779,0,0,0
77461597,0,0,0
77472861,0,0,0
77483994,0,0,0
77495819,0,0,0
77506176,0,0,0
77518157,0,0,0
77529499,0,0,0
77542086,0,0,0
77551971,0,0,0
77569678,0,0,0
77581619,0,0,0
77593511,0,0,0
77607349,0,0,0
77618945,0,0,0
77631813,0,0,0
77644382,0,0,0
77655313,0,0,0
77665919,0,0,0
77681624,0,0,0
77693289,0,0,0
77709549,0,0,0
77719624,0,0,0
77733182,0,0,0
77749961,0,0,0
77762199,0,0,0
77775344,0,0,0
77786435,0,0,0
77800117,0,0,0
77813114,0,0,0
77827448,0,0,0
77838214,0,0,0
77849829,0,0,0
77862402,0,0,0
77873756,0,0,0
77893154,0,0,0
77906277,0,0,0
77919048,0,0,0
77928785,0,0,0
77942461,0,0,0
77952021,0,0,0
77963516,0,0,0
77977493,0,0,0
77991423,0,0,0
78000725,0,0,0
78011471,0,0,0
78024865,0,0,0
78038697,0,0,0
78053115,0,0,0
78066451,0,0,0
78078279,0,0,0
78091186,0,0,0
78102472,0,0,0
78117145,0,0,0
78130843,0,0,0
78145478,0,0,0
78158721,0,0,0
78175233,0,0,0
78188722,0,0,0
78201297,0,0,0
78213419,0,0,0
78225933,0,0,0
78237367,0,0,0
78250168,0,0,0
78261245,0,0,0
78272707,0,0,0
78284077,0,0,0
78297755,0,0,0
78311806,0,0,0
78324525,0,0,0
78336030,0,0,0
78350620,0,0,0
78363247,0,0,0
78380793,0,0,0
78396513,0,0,0
78410770,0,0,0
78427439,0,0,0
78438974,0,0,0
78450937,0,0,0
78464331,0,0,0
78478471,0,0,0
78491001,0,0,0
78506139,0,0,0
78518930,0,0,0
78534704,0,0,0
78544874,0,0,0
78556199,0,0,0
78569347,0,0,0
78580544,0,0,0
78594819,0,0,0
78607095,0,0,0
78619523,0,0,0
78631381,0,0,0
78648986,0,0,0
78659365,0,0,0
78669580,0,0,0
78681796,0,0,0
78693574,0,0,0
78707453,0,0,0
78718980,0,0,0
78733551,0,0,0
78743203,0,0,0
78752922,0,0,0
78764129,0,0,0
78778503,0,0,0
78787378,0,0,0
78800586,0,0,0
78811755,0,0,0
78823735,0,0,0
78837922,0,0,0
78849874,0,0,0
78864350,0,0,0
78877767,0,0,0
78891978,0,0,0
78901954,0,0,0
78917738,0,0,0
78928573,0,0,0
78941165,0,0,0
78953092,0,0,0
78964507,0,0,0
78979801,0,0,0
78996160,0,0,0
79008821,0,0,0
79020196,0,0,0
79034747,0,0,0
79047820,0,0,0
79058311,0,0,0
79069740,0,0,0
79083324,0,0,0
79100027,0,0,0
79110293,0,0,0
79122743,0,0,0
79140306,0,0,0
79154871,0,0,0
79166582,0,0,0
79182005,0,0,0
79195865,0,0,0
79207107,0,0,0
79222115,0,0,0
79236733,0,0,0
79251428,0,0,0
79264730,0,0,0
79274978,0,0,0
79287574,0,0,0
79304964,0,0,0
79316267,0,0,0
79328692,0,0,0
79341158,0,0,0
79354884,0,0,0
79365319,0,0,0
79382644,0,0,0
79395264,0,0,0
79414260,0,0,0
79426112,0,0,0
79437687,0,0,0
79449760,0,0,0
79462698,0,0,0
79475816,0,0,0
79487445,0,0,0
79498660,0,0,0
79514095,0,0,0
79528171,0,0,0
79542398,0,0,0
79560711,0,0,0
79571970,0,0,0
79580320,0,0,0
79594539,0,0,0
79606950,0,0,0
79617492,0,0,0
79636574,0,0,0
79662507,0,0,0
79689192,0,0,0
79708684,0,0,0
79733661,0,0,0
79763700,0,0,0
79788830,0,0,0
79808117,0,0,0
79825592,0,0,0
79834882,0,0,0
79844594,0,0,0
79854424,0,0,0
79864584,0,0,0
79874963,0,0,0
79885507,0,0,0
79898198,0,0,0
79909149,0,0,0
79918899,0,0,0
79930231,0,0,0
79940909,0,0,0
79951580,0,0,0
79964177,0,0,0
79975469,0,0,0
79987398,0,0,0
80000153,0,0,0
80012404,0,0,0
80022711,0,0,0
80032352,0,0,0
80047021,0,0,0
80057375,0,0,0
80068449,0,0,0
80078339,0,0,0
80088816,0,0,0
80099934,0,0,0
80111487,0,0,0
80121996,0,0,0
80131495,0,0,0
80144308,0,0,0
80155351,0,0,0
80164964,0,0,0
80174888,0,0,0
80187737,0,0,0
80198291,0,0,0
80207906,0,0,0
80218431,0,0,0
80227970,0,0,0
80237321,0,0,0
80248161,0,0,0
80260015,0,0,0
80270930,0,0,0
80280561,0,0,0
80293658,0,0,0
80303366,0,0,0
80313516,0,0,0
80324039,0,0,0
80336805,0,0,0
80347881,0,0,0
80357449,0,0,0
80368544,0,0,0
80379331,0,0,0
80389907,0,0,0
80401456,0,0,0
80413467,0,0,0
80425419,0,0,0
80436103,0,0,0
80446566,0,0,0
80458084,0,0,0
80469125,0,0,0
80479208,0,0,0
80491876,0,0,0
80502763,0,0,0
80513999,0,0,0
80525748,0,0,0
80536932,0,0,0
80550257,0,0,0
80560804,0,0,0
80571684,0,0,0
80581201,0,0,0
80592173,0,0,0
80601841,0,0,0
80612937,0,0,0
80623708,0,0,0
80634662,0,0,0
80644523,0,0,0
80655341,0,0,0
80667346,0,0,0
80677515,0,0,0
80689454,0,0,0
80698790,0,0,0
80708700,0,0,0
80721462,0,0,0
80730806,0,0,0
80746279,0,0,0
80755367,0,0,0
80768446,0,0,0
80778812,0,0,0
80788891,0,0,0
80799760,0,0,0
80811828,0,0,0
80821126,0,0,0
80834170,0,0,0
80843573,0,0,0
80854256,0,0,0
80864598,0,0,0
80876385,0,0,0
80885765,0,0,0
80895855,0,0,0
80907229,0,0,0
80917626,0,0,0
80930382,0,0,0
80942772,0,0,0
80955039,0,0,0
80966561,0,0,0
80976844,0,0,0
80986785,0,0,0
80997734,0,0,0
81012135,0,0,0
81023105,0,0,0
81034761,0,0,0
81044368,0,0,0
81058679,0,0,0
81068450,0,0,0
81079730,0,0,0
81089084,0,0,0
81100269,0,0,0
81112969,0,0,0
81123154,0,0,0
81133423,0,0,0
81142868,0,0,0
81153388,0,0,0
81162879,0,0,0
81172996,0,0,0
81183326,0,0,0
81195363,0,0,0
81207495,0,0,0
81217587,0,0,0
81227977,0,0,0
81238746,0,0,0
81249490,0,0,0
81260317,0,0,0
81271273,0,0,0
81280346,0,0,0
81292542,0,0,0
81301929,0,0,0
81311609,0,0,0
81322747,0,0,0
81333349,0,0,0
81343209,0,0,0
81355490,0,0,0
81366100,0,0,0
81377542,0,0,0
81389335,0,0,0
81399179,0,0,0
81409714,0,0,0
81419438,0,0,0
81428930,0,0,0
81439891,0,0,0
81450587,0,0,0
81460000,0,0,0
81469359,0,0,0
81479387,0,0,0
81488196,0,0,0
81498795,0,0,0
81508461,0,0,0
81520702,0,0,0
81530581,0,0,0
81540892,0,0,0
81551781,0,0,0
81564649,0,0,0
81575735,0,0,0
81586704,0,0,0
81597335,0,0,0
81607822,0,0,0
81617186,0,0,0
81627463,0,0,0
81641557,0,0,0
81652192,0,0,0
81663981,0,0,0
81675125,0,0,0
81687271,0,0,0
81697204,0,0,0
81706646,0,0,0
81716769,0,0,0
81727161,0,0,0
81745549,0,0,0
81757173,0,0,0
81769854,0,0,0
81779815,0,0,0
81788475,0,0,0
81799049,0,0,0
81808648,0,0,0
81820418,0,0,0
81830719,0,0,0
81841183,0,0,0
81852747,0,0,0
81862298,0,0,0
81872927,0,0,0
81881705,0,0,0
81893006,0,0,0
81901752,0,0,0
81912170,0,0,0
81922761,0,0,0
81932467,0,0,0
81943128,0,0,0
81956426,0,0,0
81968568,0,0,0
81981215,0,0,0
81992641,0,0,0
82002963,0,0,0
82013559,0,0,0
82023204,0,0,0
82032377,0,0,0
82043865,0,0,0
82053475,0,0,0
82063340,0,0,0
82072884,0,0,0
82083094,0,0,0
82095569,0,0,0
82105098,0,0,0
82114051,0,0,0
82132332,0,0,0
82141947,0,0,0
82152157,0,0,0
82162747,0,0,0
82172613,0,0,0
82183132,0,0,0
82194126,0,0,0
82205269,0,0,0
82216294,0,0,0
82226315,0,0,0
82238226,0,0,0
82247845,0,0,0
82258410,0,0,0
82269467,0,0,0
82279681,0,0,0
82289214,0,0,0
82300211,0,0,0
82310049,0,0,0
82320587,0,0,0
82329576,0,0,0
82338352,0,0,0
82348182,0,0,0
82358820,0,0,0
82369193,0,0,0
82384129,0,0,0
82394114,0,0,0
82403821,0,0,0
82414987,0,0,0
82423901,0,0,0
82436405,0,0,0
82447108,0,0,0
82457521,0,0,0
82467211,0,0,0
82477614,0,0,0
82489970,0,0,0
82500442,0,0,0
82511726,0,0,0
82522804,0,0,0
82531809,0,0,0
82541572,0,0,0
82553376,0,0,0
82566074,0,0,0
82576078,0,0,0
82585839,0,0,0
82595635,0,0,0
82606260,0,0,0
82615655,0,0,0
82625498,0,0,0
82635024,0,0,0
82645012,0,0,0
82654912,0,0,0
82666868,0,0,0
82678707,0,0,0
82689573,0,0,0
82699884,0,0,0
82709541,0,0,0
82724714,0,0,0
82736891,0,0,0
82747376,0,0,0
82757674,0,0,0
82769069,0,0,0
82781077,0,0,0
82793702,0,0,0
82803372,0,0,0
82812534,0,0,0
82823186,0,0,0
82832993,0,0,0
82842888,0,0,0
82852759,0,0,0
82862117,0,0,0
82873213,0,0,0
82883831,0,0,0
82894272,0,0,0
82906140,0,0,0
82916200,0,0,0
82926047,0,0,0
82936956,0,0,0
82946632,0,0,0
82957807,0,0,0
82966295,0,0,0
82975895,0,0,0
82985468,0,0,0
82997806,0,0,0
83008951,0,0,0
83021750,0,0,0
83032311,0,0,0
83042402,0,0,0
83053146,0,0,0
83062687,0,0,0
83074439,0,0,0
83084838,0,0,0
83095691,0,0,0
83105666,0,0,0
83115802,0,0,0
83126341,0,0,0
83137811,0,0,0
83148172,0,0,0
83160261,0,0,0
83171601,0,0,0
83181696,0,0,0
83191834,0,0,0
83202416,0,0,0
83217141,0,0,0
83226910,0,0,0
83237884,0,0,0
83247837,0,0,0
83257587,0,0,0
83268353,0,0,0
83277717,0,0,0
83290026,0,0,0
83300103,0,0,0
83311044,0,0,0
83320660,0,0,0
83330638,0,0,0
83345698,0,0,0
83357118,0,0,0
83367876,0,0,0
83378681,0,0,0
83388985,0,0,0
83398429,0,0,0
83410688,0,0,0
83422111,0,0,0
83432052,0,0,0
83442698,0,0,0
83453735,0,0,0
83464470,0,0,0
83473578,0,0,0
83483341,0,0,0
83492736,0,0,0
83502622,0,0,0
83513994,0,0,0
83523266,0,0,0
83533444,0,0,0
83543499,0,0,0
83554972,0,0,0
83567156,0,0,0
83577184,0,0,0
83587578,0,0,0
83600160,0,0,0
83612227,0,0,0
83622990,0,0,0
83635973,0,0,0
83646242,0,0,0
83656335,0,0,0
83666938,0,0,0
83678123,0,0,0
83687552,0,0,0
83696752,0,0,0
83707408,0,0,0
83718445,0,0,0
83732976,0,0,0
83746086,0,0,0
83757977,0,0,0
83767820,0,0,0
83778438,0,0,0
83788592,0,0,0
83798803,0,0,0
83808448,0,0,0
83820221,0,0,0
83832545,0,0,0
83843440,0,0,0
83854718,0,0,0
83865890,0,0,0
83876704,0,0,0
83887281,0,0,0
83897908,0,0,0
83907740,0,0,0
83919462,0,0,0
83929901,0,0,0
83941954,0,0,0
83951794,0,0,0
83962009,0,0,0
83971144,0,0,0
83983721,0,0,0
83994090,0,0,0
84005909,0,0,0
84018946,0,0,0
84028394,0,0,0
84038245,0,0,0
84047335,0,0,0
84056168,0,0,0
84067622,0,0,0
84077032,0,0,0
84086855,0,0,0
84096974,0,0,0
84107861,0,0,0
84117098,0,0,0
84128412,0,0,0
84139958,0,0,0
84148831,0,0,0
84158091,0,0,0
84169477,0,0,0
84180702,0,0,0
84190825,0,0,0
84203371,0,0,0
84216216,0,0,0
84226251,0,0,0
84235572,0,0,0
84245261,0,0,0
84255965,0,0,0
84267532,0,0,0
84276547,0,0,0
84285838,0,0,0
84295697,0,0,0
84308075,0,0,0
84319935,0,0,0
84330251,0,0,0
84339712,0,0,0
84349673,0,0,0
84359759,0,0,0
84369831,0,0,0
84383045,0,0,0
84394875,0,0,0
84406463,0,0,0
84416310,0,0,0
84425969,0,0,0
84437902,0,0,0
84447344,0,0,0
84459121,0,0,0
84469405,0,0,0
84480099,0,0,0
84490741,0,0,0
84502286,0,0,0
84512043,0,0,0
84523434,0,0,0
84534076,0,0,0
84543657,0,0,0
84554237,0,0,0
84564412,0,0,0
84575619,0,0,0
84585413,0,0,0
84595110,0,0,0
84605023,0,0,0
84616719,0,0,0
84629083,0,0,0
84640709,0,0,0
84650253,0,0,0
84661304,0,0,0
84672967,0,0,0
84683534,0,0,0
84695050,0,0,0
84706245,0,0,0
84717934,0,0,0
84729909,0,0,0
84740990,0,0,0
84751935,0,0,0
84763191,0,0,0
84774711,0,0,0
84787622,0,0,0
84797908,0,0,0
84809976,0,0,0
84819971,0,0,0
84831640,0,0,0
84845714,0,0,0
84859953,0,0,0
84870447,0,0,0
84880329,0,0,0
84890973,0,0,0
84901640,0,0,0
84912340,0,0,0
84924661,0,0,0
84934121,0,0,0
84943948,0,0,0
84953585,0,0,0
84965686,0,0,0
84974350,0,0,0
84983728,0,0,0
84994674,0,0,0
85004350,0,0,0
85016002,0,0,0
85027192,0,0,0
85036883,0,0,0
85048265,0,0,0
85059312,0,0,0
85073773,0,0,0
85084985,0,0,0
85097012,0,0,0
85108487,0,0,0
85121887,0,0,0
85132759,0,0,0
85145102,0,0,0
85159383,0,0,0
85171986,0,0,0
85183022,0,0,0
85192640,0,0,0
85201186,0,0,0
85212786,0,0,0
85223937,0,0,0
85235791,0,0,0
85246744,0,0,0
85258065,0,0,0
85270004,0,0,0
85281438,0,0,0
85294016,0,0,0
85307202,0,0,0
85316767,0,0,0
85326821,0,0,0
85338276,0,0,0
85348889,0,0,0
85360106,0,0,0
85370759,0,0,0
85381476,0,0,0
85391333,0,0,0
85400435,0,0,0
85414486,0,0,0
85424726,0,0,0
85436969,0,0,0
85447012,0,0,0
85459046,0,0,0
85469867,0,0,0
85484758,0,0,0
85500219,0,0,0
85509863,0,0,0
85519088,0,0,0
85530984,0,0,0
85543461,0,0,0
85553834,0,0,0
85565425,0,0,0
85576423,0,0,0
85587286,0,0,0
85597468,0,0,0
85607977,0,0,0
85619350,0,0,0
85631817,0,0,0
85645275,0,0,0
85654701,0,0,0
85665808,0,0,0
85677101,0,0,0
85689310,0,0,0
85701875,0,0,0
85713909,0,0,0
85725170,0,0,0
85737591,0,0,0
85748515,0,0,0
85761789,0,0,0
85771774,0,0,0
85782797,0,0,0
85793059,0,0,0
85804010,0,0,0
85814989,0,0,0
85825533,0,0,0
85836067,0,0,0
85846238,0,0,0
85854736,0,0,0
85867255,0,0,0
85877480,0,0,0
85887198,0,0,0
85901369,0,0,0
85911170,0,0,0
85921578,0,0,0
85935560,0,0,0
85950209,0,0,0
85960979,0,0,0
85973002,0,0,0
85985487,0,0,0
85995372,0,0,0
86006264,0,0,0
86017137,0,0,0
86027495,0,0,0
86036600,0,0,0
86051130,0,0,0
86065676,0,0,0
86080194,0,0,0
86093537,0,0,0
86113615,0,0,0
86128422,0,0,0
86146353,0,0,0
86161375,0,0,0
86185679,0,0,0
86204621,0,0,0
86221377,0,0,0
86239755,0,0,0
86260485,0,0,0
86280086,0,0,0
86299629,0,0,0
86317074,0,0,0
86337015,0,0,0
86348204,0,0,0
86362850,0,0,0
86375991,0,0,0
86386892,0,0,0
86398945,0,0,0
86408559,0,0,0
86426193,0,0,0
86436647,0,0,0
86449292,0,0,0
86464206,0,0,0
86474894,0,0,0
86486069,0,0,0
86496812,0,0,0
86507660,0,0,0
86519693,0,0,0
86531644,0,0,0
86542566,0,0,0
86554245,0,0,0
86569650,0,0,0
86586517,0,0,0
86600356,0,0,0
86615234,0,0,0
86628707,0,0,0
86642211,0,0,0
86658621,0,0,0
86677122,0,0,0
86695629,0,0,0
86715806,0,0,0
86730964,0,0,0
86749393,0,0,0
86760693,0,0,0
86774952,0,0,0
86800027,0,0,0
86816842,0,0,0
86834924,0,0,0
86844598,0,0,0
86855450,0,0,0
86865152,0,0,0
86876344,0,0,0
86887151,0,0,0
86896831,0,0,0
86907439,0,0,0
86919271,0,0,0
86937613,0,0,0
86955812,0,0,0
86973665,0,0,0
86999806,0,0,0
87015268,0,0,0
87026521,0,0,0
87038275,0,0,0
87050925,0,0,0
87064899,0,0,0
87082030,0,0,0
87109132,0,0,0
87128120,0,0,0
87141546,0,0,0
87153863,0,0,0
87168340,0,0,0
87197681,0,0,0
87214130,0,0,0
87238366,0,0,0
87261134,0,0,0
87277588,0,0,0
87291342,0,0,0
87299823,0,0,0
87309464,0,0,0
87319710,0,0,0
87337099,0,0,0
87354253,0,0,0
87364741,0,0,0
87374603,0,0,0
87387521,0,0,0
87401378,0,0,0
87412724,0,0,0
87428865,0,0,0
87439942,0,0,0
87461835,0,0,0
87475943,0,0,0
87487070,0,0,0
87498892,0,0,0
87510789,0,0,0
87519415,0,0,0
87529013,0,0,0
87538932,0,0,0
87549224,0,0,0
87561281,0,0,0
87576359,0,0,0
87597015,0,0,0
87607713,0,0,0
87618267,0,0,0
87630841,0,0,0
87641750,0,0,0
87652436,0,0,0
87664488,0,0,0
87680146,0,0,0
87700929,0,0,0
87726663,0,0,0
87752167,0,0,0
87762649,0,0,0
87772121,0,0,0
87791293,0,0,0
87799661,0,0,0
87810821,0,0,0
87822678,0,0,0
87833296,0,0,0
87843948,0,0,0
87855200,0,0,0
87865427,0,0,0
87880984,0,0,0
87891954,0,0,0
87904669,0,0,0
87918927,0,0,0
87933615,0,0,0
87945698,0,0,0
87959942,0,0,0
87970307,0,0,0
87980235,0,0,0
87992137,0,0,0
88005485,0,0,0
88016195,0,0,0
88029333,0,0,0
88041812,0,0,0
88053187,0,0,0
88064141,0,0,0
88075401,0,0,0
88086497,0,0,0
88098111,0,0,0
88108966,0,0,0
88119142,0,0,0
88129817,0,0,0
88146229,0,0,0
88159771,0,0,0
88170538,0,0,0
88180931,0,0,0
88192232,0,0,0
88202599,0,0,0
88213443,0,0,0
88224594,0,0,0
88235362,0,0,0
88245382,0,0,0
88257015,0,0,0
88267840,0,0,0
88284129,0,0,0
88297534,0,0,0
88308997,0,0,0
88320383,0,0,0
88331772,0,0,0
88343389,0,0,0
88353910,0,0,0
88365397,0,0,0
88378100,0,0,0
88388995,0,0,0
88399737,0,0,0
88412970,0,0,0
88422867,0,0,0
88433147,0,0,0
88445948,0,0,0
88456444,0,0,0
88467338,0,0,0
88476643,0,0,0
88487895,0,0,0
88498503,0,0,0
88508868,0,0,0
88521531,0,0,0
88531136,0,0,0
88542648,0,0,0
88552625,0,0,0
88562420,0,0,0
88573438,0,0,0
88594590,0,0,0
88605773,0,0,0
88615488,0,0,0
88624925,0,0,0
88638071,0,0,0
88649068,0,0,0
88658701,0,0,0
88669053,0,0,0
88678420,0,0,0
88693160,0,0,0
88707030,0,0,0
88718514,0,0,0
88727765,0,0,0
88737762,0,0,0
88747625,0,0,0
88759158,0,0,0
88770464,0,0,0
88780615,0,0,0
88792386,0,0,0
88802885,0,0,0
88812628,0,0,0
88825105,0,0,0
88837755,0,0,0
88848742,0,0,0
88861040,0,0,0
88870705,0,0,0
88881025,0,0,0
88890898,0,0,0
88903915,0,0,0
88915885,0,0,0
88929485,0,0,0
88939808,0,0,0
88956064,0,0,0
88966458,0,0,0
88976863,0,0,0
88989927,0,0,0
89000258,0,0,0
89010971,0,0,0
89026946,0,0,0
89037030,0,0,0
89051710,0,0,0
89063322,0,0,0
89078118,0,0,0
89090809,0,0,0
89104095,0,0,0
89115213,0,0,0
89128902,0,0,0
89140239,0,0,0
89150664,0,0,0
89163907,0,0,0
89176013,0,0,0
89185887,0,0,0
89197973,0,0,0
89209555,0,0,0
89220451,0,0,0
89229686,0,0,0
89244633,0,0,0
89256830,0,0,0
89267017,0,0,0
89278952,0,0,0
89290023,0,0,0
89300908,0,0,0
89313430,0,0,0
89323263,0,0,0
89337842,0,0,0
89351569,0,0,0
89366178,0,0,0
89376770,0,0,0
89386317,0,0,0
89398266,0,0,0
89411442,0,0,0
89425583,0,0,0
89438987,0,0,0
89451957,0,0,0
89466630,0,0,0
89478651,0,0,0
89491570,0,0,0
89504147,0,0,0
89516684,0,0,0
89530080,0,0,0
89540785,0,0,0
89551283,0,0,0
89561805,0,0,0
89575948,0,0,0
89596177,0,0,0
89605036,0,0,0
89623451,0,0,0
89635406,0,0,0
89648606,0,0,0
89662979,0,0,0
89674932,0,0,0
89687534,0,0,0
89701447,0,0,0
89712904,0,0,0
89727024,0,0,0
89738390,0,0,0
89751000,0,0,0
89768576,0,0,0
89781889,0,0,0
89794872,0,0,0
89807033,0,0,0
89819123,0,0,0
89832740,0,0,0
89842373,0,0,0
89853178,0,0,0
89864902,0,0,0
89878250,0,0,0
89888783,0,0,0
89902797,0,0,0
89914773,0,0,0
89927863,0,0,0
89942308,0,0,0
89954121,0,0,0
89969063,0,0,0
89980676,0,0,0
89990939,0,0,0
90003010,0,0,0
90017031,0,0,0
90026894,0,0,0
90041417,0,0,0
90053389,0,0,0
90068476,0,0,0
90081673,0,0,0
90095012,0,0,0
90110038,0,0,0
90128729,0,0,0
90143633,0,0,0
90158678,0,0,0
90170633,0,0,0
90190541,0,0,0
90202393,0,0,0
90217307,0,0,0
90229223,0,0,0
90243664,0,0,0
90255719,0,0,0
90267545,0,0,0
90281546,0,0,0
90294965,0,0,0
90313058,0,0,0
90327075,0,0,0
90340606,0,0,0
90354447,0,0,0
90364738,0,0,0
90376838,0,0,0
90389551,0,0,0
90400211,0,0,0
90409993,0,0,0
90420799,0,0,0
90433581,0,0,0
90445941,0,0,0
90456908,0,0,0
90473209,0,0,0
90485161,0,0,0
90497050,0,0,0
90511393,0,0,0
90522327,0,0,0
90536872,0,0,0
90553805,0,0,0
90570479,0,0,0
90586509,0,0,0
90600718,0,0,0
90613553,0,0,0
90627472,0,0,0
90638799,0,0,0
90650313,0,0,0
90662820,0,0,0
90676641,0,0,0
90687424,0,0,0
90704775,0,0,0
90717691,0,0,0
90731002,0,0,0
90746554,0,0,0
90761062,0,0,0
90771714,0,0,0
90782962,0,0,0
90795375,0,0,0
90811183,0,0,0
90825455,0,0,0
90839000,0,0,0
90853654,0,0,0
90865260,0,0,0
90879912,0,0,0
90890915,0,0,0
90905909,0,0,0
90922241,0,0,0
90937263,0,0,0
90947769,0,0,0
90963321,0,0,0
90978957,0,0,0
90992232,0,0,0
91005829,0,0,0
91016498,0,0,0
91027276,0,0,0
91041627,0,0,0
91059235,0,0,0
91075379,0,0,0
91090353,0,0,0
91107512,0,0,0
91123518,0,0,0
91142007,0,0,0
91155197,0,0,0
91168830,0,0,0
91180667,0,0,0
91195387,0,0,0
91206222,0,0,0
91219490,0,0,0
91230102,0,0,0
91241105,0,0,0
91251828,0,0,0
91263105,0,0,0
91274558,0,0,0
91287537,0,0,0
91298412,0,0,0
91309796,0,0,0
91321624,0,0,0
91334139,0,0,0
91350134,0,0,0
91362302,0,0,0
91375578,0,0,0
91389775,0,0,0
91401263,0,0,0
91415142,0,0,0
91428735,0,0,0
91440498,0,0,0
91454679,0,0,0
91470059,0,0,0
91484150,0,0,0
91499710,0,0,0
91513935,0,0,0
91530582,0,0,0
91551859,0,0,0
91562170,0,0,0
91575326,0,0,0
91591766,0,0,0
91608785,0,0,0
91621729,0,0,0
91636249,0,0,0
91651582,0,0,0
91664389,0,0,0
91676262,0,0,0
91687277,0,0,0
91697993,0,0,0
91712578,0,0,0
91729021,0,0,0
91740887,0,0,0
91751870,0,0,0
91763252,0,0,0
91776245,0,0,0
91787495,0,0,0
91800364,0,0,0
91815885,0,0,0
91825425,0,0,0
91842679,0,0,0
91856234,0,0,0
91867326,0,0,0
91880356,0,0,0
91892939,0,0,0
91906239,0,0,0
91918523,0,0,0
91931838,0,0,0
91943722,0,0,0
91959291,0,0,0
91973580,0,0,0
91989106,0,0,0
92003975,0,0,0
92024090,0,0,0
92035488,0,0,0
92048899,0,0,0
92064317,0,0,0
92078182,0,0,0
92094560,0,0,0
92107280,0,0,0
92123384,0,0,0
92141695,0,0,0
92151711,0,0,0
92162935,0,0,0
92175364,0,0,0
92186869,0,0,0
92202207,0,0,0
92214794,0,0,0
92224875,0,0,0
92236774,0,0,0
92248956,0,0,0
92262767,0,0,0
92277721,0,0,0
92289715,0,0,0
92303602,0,0,0
92320284,0,0,0
92331676,0,0,0
92344445,0,0,0
92361063,0,0,0
92375866,0,0,0
92395584,0,0,0
92408697,0,0,0
92423679,0,0,0
92434125,0,0,0
92455298,0,0,0
92466709,0,0,0
92476609,0,0,0
92488305,0,0,0
92503214,0,0,0
92517011,0,0,0
92536113,0,0,0
92547542,0,0,0
92562619,0,0,0
92576025,0,0,0
92586976,0,0,0
92606125,0,0,0
92621403,0,0,0
92634807,0,0,0
92647384,0,0,0
92657723,0,0,0
92671660,0,0,0
92685477,0,0,0
92699902,0,0,0
92710671,0,0,0
92725213,0,0,0
92736251,0,0,0
92746864,0,0,0
92758633,0,0,0
92770153,0,0,0
92781954,0,0,0
92793329,0,0,0
92806461,0,0,0
92817804,0,0,0
92828834,0,0,0
92846086,0,0,0
92860673,0,0,0
92871031,0,0,0
92885005,0,0,0
92905774,0,0,0
92921387,0,0,0
92930390,0,0,0
92942341,0,0,0
92953464,0,0,0
92967142,0,0,0
92981166,0,0,0
93000639,0,0,0
93010905,0,0,0
93022286,0,0,0
93039219,0,0,0
93059521,0,0,0
93070504,0,0,0
93083646,0,0,0
93093054,0,0,0
93107266,0,0,0
93120289,0,0,0
93131338,0,0,0
93146708,0,0,0
93161990,0,0,0
93175313,0,0,0
93193491,0,0,0
93204453,0,0,0
93216883,0,0,0
93229804,0,0,0
93240087,0,0,0
93252618,0,0,0
93263610,0,0,0
93275943,0,0,0
93291963,0,0,0
93305702,0,0,0
93319479,0,0,0
93331427,0,0,0
93345397,0,0,0
93355927,0,0,0
93366876,0,0,0
93381073,0,0,0
93394686,0,0,0
93411221,0,0,0
93426269,0,0,0
93439788,0,0,0
93448843,0,0,0
93460931,0,0,0
93470379,0,0,0
93489791,0,0,0
93502744,0,0,0
93514490,0,0,0
93525207,0,0,0
93540838,0,0,0
93557627,0,0,0
93569784,0,0,0
93581287,0,0,0
93597377,0,0,0
93609232,0,0,0
93621959,0,0,0
93636338,0,0,0
93647806,0,0,0
93663296,0,0,0
93677955,0,0,0
93692649,0,0,0
93707678,0,0,0
93718800,0,0,0
93733161,0,0,0
93745319,0,0,0
93758659,0,0,0
93769626,0,0,0
93781436,0,0,0
93793406,0,0,0
93809011,0,0,0
93820537,0,0,0
93832998,0,0,0
93844795,0,0,0
93856500,0,0,0
93869230,0,0,0
93880694,0,0,0
93893424,0,0,0
93905345,0,0,0
93915982,0,0,0
93926797,0,0,0
93939277,0,0,0
93950885,0,0,0
93962804,0,0,0
93974080,0,0,0
93985938,0,0,0
93997830,0,0,0
94007798,0,0,0
94021300,0,0,0
94033392,0,0,0
94045579,0,0,0
94058563,0,0,0
94070024,0,0,0
94084080,0,0,0
94097484,0,0,0
94109144,0,0,0
94120608,0,0,0
94135619,0,0,0
94146569,0,0,0
94159346,0,0,0
94172524,0,0,0
94186838,0,0,0
94199144,0,0,0
94209897,0,0,0
94223178,0,0,0
94234618,0,0,0
94244820,0,0,0
94258151,0,0,0
94270327,0,0,0
94281842,0,0,0
94295229,0,0,0
94312346,0,0,0
94325870,0,0,0
94337446,0,0,0
94350179,0,0,0
94360357,0,0,0
94371179,0,0,0
94385541,0,0,0
94404578,0,0,0
94416351,0,0,0
94428967,0,0,0
94439509,0,0,0
94454169,0,0,0
94466811,0,0,0
94480394,0,0,0
94493567,0,0,0
94505312,0,0,0
94513852,0,0,0
94526468,0,0,0
94538750,0,0,0
94553596,0,0,0
94564036,0,0,0
94574787,0,0,0
94586614,0,0,0
94595848,0,0,0
94609816,0,0,0
94619548,0,0,0
94630871,0,0,0
94646662,0,0,0
94660609,0,0,0
94673743,0,0,0
94686613,0,0,0
94698348,0,0,0
94707454,0,0,0
94719322,0,0,0
94731364,0,0,0
94743559,0,0,0
94756380,0,0,0
94767713,0,0,0
94781801,0,0,0
94793010,0,0,0
94804199,0,0,0
94815457,0,0,0
94827816,0,0,0
94839724,0,0,0
94849776,0,0,0
94862132,0,0,0
94872692,0,0,0
94883079,0,0,0
94894711,0,0,0
94908024,0,0,0
94922662,0,0,0
94935070,0,0,0
94950835,0,0,0
94964674,0,0,0
94978128,0,0,0
94990756,0,0,0
95005324,0,0,0
95015287,0,0,0
95027860,0,0,0
95038824,0,0,0
95052436,0,0,0
95065653,0,0,0
95077229,0,0,0
95092993,0,0,0
95102464,0,0,0
95116991,0,0,0
95126929,0,0,0
95140204,0,0,0
95152566,0,0,0
95166281,0,0,0
95177716,0,0,0
95187528,0,0,0
95201554,0,0,0
95215489,0,0,0
95228677,0,0,0
95244569,0,0,0
95259298,0,0,0
95270742,0,0,0
95283705,0,0,0
95297071,0,0,0
95307728,0,0,0
95320146,0,0,0
95337052,0,0,0
95345994,0,0,0
95361773,0,0,0
95372760,0,0,0
95385053,0,0,0
95397503,0,0,0
95411330,0,0,0
95423191,0,0,0
95433648,0,0,0
95444857,0,0,0
95457395,0,0,0
95468431,0,0,0
95482019,0,0,0
95497109,0,0,0
95511011,0,0,0
95522489,0,0,0
95538215,0,0,0
95552758,0,0,0
95562016,0,0,0
95576806,0,0,0
95590354,0,0,0
95603029,0,0,0
95612786,0,0,0
95626042,0,0,0
95636552,0,0,0
95647585,0,0,0
95659600,0,0,0
95671343,0,0,0
95684595,0,0,0
95694766,0,0,0
95706841,0,0,0
95716544,0,0,0
95730187,0,0,0
95742503,0,0,0
95756932,0,0,0
95768792,0,0,0
95780946,0,0,0
95790743,0,0,0
95803615,0,0,0
95815681,0,0,0
95826537,0,0,0
95838898,0,0,0
95849791,0,0,0
95862296,0,0,0
95873296,0,0,0
95886277,0,0,0
95904132,0,0,0
95914760,0,0,0
95926994,0,0,0
95939843,0,0,0
95950321,0,0,0
95960941,0,0,0
95973182,0,0,0
95983323,0,0,0
95998522,0,0,0
96010051,0,0,0
96020898,0,0,0
96032507,0,0,0
96045367,0,0,0
96056101,0,0,0
96068590,0,0,0
96079321,0,0,0
96092973,0,0,0
96106351,0,0,0
96116714,0,0,0
96129105,0,0,0
96142243,0,0,0
96155613,0,0,0
96168876,0,0,0
96179674,0,0,0
96192440,0,0,0
96204546,0,0,0
96218391,0,0,0
96232111,0,0,0
96249151,0,0,0
96258543,0,0,0
96272823,0,0,0
96283901,0,0,0
96296346,0,0,0
96308549,0,0,0
96317772,0,0,0
96330315,0,0,0
96346682,0,0,0
96360560,0,0,0
96372666,0,0,0
96393337,0,0,0
96405259,0,0,0
96421762,0,0,0
96435312,0,0,0
96450308,0,0,0
96463699,0,0,0
96473980,0,0,0
96486249,0,0,0
96497829,0,0,0
96511883,0,0,0
96524967,0,0,0
96537475,0,0,0
96548494,0,0,0
96562551,0,0,0
96576034,0,0,0
96588500,0,0,0
96600990,0,0,0
96615083,0,0,0
96624100,0,0,0
96637916,0,0,0
96650104,0,0,0
96661886,0,0,0
96673067,0,0,0
96683806,0,0,0
96697757,0,0,0
96708863,0,0,0
96727356,0,0,0
96740674,0,0,0
96754773,0,0,0
96764876,0,0,0
96778000,0,0,0
96788624,0,0,0
96802981,0,0,0
96815192,0,0,0
96824637,0,0,0
96835595,0,0,0
96848097,0,0,0
96860755,0,0,0
96873715,0,0,0
96885944,0,0,0
96898873,0,0,0
96911052,0,0,0
96922612,0,0,0
96935210,0,0,0
96949460,0,0,0
96964368,0,0,0
96974715,0,0,0
96989560,0,0,0
97000683,0,0,0
97011720,0,0,0
97024931,0,0,0
97036582,0,0,0
97050062,0,0,0
97064083,0,0,0
97076119,0,0,0
97089926,0,0,0
97102908,0,0,0
97116200,0,0,0
97129479,0,0,0
97142490,0,0,0
97157829,0,0,0
97168627,0,0,0
97179162,0,0,0
97190170,0,0,0
97204281,0,0,0
97219120,0,0,0
97235396,0,0,0
97246618,0,0,0
97260555,0,0,0
97274829,0,0,0
97287093,0,0,0
97299486,0,0,0
97313556,0,0,0
97325883,0,0,0
97340509,0,0,0
97355257,0,0,0
97369369,0,0,0
97385094,0,0,0
97397684,0,0,0
97411631,0,0,0
97424319,0,0,0
97434804,0,0,0
97447236,0,0,0
97463211,0,0,0
97474637,0,0,0
97494689,0,0,0
97506456,0,0,0
97517947,0,0,0
97533514,0,0,0
97546506,0,0,0
97563207,0,0,0
97577716,0,0,0
97593522,0,0,0
97605993,0,0,0
97617813,0,0,0
97631497,0,0,0
97642376,0,0,0
97655199,0,0,0
97667607,0,0,0
97682807,0,0,0
97694550,0,0,0
97705691,0,0,0
97719018,0,0,0
97729767,0,0,0
97740594,0,0,0
97751239,0,0,0
97763916,0,0,0
97776953,0,0,0
97790505,0,0,0
97807409,0,0,0
97819383,0,0,0
97834396,0,0,0
97850877,0,0,0
97862796,0,0,0
97874392,0,0,0
97888065,0,0,0
97900315,0,0,0
97911155,0,0,0
97921723,0,0,0
97935304,0,0,0
97948395,0,0,0
97963512,0,0,0
97978719,0,0,0
97988184,0,0,0
98002485,0,0,0
98013526,0,0,0
98025612,0,0,0
98035660,0,0,0
98046538,0,0,0
98059985,0,0,0
98073950,0,0,0
98086645,0,0,0
98099583,0,0,0
98113719,0,0,0
98124743,0,0,0
98142070,0,0,0
98153398,0,0,0
98166862,0,0,0
98176544,0,0,0
98190471,0,0,0
98206327,0,0,0
98218417,0,0,0
98231669,0,0,0
98245184,0,0,0
98256975,0,0,0
98268492,0,0,0
98279882,0,0,0
98292188,0,0,0
98304509,0,0,0
98315226,0,0,0
98325828,0,0,0
98339277,0,0,0
98355433,0,0,0
98369700,0,0,0
98382555,0,0,0
98397083,0,0,0
98411726,0,0,0
98423722,0,0,0
98439056,0,0,0
98451761,0,0,0
98463079,0,0,0
98475708,0,0,0
98492098,0,0,0
98506144,0,0,0
98521225,0,0,0
98534929,0,0,0
98550012,0,0,0
98563923,0,0,0
98578079,0,0,0
98591184,0,0,0
98604672,0,0,0
98618043,0,0,0
98629122,0,0,0
98641494,0,0,0
98653018,0,0,0
98666314,0,0,0
98680927,0,0,0
98693762,0,0,0
98705971,0,0,0
98717337,0,0,0
98729884,0,0,0
98742837,0,0,0
98758296,0,0,0
98769197,0,0,0
98783496,0,0,0
98797133,0,0,0
98811277,0,0,0
98824272,0,0,0
98840444,0,0,0
98860414,0,0,0
98873897,0,0,0
98887114,0,0,0
98896649,0,0,0
98909490,0,0,0
98920543,0,0,0
98935075,0,0,0
98947976,0,0,0
98962270,0,0,0
98975192,0,0,0
98988424,0,0,0
98997985,0,0,0
99011004,0,0,0
99020641,0,0,0
99031168,0,0,0
99044069,0,0,0
99054557,0,0,0
99066193,0,0,0
99076461,0,0,0
99087476,0,0,0
99100787,0,0,0
99116397,0,0,0
99131073,0,0,0
99143035,0,0,0
99156804,0,0,0
99167824,0,0,0
99179770,0,0,0
99195402,0,0,0
99206792,0,0,0
99217188,0,0,0
99230482,0,0,0
99243143,0,0,0
99253574,0,0,0
99270970,0,0,0
99287445,0,0,0
99299648,0,0,0
99313101,0,0,0
99326554,0,0,0
99337504,0,0,0
99350176,0,0,0
99361361,0,0,0
99374831,0,0,0
99389433,0,0,0
99401269,0,0,0
99414263,0,0,0
99425354,0,0,0
99439491,0,0,0
99450834,0,0,0
99463081,0,0,0
99479896,0,0,0
99494457,0,0,0
99507741,0,0,0
99522379,0,0,0
99533328,0,0,0
99544896,0,0,0
99556472,0,0,0
99567692,0,0,0
99576297,0,0,0
99588330,0,0,0
99598697,0,0,0
99614306,0,0,0
99626379,0,0,0
99642421,0,0,0
99659275,0,0,0
99670712,0,0,0
99683551,0,0,0
99697756,0,0,0
99714216,0,0,0
99728168,0,0,0
99742634,0,0,0
99753280,0,0,0
99765215,0,0,0
99776390,0,0,0
99787656,0,0,0
99799232,0,0,0
99813454,0,0,0
99826246,0,0,0
99839886,0,0,0
99852611,0,0,0
99871035,0,0,0
99885994,0,0,0
99899695,0,0,0
99914276,0,0,0
99929647,0,0,0
99940401,0,0,0
99952396,0,0,0
99965980,0,0,0
99983233,0,0,0
99993838,0,0,0
100008123,0,0,0
100022295,0,0,0
100034741,0,0,0
100045899,0,0,0
100059458,0,0,0
100073203,0,0,0
100090938,0,0,0
100100462,0,0,0
100111953,0,0,0
100129046,0,0,0
100142317,0,0,0
100160227,0,0,0
100172112,0,0,0
100188001,0,0,0
100200460,0,0,0
100214750,0,0,0
100228490,0,0,0
100245240,0,0,0
100255331,0,0,0
100272371,0,0,0
100286198,0,0,0
100301108,0,0,0
100312717,0,0,0
100325317,0,0,0
100336173,0,0,0
100348262,0,0,0
100361780,0,0,0
100379157,0,0,0
100393141,0,0,0
100403817,0,0,0
100417360,0,0,0
100430098,0,0,0
100447417,0,0,0
100463433,0,0,0
100472939,0,0,0
100484287,0,0,0
100497171,0,0,0
100510355,0,0,0
100525232,0,0,0
100536927,0,0,0
100548765,0,0,0
100558520,0,0,0
100574387,0,0,0
100588804,0,0,0
100602257,0,0,0
100613425,0,0,0
100626763,0,0,0
100638454,0,0,0
100649141,0,0,0
100659331,0,0,0
100672249,0,0,0
100685342,0,0,0
100698203,0,0,0
100710339,0,0,0
100723224,0,0,0
100732544,0,0,0
100745666,0,0,0
100756504,0,0,0
100767168,0,0,0
100781081,0,0,0
100793471,0,0,0
100807459,0,0,0
100819252,0,0,0
100831991,0,0,0
100844984,0,0,0
100858953,0,0,0
100872115,0,0,0
100890534,0,0,0
100899198,0,0,0
100912152,0,0,0
100923095,0,0,0
100937324,0,0,0
100952778,0,0,0
100967963,0,0,0
100977857,0,0,0
100989012,0,0,0
100999937,0,0,0
101013112,0,0,0
101023426,0,0,0
101036028,0,0,0
101051371,0,0,0
101063943,0,0,0
101074186,0,0,0
101087551,0,0,0
101101658,0,0,0
101116274,0,0,0
101126787,0,0,0
101139051,0,0,0
101153670,0,0,0
101165198,0,0,0
101176315,0,0,0
101188180,0,0,0
101201117,0,0,0
101215696,0,0,0
101235424,0,0,0
101248263,0,0,0
101264925,0,0,0
791208,0,0,0
791391,0,0,0
791492,0,0,0
791603,0,0,0
791716,0,0,0
3255571715,0,0,0
336336239,0,0,0
792022,0,0,0
792157,0,0,0
369891030,0,0,0
792398,0,0,0
792495,0,0,0
792580,0,0,0
792714,0,0,0
792811,0,0,0
792907,0,0,0
793011,0,0,0
3087800844,0,0,0
793224,0,0,0
3758889743,0,0,0
793482,0,0,0
793579,0,0,0
793655,0,0,0
470555815,0,0,0
793856,0,0,0
793990,0,0,0
1410080264,0,0,0
504110724,0,0,0
794371,0,0,0
794476,0,0,0
504111039,0,0,0
794669,0,0,0
794796,0,0,0
537665805,0,0,0
795004,0,0,0
795110,0,0,0
2517377591,0,0,0
795282,0,0,0
795428,0,0,0
571220870,0,0,0
795646,0,0,0
795776,0,0,0
795894,0,0,0
604775776,0,0,0
796115,0,0,0
796236,0,0,0
638330539,0,0,0
796449,0,0,0
796580,0,0,0
796699,0,0,0
671885425,0,0,0
796926,0,0,0
797042,0,0,0
671885772,0,0,0
797240,0,0,0
797420,0,0,0
1342974847,0,0,0
738995277,0,0,0
797997,0,0,0
798169,0,0,0
798338,0,0,0
772550467,0,0,0
772550632,0,0,0
806105207,0,0,0
798944,0,0,0
799046,0,0,0
403452317,0,0,0
799237,0,0,0
799342,0,0,0
799431,0,0,0
799515,0,0,0
4161549157,0,0,0
799730,0,0,0
799839,0,0,0
873215158,0,0,0
800023,0,0,0
800149,0,0,0
800248,0,0,0
800344,0,0,0
800440,0,0,0
800509,0,0,0
800594,0,0,0
1946957732,0,0,0
800766,0,0,0
800897,0,0,0
801005,0,0,0
801102,0,0,0
801196,0,0,0
801309,0,0,0
801397,0,0,0
801504,0,0,0
973880125,0,0,0
801695,0,0,0
801810,0,0,0
1007434860,0,0,0
802007,0,0,0
802101,0,0,0
1745632660,0,0,0
802286,0,0,0
802415,0,0,0
802508,0,0,0
802598,0,0,0
802708,0,0,0
802810,0,0,0
802902,0,0,0
802977,0,0,0
803081,0,0,0
803170,0,0,0
1074545070,0,0,0
803329,0,0,0
803452,0,0,0
1946960590,0,0,0
803641,0,0,0
803765,0,0,0
1108100101,0,0,0
803945,0,0,0
804046,0,0,0
804124,0,0,0
804219,0,0,0
804302,0,0,0
804394,0,0,0
804475,0,0,0
1946961635,0,0,0
804679,0,0,0
804778,0,0,0
1208764430,0,0,0
804974,0,0,0
805114,0,0,0
805219,0,0,0
805291,0,0,0
805389,0,0,0
1242319459,0,0,0
805559,0,0,0
805691,0,0,0
805767,0,0,0
805850,0,0,0
805938,0,0,0
806024,0,0,0
806126,0,0,0
3389803831,0,0,0
806314,0,0,0
806430,0,0,0
806507,0,0,0
806585,0,0,0
806687,0,0,0
1309429647,0,0,0
806888,0,0,0
807001,0,0,0
807081,0,0,0
807157,0,0,0
807238,0,0,0
807334,0,0,0
807417,0,0,0
3691795009,0,0,0
807596,0,0,0
807699,0,0,0
1376539515,0,0,0
807902,0,0,0
808027,0,0,0
808121,0,0,0
808201,0,0,0
808294,0,0,0
1410094526,0,0,0
808470,0,0,0
808578,0,0,0
808664,0,0,0
808747,0,0,0
808823,0,0,0
808909,0,0,0
808988,0,0,0
369907818,0,0,0
809148,0,0,0
809270,0,0,0
1477204349,0,0,0
809451,0,0,0
809572,0,0,0
809653,0,0,0
809745,0,0,0
809823,0,0,0
571235270,0,0,0
810033,0,0,0
810150,0,0,0
810232,0,0,0
2819382621,0,0,0
810432,0,0,0
810522,0,0,0
810619,0,0,0
810702,0,0,0
810793,0,0,0
810865,0,0,0
810959,0,0,0
811034,0,0,0
811112,0,0,0
811210,0,0,0
1745641764,0,0,0
811402,0,0,0
811520,0,0,0
811609,0,0,0
811684,0,0,0
811771,0,0,0
811867,0,0,0
812000,0,0,0
812112,0,0,0
812239,0,0,0
812351,0,0,0
812457,0,0,0
812549,0,0,0
812633,0,0,0
812709,0,0,0
812774,0,0,0
812910,0,0,0
813047,0,0,0
813132,0,0,0
813216,0,0,0
813329,0,0,0
813427,0,0,0
813518,0,0,0
813642,0,0,0
973892271,0,0,0
813872,0,0,0
813997,0,0,0
814072,0,0,0
814172,0,0,0
814315,0,0,0
814460,0,0,0
814583,0,0,0
814727,0,0,0
814846,0,0,0
814948,0,0,0
815104,0,0,0
815214,0,0,0
815303,0,0,0
815381,0,0,0
815485,0,0,0
815621,0,0,0
815728,0,0,0
815795,0,0,0
815916,0,0,0
816024,0,0,0
816180,0,0,0
816316,0,0,0
816463,0,0,0
816561,0,0,0
816659,0,0,0
816754,0,0,0
816875,0,0,0
816992,0,0,0
817135,0,0,0
817288,0,0,0
817426,0,0,0
817558,0,0,0
2047638071,0,0,0
873233140,0,0,0
818094,0,0,0
2081193178,0,0,0
202145118,0,0,0
2081193425,0,0,0
818751,0,0,0
818858,0,0,0
818965,0,0,0
819069,0,0,0
2114748377,0,0,0
2047639624,0,0,0
819362,0,0,0
819464,0,0,0
819615,0,0,0
819731,0,0,0
819866,0,0,0
819984,0,0,0
820090,0,0,0
820317,0,0,0
820574,0,0,0
2248967729,0,0,0
820955,0,0,0
821118,0,0,0
821206,0,0,0
821340,0,0,0
821448,0,0,0
821523,0,0,0
821596,0,0,0
821752,0,0,0
821837,0,0,0
168594200,0,0,0
3557592001,0,0,0
822360,0,0,0
822480,0,0,0
822611,0,0,0
822709,0,0,0
822802,0,0,0
822869,0,0,0
823014,0,0,0
823105,0,0,0
823191,0,0,0
823278,0,0,0
823371,0,0,0
823589,0,0,0
823737,0,0,0
823861,0,0,0
823988,0,0,0
824114,0,0,0
824284,0,0,0
824440,0,0,0
824546,0,0,0
824617,0,0,0
824681,0,0,0
824754,0,0,0
824857,0,0,0
824946,0,0,0
825035,0,0,0
825118,0,0,0
825195,0,0,0
825279,0,0,0
825351,0,0,0
825432,0,0,0
3658258615,0,0,0
825631,0,0,0
825722,0,0,0
825800,0,0,0
825881,0,0,0
825959,0,0,0
826054,0,0,0
826148,0,0,0
826239,0,0,0
826319,0,0,0
826414,0,0,0
826494,0,0,0
826580,0,0,0
826679,0,0,0
826754,0,0,0
826897,0,0,0
826966,0,0,0
827053,0,0,0
827138,0,0,0
827240,0,0,0
827323,0,0,0
827397,0,0,0
2685182039,0,0,0
827582,0,0,0
827691,0,0,0
827785,0,0,0
827876,0,0,0
827965,0,0,0
828059,0,0,0
828148,0,0,0
828243,0,0,0
828359,0,0,0
828438,0,0,0
828522,0,0,0
828607,0,0,0
828684,0,0,0
828755,0,0,0
828831,0,0,0
828911,0,0,0
829026,0,0,0
829123,0,0,0
829221,0,0,0
829305,0,0,0
829381,0,0,0
829459,0,0,0
829552,0,0,0
829624,0,0,0
829694,0,0,0
829783,0,0,0
829885,0,0,0
829985,0,0,0
3524045434,0,0,0
830174,0,0,0
830266,0,0,0
830342,0,0,0
830431,0,0,0
830516,0,0,0
830605,0,0,0
830680,0,0,0
830752,0,0,0
830875,0,0,0
830980,0,0,0
831078,0,0,0
831165,0,0,0
831253,0,0,0
831374,0,0,0
831496,0,0,0
831573,0,0,0
831649,0,0,0
831736,0,0,0
831825,0,0,0
831905,0,0,0
1443672601,0,0,0
832136,0,0,0
2987176744,0,0,0
832393,0,0,0
832483,0,0,0
832591,0,0,0
832695,0,0,0
806139170,0,0,0
832917,0,0,0
833002,0,0,0
833114,0,0,0
833190,0,0,0
3054286617,0,0,0
833412,0,0,0
3054286811,0,0,0
833661,0,0,0
3087841495,0,0,0
1141684581,0,0,0
3087841729,0,0,0
834115,0,0,0
834210,0,0,0
834291,0,0,0
834390,0,0,0
3121396673,0,0,0
834612,0,0,0
834746,0,0,0
834844,0,0,0
3154951573,0,0,0
835090,0,0,0
835208,0,0,0
835292,0,0,0
835372,0,0,0
1678557085,0,0,0
835617,0,0,0
3222061195,0,0,0
835877,0,0,0
836002,0,0,0
836105,0,0,0
3255616095,0,0,0
836300,0,0,0
836398,0,0,0
836524,0,0,0
836627,0,0,0
836737,0,0,0
836821,0,0,0
3725378864,0,0,0
4262249911,0,0,0
837126,0,0,0
837219,0,0,0
837316,0,0,0
269272883,0,0,0
1242351520,0,0,0
837660,0,0,0
837773,0,0,0
837858,0,0,0
837945,0,0,0
838046,0,0,0
838142,0,0,0
1108134503,0,0,0
3389836013,0,0,0
838509,0,0,0
838638,0,0,0
838723,0,0,0
2752302256,0,0,0
4228697364,0,0,0
839049,0,0,0
839168,0,0,0
3456945775,0,0,0
2953629410,0,0,0
839507,0,0,0
839630,0,0,0
839730,0,0,0
839832,0,0,0
839934,0,0,0
3691827555,0,0,0
840148,0,0,0
840306,0,0,0
403493592,0,0,0
840500,0,0,0
168612816,0,0,0
3557610548,0,0,0
973919392,0,0,0
1779225909,0,0,0
841126,0,0,0
1980552742,0,0,0
841377,0,0,0
841493,0,0,0
841618,0,0,0
3624720392,0,0,0
3624720486,0,0,0
841914,0,0,0
842010,0,0,0
842098,0,0,0
842199,0,0,0
2248989284,0,0,0
3658275535,0,0,0
1913445183,0,0,0
3658275780,0,0,0
2618088496,0,0,0
842886,0,0,0
843009,0,0,0
843101,0,0,0
843178,0,0,0
843316,0,0,0
843430,0,0,0
772595457,0,0,0
3725385588,0,0,0
705486833,0,0,0
705486940,0,0,0
843948,0,0,0
844062,0,0,0
844148,0,0,0
844258,0,0,0
844370,0,0,0
3054297791,0,0,0
1980556072,0,0,0
844714,0,0,0
844833,0,0,0
1007477949,0,0,0
3826050376,0,0,0
845232,0,0,0
845382,0,0,0
845506,0,0,0
845640,0,0,0
845753,0,0,0
845838,0,0,0
845948,0,0,0
3893160213,0,0,0
846227,0,0,0
846342,0,0,0
846480,0,0,0
846610,0,0,0
3926715295,0,0,0
846862,0,0,0
846970,0,0,0
847065,0,0,0
847155,0,0,0
847268,0,0,0
2450320935,0,0,0
2014113417,0,0,0
3993825034,0,0,0
3993825128,0,0,0
2752311237,0,0,0
4027379830,0,0,0
848082,0,0,0
848231,0,0,0
848355,0,0,0
848473,0,0,0
848563,0,0,0
4060934928,0,0,0
1410134927,0,0,0
4094489628,0,0,0
849040,0,0,0
1879897356,0,0,0
849294,0,0,0
849425,0,0,0
849555,0,0,0
849681,0,0,0
849772,0,0,0
849877,0,0,0
849983,0,0,0
850124,0,0,0
850188,0,0,0
3255630200,0,0,0
850380,0,0,0
4195154523,0,0,0
850640,0,0,0
4195154779,0,0,0
850926,0,0,0
851044,0,0,0
851162,0,0,0
851267,0,0,0
851365,0,0,0
1007484465,0,0,0
851613,0,0,0
851750,0,0,0
851842,0,0,0
4262264810,0,0,0
852049,0,0,0
852155,0,0,0
2852978984,0,0,0
671941035,0,0,0
852522,0,0,0
34407060,0,0,0
2316108522,0,0,0
852840,0,0,0
852965,0,0,0
853045,0,0,0
853148,0,0,0
135924271,0,0,0
1706771,0,0,0
1706941,0,0,0
1707207,0,0,0
2149191077,0,0,0
1707618,0,0,0
1707872,0,0,0
1708027,0,0,0
1880756400,0,0,0
2887389618,0,0,0
1410994838,0,0,0
270144422,0,0,0
1709244,0,0,0
1709529,0,0,0
337254142,0,0,0
404363236,0,0,0
2283411655,0,0,0
2216303018,0,0,0
1710780,0,0,0
1710964,0,0,0
1711158,0,0,0
1947868425,0,0,0
1711568,0,0,0
68820722,0,0,0
2417631162,0,0,0
2753175718,0,0,0
3491373444,0,0,0
1746543211,0,0,0
2484740930,0,0,0
807019576,0,0,0
605693239,0,0,0
1713651,0,0,0
1713963,0,0,0
1714106,0,0,0
3759810773,0,0,0
1714640,0,0,0
672803536,0,0,0
3961138105,0,0,0
1715339,0,0,0
3021614431,0,0,0
135933511,0,0,0
1715962,0,0,0
4095356957,0,0,0
672805104,0,0,0
1716649,0,0,0
1716858,0,0,0
1717141,0,0,0
1717305,0,0,0
1717516,0,0,0
1717675,0,0,0
1717942,0,0,0
1718161,0,0,0
1718383,0,0,0
1718629,0,0,0
1718841,0,0,0
807025474,0,0,0
1719330,0,0,0
1719514,0,0,0
1719698,0,0,0
1719873,0,0,0
1720119,0,0,0
1720354,0,0,0
1720565,0,0,0
1720774,0,0,0
1720988,0,0,0
1721164,0,0,0
1880769588,0,0,0
1721653,0,0,0
3558491761,0,0,0
1722202,0,0,0
1722466,0,0,0
1722664,0,0,0
1722881,0,0,0
1723104,0,0,0
1723249,0,0,0
1723432,0,0,0
1723675,0,0,0
1723856,0,0,0
1724069,0,0,0
1724240,0,0,0
1724432,0,0,0
1724698,0,0,0
1724908,0,0,0
1725122,0,0,0
1725325,0,0,0
1725505,0,0,0
1725731,0,0,0
1725943,0,0,0
1726146,0,0,0
1726350,0,0,0
1726544,0,0,0
1726711,0,0,0
1726891,0,0,0
1727094,0,0,0
1727242,0,0,0
1727457,0,0,0
605707416,0,0,0
1727818,0,0,0
1728160,0,0,0
1728342,0,0,0
3692716070,0,0,0
1728740,0,0,0
1728935,0,0,0
1729172,0,0,0
1729363,0,0,0
2283431019,0,0,0
337274143,0,0,0
1730072,0,0,0
1730277,0,0,0
1730444,0,0,0
1730646,0,0,0
1730849,0,0,0
1731042,0,0,0
1731203,0,0,0
1731463,0,0,0
1731672,0,0,0
203058463,0,0,0
1732114,0,0,0
1732350,0,0,0
1732519,0,0,0
1732712,0,0,0
1733018,0,0,0
1733219,0,0,0
1733502,0,0,0
1733652,0,0,0
1733883,0,0,0
1734130,0,0,0
672822946,0,0,0
1679456124,0,0,0
1734737,0,0,0
3961158001,0,0,0
1735249,0,0,0
1735513,0,0,0
1735800,0,0,0
1735959,0,0,0
1736193,0,0,0
1736424,0,0,0
1736626,0,0,0
1736827,0,0,0
1737021,0,0,0
1737227,0,0,0
2149221038,0,0,0
1737570,0,0,0
1737803,0,0,0
2350548228,0,0,0
1738244,0,0,0
1738463,0,0,0
1738610,0,0,0
1738804,0,0,0
1739006,0,0,0
1739229,0,0,0
1739396,0,0,0
1739600,0,0,0
1739862,0,0,0
1740021,0,0,0
1740242,0,0,0
1740388,0,0,0
1740660,0,0,0
1740800,0,0,0
2417660100,0,0,0
1741360,0,0,0
1741628,0,0,0
1741844,0,0,0
1742091,0,0,0
1742252,0,0,0
1742420,0,0,0
1742636,0,0,0
2548270113,0,0,0
1743056,0,0,0
1743311,0,0,0
1743526,0,0,0
1743719,0,0,0
1743910,0,0,0
1744194,0,0,0
1744326,0,0,0
1744497,0,0,0
1744703,0,0,0
1744907,0,0,0
1745093,0,0,0
1745303,0,0,0
1745521,0,0,0
1745689,0,0,0
1745888,0,0,0
1746084,0,0,0
1746256,0,0,0
1746469,0,0,0
1746655,0,0,0
1746834,0,0,0
1747010,0,0,0
1747182,0,0,0
1747369,0,0,0
1747590,0,0,0
1747817,0,0,0
1748023,0,0,0
1748237,0,0,0
1748411,0,0,0
1748589,0,0,0
1748752,0,0,0
1748899,0,0,0
1749083,0,0,0
1749302,0,0,0
1749476,0,0,0
1749686,0,0,0
1749851,0,0,0
1750036,0,0,0
1750238,0,0,0
1750396,0,0,0
1750594,0,0,0
1750769,0,0,0
1750951,0,0,0
1751155,0,0,0
1751358,0,0,0
1751521,0,0,0
1751752,0,0,0
1751925,0,0,0
1752130,0,0,0
1752301,0,0,0
1752460,0,0,0
1752693,0,0,0
1752889,0,0,0
1753057,0,0,0
1753261,0,0,0
1753434,0,0,0
1753669,0,0,0
1753856,0,0,0
1754112,0,0,0
1754290,0,0,0
1754500,0,0,0
1754695,0,0,0
1754839,0,0,0
1755006,0,0,0
1755236,0,0,0
1755428,0,0,0
1755699,0,0,0
1755906,0,0,0
3357199292,0,0,0
1756340,0,0,0
1756646,0,0,0
1756835,0,0,0
1757020,0,0,0
1757232,0,0,0
1757432,0,0,0
3357200847,0,0,0
1757863,0,0,0
1758096,0,0,0
1758345,0,0,0
1758560,0,0,0
1758781,0,0,0
1758970,0,0,0
1759146,0,0,0
1759300,0,0,0
1759576,0,0,0
1759729,0,0,0
1759912,0,0,0
1760076,0,0,0
1760263,0,0,0
1760476,0,0,0
1760656,0,0,0
1760800,0,0,0
1760968,0,0,0
1761189,0,0,0
1761372,0,0,0
1761579,0,0,0
1761839,0,0,0
1762073,0,0,0
1762268,0,0,0
1762480,0,0,0
1762639,0,0,0
1762808,0,0,0
1762995,0,0,0
1763226,0,0,0
1763451,0,0,0
1763677,0,0,0
1763906,0,0,0
1764123,0,0,0
1764284,0,0,0
1764470,0,0,0
1764702,0,0,0
1764871,0,0,0
1765100,0,0,0
1765297,0,0,0
1765478,0,0,0
1765707,0,0,0
1765906,0,0,0
1766130,0,0,0
1766384,0,0,0
1766632,0,0,0
1766777,0,0,0
1767034,0,0,0
1767206,0,0,0
1767499,0,0,0
1767698,0,0,0
1767876,0,0,0
1768063,0,0,0
1768255,0,0,0
1768464,0,0,0
1768653,0,0,0
1768897,0,0,0
1769082,0,0,0
1769291,0,0,0
1769465,0,0,0
1769637,0,0,0
1769871,0,0,0
672858691,0,0,0
1770241,0,0,0
1770498,0,0,0
1770703,0,0,0
1771034,0,0,0
1771217,0,0,0
1771393,0,0,0
1771571,0,0,0
1771748,0,0,0
1771939,0,0,0
1772155,0,0,0
1772335,0,0,0
1772528,0,0,0
1772763,0,0,0
1772987,0,0,0
203099768,0,0,0
3826978684,0,0,0
1773597,0,0,0
1773853,0,0,0
1880822235,0,0,0
1774231,0,0,0
1774434,0,0,0
1774673,0,0,0
1774929,0,0,0
1775083,0,0,0
1775336,0,0,0
1775516,0,0,0
1775715,0,0,0
1775923,0,0,0
1776104,0,0,0
270211744,0,0,0
1776480,0,0,0
1776726,0,0,0
1776950,0,0,0
1777118,0,0,0
1777333,0,0,0
1777529,0,0,0
1777723,0,0,0
538648824,0,0,0
1778156,0,0,0
1778416,0,0,0
1778695,0,0,0
1778937,0,0,0
1779165,0,0,0
1813718729,0,0,0
1779744,0,0,0
1780059,0,0,0
1780265,0,0,0
4229638977,0,0,0
1780814,0,0,0
1781139,0,0,0
1781334,0,0,0
1781809,0,0,0
1781964,0,0,0
1782162,0,0,0
3491443285,0,0,0
1209742123,0,0,0
1782775,0,0,0
1782958,0,0,0
1783135,0,0,0
1783285,0,0,0
3894097630,0,0,0
4095424392,0,0,0
4229642362,0,0,0
1784099,0,0,0
1784316,0,0,0
1784491,0,0,0
1784664,0,0,0
1784800,0,0,0
1785002,0,0,0
1785253,0,0,0
1785439,0,0,0
1785636,0,0,0
1785821,0,0,0
1785980,0,0,0
1786139,0,0,0
1786302,0,0,0
1786470,0,0,0
2686141203,0,0,0
1786850,0,0,0
1787027,0,0,0
1787261,0,0,0
1787423,0,0,0
1787598,0,0,0
1679509360,0,0,0
203114604,0,0,0
1142638890,0,0,0
1788419,0,0,0
1209748241,0,0,0
1276857310,0,0,0
2015054991,0,0,0
1789279,0,0,0
1789467,0,0,0
1789630,0,0,0
1789799,0,0,0
1789972,0,0,0
1790148,0,0,0
1790352,0,0,0
1790522,0,0,0
1790694,0,0,0
1790850,0,0,0
1790987,0,0,0
1791193,0,0,0
1791373,0,0,0
1791534,0,0,0
1791690,0,0,0
4229650325,0,0,0
1478187142,0,0,0
3088800067,0,0,0
1411078674,0,0,0
1792728,0,0,0
1792912,0,0,0
1793056,0,0,0
1793228,0,0,0
1793368,0,0,0
1947950686,0,0,0
1793839,0,0,0
1794030,0,0,0
1794238,0,0,0
1794452,0,0,0
1794597,0,0,0
1612407500,0,0,0
2149278614,0,0,0
1795183,0,0,0
1795362,0,0,0
1795543,0,0,0
1795703,0,0,0
1795833,0,0,0
1796025,0,0,0
1796179,0,0,0
2686150916,0,0,0
1746627006,0,0,0
1343974060,0,0,0
2216389492,0,0,0
1797176,0,0,0
1797385,0,0,0
1797554,0,0,0
1797706,0,0,0
1797848,0,0,0
1798008,0,0,0
1798230,0,0,0
1798377,0,0,0
1798566,0,0,0
1798717,0,0,0
1798870,0,0,0
1799057,0,0,0
3827004461,0,0,0
1343976726,0,0,0
1799669,0,0,0
2954589877,0,0,0
1800025,0,0,0
1800236,0,0,0
1800415,0,0,0
1800583,0,0,0
2015066680,0,0,0
404454122,0,0,0
4095441862,0,0,0
1801343,0,0,0
1801570,0,0,0
1801755,0,0,0
1801990,0,0,0
1802147,0,0,0
1802316,0,0,0
1802464,0,0,0
1802650,0,0,0
1802811,0,0,0
1802996,0,0,0
1803154,0,0,0
404456512,0,0,0
3827008819,0,0,0
2015069701,0,0,0
1804010,0,0,0
1804264,0,0,0
2283505803,0,0,0
1679526259,0,0,0
1804849,0,0,0
3088812800,0,0,0
1805223,0,0,0
1805447,0,0,0
1805627,0,0,0
1805787,0,0,0
1805941,0,0,0
1806093,0,0,0
1806265,0,0,0
1806458,0,0,0
1806637,0,0,0
807113160,0,0,0
4229665415,0,0,0
1807173,0,0,0
1807385,0,0,0
1807539,0,0,0
1807692,0,0,0
2283509268,0,0,0
1808065,0,0,0
1808260,0,0,0
1808430,0,0,0
1808589,0,0,0
2551945576,0,0,0
1808940,0,0,0
1809162,0,0,0
1809315,0,0,0
1809479,0,0,0
1809682,0,0,0
1809847,0,0,0
1810011,0,0,0
1810160,0,0,0
1810322,0,0,0
2686165041,0,0,0
1810663,0,0,0
1810865,0,0,0
1811035,0,0,0
1811181,0,0,0
1811337,0,0,0
1811499,0,0,0
1811667,0,0,0
1811856,0,0,0
4229670478,0,0,0
1812229,0,0,0
3961235416,0,0,0
1812653,0,0,0
1812808,0,0,0
1812952,0,0,0
1813124,0,0,0
1813286,0,0,0
1813471,0,0,0
1813641,0,0,0
1813785,0,0,0
1142664624,0,0,0
1814149,0,0,0
740011870,0,0,0
1814550,0,0,0
1814832,0,0,0
2484842988,0,0,0
4229673653,0,0,0
2551952303,0,0,0
2686170241,0,0,0
605795704,0,0,0
1816110,0,0,0
1816319,0,0,0
3491477409,0,0,0
3491477635,0,0,0
1816895,0,0,0
4229675570,0,0,0
1817356,0,0,0
2350627803,0,0,0
1817785,0,0,0
1817949,0,0,0
1818111,0,0,0
1818272,0,0,0
1818421,0,0,0
1818569,0,0,0
2686173318,0,0,0
2484846970,0,0,0
404472377,0,0,0
1819358,0,0,0
2753283015,0,0,0
740017313,0,0,0
2887501147,0,0,0
1820164,0,0,0
1820343,0,0,0
1820517,0,0,0
1820724,0,0,0
1820891,0,0,0
2686175612,0,0,0
1478216252,0,0,0
270256914,0,0,0
1075563507,0,0,0
1821909,0,0,0
2820394378,0,0,0
1822299,0,0,0
1822502,0,0,0
337366972,0,0,0
1822875,0,0,0
337367393,0,0,0
3558593075,0,0,0
2484851484,0,0,0
538694624,0,0,0
3625702567,0,0,0
1824094,0,0,0
1344001545,0,0,0
1824459,0,0,0
1824680,0,0,0
1824845,0,0,0
1824980,0,0,0
1825141,0,0,0
3088833055,0,0,0
1276893929,0,0,0
1825716,0,0,0
1825918,0,0,0
1826064,0,0,0
1826253,0,0,0
1826411,0,0,0
1826551,0,0,0
1826720,0,0,0
1826885,0,0,0
1827046,0,0,0
1827211,0,0,0
1827368,0,0,0
1827539,0,0,0
1827689,0,0,0
1827847,0,0,0
1828010,0,0,0
1828184,0,0,0
1828327,0,0,0
1828488,0,0,0
1828652,0,0,0
1828831,0,0,0
1828996,0,0,0
1829186,0,0,0
1829339,0,0,0
3357272732,0,0,0
1829711,0,0,0
1829953,0,0,0
1830125,0,0,0
2820402592,0,0,0
1830476,0,0,0
3290165009,0,0,0
1830851,0,0,0
1831046,0,0,0
1831216,0,0,0
1831362,0,0,0
1831545,0,0,0
1831725,0,0,0
1831873,0,0,0
3357275252,0,0,0
1832275,0,0,0
1832505,0,0,0
1832674,0,0,0
1832890,0,0,0
1833168,0,0,0
1833330,0,0,0
1833608,0,0,0
1833930,0,0,0
1612446995,0,0,0
1834496,0,0,0
1834851,0,0,0
1835002,0,0,0
1835212,0,0,0
1835421,0,0,0
1835584,0,0,0
1835774,0,0,0
1835939,0,0,0
1836091,0,0,0
1836305,0,0,0
1836458,0,0,0
1836691,0,0,0
1836885,0,0,0
1837055,0,0,0
1837232,0,0,0
1837410,0,0,0
1837571,0,0,0
3223063248,0,0,0
1838044,0,0,0
1838290,0,0,0
1838496,0,0,0
1838816,0,0,0
1839038,0,0,0
1839227,0,0,0
1839385,0,0,0
1839545,0,0,0
1839699,0,0,0
1839877,0,0,0
1840027,0,0,0
1840192,0,0,0
1840353,0,0,0
1840519,0,0,0
1840696,0,0,0
1840860,0,0,0
1841000,0,0,0
1841181,0,0,0
1841347,0,0,0
1841518,0,0,0
1841692,0,0,0
1841841,0,0,0
1842010,0,0,0
1842181,0,0,0
1842341,0,0,0
1842491,0,0,0
1842648,0,0,0
1842828,0,0,0
1842990,0,0,0
1843141,0,0,0
1843516,0,0,0
1843794,0,0,0
1844030,0,0,0
1844315,0,0,0
1844559,0,0,0
1844815,0,0,0
1845129,0,0,0
1845382,0,0,0
1845618,0,0,0
1845929,0,0,0
1846196,0,0,0
1846341,0,0,0
1846583,0,0,0
4095487613,0,0,0
1847253,0,0,0
1847787,0,0,0
1848082,0,0,0
1848419,0,0,0
1848586,0,0,0
1848825,0,0,0
1848982,0,0,0
1849174,0,0,0
1849359,0,0,0
1849513,0,0,0
1849810,0,0,0
1849952,0,0,0
1850304,0,0,0
1850446,0,0,0
1850593,0,0,0
1850757,0,0,0
1850900,0,0,0
1851062,0,0,0
1851191,0,0,0
1851337,0,0,0
1851483,0,0,0
1851635,0,0,0
1851780,0,0,0
1851916,0,0,0
1852061,0,0,0
1852296,0,0,0
1411138711,0,0,0
1852784,0,0,0
1853000,0,0,0
1853230,0,0,0
1853385,0,0,0
1853561,0,0,0
1853727,0,0,0
1853899,0,0,0
1854022,0,0,0
1854195,0,0,0
1854362,0,0,0
1854525,0,0,0
1854704,0,0,0
1854874,0,0,0
1855062,0,0,0
1855289,0,0,0
1855583,0,0,0
1855775,0,0,0
1855968,0,0,0
1856208,0,0,0
1856398,0,0,0
1856667,0,0,0
1856976,0,0,0
1857232,0,0,0
1857438,0,0,0
1857705,0,0,0
1857909,0,0,0
1858142,0,0,0
1858271,0,0,0
1858486,0,0,0
2753322119,0,0,0
1858881,0,0,0
1859103,0,0,0
1859280,0,0,0
1859426,0,0,0
1859595,0,0,0
1859810,0,0,0
1859952,0,0,0
1860157,0,0,0
1860350,0,0,0
1860525,0,0,0
1860701,0,0,0
1860864,0,0,0
1861053,0,0,0
1861237,0,0,0
1861380,0,0,0
1861549,0,0,0
1861732,0,0,0
1861909,0,0,0
1862073,0,0,0
1862265,0,0,0
1862429,0,0,0
1862587,0,0,0
1862739,0,0,0
1862927,0,0,0
1863119,0,0,0
1863275,0,0,0
1863423,0,0,0
1863602,0,0,0
1863859,0,0,0
1612476818,0,0,0
1864322,0,0,0
1864540,0,0,0
672953395,0,0,0
1864984,0,0,0
1865183,0,0,0
1865357,0,0,0
1865533,0,0,0
1865732,0,0,0
1865910,0,0,0
1866097,0,0,0
1866265,0,0,0
1866436,0,0,0
1866656,0,0,0
1866855,0,0,0
1867114,0,0,0
1867339,0,0,0
1867525,0,0,0
1867758,0,0,0
1867930,0,0,0
1868103,0,0,0
1868319,0,0,0
1868528,0,0,0
1868749,0,0,0
1868920,0,0,0
1869127,0,0,0
1869346,0,0,0
1869510,0,0,0
1869783,0,0,0
1869979,0,0,0
1870147,0,0,0
4162619948,0,0,0
1870690,0,0,0
1870896,0,0,0
1871123,0,0,0
1871281,0,0,0
1871478,0,0,0
1871734,0,0,0
1871893,0,0,0
1872064,0,0,0
1872237,0,0,0
1872412,0,0,0
1872600,0,0,0
1872794,0,0,0
1872964,0,0,0
1873107,0,0,0
1873355,0,0,0
1873545,0,0,0
1873759,0,0,0
1873964,0,0,0
1874226,0,0,0
1874424,0,0,0
1874640,0,0,0
1874871,0,0,0
3223100564,0,0,0
1875296,0,0,0
68984387,0,0,0
1875744,0,0,0
1875945,0,0,0
1876181,0,0,0
1876396,0,0,0
1876584,0,0,0
1876824,0,0,0
1877037,0,0,0
1877250,0,0,0
1877463,0,0,0
1877665,0,0,0
1877941,0,0,0
1878113,0,0,0
1878318,0,0,0
1878505,0,0,0
1878753,0,0,0
1878929,0,0,0
1879147,0,0,0
1879361,0,0,0
1879531,0,0,0
1879847,0,0,0
1880003,0,0,0
1880158,0,0,0
1880361,0,0,0
874295819,0,0,0
1880850,0,0,0
1881079,0,0,0
1881302,0,0,0
1881528,0,0,0
1881714,0,0,0
1881877,0,0,0
3155998757,0,0,0
1882434,0,0,0
1882677,0,0,0
874298200,0,0,0
1883159,0,0,0
2820455809,0,0,0
1883750,0,0,0
1883982,0,0,0
2283585576,0,0,0
3558654270,0,0,0
2753348186,0,0,0
1884950,0,0,0
1885152,0,0,0
1885368,0,0,0
1885625,0,0,0
4028417679,0,0,0
1886019,0,0,0
1886287,0,0,0
1886487,0,0,0
1886688,0,0,0
1886908,0,0,0
1887146,0,0,0
1887365,0,0,0
1887561,0,0,0
1887750,0,0,0
1887942,0,0,0
1888158,0,0,0
1888336,0,0,0
1888553,0,0,0
1888721,0,0,0
1888930,0,0,0
1889150,0,0,0
1889354,0,0,0
1889583,0,0,0
1679611433,0,0,0
1890045,0,0,0
1890270,0,0,0
1890494,0,0,0
3558660500,0,0,0
807197304,0,0,0
404544609,0,0,0
1891701,0,0,0
1892063,0,0,0
1892442,0,0,0
1892864,0,0,0
1893312,0,0,0
3827098859,0,0,0
2015159877,0,0,0
1894181,0,0,0
1894454,0,0,0
1894672,0,0,0
1894841,0,0,0
1895003,0,0,0
1895152,0,0,0
3424447413,0,0,0
2686250138,0,0,0
1895905,0,0,0
1896132,0,0,0
3759992731,0,0,0
1896637,0,0,0
1896867,0,0,0
1897027,0,0,0
1897229,0,0,0
1897393,0,0,0
1630304,0,0,0
1897810,0,0,0
1898008,0,0,0
1898171,0,0,0
1898325,0,0,0
1898494,0,0,0
1898675,0,0,0
1898847,0,0,0
1899009,0,0,0
1899167,0,0,0
1899394,0,0,0
1899571,0,0,0
1899730,0,0,0
4162649458,0,0,0
874315334,0,0,0
1900288,0,0,0
3424452560,0,0,0
1900692,0,0,0
2082275671,0,0,0
1813840434,0,0,0
1901316,0,0,0
1901501,0,0,0
1901687,0,0,0
1901870,0,0,0
1902041,0,0,0
1902224,0,0,0
1902396,0,0,0
3692890101,0,0,0
4028434598,0,0,0
1612515684,0,0,0
2820475449,0,0,0
2149386995,0,0,0
1903570,0,0,0
1903816,0,0,0
3558673792,0,0,0
1904228,0,0,0
1904412,0,0,0
1904600,0,0,0
1904880,0,0,0
1905068,0,0,0
4229763676,0,0,0
1905428,0,0,0
1905618,0,0,0
1905760,0,0,0
1905958,0,0,0
2216498629,0,0,0
740103849,0,0,0
1813845905,0,0,0
1813846048,0,0,0
1906892,0,0,0
1907076,0,0,0
1907285,0,0,0
3961330483,0,0,0
740105187,0,0,0
1907873,0,0,0
538778990,0,0,0
1908233,0,0,0
1908405,0,0,0
1908570,0,0,0
1908765,0,0,0
1908935,0,0,0
1909091,0,0,0
203235923,0,0,0
1909555,0,0,0
1909739,0,0,0
1909877,0,0,0
1910071,0,0,0
1910225,0,0,0
2350720649,0,0,0
1910621,0,0,0
1910797,0,0,0
1910942,0,0,0
1911120,0,0,0
1911322,0,0,0
1911496,0,0,0
1911682,0,0,0
1911881,0,0,0
1912074,0,0,0
1912233,0,0,0
1912407,0,0,0
1912588,0,0,0
1912771,0,0,0
1912954,0,0,0
1913150,0,0,0
1913319,0,0,0
1913492,0,0,0
1913647,0,0,0
1913827,0,0,0
1209873550,0,0,0
1914218,0,0,0
1914396,0,0,0
1344091878,0,0,0
3491575741,0,0,0
1914984,0,0,0
1915165,0,0,0
1915363,0,0,0
1209875080,0,0,0
3223141185,0,0,0
1915930,0,0,0
1916127,0,0,0
1916293,0,0,0
538787383,0,0,0
807223012,0,0,0
3021815762,0,0,0
1917055,0,0,0
1917225,0,0,0
1917393,0,0,0
1917559,0,0,0
1917716,0,0,0
1917884,0,0,0
1918067,0,0,0
1918256,0,0,0
1918425,0,0,0
3156035311,0,0,0
1918890,0,0,0
1919088,0,0,0
1919248,0,0,0
1919411,0,0,0
1919550,0,0,0
1919757,0,0,0
1919962,0,0,0
1920114,0,0,0
1920291,0,0,0
1920442,0,0,0
1920588,0,0,0
1920761,0,0,0
1920941,0,0,0
1921130,0,0,0
1921291,0,0,0
1921445,0,0,0
1921668,0,0,0
1921805,0,0,0
1921941,0,0,0
1922147,0,0,0
1922306,0,0,0
1922504,0,0,0
1922668,0,0,0
1922830,0,0,0
1922985,0,0,0
1923133,0,0,0
1923360,0,0,0
1923552,0,0,0
1923708,0,0,0
1923891,0,0,0
1924054,0,0,0
1924206,0,0,0
1924359,0,0,0
1924508,0,0,0
1924657,0,0,0
1924800,0,0,0
1924976,0,0,0
1925163,0,0,0
1925339,0,0,0
1925482,0,0,0
740123181,0,0,0
1925861,0,0,0
1926078,0,0,0
1926245,0,0,0
1926408,0,0,0
1926567,0,0,0
1926727,0,0,0
1926892,0,0,0
1927085,0,0,0
1927271,0,0,0
1927431,0,0,0
1927581,0,0,0
1927721,0,0,0
1927922,0,0,0
1928091,0,0,0
1928278,0,0,0
1928497,0,0,0
1928676,0,0,0
1928857,0,0,0
1929009,0,0,0
1929197,0,0,0
1929399,0,0,0
1929549,0,0,0
1929706,0,0,0
1929890,0,0,0
1930069,0,0,0
1930276,0,0,0
1930438,0,0,0
1930602,0,0,0
1930772,0,0,0
1930946,0,0,0
1931105,0,0,0
1931282,0,0,0
1931460,0,0,0
1931629,0,0,0
1931787,0,0,0
1931942,0,0,0
1932113,0,0,0
1932255,0,0,0
1932411,0,0,0
1932592,0,0,0
1932782,0,0,0
1932932,0,0,0
1933092,0,0,0
1933292,0,0,0
1933488,0,0,0
1933668,0,0,0
1933897,0,0,0
1934089,0,0,0
1934265,0,0,0
1934420,0,0,0
1934604,0,0,0
1934771,0,0,0
1934918,0,0,0
1935112,0,0,0
1935264,0,0,0
1935416,0,0,0
1935574,0,0,0
1935738,0,0,0
1936049,0,0,0
1936205,0,0,0
1936385,0,0,0
1936558,0,0,0
1936778,0,0,0
1936957,0,0,0
1937110,0,0,0
1937267,0,0,0
1937425,0,0,0
1937617,0,0,0
1937772,0,0,0
1937934,0,0,0
1938094,0,0,0
1938246,0,0,0
1938396,0,0,0
1938598,0,0,0
1938755,0,0,0
1938915,0,0,0
1939073,0,0,0
1939236,0,0,0
1939430,0,0,0
1939600,0,0,0
1939761,0,0,0
1939928,0,0,0
1940087,0,0,0
1940244,0,0,0
1940416,0,0,0
1940611,0,0,0
1940776,0,0,0
1940943,0,0,0
1941118,0,0,0
1941278,0,0,0
1941451,0,0,0
1941596,0,0,0
1941778,0,0,0
1941924,0,0,0
1942097,0,0,0
1942281,0,0,0
1942444,0,0,0
1942607,0,0,0
1942841,0,0,0
1942994,0,0,0
1943320,0,0,0
1943593,0,0,0
3491604832,0,0,0
1944224,0,0,0
1944436,0,0,0
1944825,0,0,0
1945020,0,0,0
1945213,0,0,0
1945429,0,0,0
1945621,0,0,0
1945813,0,0,0
1945978,0,0,0
1946172,0,0,0
1946354,0,0,0
1946549,0,0,0
1946712,0,0,0
1946934,0,0,0
1947121,0,0,0
1947286,0,0,0
1947479,0,0,0
1947641,0,0,0
1947789,0,0,0
1948001,0,0,0
1948180,0,0,0
1948355,0,0,0
1948530,0,0,0
1948715,0,0,0
1948946,0,0,0
1949133,0,0,0
1949314,0,0,0
1949568,0,0,0
1949934,0,0,0
1950110,0,0,0
1950332,0,0,0
1950533,0,0,0
1950731,0,0,0
1950943,0,0,0
1951132,0,0,0
1951312,0,0,0
1951500,0,0,0
1951676,0,0,0
1951858,0,0,0
1952052,0,0,0
1952253,0,0,0
1952450,0,0,0
1952676,0,0,0
1952922,0,0,0
1953102,0,0,0
1953303,0,0,0
1953506,0,0,0
136171486,0,0,0
2149437603,0,0,0
1954215,0,0,0
1954427,0,0,0
1954713,0,0,0
1955016,0,0,0
1955248,0,0,0
1955474,0,0,0
1955659,0,0,0
1955961,0,0,0
1956286,0,0,0
1956472,0,0,0
1956642,0,0,0
1956795,0,0,0
1957015,0,0,0
1957439,0,0,0
1957756,0,0,0
1957991,0,0,0
1958215,0,0,0
1958442,0,0,0
1958684,0,0,0
1958933,0,0,0
1959194,0,0,0
1959423,0,0,0
1959670,0,0,0
1959972,0,0,0
1960477,0,0,0
1960979,0,0,0
1961407,0,0,0
1961773,0,0,0
1962211,0,0,0
1962691,0,0,0
1963000,0,0,0
1963301,0,0,0
1963604,0,0,0
1963866,0,0,0
1964173,0,0,0
1964467,0,0,0
1964820,0,0,0
1965145,0,0,0
1965540,0,0,0
1965791,0,0,0
1966003,0,0,0
1966204,0,0,0
1966414,0,0,0
1966724,0,0,0
1967034,0,0,0
1967224,0,0,0
1967424,0,0,0
1967618,0,0,0
1967793,0,0,0
1967981,0,0,0
1968196,0,0,0
3424520611,0,0,0
404622081,0,0,0
1969219,0,0,0
1969417,0,0,0
1969627,0,0,0
1969808,0,0,0
1969985,0,0,0
1970164,0,0,0
1970376,0,0,0
1970571,0,0,0
1970733,0,0,0
1970876,0,0,0
1971071,0,0,0
1971237,0,0,0
1971411,0,0,0
1971560,0,0,0
1971734,0,0,0
1971885,0,0,0
1972024,0,0,0
1972174,0,0,0
1972348,0,0,0
1972535,0,0,0
1972685,0,0,0
1972838,0,0,0
1972989,0,0,0
1973162,0,0,0
1973339,0,0,0
1973497,0,0,0
1973673,0,0,0
1973848,0,0,0
1974005,0,0,0
1974182,0,0,0
1974434,0,0,0
1974598,0,0,0
1974794,0,0,0
1974976,0,0,0
3827180377,0,0,0
1975323,0,0,0
1612588284,0,0,0
1975755,0,0,0
1975980,0,0,0
1976164,0,0,0
1976326,0,0,0
1976511,0,0,0
1976688,0,0,0
4095617576,0,0,0
3625855758,0,0,0
1977285,0,0,0
1977470,0,0,0
1977652,0,0,0
1977820,0,0,0
1977969,0,0,0
1978114,0,0,0
1978270,0,0,0
1978423,0,0,0
1978587,0,0,0
1978737,0,0,0
1978914,0,0,0
1979072,0,0,0
3223204739,0,0,0
1979471,0,0,0
1979659,0,0,0
1979824,0,0,0
1980010,0,0,0
1980197,0,0,0
1980369,0,0,0
1980518,0,0,0
1980699,0,0,0
1980875,0,0,0
1981022,0,0,0
1981216,0,0,0
1981365,0,0,0
1981534,0,0,0
1981717,0,0,0
1981891,0,0,0
1982042,0,0,0
1982184,0,0,0
1982343,0,0,0
1982518,0,0,0
1982671,0,0,0
1982856,0,0,0
1983009,0,0,0
1983161,0,0,0
1983307,0,0,0
1983461,0,0,0
1983617,0,0,0
1983784,0,0,0
1983931,0,0,0
1984120,0,0,0
1984283,0,0,0
1984436,0,0,0
1984590,0,0,0
605964535,0,0,0
1984928,0,0,0
1985120,0,0,0
1985290,0,0,0
2686340021,0,0,0
1985631,0,0,0
1985836,0,0,0
1986023,0,0,0
1986172,0,0,0
1986333,0,0,0
1986532,0,0,0
2283688128,0,0,0
1986926,0,0,0
1987111,0,0,0
1987269,0,0,0
1987448,0,0,0
1987646,0,0,0
1987846,0,0,0
1988006,0,0,0
1988207,0,0,0
1988392,0,0,0
1988573,0,0,0
1988745,0,0,0
1988893,0,0,0
1989050,0,0,0
2216581715,0,0,0
1989396,0,0,0
1989571,0,0,0
1989737,0,0,0
1989930,0,0,0
1990086,0,0,0
1990249,0,0,0
1990430,0,0,0
1990594,0,0,0
1990781,0,0,0
1990964,0,0,0
1991143,0,0,0
1991291,0,0,0
1991466,0,0,0
1991627,0,0,0
1991770,0,0,0
1991945,0,0,0
1992112,0,0,0
1992273,0,0,0
1992432,0,0,0
1992579,0,0,0
1992730,0,0,0
1992897,0,0,0
1993152,0,0,0
1993335,0,0,0
1993534,0,0,0
1993687,0,0,0
1993843,0,0,0
1993984,0,0,0
1994176,0,0,0
1994322,0,0,0
1994489,0,0,0
1994653,0,0,0
1994833,0,0,0
1995024,0,0,0
1995178,0,0,0
1995338,0,0,0
1995486,0,0,0
1995654,0,0,0
69104673,0,0,0
1995958,0,0,0
3357439367,0,0,0
1142847057,0,0,0
538867461,0,0,0
1344174016,0,0,0
1996923,0,0,0
1997134,0,0,0
1997303,0,0,0
1997470,0,0,0
1997643,0,0,0
1997810,0,0,0
1997969,0,0,0
1998127,0,0,0
1998304,0,0,0
1998460,0,0,0
1998611,0,0,0
1998793,0,0,0
1998949,0,0,0
1999113,0,0,0
1999315,0,0,0
1999496,0,0,0
1999688,0,0,0
1999875,0,0,0
2000026,0,0,0
2000179,0,0,0
2000428,0,0,0
2000672,0,0,0
1344178101,0,0,0
337545374,0,0,0
2001242,0,0,0
2001451,0,0,0
2001677,0,0,0
2001896,0,0,0
2002040,0,0,0
2002237,0,0,0
2002382,0,0,0
2002612,0,0,0
2002780,0,0,0
2002919,0,0,0
2003136,0,0,0
2003338,0,0,0
2003540,0,0,0
2003692,0,0,0
2003916,0,0,0
2004096,0,0,0
2004259,0,0,0
2004432,0,0,0
3692992147,0,0,0
2954794857,0,0,0
2005062,0,0,0
2005350,0,0,0
2005551,0,0,0
2005705,0,0,0
2005880,0,0,0
2006140,0,0,0
2006415,0,0,0
2006608,0,0,0
2006803,0,0,0
2007002,0,0,0
2007250,0,0,0
2007417,0,0,0
2007596,0,0,0
2007771,0,0,0
2007950,0,0,0
2008114,0,0,0
2008274,0,0,0
2008449,0,0,0
2008668,0,0,0
2008815,0,0,0
2009006,0,0,0
2009174,0,0,0
2009344,0,0,0
2009531,0,0,0
2009780,0,0,0
2009994,0,0,0
2010187,0,0,0
2010374,0,0,0
2010560,0,0,0
2010787,0,0,0
2010983,0,0,0
2011210,0,0,0
2011394,0,0,0
2011597,0,0,0
2011757,0,0,0
2011939,0,0,0
2012103,0,0,0
2012281,0,0,0
2012475,0,0,0
2012649,0,0,0
2012831,0,0,0
2013032,0,0,0
2013202,0,0,0
2013383,0,0,0
2013591,0,0,0
2013769,0,0,0
2014001,0,0,0
2014218,0,0,0
2014414,0,0,0
2014626,0,0,0
2014796,0,0,0
2014982,0,0,0
203341761,0,0,0
2015489,0,0,0
2015668,0,0,0
2015832,0,0,0
2016000,0,0,0
2016200,0,0,0
2016338,0,0,0
2016588,0,0,0
3558786596,0,0,0
2016977,0,0,0
2017208,0,0,0
2686372049,0,0,0
1867780,0,0,0
2018033,0,0,0
2018281,0,0,0
2018501,0,0,0
2018697,0,0,0
2018909,0,0,0
2019069,0,0,0
2019301,0,0,0
2019488,0,0,0
2019677,0,0,0
2019885,0,0,0
2020138,0,0,0
2020306,0,0,0
2020534,0,0,0
2020724,0,0,0
2020943,0,0,0
2021189,0,0,0
2021403,0,0,0
2021567,0,0,0
2021784,0,0,0
2021975,0,0,0
2149505866,0,0,0
2022361,0,0,0
2022624,0,0,0
2022786,0,0,0
2022977,0,0,0
2023212,0,0,0
2023434,0,0,0
2023665,0,0,0
2023905,0,0,0
2024092,0,0,0
2024272,0,0,0
2024502,0,0,0
2024723,0,0,0
2024895,0,0,0
2025084,0,0,0
2025342,0,0,0
2025527,0,0,0
2025691,0,0,0
2025867,0,0,0
2026066,0,0,0
2026254,0,0,0
2026504,0,0,0
2026696,0,0,0
2026907,0,0,0
2027078,0,0,0
2027343,0,0,0
2027539,0,0,0
2027711,0,0,0
2027936,0,0,0
2028176,0,0,0
2028374,0,0,0
2028549,0,0,0
2028737,0,0,0
2028964,0,0,0
2029198,0,0,0
2029384,0,0,0
2029562,0,0,0
2029791,0,0,0
2030003,0,0,0
2030234,0,0,0
2030471,0,0,0
2030637,0,0,0
2030908,0,0,0
2031045,0,0,0
2031332,0,0,0
2031527,0,0,0
2031750,0,0,0
2031945,0,0,0
2032144,0,0,0
2032362,0,0,0
2032520,0,0,0
2032768,0,0,0
2032933,0,0,0
2033161,0,0,0
2033348,0,0,0
2033537,0,0,0
2033734,0,0,0
3827239168,0,0,0
2034107,0,0,0
2034340,0,0,0
2034521,0,0,0
2034668,0,0,0
2034839,0,0,0
2035066,0,0,0
2035292,0,0,0
2035567,0,0,0
2035751,0,0,0
2035953,0,0,0
2036134,0,0,0
2036351,0,0,0
2036584,0,0,0
2036787,0,0,0
2036970,0,0,0
2037201,0,0,0
2037459,0,0,0
2037621,0,0,0
2037786,0,0,0
2038008,0,0,0
2038238,0,0,0
2038398,0,0,0
2038590,0,0,0
2038789,0,0,0
2038974,0,0,0
2039218,0,0,0
2039420,0,0,0
2039607,0,0,0
2039796,0,0,0
2040017,0,0,0
2040208,0,0,0
2040401,0,0,0
2040589,0,0,0
2040780,0,0,0
2040949,0,0,0
2041136,0,0,0
2041334,0,0,0
2041507,0,0,0
2041729,0,0,0
2041915,0,0,0
2042096,0,0,0
2042261,0,0,0
2042463,0,0,0
2042653,0,0,0
2042864,0,0,0
2043077,0,0,0
2043249,0,0,0
2043427,0,0,0
2043577,0,0,0
2043772,0,0,0
2043927,0,0,0
2044093,0,0,0
2044284,0,0,0
2044479,0,0,0
2044673,0,0,0
2044836,0,0,0
2045027,0,0,0
2045229,0,0,0
3827250647,0,0,0
2045658,0,0,0
2045885,0,0,0
2046091,0,0,0
2046262,0,0,0
2046408,0,0,0
3827251819,0,0,0
2046833,0,0,0
2047080,0,0,0
2047240,0,0,0
2047403,0,0,0
2047623,0,0,0
2047828,0,0,0
2048103,0,0,0
2048287,0,0,0
2048500,0,0,0
2048768,0,0,0
2048976,0,0,0
2049133,0,0,0
2049366,0,0,0
2049529,0,0,0
2049706,0,0,0
2049899,0,0,0
2050117,0,0,0
2283751709,0,0,0
2050572,0,0,0
2050751,0,0,0
2050941,0,0,0
2051098,0,0,0
2051349,0,0,0
2051532,0,0,0
2051733,0,0,0
2051928,0,0,0
2052145,0,0,0
2052362,0,0,0
2052513,0,0,0
2052780,0,0,0
2149536643,0,0,0
2053142,0,0,0
2053463,0,0,0
2053676,0,0,0
2053857,0,0,0
2054066,0,0,0
2054293,0,0,0
2054533,0,0,0
2054707,0,0,0
2054946,0,0,0
2055164,0,0,0
2055332,0,0,0
2055570,0,0,0
2055774,0,0,0
2055967,0,0,0
2056187,0,0,0
2056399,0,0,0
2056585,0,0,0
2056759,0,0,0
2056993,0,0,0
2057188,0,0,0
2057397,0,0,0
2057608,0,0,0
2057787,0,0,0
2057980,0,0,0
2058220,0,0,0
2058430,0,0,0
2058636,0,0,0
2058785,0,0,0
2059007,0,0,0
2059253,0,0,0
1142910228,0,0,0
2059777,0,0,0
3558829835,0,0,0
2060280,0,0,0
2060567,0,0,0
3760157104,0,0,0
2060927,0,0,0
2061188,0,0,0
2061361,0,0,0
2061517,0,0,0
2061758,0,0,0
2061982,0,0,0
2062251,0,0,0
2062468,0,0,0
2062655,0,0,0
2062850,0,0,0
2063043,0,0,0
2063336,0,0,0
2063516,0,0,0
2063674,0,0,0
2063941,0,0,0
2064099,0,0,0
2064298,0,0,0
2064480,0,0,0
2064699,0,0,0
2064856,0,0,0
2065093,0,0,0
2065250,0,0,0
2065494,0,0,0
2065690,0,0,0
2065858,0,0,0
3156182662,0,0,0
2066287,0,0,0
2066534,0,0,0
2066718,0,0,0
2066926,0,0,0
2067171,0,0,0
2067355,0,0,0
2067544,0,0,0
2067800,0,0,0
2067975,0,0,0
2068183,0,0,0
3290402738,0,0,0
2068569,0,0,0
2068822,0,0,0
2069046,0,0,0
2069300,0,0,0
2069501,0,0,0
2069720,0,0,0
2069928,0,0,0
2282242068,0,0,0
2070470,0,0,0
2070729,0,0,0
2070908,0,0,0
2071076,0,0,0
2071308,0,0,0
2071480,0,0,0
2071656,0,0,0
2071881,0,0,0
2072076,0,0,0
2072326,0,0,0
2072592,0,0,0
2072798,0,0,0
2073038,0,0,0
2073251,0,0,0
2073449,0,0,0
2073628,0,0,0
2073799,0,0,0
2073962,0,0,0
2074156,0,0,0
2074307,0,0,0
2074536,0,0,0
2074684,0,0,0
2074865,0,0,0
2075096,0,0,0
2075306,0,0,0
2075478,0,0,0
2075647,0,0,0
2075826,0,0,0
2076030,0,0,0
2076204,0,0,0
2076361,0,0,0
2076560,0,0,0
2076780,0,0,0
2077007,0,0,0
2077161,0,0,0
2077332,0,0,0
2077550,0,0,0
2077746,0,0,0
2077932,0,0,0
2078106,0,0,0
2078312,0,0,0
2078532,0,0,0
2078764,0,0,0
606058689,0,0,0
2485107061,0,0,0
1881127516,0,0,0
2079538,0,0,0
2079761,0,0,0
2079972,0,0,0
2080170,0,0,0
2080377,0,0,0
2080621,0,0,0
2080768,0,0,0
2080926,0,0,0
2081164,0,0,0
2081353,0,0,0
2081538,0,0,0
2081683,0,0,0
2081858,0,0,0
2082038,0,0,0
2082230,0,0,0
1210042057,0,0,0
2082701,0,0,0
2082888,0,0,0
2083157,0,0,0
2083391,0,0,0
2083580,0,0,0
2083833,0,0,0
2083999,0,0,0
2084225,0,0,0
2084458,0,0,0
2084613,0,0,0
2084829,0,0,0
2085024,0,0,0
2085201,0,0,0
2085413,0,0,0
2085589,0,0,0
2085790,0,0,0
2085959,0,0,0
2086134,0,0,0
2086348,0,0,0
2086530,0,0,0
2086716,0,0,0
2086932,0,0,0
2087146,0,0,0
2087426,0,0,0
2087581,0,0,0
2087736,0,0,0
2087936,0,0,0
3705355301,0,0,0
2088347,0,0,0
2088563,0,0,0
2088804,0,0,0
2089032,0,0,0
2089286,0,0,0
1277157961,0,0,0
2089818,0,0,0
2089997,0,0,0
2090181,0,0,0
2090407,0,0,0
2090566,0,0,0
2090797,0,0,0
2090935,0,0,0
1478486142,0,0,0
1142942020,0,0,0
3424643648,0,0,0
2091827,0,0,0
2092103,0,0,0
2092305,0,0,0
2092465,0,0,0
2092668,0,0,0
2092910,0,0,0
2093108,0,0,0
2093278,0,0,0
2093478,0,0,0
2093645,0,0,0
2093871,0,0,0
2094075,0,0,0
2089088,0,0,0
2094586,0,0,0
2094754,0,0,0
2094902,0,0,0
2095112,0,0,0
2095307,0,0,0
2095462,0,0,0
2149579305,0,0,0
1814035243,0,0,0
2096240,0,0,0
2096431,0,0,0
2096615,0,0,0
2096790,0,0,0
1277165401,0,0,0
2097211,0,0,0
1344274767,0,0,0
2097705,0,0,0
2097918,0,0,0
2098081,0,0,0
69207148,0,0,0
2098504,0,0,0
2098776,0,0,0
2098981,0,0,0
2099217,0,0,0
2099394,0,0,0
2099605,0,0,0
2099880,0,0,0
3894414211,0,0,0
2100340,0,0,0
2100643,0,0,0
2100841,0,0,0
2101033,0,0,0
2101239,0,0,0
2101448,0,0,0
2101655,0,0,0
2101845,0,0,0
2102044,0,0,0
2102262,0,0,0
2102447,0,0,0
2102665,0,0,0
2102878,0,0,0
2103047,0,0,0
2103251,0,0,0
2103437,0,0,0
2103632,0,0,0
2103826,0,0,0
2103996,0,0,0
2104202,0,0,0
2104384,0,0,0
2104567,0,0,0
2104803,0,0,0
2104975,0,0,0
2105116,0,0,0
2105300,0,0,0
2105502,0,0,0
2105699,0,0,0
2105895,0,0,0
2106134,0,0,0
2106298,0,0,0
2106476,0,0,0
2106643,0,0,0
2106828,0,0,0
2106970,0,0,0
2149590850,0,0,0
2107398,0,0,0
2107636,0,0,0
2107879,0,0,0
2108085,0,0,0
2108265,0,0,0
2108470,0,0,0
2108764,0,0,0
1344286198,0,0,0
2109151,0,0,0
2109437,0,0,0
2109630,0,0,0
2109847,0,0,0
2110023,0,0,0
2110230,0,0,0
2110456,0,0,0
2110624,0,0,0
2110840,0,0,0
2111010,0,0,0
2111147,0,0,0
2111310,0,0,0
2111535,0,0,0
2111712,0,0,0
2111895,0,0,0
2112067,0,0,0
2112246,0,0,0
2112441,0,0,0
2112637,0,0,0
2112795,0,0,0
2112972,0,0,0
2113119,0,0,0
2113324,0,0,0
2113454,0,0,0
2113648,0,0,0
2113805,0,0,0
2114004,0,0,0
2114182,0,0,0
2114386,0,0,0
2114674,0,0,0
2114864,0,0,0
2115103,0,0,0
606095063,0,0,0
2115512,0,0,0
2115712,0,0,0
2115901,0,0,0
2116121,0,0,0
2116288,0,0,0
2116479,0,0,0
2116801,0,0,0
2116983,0,0,0
2117255,0,0,0
2117444,0,0,0
2117605,0,0,0
2117812,0,0,0
2118062,0,0,0
2118281,0,0,0
2118449,0,0,0
2118633,0,0,0
2118851,0,0,0
2119031,0,0,0
2119331,0,0,0
2119666,0,0,0
2119837,0,0,0
2120048,0,0,0
2120236,0,0,0
2120425,0,0,0
2120654,0,0,0
2120845,0,0,0
2121012,0,0,0
2121186,0,0,0
2121392,0,0,0
2121586,0,0,0
2121763,0,0,0
2122013,0,0,0
673210850,0,0,0
2122420,0,0,0
2122731,0,0,0
2122929,0,0,0
2123178,0,0,0
2123359,0,0,0
2123518,0,0,0
2123678,0,0,0
2123861,0,0,0
2124021,0,0,0
2124273,0,0,0
2124521,0,0,0
2124753,0,0,0
1814064283,0,0,0
2125179,0,0,0
2125455,0,0,0
2125707,0,0,0
2125891,0,0,0
2126131,0,0,0
2126315,0,0,0
2126491,0,0,0
2126769,0,0,0
2126982,0,0,0
2127199,0,0,0
2127440,0,0,0
2127684,0,0,0
2127886,0,0,0
2128067,0,0,0
2128232,0,0,0
2128410,0,0,0
2128583,0,0,0
2128820,0,0,0
2129043,0,0,0
2129233,0,0,0
2129450,0,0,0
2129642,0,0,0
2129850,0,0,0
2130048,0,0,0
2130246,0,0,0
2130499,0,0,0
2130699,0,0,0
2130895,0,0,0
2131080,0,0,0
2131319,0,0,0
2131533,0,0,0
2131725,0,0,0
2131872,0,0,0
2132124,0,0,0
2132322,0,0,0
2132562,0,0,0
2132739,0,0,0
2132962,0,0,0
2133117,0,0,0
2133290,0,0,0
2133525,0,0,0
2133771,0,0,0
2133982,0,0,0
2134234,0,0,0
2134429,0,0,0
2134657,0,0,0
2134898,0,0,0
2135066,0,0,0
2135236,0,0,0
2135464,0,0,0
2135705,0,0,0
2135862,0,0,0
2136027,0,0,0
2136240,0,0,0
2136377,0,0,0
2136585,0,0,0
2136773,0,0,0
2136998,0,0,0
2137203,0,0,0
2137450,0,0,0
2137604,0,0,0
2137797,0,0,0
2138005,0,0,0
2138161,0,0,0
2138316,0,0,0
2138505,0,0,0
2138683,0,0,0
2138900,0,0,0
2139141,0,0,0
2139294,0,0,0
2753602906,0,0,0
2139686,0,0,0
2139957,0,0,0
2140237,0,0,0
2140404,0,0,0
2140600,0,0,0
3022039718,0,0,0
2141133,0,0,0
2141332,0,0,0
2141516,0,0,0
2141786,0,0,0
2141989,0,0,0
2142213,0,0,0
2142440,0,0,0
2142591,0,0,0
2142855,0,0,0
2143018,0,0,0
2143227,0,0,0
2143458,0,0,0
2143644,0,0,0
2143864,0,0,0
2144027,0,0,0
2144234,0,0,0
2144396,0,0,0
2144626,0,0,0
2144813,0,0,0
2144959,0,0,0
2145127,0,0,0
2145346,0,0,0
2820717876,0,0,0
2145819,0,0,0
2146029,0,0,0
2146231,0,0,0
2146416,0,0,0
2146598,0,0,0
2146782,0,0,0
2146984,0,0,0
2147171,0,0,0
203473976,0,0,0
2147584,0,0,0
2147776,0,0,0
2147954,0,0,0
2148157,0,0,0
2148315,0,0,0
2148502,0,0,0
2148680,0,0,0
2148875,0,0,0
2149109,0,0,0
2149373,0,0,0
2149569,0,0,0
2149768,0,0,0
2150017,0,0,0
2150182,0,0,0
1612763138,0,0,0
2150638,0,0,0
3491811788,0,0,0
2151071,0,0,0
2151303,0,0,0
2151480,0,0,0
1277220118,0,0,0
2151890,0,0,0
2152128,0,0,0
1143003038,0,0,0
2152530,0,0,0
2152718,0,0,0
2152959,0,0,0
2153264,0,0,0
2153501,0,0,0
2153676,0,0,0
2153899,0,0,0
2154194,0,0,0
2154426,0,0,0
2154621,0,0,0
2154776,0,0,0
2154994,0,0,0
3290489524,0,0,0
2155415,0,0,0
2155656,0,0,0
2155821,0,0,0
2156041,0,0,0
2156218,0,0,0
2156400,0,0,0
2156555,0,0,0
2156760,0,0,0
2156906,0,0,0
2157073,0,0,0
2157260,0,0,0
2157428,0,0,0
2157587,0,0,0
2157910,0,0,0
2158143,0,0,0
2158291,0,0,0
2158506,0,0,0
2158679,0,0,0
2158886,0,0,0
2159150,0,0,0
2159274,0,0,0
1008792481,0,0,0
2159846,0,0,0
2160037,0,0,0
2753623718,0,0,0
1814099856,0,0,0
2160754,0,0,0
2160940,0,0,0
2161105,0,0,0
2161299,0,0,0
1073803813,0,0,0
2161767,0,0,0
2162001,0,0,0
2162246,0,0,0
2162394,0,0,0
2162572,0,0,0
2686517340,0,0,0
2162957,0,0,0
2163169,0,0,0
2163362,0,0,0
2163583,0,0,0
2163771,0,0,0
2163937,0,0,0
4095804851,0,0,0
1411450522,0,0,0
3089172350,0,0,0
2164838,0,0,0
2165083,0,0,0
2165285,0,0,0
2165470,0,0,0
2165637,0,0,0
2165815,0,0,0
2166004,0,0,0
2166195,0,0,0
203493049,0,0,0
2166741,0,0,0
2166963,0,0,0
4095807887,0,0,0
1746997817,0,0,0
2167578,0,0,0
2167820,0,0,0
2168041,0,0,0
2168220,0,0,0
2168384,0,0,0
2168598,0,0,0
2168809,0,0,0
2169013,0,0,0
2169229,0,0,0
2169455,0,0,0
2169675,0,0,0
2169913,0,0,0
2082544959,0,0,0
2170392,0,0,0
2170646,0,0,0
2170830,0,0,0
2170985,0,0,0
2171212,0,0,0
2171425,0,0,0
2171726,0,0,0
2171860,0,0,0
2172039,0,0,0
2172229,0,0,0
2172447,0,0,0
2172591,0,0,0
2172733,0,0,0
2172922,0,0,0
2173115,0,0,0
2173291,0,0,0
2173463,0,0,0
2173692,0,0,0
2173960,0,0,0
2174139,0,0,0
2174279,0,0,0
2174480,0,0,0
2174648,0,0,0
2174849,0,0,0
2175024,0,0,0
2175243,0,0,0
2175420,0,0,0
2175617,0,0,0
2216768277,0,0,0
2175987,0,0,0
2176184,0,0,0
2176392,0,0,0
2176573,0,0,0
2176793,0,0,0
2177005,0,0,0
2177224,0,0,0
3558947216,0,0,0
2177607,0,0,0
1075919716,0,0,0
2178086,0,0,0
2178290,0,0,0
2178506,0,0,0
2178703,0,0,0
2178958,0,0,0
2179183,0,0,0
2179421,0,0,0
4028711486,0,0,0
1881228088,0,0,0
2180067,0,0,0
2180282,0,0,0
2180515,0,0,0
2180794,0,0,0
2180962,0,0,0
2181139,0,0,0
2181446,0,0,0
3491842542,0,0,0
2181829,0,0,0
2182102,0,0,0
2182279,0,0,0
2182414,0,0,0
2182655,0,0,0
2182831,0,0,0
2183063,0,0,0
2183293,0,0,0
2183490,0,0,0
2183691,0,0,0
2183921,0,0,0
2184160,0,0,0
2184347,0,0,0
2184525,0,0,0
2184726,0,0,0
2184930,0,0,0
2185123,0,0,0
2185316,0,0,0
2185501,0,0,0
2185702,0,0,0
2185854,0,0,0
2186025,0,0,0
1478581232,0,0,0
3089194173,0,0,0
270622076,0,0,0
2186880,0,0,0
2187135,0,0,0
2187335,0,0,0
2187570,0,0,0
2187741,0,0,0
2187910,0,0,0
2188126,0,0,0
2188332,0,0,0
2188569,0,0,0
2188741,0,0,0
1679910572,0,0,0
2189192,0,0,0
3424741627,0,0,0
2189802,0,0,0
2189994,0,0,0
2190162,0,0,0
2190389,0,0,0
2190554,0,0,0
2190833,0,0,0
2191016,0,0,0
3558960987,0,0,0
2191424,0,0,0
2191679,0,0,0
2191909,0,0,0
2192147,0,0,0
2192306,0,0,0
2192489,0,0,0
2192633,0,0,0
2192790,0,0,0
2192976,0,0,0
2193164,0,0,0
1545697235,0,0,0
2193620,0,0,0
2193797,0,0,0
1344371305,0,0,0
2194303,0,0,0
2194513,0,0,0
2194772,0,0,0
2194953,0,0,0
2195148,0,0,0
2195387,0,0,0
2195569,0,0,0
2195776,0,0,0
2196028,0,0,0
2196258,0,0,0
2196424,0,0,0
2196619,0,0,0
2196810,0,0,0
2197047,0,0,0
2197283,0,0,0
2197618,0,0,0
2197814,0,0,0
2198035,0,0,0
2198262,0,0,0
2198550,0,0,0
2198715,0,0,0
2198908,0,0,0
2199141,0,0,0
2199356,0,0,0
2199546,0,0,0
2199719,0,0,0
2199897,0,0,0
2200101,0,0,0
2200261,0,0,0
69309344,0,0,0
2200675,0,0,0
2200907,0,0,0
2201103,0,0,0
2201294,0,0,0
2201533,0,0,0
2201740,0,0,0
2201980,0,0,0
2202177,0,0,0
2202406,0,0,0
2202643,0,0,0
2202873,0,0,0
2203089,0,0,0
2203298,0,0,0
2203469,0,0,0
2203700,0,0,0
2203847,0,0,0
2204062,0,0,0
2204249,0,0,0
2204439,0,0,0
2204674,0,0,0
2204849,0,0,0
2205120,0,0,0
2205261,0,0,0
2205478,0,0,0
2205657,0,0,0
2205841,0,0,0
2206043,0,0,0
2206187,0,0,0
2206366,0,0,0
2206523,0,0,0
2206715,0,0,0
2206933,0,0,0
2207144,0,0,0
2207357,0,0,0
2207617,0,0,0
2207812,0,0,0
2208012,0,0,0
2208178,0,0,0
2208429,0,0,0
2208648,0,0,0
2208837,0,0,0
2209118,0,0,0
2209327,0,0,0
2209548,0,0,0
2209768,0,0,0
2209941,0,0,0
2210139,0,0,0
2210331,0,0,0
2210593,0,0,0
2210849,0,0,0
2211048,0,0,0
2211261,0,0,0
2211493,0,0,0
2211669,0,0,0
2211877,0,0,0
2212072,0,0,0
2212273,0,0,0
2212459,0,0,0
2212700,0,0,0
404866045,0,0,0
2213146,0,0,0
2213399,0,0,0
2213567,0,0,0
2213852,0,0,0
2214003,0,0,0
2214182,0,0,0
2214345,0,0,0
2214518,0,0,0
2214766,0,0,0
2215003,0,0,0
2215174,0,0,0
2215341,0,0,0
2215548,0,0,0
2215777,0,0,0
2216015,0,0,0
2216192,0,0,0
2216411,0,0,0
2216608,0,0,0
2216750,0,0,0
1478612002,0,0,0
2217184,0,0,0
2217461,0,0,0
2217654,0,0,0
2217808,0,0,0
2218009,0,0,0
2218243,0,0,0
2218434,0,0,0
2218611,0,0,0
2218836,0,0,0
2219058,0,0,0
2219229,0,0,0
2219457,0,0,0
2219694,0,0,0
2219940,0,0,0
673308772,0,0,0
2220329,0,0,0
2220590,0,0,0
2220765,0,0,0
2220936,0,0,0
2221087,0,0,0
2221233,0,0,0
2221598,0,0,0
2221755,0,0,0
2221951,0,0,0
2222106,0,0,0
2222306,0,0,0
2222477,0,0,0
2222667,0,0,0
2222823,0,0,0
2223119,0,0,0
2223274,0,0,0
2223423,0,0,0
2223602,0,0,0
2223790,0,0,0
2223966,0,0,0
2224146,0,0,0
2224309,0,0,0
2224501,0,0,0
2224745,0,0,0
2224922,0,0,0
2225153,0,0,0
2225327,0,0,0
2225531,0,0,0
2225729,0,0,0
2225968,0,0,0
2226177,0,0,0
2226412,0,0,0
2226627,0,0,0
2226785,0,0,0
2226972,0,0,0
2227124,0,0,0
2227365,0,0,0
2227549,0,0,0
2227731,0,0,0
2227927,0,0,0
2228153,0,0,0
2228373,0,0,0
2228566,0,0,0
2228765,0,0,0
2228999,0,0,0
2229224,0,0,0
2229415,0,0,0
2229627,0,0,0
2229794,0,0,0
2229980,0,0,0
2230131,0,0,0
2230297,0,0,0
2230540,0,0,0
2230743,0,0,0
2230950,0,0,0
2231162,0,0,0
2231364,0,0,0
2231522,0,0,0
2231736,0,0,0
2231889,0,0,0
2232053,0,0,0
2232208,0,0,0
2232379,0,0,0
2232638,0,0,0
2232863,0,0,0
2233019,0,0,0
2233258,0,0,0
2233426,0,0,0
2233678,0,0,0
2233837,0,0,0
2234067,0,0,0
2234226,0,0,0
2234416,0,0,0
2234692,0,0,0
2234894,0,0,0
2235109,0,0,0
2235296,0,0,0
2235533,0,0,0
2235716,0,0,0
2235927,0,0,0
2236134,0,0,0
2236305,0,0,0
2236481,0,0,0
2236681,0,0,0
2236888,0,0,0
2237209,0,0,0
2237346,0,0,0
2237550,0,0,0
2237759,0,0,0
2237930,0,0,0
2238135,0,0,0
2238458,0,0,0
2238655,0,0,0
2238874,0,0,0
2239067,0,0,0
2239283,0,0,0
2239500,0,0,0
2239721,0,0,0
2239924,0,0,0
2240135,0,0,0
2240310,0,0,0
2240488,0,0,0
2240710,0,0,0
2240899,0,0,0
2241063,0,0,0
2241307,0,0,0
2241505,0,0,0
2241737,0,0,0
2241950,0,0,0
2242142,0,0,0
2242345,0,0,0
2242634,0,0,0
2242867,0,0,0
2243063,0,0,0
2243257,0,0,0
2243439,0,0,0
2243691,0,0,0
2243884,0,0,0
2244089,0,0,0
2244281,0,0,0
2244478,0,0,0
2244702,0,0,0
2244904,0,0,0
2245110,0,0,0
2245332,0,0,0
2245561,0,0,0
2245734,0,0,0
2245924,0,0,0
2246129,0,0,0
2246294,0,0,0
2246495,0,0,0
2246663,0,0,0
2246852,0,0,0
2247064,0,0,0
2247245,0,0,0
2247482,0,0,0
2247702,0,0,0
2247854,0,0,0
2248096,0,0,0
2248379,0,0,0
2248513,0,0,0
2248764,0,0,0
2248934,0,0,0
2249105,0,0,0
2249304,0,0,0
2249464,0,0,0
2249657,0,0,0
2249859,0,0,0
2250108,0,0,0
2250391,0,0,0
2250626,0,0,0
2250794,0,0,0
2250990,0,0,0
2251172,0,0,0
2251361,0,0,0
2251530,0,0,0
2251681,0,0,0
2251875,0,0,0
2252081,0,0,0
2252290,0,0,0
2252462,0,0,0
2252677,0,0,0
2252864,0,0,0
2253029,0,0,0
2253264,0,0,0
2253445,0,0,0
2253594,0,0,0
2253833,0,0,0
2254052,0,0,0
2254225,0,0,0
2254440,0,0,0
2254603,0,0,0
2254849,0,0,0
2255063,0,0,0
2255245,0,0,0
2255432,0,0,0
2255662,0,0,0
2255914,0,0,0
2256093,0,0,0
2256283,0,0,0
2256519,0,0,0
2256766,0,0,0
2257102,0,0,0
1679978869,0,0,0
69366355,0,0,0
2257809,0,0,0
2258057,0,0,0
2258213,0,0,0
2258428,0,0,0
2258648,0,0,0
2258825,0,0,0
1478654098,0,0,0
807565632,0,0,0
2259552,0,0,0
2259797,0,0,0
2259982,0,0,0
2260177,0,0,0
2260333,0,0,0
2260498,0,0,0
2260697,0,0,0
3290595288,0,0,0
2261219,0,0,0
2261551,0,0,0
1679983345,0,0,0
2261965,0,0,0
2262140,0,0,0
2686616975,0,0,0
606242410,0,0,0
3357706077,0,0,0
2263106,0,0,0
2263333,0,0,0
2263506,0,0,0
2263718,0,0,0
2263903,0,0,0
2264086,0,0,0
2264294,0,0,0
2264480,0,0,0
2264672,0,0,0
2264889,0,0,0
2265083,0,0,0
2265256,0,0,0
2265441,0,0,0
2265666,0,0,0
2265858,0,0,0
2266005,0,0,0
2266222,0,0,0
2266406,0,0,0
2266618,0,0,0
2266829,0,0,0
2267011,0,0,0
2267196,0,0,0
2267452,0,0,0
2418186753,0,0,0
2267903,0,0,0
2268098,0,0,0
2268333,0,0,0
2268526,0,0,0
2268725,0,0,0
2268925,0,0,0
2269158,0,0,0
2269363,0,0,0
2269551,0,0,0
2269747,0,0,0
2269958,0,0,0
2270182,0,0,0
2270375,0,0,0
2270569,0,0,0
2270791,0,0,0
2270963,0,0,0
740468684,0,0,0
4230129840,0,0,0
2271668,0,0,0
2271891,0,0,0
2272083,0,0,0
2272307,0,0,0
2272455,0,0,0
2272808,0,0,0
2273006,0,0,0
2273203,0,0,0
2273466,0,0,0
2273743,0,0,0
2274121,0,0,0
2274651,0,0,0
2274992,0,0,0
2275616,0,0,0
2275919,0,0,0
2276373,0,0,0
2276535,0,0,0
2276702,0,0,0
2276886,0,0,0
2277066,0,0,0
2277242,0,0,0
2277400,0,0,0
2277610,0,0,0
2277799,0,0,0
2277957,0,0,0
2278177,0,0,0
2278372,0,0,0
2278593,0,0,0
2278760,0,0,0
2278982,0,0,0
2279166,0,0,0
2279381,0,0,0
2279543,0,0,0
2279823,0,0,0
2280016,0,0,0
3290614498,0,0,0
2280369,0,0,0
2280587,0,0,0
2280742,0,0,0
2280897,0,0,0
2281058,0,0,0
2281238,0,0,0
2281440,0,0,0
2281594,0,0,0
2281784,0,0,0
2281970,0,0,0
2282140,0,0,0
2282295,0,0,0
2282441,0,0,0
2282589,0,0,0
2282728,0,0,0
2282908,0,0,0
2283073,0,0,0
2283247,0,0,0
2283428,0,0,0
2283574,0,0,0
2283739,0,0,0
2283933,0,0,0
2284121,0,0,0
3961707257,0,0,0
2284514,0,0,0
2284689,0,0,0
2284852,0,0,0
2285031,0,0,0
2285213,0,0,0
2285361,0,0,0
2285510,0,0,0
2285661,0,0,0
2285859,0,0,0
2286010,0,0,0
2286206,0,0,0
2286381,0,0,0
2286551,0,0,0
2286709,0,0,0
2286882,0,0,0
2287059,0,0,0
2287260,0,0,0
2287428,0,0,0
2287628,0,0,0
2287791,0,0,0
2288060,0,0,0
2288241,0,0,0
2288444,0,0,0
2288612,0,0,0
2288774,0,0,0
2288968,0,0,0
2289151,0,0,0
2289364,0,0,0
2289554,0,0,0
2289737,0,0,0
2289903,0,0,0
2290111,0,0,0
2290264,0,0,0
2290431,0,0,0
2290596,0,0,0
2290755,0,0,0
2290911,0,0,0
2291107,0,0,0
2291306,0,0,0
2291477,0,0,0
2291676,0,0,0
2291830,0,0,0
2291999,0,0,0
2292184,0,0,0
2292347,0,0,0
2292534,0,0,0
2292682,0,0,0
2292851,0,0,0
2293004,0,0,0
2293155,0,0,0
2293332,0,0,0
2293490,0,0,0
2293663,0,0,0
2293826,0,0,0
2293998,0,0,0
2294254,0,0,0
2294437,0,0,0
2294610,0,0,0
2294774,0,0,0
2294949,0,0,0
2295106,0,0,0
2295249,0,0,0
2295422,0,0,0
2295656,0,0,0
2295864,0,0,0
2296050,0,0,0
2296255,0,0,0
2296433,0,0,0
2296595,0,0,0
2296770,0,0,0
2296955,0,0,0
2297154,0,0,0
2297360,0,0,0
134145,0,0,0
2297712,0,0,0
2297906,0,0,0
2298102,0,0,0
2298276,0,0,0
2298448,0,0,0
2298596,0,0,0
2298741,0,0,0
2298906,0,0,0
2299083,0,0,0
2299234,0,0,0
2299412,0,0,0
2299577,0,0,0
2299773,0,0,0
2299935,0,0,0
2300126,0,0,0
2300280,0,0,0
2300494,0,0,0
2300652,0,0,0
2300833,0,0,0
2300994,0,0,0
2301178,0,0,0
2301348,0,0,0
2301522,0,0,0
2301692,0,0,0
2301840,0,0,0
2301986,0,0,0
2302246,0,0,0
2302391,0,0,0
2302559,0,0,0
2302732,0,0,0
2302893,0,0,0
2303062,0,0,0
2303233,0,0,0
2303404,0,0,0
2303572,0,0,0
2303709,0,0,0
2303848,0,0,0
2304047,0,0,0
2304200,0,0,0
2304371,0,0,0
2304577,0,0,0
2304748,0,0,0
2304923,0,0,0
2305150,0,0,0
2305352,0,0,0
3626184192,0,0,0
2305722,0,0,0
2305901,0,0,0
2306117,0,0,0
2306297,0,0,0
2306484,0,0,0
2306639,0,0,0
2306815,0,0,0
2306975,0,0,0
2307122,0,0,0
2307288,0,0,0
2307461,0,0,0
2307641,0,0,0
2307841,0,0,0
2308004,0,0,0
2308192,0,0,0
2308332,0,0,0
2308510,0,0,0
2308657,0,0,0
2308814,0,0,0
2308975,0,0,0
2309121,0,0,0
2309316,0,0,0
2309465,0,0,0
2309637,0,0,0
2309791,0,0,0
2309927,0,0,0
2310106,0,0,0
2310256,0,0,0
2310462,0,0,0
2310627,0,0,0
2310780,0,0,0
2310958,0,0,0
2311106,0,0,0
2311290,0,0,0
2311488,0,0,0
2311630,0,0,0
2311788,0,0,0
2312013,0,0,0
2312203,0,0,0
2312394,0,0,0
2312547,0,0,0
2312698,0,0,0
2312883,0,0,0
2313055,0,0,0
2313209,0,0,0
2313388,0,0,0
2313560,0,0,0
2313754,0,0,0
2313910,0,0,0
2314100,0,0,0
2314272,0,0,0
2314433,0,0,0
2314700,0,0,0
2314852,0,0,0
2315040,0,0,0
2315209,0,0,0
2315374,0,0,0
2315536,0,0,0
2315709,0,0,0
2315864,0,0,0
2316007,0,0,0
2316185,0,0,0
2316329,0,0,0
2316493,0,0,0
2316706,0,0,0
2316878,0,0,0
2317054,0,0,0
2317214,0,0,0
2317463,0,0,0
2317638,0,0,0
2317901,0,0,0
2318043,0,0,0
2318206,0,0,0
2318364,0,0,0
2318528,0,0,0
2318707,0,0,0
2318861,0,0,0
2319057,0,0,0
2319204,0,0,0
2319350,0,0,0
2319503,0,0,0
2319658,0,0,0
2319802,0,0,0
2319950,0,0,0
2320119,0,0,0
2320270,0,0,0
2320417,0,0,0
2320561,0,0,0
2320715,0,0,0
2320889,0,0,0
2321116,0,0,0
2321300,0,0,0
2321468,0,0,0
2321651,0,0,0
2321798,0,0,0
2322117,0,0,0
2322285,0,0,0
2322455,0,0,0
2322659,0,0,0
2322814,0,0,0
2322976,0,0,0
155778,0,0,0
2323458,0,0,0
2323693,0,0,0
2323966,0,0,0
2324203,0,0,0
2324505,0,0,0
2324679,0,0,0
2324856,0,0,0
2325023,0,0,0
2325218,0,0,0
2325392,0,0,0
2325563,0,0,0
2325769,0,0,0
2325952,0,0,0
2326165,0,0,0
2326351,0,0,0
2326573,0,0,0
2326804,0,0,0
2326965,0,0,0
2327136,0,0,0
2327307,0,0,0
2327475,0,0,0
2327655,0,0,0
2327816,0,0,0
2328095,0,0,0
2328349,0,0,0
2328589,0,0,0
2328789,0,0,0
2328961,0,0,0
2329187,0,0,0
2329340,0,0,0
2329491,0,0,0
2329642,0,0,0
2329797,0,0,0
2329935,0,0,0
2330065,0,0,0
2330196,0,0,0
2330467,0,0,0
2330615,0,0,0
2330802,0,0,0
2330958,0,0,0
2331095,0,0,0
2331273,0,0,0
2331460,0,0,0
2331644,0,0,0
2331797,0,0,0
2331933,0,0,0
2332100,0,0,0
2332230,0,0,0
2332431,0,0,0
2332603,0,0,0
2332769,0,0,0
2332918,0,0,0
2333086,0,0,0
2333248,0,0,0
2333417,0,0,0
2333574,0,0,0
2333743,0,0,0
2333958,0,0,0
2334179,0,0,0
2334413,0,0,0
2334634,0,0,0
2334974,0,0,0
2335127,0,0,0
2335314,0,0,0
2335507,0,0,0
2335705,0,0,0
2335896,0,0,0
2336196,0,0,0
2336422,0,0,0
2336611,0,0,0
2336798,0,0,0
2336990,0,0,0
2337233,0,0,0
2337472,0,0,0
2337684,0,0,0
2337931,0,0,0
2338296,0,0,0
2338723,0,0,0
2338986,0,0,0
2339247,0,0,0
2339470,0,0,0
2339758,0,0,0
2340070,0,0,0
2340476,0,0,0
2340719,0,0,0
2341088,0,0,0
2341376,0,0,0
2341594,0,0,0
2341841,0,0,0
2342316,0,0,0
2342491,0,0,0
2342667,0,0,0
2343019,0,0,0
2343220,0,0,0
2343400,0,0,0
2343695,0,0,0
2343991,0,0,0
2344245,0,0,0
2344500,0,0,0
2344776,0,0,0
2344949,0,0,0
2345250,0,0,0
2345566,0,0,0
2345882,0,0,0
2346132,0,0,0
2346415,0,0,0
2346649,0,0,0
2346843,0,0,0
2347041,0,0,0
2347229,0,0,0
2347374,0,0,0
2347566,0,0,0
2347712,0,0,0
2347864,0,0,0
2348023,0,0,0
2348207,0,0,0
2348353,0,0,0
2348508,0,0,0
2348693,0,0,0
2348855,0,0,0
2349042,0,0,0
2349213,0,0,0
2349379,0,0,0
2349554,0,0,0
2349726,0,0,0
2349880,0,0,0
2350042,0,0,0
2350213,0,0,0
2350356,0,0,0
2350519,0,0,0
2350675,0,0,0
2350849,0,0,0
2351009,0,0,0
2351199,0,0,0
2351359,0,0,0
2351505,0,0,0
2351648,0,0,0
2351813,0,0,0
2351993,0,0,0
2352217,0,0,0
2352389,0,0,0
2352552,0,0,0
2352729,0,0,0
2352896,0,0,0
2353060,0,0,0
2353222,0,0,0
2353412,0,0,0
2353571,0,0,0
2353728,0,0,0
2353884,0,0,0
2354044,0,0,0
2354208,0,0,0
2354383,0,0,0
2354536,0,0,0
2354692,0,0,0
2354862,0,0,0
2355026,0,0,0
2355189,0,0,0
2355381,0,0,0
2355528,0,0,0
2355685,0,0,0
2355872,0,0,0
2356026,0,0,0
2356172,0,0,0
2356317,0,0,0
2356503,0,0,0
2356646,0,0,0
2356799,0,0,0
2356963,0,0,0
2357123,0,0,0
2357274,0,0,0
2357437,0,0,0
2357595,0,0,0
2357755,0,0,0
2357915,0,0,0
2358076,0,0,0
2358236,0,0,0
2358403,0,0,0
2358587,0,0,0
2358755,0,0,0
2358906,0,0,0
2359094,0,0,0
2359293,0,0,0
2359452,0,0,0
2359610,0,0,0
2359754,0,0,0
2359923,0,0,0
2360099,0,0,0
2360258,0,0,0
2360453,0,0,0
2360602,0,0,0
2360740,0,0,0
2360908,0,0,0
2361052,0,0,0
2361261,0,0,0
2361422,0,0,0
2361608,0,0,0
2361810,0,0,0
2361986,0,0,0
2362143,0,0,0
2362312,0,0,0
2362480,0,0,0
2362644,0,0,0
2362798,0,0,0
2362999,0,0,0
2363172,0,0,0
2363331,0,0,0
2363489,0,0,0
2363650,0,0,0
2363796,0,0,0
2363946,0,0,0
2364095,0,0,0
2364288,0,0,0
2364446,0,0,0
2364595,0,0,0
2364763,0,0,0
2364937,0,0,0
2365075,0,0,0
2365226,0,0,0
2365415,0,0,0
2365565,0,0,0
2365740,0,0,0
2365897,0,0,0
2366049,0,0,0
2366240,0,0,0
2366419,0,0,0
2366571,0,0,0
2366742,0,0,0
2366984,0,0,0
2367149,0,0,0
2367310,0,0,0
2367462,0,0,0
2367634,0,0,0
2367804,0,0,0
2368011,0,0,0
2368168,0,0,0
2368340,0,0,0
2368475,0,0,0
2368629,0,0,0
2368782,0,0,0
2368934,0,0,0
2369087,0,0,0
2369273,0,0,0
2369435,0,0,0
2369595,0,0,0
2369823,0,0,0
2369982,0,0,0
2370165,0,0,0
2370315,0,0,0
2370485,0,0,0
2370647,0,0,0
2370808,0,0,0
2370971,0,0,0
2371144,0,0,0
2371327,0,0,0
2371479,0,0,0
2371662,0,0,0
2371861,0,0,0
2372033,0,0,0
2372188,0,0,0
2372360,0,0,0
2372538,0,0,0
2372699,0,0,0
2372876,0,0,0
2373039,0,0,0
2373213,0,0,0
2373356,0,0,0
2373519,0,0,0
2373719,0,0,0
2373886,0,0,0
2374065,0,0,0
2374220,0,0,0
2374414,0,0,0
2374603,0,0,0
2374775,0,0,0
2374927,0,0,0
2375078,0,0,0
2375245,0,0,0
2375490,0,0,0
2375680,0,0,0
2375893,0,0,0
2376125,0,0,0
2376347,0,0,0
2376503,0,0,0
2376669,0,0,0
2376900,0,0,0
2377080,0,0,0
2377265,0,0,0
2377439,0,0,0
2377654,0,0,0
2377876,0,0,0
2378110,0,0,0
2378292,0,0,0
2378451,0,0,0
2378714,0,0,0
2378904,0,0,0
2379097,0,0,0
2379255,0,0,0
2379431,0,0,0
2379608,0,0,0
2379762,0,0,0
2379965,0,0,0
2380125,0,0,0
2380355,0,0,0
2380534,0,0,0
2380723,0,0,0
2380969,0,0,0
2381143,0,0,0
2381362,0,0,0
2381554,0,0,0
2381749,0,0,0
2381965,0,0,0
2382152,0,0,0
2382354,0,0,0
2382600,0,0,0
2382790,0,0,0
2382981,0,0,0
2383225,0,0,0
2383470,0,0,0
2383707,0,0,0
2383916,0,0,0
2384084,0,0,0
2384327,0,0,0
2384508,0,0,0
2384826,0,0,0
2385039,0,0,0
2385228,0,0,0
2385404,0,0,0
2385597,0,0,0
2385833,0,0,0
2385969,0,0,0
2386194,0,0,0
2386365,0,0,0
2386538,0,0,0
2386722,0,0,0
2386903,0,0,0
2387123,0,0,0
2387304,0,0,0
2387502,0,0,0
2387712,0,0,0
2387864,0,0,0
2388070,0,0,0
2388237,0,0,0
2388472,0,0,0
2388681,0,0,0
2388902,0,0,0
2389087,0,0,0
2389331,0,0,0
2389523,0,0,0
2389731,0,0,0
2389894,0,0,0
2390084,0,0,0
2390272,0,0,0
2390480,0,0,0
2390706,0,0,0
2390914,0,0,0
2391109,0,0,0
2391267,0,0,0
2391480,0,0,0
2391638,0,0,0
2391798,0,0,0
2391982,0,0,0
2392162,0,0,0
2392320,0,0,0
2392475,0,0,0
2392645,0,0,0
2392805,0,0,0
2392984,0,0,0
2393185,0,0,0
2393357,0,0,0
2393542,0,0,0
2393779,0,0,0
2393981,0,0,0
2394182,0,0,0
2394365,0,0,0
2394628,0,0,0
2394840,0,0,0
2395015,0,0,0
2395235,0,0,0
2395410,0,0,0
2395574,0,0,0
2395783,0,0,0
2396012,0,0,0
2396195,0,0,0
2396378,0,0,0
2396547,0,0,0
2396821,0,0,0
2397012,0,0,0
2397192,0,0,0
2397392,0,0,0
2397556,0,0,0
2397777,0,0,0
2397957,0,0,0
2398166,0,0,0
2398372,0,0,0
2398589,0,0,0
2398802,0,0,0
2398982,0,0,0
2399240,0,0,0
2399444,0,0,0
2399648,0,0,0
2399858,0,0,0
2399998,0,0,0
2400158,0,0,0
2400373,0,0,0
2400540,0,0,0
2400705,0,0,0
2400869,0,0,0
2401057,0,0,0
2401283,0,0,0
2401519,0,0,0
2401789,0,0,0
2402033,0,0,0
2402193,0,0,0
2402378,0,0,0
2402589,0,0,0
2402784,0,0,0
2403003,0,0,0
2403207,0,0,0
2403428,0,0,0
2403616,0,0,0
2403847,0,0,0
2404005,0,0,0
2404176,0,0,0
2404338,0,0,0
2404544,0,0,0
2404700,0,0,0
2404906,0,0,0
2405094,0,0,0
2405289,0,0,0
2405462,0,0,0
2405637,0,0,0
2405807,0,0,0
2406038,0,0,0
2406180,0,0,0
2406351,0,0,0
2406550,0,0,0
2406738,0,0,0
2406914,0,0,0
2407079,0,0,0
2407260,0,0,0
2407478,0,0,0
2407643,0,0,0
2407854,0,0,0
2408022,0,0,0
2408245,0,0,0
2408404,0,0,0
2408608,0,0,0
2408813,0,0,0
2408986,0,0,0
2409170,0,0,0
2409394,0,0,0
2409605,0,0,0
2409792,0,0,0
2409979,0,0,0
2410166,0,0,0
2410316,0,0,0
2410488,0,0,0
2410680,0,0,0
2410881,0,0,0
2411037,0,0,0
2411236,0,0,0
2411482,0,0,0
2411643,0,0,0
2411879,0,0,0
2412064,0,0,0
2412248,0,0,0
2412450,0,0,0
2412675,0,0,0
2412887,0,0,0
2413136,0,0,0
2413331,0,0,0
2413554,0,0,0
2413746,0,0,0
2413963,0,0,0
2414097,0,0,0
2414274,0,0,0
2414504,0,0,0
2414649,0,0,0
2414820,0,0,0
2415047,0,0,0
2415210,0,0,0
2415445,0,0,0
2415656,0,0,0
2415841,0,0,0
2416072,0,0,0
2416244,0,0,0
2416459,0,0,0
2416657,0,0,0
2416883,0,0,0
2417082,0,0,0
2417275,0,0,0
2417469,0,0,0
2417638,0,0,0
2417844,0,0,0
2418037,0,0,0
2418206,0,0,0
2418427,0,0,0
2418601,0,0,0
2418849,0,0,0
2419060,0,0,0
2419259,0,0,0
2419469,0,0,0
2419639,0,0,0
2419816,0,0,0
2420011,0,0,0
2420205,0,0,0
2420374,0,0,0
2420573,0,0,0
2420751,0,0,0
2420942,0,0,0
2421143,0,0,0
2421351,0,0,0
2421528,0,0,0
2421773,0,0,0
2421935,0,0,0
2422105,0,0,0
2422289,0,0,0
2422472,0,0,0
2422681,0,0,0
2422854,0,0,0
2423073,0,0,0
2423305,0,0,0
2423506,0,0,0
2423707,0,0,0
2423938,0,0,0
2424177,0,0,0
2424374,0,0,0
2424546,0,0,0
2424812,0,0,0
2424968,0,0,0
2425190,0,0,0
2425398,0,0,0
2425591,0,0,0
2425787,0,0,0
2425982,0,0,0
2426147,0,0,0
2426402,0,0,0
2426557,0,0,0
2426760,0,0,0
2427004,0,0,0
2427205,0,0,0
2427433,0,0,0
2427663,0,0,0
2427870,0,0,0
2428056,0,0,0
2428227,0,0,0
2428466,0,0,0
2428655,0,0,0
2428827,0,0,0
2429066,0,0,0
2429280,0,0,0
2429591,0,0,0
2429884,0,0,0
2430295,0,0,0
2430658,0,0,0
2430944,0,0,0
2431288,0,0,0
2431593,0,0,0
2431825,0,0,0
2432046,0,0,0
2432453,0,0,0
2432644,0,0,0
2432788,0,0,0
2432957,0,0,0
2433134,0,0,0
2433297,0,0,0
2433480,0,0,0
2433700,0,0,0
2433874,0,0,0
2434027,0,0,0
2434255,0,0,0
2434407,0,0,0
2434538,0,0,0
2434715,0,0,0
2434902,0,0,0
2435066,0,0,0
2435268,0,0,0
2435429,0,0,0
2435637,0,0,0
2435815,0,0,0
2435967,0,0,0
2436147,0,0,0
2436291,0,0,0
2436462,0,0,0
2436611,0,0,0
2436750,0,0,0
2436919,0,0,0
2437104,0,0,0
2437275,0,0,0
2437466,0,0,0
2437645,0,0,0
2437819,0,0,0
2438009,0,0,0
2438179,0,0,0
2438322,0,0,0
2438476,0,0,0
2438631,0,0,0
2438766,0,0,0
2438934,0,0,0
2439078,0,0,0
2439265,0,0,0
2439435,0,0,0
2439603,0,0,0
2439757,0,0,0
2439909,0,0,0
2440082,0,0,0
2440241,0,0,0
2440417,0,0,0
2440588,0,0,0
2440737,0,0,0
2440891,0,0,0
2441083,0,0,0
2441222,0,0,0
2441426,0,0,0
2441599,0,0,0
2441756,0,0,0
2441901,0,0,0
2442118,0,0,0
2442285,0,0,0
2442436,0,0,0
2442612,0,0,0
2442761,0,0,0
2442944,0,0,0
2443090,0,0,0
2443271,0,0,0
2443470,0,0,0
2443634,0,0,0
2443787,0,0,0
2443963,0,0,0
2444165,0,0,0
2444322,0,0,0
2444494,0,0,0
2444662,0,0,0
2444861,0,0,0
2445012,0,0,0
2445156,0,0,0
2445322,0,0,0
2445512,0,0,0
2445682,0,0,0
2445831,0,0,0
2446011,0,0,0
2446207,0,0,0
2446403,0,0,0
2446554,0,0,0
2446696,0,0,0
2446870,0,0,0
2447071,0,0,0
2447241,0,0,0
2447378,0,0,0
2447580,0,0,0
2447766,0,0,0
2447968,0,0,0
2448145,0,0,0
2448323,0,0,0
2448493,0,0,0
2448665,0,0,0
2448817,0,0,0
2448976,0,0,0
2449134,0,0,0
2449314,0,0,0
2449483,0,0,0
2449662,0,0,0
2449827,0,0,0
2450029,0,0,0
2450217,0,0,0
2450390,0,0,0
2450586,0,0,0
2450731,0,0,0
2450885,0,0,0
2451099,0,0,0
2451308,0,0,0
2451462,0,0,0
2451617,0,0,0
2451756,0,0,0
2451910,0,0,0
2452047,0,0,0
2452249,0,0,0
2452439,0,0,0
2452611,0,0,0
2452806,0,0,0
2452978,0,0,0
2453135,0,0,0
2453289,0,0,0
2453519,0,0,0
2453703,0,0,0
2453856,0,0,0
2454026,0,0,0
2454209,0,0,0
2454396,0,0,0
2454575,0,0,0
2454730,0,0,0
2454888,0,0,0
2455078,0,0,0
2455258,0,0,0
2455427,0,0,0
2455596,0,0,0
2455765,0,0,0
2455952,0,0,0
2456125,0,0,0
2456290,0,0,0
2456460,0,0,0
2456618,0,0,0
2456777,0,0,0
2456937,0,0,0
2457096,0,0,0
2457257,0,0,0
2457433,0,0,0
2457607,0,0,0
2457754,0,0,0
2457926,0,0,0
2458111,0,0,0
2458297,0,0,0
2458468,0,0,0
2458643,0,0,0
2458804,0,0,0
2458964,0,0,0
2459154,0,0,0
2459329,0,0,0
2459508,0,0,0
2459662,0,0,0
2459812,0,0,0
2459965,0,0,0
2460148,0,0,0
2460315,0,0,0
2460465,0,0,0
2460661,0,0,0
2460802,0,0,0
2460992,0,0,0
2461187,0,0,0
2461370,0,0,0
2461550,0,0,0
2461703,0,0,0
2461933,0,0,0
2462122,0,0,0
2462323,0,0,0
2462493,0,0,0
2462668,0,0,0
2462849,0,0,0
2463025,0,0,0
2463186,0,0,0
2463439,0,0,0
2463584,0,0,0
2463759,0,0,0
2463963,0,0,0
2464138,0,0,0
2464312,0,0,0
2464469,0,0,0
2464620,0,0,0
2464792,0,0,0
2464955,0,0,0
2465117,0,0,0
2465311,0,0,0
2465484,0,0,0
2465645,0,0,0
2465804,0,0,0
2465954,0,0,0
2466159,0,0,0
2466324,0,0,0
2466490,0,0,0
2466674,0,0,0
2466841,0,0,0
2467003,0,0,0
2467189,0,0,0
2467346,0,0,0
2467503,0,0,0
2467658,0,0,0
2467838,0,0,0
2467997,0,0,0
2468178,0,0,0
2468363,0,0,0
2468533,0,0,0
2468702,0,0,0
2468852,0,0,0
2468998,0,0,0
2469171,0,0,0
2469323,0,0,0
2469473,0,0,0
2469646,0,0,0
2469817,0,0,0
2469975,0,0,0
2470137,0,0,0
2470303,0,0,0
2470503,0,0,0
2470673,0,0,0
2470921,0,0,0
2471064,0,0,0
2471213,0,0,0
2471375,0,0,0
2471624,0,0,0
2471785,0,0,0
2471990,0,0,0
2472136,0,0,0
2472285,0,0,0
2472437,0,0,0
2472602,0,0,0
2472766,0,0,0
2472936,0,0,0
2473110,0,0,0
2473281,0,0,0
2473461,0,0,0
2473605,0,0,0
2473750,0,0,0
2473919,0,0,0
2474078,0,0,0
2474256,0,0,0
2474413,0,0,0
2474568,0,0,0
2474759,0,0,0
2474932,0,0,0
2475130,0,0,0
2475314,0,0,0
2475471,0,0,0
2475658,0,0,0
2475819,0,0,0
2475993,0,0,0
2476152,0,0,0
2476367,0,0,0
2476537,0,0,0
2476690,0,0,0
2476857,0,0,0
2477039,0,0,0
2477204,0,0,0
2477359,0,0,0
2477503,0,0,0
2477654,0,0,0
2477809,0,0,0
2477985,0,0,0
2478166,0,0,0
2478364,0,0,0
2478554,0,0,0
2478713,0,0,0
2478876,0,0,0
2479046,0,0,0
2479217,0,0,0
2479390,0,0,0
2479542,0,0,0
2479716,0,0,0
2479899,0,0,0
2480083,0,0,0
2480251,0,0,0
2480425,0,0,0
2480601,0,0,0
2480758,0,0,0
2480938,0,0,0
2481139,0,0,0
2481273,0,0,0
2481435,0,0,0
2481585,0,0,0
2481763,0,0,0
2481920,0,0,0
2482094,0,0,0
2482258,0,0,0
2482411,0,0,0
2482581,0,0,0
2482761,0,0,0
2482948,0,0,0
2483104,0,0,0
2483300,0,0,0
2483472,0,0,0
2483659,0,0,0
2483825,0,0,0
2483993,0,0,0
2484200,0,0,0
2484349,0,0,0
2484508,0,0,0
2484734,0,0,0
2484898,0,0,0
2485061,0,0,0
2485214,0,0,0
2485390,0,0,0
2485574,0,0,0
2485743,0,0,0
2485924,0,0,0
2486083,0,0,0
2486259,0,0,0
2486460,0,0,0
2486647,0,0,0
2486880,0,0,0
2487070,0,0,0
2487279,0,0,0
2487606,0,0,0
2487836,0,0,0
2488019,0,0,0
2488231,0,0,0
2488398,0,0,0
2488584,0,0,0
2488774,0,0,0
2488958,0,0,0
2489095,0,0,0
2489323,0,0,0
2489530,0,0,0
2489691,0,0,0
2489862,0,0,0
2490059,0,0,0
2490245,0,0,0
2490412,0,0,0
2490588,0,0,0
2490790,0,0,0
2490971,0,0,0
2491169,0,0,0
2491365,0,0,0
2491502,0,0,0
2491665,0,0,0
2491832,0,0,0
2492020,0,0,0
2492166,0,0,0
2492373,0,0,0
2492508,0,0,0
2492740,0,0,0
2492923,0,0,0
2493102,0,0,0
2493277,0,0,0
2493448,0,0,0
2493632,0,0,0
2493806,0,0,0
2493980,0,0,0
2494278,0,0,0
2494581,0,0,0
2494818,0,0,0
2495136,0,0,0
2495406,0,0,0
2495634,0,0,0
2495848,0,0,0
2496052,0,0,0
2496276,0,0,0
2496517,0,0,0
2496844,0,0,0
2497041,0,0,0
2497241,0,0,0
2497561,0,0,0
2497726,0,0,0
2498020,0,0,0
2498199,0,0,0
2498381,0,0,0
2498615,0,0,0
2498781,0,0,0
2498915,0,0,0
2499041,0,0,0
2499178,0,0,0
2499323,0,0,0
2499445,0,0,0
2499566,0,0,0
2499688,0,0,0
2499812,0,0,0
2499963,0,0,0
2500093,0,0,0
2500243,0,0,0
2500378,0,0,0
2500512,0,0,0
2500645,0,0,0
2500805,0,0,0
2500943,0,0,0
2501092,0,0,0
2501223,0,0,0
2501356,0,0,0
2501484,0,0,0
2501651,0,0,0
2501806,0,0,0
2501941,0,0,0
2502087,0,0,0
2502239,0,0,0
2502422,0,0,0
2502584,0,0,0
2502750,0,0,0
2502938,0,0,0
2503078,0,0,0
2503260,0,0,0
2503414,0,0,0
2503550,0,0,0
2503740,0,0,0
2503921,0,0,0
2504153,0,0,0
2504352,0,0,0
2504531,0,0,0
2504674,0,0,0
2504822,0,0,0
2504998,0,0,0
2505152,0,0,0
2505332,0,0,0
2505455,0,0,0
2505588,0,0,0
2505847,0,0,0
2506114,0,0,0
2506373,0,0,0
2506645,0,0,0
2506920,0,0,0
2507212,0,0,0
2507457,0,0,0
2507771,0,0,0
2508064,0,0,0
2508241,0,0,0
2508448,0,0,0
2508673,0,0,0
2509094,0,0,0
2509439,0,0,0
2509763,0,0,0
2510098,0,0,0
2510441,0,0,0
2510792,0,0,0
2511160,0,0,0
2511386,0,0,0
2511581,0,0,0
2511816,0,0,0
2511996,0,0,0
2512149,0,0,0
2512306,0,0,0
2512490,0,0,0
2512728,0,0,0
2512907,0,0,0
2513058,0,0,0
2513206,0,0,0
2513382,0,0,0
2513534,0,0,0
2513769,0,0,0
2513992,0,0,0
2514233,0,0,0
2514419,0,0,0
2514588,0,0,0
2514739,0,0,0
2515094,0,0,0
2515275,0,0,0
2515429,0,0,0
2515590,0,0,0
2515734,0,0,0
2515890,0,0,0
2516061,0,0,0
2516251,0,0,0
2516399,0,0,0
2516605,0,0,0
2516778,0,0,0
2516950,0,0,0
2517125,0,0,0
2517290,0,0,0
2517477,0,0,0
2517624,0,0,0
2517793,0,0,0
2517950,0,0,0
2518096,0,0,0
2518239,0,0,0
2518389,0,0,0
2518539,0,0,0
2518708,0,0,0
2518865,0,0,0
2519038,0,0,0
2519241,0,0,0
2519388,0,0,0
2519588,0,0,0
2519752,0,0,0
2519928,0,0,0
2520089,0,0,0
2520251,0,0,0
2520393,0,0,0
2520550,0,0,0
2520709,0,0,0
2520899,0,0,0
2521067,0,0,0
2521237,0,0,0
2521378,0,0,0
2521579,0,0,0
2521737,0,0,0
2521921,0,0,0
2522089,0,0,0
2522241,0,0,0
2522436,0,0,0
2522605,0,0,0
2522792,0,0,0
2522971,0,0,0
2523163,0,0,0
2523356,0,0,0
2523573,0,0,0
2523754,0,0,0
2523943,0,0,0
2524088,0,0,0
2524230,0,0,0
2524464,0,0,0
2524679,0,0,0
2524861,0,0,0
2525088,0,0,0
2525264,0,0,0
2525464,0,0,0
2525670,0,0,0
2525854,0,0,0
2526141,0,0,0
2526327,0,0,0
2526563,0,0,0
2526742,0,0,0
2526956,0,0,0
2527158,0,0,0
2527298,0,0,0
2527471,0,0,0
2527648,0,0,0
2527847,0,0,0
2528025,0,0,0
2528213,0,0,0
2528454,0,0,0
2528689,0,0,0
2528902,0,0,0
2529077,0,0,0
2529296,0,0,0
2529467,0,0,0
2529701,0,0,0
2529874,0,0,0
2530129,0,0,0
2530292,0,0,0
2530481,0,0,0
2530729,0,0,0
2530894,0,0,0
2531155,0,0,0
2531373,0,0,0
2531625,0,0,0
2531784,0,0,0
2531974,0,0,0
2532211,0,0,0
2532397,0,0,0
2532622,0,0,0
2532788,0,0,0
2532996,0,0,0
2533159,0,0,0
2533342,0,0,0
2533538,0,0,0
2533702,0,0,0
2533914,0,0,0
2534096,0,0,0
2534309,0,0,0
2534553,0,0,0
2534750,0,0,0
2534893,0,0,0
2535118,0,0,0
2535277,0,0,0
2535530,0,0,0
2535668,0,0,0
2535885,0,0,0
2536105,0,0,0
2536296,0,0,0
2536487,0,0,0
2536659,0,0,0
2536833,0,0,0
2536998,0,0,0
2537268,0,0,0
2537410,0,0,0
2537664,0,0,0
2537838,0,0,0
2538036,0,0,0
2538272,0,0,0
2538429,0,0,0
2538632,0,0,0
2538893,0,0,0
2539059,0,0,0
2539334,0,0,0
2539460,0,0,0
2539735,0,0,0
2539939,0,0,0
2540139,0,0,0
2540292,0,0,0
2540502,0,0,0
2540683,0,0,0
2540869,0,0,0
2541079,0,0,0
2541252,0,0,0
2541443,0,0,0
2541704,0,0,0
2541886,0,0,0
2542102,0,0,0
2542317,0,0,0
2542531,0,0,0
2542727,0,0,0
2542948,0,0,0
2543138,0,0,0
2543353,0,0,0
2543541,0,0,0
2543734,0,0,0
2544079,0,0,0
2544319,0,0,0
2544511,0,0,0
2544718,0,0,0
2544896,0,0,0
2545132,0,0,0
2545337,0,0,0
2545550,0,0,0
2545704,0,0,0
2545873,0,0,0
2546039,0,0,0
2546274,0,0,0
2546427,0,0,0
2546603,0,0,0
2546780,0,0,0
2547045,0,0,0
2547178,0,0,0
2547351,0,0,0
2547609,0,0,0
2547806,0,0,0
2548066,0,0,0
2548323,0,0,0
2548517,0,0,0
2548713,0,0,0
2548903,0,0,0
2549124,0,0,0
2549289,0,0,0
2549465,0,0,0
2549645,0,0,0
2549958,0,0,0
2550156,0,0,0
2550356,0,0,0
2550590,0,0,0
2550835,0,0,0
2551015,0,0,0
2551186,0,0,0
2551389,0,0,0
2551547,0,0,0
2551740,0,0,0
2551927,0,0,0
2552236,0,0,0
2552407,0,0,0
2552578,0,0,0
2552820,0,0,0
2553055,0,0,0
2553226,0,0,0
2553426,0,0,0
2553623,0,0,0
2553812,0,0,0
2554069,0,0,0
2554257,0,0,0
2554406,0,0,0
2554642,0,0,0
2554852,0,0,0
2555058,0,0,0
2555335,0,0,0
2555488,0,0,0
2555726,0,0,0
2555965,0,0,0
2556295,0,0,0
2556732,0,0,0
2557096,0,0,0
2557546,0,0,0
2557928,0,0,0
2558339,0,0,0
2558679,0,0,0
2558899,0,0,0
2559245,0,0,0
2559462,0,0,0
2559620,0,0,0
2559761,0,0,0
2559933,0,0,0
2560129,0,0,0
2560276,0,0,0
2560448,0,0,0
2560600,0,0,0
2560760,0,0,0
2560941,0,0,0
2561150,0,0,0
2561290,0,0,0
2561448,0,0,0
2561607,0,0,0
2561759,0,0,0
2561925,0,0,0
2562143,0,0,0
2562288,0,0,0
2562485,0,0,0
2562668,0,0,0
2562802,0,0,0
2562962,0,0,0
2563135,0,0,0
2563300,0,0,0
2563462,0,0,0
2563627,0,0,0
2563767,0,0,0
2563964,0,0,0
2564129,0,0,0
2564297,0,0,0
2564449,0,0,0
2564612,0,0,0
2564820,0,0,0
2564972,0,0,0
2565111,0,0,0
2565268,0,0,0
2565423,0,0,0
2565582,0,0,0
2565733,0,0,0
2565911,0,0,0
2566066,0,0,0
2566236,0,0,0
2566405,0,0,0
2566551,0,0,0
2566695,0,0,0
2566950,0,0,0
2567106,0,0,0
2567275,0,0,0
2567451,0,0,0
2567634,0,0,0
2567799,0,0,0
2567934,0,0,0
2568080,0,0,0
2568239,0,0,0
2568393,0,0,0
2568600,0,0,0
2568788,0,0,0
2569020,0,0,0
2569155,0,0,0
2569308,0,0,0
2569493,0,0,0
2569645,0,0,0
2569835,0,0,0
2569996,0,0,0
2570167,0,0,0
2570306,0,0,0
2570477,0,0,0
2570625,0,0,0
2570824,0,0,0
2570958,0,0,0
2571140,0,0,0
2571324,0,0,0
2571474,0,0,0
2571609,0,0,0
2571769,0,0,0
2571946,0,0,0
2572129,0,0,0
2572291,0,0,0
2572448,0,0,0
2572623,0,0,0
2572803,0,0,0
2572962,0,0,0
2573126,0,0,0
2573295,0,0,0
2573456,0,0,0
2573634,0,0,0
2573797,0,0,0
2573963,0,0,0
2574129,0,0,0
2574287,0,0,0
2574467,0,0,0
2574630,0,0,0
2574763,0,0,0
2574934,0,0,0
2575101,0,0,0
2575271,0,0,0
2575452,0,0,0
2575603,0,0,0
2575847,0,0,0
2576006,0,0,0
2576172,0,0,0
2576360,0,0,0
2576507,0,0,0
2576657,0,0,0
2576811,0,0,0
2577004,0,0,0
2577153,0,0,0
2577310,0,0,0
2577477,0,0,0
2577638,0,0,0
2577787,0,0,0
2577948,0,0,0
2578104,0,0,0
2578257,0,0,0
2578400,0,0,0
2578572,0,0,0
2578736,0,0,0
2578867,0,0,0
2578999,0,0,0
2579180,0,0,0
2579327,0,0,0
2579476,0,0,0
2579635,0,0,0
2579786,0,0,0
2579935,0,0,0
2580088,0,0,0
2580277,0,0,0
2580433,0,0,0
2580607,0,0,0
2580746,0,0,0
2580919,0,0,0
2581060,0,0,0
2581210,0,0,0
2581373,0,0,0
2581512,0,0,0
2581656,0,0,0
2581815,0,0,0
2581997,0,0,0
2582164,0,0,0
2582307,0,0,0
2582489,0,0,0
2582664,0,0,0
2582812,0,0,0
2582979,0,0,0
2583136,0,0,0
2583372,0,0,0
2583538,0,0,0
2583698,0,0,0
2583865,0,0,0
2584019,0,0,0
2584170,0,0,0
2584350,0,0,0
2584506,0,0,0
2584650,0,0,0
2584798,0,0,0
2584946,0,0,0
2585116,0,0,0
2585268,0,0,0
2585424,0,0,0
2585587,0,0,0
2585760,0,0,0
2585992,0,0,0
2586174,0,0,0
2586358,0,0,0
2586513,0,0,0
2586657,0,0,0
2586846,0,0,0
2587001,0,0,0
2587177,0,0,0
2587321,0,0,0
2587477,0,0,0
2587640,0,0,0
2587799,0,0,0
2587955,0,0,0
2588101,0,0,0
2588276,0,0,0
2588448,0,0,0
2588608,0,0,0
2588768,0,0,0
2588953,0,0,0
2589100,0,0,0
2589280,0,0,0
2589564,0,0,0
2589686,0,0,0
2589896,0,0,0
2590040,0,0,0
2590192,0,0,0
2590350,0,0,0
2590518,0,0,0
2590684,0,0,0
2590863,0,0,0
2591021,0,0,0
2591182,0,0,0
2591357,0,0,0
2591530,0,0,0
2591674,0,0,0
2591817,0,0,0
2592032,0,0,0
2592203,0,0,0
2592396,0,0,0
2592562,0,0,0
2592746,0,0,0
2592940,0,0,0
2593102,0,0,0
2593274,0,0,0
2593447,0,0,0
2593587,0,0,0
2593735,0,0,0
2593888,0,0,0
2594032,0,0,0
2594184,0,0,0
2594359,0,0,0
2594502,0,0,0
2594662,0,0,0
2594806,0,0,0
2594948,0,0,0
2595107,0,0,0
2595297,0,0,0
2595455,0,0,0
2595638,0,0,0
2595840,0,0,0
2595997,0,0,0
2596160,0,0,0
2596305,0,0,0
2596490,0,0,0
2596644,0,0,0
2596818,0,0,0
2596976,0,0,0
2597133,0,0,0
2597297,0,0,0
2597486,0,0,0
2597641,0,0,0
2597821,0,0,0
2597986,0,0,0
2598152,0,0,0
2598323,0,0,0
2598476,0,0,0
2598622,0,0,0
2598777,0,0,0
2598934,0,0,0
2599078,0,0,0
2599218,0,0,0
2599383,0,0,0
2599566,0,0,0
2599719,0,0,0
2599884,0,0,0
2600058,0,0,0
2600207,0,0,0
2600350,0,0,0
2600561,0,0,0
2600699,0,0,0
2600926,0,0,0
2601070,0,0,0
2601244,0,0,0
2601408,0,0,0
2601617,0,0,0
2601770,0,0,0
2601936,0,0,0
2602107,0,0,0
2602278,0,0,0
2602454,0,0,0
2602626,0,0,0
2602775,0,0,0
2602966,0,0,0
2603130,0,0,0
2603300,0,0,0
2603459,0,0,0
2603605,0,0,0
2603776,0,0,0
2603956,0,0,0
2604139,0,0,0
2604299,0,0,0
2604473,0,0,0
2604642,0,0,0
2604801,0,0,0
2604965,0,0,0
2605133,0,0,0
2605302,0,0,0
2605478,0,0,0
2605642,0,0,0
2605858,0,0,0
2606069,0,0,0
2606250,0,0,0
2606417,0,0,0
2606579,0,0,0
2606749,0,0,0
2606913,0,0,0
2607092,0,0,0
2607267,0,0,0
2607435,0,0,0
2607585,0,0,0
2607739,0,0,0
2607896,0,0,0
2608085,0,0,0
2608249,0,0,0
2608453,0,0,0
2608604,0,0,0
2608774,0,0,0
2608961,0,0,0
2609135,0,0,0
2609278,0,0,0
2609436,0,0,0
2609604,0,0,0
2609803,0,0,0
2609969,0,0,0
2610133,0,0,0
2610304,0,0,0
2610502,0,0,0
2610678,0,0,0
2610809,0,0,0
2610992,0,0,0
2611134,0,0,0
2611294,0,0,0
2611448,0,0,0
2611670,0,0,0
2611825,0,0,0
2611986,0,0,0
2612154,0,0,0
2612307,0,0,0
2612471,0,0,0
2612634,0,0,0
2612779,0,0,0
2612969,0,0,0
2613111,0,0,0
2613266,0,0,0
2613469,0,0,0
2613615,0,0,0
2613769,0,0,0
2613928,0,0,0
2614089,0,0,0
2614236,0,0,0
2614395,0,0,0
2614579,0,0,0
2614730,0,0,0
2614906,0,0,0
2615085,0,0,0
2615263,0,0,0
2615419,0,0,0
2615556,0,0,0
2615722,0,0,0
2615876,0,0,0
2616050,0,0,0
2616202,0,0,0
2616369,0,0,0
2616524,0,0,0
2616693,0,0,0
2616862,0,0,0
2617003,0,0,0
2617162,0,0,0
2617313,0,0,0
2617469,0,0,0
2617654,0,0,0
2617827,0,0,0
2617991,0,0,0
2618144,0,0,0
2618331,0,0,0
2618528,0,0,0
2618686,0,0,0
2618841,0,0,0
2619037,0,0,0
2619229,0,0,0
2619386,0,0,0
2619535,0,0,0
2619716,0,0,0
2619890,0,0,0
2620101,0,0,0
2620263,0,0,0
2620425,0,0,0
2620582,0,0,0
2620740,0,0,0
2620931,0,0,0
2621105,0,0,0
2621284,0,0,0
2621437,0,0,0
2621693,0,0,0
2621852,0,0,0
2622045,0,0,0
2622224,0,0,0
2622362,0,0,0
2622555,0,0,0
2622740,0,0,0
2622934,0,0,0
2623119,0,0,0
2623279,0,0,0
2623460,0,0,0
2623633,0,0,0
2623804,0,0,0
2623972,0,0,0
2624137,0,0,0
2624299,0,0,0
2624465,0,0,0
2624638,0,0,0
2624812,0,0,0
2624985,0,0,0
2625152,0,0,0
2625317,0,0,0
2625494,0,0,0
2625658,0,0,0
2625832,0,0,0
2626014,0,0,0
2626193,0,0,0
2626372,0,0,0
2626550,0,0,0
2626783,0,0,0
2626952,0,0,0
2627151,0,0,0
2627325,0,0,0
2627495,0,0,0
2627649,0,0,0
2627818,0,0,0
2627995,0,0,0
2628137,0,0,0
2628288,0,0,0
2628464,0,0,0
2628629,0,0,0
2628794,0,0,0
2628995,0,0,0
2629177,0,0,0
2629369,0,0,0
2629634,0,0,0
2629866,0,0,0
2630166,0,0,0
2630375,0,0,0
2630622,0,0,0
2630833,0,0,0
2631064,0,0,0
2631325,0,0,0
2631558,0,0,0
2631782,0,0,0
2632020,0,0,0
2632172,0,0,0
2632356,0,0,0
2632542,0,0,0
2632748,0,0,0
2633033,0,0,0
2633166,0,0,0
2633363,0,0,0
2633541,0,0,0
2633777,0,0,0
2634020,0,0,0
2634176,0,0,0
2634379,0,0,0
2634524,0,0,0
2634710,0,0,0
2634862,0,0,0
2635034,0,0,0
2635276,0,0,0
2635465,0,0,0
2635633,0,0,0
2635786,0,0,0
2635975,0,0,0
2636168,0,0,0
2636349,0,0,0
2636640,0,0,0
2636818,0,0,0
2636990,0,0,0
2637206,0,0,0
2637367,0,0,0
2637524,0,0,0
2637706,0,0,0
2637875,0,0,0
2638088,0,0,0
2638247,0,0,0
2638410,0,0,0
2638560,0,0,0
2638726,0,0,0
2638873,0,0,0
2639015,0,0,0
2639216,0,0,0
2639422,0,0,0
2639600,0,0,0
2639804,0,0,0
2640008,0,0,0
2640198,0,0,0
2640395,0,0,0
2640563,0,0,0
2640862,0,0,0
2641122,0,0,0
2641405,0,0,0
2641664,0,0,0
2641884,0,0,0
2642165,0,0,0
2642417,0,0,0
2642709,0,0,0
2642919,0,0,0
2643160,0,0,0
2643409,0,0,0
2643596,0,0,0
2643835,0,0,0
2644222,0,0,0
2644409,0,0,0
2644605,0,0,0
2644809,0,0,0
2644994,0,0,0
2645187,0,0,0
2645368,0,0,0
2645580,0,0,0
2645762,0,0,0
2645944,0,0,0
2646112,0,0,0
2646287,0,0,0
2646489,0,0,0
2646679,0,0,0
2646895,0,0,0
2647100,0,0,0
2647278,0,0,0
2647450,0,0,0
2647616,0,0,0
2647850,0,0,0
2648064,0,0,0
2648230,0,0,0
2648526,0,0,0
2648692,0,0,0
2648922,0,0,0
2649135,0,0,0
2649362,0,0,0
2649712,0,0,0
2649965,0,0,0
2650255,0,0,0
2650444,0,0,0
2650625,0,0,0
2650799,0,0,0
2650981,0,0,0
2651159,0,0,0
2651348,0,0,0
2651548,0,0,0
2651779,0,0,0
2652030,0,0,0
2652230,0,0,0
2652471,0,0,0
2652726,0,0,0
2652946,0,0,0
2653178,0,0,0
2653411,0,0,0
2653718,0,0,0
2653901,0,0,0
2654057,0,0,0
2654324,0,0,0
2654627,0,0,0
2654820,0,0,0
2654982,0,0,0
2655186,0,0,0
2655359,0,0,0
2655558,0,0,0
2655745,0,0,0
2655933,0,0,0
2656171,0,0,0
2656360,0,0,0
2656541,0,0,0
2657037,0,0,0
2657250,0,0,0
2657427,0,0,0
2657575,0,0,0
2657748,0,0,0
2657918,0,0,0
2658099,0,0,0
2658253,0,0,0
2658414,0,0,0
2658564,0,0,0
2658758,0,0,0
2658913,0,0,0
2659058,0,0,0
2659195,0,0,0
2659375,0,0,0
2659524,0,0,0
2659678,0,0,0
2659864,0,0,0
2660009,0,0,0
2660168,0,0,0
2660348,0,0,0
2660511,0,0,0
2660684,0,0,0
2660900,0,0,0
2661057,0,0,0
2661201,0,0,0
2661383,0,0,0
2661592,0,0,0
2661764,0,0,0
2661961,0,0,0
2662125,0,0,0
2662281,0,0,0
2662446,0,0,0
2662630,0,0,0
2662793,0,0,0
2662989,0,0,0
2663133,0,0,0
2663278,0,0,0
2663449,0,0,0
2663589,0,0,0
2663780,0,0,0
2663963,0,0,0
2664122,0,0,0
2664293,0,0,0
2664439,0,0,0
2664608,0,0,0
2664778,0,0,0
2665000,0,0,0
2665244,0,0,0
2665401,0,0,0
2665603,0,0,0
2665800,0,0,0
2665997,0,0,0
2666226,0,0,0
2666401,0,0,0
2666589,0,0,0
2666821,0,0,0
2667049,0,0,0
2667193,0,0,0
2667359,0,0,0
2667527,0,0,0
2667747,0,0,0
2667984,0,0,0
2668177,0,0,0
2668397,0,0,0
2668656,0,0,0
2668859,0,0,0
2669132,0,0,0
2669339,0,0,0
2669538,0,0,0
2669737,0,0,0
2669939,0,0,0
2670128,0,0,0
2670340,0,0,0
2670481,0,0,0
2670667,0,0,0
2670839,0,0,0
2671044,0,0,0
2671204,0,0,0
2671430,0,0,0
2671647,0,0,0
2671829,0,0,0
2672005,0,0,0
2672184,0,0,0
2672353,0,0,0
2672580,0,0,0
2672752,0,0,0
2672988,0,0,0
2673163,0,0,0
2673327,0,0,0
2673575,0,0,0
2673800,0,0,0
2674024,0,0,0
2674186,0,0,0
2674379,0,0,0
2674536,0,0,0
2674771,0,0,0
2674952,0,0,0
2675109,0,0,0
2675324,0,0,0
2675545,0,0,0
2675732,0,0,0
2675907,0,0,0
2676145,0,0,0
2676349,0,0,0
2676513,0,0,0
2676696,0,0,0
2676870,0,0,0
2677135,0,0,0
2677392,0,0,0
2677534,0,0,0
2677749,0,0,0
2677963,0,0,0
2678117,0,0,0
2678349,0,0,0
2678538,0,0,0
2678725,0,0,0
2678913,0,0,0
2679127,0,0,0
2679394,0,0,0
2679613,0,0,0
2679801,0,0,0
2679968,0,0,0
2680170,0,0,0
2680374,0,0,0
2680606,0,0,0
2680865,0,0,0
2681111,0,0,0
2681290,0,0,0
2681495,0,0,0
2681688,0,0,0
2681914,0,0,0
2682106,0,0,0
2682347,0,0,0
2682620,0,0,0
2682782,0,0,0
2683040,0,0,0
2683285,0,0,0
2683440,0,0,0
2683662,0,0,0
2683841,0,0,0
2684108,0,0,0
2684337,0,0,0
2684580,0,0,0
2684780,0,0,0
2684977,0,0,0
2685256,0,0,0
2685413,0,0,0
2685596,0,0,0
2685818,0,0,0
2686063,0,0,0
2686235,0,0,0
2686416,0,0,0
2686623,0,0,0
2686847,0,0,0
2687022,0,0,0
2687224,0,0,0
2687429,0,0,0
2687621,0,0,0
2687794,0,0,0
2688002,0,0,0
2688222,0,0,0
2688427,0,0,0
2688648,0,0,0
2688816,0,0,0
2688991,0,0,0
2689272,0,0,0
2689476,0,0,0
2689761,0,0,0
2690164,0,0,0
2690557,0,0,0
2690853,0,0,0
2691163,0,0,0
2691456,0,0,0
2691808,0,0,0
2692167,0,0,0
2692505,0,0,0
2692765,0,0,0
2693021,0,0,0
2693146,0,0,0
2693370,0,0,0
2693532,0,0,0
2693680,0,0,0
2693872,0,0,0
2694015,0,0,0
2694173,0,0,0
2694345,0,0,0
2694489,0,0,0
2694698,0,0,0
2694893,0,0,0
2695037,0,0,0
2695195,0,0,0
2695352,0,0,0
2695485,0,0,0
2695643,0,0,0
2695800,0,0,0
2695966,0,0,0
2696204,0,0,0
2696368,0,0,0
2696556,0,0,0
2696723,0,0,0
2696886,0,0,0
2697051,0,0,0
2697227,0,0,0
2697416,0,0,0
2697584,0,0,0
2697746,0,0,0
2697900,0,0,0
2698059,0,0,0
2698234,0,0,0
2698424,0,0,0
2698578,0,0,0
2698757,0,0,0
2698930,0,0,0
2699083,0,0,0
2699225,0,0,0
2699371,0,0,0
2699533,0,0,0
2699737,0,0,0
2699917,0,0,0
2700108,0,0,0
2700317,0,0,0
2700515,0,0,0
2700675,0,0,0
2700839,0,0,0
2700997,0,0,0
2701181,0,0,0
2701322,0,0,0
2701511,0,0,0
2701671,0,0,0
2701880,0,0,0
2702083,0,0,0
2702249,0,0,0
2702430,0,0,0
2702562,0,0,0
2702718,0,0,0
2702888,0,0,0
2703039,0,0,0
2703195,0,0,0
2703347,0,0,0
2703588,0,0,0
2703754,0,0,0
2703946,0,0,0
2704099,0,0,0
2704293,0,0,0
2704439,0,0,0
2704590,0,0,0
2704729,0,0,0
2704883,0,0,0
2705054,0,0,0
2705199,0,0,0
2705341,0,0,0
2705499,0,0,0
2705755,0,0,0
2705893,0,0,0
2706039,0,0,0
2706191,0,0,0
2706358,0,0,0
2706531,0,0,0
2706700,0,0,0
2706853,0,0,0
2707016,0,0,0
2707168,0,0,0
2707316,0,0,0
2707463,0,0,0
2707631,0,0,0
2707789,0,0,0
2707990,0,0,0
2708158,0,0,0
2708324,0,0,0
2708517,0,0,0
2708664,0,0,0
2708826,0,0,0
2708995,0,0,0
2709157,0,0,0
2709316,0,0,0
2709473,0,0,0
2709612,0,0,0
2709759,0,0,0
2709923,0,0,0
2710089,0,0,0
2710260,0,0,0
2710446,0,0,0
2710629,0,0,0
2710833,0,0,0
2711026,0,0,0
2711188,0,0,0
2711323,0,0,0
2711482,0,0,0
2711636,0,0,0
2711805,0,0,0
2711967,0,0,0
2712116,0,0,0
2712373,0,0,0
2712541,0,0,0
2712703,0,0,0
2712888,0,0,0
2713062,0,0,0
2713212,0,0,0
2713403,0,0,0
2713559,0,0,0
2713717,0,0,0
2713950,0,0,0
2714099,0,0,0
2714244,0,0,0
2714400,0,0,0
2714562,0,0,0
2714706,0,0,0
2714907,0,0,0
2715078,0,0,0
2715247,0,0,0
2715423,0,0,0
2715596,0,0,0
2715750,0,0,0
2715957,0,0,0
2716130,0,0,0
2716294,0,0,0
2716463,0,0,0
2716602,0,0,0
2716761,0,0,0
2716905,0,0,0
2717084,0,0,0
2717240,0,0,0
2717404,0,0,0
2717545,0,0,0
2717789,0,0,0
2717962,0,0,0
2718149,0,0,0
2718307,0,0,0
2718477,0,0,0
2718637,0,0,0
2718809,0,0,0
2718971,0,0,0
2719144,0,0,0
2719326,0,0,0
2719487,0,0,0
2719643,0,0,0
2719838,0,0,0
2719972,0,0,0
2720118,0,0,0
2720286,0,0,0
2720441,0,0,0
2720586,0,0,0
2720740,0,0,0
2720890,0,0,0
2721060,0,0,0
2721236,0,0,0
2721412,0,0,0
2721581,0,0,0
2721751,0,0,0
2721916,0,0,0
2722077,0,0,0
2722270,0,0,0
2722422,0,0,0
2722588,0,0,0
2722747,0,0,0
2722921,0,0,0
2723074,0,0,0
2723253,0,0,0
2723394,0,0,0
2723563,0,0,0
2723733,0,0,0
2723918,0,0,0
2724068,0,0,0
2724253,0,0,0
2724413,0,0,0
2724566,0,0,0
2724745,0,0,0
2724905,0,0,0
2725064,0,0,0
2725205,0,0,0
2725380,0,0,0
2725557,0,0,0
2725723,0,0,0
2725907,0,0,0
2726072,0,0,0
2726236,0,0,0
2726397,0,0,0
2726558,0,0,0
2726738,0,0,0
2726914,0,0,0
2727055,0,0,0
2727206,0,0,0
2727390,0,0,0
2727576,0,0,0
2727744,0,0,0
2727954,0,0,0
2728147,0,0,0
2728432,0,0,0
2728556,0,0,0
2728746,0,0,0
2728917,0,0,0
2729063,0,0,0
2729215,0,0,0
2729362,0,0,0
2729519,0,0,0
2729708,0,0,0
2729895,0,0,0
2730070,0,0,0
2730226,0,0,0
2730380,0,0,0
2730528,0,0,0
2730692,0,0,0
2730848,0,0,0
2731008,0,0,0
2731194,0,0,0
2731348,0,0,0
2731517,0,0,0
2731660,0,0,0
2731820,0,0,0
2731993,0,0,0
2732145,0,0,0
2732343,0,0,0
2732501,0,0,0
2732683,0,0,0
2732828,0,0,0
2732979,0,0,0
2733175,0,0,0
2733333,0,0,0
2733577,0,0,0
2733750,0,0,0
2733901,0,0,0
2734055,0,0,0
2734258,0,0,0
2734544,0,0,0
2734733,0,0,0
2734882,0,0,0
2735050,0,0,0
2735209,0,0,0
2735395,0,0,0
2735604,0,0,0
2735785,0,0,0
2735933,0,0,0
2736107,0,0,0
2736273,0,0,0
2736437,0,0,0
2736614,0,0,0
2736783,0,0,0
2736978,0,0,0
2737140,0,0,0
2737315,0,0,0
2737487,0,0,0
2737650,0,0,0
2737800,0,0,0
2737952,0,0,0
2738105,0,0,0
2738257,0,0,0
2738449,0,0,0
2738601,0,0,0
2738805,0,0,0
2738967,0,0,0
2739135,0,0,0
2739304,0,0,0
2739475,0,0,0
2739631,0,0,0
2739813,0,0,0
2739975,0,0,0
2740153,0,0,0
2740345,0,0,0
2740505,0,0,0
2740677,0,0,0
2740849,0,0,0
2741008,0,0,0
2741161,0,0,0
2741316,0,0,0
2741509,0,0,0
2741664,0,0,0
2741868,0,0,0
2742054,0,0,0
2742210,0,0,0
2742382,0,0,0
2742545,0,0,0
2742726,0,0,0
2742879,0,0,0
2743047,0,0,0
2743198,0,0,0
2743356,0,0,0
2743533,0,0,0
2743703,0,0,0
2743865,0,0,0
2744018,0,0,0
2744180,0,0,0
2744368,0,0,0
2744543,0,0,0
2744775,0,0,0
2744935,0,0,0
2745114,0,0,0
2745295,0,0,0
2745472,0,0,0
2745627,0,0,0
2745785,0,0,0
2745956,0,0,0
2746144,0,0,0
2746330,0,0,0
2746476,0,0,0
2746680,0,0,0
2746858,0,0,0
2747040,0,0,0
2747205,0,0,0
2747442,0,0,0
2747573,0,0,0
2747748,0,0,0
2747907,0,0,0
2748089,0,0,0
2748257,0,0,0
2748412,0,0,0
2748593,0,0,0
2748788,0,0,0
2748964,0,0,0
2749156,0,0,0
2749341,0,0,0
2749499,0,0,0
2749689,0,0,0
2749853,0,0,0
2750062,0,0,0
2750224,0,0,0
2750399,0,0,0
2750576,0,0,0
2750724,0,0,0
2750916,0,0,0
2751063,0,0,0
2751249,0,0,0
2751405,0,0,0
2751561,0,0,0
2751765,0,0,0
2751923,0,0,0
2752109,0,0,0
2752296,0,0,0
2752437,0,0,0
2752611,0,0,0
2752776,0,0,0
2752932,0,0,0
2753078,0,0,0
2753229,0,0,0
2753416,0,0,0
2753586,0,0,0
2753755,0,0,0
2753912,0,0,0
2754076,0,0,0
2754241,0,0,0
2754419,0,0,0
2754579,0,0,0
2754785,0,0,0
2754942,0,0,0
2755091,0,0,0
2755310,0,0,0
2755499,0,0,0
2755673,0,0,0
2755831,0,0,0
2756026,0,0,0
2756174,0,0,0
2756342,0,0,0
2756496,0,0,0
2756665,0,0,0
2756797,0,0,0
2756982,0,0,0
2757123,0,0,0
2757298,0,0,0
2757476,0,0,0
2757635,0,0,0
2757831,0,0,0
2758000,0,0,0
2758148,0,0,0
2758315,0,0,0
2758494,0,0,0
2758651,0,0,0
2758800,0,0,0
2758996,0,0,0
2759162,0,0,0
2759315,0,0,0
2759507,0,0,0
2759699,0,0,0
2759847,0,0,0
2760027,0,0,0
2760202,0,0,0
2760376,0,0,0
2760566,0,0,0
2760732,0,0,0
2760899,0,0,0
2761074,0,0,0
2761239,0,0,0
2761415,0,0,0
2761562,0,0,0
2761709,0,0,0
2761900,0,0,0
2762088,0,0,0
2762246,0,0,0
2762423,0,0,0
2762585,0,0,0
2762809,0,0,0
2762982,0,0,0
2763133,0,0,0
2763288,0,0,0
2763471,0,0,0
2763629,0,0,0
2763785,0,0,0
2763940,0,0,0
2764103,0,0,0
2764271,0,0,0
2764420,0,0,0
2764590,0,0,0
2764765,0,0,0
2764934,0,0,0
2765113,0,0,0
2765282,0,0,0
2765448,0,0,0
2765624,0,0,0
2765790,0,0,0
2765948,0,0,0
2766114,0,0,0
2766278,0,0,0
2766444,0,0,0
2766623,0,0,0
2766760,0,0,0
2766979,0,0,0
2767145,0,0,0
2767323,0,0,0
2767474,0,0,0
2767624,0,0,0
2767789,0,0,0
2767995,0,0,0
2768182,0,0,0
2768332,0,0,0
2768509,0,0,0
2768682,0,0,0
2768842,0,0,0
2768998,0,0,0
2769177,0,0,0
2769324,0,0,0
2769505,0,0,0
2769686,0,0,0
2769863,0,0,0
2770020,0,0,0
2770171,0,0,0
2770322,0,0,0
2770483,0,0,0
2770617,0,0,0
2770808,0,0,0
2771034,0,0,0
2771215,0,0,0
2771403,0,0,0
2771589,0,0,0
2771743,0,0,0
2771911,0,0,0
2772050,0,0,0
2772238,0,0,0
2772458,0,0,0
2772619,0,0,0
2772757,0,0,0
2772957,0,0,0
2773120,0,0,0
2773303,0,0,0
2773469,0,0,0
2773634,0,0,0
2773823,0,0,0
2773999,0,0,0
2774166,0,0,0
2774404,0,0,0
2774592,0,0,0
2774769,0,0,0
2774936,0,0,0
2775156,0,0,0
2775320,0,0,0
2775475,0,0,0
2775629,0,0,0
2775798,0,0,0
2775971,0,0,0
2776149,0,0,0
2776294,0,0,0
2776457,0,0,0
2776634,0,0,0
2776783,0,0,0
2776955,0,0,0
2777120,0,0,0
2777268,0,0,0
2777439,0,0,0
2777600,0,0,0
2777751,0,0,0
2777919,0,0,0
2778079,0,0,0
2778273,0,0,0
2778450,0,0,0
2778647,0,0,0
2778819,0,0,0
2779032,0,0,0
2779175,0,0,0
2779361,0,0,0
2779518,0,0,0
2779682,0,0,0
2779863,0,0,0
2780033,0,0,0
2780215,0,0,0
2780376,0,0,0
2780538,0,0,0
2780746,0,0,0
2780924,0,0,0
2781092,0,0,0
2781251,0,0,0
2781407,0,0,0
2781577,0,0,0
2781738,0,0,0
2781888,0,0,0
2782055,0,0,0
2782253,0,0,0
2782463,0,0,0
2782656,0,0,0
2782840,0,0,0
2783017,0,0,0
2783163,0,0,0
2783329,0,0,0
2783497,0,0,0
2783649,0,0,0
2783817,0,0,0
2783970,0,0,0
2784141,0,0,0
2784304,0,0,0
2784467,0,0,0
2784622,0,0,0
2784788,0,0,0
2784956,0,0,0
2785129,0,0,0
2785275,0,0,0
2785422,0,0,0
2785559,0,0,0
2785777,0,0,0
2785940,0,0,0
2786104,0,0,0
2786272,0,0,0
2786454,0,0,0
2786654,0,0,0
2786801,0,0,0
2786956,0,0,0
2787126,0,0,0
2787318,0,0,0
2787478,0,0,0
2787617,0,0,0
2787759,0,0,0
2787916,0,0,0
2788096,0,0,0
2788295,0,0,0
2788459,0,0,0
2788666,0,0,0
2788815,0,0,0
2788966,0,0,0
2789130,0,0,0
2789341,0,0,0
2789535,0,0,0
2789714,0,0,0
2789870,0,0,0
2790031,0,0,0
2790211,0,0,0
2790376,0,0,0
2790589,0,0,0
2790806,0,0,0
2790970,0,0,0
2791174,0,0,0
2791358,0,0,0
2791525,0,0,0
2791675,0,0,0
2791843,0,0,0
2791997,0,0,0
2792174,0,0,0
2792352,0,0,0
2792511,0,0,0
2792702,0,0,0
2792868,0,0,0
2793030,0,0,0
2793188,0,0,0
2793338,0,0,0
2793485,0,0,0
2793635,0,0,0
2793803,0,0,0
2793970,0,0,0
2794128,0,0,0
2794315,0,0,0
2794485,0,0,0
2794654,0,0,0
2794841,0,0,0
2795019,0,0,0
2795189,0,0,0
2795377,0,0,0
2795537,0,0,0
2795702,0,0,0
2795883,0,0,0
2796073,0,0,0
2796250,0,0,0
2796429,0,0,0
2796596,0,0,0
2796762,0,0,0
2796917,0,0,0
2797146,0,0,0
2797293,0,0,0
2797461,0,0,0
2797622,0,0,0
2797793,0,0,0
2797961,0,0,0
2798191,0,0,0
2798396,0,0,0
2798561,0,0,0
2798731,0,0,0
2798906,0,0,0
2799075,0,0,0
2799227,0,0,0
2799378,0,0,0
2799542,0,0,0
2799739,0,0,0
2799901,0,0,0
2800069,0,0,0
2800227,0,0,0
2800384,0,0,0
2800578,0,0,0
2800750,0,0,0
2800900,0,0,0
2801055,0,0,0
2801212,0,0,0
2801381,0,0,0
2801567,0,0,0
2801732,0,0,0
2801901,0,0,0
2802087,0,0,0
2802253,0,0,0
2802406,0,0,0
2802584,0,0,0
2802733,0,0,0
2802884,0,0,0
2803044,0,0,0
2803195,0,0,0
2803351,0,0,0
2803525,0,0,0
2803692,0,0,0
2803881,0,0,0
2804057,0,0,0
2804207,0,0,0
2804378,0,0,0
2804555,0,0,0
2804749,0,0,0
2804919,0,0,0
2805068,0,0,0
2805232,0,0,0
2805405,0,0,0
2805559,0,0,0
2805708,0,0,0
2805896,0,0,0
2806047,0,0,0
2806276,0,0,0
2806456,0,0,0
2806621,0,0,0
2806795,0,0,0
2807007,0,0,0
2807168,0,0,0
2807337,0,0,0
2807512,0,0,0
2807668,0,0,0
2807840,0,0,0
2808026,0,0,0
2808199,0,0,0
2808374,0,0,0
2808531,0,0,0
2808706,0,0,0
2808869,0,0,0
2809041,0,0,0
2809237,0,0,0
2809398,0,0,0
2809578,0,0,0
2809791,0,0,0
2810005,0,0,0
2810179,0,0,0
2810387,0,0,0
2810610,0,0,0
2810770,0,0,0
2810936,0,0,0
2811125,0,0,0
2811298,0,0,0
2811479,0,0,0
2811664,0,0,0
2811874,0,0,0
2812046,0,0,0
2812210,0,0,0
2812379,0,0,0
2812557,0,0,0
2812738,0,0,0
2812917,0,0,0
2813076,0,0,0
2813257,0,0,0
2813428,0,0,0
2813604,0,0,0
2813785,0,0,0
2813936,0,0,0
2814109,0,0,0
2814298,0,0,0
2814439,0,0,0
2814617,0,0,0
2814796,0,0,0
2814971,0,0,0
2815129,0,0,0
2815287,0,0,0
2815482,0,0,0
2815643,0,0,0
2815821,0,0,0
2815976,0,0,0
2816142,0,0,0
2816321,0,0,0
2816498,0,0,0
2816633,0,0,0
2816786,0,0,0
2816980,0,0,0
2817148,0,0,0
2817299,0,0,0
2817516,0,0,0
2817685,0,0,0
2817876,0,0,0
2818036,0,0,0
2818185,0,0,0
2818365,0,0,0
2818506,0,0,0
2818652,0,0,0
2818830,0,0,0
2819020,0,0,0
2819168,0,0,0
2819375,0,0,0
2819551,0,0,0
2819719,0,0,0
2819917,0,0,0
2820082,0,0,0
2820266,0,0,0
2820458,0,0,0
2820628,0,0,0
2820798,0,0,0
2820965,0,0,0
2821154,0,0,0
2821349,0,0,0
2821513,0,0,0
2821678,0,0,0
2821853,0,0,0
2822003,0,0,0
2822170,0,0,0
2822383,0,0,0
2822555,0,0,0
2822728,0,0,0
2822897,0,0,0
2823057,0,0,0
2823229,0,0,0
2823444,0,0,0
2823611,0,0,0
2823763,0,0,0
2823935,0,0,0
2824089,0,0,0
2824277,0,0,0
2824432,0,0,0
2824604,0,0,0
2824761,0,0,0
2824939,0,0,0
2825124,0,0,0
2825284,0,0,0
2825446,0,0,0
2825657,0,0,0
2825826,0,0,0
2825982,0,0,0
2826145,0,0,0
2826298,0,0,0
2826453,0,0,0
2826615,0,0,0
2826771,0,0,0
2826945,0,0,0
2827126,0,0,0
2827291,0,0,0
2827457,0,0,0
2827656,0,0,0
2827826,0,0,0
2827990,0,0,0
2828158,0,0,0
2828341,0,0,0
2828499,0,0,0
2828674,0,0,0
2828822,0,0,0
2828999,0,0,0
2829169,0,0,0
2829343,0,0,0
2829511,0,0,0
2829673,0,0,0
2829839,0,0,0
2830009,0,0,0
2830174,0,0,0
2830397,0,0,0
2830583,0,0,0
2830780,0,0,0
2830956,0,0,0
2831113,0,0,0
2831256,0,0,0
2831411,0,0,0
2831608,0,0,0
2831763,0,0,0
2831926,0,0,0
2832083,0,0,0
2832261,0,0,0
2832413,0,0,0
2832563,0,0,0
2832742,0,0,0
2832951,0,0,0
2833136,0,0,0
2833314,0,0,0
2833466,0,0,0
2833613,0,0,0
2833756,0,0,0
2833943,0,0,0
2834113,0,0,0
2834287,0,0,0
2834435,0,0,0
2834592,0,0,0
2834752,0,0,0
2834910,0,0,0
2835134,0,0,0
2835297,0,0,0
2835463,0,0,0
2835636,0,0,0
2835809,0,0,0
2835985,0,0,0
2836147,0,0,0
2836312,0,0,0
2836462,0,0,0
2836626,0,0,0
2836790,0,0,0
2836969,0,0,0
2837137,0,0,0
2837287,0,0,0
2837441,0,0,0
2837615,0,0,0
2837773,0,0,0
2837942,0,0,0
2838130,0,0,0
2838300,0,0,0
2838458,0,0,0
2838646,0,0,0
2838815,0,0,0
2838973,0,0,0
2839135,0,0,0
2839335,0,0,0
2839506,0,0,0
2839662,0,0,0
2839892,0,0,0
2840033,0,0,0
2840230,0,0,0
2840391,0,0,0
2840538,0,0,0
2840705,0,0,0
2840875,0,0,0
2841038,0,0,0
2841212,0,0,0
2841386,0,0,0
2841544,0,0,0
2841716,0,0,0
2841876,0,0,0
2842042,0,0,0
2842237,0,0,0
2842421,0,0,0
2842574,0,0,0
2842735,0,0,0
2842923,0,0,0
2843092,0,0,0
2843243,0,0,0
2843411,0,0,0
2843569,0,0,0
2843722,0,0,0
2843917,0,0,0
2844125,0,0,0
2844281,0,0,0
2844443,0,0,0
2844587,0,0,0
2844769,0,0,0
2844917,0,0,0
2845090,0,0,0
2845266,0,0,0
2845412,0,0,0
2845623,0,0,0
2845769,0,0,0
2845945,0,0,0
2846115,0,0,0
2846276,0,0,0
2846439,0,0,0
2846602,0,0,0
2846759,0,0,0
2846906,0,0,0
2847065,0,0,0
2847227,0,0,0
2847447,0,0,0
2847597,0,0,0
2847773,0,0,0
2847942,0,0,0
2848110,0,0,0
2848286,0,0,0
2848459,0,0,0
2848606,0,0,0
2848765,0,0,0
2848928,0,0,0
2849113,0,0,0
2849282,0,0,0
2849447,0,0,0
2849593,0,0,0
2849771,0,0,0
2849917,0,0,0
2850068,0,0,0
2850258,0,0,0
2850440,0,0,0
2850587,0,0,0
2850742,0,0,0
2850931,0,0,0
2851093,0,0,0
2851296,0,0,0
2851444,0,0,0
2851619,0,0,0
2851797,0,0,0
2851959,0,0,0
2852141,0,0,0
2852318,0,0,0
2852489,0,0,0
2852649,0,0,0
2852806,0,0,0
2852965,0,0,0
2853148,0,0,0
2853309,0,0,0
2853498,0,0,0
2853660,0,0,0
2853817,0,0,0
2854001,0,0,0
2854142,0,0,0
2854342,0,0,0
2854492,0,0,0
2854655,0,0,0
2854828,0,0,0
2854987,0,0,0
2855132,0,0,0
2855297,0,0,0
2855454,0,0,0
2855629,0,0,0
2855805,0,0,0
2855983,0,0,0
2856155,0,0,0
2856321,0,0,0
2856495,0,0,0
2856675,0,0,0
2856845,0,0,0
2857037,0,0,0
2857192,0,0,0
2857366,0,0,0
2857539,0,0,0
2857704,0,0,0
2857878,0,0,0
2858052,0,0,0
2858220,0,0,0
2858387,0,0,0
2858589,0,0,0
2858742,0,0,0
2858931,0,0,0
2859119,0,0,0
2859284,0,0,0
2859456,0,0,0
2859601,0,0,0
2859753,0,0,0
2859914,0,0,0
2860066,0,0,0
2860234,0,0,0
2860391,0,0,0
2860555,0,0,0
2860712,0,0,0
2860914,0,0,0
2861091,0,0,0
2861242,0,0,0
2861407,0,0,0
2861593,0,0,0
2861753,0,0,0
2861934,0,0,0
2862072,0,0,0
2862263,0,0,0
2862425,0,0,0
2862583,0,0,0
2862737,0,0,0
2862954,0,0,0
2863128,0,0,0
2863283,0,0,0
2863501,0,0,0
2863707,0,0,0
2863846,0,0,0
2863988,0,0,0
2864200,0,0,0
2864364,0,0,0
2864539,0,0,0
2864685,0,0,0
2864834,0,0,0
2865008,0,0,0
2865242,0,0,0
2865391,0,0,0
2865535,0,0,0
2865687,0,0,0
2865844,0,0,0
2866025,0,0,0
2866180,0,0,0
2866348,0,0,0
2866505,0,0,0
2866663,0,0,0
2866839,0,0,0
2866987,0,0,0
2867156,0,0,0
2867312,0,0,0
2867479,0,0,0
2867647,0,0,0
2867802,0,0,0
2867992,0,0,0
2868168,0,0,0
2868334,0,0,0
2868499,0,0,0
2868650,0,0,0
2868798,0,0,0
2868977,0,0,0
2869146,0,0,0
2869308,0,0,0
2869483,0,0,0
2869626,0,0,0
2869777,0,0,0
2869951,0,0,0
2870126,0,0,0
2870328,0,0,0
2870516,0,0,0
2870698,0,0,0
2870881,0,0,0
2871039,0,0,0
2871183,0,0,0
2871361,0,0,0
2871545,0,0,0
2871694,0,0,0
2871879,0,0,0
2872033,0,0,0
2872254,0,0,0
2872398,0,0,0
2872555,0,0,0
2872740,0,0,0
2872907,0,0,0
2873088,0,0,0
2873270,0,0,0
2873429,0,0,0
2873619,0,0,0
2873787,0,0,0
2873956,0,0,0
2874139,0,0,0
2874311,0,0,0
2874456,0,0,0
2874630,0,0,0
2874789,0,0,0
2874965,0,0,0
2875142,0,0,0
2875304,0,0,0
2875483,0,0,0
2875651,0,0,0
2875809,0,0,0
2875970,0,0,0
2876116,0,0,0
2876287,0,0,0
2876478,0,0,0
2876638,0,0,0
2876796,0,0,0
2876991,0,0,0
2877159,0,0,0
2877334,0,0,0
2877546,0,0,0
2877707,0,0,0
2877881,0,0,0
2878069,0,0,0
2878232,0,0,0
2878390,0,0,0
2878577,0,0,0
2878725,0,0,0
2878878,0,0,0
2879087,0,0,0
2879267,0,0,0
2879473,0,0,0
2879632,0,0,0
2879815,0,0,0
2879972,0,0,0
2880122,0,0,0
2880313,0,0,0
2880483,0,0,0
2880640,0,0,0
2880792,0,0,0
2880989,0,0,0
2881191,0,0,0
2881362,0,0,0
2881564,0,0,0
2881733,0,0,0
2881905,0,0,0
2882051,0,0,0
2882264,0,0,0
2882429,0,0,0
2882581,0,0,0
2882803,0,0,0
2882995,0,0,0
2883143,0,0,0
2883299,0,0,0
2883468,0,0,0
2883632,0,0,0
2883781,0,0,0
2883935,0,0,0
2884095,0,0,0
2884255,0,0,0
2884412,0,0,0
2884565,0,0,0
2884727,0,0,0
2884882,0,0,0
2885080,0,0,0
2885271,0,0,0
2885423,0,0,0
2885560,0,0,0
2885723,0,0,0
2885924,0,0,0
2886091,0,0,0
2886257,0,0,0
2886411,0,0,0
2886592,0,0,0
2886751,0,0,0
2886928,0,0,0
2887076,0,0,0
2887220,0,0,0
2887442,0,0,0
2887644,0,0,0
2887833,0,0,0
2888025,0,0,0
2888197,0,0,0
2888391,0,0,0
2888543,0,0,0
2888742,0,0,0
2888907,0,0,0
2889076,0,0,0
2889226,0,0,0
2889441,0,0,0
2889610,0,0,0
2889786,0,0,0
2889942,0,0,0
2890130,0,0,0
2890302,0,0,0
2890476,0,0,0
2890634,0,0,0
2890849,0,0,0
2891013,0,0,0
2891183,0,0,0
2891370,0,0,0
2891558,0,0,0
2891757,0,0,0
2891910,0,0,0
2892100,0,0,0
2892295,0,0,0
2892477,0,0,0
2892654,0,0,0
2892896,0,0,0
2893060,0,0,0
2893221,0,0,0
2893374,0,0,0
2893531,0,0,0
2893669,0,0,0
2893828,0,0,0
2893968,0,0,0
2894164,0,0,0
2894318,0,0,0
2894474,0,0,0
2894658,0,0,0
2894834,0,0,0
2895012,0,0,0
2895211,0,0,0
2895366,0,0,0
2895514,0,0,0
2895697,0,0,0
2895878,0,0,0
2896039,0,0,0
2896206,0,0,0
2896358,0,0,0
2896500,0,0,0
2896671,0,0,0
2896830,0,0,0
2896990,0,0,0
2897136,0,0,0
2897284,0,0,0
2897464,0,0,0
2897623,0,0,0
2897803,0,0,0
2897967,0,0,0
2898142,0,0,0
2898286,0,0,0
2898443,0,0,0
2898606,0,0,0
2898808,0,0,0
2898969,0,0,0
2899138,0,0,0
2899292,0,0,0
2899487,0,0,0
2899660,0,0,0
2899812,0,0,0
2900038,0,0,0
2900219,0,0,0
2900384,0,0,0
2900525,0,0,0
2900710,0,0,0
2900880,0,0,0
2901033,0,0,0
2901308,0,0,0
2901445,0,0,0
2901599,0,0,0
2901782,0,0,0
2901933,0,0,0
2902084,0,0,0
2902267,0,0,0
2902436,0,0,0
2902588,0,0,0
2902834,0,0,0
2903024,0,0,0
2903190,0,0,0
2903386,0,0,0
2903552,0,0,0
2903712,0,0,0
2903878,0,0,0
2904055,0,0,0
2904220,0,0,0
2904384,0,0,0
2904523,0,0,0
2904714,0,0,0
2904869,0,0,0
2905019,0,0,0
2905199,0,0,0
2905380,0,0,0
2905536,0,0,0
2905712,0,0,0
2905878,0,0,0
2906070,0,0,0
2906235,0,0,0
2906399,0,0,0
2906565,0,0,0
2906731,0,0,0
2906898,0,0,0
2907080,0,0,0
2907240,0,0,0
2907410,0,0,0
2907554,0,0,0
2907688,0,0,0
2907861,0,0,0
2908063,0,0,0
2908231,0,0,0
2908381,0,0,0
2908564,0,0,0
2908730,0,0,0
2908905,0,0,0
2909086,0,0,0
2909258,0,0,0
2909460,0,0,0
2909617,0,0,0
2909781,0,0,0
2909981,0,0,0
2910171,0,0,0
2910324,0,0,0
2910505,0,0,0
2910672,0,0,0
2910821,0,0,0
2911002,0,0,0
2911191,0,0,0
2911356,0,0,0
2911507,0,0,0
2911681,0,0,0
2911844,0,0,0
2912002,0,0,0
2912187,0,0,0
2912352,0,0,0
2912508,0,0,0
2912697,0,0,0
2912905,0,0,0
2913061,0,0,0
2913220,0,0,0
2913406,0,0,0
2913588,0,0,0
2913749,0,0,0
2913892,0,0,0
2914040,0,0,0
2914199,0,0,0
2914374,0,0,0
2914543,0,0,0
2914749,0,0,0
2914934,0,0,0
2915107,0,0,0
2915305,0,0,0
2915457,0,0,0
2915712,0,0,0
2915869,0,0,0
2916057,0,0,0
2916211,0,0,0
2916370,0,0,0
2916533,0,0,0
2916727,0,0,0
2916924,0,0,0
2917083,0,0,0
2917244,0,0,0
2917410,0,0,0
2917593,0,0,0
2917760,0,0,0
2917920,0,0,0
2918072,0,0,0
2918219,0,0,0
2918368,0,0,0
2918528,0,0,0
2918692,0,0,0
2918879,0,0,0
2919024,0,0,0
2919168,0,0,0
2919337,0,0,0
2919504,0,0,0
2919672,0,0,0
2919857,0,0,0
2920037,0,0,0
2920195,0,0,0
2920383,0,0,0
2920533,0,0,0
2920675,0,0,0
2920833,0,0,0
2920992,0,0,0
2921136,0,0,0
2921310,0,0,0
2921441,0,0,0
2921609,0,0,0
2921848,0,0,0
2922027,0,0,0
2922190,0,0,0
2922331,0,0,0
2922520,0,0,0
2922692,0,0,0
2922850,0,0,0
2923021,0,0,0
2923220,0,0,0
2923423,0,0,0
2923592,0,0,0
2923742,0,0,0
413169744,0,0,0
11696973,0,0,0
11697726,0,0,0
11698507,0,0,0
11699110,0,0,0
11699875,0,0,0
11700624,0,0,0
11701253,0,0,0
11701961,0,0,0
11702697,0,0,0
11703380,0,0,0
11703946,0,0,0
11704564,0,0,0
11705203,0,0,0
11705919,0,0,0
11706572,0,0,0
11707255,0,0,0
11708027,0,0,0
11708655,0,0,0
11709378,0,0,0
11710097,0,0,0
11710693,0,0,0
11711443,0,0,0
11712063,0,0,0
11712714,0,0,0
11713473,0,0,0
11714053,0,0,0
11714796,0,0,0
11715498,0,0,0
11716119,0,0,0
11716856,0,0,0
11717498,0,0,0
11718155,0,0,0
0,0,0,0
0,0,0,0
0,0,0,0
0,0,0,0
0,0,0,0
0,0,0,0
0,0,0,0
0,0,0,0
0,0,0,0
0,0,0,0
0,0,0,0
0,0,0,0
0,0,0,0
0,0,0,0
0,0,0,0
0,0,0,0
0,0,0,0
0,0,0,0
0,0,0,0
0,0,0,0
0,0,0,0
0,0,0,0
0,0,0,0
0,0,0,0
0,0,0,0
0,0,0,0
0,0,0,0
0,0,0,0
0,0,0,0
0,0,0,0
0,0,0,0
0,0,0,0
0,0,0,0
0,0,0,0
0,0,0,0
0,0,0,0
0,0,0,0
0,0,0,0
0,0,0,0
0,0,0,0
0,0,0,0
0,0,0,0
0,0,0,0
0,0,0,0
0,0,0,0
0,0,0,0
0,0,0,0
0,0,0,0
0,0,0,0
0,0,0,0
0,0,0,0
0,0,0,0
0,0,0,0
0,0,0,0
0,0,0,0
0,0,0,0
0,0,0,0
0,0,0,0
0,0,0,0
0,0,0,0
0,0,0,0
0,0,0,0
0,0,0,0
0,0,0,0
0,0,0,0
0,0,0,0
0,0,0,0
0,0,0,0
0,0,0,0
0,0,0,0
0,0,0,0
0,0,0,0
0,0,0,0
0,0,0,0
0,0,0,0
0,0,0,0
0,0,0,0
0,0,0,0
0,0,0,0
0,0,0,0
0,0,0,0
0,0,0,0
0,0,0,0
0,0,0,0
0,0,0,0
0,0,0,0
0,0,0,0
0,0,0,0
0,0,0,0
0,0,0,0
0,0,0,0
0,0,0,0
0,0,0,0
0,0,0,0
0,0,0,0
0,0,0,0
0,0,0,0
0,0,0,0
0,0,0,0
0,0,0,0
0,0,0,0
0,0,0,0
0,0,0,0
0,0,0,0
0,0,0,0
0,0,0,0
0,0,0,0
0,0,0,0
0,0,0,0
0,0,0,0
0,0,0,0
0,0,0,0
0,0,0,0
0,0,0,0
0,0,0,0
0,0,0,0
0,0,0,0
0,0,0,0
0,0,0,0
0,0,0,0
0,0,0,0
0,0,0,0
0,0,0,0
0,0,0,0
0,0,0,0
0,0,0,0
0,0,0,0
0,0,0,0
0,0,0,0
0,0,0,0
0,0,0,0
0,0,0,0
0,0,0,0
0,0,0,0
0,0,0,0
0,0,0,0
0,0,0,0
0,0,0,0
0,0,0,0
0,0,0,0
0,0,0,0
0,0,0,0
0,0,0,0
0,0,0,0
0,0,0,0
0,0,0,0
0,0,0,0
0,0,0,0
0,0,0,0
0,0,0,0
0,0,0,0
0,0,0,0
0,0,0,0
0,0,0,0
0,0,0,0
0,0,0,0
0,0,0,0
0,0,0,0
0,0,0,0
0,0,0,0
0,0,0,0
0,0,0,0
0,0,0,0
0,0,0,0
0,0,0,0
0,0,0,0
0,0,0,0
0,0,0,0
0,0,0,0
0,0,0,0
0,0,0,0
0,0,0,0
0,0,0,0
0,0,0,0
0,0,0,0
0,0,0,0
0,0,0,0
0,0,0,0
0,0,0,0
0,0,0,0
0,0,0,0
0,0,0,0
0,0,0,0
0,0,0,0
0,0,0,0
0,0,0,0
0,0,0,0
0,0,0,0
0,0,0,0
211457,0,0,0
223075,0,0,0
234315,0,0,0
247084,0,0,0
256997,0,0,0
268157,0,0,0
279299,0,0,0
289390,0,0,0
300561,0,0,0
312720,0,0,0
323643,0,0,0
338205,0,0,0
347649,0,0,0
358666,0,0,0
370257,0,0,0
380769,0,0,0
392700,0,0,0
402229,0,0,0
413158,0,0,0
424374,0,0,0
434781,0,0,0
444791,0,0,0
455234,0,0,0
467105,0,0,0
477052,0,0,0
487125,0,0,0
496461,0,0,0
507210,0,0,0
517041,0,0,0
528985,0,0,0
539091,0,0,0
549369,0,0,0
559953,0,0,0
570819,0,0,0
584645,0,0,0
599071,0,0,0
623434,0,0,0
634130,0,0,0
658183,0,0,0
666852,0,0,0
675736,0,0,0
686780,0,0,0
697782,0,0,0
709766,0,0,0
719634,0,0,0
728877,0,0,0
738196,0,0,0
751176,0,0,0
762791,0,0,0
772324,0,0,0
782710,0,0,0
793400,0,0,0
805489,0,0,0
815609,0,0,0
826125,0,0,0
836417,0,0,0
846066,0,0,0
857438,0,0,0
869338,0,0,0
880934,0,0,0
892372,0,0,0
902074,0,0,0
914134,0,0,0
923746,0,0,0
934347,0,0,0
945072,0,0,0
955520,0,0,0
965371,0,0,0
977539,0,0,0
988376,0,0,0
998644,0,0,0
1008358,0,0,0
1019372,0,0,0
1030577,0,0,0
1040418,0,0,0
1049908,0,0,0
1059338,0,0,0
1069008,0,0,0
1078444,0,0,0
1087864,0,0,0
1099145,0,0,0
1110190,0,0,0
1119883,0,0,0
1130558,0,0,0
1142039,0,0,0
1150879,0,0,0
1161915,0,0,0
1174079,0,0,0
1183906,0,0,0
1194646,0,0,0
1203589,0,0,0
1212901,0,0,0
1222825,0,0,0
1234535,0,0,0
1243532,0,0,0
1253351,0,0,0
1264435,0,0,0
1274634,0,0,0
1284882,0,0,0
1294348,0,0,0
1305545,0,0,0
1316576,0,0,0
1326393,0,0,0
1338140,0,0,0
1349344,0,0,0
1360733,0,0,0
1370423,0,0,0
1380785,0,0,0
1392067,0,0,0
1403946,0,0,0
1413745,0,0,0
1423674,0,0,0
1435314,0,0,0
1447142,0,0,0
1456460,0,0,0
1466523,0,0,0
1476654,0,0,0
1488746,0,0,0
1499109,0,0,0
1508531,0,0,0
1520572,0,0,0
1531454,0,0,0
1541541,0,0,0
1551921,0,0,0
1562842,0,0,0
1577006,0,0,0
1586862,0,0,0
1596963,0,0,0
1607932,0,0,0
1617643,0,0,0
1628054,0,0,0
1638777,0,0,0
1648398,0,0,0
1658234,0,0,0
1669728,0,0,0
1679734,0,0,0
1690947,0,0,0
1700322,0,0,0
1712824,0,0,0
1724217,0,0,0
1734674,0,0,0
1744992,0,0,0
1755485,0,0,0
1764467,0,0,0
1774771,0,0,0
1785049,0,0,0
1794791,0,0,0
1804777,0,0,0
1815799,0,0,0
1825596,0,0,0
1836795,0,0,0
1846822,0,0,0
1857365,0,0,0
1868293,0,0,0
1879164,0,0,0
1889930,0,0,0
1899770,0,0,0
1909523,0,0,0
1919236,0,0,0
1930140,0,0,0
1939801,0,0,0
1949663,0,0,0
1958636,0,0,0
1969230,0,0,0
1978680,0,0,0
1988350,0,0,0
1998859,0,0,0
2009493,0,0,0
2019989,0,0,0
2030262,0,0,0
2042120,0,0,0
2051599,0,0,0
2063502,0,0,0
2075046,0,0,0
2084919,0,0,0
2094537,0,0,0
2104428,0,0,0
2115127,0,0,0
2125712,0,0,0
2136128,0,0,0
2147341,0,0,0
2159384,0,0,0
2169026,0,0,0
2180406,0,0,0
2191164,0,0,0
2201482,0,0,0
2211270,0,0,0
2222449,0,0,0
2232905,0,0,0
2243865,0,0,0
2254590,0,0,0
2266246,0,0,0
2276412,0,0,0
2286693,0,0,0
2296680,0,0,0
2307422,0,0,0
2317842,0,0,0
2327838,0,0,0
2338934,0,0,0
2348735,0,0,0
2359457,0,0,0
2369521,0,0,0
2379518,0,0,0
2389961,0,0,0
2400314,0,0,0
2410260,0,0,0
2420239,0,0,0
2430649,0,0,0
2444245,0,0,0
2453416,0,0,0
2463173,0,0,0
2474788,0,0,0
2485648,0,0,0
2494943,0,0,0
2504179,0,0,0
2514872,0,0,0
2525551,0,0,0
2536475,0,0,0
2546832,0,0,0
2557934,0,0,0
2569218,0,0,0
2581068,0,0,0
2591156,0,0,0
2602876,0,0,0
2612999,0,0,0
2622284,0,0,0
2633369,0,0,0
2643303,0,0,0
2656737,0,0,0
2667545,0,0,0
2677326,0,0,0
2687193,0,0,0
2697731,0,0,0
2707427,0,0,0
2717874,0,0,0
2729078,0,0,0
2738362,0,0,0
2750258,0,0,0
2760357,0,0,0
2769944,0,0,0
2779564,0,0,0
2789637,0,0,0
2798437,0,0,0
2810377,0,0,0
2821038,0,0,0
2832206,0,0,0
2842957,0,0,0
2854167,0,0,0
2865414,0,0,0
2874350,0,0,0
2884059,0,0,0
2893299,0,0,0
2904445,0,0,0
2915536,0,0,0
2925396,0,0,0
2935068,0,0,0
2946533,0,0,0
2958364,0,0,0
2967882,0,0,0
2978788,0,0,0
2989599,0,0,0
2999966,0,0,0
3009185,0,0,0
3019207,0,0,0
3028244,0,0,0
3038080,0,0,0
3048606,0,0,0
3058896,0,0,0
3068819,0,0,0
3079044,0,0,0
3089524,0,0,0
3099130,0,0,0
3109194,0,0,0
3120705,0,0,0
3131256,0,0,0
3140757,0,0,0
3150694,0,0,0
3161868,0,0,0
3171834,0,0,0
3182584,0,0,0
3193249,0,0,0
3201721,0,0,0
3212862,0,0,0
3224674,0,0,0
3234219,0,0,0
3244393,0,0,0
3254576,0,0,0
3267605,0,0,0
3278302,0,0,0
3288612,0,0,0
3298574,0,0,0
3308628,0,0,0
3319201,0,0,0
3328453,0,0,0
3340250,0,0,0
3350879,0,0,0
3360263,0,0,0
3371180,0,0,0
3385578,0,0,0
3396477,0,0,0
3407393,0,0,0
3418307,0,0,0
3427674,0,0,0
3436940,0,0,0
3446179,0,0,0
3455613,0,0,0
3464679,0,0,0
3474552,0,0,0
3484994,0,0,0
3494355,0,0,0
3504760,0,0,0
3513549,0,0,0
3522920,0,0,0
3533518,0,0,0
3544522,0,0,0
3558271,0,0,0
3568641,0,0,0
3578701,0,0,0
3589838,0,0,0
3602010,0,0,0
3611631,0,0,0
3622421,0,0,0
3633229,0,0,0
3643191,0,0,0
3653398,0,0,0
3663339,0,0,0
3673911,0,0,0
3685731,0,0,0
3696392,0,0,0
3708676,0,0,0
3719962,0,0,0
3729151,0,0,0
3739186,0,0,0
3750155,0,0,0
3759224,0,0,0
3771290,0,0,0
3782580,0,0,0
3793455,0,0,0
3802831,0,0,0
3812238,0,0,0
3823565,0,0,0
3833876,0,0,0
3844869,0,0,0
3854004,0,0,0
3862386,0,0,0
3871948,0,0,0
3881605,0,0,0
3893609,0,0,0
3904890,0,0,0
3915366,0,0,0
3924960,0,0,0
3935974,0,0,0
3946438,0,0,0
3957081,0,0,0
3966383,0,0,0
3977389,0,0,0
3987282,0,0,0
3998056,0,0,0
4010322,0,0,0
4021447,0,0,0
4037648,0,0,0
4048116,0,0,0
4057478,0,0,0
4069497,0,0,0
4081263,0,0,0
4090504,0,0,0
4101696,0,0,0
4113639,0,0,0
4125002,0,0,0
4135019,0,0,0
4144457,0,0,0
4153605,0,0,0
4163825,0,0,0
4172917,0,0,0
4184786,0,0,0
4193977,0,0,0
4203943,0,0,0
4214663,0,0,0
4225760,0,0,0
4236152,0,0,0
4246431,0,0,0
4256084,0,0,0
4265898,0,0,0
4279066,0,0,0
4288012,0,0,0
4297441,0,0,0
4311197,0,0,0
4322205,0,0,0
4331311,0,0,0
4343042,0,0,0
4352278,0,0,0
4362274,0,0,0
4373133,0,0,0
4384700,0,0,0
4394486,0,0,0
4405647,0,0,0
4416431,0,0,0
4425560,0,0,0
4435555,0,0,0
4445852,0,0,0
4455712,0,0,0
4466809,0,0,0
4476641,0,0,0
4489727,0,0,0
4500523,0,0,0
4512110,0,0,0
4522651,0,0,0
4534266,0,0,0
4545457,0,0,0
4555530,0,0,0
4566068,0,0,0
4575895,0,0,0
4586189,0,0,0
4597039,0,0,0
4613254,0,0,0
4623345,0,0,0
4632787,0,0,0
4643504,0,0,0
4653628,0,0,0
4665057,0,0,0
4677296,0,0,0
4688251,0,0,0
4698813,0,0,0
4709829,0,0,0
4719655,0,0,0
4729442,0,0,0
4739526,0,0,0
4749379,0,0,0
4759696,0,0,0
4769148,0,0,0
4779783,0,0,0
4790534,0,0,0
4801577,0,0,0
4811586,0,0,0
4821546,0,0,0
4831282,0,0,0
4844997,0,0,0
4856188,0,0,0
4868281,0,0,0
4879960,0,0,0
4890083,0,0,0
4900114,0,0,0
4911213,0,0,0
4923627,0,0,0
4935150,0,0,0
4945210,0,0,0
4956201,0,0,0
4968422,0,0,0
4978277,0,0,0
4988768,0,0,0
4998781,0,0,0
5008747,0,0,0
5019803,0,0,0
5030123,0,0,0
5039656,0,0,0
5050525,0,0,0
5060139,0,0,0
5069809,0,0,0
5079128,0,0,0
5090899,0,0,0
5101134,0,0,0
5111277,0,0,0
5121573,0,0,0
5131869,0,0,0
5141311,0,0,0
5150716,0,0,0
5160654,0,0,0
5170524,0,0,0
5181592,0,0,0
5194669,0,0,0
5204661,0,0,0
5215456,0,0,0
5227420,0,0,0
5238319,0,0,0
5248328,0,0,0
5258749,0,0,0
5269950,0,0,0
5281090,0,0,0
5292335,0,0,0
5302373,0,0,0
5313751,0,0,0
5323421,0,0,0
5333663,0,0,0
5343970,0,0,0
5353386,0,0,0
5363178,0,0,0
5372463,0,0,0
5383085,0,0,0
5394251,0,0,0
5404306,0,0,0
5417589,0,0,0
5428379,0,0,0
5438474,0,0,0
5449231,0,0,0
5459403,0,0,0
5470781,0,0,0
5481702,0,0,0
5491650,0,0,0
5504282,0,0,0
5514222,0,0,0
5525461,0,0,0
5536363,0,0,0
5546238,0,0,0
5555950,0,0,0
5565231,0,0,0
5576877,0,0,0
5587100,0,0,0
5596644,0,0,0
5606094,0,0,0
5617464,0,0,0
5628549,0,0,0
5638989,0,0,0
5648687,0,0,0
5658684,0,0,0
5668680,0,0,0
5678606,0,0,0
5688315,0,0,0
5699037,0,0,0
5709776,0,0,0
5720140,0,0,0
5729248,0,0,0
5739410,0,0,0
5750134,0,0,0
5760081,0,0,0
5772078,0,0,0
5784330,0,0,0
5794063,0,0,0
5805261,0,0,0
5814834,0,0,0
5825544,0,0,0
5836363,0,0,0
5847254,0,0,0
5858470,0,0,0
5868073,0,0,0
5878592,0,0,0
5891066,0,0,0
5904345,0,0,0
5914435,0,0,0
5924612,0,0,0
5933999,0,0,0
5943749,0,0,0
5954207,0,0,0
5967639,0,0,0
5978054,0,0,0
5988501,0,0,0
5998478,0,0,0
6009386,0,0,0
6020015,0,0,0
6031302,0,0,0
6042299,0,0,0
6053817,0,0,0
6066722,0,0,0
6078677,0,0,0
6090565,0,0,0
6101472,0,0,0
6112721,0,0,0
6125233,0,0,0
6135684,0,0,0
6147371,0,0,0
6158431,0,0,0
6168631,0,0,0
6181385,0,0,0
6191593,0,0,0
6202331,0,0,0
6212749,0,0,0
6224411,0,0,0
6236373,0,0,0
6247137,0,0,0
6257303,0,0,0
6270203,0,0,0
6279627,0,0,0
6291219,0,0,0
6303513,0,0,0
6314401,0,0,0
6324434,0,0,0
6336266,0,0,0
6347702,0,0,0
6358434,0,0,0
6368027,0,0,0
6379280,0,0,0
6389611,0,0,0
6400637,0,0,0
6412250,0,0,0
6423908,0,0,0
6432712,0,0,0
6444264,0,0,0
6456513,0,0,0
6465890,0,0,0
6477342,0,0,0
6489514,0,0,0
6500508,0,0,0
6510506,0,0,0
6521596,0,0,0
6532115,0,0,0
6541837,0,0,0
6551106,0,0,0
6562431,0,0,0
6572288,0,0,0
6583404,0,0,0
6594476,0,0,0
6604253,0,0,0
6615213,0,0,0
6624762,0,0,0
6636341,0,0,0
6648929,0,0,0
6658813,0,0,0
6668832,0,0,0
6678464,0,0,0
6689073,0,0,0
6698852,0,0,0
6708609,0,0,0
6719073,0,0,0
6730426,0,0,0
6741000,0,0,0
6751285,0,0,0
6762208,0,0,0
6774633,0,0,0
6784898,0,0,0
6795737,0,0,0
6806454,0,0,0
6816913,0,0,0
6827990,0,0,0
6839565,0,0,0
6850763,0,0,0
6860144,0,0,0
6873302,0,0,0
6883134,0,0,0
6893588,0,0,0
6903060,0,0,0
6917930,0,0,0
6930964,0,0,0
6941179,0,0,0
6951511,0,0,0
6968661,0,0,0
6980216,0,0,0
6993815,0,0,0
7006650,0,0,0
7021306,0,0,0
7040691,0,0,0
7053142,0,0,0
7067312,0,0,0
7082030,0,0,0
7099633,0,0,0
7114653,0,0,0
7141986,0,0,0
7159660,0,0,0
7175982,0,0,0
7194421,0,0,0
7210492,0,0,0
7228060,0,0,0
7259516,0,0,0
7278052,0,0,0
7293094,0,0,0
7312807,0,0,0
7326781,0,0,0
7337801,0,0,0
7348557,0,0,0
7361858,0,0,0
7374826,0,0,0
7386246,0,0,0
7397404,0,0,0
7408597,0,0,0
7419233,0,0,0
7431458,0,0,0
7443533,0,0,0
7453973,0,0,0
7469972,0,0,0
7481648,0,0,0
7491435,0,0,0
7507256,0,0,0
7521036,0,0,0
7537245,0,0,0
7548741,0,0,0
7561147,0,0,0
7570881,0,0,0
7583303,0,0,0
7596339,0,0,0
7607857,0,0,0
7618594,0,0,0
7629635,0,0,0
7639156,0,0,0
7648669,0,0,0
7658814,0,0,0
7675194,0,0,0
7688653,0,0,0
7705586,0,0,0
7718744,0,0,0
7733528,0,0,0
7751297,0,0,0
7764143,0,0,0
7781070,0,0,0
7794919,0,0,0
7811700,0,0,0
7826306,0,0,0
7842615,0,0,0
7857418,0,0,0
7872548,0,0,0
7886422,0,0,0
7900917,0,0,0
7915470,0,0,0
7929280,0,0,0
7944244,0,0,0
7957869,0,0,0
7970172,0,0,0
7984289,0,0,0
7997380,0,0,0
8012973,0,0,0
8026694,0,0,0
8040973,0,0,0
8055704,0,0,0
8064641,0,0,0
8082567,0,0,0
8097563,0,0,0
8109363,0,0,0
8120177,0,0,0
8127810,0,0,0
8142337,0,0,0
8152552,0,0,0
8160559,0,0,0
8169661,0,0,0
8187247,0,0,0
8200825,0,0,0
8214293,0,0,0
8226464,0,0,0
8240078,0,0,0
8250936,0,0,0
8262670,0,0,0
8272414,0,0,0
8284147,0,0,0
8294938,0,0,0
8304342,0,0,0
8318354,0,0,0
8330368,0,0,0
8341869,0,0,0
8354323,0,0,0
8367499,0,0,0
8383038,0,0,0
8399982,0,0,0
8416629,0,0,0
8430922,0,0,0
8450451,0,0,0
8470684,0,0,0
8489550,0,0,0
8514282,0,0,0
8528182,0,0,0
8548300,0,0,0
8565610,0,0,0
8579733,0,0,0
8594856,0,0,0
8612234,0,0,0
8633121,0,0,0
8643319,0,0,0
8658145,0,0,0
8668929,0,0,0
8680671,0,0,0
8692184,0,0,0
8703120,0,0,0
8714524,0,0,0
8725018,0,0,0
8734838,0,0,0
8747573,0,0,0
8759858,0,0,0
8770462,0,0,0
8780636,0,0,0
8790560,0,0,0
8801064,0,0,0
8812483,0,0,0
8822976,0,0,0
8835313,0,0,0
8846178,0,0,0
8857076,0,0,0
8868577,0,0,0
8877902,0,0,0
8888976,0,0,0
8899961,0,0,0
8909695,0,0,0
8919264,0,0,0
8928942,0,0,0
8941784,0,0,0
8951754,0,0,0
8963280,0,0,0
8972926,0,0,0
8982085,0,0,0
8991843,0,0,0
9003684,0,0,0
9014415,0,0,0
9024247,0,0,0
9039557,0,0,0
9049887,0,0,0
9060534,0,0,0
9072189,0,0,0
9082433,0,0,0
9093460,0,0,0
9103994,0,0,0
9113518,0,0,0
9125000,0,0,0
9136133,0,0,0
9146051,0,0,0
9158580,0,0,0
9169502,0,0,0
9179361,0,0,0
9191312,0,0,0
9208560,0,0,0
9217292,0,0,0
9232297,0,0,0
9243445,0,0,0
9253480,0,0,0
9264269,0,0,0
9274466,0,0,0
9285098,0,0,0
9295771,0,0,0
9307713,0,0,0
9317621,0,0,0
9328536,0,0,0
9336717,0,0,0
9348120,0,0,0
9359220,0,0,0
9367827,0,0,0
9378950,0,0,0
9387936,0,0,0
9400087,0,0,0
9410801,0,0,0
9421724,0,0,0
9433090,0,0,0
9444774,0,0,0
9458342,0,0,0
9469319,0,0,0
9481066,0,0,0
9490790,0,0,0
9501634,0,0,0
9512709,0,0,0
9524306,0,0,0
9534634,0,0,0
9545239,0,0,0
9554533,0,0,0
9563650,0,0,0
9576277,0,0,0
9586673,0,0,0
9597257,0,0,0
9607872,0,0,0
9618913,0,0,0
9629924,0,0,0
9640122,0,0,0
9652178,0,0,0
9662653,0,0,0
9676588,0,0,0
9688113,0,0,0
9701044,0,0,0
9718192,0,0,0
9733297,0,0,0
9746195,0,0,0
9756817,0,0,0
9767503,0,0,0
9780576,0,0,0
9793208,0,0,0
9804545,0,0,0
9815913,0,0,0
9827946,0,0,0
9837354,0,0,0
9847715,0,0,0
9857523,0,0,0
9867220,0,0,0
9881517,0,0,0
9891086,0,0,0
9902083,0,0,0
9913497,0,0,0
9923270,0,0,0
9935513,0,0,0
9944778,0,0,0
9954620,0,0,0
9963956,0,0,0
9973167,0,0,0
9983463,0,0,0
9993031,0,0,0
10004237,0,0,0
10015045,0,0,0
10026210,0,0,0
10037656,0,0,0
10049034,0,0,0
10060065,0,0,0
10070665,0,0,0
10081783,0,0,0
10092588,0,0,0
10102544,0,0,0
10114869,0,0,0
10125495,0,0,0
10136300,0,0,0
10151329,0,0,0
10163134,0,0,0
10174844,0,0,0
10185922,0,0,0
10197069,0,0,0
10207026,0,0,0
10218551,0,0,0
10229480,0,0,0
10239689,0,0,0
10252668,0,0,0
10263677,0,0,0
10273628,0,0,0
10283803,0,0,0
10296199,0,0,0
10306759,0,0,0
10315983,0,0,0
10328654,0,0,0
10340176,0,0,0
10351213,0,0,0
10365934,0,0,0
10375964,0,0,0
10388623,0,0,0
10399738,0,0,0
10410480,0,0,0
10419100,0,0,0
10429342,0,0,0
10442174,0,0,0
10453156,0,0,0
10463377,0,0,0
10474398,0,0,0
10487936,0,0,0
10499124,0,0,0
10510980,0,0,0
10521310,0,0,0
10534976,0,0,0
10544640,0,0,0
10555879,0,0,0
10565239,0,0,0
10575340,0,0,0
10587829,0,0,0
10599848,0,0,0
10611776,0,0,0
10621983,0,0,0
10631915,0,0,0
10642340,0,0,0
10652467,0,0,0
10664351,0,0,0
10681155,0,0,0
10698097,0,0,0
10715043,0,0,0
10727701,0,0,0
10740802,0,0,0
10756721,0,0,0
10769006,0,0,0
10781282,0,0,0
10793135,0,0,0
10809162,0,0,0
10820961,0,0,0
10831647,0,0,0
10842394,0,0,0
10851475,0,0,0
10864620,0,0,0
10883664,0,0,0
10892487,0,0,0
10904882,0,0,0
10917544,0,0,0
10929845,0,0,0
10940764,0,0,0
10953781,0,0,0
10966547,0,0,0
10976803,0,0,0
10989000,0,0,0
11001003,0,0,0
11014332,0,0,0
11030380,0,0,0
11041070,0,0,0
11055349,0,0,0
11066440,0,0,0
11079008,0,0,0
11097191,0,0,0
11109573,0,0,0
11125165,0,0,0
11136500,0,0,0
11150924,0,0,0
11162820,0,0,0
11174532,0,0,0
11186766,0,0,0
11200682,0,0,0
11212184,0,0,0
11226272,0,0,0
11239958,0,0,0
11252195,0,0,0
11266348,0,0,0
11279464,0,0,0
11292318,0,0,0
11308525,0,0,0
11323661,0,0,0
11339462,0,0,0
11351397,0,0,0
11365601,0,0,0
11378138,0,0,0
11390663,0,0,0
11405246,0,0,0
11418507,0,0,0
11432057,0,0,0
11442986,0,0,0
11453352,0,0,0
11469548,0,0,0
11477721,0,0,0
11489452,0,0,0
11501357,0,0,0
11520053,0,0,0
11531035,0,0,0
11547991,0,0,0
11561513,0,0,0
11574115,0,0,0
11586007,0,0,0
11602355,0,0,0
11612340,0,0,0
11624504,0,0,0
11638710,0,0,0
11653754,0,0,0
11664891,0,0,0
11678002,0,0,0
11690467,0,0,0
11702144,0,0,0
11714777,0,0,0
11734746,0,0,0
11748405,0,0,0
11760635,0,0,0
11770976,0,0,0
11781653,0,0,0
11791733,0,0,0
11804118,0,0,0
11817021,0,0,0
11831446,0,0,0
11848444,0,0,0
11864673,0,0,0
11877056,0,0,0
11887871,0,0,0
11898005,0,0,0
11908005,0,0,0
11923458,0,0,0
11936109,0,0,0
11946504,0,0,0
11959010,0,0,0
11978528,0,0,0
11990712,0,0,0
12002449,0,0,0
12020594,0,0,0
12036806,0,0,0
12049626,0,0,0
12061950,0,0,0
12072564,0,0,0
12085715,0,0,0
12096010,0,0,0
12110266,0,0,0
12128820,0,0,0
12139102,0,0,0
12153592,0,0,0
12163329,0,0,0
12176540,0,0,0
12189474,0,0,0
12200494,0,0,0
12214042,0,0,0
12233299,0,0,0
12246891,0,0,0
12259533,0,0,0
12273556,0,0,0
12286037,0,0,0
12296203,0,0,0
12310558,0,0,0
12322966,0,0,0
12334101,0,0,0
12346875,0,0,0
12358907,0,0,0
12370472,0,0,0
12385576,0,0,0
12396329,0,0,0
12409236,0,0,0
12421964,0,0,0
12434353,0,0,0
12444706,0,0,0
12457809,0,0,0
12470950,0,0,0
12482451,0,0,0
12493792,0,0,0
12506958,0,0,0
12519455,0,0,0
12533553,0,0,0
12542800,0,0,0
12557399,0,0,0
12570612,0,0,0
12582454,0,0,0
12596103,0,0,0
12607938,0,0,0
12619335,0,0,0
12634128,0,0,0
12646405,0,0,0
12660816,0,0,0
12673374,0,0,0
12685782,0,0,0
12696991,0,0,0
12708794,0,0,0
12722271,0,0,0
12737805,0,0,0
12749749,0,0,0
12766777,0,0,0
12784722,0,0,0
12801614,0,0,0
12838728,0,0,0
12855745,0,0,0
12879226,0,0,0
12897460,0,0,0
12917894,0,0,0
12929709,0,0,0
12949990,0,0,0
12961771,0,0,0
12974547,0,0,0
12986358,0,0,0
12995529,0,0,0
13006118,0,0,0
13017053,0,0,0
13027543,0,0,0
13036735,0,0,0
13047268,0,0,0
13060991,0,0,0
13073981,0,0,0
13082849,0,0,0
13094039,0,0,0
13107072,0,0,0
13116929,0,0,0
13126450,0,0,0
13137318,0,0,0
13146718,0,0,0
13158233,0,0,0
13169202,0,0,0
13180695,0,0,0
13190045,0,0,0
13200569,0,0,0
13212104,0,0,0
13225430,0,0,0
13236183,0,0,0
13248680,0,0,0
13261555,0,0,0
13271264,0,0,0
13280700,0,0,0
13291590,0,0,0
13302469,0,0,0
13314064,0,0,0
13329581,0,0,0
13340146,0,0,0
13352029,0,0,0
13361958,0,0,0
13374949,0,0,0
13386628,0,0,0
13397840,0,0,0
13407776,0,0,0
13417505,0,0,0
13426353,0,0,0
13436154,0,0,0
13447361,0,0,0
13459537,0,0,0
13469806,0,0,0
13481157,0,0,0
13491844,0,0,0
13502789,0,0,0
13513798,0,0,0
13525019,0,0,0
13535871,0,0,0
13546548,0,0,0
13558340,0,0,0
13568451,0,0,0
13578661,0,0,0
13588696,0,0,0
13599120,0,0,0
13608253,0,0,0
13619885,0,0,0
13631305,0,0,0
13642402,0,0,0
13653389,0,0,0
13664250,0,0,0
13673853,0,0,0
13685700,0,0,0
13696544,0,0,0
13706685,0,0,0
13716056,0,0,0
13726593,0,0,0
13740106,0,0,0
13751666,0,0,0
13764067,0,0,0
13772835,0,0,0
13783316,0,0,0
13794507,0,0,0
13805732,0,0,0
13815535,0,0,0
13825074,0,0,0
13835190,0,0,0
13845500,0,0,0
13855199,0,0,0
13865166,0,0,0
13874946,0,0,0
13885188,0,0,0
13896493,0,0,0
13906844,0,0,0
13916479,0,0,0
13926914,0,0,0
13936909,0,0,0
13950475,0,0,0
13961278,0,0,0
13972530,0,0,0
13982609,0,0,0
13991896,0,0,0
14003188,0,0,0
14012571,0,0,0
14022318,0,0,0
14031494,0,0,0
14041478,0,0,0
14051125,0,0,0
14062064,0,0,0
14073097,0,0,0
14084721,0,0,0
14095628,0,0,0
14105738,0,0,0
14115098,0,0,0
14125206,0,0,0
14134775,0,0,0
14149843,0,0,0
14159854,0,0,0
14169011,0,0,0
14178629,0,0,0
14187818,0,0,0
14198788,0,0,0
14209567,0,0,0
14221515,0,0,0
14232121,0,0,0
14242459,0,0,0
14253221,0,0,0
14269240,0,0,0
14277561,0,0,0
14286525,0,0,0
14297643,0,0,0
14306583,0,0,0
14316814,0,0,0
14326790,0,0,0
14338731,0,0,0
14348575,0,0,0
14360880,0,0,0
14372324,0,0,0
14382728,0,0,0
14393308,0,0,0
14403821,0,0,0
14413873,0,0,0
14423659,0,0,0
14432690,0,0,0
14442008,0,0,0
14454005,0,0,0
14463375,0,0,0
14472711,0,0,0
14483374,0,0,0
14494866,0,0,0
14507281,0,0,0
14516795,0,0,0
14526017,0,0,0
14536786,0,0,0
14548402,0,0,0
14558774,0,0,0
14570974,0,0,0
14580192,0,0,0
14590454,0,0,0
14601304,0,0,0
14612619,0,0,0
14624260,0,0,0
14638255,0,0,0
14649555,0,0,0
14660143,0,0,0
14672804,0,0,0
14682610,0,0,0
14693466,0,0,0
14703322,0,0,0
14715577,0,0,0
14726171,0,0,0
14737142,0,0,0
14748964,0,0,0
14759264,0,0,0
14770780,0,0,0
14781125,0,0,0
14792567,0,0,0
14803498,0,0,0
14813926,0,0,0
14825261,0,0,0
14838541,0,0,0
14849141,0,0,0
14859009,0,0,0
14869010,0,0,0
14879250,0,0,0
14889989,0,0,0
14899717,0,0,0
14908712,0,0,0
14917939,0,0,0
14928694,0,0,0
14938370,0,0,0
14949397,0,0,0
14960554,0,0,0
14973485,0,0,0
14985723,0,0,0
14996753,0,0,0
15006102,0,0,0
15019005,0,0,0
15040258,0,0,0
15051875,0,0,0
15064045,0,0,0
15075720,0,0,0
15104512,0,0,0
15114089,0,0,0
15134147,0,0,0
15150214,0,0,0
15165526,0,0,0
15180205,0,0,0
15191349,0,0,0
15201107,0,0,0
15213633,0,0,0
15223211,0,0,0
15234347,0,0,0
15246073,0,0,0
15255977,0,0,0
15266144,0,0,0
15284103,0,0,0
15297757,0,0,0
15308508,0,0,0
15321551,0,0,0
15332610,0,0,0
15344284,0,0,0
15357368,0,0,0
15371961,0,0,0
15384639,0,0,0
15395426,0,0,0
15406599,0,0,0
15418657,0,0,0
15430357,0,0,0
15446437,0,0,0
15457771,0,0,0
15468778,0,0,0
15485918,0,0,0
15500160,0,0,0
15516283,0,0,0
15530304,0,0,0
15544090,0,0,0
15555746,0,0,0
15570028,0,0,0
15584944,0,0,0
15598523,0,0,0
15611082,0,0,0
15628088,0,0,0
15641449,0,0,0
15654059,0,0,0
15673822,0,0,0
15689641,0,0,0
15705591,0,0,0
15719294,0,0,0
15734023,0,0,0
15746020,0,0,0
15757960,0,0,0
15769890,0,0,0
15782804,0,0,0
15794145,0,0,0
15805694,0,0,0
15820492,0,0,0
15841144,0,0,0
15857301,0,0,0
15867953,0,0,0
15879249,0,0,0
15889522,0,0,0
15898807,0,0,0
15907481,0,0,0
15924519,0,0,0
15938374,0,0,0
15952002,0,0,0
15960101,0,0,0
15975009,0,0,0
15986924,0,0,0
16009455,0,0,0
16024593,0,0,0
16045484,0,0,0
16055062,0,0,0
16079853,0,0,0
16114494,0,0,0
16125167,0,0,0
16140165,0,0,0
16157953,0,0,0
16175073,0,0,0
16191521,0,0,0
16207331,0,0,0
16220058,0,0,0
16239988,0,0,0
16254400,0,0,0
16266096,0,0,0
16278676,0,0,0
16289679,0,0,0
16303501,0,0,0
16316980,0,0,0
16330828,0,0,0
16343254,0,0,0
16357212,0,0,0
16370027,0,0,0
16380986,0,0,0
16392728,0,0,0
16404222,0,0,0
16417548,0,0,0
16434702,0,0,0
16451922,0,0,0
16462505,0,0,0
16471834,0,0,0
16482023,0,0,0
16491443,0,0,0
16508463,0,0,0
16530684,0,0,0
16538616,0,0,0
16549957,0,0,0
16559689,0,0,0
16570743,0,0,0
16580539,0,0,0
16591504,0,0,0
16604059,0,0,0
16613499,0,0,0
16623456,0,0,0
16633251,0,0,0
16643171,0,0,0
16653076,0,0,0
16666835,0,0,0
16676936,0,0,0
16686513,0,0,0
16696826,0,0,0
16706425,0,0,0
16718845,0,0,0
16728685,0,0,0
16739167,0,0,0
16749321,0,0,0
16759730,0,0,0
16770585,0,0,0
16781902,0,0,0
16792554,0,0,0
16802362,0,0,0
16814122,0,0,0
16826180,0,0,0
16835111,0,0,0
16845631,0,0,0
16857497,0,0,0
16875395,0,0,0
16898827,0,0,0
16910322,0,0,0
16923942,0,0,0
16934894,0,0,0
16943032,0,0,0
16953331,0,0,0
16963880,0,0,0
16974915,0,0,0
16986316,0,0,0
16996234,0,0,0
17007279,0,0,0
17019969,0,0,0
17029166,0,0,0
17038556,0,0,0
17049547,0,0,0
17061449,0,0,0
17072059,0,0,0
17082687,0,0,0
17092899,0,0,0
17104055,0,0,0
17117330,0,0,0
17126045,0,0,0
17134734,0,0,0
17145538,0,0,0
17158105,0,0,0
17168549,0,0,0
17178049,0,0,0
17189906,0,0,0
17200522,0,0,0
17211493,0,0,0
17222567,0,0,0
17234054,0,0,0
17243765,0,0,0
17256493,0,0,0
17268253,0,0,0
17280495,0,0,0
17291406,0,0,0
17303859,0,0,0
17312905,0,0,0
17324076,0,0,0
17333425,0,0,0
17344141,0,0,0
17353719,0,0,0
17364720,0,0,0
17374426,0,0,0
17385154,0,0,0
17397611,0,0,0
17408691,0,0,0
17419348,0,0,0
17430822,0,0,0
17447255,0,0,0
17456348,0,0,0
17466348,0,0,0
17476059,0,0,0
17486521,0,0,0
17497221,0,0,0
17509040,0,0,0
17528837,0,0,0
17539184,0,0,0
17552108,0,0,0
17563441,0,0,0
17578709,0,0,0
17588040,0,0,0
17600097,0,0,0
17611952,0,0,0
17627089,0,0,0
17645224,0,0,0
17663759,0,0,0
17678920,0,0,0
17690976,0,0,0
17703463,0,0,0
17716947,0,0,0
17729508,0,0,0
17742344,0,0,0
17754597,0,0,0
17769029,0,0,0
17784373,0,0,0
17797690,0,0,0
17808146,0,0,0
17821623,0,0,0
17836577,0,0,0
17848398,0,0,0
17860209,0,0,0
17873636,0,0,0
17884725,0,0,0
17897624,0,0,0
17911365,0,0,0
17922334,0,0,0
17935605,0,0,0
17946718,0,0,0
17960925,0,0,0
17972779,0,0,0
17986981,0,0,0
18000856,0,0,0
18015211,0,0,0
18026008,0,0,0
18040803,0,0,0
18053936,0,0,0
18067767,0,0,0
18081847,0,0,0
18092544,0,0,0
18104526,0,0,0
18123269,0,0,0
18136820,0,0,0
18147168,0,0,0
18161124,0,0,0
18173190,0,0,0
18183591,0,0,0
18194757,0,0,0
18206056,0,0,0
18218219,0,0,0
18230869,0,0,0
18247276,0,0,0
18265966,0,0,0
18275912,0,0,0
18289594,0,0,0
18298756,0,0,0
18309494,0,0,0
18318464,0,0,0
18336020,0,0,0
18346071,0,0,0
18361462,0,0,0
18375142,0,0,0
18387700,0,0,0
18401794,0,0,0
18410378,0,0,0
18425788,0,0,0
18438282,0,0,0
18452161,0,0,0
18465872,0,0,0
18476603,0,0,0
18489744,0,0,0
18504855,0,0,0
18518639,0,0,0
18530152,0,0,0
18540562,0,0,0
18553062,0,0,0
18564215,0,0,0
18577593,0,0,0
18590648,0,0,0
18602088,0,0,0
18614673,0,0,0
18625277,0,0,0
18638488,0,0,0
18650957,0,0,0
18661208,0,0,0
18671440,0,0,0
18688374,0,0,0
18703520,0,0,0
18713156,0,0,0
18728176,0,0,0
18739980,0,0,0
18757085,0,0,0
18768910,0,0,0
18782323,0,0,0
18796283,0,0,0
18805424,0,0,0
18816488,0,0,0
18829757,0,0,0
18839547,0,0,0
18852651,0,0,0
18866523,0,0,0
18876637,0,0,0
18888913,0,0,0
18900159,0,0,0
18912736,0,0,0
18923633,0,0,0
18938720,0,0,0
18952971,0,0,0
18965903,0,0,0
18980401,0,0,0
18989888,0,0,0
19003193,0,0,0
19013397,0,0,0
19024686,0,0,0
19034761,0,0,0
19051780,0,0,0
19062232,0,0,0
19081663,0,0,0
19092038,0,0,0
19105797,0,0,0
19118548,0,0,0
19133847,0,0,0
19146184,0,0,0
19155975,0,0,0
19169348,0,0,0
19182361,0,0,0
19200334,0,0,0
19209658,0,0,0
19223719,0,0,0
19235759,0,0,0
19247310,0,0,0
19260268,0,0,0
19272353,0,0,0
19285652,0,0,0
19296149,0,0,0
19309899,0,0,0
19324399,0,0,0
19339948,0,0,0
19351798,0,0,0
19364858,0,0,0
19379176,0,0,0
19388026,0,0,0
19403627,0,0,0
19416443,0,0,0
19426777,0,0,0
19437434,0,0,0
19448341,0,0,0
19458031,0,0,0
19468032,0,0,0
19483229,0,0,0
19496072,0,0,0
19509567,0,0,0
19520294,0,0,0
19529923,0,0,0
19544240,0,0,0
19557662,0,0,0
19570741,0,0,0
19581033,0,0,0
19594397,0,0,0
19605276,0,0,0
19614681,0,0,0
19628326,0,0,0
19641553,0,0,0
19653208,0,0,0
19664604,0,0,0
19678095,0,0,0
19690679,0,0,0
19703232,0,0,0
19716458,0,0,0
19728586,0,0,0
19745267,0,0,0
19758332,0,0,0
19772842,0,0,0
19782781,0,0,0
19794613,0,0,0
19805419,0,0,0
19816341,0,0,0
19828131,0,0,0
19841102,0,0,0
19855723,0,0,0
19868093,0,0,0
19880683,0,0,0
19894831,0,0,0
19905962,0,0,0
19917492,0,0,0
19927484,0,0,0
19938512,0,0,0
19948643,0,0,0
19960726,0,0,0
19975392,0,0,0
19986354,0,0,0
19997384,0,0,0
20010310,0,0,0
20020730,0,0,0
20034510,0,0,0
20046903,0,0,0
20060619,0,0,0
20074174,0,0,0
20087542,0,0,0
20100551,0,0,0
20113758,0,0,0
20126166,0,0,0
20141520,0,0,0
20153147,0,0,0
20165071,0,0,0
20178395,0,0,0
20187849,0,0,0
20197682,0,0,0
20209184,0,0,0
20220053,0,0,0
20229863,0,0,0
20242668,0,0,0
20254375,0,0,0
20266160,0,0,0
20275841,0,0,0
20288840,0,0,0
20301235,0,0,0
20311264,0,0,0
20321047,0,0,0
20331146,0,0,0
20343127,0,0,0
20353244,0,0,0
20365039,0,0,0
20376955,0,0,0
20388283,0,0,0
20404543,0,0,0
20416376,0,0,0
20428951,0,0,0
20442440,0,0,0
20454517,0,0,0
20470592,0,0,0
20484357,0,0,0
20496701,0,0,0
20507068,0,0,0
20519124,0,0,0
20532213,0,0,0
20543112,0,0,0
20556590,0,0,0
20574278,0,0,0
20583588,0,0,0
20595078,0,0,0
20608595,0,0,0
20620489,0,0,0
20630781,0,0,0
20644687,0,0,0
20655125,0,0,0
20670210,0,0,0
20681760,0,0,0
20695023,0,0,0
20706607,0,0,0
20719672,0,0,0
20736721,0,0,0
20750584,0,0,0
20765054,0,0,0
20777893,0,0,0
20789928,0,0,0
20800774,0,0,0
20814991,0,0,0
20829361,0,0,0
20839509,0,0,0
20851043,0,0,0
20862729,0,0,0
20876244,0,0,0
20890902,0,0,0
20901891,0,0,0
20913810,0,0,0
20926327,0,0,0
20938217,0,0,0
20950568,0,0,0
20961340,0,0,0
20973280,0,0,0
20985357,0,0,0
20999975,0,0,0
21010168,0,0,0
21021564,0,0,0
21032995,0,0,0
21043558,0,0,0
21057559,0,0,0
21072104,0,0,0
21089173,0,0,0
21101229,0,0,0
21114335,0,0,0
21129839,0,0,0
21139538,0,0,0
21154459,0,0,0
21168902,0,0,0
21179250,0,0,0
21192569,0,0,0
21204772,0,0,0
21218359,0,0,0
21229774,0,0,0
21240619,0,0,0
21254924,0,0,0
21266508,0,0,0
21278566,0,0,0
21292819,0,0,0
21306663,0,0,0
21320319,0,0,0
21332549,0,0,0
21342070,0,0,0
21357680,0,0,0
21370329,0,0,0
21384146,0,0,0
21396724,0,0,0
21410999,0,0,0
21428634,0,0,0
21438909,0,0,0
21450834,0,0,0
21461520,0,0,0
21473018,0,0,0
21486677,0,0,0
21500477,0,0,0
21513310,0,0,0
21526705,0,0,0
21540554,0,0,0
21553176,0,0,0
21565437,0,0,0
21577950,0,0,0
21589647,0,0,0
21601286,0,0,0
21613587,0,0,0
21623886,0,0,0
21635847,0,0,0
21650035,0,0,0
21660294,0,0,0
21674650,0,0,0
21688472,0,0,0
21700063,0,0,0
21710484,0,0,0
21720038,0,0,0
21732070,0,0,0
21742505,0,0,0
21753060,0,0,0
21764655,0,0,0
21777858,0,0,0
21790622,0,0,0
21803144,0,0,0
21813631,0,0,0
21826962,0,0,0
21842292,0,0,0
21854393,0,0,0
21865797,0,0,0
21879624,0,0,0
21891261,0,0,0
21904647,0,0,0
21915636,0,0,0
21926706,0,0,0
21942113,0,0,0
21952566,0,0,0
21966018,0,0,0
21976913,0,0,0
21989455,0,0,0
21999305,0,0,0
22011766,0,0,0
22023300,0,0,0
22037094,0,0,0
22057610,0,0,0
22069486,0,0,0
22081725,0,0,0
22096621,0,0,0
22110362,0,0,0
22122129,0,0,0
22135622,0,0,0
22149433,0,0,0
22160642,0,0,0
22174786,0,0,0
22184792,0,0,0
22193966,0,0,0
22205751,0,0,0
22220510,0,0,0
22231684,0,0,0
22244460,0,0,0
22254883,0,0,0
22267271,0,0,0
22281362,0,0,0
22291464,0,0,0
22302734,0,0,0
22312630,0,0,0
22324358,0,0,0
22338261,0,0,0
22347532,0,0,0
22359882,0,0,0
22374536,0,0,0
22385979,0,0,0
22398747,0,0,0
22411276,0,0,0
22423432,0,0,0
22435477,0,0,0
22445115,0,0,0
22456787,0,0,0
22471094,0,0,0
22483435,0,0,0
22495350,0,0,0
22507907,0,0,0
22519319,0,0,0
22531549,0,0,0
22542506,0,0,0
22556065,0,0,0
22566815,0,0,0
22579488,0,0,0
22591778,0,0,0
22602091,0,0,0
22613960,0,0,0
22625495,0,0,0
22638279,0,0,0
22650597,0,0,0
22663927,0,0,0
22676995,0,0,0
22689190,0,0,0
22703894,0,0,0
22721256,0,0,0
22731263,0,0,0
22743312,0,0,0
22752665,0,0,0
22776778,0,0,0
22788709,0,0,0
22801346,0,0,0
22821053,0,0,0
22829611,0,0,0
22838928,0,0,0
22851908,0,0,0
22863974,0,0,0
22874617,0,0,0
22887606,0,0,0
22900295,0,0,0
22911517,0,0,0
22925094,0,0,0
22937928,0,0,0
22951700,0,0,0
22962070,0,0,0
22973469,0,0,0
22984543,0,0,0
22996433,0,0,0
23006456,0,0,0
23019530,0,0,0
23030628,0,0,0
23044550,0,0,0
23056610,0,0,0
23070366,0,0,0
23086591,0,0,0
23097794,0,0,0
23108225,0,0,0
23122589,0,0,0
23136251,0,0,0
23151427,0,0,0
23162801,0,0,0
23173731,0,0,0
23185030,0,0,0
23199733,0,0,0
23209773,0,0,0
23224830,0,0,0
23237032,0,0,0
23250842,0,0,0
23262622,0,0,0
23275923,0,0,0
23289339,0,0,0
23300110,0,0,0
23313981,0,0,0
23323452,0,0,0
23337806,0,0,0
23349165,0,0,0
23362763,0,0,0
23374571,0,0,0
23385031,0,0,0
23397444,0,0,0
23409190,0,0,0
23422215,0,0,0
23435457,0,0,0
23445339,0,0,0
23457746,0,0,0
23470475,0,0,0
23482172,0,0,0
23496871,0,0,0
23510721,0,0,0
23522968,0,0,0
23533161,0,0,0
23543841,0,0,0
23557382,0,0,0
23571405,0,0,0
23581980,0,0,0
23592731,0,0,0
23607504,0,0,0
23619374,0,0,0
23632221,0,0,0
23645316,0,0,0
23661421,0,0,0
23673516,0,0,0
23687930,0,0,0
23702020,0,0,0
23713700,0,0,0
23724951,0,0,0
23739503,0,0,0
23748957,0,0,0
23758526,0,0,0
23770318,0,0,0
23780285,0,0,0
23795902,0,0,0
23804926,0,0,0
23815388,0,0,0
23827497,0,0,0
23839082,0,0,0
23850621,0,0,0
23863975,0,0,0
23875408,0,0,0
23889328,0,0,0
23901074,0,0,0
23912922,0,0,0
23924581,0,0,0
23935893,0,0,0
23945941,0,0,0
23959608,0,0,0
23973482,0,0,0
23985292,0,0,0
23996298,0,0,0
24008996,0,0,0
24020595,0,0,0
24034858,0,0,0
24048124,0,0,0
24062020,0,0,0
24075153,0,0,0
24089009,0,0,0
24102103,0,0,0
24113345,0,0,0
24128381,0,0,0
24139763,0,0,0
24153278,0,0,0
24163725,0,0,0
24176095,0,0,0
24188397,0,0,0
24201922,0,0,0
24214003,0,0,0
24226694,0,0,0
24237266,0,0,0
24250550,0,0,0
24264463,0,0,0
24272822,0,0,0
24286344,0,0,0
24300817,0,0,0
24313766,0,0,0
24328218,0,0,0
24342324,0,0,0
24352661,0,0,0
24363585,0,0,0
24373113,0,0,0
24385620,0,0,0
24400363,0,0,0
24413235,0,0,0
24423070,0,0,0
24437135,0,0,0
24449503,0,0,0
24465273,0,0,0
24477499,0,0,0
24492686,0,0,0
24506586,0,0,0
24519208,0,0,0
24531934,0,0,0
24544244,0,0,0
24559086,0,0,0
24569205,0,0,0
24581843,0,0,0
24594177,0,0,0
24605193,0,0,0
24617818,0,0,0
24630397,0,0,0
24641321,0,0,0
24654613,0,0,0
24665339,0,0,0
24682141,0,0,0
24690733,0,0,0
24708983,0,0,0
24721365,0,0,0
24731356,0,0,0
24745396,0,0,0
24759254,0,0,0
24772366,0,0,0
24782683,0,0,0
24795871,0,0,0
24818469,0,0,0
24833156,0,0,0
24844246,0,0,0
24855408,0,0,0
24869308,0,0,0
24882240,0,0,0
24893868,0,0,0
24905677,0,0,0
24917667,0,0,0
24927418,0,0,0
24940053,0,0,0
24955159,0,0,0
24970342,0,0,0
24979893,0,0,0
24994889,0,0,0
25006061,0,0,0
25017961,0,0,0
25028636,0,0,0
25040358,0,0,0
25050690,0,0,0
25060954,0,0,0
25071907,0,0,0
25083770,0,0,0
25096718,0,0,0
25109972,0,0,0
25120643,0,0,0
25133318,0,0,0
25143848,0,0,0
25155567,0,0,0
25170394,0,0,0
25181941,0,0,0
25193813,0,0,0
25208365,0,0,0
25219830,0,0,0
25229838,0,0,0
25243086,0,0,0
25255413,0,0,0
25266031,0,0,0
25278408,0,0,0
25291604,0,0,0
25303953,0,0,0
25313852,0,0,0
25323764,0,0,0
25334089,0,0,0
25344990,0,0,0
25358508,0,0,0
25369502,0,0,0
25384301,0,0,0
25397291,0,0,0
25410769,0,0,0
25424200,0,0,0
25436621,0,0,0
25448417,0,0,0
25458730,0,0,0
25471117,0,0,0
25482524,0,0,0
25498343,0,0,0
25507884,0,0,0
25522392,0,0,0
25531189,0,0,0
25543847,0,0,0
25553190,0,0,0
25565704,0,0,0
25578019,0,0,0
25591196,0,0,0
25602629,0,0,0
25613420,0,0,0
25623529,0,0,0
25637573,0,0,0
25650208,0,0,0
25662688,0,0,0
25676718,0,0,0
25688857,0,0,0
25701416,0,0,0
25712350,0,0,0
25726025,0,0,0
25736408,0,0,0
25747169,0,0,0
25760476,0,0,0
25772405,0,0,0
25781187,0,0,0
25790592,0,0,0
25802675,0,0,0
25814596,0,0,0
25824732,0,0,0
25839862,0,0,0
25852951,0,0,0
25862281,0,0,0
25872463,0,0,0
25888784,0,0,0
25899886,0,0,0
25910376,0,0,0
25921689,0,0,0
25931918,0,0,0
25940816,0,0,0
25952014,0,0,0
25963450,0,0,0
25975673,0,0,0
25988508,0,0,0
26001143,0,0,0
26016409,0,0,0
26030423,0,0,0
26040594,0,0,0
26050340,0,0,0
26063980,0,0,0
26076830,0,0,0
26089740,0,0,0
26102970,0,0,0
26112827,0,0,0
26122628,0,0,0
26132714,0,0,0
26145420,0,0,0
26158750,0,0,0
26170140,0,0,0
26181045,0,0,0
26194409,0,0,0
26206641,0,0,0
26220502,0,0,0
26232983,0,0,0
26245719,0,0,0
26256011,0,0,0
26268833,0,0,0
26278844,0,0,0
26290448,0,0,0
26302048,0,0,0
26314345,0,0,0
26324502,0,0,0
26335227,0,0,0
26346547,0,0,0
26359333,0,0,0
26372237,0,0,0
26384659,0,0,0
26396787,0,0,0
26409295,0,0,0
26423109,0,0,0
26432821,0,0,0
26446838,0,0,0
26458781,0,0,0
26469586,0,0,0
26483044,0,0,0
26495759,0,0,0
26507959,0,0,0
26518642,0,0,0
26536534,0,0,0
26547047,0,0,0
26559423,0,0,0
26571728,0,0,0
26583310,0,0,0
26596179,0,0,0
26608199,0,0,0
26622453,0,0,0
26635100,0,0,0
26646561,0,0,0
26657606,0,0,0
26668938,0,0,0
26681498,0,0,0
26693843,0,0,0
26704740,0,0,0
26717437,0,0,0
26728210,0,0,0
26738586,0,0,0
26751115,0,0,0
26763909,0,0,0
26777108,0,0,0
26790059,0,0,0
26804336,0,0,0
26816467,0,0,0
26826884,0,0,0
26840028,0,0,0
26850924,0,0,0
26860944,0,0,0
26871114,0,0,0
26882768,0,0,0
26893396,0,0,0
26905900,0,0,0
26918180,0,0,0
26936670,0,0,0
26948740,0,0,0
26959770,0,0,0
26972146,0,0,0
26982538,0,0,0
26995398,0,0,0
27007132,0,0,0
27019495,0,0,0
27030841,0,0,0
27043628,0,0,0
27055306,0,0,0
27067749,0,0,0
27078314,0,0,0
27089272,0,0,0
27102048,0,0,0
27113470,0,0,0
27125640,0,0,0
27138332,0,0,0
27148071,0,0,0
27161014,0,0,0
27175927,0,0,0
27185071,0,0,0
27203798,0,0,0
27218368,0,0,0
27230189,0,0,0
27243341,0,0,0
27256979,0,0,0
27269712,0,0,0
27279289,0,0,0
27294192,0,0,0
27308283,0,0,0
27322448,0,0,0
27335743,0,0,0
27348097,0,0,0
27359865,0,0,0
27370549,0,0,0
27383231,0,0,0
27393434,0,0,0
27405394,0,0,0
27418876,0,0,0
27430005,0,0,0
27443312,0,0,0
27453203,0,0,0
27463373,0,0,0
27478878,0,0,0
27491250,0,0,0
27502783,0,0,0
27515235,0,0,0
27525272,0,0,0
27535342,0,0,0
27548731,0,0,0
27562709,0,0,0
27573060,0,0,0
27585681,0,0,0
27597658,0,0,0
27614501,0,0,0
27625720,0,0,0
27636850,0,0,0
27648694,0,0,0
27668452,0,0,0
27682983,0,0,0
27695257,0,0,0
27708270,0,0,0
27721205,0,0,0
27730788,0,0,0
27742381,0,0,0
27753613,0,0,0
27766116,0,0,0
27776716,0,0,0
27791730,0,0,0
27805929,0,0,0
27819468,0,0,0
27833092,0,0,0
27845661,0,0,0
27856445,0,0,0
27870174,0,0,0
27880728,0,0,0
27893480,0,0,0
27907509,0,0,0
27927456,0,0,0
27942065,0,0,0
2098823,0,0,0
27973654,0,0,0
27983627,0,0,0
27996154,0,0,0
28007644,0,0,0
28020487,0,0,0
28032782,0,0,0
28045374,0,0,0
28055926,0,0,0
28075520,0,0,0
28088342,0,0,0
28106147,0,0,0
28118149,0,0,0
1199900688,0,0,0
28150441,0,0,0
28167304,0,0,0
28177841,0,0,0
28188928,0,0,0
28207147,0,0,0
28222436,0,0,0
28236233,0,0,0
28248070,0,0,0
28262519,0,0,0
28277040,0,0,0
28290673,0,0,0
28301078,0,0,0
28314140,0,0,0
28328300,0,0,0
28346230,0,0,0
28359483,0,0,0
28373888,0,0,0
28386828,0,0,0
28398358,0,0,0
28412264,0,0,0
28422078,0,0,0
28432759,0,0,0
28442475,0,0,0
28457326,0,0,0
28475590,0,0,0
28486886,0,0,0
28497692,0,0,0
28509284,0,0,0
28525186,0,0,0
28537879,0,0,0
28553080,0,0,0
28570342,0,0,0
28581543,0,0,0
28592082,0,0,0
28609956,0,0,0
3014395264,0,0,0
28638693,0,0,0
28657589,0,0,0
28669158,0,0,0
28680226,0,0,0
28694376,0,0,0
28708121,0,0,0
28722090,0,0,0
28735484,0,0,0
28751677,0,0,0
28762957,0,0,0
28776436,0,0,0
28791376,0,0,0
28803231,0,0,0
28820312,0,0,0
28838858,0,0,0
28853331,0,0,0
28866849,0,0,0
28879479,0,0,0
28895747,0,0,0
28910638,0,0,0
28924136,0,0,0
28935846,0,0,0
28949899,0,0,0
28960703,0,0,0
28976782,0,0,0
28992312,0,0,0
29006939,0,0,0
29018271,0,0,0
29027854,0,0,0
29039335,0,0,0
29061486,0,0,0
29075241,0,0,0
29085955,0,0,0
29096180,0,0,0
29108440,0,0,0
29121882,0,0,0
29139527,0,0,0
29157564,0,0,0
29171570,0,0,0
29182190,0,0,0
29206731,0,0,0
29219121,0,0,0
29230589,0,0,0
29239920,0,0,0
29252080,0,0,0
29268902,0,0,0
29281979,0,0,0
29295912,0,0,0
29305982,0,0,0
29317410,0,0,0
29328079,0,0,0
29341081,0,0,0
29358870,0,0,0
29371675,0,0,0
29387608,0,0,0
29398229,0,0,0
29419369,0,0,0
29430774,0,0,0
29444735,0,0,0
29458756,0,0,0
29482032,0,0,0
158468029,0,0,0
29508104,0,0,0
29522866,0,0,0
29536198,0,0,0
29551200,0,0,0
29566459,0,0,0
29580551,0,0,0
29594527,0,0,0
29606278,0,0,0
29615699,0,0,0
29635595,0,0,0
29649256,0,0,0
29662154,0,0,0
29674511,0,0,0
29687026,0,0,0
29702788,0,0,0
29722522,0,0,0
29736340,0,0,0
29749258,0,0,0
29765559,0,0,0
29779089,0,0,0
29792263,0,0,0
29786666,0,0,0
29820925,0,0,0
29836314,0,0,0
29850180,0,0,0
29868238,0,0,0
29881109,0,0,0
29893463,0,0,0
29906304,0,0,0
29918714,0,0,0
29937892,0,0,0
29949483,0,0,0
29964673,0,0,0
29978824,0,0,0
29992622,0,0,0
30003512,0,0,0
30015536,0,0,0
30027764,0,0,0
30038549,0,0,0
30050347,0,0,0
30065162,0,0,0
30083899,0,0,0
30097783,0,0,0
30111564,0,0,0
30123680,0,0,0
30136415,0,0,0
30150432,0,0,0
30161941,0,0,0
30173563,0,0,0
30185552,0,0,0
30196595,0,0,0
30208030,0,0,0
30222490,0,0,0
30237329,0,0,0
30256596,0,0,0
30265591,0,0,0
30278452,0,0,0
30294942,0,0,0
30305144,0,0,0
30318298,0,0,0
30331083,0,0,0
30346375,0,0,0
30362301,0,0,0
30373598,0,0,0
30384674,0,0,0
30396478,0,0,0
30408590,0,0,0
30420436,0,0,0
30429930,0,0,0
30441237,0,0,0
30453047,0,0,0
30467655,0,0,0
30479971,0,0,0
30495325,0,0,0
30507268,0,0,0
30519612,0,0,0
30530922,0,0,0
30542677,0,0,0
30555955,0,0,0
30566852,0,0,0
30580707,0,0,0
30591033,0,0,0
30602387,0,0,0
30615363,0,0,0
30634642,0,0,0
30647174,0,0,0
30661255,0,0,0
30673739,0,0,0
30686492,0,0,0
30703063,0,0,0
30712796,0,0,0
30722410,0,0,0
30734090,0,0,0
30753182,0,0,0
30765468,0,0,0
30776246,0,0,0
30786740,0,0,0
30796631,0,0,0
30809617,0,0,0
30824519,0,0,0
30838597,0,0,0
30853075,0,0,0
30863747,0,0,0
30875998,0,0,0
30887705,0,0,0
30898736,0,0,0
30910495,0,0,0
30923678,0,0,0
30936063,0,0,0
30949107,0,0,0
30959964,0,0,0
30978002,0,0,0
30994823,0,0,0
31010619,0,0,0
31023852,0,0,0
31035927,0,0,0
31051043,0,0,0
31068472,0,0,0
31082133,0,0,0
31094963,0,0,0
31106133,0,0,0
31117347,0,0,0
31127987,0,0,0
31137981,0,0,0
31149267,0,0,0
31159887,0,0,0
31173317,0,0,0
31187123,0,0,0
31197787,0,0,0
31212213,0,0,0
31224126,0,0,0
31237723,0,0,0
31249346,0,0,0
31260366,0,0,0
31273493,0,0,0
31285609,0,0,0
31300850,0,0,0
31317349,0,0,0
31331873,0,0,0
31344216,0,0,0
31354441,0,0,0
31367436,0,0,0
31378318,0,0,0
31390792,0,0,0
31404474,0,0,0
31422584,0,0,0
31432196,0,0,0
31444229,0,0,0
31467589,0,0,0
31477128,0,0,0
31491611,0,0,0
31507634,0,0,0
31518457,0,0,0
31529031,0,0,0
31543104,0,0,0
31556937,0,0,0
31568975,0,0,0
31582226,0,0,0
31594398,0,0,0
31604745,0,0,0
31614775,0,0,0
31623824,0,0,0
31637139,0,0,0
31649907,0,0,0
31661740,0,0,0
31675374,0,0,0
31685892,0,0,0
31698000,0,0,0
31709727,0,0,0
31723575,0,0,0
31733769,0,0,0
31747993,0,0,0
31759926,0,0,0
31774799,0,0,0
31784681,0,0,0
31796311,0,0,0
31812624,0,0,0
31823948,0,0,0
31834968,0,0,0
31848618,0,0,0
31865628,0,0,0
31879273,0,0,0
31890098,0,0,0
31903906,0,0,0
31917139,0,0,0
31929772,0,0,0
31944157,0,0,0
31955721,0,0,0
31969044,0,0,0
31982862,0,0,0
31995248,0,0,0
32008594,0,0,0
32023188,0,0,0
32033017,0,0,0
32047173,0,0,0
32060035,0,0,0
32073355,0,0,0
32086358,0,0,0
32103460,0,0,0
32115341,0,0,0
32127196,0,0,0
32138474,0,0,0
32152261,0,0,0
32171731,0,0,0
32186270,0,0,0
32198765,0,0,0
32210397,0,0,0
32229092,0,0,0
32241163,0,0,0
32254254,0,0,0
32266742,0,0,0
32276669,0,0,0
32288452,0,0,0
32301689,0,0,0
32319098,0,0,0
32331040,0,0,0
32344857,0,0,0
32358275,0,0,0
32369946,0,0,0
32382696,0,0,0
32392829,0,0,0
32410687,0,0,0
32422912,0,0,0
32433613,0,0,0
32445502,0,0,0
32457456,0,0,0
32468658,0,0,0
32480888,0,0,0
32498369,0,0,0
32509418,0,0,0
32525191,0,0,0
32539091,0,0,0
32549765,0,0,0
32564493,0,0,0
32574194,0,0,0
32585003,0,0,0
32598548,0,0,0
32610555,0,0,0
32619828,0,0,0
32633375,0,0,0
32646778,0,0,0
32657879,0,0,0
32669881,0,0,0
32679890,0,0,0
32690690,0,0,0
32700803,0,0,0
32713619,0,0,0
32722861,0,0,0
32737000,0,0,0
32752217,0,0,0
32761874,0,0,0
32775555,0,0,0
32786389,0,0,0
32799446,0,0,0
32810511,0,0,0
32822543,0,0,0
32834173,0,0,0
32845314,0,0,0
32856461,0,0,0
32873879,0,0,0
32889225,0,0,0
32902925,0,0,0
32919887,0,0,0
32929467,0,0,0
32942765,0,0,0
32959946,0,0,0
32976809,0,0,0
32987746,0,0,0
33001429,0,0,0
33016211,0,0,0
33027379,0,0,0
33042855,0,0,0
33053319,0,0,0
33069296,0,0,0
33081829,0,0,0
33093290,0,0,0
33106558,0,0,0
33120330,0,0,0
33130500,0,0,0
33144662,0,0,0
33156154,0,0,0
33168082,0,0,0
33179975,0,0,0
33190037,0,0,0
33202765,0,0,0
33212682,0,0,0
33225299,0,0,0
33236877,0,0,0
33250030,0,0,0
33261124,0,0,0
33272476,0,0,0
33283363,0,0,0
33295268,0,0,0
33305448,0,0,0
33315038,0,0,0
33330143,0,0,0
33340546,0,0,0
33353489,0,0,0
33363490,0,0,0
33377846,0,0,0
33386494,0,0,0
33404831,0,0,0
33417415,0,0,0
33431594,0,0,0
33448696,0,0,0
33460237,0,0,0
33477615,0,0,0
33486701,0,0,0
33500675,0,0,0
33519108,0,0,0
33532612,0,0,0
33545297,0,0,0
33559072,0,0,0
33579706,0,0,0
33595478,0,0,0
33612025,0,0,0
33624137,0,0,0
33638586,0,0,0
33651950,0,0,0
33666606,0,0,0
33679523,0,0,0
33695445,0,0,0
33710813,0,0,0
33720173,0,0,0
33733962,0,0,0
33746362,0,0,0
33758239,0,0,0
33770330,0,0,0
33782567,0,0,0
33800164,0,0,0
33814423,0,0,0
33827172,0,0,0
33841098,0,0,0
33855099,0,0,0
33873033,0,0,0
33884744,0,0,0
33896170,0,0,0
33909346,0,0,0
33918783,0,0,0
33931320,0,0,0
33946681,0,0,0
33956837,0,0,0
33971247,0,0,0
33983921,0,0,0
33997337,0,0,0
34009856,0,0,0
34023338,0,0,0
34036593,0,0,0
34046695,0,0,0
34062978,0,0,0
34071991,0,0,0
34089841,0,0,0
34101782,0,0,0
34117707,0,0,0
34131668,0,0,0
34143953,0,0,0
34154387,0,0,0
34168426,0,0,0
34179949,0,0,0
34192647,0,0,0
34206253,0,0,0
34217438,0,0,0
34232070,0,0,0
34242776,0,0,0
34260682,0,0,0
34271112,0,0,0
34285213,0,0,0
34294631,0,0,0
34305956,0,0,0
34320559,0,0,0
34330895,0,0,0
34343903,0,0,0
34353104,0,0,0
34365554,0,0,0
34379536,0,0,0
34389149,0,0,0
34401193,0,0,0
34416615,0,0,0
34430445,0,0,0
34447936,0,0,0
34456673,0,0,0
34469497,0,0,0
34481738,0,0,0
34493313,0,0,0
34505947,0,0,0
34519201,0,0,0
34528655,0,0,0
34545880,0,0,0
34559245,0,0,0
34571463,0,0,0
34584158,0,0,0
34597318,0,0,0
34609526,0,0,0
34618623,0,0,0
34631507,0,0,0
34643686,0,0,0
34659702,0,0,0
34673108,0,0,0
34688399,0,0,0
34701165,0,0,0
34713140,0,0,0
34724225,0,0,0
34740381,0,0,0
34752899,0,0,0
34764253,0,0,0
34780757,0,0,0
34793198,0,0,0
34805899,0,0,0
34819081,0,0,0
34829977,0,0,0
34845122,0,0,0
34855745,0,0,0
34875744,0,0,0
34889202,0,0,0
34901869,0,0,0
34915630,0,0,0
34926767,0,0,0
34936811,0,0,0
34953613,0,0,0
34966505,0,0,0
34976145,0,0,0
34988279,0,0,0
35002664,0,0,0
35014049,0,0,0
35027108,0,0,0
35044723,0,0,0
35058027,0,0,0
35070040,0,0,0
35080539,0,0,0
35090914,0,0,0
35102226,0,0,0
35114127,0,0,0
35128092,0,0,0
35141891,0,0,0
35154915,0,0,0
35167482,0,0,0
35181481,0,0,0
35195867,0,0,0
35214432,0,0,0
35226942,0,0,0
35235298,0,0,0
35251418,0,0,0
35262872,0,0,0
35276078,0,0,0
35290155,0,0,0
35302773,0,0,0
35316134,0,0,0
35331685,0,0,0
35343941,0,0,0
35357085,0,0,0
35369913,0,0,0
35381833,0,0,0
35394419,0,0,0
35407555,0,0,0
35417942,0,0,0
35430265,0,0,0
35448285,0,0,0
35463283,0,0,0
35475656,0,0,0
35487669,0,0,0
35501709,0,0,0
35514076,0,0,0
35525701,0,0,0
35536216,0,0,0
35547301,0,0,0
35558909,0,0,0
35570176,0,0,0
35582777,0,0,0
35594072,0,0,0
35611898,0,0,0
35624761,0,0,0
35636348,0,0,0
35646702,0,0,0
35658165,0,0,0
35670369,0,0,0
35683794,0,0,0
35697586,0,0,0
35711466,0,0,0
35731672,0,0,0
35743044,0,0,0
35754362,0,0,0
35769781,0,0,0
35788265,0,0,0
35802372,0,0,0
35816292,0,0,0
35827933,0,0,0
35838626,0,0,0
35852084,0,0,0
35867096,0,0,0
35880895,0,0,0
35894392,0,0,0
35908962,0,0,0
35921723,0,0,0
35933830,0,0,0
35945833,0,0,0
35957705,0,0,0
35974770,0,0,0
35987005,0,0,0
36002846,0,0,0
36015118,0,0,0
36032005,0,0,0
36043958,0,0,0
36056903,0,0,0
36069747,0,0,0
36080251,0,0,0
36095797,0,0,0
36107014,0,0,0
36122251,0,0,0
36135317,0,0,0
36148628,0,0,0
36161377,0,0,0
36175355,0,0,0
36187322,0,0,0
36198074,0,0,0
36209538,0,0,0
36220977,0,0,0
36233107,0,0,0
36245031,0,0,0
36257066,0,0,0
36273484,0,0,0
36283042,0,0,0
36297759,0,0,0
36310506,0,0,0
36321945,0,0,0
36333087,0,0,0
36347362,0,0,0
36359601,0,0,0
36375768,0,0,0
36389788,0,0,0
36402789,0,0,0
36421122,0,0,0
36440024,0,0,0
36451420,0,0,0
36461993,0,0,0
36472536,0,0,0
36484193,0,0,0
36499356,0,0,0
36513291,0,0,0
36523779,0,0,0
36537057,0,0,0
36554861,0,0,0
36568248,0,0,0
36579973,0,0,0
36593737,0,0,0
36610630,0,0,0
36620962,0,0,0
36638137,0,0,0
36654413,0,0,0
36665938,0,0,0
36675144,0,0,0
36688527,0,0,0
36704985,0,0,0
36715560,0,0,0
36728729,0,0,0
36741468,0,0,0
36752592,0,0,0
36763999,0,0,0
36773409,0,0,0
36786529,0,0,0
36798781,0,0,0
36817984,0,0,0
36829638,0,0,0
36841002,0,0,0
36853997,0,0,0
36868670,0,0,0
36879988,0,0,0
36892705,0,0,0
36904343,0,0,0
36916052,0,0,0
36931906,0,0,0
36944190,0,0,0
36961557,0,0,0
36976534,0,0,0
36987963,0,0,0
36999038,0,0,0
37012367,0,0,0
37025166,0,0,0
37040957,0,0,0
37051139,0,0,0
37063561,0,0,0
37077124,0,0,0
37087415,0,0,0
37097304,0,0,0
37106730,0,0,0
37123910,0,0,0
37140473,0,0,0
37152994,0,0,0
37163812,0,0,0
37180590,0,0,0
37192385,0,0,0
37203877,0,0,0
37214195,0,0,0
37228361,0,0,0
37240245,0,0,0
37251367,0,0,0
37264333,0,0,0
37273574,0,0,0
37290005,0,0,0
37304307,0,0,0
37316444,0,0,0
37333308,0,0,0
37346735,0,0,0
37358584,0,0,0
37374490,0,0,0
37388167,0,0,0
37401568,0,0,0
37413978,0,0,0
37427383,0,0,0
37438509,0,0,0
37458825,0,0,0
37470541,0,0,0
37484199,0,0,0
37499385,0,0,0
37513758,0,0,0
37529933,0,0,0
37540082,0,0,0
37554542,0,0,0
37564714,0,0,0
37575360,0,0,0
37592316,0,0,0
37607013,0,0,0
37618878,0,0,0
37634581,0,0,0
37644378,0,0,0
37659884,0,0,0
37672864,0,0,0
37686847,0,0,0
37702404,0,0,0
37713953,0,0,0
37725207,0,0,0
37736318,0,0,0
37751416,0,0,0
37763628,0,0,0
37773495,0,0,0
37785938,0,0,0
37800697,0,0,0
37810529,0,0,0
37821308,0,0,0
37835552,0,0,0
37851464,0,0,0
37861194,0,0,0
37876443,0,0,0
37891012,0,0,0
37907015,0,0,0
37925133,0,0,0
37937193,0,0,0
37950405,0,0,0
37961976,0,0,0
37975472,0,0,0
37990136,0,0,0
38001605,0,0,0
38019612,0,0,0
38033107,0,0,0
38044869,0,0,0
38056438,0,0,0
38067166,0,0,0
38077644,0,0,0
38090531,0,0,0
38097024,0,0,0
38115914,0,0,0
38129748,0,0,0
38143140,0,0,0
38154820,0,0,0
38176259,0,0,0
38186906,0,0,0
38200558,0,0,0
38212967,0,0,0
38224397,0,0,0
38235928,0,0,0
38247630,0,0,0
38258432,0,0,0
38269850,0,0,0
38281464,0,0,0
38294921,0,0,0
38312659,0,0,0
38324786,0,0,0
38334731,0,0,0
38351227,0,0,0
38361463,0,0,0
38374434,0,0,0
38387640,0,0,0
38401673,0,0,0
38416794,0,0,0
38427875,0,0,0
38443462,0,0,0
38457585,0,0,0
38470196,0,0,0
38483411,0,0,0
38497518,0,0,0
38512171,0,0,0
38522458,0,0,0
38537691,0,0,0
38548791,0,0,0
38563216,0,0,0
38575105,0,0,0
38586199,0,0,0
38595817,0,0,0
38608588,0,0,0
38624664,0,0,0
38637612,0,0,0
38650742,0,0,0
38661632,0,0,0
38672122,0,0,0
38682993,0,0,0
38694221,0,0,0
38709569,0,0,0
38727169,0,0,0
38740357,0,0,0
38758031,0,0,0
1208288002,0,0,0
38785731,0,0,0
38800289,0,0,0
38813216,0,0,0
38826010,0,0,0
38837781,0,0,0
38855175,0,0,0
38869615,0,0,0
38884031,0,0,0
38902096,0,0,0
38913743,0,0,0
38927949,0,0,0
38937982,0,0,0
38954012,0,0,0
38972108,0,0,0
38983481,0,0,0
38997224,0,0,0
39012430,0,0,0
39024435,0,0,0
39035753,0,0,0
39047435,0,0,0
39060028,0,0,0
39073751,0,0,0
39088168,0,0,0
39103104,0,0,0
39116788,0,0,0
39128284,0,0,0
39137334,0,0,0
39151511,0,0,0
39163773,0,0,0
39173722,0,0,0
39182926,0,0,0
39194453,0,0,0
39209119,0,0,0
39222623,0,0,0
39235546,0,0,0
39249458,0,0,0
39259643,0,0,0
39277371,0,0,0
39294420,0,0,0
39309316,0,0,0
39323004,0,0,0
39336894,0,0,0
39351719,0,0,0
39363905,0,0,0
39377647,0,0,0
39390067,0,0,0
39402956,0,0,0
39414974,0,0,0
39426092,0,0,0
39438418,0,0,0
39453462,0,0,0
39466106,0,0,0
39479077,0,0,0
39491808,0,0,0
39502263,0,0,0
39518792,0,0,0
39531814,0,0,0
39543075,0,0,0
39557858,0,0,0
39568330,0,0,0
39578520,0,0,0
39592424,0,0,0
39603043,0,0,0
39614742,0,0,0
39631657,0,0,0
39646138,0,0,0
39657464,0,0,0
39669627,0,0,0
39684050,0,0,0
39694077,0,0,0
39710434,0,0,0
39722255,0,0,0
39737911,0,0,0
39748713,0,0,0
39759294,0,0,0
39770810,0,0,0
39783818,0,0,0
39797352,0,0,0
39810216,0,0,0
39823731,0,0,0
39835798,0,0,0
39847701,0,0,0
39860549,0,0,0
39876818,0,0,0
39889984,0,0,0
39902185,0,0,0
39914462,0,0,0
39927212,0,0,0
39938281,0,0,0
39955028,0,0,0
39967216,0,0,0
39977526,0,0,0
39995046,0,0,0
0,0,0,0
40022378,0,0,0
40038129,0,0,0
40049397,0,0,0
40062677,0,0,0
40077703,0,0,0
40089673,0,0,0
40102818,0,0,0
40114647,0,0,0
40127417,0,0,0
40143995,0,0,0
40156585,0,0,0
40168719,0,0,0
40181674,0,0,0
40194236,0,0,0
40207228,0,0,0
40221203,0,0,0
40232544,0,0,0
40246048,0,0,0
40255720,0,0,0
40268591,0,0,0
40283788,0,0,0
40298760,0,0,0
40310614,0,0,0
40322085,0,0,0
40332377,0,0,0
40344470,0,0,0
40364105,0,0,0
40376091,0,0,0
40395103,0,0,0
40408319,0,0,0
40423840,0,0,0
40438376,0,0,0
40449489,0,0,0
40460416,0,0,0
40469849,0,0,0
40482432,0,0,0
40495757,0,0,0
40508657,0,0,0
40522486,0,0,0
40539021,0,0,0
40551527,0,0,0
40565353,0,0,0
40576889,0,0,0
40592576,0,0,0
40602264,0,0,0
40614468,0,0,0
40626594,0,0,0
40642790,0,0,0
40656441,0,0,0
40668923,0,0,0
40678602,0,0,0
40690319,0,0,0
40703681,0,0,0
40714663,0,0,0
40725924,0,0,0
40738590,0,0,0
40750898,0,0,0
40766960,0,0,0
40779853,0,0,0
40796729,0,0,0
40808769,0,0,0
40818429,0,0,0
40832541,0,0,0
40848631,0,0,0
40862564,0,0,0
40876279,0,0,0
40887260,0,0,0
40896225,0,0,0
40912581,0,0,0
40928081,0,0,0
40937894,0,0,0
40955996,0,0,0
40966414,0,0,0
40976651,0,0,0
40988199,0,0,0
41000678,0,0,0
41012547,0,0,0
41025106,0,0,0
41034902,0,0,0
41045908,0,0,0
41058544,0,0,0
41073036,0,0,0
41085552,0,0,0
41100289,0,0,0
41109865,0,0,0
41126740,0,0,0
41139737,0,0,0
41151614,0,0,0
41163378,0,0,0
41173103,0,0,0
41184997,0,0,0
41199123,0,0,0
41212778,0,0,0
41223044,0,0,0
41236913,0,0,0
41248393,0,0,0
41261626,0,0,0
41277113,0,0,0
41287580,0,0,0
41301132,0,0,0
41318444,0,0,0
41333193,0,0,0
41352218,0,0,0
41363611,0,0,0
41374990,0,0,0
41387095,0,0,0
41402192,0,0,0
41417295,0,0,0
41429374,0,0,0
41439984,0,0,0
41454352,0,0,0
41466601,0,0,0
41480217,0,0,0
41492458,0,0,0
41504338,0,0,0
41515735,0,0,0
41534543,0,0,0
41548835,0,0,0
41562250,0,0,0
41578763,0,0,0
41593199,0,0,0
41605479,0,0,0
41615835,0,0,0
41626649,0,0,0
41641515,0,0,0
41652696,0,0,0
41666689,0,0,0
41679876,0,0,0
41694779,0,0,0
41706489,0,0,0
41719398,0,0,0
41733196,0,0,0
41744865,0,0,0
41760146,0,0,0
41775923,0,0,0
41789253,0,0,0
41800120,0,0,0
41814271,0,0,0
41830057,0,0,0
41841949,0,0,0
41853309,0,0,0
41864967,0,0,0
41883594,0,0,0
41896779,0,0,0
41913242,0,0,0
41926101,0,0,0
41939886,0,0,0
41952769,0,0,0
41962095,0,0,0
41973824,0,0,0
41984619,0,0,0
41996090,0,0,0
42006607,0,0,0
42017745,0,0,0
42030903,0,0,0
42043433,0,0,0
42054953,0,0,0
42066699,0,0,0
42076067,0,0,0
42087353,0,0,0
42097740,0,0,0
42108392,0,0,0
42120655,0,0,0
42133611,0,0,0
42147102,0,0,0
42161301,0,0,0
42174443,0,0,0
42184916,0,0,0
42198891,0,0,0
42212484,0,0,0
42225456,0,0,0
42237503,0,0,0
42250752,0,0,0
42264417,0,0,0
42274743,0,0,0
42290487,0,0,0
42302692,0,0,0
42319326,0,0,0
42331784,0,0,0
42341774,0,0,0
42353559,0,0,0
42372373,0,0,0
42385797,0,0,0
42395024,0,0,0
42409589,0,0,0
42421700,0,0,0
42436864,0,0,0
42451913,0,0,0
42467669,0,0,0
42481127,0,0,0
42492831,0,0,0
42507224,0,0,0
42518229,0,0,0
42530268,0,0,0
42542292,0,0,0
42556741,0,0,0
42567431,0,0,0
42578074,0,0,0
42591034,0,0,0
42601724,0,0,0
42615943,0,0,0
42625716,0,0,0
42638378,0,0,0
42650550,0,0,0
42663047,0,0,0
42674365,0,0,0
42685999,0,0,0
42697363,0,0,0
42709712,0,0,0
42720309,0,0,0
42732171,0,0,0
42743930,0,0,0
42755661,0,0,0
42770729,0,0,0
42780578,0,0,0
42794468,0,0,0
42806645,0,0,0
42821251,0,0,0
42835386,0,0,0
42848494,0,0,0
42858349,0,0,0
42869486,0,0,0
42880443,0,0,0
42893254,0,0,0
42905509,0,0,0
42916988,0,0,0
42930077,0,0,0
42941930,0,0,0
42954909,0,0,0
42968517,0,0,0
42979526,0,0,0
42990717,0,0,0
43003353,0,0,0
43016852,0,0,0
43027514,0,0,0
43038505,0,0,0
43051803,0,0,0
43066336,0,0,0
43080753,0,0,0
43092604,0,0,0
43103382,0,0,0
43115697,0,0,0
43126596,0,0,0
43138894,0,0,0
43148640,0,0,0
43159202,0,0,0
43171933,0,0,0
43182226,0,0,0
43195853,0,0,0
43211972,0,0,0
43222355,0,0,0
43231787,0,0,0
43244091,0,0,0
43257215,0,0,0
43269808,0,0,0
43283782,0,0,0
43295549,0,0,0
43309553,0,0,0
43321418,0,0,0
43333662,0,0,0
43342961,0,0,0
43354368,0,0,0
43364155,0,0,0
43379950,0,0,0
43391719,0,0,0
43407506,0,0,0
43419202,0,0,0
43439215,0,0,0
43449480,0,0,0
43463143,0,0,0
43477592,0,0,0
43488414,0,0,0
43502820,0,0,0
43516262,0,0,0
43529454,0,0,0
43539915,0,0,0
43553765,0,0,0
43568802,0,0,0
43582404,0,0,0
43597672,0,0,0
43612181,0,0,0
43625253,0,0,0
43635934,0,0,0
43651419,0,0,0
43663844,0,0,0
43675768,0,0,0
43687794,0,0,0
43701097,0,0,0
43713567,0,0,0
43725156,0,0,0
43736784,0,0,0
43748371,0,0,0
43762533,0,0,0
43775799,0,0,0
43785134,0,0,0
43800441,0,0,0
43815926,0,0,0
43827872,0,0,0
43840903,0,0,0
43852616,0,0,0
43865427,0,0,0
43878582,0,0,0
43889090,0,0,0
43901594,0,0,0
43913014,0,0,0
43923855,0,0,0
43947488,0,0,0
43958337,0,0,0
43973514,0,0,0
43986569,0,0,0
43999094,0,0,0
44009979,0,0,0
44027766,0,0,0
44039715,0,0,0
44051099,0,0,0
44063522,0,0,0
44074903,0,0,0
44088834,0,0,0
44098491,0,0,0
44111543,0,0,0
44126434,0,0,0
44138633,0,0,0
44150629,0,0,0
44160048,0,0,0
44172795,0,0,0
44185208,0,0,0
44197058,0,0,0
44213256,0,0,0
44223186,0,0,0
44234270,0,0,0
44244772,0,0,0
44256087,0,0,0
44267124,0,0,0
44280155,0,0,0
44290512,0,0,0
44303579,0,0,0
44317375,0,0,0
44329058,0,0,0
44341667,0,0,0
44357904,0,0,0
44368445,0,0,0
44381109,0,0,0
44394908,0,0,0
44406247,0,0,0
44417774,0,0,0
44434331,0,0,0
44444727,0,0,0
44457270,0,0,0
44471336,0,0,0
44482066,0,0,0
44495572,0,0,0
44505943,0,0,0
44519496,0,0,0
44531318,0,0,0
44543891,0,0,0
44556331,0,0,0
44569885,0,0,0
44582758,0,0,0
44598941,0,0,0
44614766,0,0,0
44626752,0,0,0
44638742,0,0,0
44650935,0,0,0
44669033,0,0,0
44681383,0,0,0
44692352,0,0,0
44704680,0,0,0
44717546,0,0,0
44729421,0,0,0
44742039,0,0,0
44754304,0,0,0
44766703,0,0,0
44778249,0,0,0
44790077,0,0,0
44802607,0,0,0
44815121,0,0,0
44827811,0,0,0
44840723,0,0,0
44852854,0,0,0
44866648,0,0,0
44880717,0,0,0
44889743,0,0,0
44900042,0,0,0
44913441,0,0,0
44925123,0,0,0
44936788,0,0,0
44950298,0,0,0
44964499,0,0,0
44974680,0,0,0
44989649,0,0,0
45000821,0,0,0
45017302,0,0,0
45030307,0,0,0
45045887,0,0,0
45058901,0,0,0
45072716,0,0,0
45088009,0,0,0
45097290,0,0,0
45111464,0,0,0
45121076,0,0,0
45135803,0,0,0
45147585,0,0,0
45161472,0,0,0
45171931,0,0,0
45183002,0,0,0
45196873,0,0,0
45210040,0,0,0
45222562,0,0,0
45235406,0,0,0
45246219,0,0,0
45258122,0,0,0
45270529,0,0,0
45281971,0,0,0
45292024,0,0,0
45302081,0,0,0
45313712,0,0,0
45328891,0,0,0
45340412,0,0,0
45353614,0,0,0
45365649,0,0,0
45378131,0,0,0
45389510,0,0,0
45402516,0,0,0
45415834,0,0,0
45428706,0,0,0
45441525,0,0,0
45454036,0,0,0
45470189,0,0,0
45482386,0,0,0
45493352,0,0,0
45506842,0,0,0
45525126,0,0,0
45533586,0,0,0
45549812,0,0,0
45561239,0,0,0
45577839,0,0,0
45588752,0,0,0
45598616,0,0,0
45611563,0,0,0
45622344,0,0,0
45636588,0,0,0
45647564,0,0,0
45660989,0,0,0
45673705,0,0,0
45686644,0,0,0
45698681,0,0,0
45713749,0,0,0
45723177,0,0,0
45734705,0,0,0
45744601,0,0,0
45755403,0,0,0
45768308,0,0,0
45782088,0,0,0
45795171,0,0,0
45806767,0,0,0
45821743,0,0,0
45832767,0,0,0
45843533,0,0,0
45857504,0,0,0
45868779,0,0,0
45880128,0,0,0
45893269,0,0,0
45906721,0,0,0
45921956,0,0,0
45934880,0,0,0
45946452,0,0,0
45958964,0,0,0
45972599,0,0,0
45985208,0,0,0
45998200,0,0,0
46010558,0,0,0
46023055,0,0,0
46034197,0,0,0
46047875,0,0,0
46060480,0,0,0
46070346,0,0,0
46081287,0,0,0
46093237,0,0,0
46103618,0,0,0
46117586,0,0,0
46130832,0,0,0
46143485,0,0,0
46156411,0,0,0
46168483,0,0,0
46179063,0,0,0
46189233,0,0,0
46200976,0,0,0
46210457,0,0,0
46221233,0,0,0
46235418,0,0,0
46249472,0,0,0
46265747,0,0,0
46279207,0,0,0
46293345,0,0,0
46305224,0,0,0
46323890,0,0,0
46334357,0,0,0
46349604,0,0,0
46360773,0,0,0
46371467,0,0,0
46385116,0,0,0
46397522,0,0,0
46409761,0,0,0
46423034,0,0,0
46435373,0,0,0
46447326,0,0,0
46457419,0,0,0
46468686,0,0,0
46482655,0,0,0
46494955,0,0,0
46507829,0,0,0
46519203,0,0,0
46529432,0,0,0
46544047,0,0,0
46557086,0,0,0
46571495,0,0,0
46581178,0,0,0
46594291,0,0,0
46606897,0,0,0
46619154,0,0,0
46631260,0,0,0
46645125,0,0,0
46659027,0,0,0
46669885,0,0,0
46685456,0,0,0
46696467,0,0,0
46707631,0,0,0
46721270,0,0,0
46734880,0,0,0
46745378,0,0,0
46758934,0,0,0
46772284,0,0,0
46783960,0,0,0
46796132,0,0,0
46808977,0,0,0
46820766,0,0,0
46834798,0,0,0
46848139,0,0,0
46862494,0,0,0
46876994,0,0,0
46888926,0,0,0
46898865,0,0,0
46912501,0,0,0
46925592,0,0,0
46935532,0,0,0
46947095,0,0,0
46966199,0,0,0
46978839,0,0,0
46993041,0,0,0
47003547,0,0,0
47017402,0,0,0
47029868,0,0,0
47044202,0,0,0
47054329,0,0,0
47067153,0,0,0
47082058,0,0,0
47093768,0,0,0
47108563,0,0,0
47124500,0,0,0
47136125,0,0,0
47148130,0,0,0
47157717,0,0,0
47169529,0,0,0
47183968,0,0,0
47197681,0,0,0
47212614,0,0,0
47226063,0,0,0
47238125,0,0,0
47249290,0,0,0
47261110,0,0,0
47274664,0,0,0
47288458,0,0,0
47299349,0,0,0
47311069,0,0,0
47325672,0,0,0
47336127,0,0,0
47348115,0,0,0
47358862,0,0,0
47371941,0,0,0
47384356,0,0,0
47393862,0,0,0
47405950,0,0,0
47417376,0,0,0
47427934,0,0,0
47440873,0,0,0
47452763,0,0,0
47467137,0,0,0
47480367,0,0,0
47493069,0,0,0
47505125,0,0,0
47515796,0,0,0
47528077,0,0,0
47540494,0,0,0
47553534,0,0,0
47564275,0,0,0
47575029,0,0,0
47588419,0,0,0
47600516,0,0,0
47614962,0,0,0
47624581,0,0,0
47645274,0,0,0
47656521,0,0,0
47667438,0,0,0
47682136,0,0,0
47694896,0,0,0
47708727,0,0,0
47721890,0,0,0
47734093,0,0,0
47746747,0,0,0
47758959,0,0,0
47770094,0,0,0
47781693,0,0,0
47796796,0,0,0
47806398,0,0,0
47819908,0,0,0
47833613,0,0,0
47845479,0,0,0
47858734,0,0,0
47872833,0,0,0
47885452,0,0,0
47898746,0,0,0
47909688,0,0,0
47920096,0,0,0
47932603,0,0,0
47945590,0,0,0
47960815,0,0,0
47974876,0,0,0
47991159,0,0,0
48002936,0,0,0
48015532,0,0,0
48029104,0,0,0
48040928,0,0,0
48051335,0,0,0
48063285,0,0,0
48073748,0,0,0
48082979,0,0,0
48095292,0,0,0
48114053,0,0,0
48124345,0,0,0
48138924,0,0,0
48148461,0,0,0
48160680,0,0,0
48171902,0,0,0
48183653,0,0,0
48195731,0,0,0
48207000,0,0,0
48218126,0,0,0
48230502,0,0,0
48241491,0,0,0
48254953,0,0,0
48267135,0,0,0
48280849,0,0,0
48294348,0,0,0
48306933,0,0,0
48316650,0,0,0
48330436,0,0,0
48343026,0,0,0
48359947,0,0,0
48369352,0,0,0
48384697,0,0,0
48399320,0,0,0
48410367,0,0,0
48423716,0,0,0
48436250,0,0,0
48454406,0,0,0
48464880,0,0,0
48478267,0,0,0
48490361,0,0,0
48502045,0,0,0
48514069,0,0,0
48524985,0,0,0
48537898,0,0,0
48550798,0,0,0
48562976,0,0,0
48575388,0,0,0
48587573,0,0,0
48598696,0,0,0
48611133,0,0,0
48624431,0,0,0
48636793,0,0,0
48650338,0,0,0
48663768,0,0,0
48676850,0,0,0
48691130,0,0,0
48703488,0,0,0
48716317,0,0,0
48729404,0,0,0
48740411,0,0,0
48753989,0,0,0
48766746,0,0,0
48780546,0,0,0
48794521,0,0,0
48804149,0,0,0
48818347,0,0,0
48831176,0,0,0
48842934,0,0,0
48853675,0,0,0
48866941,0,0,0
48881940,0,0,0
48894148,0,0,0
48905164,0,0,0
48915703,0,0,0
48925249,0,0,0
48939020,0,0,0
48952493,0,0,0
48963233,0,0,0
48973673,0,0,0
48986474,0,0,0
48999929,0,0,0
49015818,0,0,0
49027996,0,0,0
49040745,0,0,0
49053490,0,0,0
49065917,0,0,0
49078099,0,0,0
49087723,0,0,0
49100544,0,0,0
49114859,0,0,0
49126508,0,0,0
49137722,0,0,0
49149392,0,0,0
49162452,0,0,0
49173226,0,0,0
49185683,0,0,0
49195181,0,0,0
49206247,0,0,0
49221241,0,0,0
49234227,0,0,0
49245810,0,0,0
49256780,0,0,0
49270773,0,0,0
49281345,0,0,0
49291776,0,0,0
49305023,0,0,0
49319310,0,0,0
49330895,0,0,0
49340146,0,0,0
49353334,0,0,0
49367692,0,0,0
49382459,0,0,0
49391205,0,0,0
49408491,0,0,0
49422991,0,0,0
49435050,0,0,0
49447399,0,0,0
49458030,0,0,0
49469637,0,0,0
49482946,0,0,0
49494349,0,0,0
49506345,0,0,0
49516622,0,0,0
49527804,0,0,0
49537760,0,0,0
49551857,0,0,0
49561779,0,0,0
49574326,0,0,0
49587351,0,0,0
49601012,0,0,0
49612245,0,0,0
49625556,0,0,0
49639751,0,0,0
49650782,0,0,0
49663682,0,0,0
49677543,0,0,0
49689759,0,0,0
49699907,0,0,0
49714837,0,0,0
49726867,0,0,0
49738600,0,0,0
49751961,0,0,0
49763482,0,0,0
49773907,0,0,0
49785218,0,0,0
49798191,0,0,0
49812280,0,0,0
49824772,0,0,0
49833821,0,0,0
49846215,0,0,0
49861075,0,0,0
49876204,0,0,0
49890829,0,0,0
49900780,0,0,0
49913245,0,0,0
49931526,0,0,0
49944748,0,0,0
49958322,0,0,0
49970043,0,0,0
49981621,0,0,0
49992554,0,0,0
50004718,0,0,0
50014760,0,0,0
50028550,0,0,0
50040236,0,0,0
50053680,0,0,0
50064728,0,0,0
50078961,0,0,0
50091469,0,0,0
50102935,0,0,0
50114882,0,0,0
50128891,0,0,0
50140629,0,0,0
50154171,0,0,0
50165337,0,0,0
50176520,0,0,0
50191419,0,0,0
50203978,0,0,0
50214389,0,0,0
50228830,0,0,0
50239965,0,0,0
50252734,0,0,0
50266056,0,0,0
50276859,0,0,0
50288316,0,0,0
50300513,0,0,0
50309314,0,0,0
50321328,0,0,0
50334192,0,0,0
50348381,0,0,0
50358285,0,0,0
50371393,0,0,0
50380922,0,0,0
50394370,0,0,0
50406976,0,0,0
50418884,0,0,0
50431548,0,0,0
50444232,0,0,0
50459512,0,0,0
50473136,0,0,0
50483710,0,0,0
50500934,0,0,0
50513219,0,0,0
50525053,0,0,0
50535618,0,0,0
50549128,0,0,0
50561201,0,0,0
50573335,0,0,0
50588370,0,0,0
50600466,0,0,0
50612246,0,0,0
50626117,0,0,0
50636850,0,0,0
50649818,0,0,0
50660674,0,0,0
50672882,0,0,0
50686025,0,0,0
50697279,0,0,0
50708218,0,0,0
50721369,0,0,0
50733342,0,0,0
50744857,0,0,0
50757163,0,0,0
50768242,0,0,0
50778716,0,0,0
50790656,0,0,0
50803936,0,0,0
50816922,0,0,0
50827763,0,0,0
50841506,0,0,0
50854726,0,0,0
50865505,0,0,0
50883529,0,0,0
50894017,0,0,0
50907588,0,0,0
50920169,0,0,0
50934120,0,0,0
50946442,0,0,0
50960279,0,0,0
50972631,0,0,0
50987706,0,0,0
51000515,0,0,0
51010862,0,0,0
51024256,0,0,0
51037050,0,0,0
51049810,0,0,0
51064786,0,0,0
51075556,0,0,0
51089048,0,0,0
51107353,0,0,0
51119908,0,0,0
51133847,0,0,0
51151428,0,0,0
51164770,0,0,0
51176706,0,0,0
51189962,0,0,0
51203010,0,0,0
51215234,0,0,0
51228597,0,0,0
51238924,0,0,0
51250248,0,0,0
51262354,0,0,0
51274526,0,0,0
51286332,0,0,0
51297065,0,0,0
51309942,0,0,0
51320072,0,0,0
51329699,0,0,0
51344609,0,0,0
51357913,0,0,0
51367589,0,0,0
51380554,0,0,0
51394295,0,0,0
51408594,0,0,0
51422758,0,0,0
51436376,0,0,0
51448788,0,0,0
51462628,0,0,0
51475723,0,0,0
51489098,0,0,0
51500246,0,0,0
51513811,0,0,0
51528415,0,0,0
51539793,0,0,0
51552081,0,0,0
51563105,0,0,0
51575628,0,0,0
51585973,0,0,0
51599138,0,0,0
51611440,0,0,0
51625662,0,0,0
51638330,0,0,0
51649983,0,0,0
51662412,0,0,0
51674873,0,0,0
51686761,0,0,0
51701341,0,0,0
51712795,0,0,0
51723160,0,0,0
51737458,0,0,0
51748708,0,0,0
51764694,0,0,0
51775991,0,0,0
51784605,0,0,0
51799569,0,0,0
51813007,0,0,0
51830012,0,0,0
51842195,0,0,0
51854708,0,0,0
51867786,0,0,0
51882416,0,0,0
51895177,0,0,0
51905343,0,0,0
51918950,0,0,0
51928864,0,0,0
51945154,0,0,0
51957937,0,0,0
51967399,0,0,0
51979990,0,0,0
51991892,0,0,0
52003089,0,0,0
52014644,0,0,0
52026831,0,0,0
52040471,0,0,0
52051377,0,0,0
52064333,0,0,0
52080714,0,0,0
52091235,0,0,0
52104181,0,0,0
52115556,0,0,0
52124928,0,0,0
52138191,0,0,0
52148893,0,0,0
52161619,0,0,0
52173536,0,0,0
52187909,0,0,0
52200150,0,0,0
52219217,0,0,0
52233353,0,0,0
52245856,0,0,0
52260247,0,0,0
52273974,0,0,0
52284992,0,0,0
52297595,0,0,0
52310474,0,0,0
52322522,0,0,0
52335159,0,0,0
52350164,0,0,0
52369496,0,0,0
52382904,0,0,0
52397298,0,0,0
52408917,0,0,0
52424362,0,0,0
52436763,0,0,0
52445867,0,0,0
52458401,0,0,0
52468105,0,0,0
52480874,0,0,0
52491200,0,0,0
52505479,0,0,0
52518308,0,0,0
52528558,0,0,0
52541040,0,0,0
52553547,0,0,0
52565179,0,0,0
52576332,0,0,0
52588671,0,0,0
52598971,0,0,0
52609687,0,0,0
52623769,0,0,0
52635269,0,0,0
52645586,0,0,0
52658216,0,0,0
52670962,0,0,0
52682379,0,0,0
52696122,0,0,0
52705300,0,0,0
52715964,0,0,0
52732386,0,0,0
52746940,0,0,0
52759293,0,0,0
52769432,0,0,0
52779889,0,0,0
52789711,0,0,0
52803674,0,0,0
52813102,0,0,0
52825974,0,0,0
52837306,0,0,0
52849716,0,0,0
52862981,0,0,0
52876930,0,0,0
52890059,0,0,0
52902103,0,0,0
52915125,0,0,0
52927132,0,0,0
52937209,0,0,0
52950584,0,0,0
52963992,0,0,0
52976673,0,0,0
52988111,0,0,0
53003174,0,0,0
53014044,0,0,0
53028248,0,0,0
53038805,0,0,0
53052428,0,0,0
53064221,0,0,0
53076502,0,0,0
53089122,0,0,0
53103014,0,0,0
53115437,0,0,0
53127540,0,0,0
53138755,0,0,0
53153469,0,0,0
53168688,0,0,0
53180068,0,0,0
53194536,0,0,0
53205579,0,0,0
53217263,0,0,0
53227078,0,0,0
53240659,0,0,0
53250499,0,0,0
53266002,0,0,0
53280637,0,0,0
53297469,0,0,0
53313129,0,0,0
53324873,0,0,0
53343944,0,0,0
53354695,0,0,0
53366614,0,0,0
53378562,0,0,0
53392410,0,0,0
53407907,0,0,0
53422385,0,0,0
53440948,0,0,0
53452244,0,0,0
53463723,0,0,0
53476105,0,0,0
53487096,0,0,0
53500996,0,0,0
53511439,0,0,0
53524089,0,0,0
53534587,0,0,0
53550450,0,0,0
53562153,0,0,0
53574120,0,0,0
53583582,0,0,0
53595013,0,0,0
53604518,0,0,0
53618374,0,0,0
53631668,0,0,0
53643686,0,0,0
53653691,0,0,0
53667308,0,0,0
53679560,0,0,0
53694786,0,0,0
53706597,0,0,0
53719386,0,0,0
53730610,0,0,0
53744593,0,0,0
53756949,0,0,0
53767994,0,0,0
53778638,0,0,0
53792327,0,0,0
53806160,0,0,0
53816250,0,0,0
53829202,0,0,0
53840544,0,0,0
53853632,0,0,0
53865771,0,0,0
53876288,0,0,0
53889879,0,0,0
53903066,0,0,0
53915200,0,0,0
53927613,0,0,0
53940444,0,0,0
53954500,0,0,0
53967205,0,0,0
53981060,0,0,0
53994511,0,0,0
54013431,0,0,0
54021926,0,0,0
54036153,0,0,0
54047310,0,0,0
54058710,0,0,0
54069568,0,0,0
54082939,0,0,0
54095729,0,0,0
54108102,0,0,0
54120756,0,0,0
54133205,0,0,0
54145376,0,0,0
54161014,0,0,0
54173009,0,0,0
54184325,0,0,0
54197220,0,0,0
54211665,0,0,0
54221255,0,0,0
54234358,0,0,0
54251284,0,0,0
54261405,0,0,0
54273417,0,0,0
54286431,0,0,0
54298963,0,0,0
54312505,0,0,0
54325733,0,0,0
54335178,0,0,0
54347427,0,0,0
54358280,0,0,0
54371891,0,0,0
54386147,0,0,0
54398818,0,0,0
54410955,0,0,0
54423504,0,0,0
54434443,0,0,0
54447262,0,0,0
54457575,0,0,0
54468567,0,0,0
54481616,0,0,0
54493700,0,0,0
54507631,0,0,0
54518728,0,0,0
54530923,0,0,0
54545225,0,0,0
54558066,0,0,0
54571635,0,0,0
54587707,0,0,0
54601810,0,0,0
54613107,0,0,0
54628857,0,0,0
54639470,0,0,0
54652942,0,0,0
54664769,0,0,0
54677598,0,0,0
54691681,0,0,0
54702382,0,0,0
54716574,0,0,0
54729003,0,0,0
54742118,0,0,0
54755639,0,0,0
54768454,0,0,0
54785186,0,0,0
54797005,0,0,0
54808653,0,0,0
54820338,0,0,0
54832004,0,0,0
54843150,0,0,0
54854691,0,0,0
54864720,0,0,0
54878011,0,0,0
54892364,0,0,0
54903562,0,0,0
54916292,0,0,0
54929008,0,0,0
54940292,0,0,0
54953396,0,0,0
54966903,0,0,0
54979507,0,0,0
54992659,0,0,0
55003107,0,0,0
55014410,0,0,0
55026812,0,0,0
55036942,0,0,0
55051172,0,0,0
55060468,0,0,0
55075927,0,0,0
55089918,0,0,0
55103154,0,0,0
55114570,0,0,0
55127472,0,0,0
55139863,0,0,0
55153471,0,0,0
55163191,0,0,0
55174559,0,0,0
55187377,0,0,0
55199872,0,0,0
55215058,0,0,0
55226352,0,0,0
55238321,0,0,0
55250592,0,0,0
55262315,0,0,0
55272739,0,0,0
55283406,0,0,0
55294171,0,0,0
55307404,0,0,0
55320154,0,0,0
55335258,0,0,0
55346716,0,0,0
55357820,0,0,0
55371134,0,0,0
55385761,0,0,0
55399423,0,0,0
55412569,0,0,0
55427639,0,0,0
55437249,0,0,0
55447756,0,0,0
55459171,0,0,0
55471297,0,0,0
55482893,0,0,0
55495057,0,0,0
55509126,0,0,0
55520339,0,0,0
55531778,0,0,0
55543997,0,0,0
55553977,0,0,0
55568219,0,0,0
55583590,0,0,0
55597811,0,0,0
55609443,0,0,0
55620245,0,0,0
55631996,0,0,0
55643919,0,0,0
55654915,0,0,0
55670308,0,0,0
55680335,0,0,0
55693563,0,0,0
55705605,0,0,0
55716483,0,0,0
55729889,0,0,0
55744557,0,0,0
55760670,0,0,0
55773948,0,0,0
55787957,0,0,0
55803488,0,0,0
55815881,0,0,0
55829850,0,0,0
55844553,0,0,0
55855013,0,0,0
55868575,0,0,0
55879697,0,0,0
55890740,0,0,0
55901849,0,0,0
55913377,0,0,0
55924049,0,0,0
55934201,0,0,0
55949307,0,0,0
55960058,0,0,0
55973294,0,0,0
55986062,0,0,0
55998929,0,0,0
56010339,0,0,0
56023102,0,0,0
56033439,0,0,0
56044563,0,0,0
56056586,0,0,0
56067987,0,0,0
56078061,0,0,0
56092384,0,0,0
56106068,0,0,0
56115786,0,0,0
56127008,0,0,0
56138492,0,0,0
56151941,0,0,0
56162801,0,0,0
56177773,0,0,0
56190873,0,0,0
56201416,0,0,0
56214232,0,0,0
56225114,0,0,0
56234447,0,0,0
56252330,0,0,0
56264734,0,0,0
56275278,0,0,0
56288725,0,0,0
56301867,0,0,0
56315148,0,0,0
56327399,0,0,0
56339239,0,0,0
56352226,0,0,0
56364052,0,0,0
56378485,0,0,0
56387475,0,0,0
56402261,0,0,0
56415156,0,0,0
56429269,0,0,0
56441272,0,0,0
56456473,0,0,0
56468163,0,0,0
56480176,0,0,0
56491648,0,0,0
56502600,0,0,0
56514954,0,0,0
56526990,0,0,0
56537894,0,0,0
56548913,0,0,0
56563642,0,0,0
56575406,0,0,0
56585966,0,0,0
56602499,0,0,0
56612605,0,0,0
56623689,0,0,0
56637713,0,0,0
56648115,0,0,0
56659461,0,0,0
56669538,0,0,0
56681781,0,0,0
56694587,0,0,0
56708558,0,0,0
56719891,0,0,0
56731533,0,0,0
56744584,0,0,0
56754291,0,0,0
56768123,0,0,0
56780673,0,0,0
56793323,0,0,0
56806600,0,0,0
56818574,0,0,0
56827762,0,0,0
56839592,0,0,0
56851186,0,0,0
56864080,0,0,0
56876173,0,0,0
56886741,0,0,0
56900371,0,0,0
56915513,0,0,0
56929334,0,0,0
56941511,0,0,0
56953359,0,0,0
56963596,0,0,0
56977263,0,0,0
56987771,0,0,0
56998904,0,0,0
57011676,0,0,0
57024375,0,0,0
57038047,0,0,0
57054540,0,0,0
57066631,0,0,0
57078605,0,0,0
57091208,0,0,0
57102878,0,0,0
57114853,0,0,0
57127059,0,0,0
57139984,0,0,0
57152203,0,0,0
57162027,0,0,0
57177025,0,0,0
57189033,0,0,0
57203654,0,0,0
57216255,0,0,0
57230352,0,0,0
57241009,0,0,0
57252074,0,0,0
57264021,0,0,0
57277003,0,0,0
57289579,0,0,0
57305318,0,0,0
57318593,0,0,0
57329528,0,0,0
57340810,0,0,0
57350539,0,0,0
57360398,0,0,0
57375402,0,0,0
57389983,0,0,0
57403845,0,0,0
57417822,0,0,0
57433257,0,0,0
57443626,0,0,0
57457710,0,0,0
57470319,0,0,0
57488152,0,0,0
57498238,0,0,0
57508085,0,0,0
57520031,0,0,0
57529618,0,0,0
57542331,0,0,0
57554323,0,0,0
57566181,0,0,0
57579665,0,0,0
57591826,0,0,0
57605317,0,0,0
57616149,0,0,0
57628933,0,0,0
57642100,0,0,0
57653040,0,0,0
57667527,0,0,0
57679947,0,0,0
57692642,0,0,0
57704694,0,0,0
57718012,0,0,0
57731414,0,0,0
57741622,0,0,0
57756755,0,0,0
57769871,0,0,0
57779802,0,0,0
57793523,0,0,0
57811503,0,0,0
57826349,0,0,0
57839614,0,0,0
57851908,0,0,0
57864851,0,0,0
57875517,0,0,0
57887875,0,0,0
57905291,0,0,0
57916353,0,0,0
57926860,0,0,0
57937475,0,0,0
57949961,0,0,0
57963426,0,0,0
57974292,0,0,0
57989311,0,0,0
58004684,0,0,0
58016840,0,0,0
58031935,0,0,0
58043989,0,0,0
58056331,0,0,0
58066330,0,0,0
58078270,0,0,0
58092582,0,0,0
58101867,0,0,0
58115837,0,0,0
58126487,0,0,0
58148532,0,0,0
58161325,0,0,0
58172929,0,0,0
58186731,0,0,0
58197768,0,0,0
58210478,0,0,0
58223443,0,0,0
58236310,0,0,0
58246372,0,0,0
58259017,0,0,0
58272090,0,0,0
58285690,0,0,0
58298929,0,0,0
58308784,0,0,0
58322040,0,0,0
58332666,0,0,0
58343791,0,0,0
58359027,0,0,0
58376198,0,0,0
58386832,0,0,0
58399510,0,0,0
58412734,0,0,0
58426175,0,0,0
58438378,0,0,0
58452229,0,0,0
58462954,0,0,0
58476169,0,0,0
58486918,0,0,0
58501859,0,0,0
58513892,0,0,0
58523044,0,0,0
58544395,0,0,0
58555043,0,0,0
58565350,0,0,0
58574727,0,0,0
58584109,0,0,0
58596563,0,0,0
58606317,0,0,0
58616939,0,0,0
58627299,0,0,0
58639857,0,0,0
58650732,0,0,0
58663025,0,0,0
58673660,0,0,0
58686559,0,0,0
58699964,0,0,0
58713536,0,0,0
58724894,0,0,0
58737411,0,0,0
58750798,0,0,0
58764375,0,0,0
58775502,0,0,0
58792380,0,0,0
58805016,0,0,0
58816098,0,0,0
58828685,0,0,0
58841758,0,0,0
58856569,0,0,0
58867345,0,0,0
58880259,0,0,0
58892152,0,0,0
58906387,0,0,0
58918602,0,0,0
58930208,0,0,0
58944632,0,0,0
58958247,0,0,0
58968853,0,0,0
58982270,0,0,0
58998741,0,0,0
59010658,0,0,0
59026226,0,0,0
59041852,0,0,0
59054353,0,0,0
59068903,0,0,0
59080884,0,0,0
59094981,0,0,0
59108338,0,0,0
59119689,0,0,0
59131240,0,0,0
59142546,0,0,0
59155537,0,0,0
59172102,0,0,0
59183244,0,0,0
59194400,0,0,0
59206254,0,0,0
59219335,0,0,0
59229954,0,0,0
59242305,0,0,0
59253358,0,0,0
59266520,0,0,0
59278875,0,0,0
59292358,0,0,0
59304261,0,0,0
59316816,0,0,0
59327109,0,0,0
59341634,0,0,0
59353558,0,0,0
59364402,0,0,0
59374902,0,0,0
59385846,0,0,0
59395411,0,0,0
59407918,0,0,0
59421549,0,0,0
59434555,0,0,0
59445070,0,0,0
59457173,0,0,0
59467412,0,0,0
59479809,0,0,0
59489974,0,0,0
59503267,0,0,0
59513179,0,0,0
59525978,0,0,0
59538134,0,0,0
59549026,0,0,0
59559038,0,0,0
59570042,0,0,0
59582746,0,0,0
59594486,0,0,0
59605572,0,0,0
59617361,0,0,0
59629097,0,0,0
59641026,0,0,0
59650919,0,0,0
59660834,0,0,0
59672663,0,0,0
59681989,0,0,0
59695536,0,0,0
59708101,0,0,0
59718119,0,0,0
59728168,0,0,0
59738930,0,0,0
59759935,0,0,0
59770641,0,0,0
59782475,0,0,0
59793608,0,0,0
59803597,0,0,0
59816631,0,0,0
59829274,0,0,0
59840953,0,0,0
59853315,0,0,0
59861853,0,0,0
59875361,0,0,0
59884927,0,0,0
59896468,0,0,0
59908418,0,0,0
59919602,0,0,0
59931827,0,0,0
59943875,0,0,0
59955714,0,0,0
59965569,0,0,0
59980324,0,0,0
59994028,0,0,0
60006083,0,0,0
60020888,0,0,0
60031971,0,0,0
60045934,0,0,0
60055700,0,0,0
60070188,0,0,0
60081650,0,0,0
60094756,0,0,0
60108266,0,0,0
60122032,0,0,0
60135257,0,0,0
60149233,0,0,0
60160547,0,0,0
60171491,0,0,0
60185023,0,0,0
60195191,0,0,0
60206023,0,0,0
60218159,0,0,0
60230864,0,0,0
60245302,0,0,0
60260009,0,0,0
60271630,0,0,0
60283025,0,0,0
60296306,0,0,0
60313042,0,0,0
60325648,0,0,0
60339895,0,0,0
60352057,0,0,0
60362835,0,0,0
60374939,0,0,0
60385906,0,0,0
60399039,0,0,0
60412838,0,0,0
60423224,0,0,0
60438450,0,0,0
60448370,0,0,0
60458851,0,0,0
60472399,0,0,0
60488144,0,0,0
60501510,0,0,0
60511905,0,0,0
60522522,0,0,0
60536316,0,0,0
60547055,0,0,0
60559052,0,0,0
60572096,0,0,0
60586345,0,0,0
60601821,0,0,0
60615228,0,0,0
60626936,0,0,0
60640003,0,0,0
60651785,0,0,0
60666407,0,0,0
60677984,0,0,0
60688743,0,0,0
60698115,0,0,0
60709684,0,0,0
60721394,0,0,0
60733256,0,0,0
60745113,0,0,0
60759777,0,0,0
60771723,0,0,0
60781490,0,0,0
60793116,0,0,0
60806030,0,0,0
60816552,0,0,0
60829394,0,0,0
60840863,0,0,0
60852734,0,0,0
60867173,0,0,0
60878973,0,0,0
60889280,0,0,0
60902309,0,0,0
60914210,0,0,0
60923976,0,0,0
60937320,0,0,0
60950025,0,0,0
60959957,0,0,0
60973184,0,0,0
60986690,0,0,0
60998896,0,0,0
61009591,0,0,0
61023608,0,0,0
61035218,0,0,0
61047949,0,0,0
61060397,0,0,0
61073017,0,0,0
61086544,0,0,0
61097862,0,0,0
61110039,0,0,0
61124819,0,0,0
61136375,0,0,0
61148672,0,0,0
61163131,0,0,0
61178467,0,0,0
61187763,0,0,0
61201654,0,0,0
61213721,0,0,0
61227348,0,0,0
61236747,0,0,0
61248183,0,0,0
61263015,0,0,0
61275588,0,0,0
61288933,0,0,0
61298966,0,0,0
61312155,0,0,0
61326037,0,0,0
61339295,0,0,0
61352250,0,0,0
61363219,0,0,0
61374612,0,0,0
61387499,0,0,0
61401961,0,0,0
61413097,0,0,0
61428226,0,0,0
61439384,0,0,0
61450434,0,0,0
61461087,0,0,0
61476203,0,0,0
61489366,0,0,0
61501178,0,0,0
61513644,0,0,0
61524689,0,0,0
61534817,0,0,0
61547695,0,0,0
61562339,0,0,0
61574595,0,0,0
61590304,0,0,0
61601557,0,0,0
61615637,0,0,0
61628135,0,0,0
61642907,0,0,0
61658159,0,0,0
61667618,0,0,0
61677264,0,0,0
61692484,0,0,0
61706325,0,0,0
61717306,0,0,0
61728590,0,0,0
61740048,0,0,0
61752197,0,0,0
61769698,0,0,0
61779254,0,0,0
61791396,0,0,0
61801528,0,0,0
61814863,0,0,0
34031617,0,0,0
61842665,0,0,0
61862283,0,0,0
61877304,0,0,0
61888857,0,0,0
61903113,0,0,0
61916502,0,0,0
61927190,0,0,0
61940529,0,0,0
61953544,0,0,0
61967959,0,0,0
61980443,0,0,0
61994100,0,0,0
62008333,0,0,0
62022958,0,0,0
62035029,0,0,0
62047651,0,0,0
62059424,0,0,0
62072275,0,0,0
62087013,0,0,0
62105501,0,0,0
62118759,0,0,0
62133363,0,0,0
62143799,0,0,0
62163594,0,0,0
62180095,0,0,0
62192433,0,0,0
62205527,0,0,0
62219836,0,0,0
62234315,0,0,0
62245454,0,0,0
62257447,0,0,0
62273264,0,0,0
62287914,0,0,0
62298392,0,0,0
62312690,0,0,0
62323837,0,0,0
62335903,0,0,0
62350219,0,0,0
62362436,0,0,0
62378349,0,0,0
62388131,0,0,0
62400238,0,0,0
62413029,0,0,0
62424290,0,0,0
62437772,0,0,0
62452679,0,0,0
62464677,0,0,0
62479395,0,0,0
62489537,0,0,0
62500717,0,0,0
62515928,0,0,0
62527150,0,0,0
62539195,0,0,0
62554148,0,0,0
62564773,0,0,0
62575551,0,0,0
62587035,0,0,0
62598686,0,0,0
62609902,0,0,0
62622037,0,0,0
62638304,0,0,0
62648502,0,0,0
62659853,0,0,0
62670091,0,0,0
62682236,0,0,0
62693477,0,0,0
62705139,0,0,0
62717181,0,0,0
62726065,0,0,0
62739488,0,0,0
62756570,0,0,0
62774448,0,0,0
62784688,0,0,0
62797510,0,0,0
62811126,0,0,0
62828232,0,0,0
62839126,0,0,0
62850509,0,0,0
62863296,0,0,0
62874706,0,0,0
62887277,0,0,0
62899505,0,0,0
62911508,0,0,0
62925240,0,0,0
62936207,0,0,0
62947726,0,0,0
62959885,0,0,0
62973563,0,0,0
62988659,0,0,0
63001660,0,0,0
63014868,0,0,0
63026564,0,0,0
63039352,0,0,0
63050158,0,0,0
63061739,0,0,0
63075954,0,0,0
63087852,0,0,0
63099321,0,0,0
63112905,0,0,0
63127690,0,0,0
63136868,0,0,0
63149337,0,0,0
63162460,0,0,0
63174427,0,0,0
63189113,0,0,0
63203609,0,0,0
63214402,0,0,0
63224737,0,0,0
63235816,0,0,0
63248094,0,0,0
63257465,0,0,0
63271093,0,0,0
63283635,0,0,0
63298313,0,0,0
63313783,0,0,0
63328626,0,0,0
63342239,0,0,0
63356297,0,0,0
63366736,0,0,0
63381366,0,0,0
63393157,0,0,0
63405371,0,0,0
63416507,0,0,0
63429077,0,0,0
63442149,0,0,0
63462394,0,0,0
63472780,0,0,0
63485504,0,0,0
63498222,0,0,0
63508315,0,0,0
63520587,0,0,0
63533928,0,0,0
63548666,0,0,0
63560113,0,0,0
63573634,0,0,0
63586452,0,0,0
63597321,0,0,0
63611752,0,0,0
63623435,0,0,0
63636583,0,0,0
63648061,0,0,0
63661028,0,0,0
63674241,0,0,0
63683855,0,0,0
63694841,0,0,0
63705508,0,0,0
63719941,0,0,0
63731809,0,0,0
63748716,0,0,0
63760353,0,0,0
63773231,0,0,0
63784279,0,0,0
63799009,0,0,0
63809227,0,0,0
63822355,0,0,0
63832838,0,0,0
63847572,0,0,0
63858350,0,0,0
63868903,0,0,0
63887428,0,0,0
63900931,0,0,0
63916731,0,0,0
63930224,0,0,0
63944142,0,0,0
63957328,0,0,0
63969626,0,0,0
63982247,0,0,0
63997450,0,0,0
64009931,0,0,0
64022205,0,0,0
64035605,0,0,0
64046090,0,0,0
64058931,0,0,0
64069930,0,0,0
64079228,0,0,0
64091399,0,0,0
64106284,0,0,0
64117080,0,0,0
64128204,0,0,0
64142110,0,0,0
64152498,0,0,0
64164354,0,0,0
64174624,0,0,0
64186442,0,0,0
64196326,0,0,0
64206386,0,0,0
64220775,0,0,0
64232274,0,0,0
64244440,0,0,0
64255885,0,0,0
64268247,0,0,0
64281413,0,0,0
64296633,0,0,0
64309255,0,0,0
64321992,0,0,0
64333240,0,0,0
64344631,0,0,0
64355899,0,0,0
64370210,0,0,0
64384902,0,0,0
64395113,0,0,0
64408812,0,0,0
64418261,0,0,0
64430686,0,0,0
64443773,0,0,0
64456747,0,0,0
64468480,0,0,0
64480607,0,0,0
64493558,0,0,0
64505099,0,0,0
64515574,0,0,0
64528208,0,0,0
64540812,0,0,0
64554877,0,0,0
64567513,0,0,0
64588983,0,0,0
64599427,0,0,0
64612449,0,0,0
64624419,0,0,0
64634205,0,0,0
64647108,0,0,0
64660244,0,0,0
64672125,0,0,0
64683166,0,0,0
64694350,0,0,0
64705140,0,0,0
64718499,0,0,0
64729967,0,0,0
64747784,0,0,0
64758399,0,0,0
64771802,0,0,0
64785452,0,0,0
64797607,0,0,0
64810336,0,0,0
64825476,0,0,0
64834994,0,0,0
64849027,0,0,0
64858678,0,0,0
64874017,0,0,0
64886875,0,0,0
64896325,0,0,0
64908972,0,0,0
64922935,0,0,0
64936926,0,0,0
64949075,0,0,0
64962674,0,0,0
64980123,0,0,0
64993194,0,0,0
65003478,0,0,0
65014761,0,0,0
65025022,0,0,0
65039655,0,0,0
65050649,0,0,0
65065185,0,0,0
65076606,0,0,0
65090137,0,0,0
65104662,0,0,0
65118932,0,0,0
65133282,0,0,0
65147926,0,0,0
65162525,0,0,0
65176368,0,0,0
65191755,0,0,0
65201291,0,0,0
65218384,0,0,0
65231791,0,0,0
65243269,0,0,0
65252709,0,0,0
65265381,0,0,0
65276440,0,0,0
65285726,0,0,0
65305550,0,0,0
65318852,0,0,0
65328892,0,0,0
65340931,0,0,0
65356965,0,0,0
65372905,0,0,0
65385723,0,0,0
65399951,0,0,0
65409930,0,0,0
65421399,0,0,0
65433837,0,0,0
65446248,0,0,0
65456411,0,0,0
65470919,0,0,0
65482787,0,0,0
65497472,0,0,0
65510220,0,0,0
65523367,0,0,0
65533991,0,0,0
65548120,0,0,0
65556724,0,0,0
65570016,0,0,0
65582276,0,0,0
65595731,0,0,0
65608444,0,0,0
65619071,0,0,0
65629554,0,0,0
65641954,0,0,0
65654921,0,0,0
65666435,0,0,0
65677217,0,0,0
65691309,0,0,0
65703320,0,0,0
65716636,0,0,0
65728871,0,0,0
65740012,0,0,0
65753358,0,0,0
65763372,0,0,0
65776746,0,0,0
65790110,0,0,0
65800569,0,0,0
65810282,0,0,0
65823949,0,0,0
65836215,0,0,0
65847025,0,0,0
65858978,0,0,0
65872475,0,0,0
65884925,0,0,0
65897193,0,0,0
65910869,0,0,0
65924218,0,0,0
65936444,0,0,0
65947611,0,0,0
65961510,0,0,0
65972668,0,0,0
65986717,0,0,0
65999098,0,0,0
66014050,0,0,0
66025820,0,0,0
66038770,0,0,0
66051654,0,0,0
66066040,0,0,0
66078430,0,0,0
66091813,0,0,0
66103195,0,0,0
66118516,0,0,0
66132421,0,0,0
66141645,0,0,0
66156436,0,0,0
66165987,0,0,0
66180790,0,0,0
66191225,0,0,0
66201144,0,0,0
66215315,0,0,0
66224878,0,0,0
66239314,0,0,0
66250435,0,0,0
66265152,0,0,0
66275670,0,0,0
66289202,0,0,0
66299951,0,0,0
66311454,0,0,0
66323063,0,0,0
66336047,0,0,0
66351674,0,0,0
66362612,0,0,0
66373917,0,0,0
66387525,0,0,0
66405689,0,0,0
66417038,0,0,0
66428918,0,0,0
66443665,0,0,0
66454048,0,0,0
66465054,0,0,0
66477226,0,0,0
66490151,0,0,0
66503693,0,0,0
66514568,0,0,0
66526021,0,0,0
66537047,0,0,0
66550048,0,0,0
66561757,0,0,0
66576249,0,0,0
66590877,0,0,0
66602937,0,0,0
66616770,0,0,0
66628497,0,0,0
66640406,0,0,0
66651739,0,0,0
66663421,0,0,0
66675317,0,0,0
66687047,0,0,0
66698864,0,0,0
66712086,0,0,0
66725755,0,0,0
66737233,0,0,0
66750238,0,0,0
66762903,0,0,0
66773888,0,0,0
66789300,0,0,0
66801641,0,0,0
66814494,0,0,0
66824509,0,0,0
66841263,0,0,0
66853596,0,0,0
66866505,0,0,0
66877650,0,0,0
66891855,0,0,0
66903229,0,0,0
66913745,0,0,0
66926480,0,0,0
66941261,0,0,0
66952629,0,0,0
66969036,0,0,0
66979937,0,0,0
66995487,0,0,0
67008838,0,0,0
67021089,0,0,0
67034261,0,0,0
67047175,0,0,0
67060584,0,0,0
67073129,0,0,0
67085812,0,0,0
67099524,0,0,0
67111158,0,0,0
67128075,0,0,0
67140043,0,0,0
67153821,0,0,0
67169302,0,0,0
67183422,0,0,0
67195769,0,0,0
67207197,0,0,0
67218525,0,0,0
67230172,0,0,0
67241797,0,0,0
67257042,0,0,0
67272157,0,0,0
67283976,0,0,0
67296321,0,0,0
67310136,0,0,0
67325662,0,0,0
67336685,0,0,0
67349761,0,0,0
67360755,0,0,0
67371070,0,0,0
67387396,0,0,0
67399146,0,0,0
67412403,0,0,0
67425149,0,0,0
67439113,0,0,0
67454580,0,0,0
67465942,0,0,0
67477513,0,0,0
67488906,0,0,0
67501639,0,0,0
67512256,0,0,0
67525476,0,0,0
67537599,0,0,0
67551465,0,0,0
67562307,0,0,0
67577382,0,0,0
67588778,0,0,0
67598801,0,0,0
67612413,0,0,0
67622639,0,0,0
67632498,0,0,0
67642876,0,0,0
67656475,0,0,0
67669221,0,0,0
67682335,0,0,0
67694475,0,0,0
67707397,0,0,0
67717956,0,0,0
67729955,0,0,0
67741786,0,0,0
529285,0,0,0
67773858,0,0,0
67787858,0,0,0
67798803,0,0,0
67810628,0,0,0
67825096,0,0,0
67836734,0,0,0
67848967,0,0,0
67859721,0,0,0
67872664,0,0,0
67885913,0,0,0
67896268,0,0,0
67908314,0,0,0
67923139,0,0,0
67937833,0,0,0
67952588,0,0,0
67963745,0,0,0
67978259,0,0,0
67991078,0,0,0
68009151,0,0,0
68021414,0,0,0
68033920,0,0,0
68048904,0,0,0
68059888,0,0,0
68075638,0,0,0
68087356,0,0,0
68099210,0,0,0
68109426,0,0,0
68122955,0,0,0
68135178,0,0,0
68148759,0,0,0
68163778,0,0,0
68177294,0,0,0
68190941,0,0,0
68202423,0,0,0
68211250,0,0,0
68225738,0,0,0
68237098,0,0,0
68252414,0,0,0
68263203,0,0,0
68276790,0,0,0
68295782,0,0,0
68308472,0,0,0
68323163,0,0,0
68338172,0,0,0
68354745,0,0,0
68369478,0,0,0
68381849,0,0,0
68395587,0,0,0
68407344,0,0,0
68418828,0,0,0
68432071,0,0,0
68444003,0,0,0
68456772,0,0,0
68468778,0,0,0
68482143,0,0,0
68494090,0,0,0
68505876,0,0,0
68518354,0,0,0
68530267,0,0,0
68543407,0,0,0
68556830,0,0,0
68569077,0,0,0
68578782,0,0,0
68592657,0,0,0
68602664,0,0,0
68617210,0,0,0
68632337,0,0,0
68643940,0,0,0
68657406,0,0,0
68667985,0,0,0
68682453,0,0,0
68693617,0,0,0
68706020,0,0,0
68717878,0,0,0
68732972,0,0,0
68745091,0,0,0
68757814,0,0,0
68769371,0,0,0
68780890,0,0,0
68796527,0,0,0
68811060,0,0,0
68824413,0,0,0
68836710,0,0,0
68848308,0,0,0
68863155,0,0,0
68875861,0,0,0
68890071,0,0,0
68906859,0,0,0
68919329,0,0,0
68931425,0,0,0
68941950,0,0,0
68956590,0,0,0
68968228,0,0,0
68979654,0,0,0
68997397,0,0,0
69009782,0,0,0
69022365,0,0,0
69034178,0,0,0
69045792,0,0,0
69058035,0,0,0
69071128,0,0,0
69083008,0,0,0
69097618,0,0,0
69105989,0,0,0
69117689,0,0,0
69132070,0,0,0
69142845,0,0,0
69155251,0,0,0
69165666,0,0,0
69177031,0,0,0
69189802,0,0,0
69201982,0,0,0
69214941,0,0,0
69226844,0,0,0
69243060,0,0,0
69256091,0,0,0
69271952,0,0,0
69282947,0,0,0
69297282,0,0,0
69310428,0,0,0
69322136,0,0,0
69336315,0,0,0
69348232,0,0,0
69359993,0,0,0
69373917,0,0,0
69385716,0,0,0
69397974,0,0,0
69410759,0,0,0
69421836,0,0,0
69434746,0,0,0
69445632,0,0,0
69456745,0,0,0
69471033,0,0,0
69483900,0,0,0
69492466,0,0,0
69506901,0,0,0
69517671,0,0,0
69528605,0,0,0
69540768,0,0,0
69553025,0,0,0
69565740,0,0,0
69577282,0,0,0
69586099,0,0,0
69599622,0,0,0
69615026,0,0,0
69625890,0,0,0
69637627,0,0,0
69651694,0,0,0
69667151,0,0,0
69679425,0,0,0
69693154,0,0,0
69703458,0,0,0
69713445,0,0,0
69724555,0,0,0
69737546,0,0,0
69751963,0,0,0
69773777,0,0,0
69785551,0,0,0
69796455,0,0,0
69808583,0,0,0
69819483,0,0,0
69832809,0,0,0
69843418,0,0,0
69856416,0,0,0
69869607,0,0,0
69881227,0,0,0
69893945,0,0,0
69905623,0,0,0
69917896,0,0,0
69929150,0,0,0
69940801,0,0,0
69951569,0,0,0
69960723,0,0,0
69975398,0,0,0
69987065,0,0,0
69999229,0,0,0
70010251,0,0,0
70021334,0,0,0
70033793,0,0,0
70045722,0,0,0
70059473,0,0,0
70071479,0,0,0
70087851,0,0,0
70101836,0,0,0
70112150,0,0,0
70122107,0,0,0
70135529,0,0,0
70146656,0,0,0
70159476,0,0,0
70170335,0,0,0
70182373,0,0,0
70195824,0,0,0
70206663,0,0,0
70221092,0,0,0
70234577,0,0,0
70245027,0,0,0
70256960,0,0,0
70271568,0,0,0
70281429,0,0,0
70294465,0,0,0
70305834,0,0,0
70318817,0,0,0
70328679,0,0,0
70339336,0,0,0
70350633,0,0,0
70360888,0,0,0
70374001,0,0,0
70384270,0,0,0
70397939,0,0,0
70410872,0,0,0
70421146,0,0,0
70433548,0,0,0
70449024,0,0,0
70458789,0,0,0
70469771,0,0,0
70480381,0,0,0
70491548,0,0,0
70506426,0,0,0
70517316,0,0,0
70530103,0,0,0
70539806,0,0,0
70552387,0,0,0
70565619,0,0,0
70578292,0,0,0
70590990,0,0,0
70601496,0,0,0
70613036,0,0,0
70622944,0,0,0
70634599,0,0,0
70647113,0,0,0
70660225,0,0,0
70674577,0,0,0
70685039,0,0,0
70699980,0,0,0
70712821,0,0,0
70723942,0,0,0
70734666,0,0,0
70745677,0,0,0
70757455,0,0,0
70768990,0,0,0
70778912,0,0,0
70792251,0,0,0
70805354,0,0,0
70817133,0,0,0
70829635,0,0,0
70842971,0,0,0
70855217,0,0,0
70866348,0,0,0
70879511,0,0,0
70890315,0,0,0
70905644,0,0,0
70916227,0,0,0
70929460,0,0,0
70940174,0,0,0
70953722,0,0,0
70963248,0,0,0
70974888,0,0,0
70986942,0,0,0
71002947,0,0,0
71017835,0,0,0
71030110,0,0,0
71042536,0,0,0
71056297,0,0,0
71069155,0,0,0
71084510,0,0,0
71099117,0,0,0
71112297,0,0,0
71123865,0,0,0
71135368,0,0,0
71147518,0,0,0
71158202,0,0,0
71169813,0,0,0
71184900,0,0,0
71196690,0,0,0
71213219,0,0,0
71223357,0,0,0
71232378,0,0,0
71251975,0,0,0
71263669,0,0,0
71280633,0,0,0
71289966,0,0,0
71304482,0,0,0
71318199,0,0,0
71330932,0,0,0
71342937,0,0,0
71354864,0,0,0
71366600,0,0,0
71380708,0,0,0
71395086,0,0,0
71405075,0,0,0
71426792,0,0,0
71439575,0,0,0
71452584,0,0,0
71465367,0,0,0
71476034,0,0,0
71486564,0,0,0
71497289,0,0,0
71510564,0,0,0
71524398,0,0,0
71537480,0,0,0
71549845,0,0,0
71561668,0,0,0
71571869,0,0,0
71585308,0,0,0
71595404,0,0,0
71607479,0,0,0
71618839,0,0,0
71631589,0,0,0
71642913,0,0,0
71655145,0,0,0
71670547,0,0,0
71682129,0,0,0
71693798,0,0,0
71703856,0,0,0
71717441,0,0,0
71728384,0,0,0
71740829,0,0,0
71753192,0,0,0
71765544,0,0,0
71779021,0,0,0
71794075,0,0,0
71806296,0,0,0
71817566,0,0,0
71830768,0,0,0
71842486,0,0,0
71854992,0,0,0
71867713,0,0,0
71879342,0,0,0
71890937,0,0,0
71902677,0,0,0
71915311,0,0,0
71929648,0,0,0
71943392,0,0,0
71955470,0,0,0
71967064,0,0,0
71977373,0,0,0
71990556,0,0,0
72005512,0,0,0
72018842,0,0,0
72031212,0,0,0
72046942,0,0,0
72057558,0,0,0
72072550,0,0,0
72083732,0,0,0
72096842,0,0,0
72111206,0,0,0
72122170,0,0,0
72134479,0,0,0
72145585,0,0,0
72160346,0,0,0
72170500,0,0,0
72182539,0,0,0
72197690,0,0,0
72210968,0,0,0
72221596,0,0,0
72235051,0,0,0
72249212,0,0,0
72262569,0,0,0
72274851,0,0,0
72287704,0,0,0
72302232,0,0,0
72317429,0,0,0
72336309,0,0,0
72346948,0,0,0
72357412,0,0,0
72367512,0,0,0
72377475,0,0,0
72388188,0,0,0
72401060,0,0,0
72414206,0,0,0
72425174,0,0,0
72437598,0,0,0
72453389,0,0,0
72467945,0,0,0
72480726,0,0,0
72495034,0,0,0
72505832,0,0,0
72517578,0,0,0
72529881,0,0,0
72541755,0,0,0
72552777,0,0,0
72564940,0,0,0
72574591,0,0,0
72585807,0,0,0
72598148,0,0,0
72610365,0,0,0
72621458,0,0,0
72632949,0,0,0
72647038,0,0,0
72660992,0,0,0
72671920,0,0,0
72684760,0,0,0
72699280,0,0,0
72712497,0,0,0
72725707,0,0,0
72736622,0,0,0
72748691,0,0,0
72761772,0,0,0
72773143,0,0,0
72786963,0,0,0
72799228,0,0,0
72812404,0,0,0
72821923,0,0,0
72835636,0,0,0
72849081,0,0,0
72860076,0,0,0
72875573,0,0,0
72887916,0,0,0
72899901,0,0,0
72911921,0,0,0
72925243,0,0,0
72937617,0,0,0
72956922,0,0,0
72967725,0,0,0
72983748,0,0,0
72994038,0,0,0
73005770,0,0,0
73016531,0,0,0
73029326,0,0,0
73044456,0,0,0
73056960,0,0,0
73070938,0,0,0
73085738,0,0,0
73097114,0,0,0
73111643,0,0,0
73123891,0,0,0
73134891,0,0,0
73147363,0,0,0
73157849,0,0,0
73171751,0,0,0
73181799,0,0,0
73196961,0,0,0
73208759,0,0,0
73221420,0,0,0
73233691,0,0,0
73249817,0,0,0
73258133,0,0,0
73273540,0,0,0
73284423,0,0,0
73304925,0,0,0
73314377,0,0,0
73329509,0,0,0
73341637,0,0,0
73357264,0,0,0
73376184,0,0,0
73390212,0,0,0
73401118,0,0,0
73415907,0,0,0
73426669,0,0,0
73438896,0,0,0
73448999,0,0,0
73461309,0,0,0
73474833,0,0,0
73487556,0,0,0
73501632,0,0,0
73515066,0,0,0
73525327,0,0,0
73539690,0,0,0
73553502,0,0,0
73564928,0,0,0
73577762,0,0,0
73591110,0,0,0
73603271,0,0,0
73613299,0,0,0
73623899,0,0,0
73634880,0,0,0
73647642,0,0,0
73658301,0,0,0
73671694,0,0,0
73686138,0,0,0
73699121,0,0,0
73712232,0,0,0
73722644,0,0,0
73734119,0,0,0
73748407,0,0,0
73759399,0,0,0
33297,0,0,0
73791553,0,0,0
73802495,0,0,0
73813891,0,0,0
73827091,0,0,0
73841440,0,0,0
73852307,0,0,0
73864601,0,0,0
73875716,0,0,0
73887411,0,0,0
73899261,0,0,0
73910709,0,0,0
73924354,0,0,0
73938360,0,0,0
73952094,0,0,0
73967198,0,0,0
73977584,0,0,0
73990418,0,0,0
74009838,0,0,0
74022825,0,0,0
74035224,0,0,0
74044943,0,0,0
74057984,0,0,0
74070714,0,0,0
74083856,0,0,0
74095257,0,0,0
74107426,0,0,0
74123313,0,0,0
74138862,0,0,0
74149490,0,0,0
74162309,0,0,0
74176289,0,0,0
74192562,0,0,0
74205443,0,0,0
74217826,0,0,0
74228450,0,0,0
74242125,0,0,0
74253850,0,0,0
74265981,0,0,0
74279121,0,0,0
74288836,0,0,0
74304531,0,0,0
74314864,0,0,0
74331896,0,0,0
74345373,0,0,0
74359368,0,0,0
74369637,0,0,0
74381208,0,0,0
74391534,0,0,0
74405042,0,0,0
74416987,0,0,0
74430870,0,0,0
74446071,0,0,0
74458691,0,0,0
74470622,0,0,0
74487592,0,0,0
74498667,0,0,0
74508459,0,0,0
74523767,0,0,0
74534292,0,0,0
74545170,0,0,0
74558050,0,0,0
74570616,0,0,0
74584693,0,0,0
74600973,0,0,0
74610922,0,0,0
74622816,0,0,0
74642850,0,0,0
74655843,0,0,0
74668861,0,0,0
74681981,0,0,0
74694043,0,0,0
74703455,0,0,0
74717111,0,0,0
74728866,0,0,0
74741000,0,0,0
74753556,0,0,0
74766548,0,0,0
74781562,0,0,0
74795458,0,0,0
74810143,0,0,0
74823129,0,0,0
74833749,0,0,0
74846686,0,0,0
74859444,0,0,0
74870876,0,0,0
74882737,0,0,0
74894756,0,0,0
74907587,0,0,0
74918459,0,0,0
74928890,0,0,0
74940561,0,0,0
74951833,0,0,0
74962824,0,0,0
74974104,0,0,0
74990792,0,0,0
75001160,0,0,0
75012953,0,0,0
75028674,0,0,0
75040811,0,0,0
75052270,0,0,0
75064403,0,0,0
75075617,0,0,0
75088123,0,0,0
75100790,0,0,0
75114426,0,0,0
75126911,0,0,0
75140452,0,0,0
75155319,0,0,0
75166837,0,0,0
75179920,0,0,0
75193370,0,0,0
75213564,0,0,0
75223813,0,0,0
75240929,0,0,0
75258087,0,0,0
75271035,0,0,0
75281849,0,0,0
75294496,0,0,0
75305941,0,0,0
75318774,0,0,0
75332762,0,0,0
75345996,0,0,0
75358790,0,0,0
75374445,0,0,0
75385659,0,0,0
75399632,0,0,0
75416222,0,0,0
75427729,0,0,0
75441416,0,0,0
75451208,0,0,0
75463004,0,0,0
75474653,0,0,0
75487208,0,0,0
75498592,0,0,0
75511199,0,0,0
75521713,0,0,0
75532175,0,0,0
75546028,0,0,0
75559410,0,0,0
75572367,0,0,0
75586535,0,0,0
75598057,0,0,0
75610932,0,0,0
75624922,0,0,0
75637034,0,0,0
75653054,0,0,0
75666752,0,0,0
75680025,0,0,0
75690813,0,0,0
75701182,0,0,0
75713413,0,0,0
75730550,0,0,0
75740924,0,0,0
75754504,0,0,0
75764695,0,0,0
75776077,0,0,0
75787350,0,0,0
75799230,0,0,0
75808988,0,0,0
75823940,0,0,0
75835937,0,0,0
75849748,0,0,0
75860896,0,0,0
75873877,0,0,0
75889271,0,0,0
75898766,0,0,0
75913998,0,0,0
75926869,0,0,0
75939170,0,0,0
75957733,0,0,0
75973168,0,0,0
75984686,0,0,0
75998681,0,0,0
76009817,0,0,0
76021937,0,0,0
76034172,0,0,0
76049725,0,0,0
76062843,0,0,0
76076200,0,0,0
76088117,0,0,0
76098025,0,0,0
76110043,0,0,0
76122690,0,0,0
76136328,0,0,0
76147201,0,0,0
76158015,0,0,0
76171638,0,0,0
76186383,0,0,0
76197290,0,0,0
76210213,0,0,0
76222491,0,0,0
76235040,0,0,0
76249190,0,0,0
76261052,0,0,0
76274040,0,0,0
76286357,0,0,0
76300826,0,0,0
76313032,0,0,0
76323950,0,0,0
76339368,0,0,0
76348388,0,0,0
76358549,0,0,0
76369535,0,0,0
76384030,0,0,0
76394198,0,0,0
76405107,0,0,0
76415214,0,0,0
76425567,0,0,0
76436526,0,0,0
76447598,0,0,0
76461346,0,0,0
76472232,0,0,0
76485448,0,0,0
76496885,0,0,0
76511594,0,0,0
76524507,0,0,0
76536361,0,0,0
76548457,0,0,0
76559494,0,0,0
76573689,0,0,0
76586779,0,0,0
76599794,0,0,0
76610283,0,0,0
76620451,0,0,0
76634023,0,0,0
67174404,0,0,0
76663330,0,0,0
76673990,0,0,0
76683578,0,0,0
76696880,0,0,0
76709472,0,0,0
76721221,0,0,0
76730888,0,0,0
76748076,0,0,0
76757970,0,0,0
76770577,0,0,0
76783994,0,0,0
76794996,0,0,0
76804806,0,0,0
76816215,0,0,0
76829777,0,0,0
76844311,0,0,0
76855985,0,0,0
76867903,0,0,0
76881513,0,0,0
76893738,0,0,0
76906119,0,0,0
76918043,0,0,0
76931975,0,0,0
76944996,0,0,0
76956451,0,0,0
76969601,0,0,0
76982470,0,0,0
76992348,0,0,0
77003017,0,0,0
77016699,0,0,0
77029457,0,0,0
77041594,0,0,0
77053430,0,0,0
77065647,0,0,0
77078353,0,0,0
77089417,0,0,0
77102599,0,0,0
77112289,0,0,0
77125370,0,0,0
77136747,0,0,0
77149326,0,0,0
77165005,0,0,0
77174931,0,0,0
77185614,0,0,0
77198677,0,0,0
77213278,0,0,0
77224043,0,0,0
77238473,0,0,0
77250537,0,0,0
77262214,0,0,0
77275223,0,0,0
77290490,0,0,0
77304129,0,0,0
77316237,0,0,0
77330439,0,0,0
77342537,0,0,0
77352741,0,0,0
77365056,0,0,0
77380693,0,0,0
77393857,0,0,0
77403543,0,0,0
77415907,0,0,0
77428220,0,0,0
77439186,0,0,0
77448922,0,0,0
77458935,0,0,0
77470597,0,0,0
77482050,0,0,0
77494432,0,0,0
77509886,0,0,0
77518224,0,0,0
77528905,0,0,0
77543730,0,0,0
77556544,0,0,0
77568967,0,0,0
77580239,0,0,0
77594762,0,0,0
77604290,0,0,0
77618396,0,0,0
77632741,0,0,0
77644663,0,0,0
77658858,0,0,0
77670410,0,0,0
77682336,0,0,0
77692141,0,0,0
77706423,0,0,0
77716180,0,0,0
77729532,0,0,0
77742946,0,0,0
77759529,0,0,0
77771016,0,0,0
77782965,0,0,0
77795322,0,0,0
77805742,0,0,0
77819229,0,0,0
77833248,0,0,0
77845986,0,0,0
77856054,0,0,0
77869715,0,0,0
77883944,0,0,0
77894345,0,0,0
77907313,0,0,0
77921693,0,0,0
77931664,0,0,0
77945764,0,0,0
77957780,0,0,0
77967663,0,0,0
77981241,0,0,0
77993239,0,0,0
78004866,0,0,0
78015453,0,0,0
78029965,0,0,0
78044691,0,0,0
78056217,0,0,0
78070486,0,0,0
78079531,0,0,0
78097420,0,0,0
78109003,0,0,0
78120245,0,0,0
78133796,0,0,0
78143461,0,0,0
78156530,0,0,0
78171795,0,0,0
78180682,0,0,0
78196067,0,0,0
78210326,0,0,0
78222336,0,0,0
78236756,0,0,0
78251557,0,0,0
78270711,0,0,0
78280189,0,0,0
78293169,0,0,0
78305483,0,0,0
78316348,0,0,0
78328855,0,0,0
78341954,0,0,0
78353122,0,0,0
78366474,0,0,0
78382974,0,0,0
78392360,0,0,0
78405543,0,0,0
78420043,0,0,0
78433506,0,0,0
78445057,0,0,0
78458218,0,0,0
78476644,0,0,0
78487267,0,0,0
78498706,0,0,0
78512729,0,0,0
78522914,0,0,0
78537154,0,0,0
78548805,0,0,0
78560825,0,0,0
78574511,0,0,0
78594602,0,0,0
78605160,0,0,0
78618031,0,0,0
78631224,0,0,0
78641948,0,0,0
78654072,0,0,0
78667734,0,0,0
78681877,0,0,0
78693189,0,0,0
78706838,0,0,0
78717527,0,0,0
78729011,0,0,0
78742497,0,0,0
78755085,0,0,0
78765998,0,0,0
78779548,0,0,0
78792046,0,0,0
78803857,0,0,0
78815612,0,0,0
78828121,0,0,0
78838329,0,0,0
78850166,0,0,0
78863708,0,0,0
78876298,0,0,0
78890182,0,0,0
78900762,0,0,0
78913502,0,0,0
78925556,0,0,0
78937789,0,0,0
78947905,0,0,0
78959346,0,0,0
78974666,0,0,0
78988680,0,0,0
78999354,0,0,0
79013759,0,0,0
79024917,0,0,0
79037564,0,0,0
79049788,0,0,0
79063669,0,0,0
79074894,0,0,0
79085759,0,0,0
79094708,0,0,0
79106471,0,0,0
79118841,0,0,0
79132393,0,0,0
79143606,0,0,0
79156833,0,0,0
79169856,0,0,0
79183275,0,0,0
79194407,0,0,0
79205777,0,0,0
79218186,0,0,0
79230351,0,0,0
79243219,0,0,0
79254674,0,0,0
79269874,0,0,0
79281524,0,0,0
79294671,0,0,0
79306267,0,0,0
79317410,0,0,0
79329311,0,0,0
79341621,0,0,0
79354722,0,0,0
79369428,0,0,0
79383030,0,0,0
79397322,0,0,0
79408434,0,0,0
79420682,0,0,0
79434478,0,0,0
79445690,0,0,0
79458117,0,0,0
79470703,0,0,0
79482615,0,0,0
79495725,0,0,0
79509506,0,0,0
79523378,0,0,0
79534574,0,0,0
79546839,0,0,0
79557070,0,0,0
79569714,0,0,0
79581730,0,0,0
79595110,0,0,0
79607511,0,0,0
79620432,0,0,0
79633271,0,0,0
79645242,0,0,0
79657373,0,0,0
79673303,0,0,0
79685950,0,0,0
79698226,0,0,0
79711149,0,0,0
79721591,0,0,0
79735347,0,0,0
79746655,0,0,0
79758098,0,0,0
79768424,0,0,0
79783941,0,0,0
79799112,0,0,0
79810910,0,0,0
79825630,0,0,0
79836075,0,0,0
79847219,0,0,0
79858250,0,0,0
79868676,0,0,0
79884225,0,0,0
79897583,0,0,0
79911668,0,0,0
79922076,0,0,0
79933654,0,0,0
79944854,0,0,0
79956631,0,0,0
79968789,0,0,0
79980874,0,0,0
79991888,0,0,0
80004897,0,0,0
80019198,0,0,0
80033669,0,0,0
80048663,0,0,0
80061013,0,0,0
80074299,0,0,0
80088270,0,0,0
80101295,0,0,0
80112841,0,0,0
80123785,0,0,0
80137178,0,0,0
80150820,0,0,0
80162055,0,0,0
80174775,0,0,0
80187106,0,0,0
80201091,0,0,0
80212025,0,0,0
80223598,0,0,0
80237576,0,0,0
80250493,0,0,0
80262609,0,0,0
80275463,0,0,0
80287843,0,0,0
80299174,0,0,0
80311488,0,0,0
80323897,0,0,0
80335916,0,0,0
80346133,0,0,0
80359968,0,0,0
80371029,0,0,0
80382483,0,0,0
80393840,0,0,0
80404416,0,0,0
80417513,0,0,0
80436584,0,0,0
80448186,0,0,0
80460639,0,0,0
80473519,0,0,0
80485411,0,0,0
80496799,0,0,0
80505753,0,0,0
80518448,0,0,0
80530690,0,0,0
80540064,0,0,0
80553627,0,0,0
80566919,0,0,0
80583905,0,0,0
80594433,0,0,0
80608892,0,0,0
80619203,0,0,0
80634059,0,0,0
80649451,0,0,0
80658345,0,0,0
80674600,0,0,0
80685718,0,0,0
80696819,0,0,0
80707318,0,0,0
80718808,0,0,0
80730787,0,0,0
80742134,0,0,0
80753931,0,0,0
80766159,0,0,0
80777181,0,0,0
80788407,0,0,0
80800717,0,0,0
80813975,0,0,0
80827498,0,0,0
80841174,0,0,0
80855136,0,0,0
80872914,0,0,0
80886281,0,0,0
80898564,0,0,0
80910683,0,0,0
80925005,0,0,0
80938218,0,0,0
80949914,0,0,0
80960707,0,0,0
80975132,0,0,0
80987328,0,0,0
80998154,0,0,0
81007661,0,0,0
81020521,0,0,0
81032837,0,0,0
81047134,0,0,0
81057978,0,0,0
81068811,0,0,0
81080335,0,0,0
81090775,0,0,0
81102407,0,0,0
81113463,0,0,0
81127788,0,0,0
81141542,0,0,0
81153818,0,0,0
81164599,0,0,0
81179144,0,0,0
81189690,0,0,0
81199786,0,0,0
81213850,0,0,0
81226074,0,0,0
81239257,0,0,0
81249638,0,0,0
81261321,0,0,0
81273751,0,0,0
81286583,0,0,0
81302485,0,0,0
81315435,0,0,0
81327406,0,0,0
81337122,0,0,0
81348126,0,0,0
81361632,0,0,0
81374980,0,0,0
81386539,0,0,0
81403262,0,0,0
81412187,0,0,0
81425270,0,0,0
81437391,0,0,0
81446671,0,0,0
81459520,0,0,0
81471898,0,0,0
81486371,0,0,0
81496403,0,0,0
81509058,0,0,0
81522415,0,0,0
81533938,0,0,0
81548678,0,0,0
81562442,0,0,0
81577210,0,0,0
81590828,0,0,0
81603271,0,0,0
81615792,0,0,0
81630379,0,0,0
81642313,0,0,0
81653797,0,0,0
81666101,0,0,0
81677338,0,0,0
81690003,0,0,0
81704221,0,0,0
81719488,0,0,0
81732909,0,0,0
81747104,0,0,0
81758673,0,0,0
81772992,0,0,0
81783312,0,0,0
81795824,0,0,0
81807857,0,0,0
81820606,0,0,0
81836958,0,0,0
81846334,0,0,0
81856783,0,0,0
81869163,0,0,0
81881367,0,0,0
81894262,0,0,0
81905784,0,0,0
81918393,0,0,0
81930895,0,0,0
81943012,0,0,0
81954066,0,0,0
81968983,0,0,0
81981796,0,0,0
81995372,0,0,0
82006393,0,0,0
82018608,0,0,0
82032121,0,0,0
82044216,0,0,0
82058942,0,0,0
82069950,0,0,0
82081825,0,0,0
82094774,0,0,0
82106329,0,0,0
82124404,0,0,0
82137731,0,0,0
82152636,0,0,0
82163813,0,0,0
82178752,0,0,0
82192151,0,0,0
82205879,0,0,0
82215737,0,0,0
82228516,0,0,0
82241595,0,0,0
82253431,0,0,0
82267343,0,0,0
82277862,0,0,0
82293712,0,0,0
82305261,0,0,0
82318199,0,0,0
82329082,0,0,0
82340017,0,0,0
82352026,0,0,0
82368845,0,0,0
82381879,0,0,0
82393946,0,0,0
82405351,0,0,0
82418895,0,0,0
82432098,0,0,0
82446504,0,0,0
82457670,0,0,0
82473049,0,0,0
82486837,0,0,0
82499267,0,0,0
82516543,0,0,0
82528202,0,0,0
82539476,0,0,0
82551571,0,0,0
82564851,0,0,0
82574909,0,0,0
82587901,0,0,0
82597114,0,0,0
82607667,0,0,0
82619207,0,0,0
82630118,0,0,0
82646392,0,0,0
82659651,0,0,0
82668336,0,0,0
82681714,0,0,0
82691941,0,0,0
82703391,0,0,0
82715592,0,0,0
82729959,0,0,0
82741804,0,0,0
82755665,0,0,0
82767508,0,0,0
82777419,0,0,0
82789669,0,0,0
82800400,0,0,0
82813308,0,0,0
82825610,0,0,0
82835635,0,0,0
82851380,0,0,0
82865335,0,0,0
82876239,0,0,0
82888975,0,0,0
82901077,0,0,0
82912590,0,0,0
82923504,0,0,0
82937183,0,0,0
82951365,0,0,0
82962127,0,0,0
82974303,0,0,0
82983894,0,0,0
82993850,0,0,0
83004744,0,0,0
83018158,0,0,0
83030078,0,0,0
83044558,0,0,0
83061266,0,0,0
83074795,0,0,0
83089080,0,0,0
83102273,0,0,0
83115494,0,0,0
83128422,0,0,0
83143257,0,0,0
83153580,0,0,0
83167104,0,0,0
83178721,0,0,0
83190223,0,0,0
83201823,0,0,0
83212877,0,0,0
83226064,0,0,0
83238721,0,0,0
83252373,0,0,0
83264751,0,0,0
83277937,0,0,0
83291784,0,0,0
83304690,0,0,0
83317563,0,0,0
83326456,0,0,0
83340255,0,0,0
83349777,0,0,0
83367388,0,0,0
83378355,0,0,0
83393302,0,0,0
83406766,0,0,0
83416652,0,0,0
83427145,0,0,0
83441896,0,0,0
83451014,0,0,0
83466726,0,0,0
83478771,0,0,0
83489793,0,0,0
83500117,0,0,0
83511945,0,0,0
83524892,0,0,0
83542326,0,0,0
83556348,0,0,0
83571395,0,0,0
83583309,0,0,0
83597125,0,0,0
83611678,0,0,0
83628988,0,0,0
83642863,0,0,0
83654964,0,0,0
83668118,0,0,0
83679463,0,0,0
83691209,0,0,0
83705282,0,0,0
83716104,0,0,0
83728596,0,0,0
83740534,0,0,0
83757146,0,0,0
83768880,0,0,0
83782428,0,0,0
83793187,0,0,0
83808072,0,0,0
83823416,0,0,0
83839599,0,0,0
83849997,0,0,0
83862064,0,0,0
83874033,0,0,0
83885944,0,0,0
83900176,0,0,0
83912457,0,0,0
83924943,0,0,0
83937875,0,0,0
83948849,0,0,0
83961122,0,0,0
83973326,0,0,0
83987301,0,0,0
83998039,0,0,0
84008156,0,0,0
84021932,0,0,0
84035558,0,0,0
84050193,0,0,0
84060485,0,0,0
84072753,0,0,0
84082164,0,0,0
84098073,0,0,0
84111666,0,0,0
84123492,0,0,0
84134536,0,0,0
84147022,0,0,0
84157823,0,0,0
84173081,0,0,0
84185457,0,0,0
84199737,0,0,0
84213407,0,0,0
84224872,0,0,0
84237245,0,0,0
84249282,0,0,0
84261927,0,0,0
84273502,0,0,0
84286855,0,0,0
84298264,0,0,0
84310842,0,0,0
84322674,0,0,0
84334504,0,0,0
84348001,0,0,0
84359655,0,0,0
84374329,0,0,0
84390614,0,0,0
84401497,0,0,0
84415578,0,0,0
524416,0,0,0
84456480,0,0,0
84479751,0,0,0
84496128,0,0,0
84509124,0,0,0
84521841,0,0,0
84538826,0,0,0
84548647,0,0,0
84561938,0,0,0
84578779,0,0,0
84590945,0,0,0
84602861,0,0,0
84617334,0,0,0
84628005,0,0,0
84640790,0,0,0
84653792,0,0,0
84664058,0,0,0
84674432,0,0,0
84686451,0,0,0
84697471,0,0,0
84708798,0,0,0
84718658,0,0,0
84732455,0,0,0
84744582,0,0,0
84755917,0,0,0
84769769,0,0,0
84780295,0,0,0
84793798,0,0,0
84805262,0,0,0
84817345,0,0,0
84831709,0,0,0
84846746,0,0,0
84863212,0,0,0
84875291,0,0,0
84887644,0,0,0
84909304,0,0,0
84926549,0,0,0
84940343,0,0,0
84952202,0,0,0
84963107,0,0,0
84972737,0,0,0
84985070,0,0,0
84994976,0,0,0
85008588,0,0,0
85021106,0,0,0
85033206,0,0,0
85047655,0,0,0
85058619,0,0,0
85069715,0,0,0
85080265,0,0,0
85093529,0,0,0
85105543,0,0,0
85118703,0,0,0
85131805,0,0,0
85145525,0,0,0
85158443,0,0,0
85171290,0,0,0
85185062,0,0,0
85201616,0,0,0
85212083,0,0,0
85225207,0,0,0
85237443,0,0,0
85249640,0,0,0
85262853,0,0,0
85273674,0,0,0
85287832,0,0,0
85297400,0,0,0
85311602,0,0,0
85322368,0,0,0
85336013,0,0,0
85347896,0,0,0
85360285,0,0,0
85371756,0,0,0
85382563,0,0,0
85394873,0,0,0
85408740,0,0,0
85420574,0,0,0
85433171,0,0,0
85443623,0,0,0
85458011,0,0,0
85470087,0,0,0
85479493,0,0,0
85490797,0,0,0
85502682,0,0,0
85512530,0,0,0
85524947,0,0,0
85538701,0,0,0
85550557,0,0,0
85563577,0,0,0
85576842,0,0,0
85588630,0,0,0
85601849,0,0,0
85612158,0,0,0
85624970,0,0,0
85634855,0,0,0
85648847,0,0,0
85665289,0,0,0
85677082,0,0,0
85688710,0,0,0
85703062,0,0,0
85716768,0,0,0
85727650,0,0,0
85740547,0,0,0
85752387,0,0,0
85764634,0,0,0
85776234,0,0,0
85789483,0,0,0
85799422,0,0,0
85812281,0,0,0
85822959,0,0,0
85836155,0,0,0
85846872,0,0,0
85858959,0,0,0
85872918,0,0,0
85885466,0,0,0
85898559,0,0,0
85910147,0,0,0
85922505,0,0,0
85935396,0,0,0
85947604,0,0,0
85957754,0,0,0
85969442,0,0,0
85981017,0,0,0
85992934,0,0,0
86003608,0,0,0
86016703,0,0,0
86030106,0,0,0
86042924,0,0,0
86054501,0,0,0
86066172,0,0,0
86077959,0,0,0
86090732,0,0,0
17056,0,0,0
86122799,0,0,0
86138088,0,0,0
86149705,0,0,0
86163350,0,0,0
86174326,0,0,0
86188825,0,0,0
86198917,0,0,0
86211344,0,0,0
86220877,0,0,0
86233853,0,0,0
86248120,0,0,0
86258651,0,0,0
86270050,0,0,0
86280908,0,0,0
86296795,0,0,0
86311703,0,0,0
86324097,0,0,0
86336641,0,0,0
86348689,0,0,0
86361709,0,0,0
86372057,0,0,0
86386561,0,0,0
86402176,0,0,0
86413362,0,0,0
86424599,0,0,0
86437017,0,0,0
86448693,0,0,0
86462560,0,0,0
86473873,0,0,0
86486012,0,0,0
86495626,0,0,0
86509601,0,0,0
86522181,0,0,0
86533619,0,0,0
86547578,0,0,0
86560953,0,0,0
86572265,0,0,0
86583832,0,0,0
86596235,0,0,0
86607542,0,0,0
86620874,0,0,0
86633998,0,0,0
86644957,0,0,0
86658663,0,0,0
86674657,0,0,0
86686791,0,0,0
86697910,0,0,0
86709964,0,0,0
86724057,0,0,0
86738227,0,0,0
86749071,0,0,0
86762304,0,0,0
86773969,0,0,0
86786147,0,0,0
86797638,0,0,0
86808853,0,0,0
86822168,0,0,0
86831771,0,0,0
86842699,0,0,0
86851834,0,0,0
86863643,0,0,0
86875174,0,0,0
86885121,0,0,0
86902305,0,0,0
86917252,0,0,0
86927468,0,0,0
86940768,0,0,0
86952288,0,0,0
86964384,0,0,0
86976858,0,0,0
86986476,0,0,0
87002045,0,0,0
87013379,0,0,0
87026364,0,0,0
87039619,0,0,0
87054516,0,0,0
87067246,0,0,0
87078579,0,0,0
87092187,0,0,0
87102561,0,0,0
87115116,0,0,0
87126107,0,0,0
87141906,0,0,0
87153489,0,0,0
87165297,0,0,0
87176782,0,0,0
87189732,0,0,0
87200919,0,0,0
87213406,0,0,0
87226353,0,0,0
87241664,0,0,0
87256100,0,0,0
87271133,0,0,0
87282434,0,0,0
87292461,0,0,0
87307971,0,0,0
87320159,0,0,0
87334598,0,0,0
87352562,0,0,0
87363880,0,0,0
87377442,0,0,0
87386611,0,0,0
87401779,0,0,0
87410987,0,0,0
87422269,0,0,0
87435494,0,0,0
87448505,0,0,0
87460920,0,0,0
87474074,0,0,0
87487570,0,0,0
87499544,0,0,0
87513226,0,0,0
87526270,0,0,0
87538312,0,0,0
87554821,0,0,0
87567906,0,0,0
87578519,0,0,0
87588750,0,0,0
87601787,0,0,0
87614205,0,0,0
87623607,0,0,0
87636722,0,0,0
87649818,0,0,0
87661552,0,0,0
87672195,0,0,0
87688859,0,0,0
87699176,0,0,0
87716476,0,0,0
87728469,0,0,0
87742259,0,0,0
87753709,0,0,0
87765492,0,0,0
87778468,0,0,0
87789926,0,0,0
87804685,0,0,0
87817862,0,0,0
87831874,0,0,0
87846658,0,0,0
87855961,0,0,0
87869351,0,0,0
87880851,0,0,0
87893199,0,0,0
87904379,0,0,0
87918267,0,0,0
87930069,0,0,0
87942976,0,0,0
87960755,0,0,0
87972661,0,0,0
87983539,0,0,0
87994894,0,0,0
88009787,0,0,0
88021340,0,0,0
88032261,0,0,0
88045362,0,0,0
88061377,0,0,0
88073309,0,0,0
88086109,0,0,0
88096611,0,0,0
88113660,0,0,0
88126084,0,0,0
88141669,0,0,0
88152982,0,0,0
88167541,0,0,0
88181586,0,0,0
88193291,0,0,0
88202928,0,0,0
88217956,0,0,0
88232381,0,0,0
88247053,0,0,0
88260085,0,0,0
88272332,0,0,0
88286133,0,0,0
88300721,0,0,0
88314578,0,0,0
88327451,0,0,0
88339538,0,0,0
88351285,0,0,0
88362476,0,0,0
88374485,0,0,0
88386750,0,0,0
88398680,0,0,0
88411521,0,0,0
88423842,0,0,0
88435172,0,0,0
88448940,0,0,0
88460198,0,0,0
88470817,0,0,0
88482804,0,0,0
88493519,0,0,0
88508278,0,0,0
88523015,0,0,0
88534184,0,0,0
88545231,0,0,0
88557949,0,0,0
88569889,0,0,0
88585810,0,0,0
88596534,0,0,0
88607963,0,0,0
88621115,0,0,0
88634740,0,0,0
88649866,0,0,0
88665475,0,0,0
88679356,0,0,0
88689122,0,0,0
88701579,0,0,0
88715057,0,0,0
88727349,0,0,0
88743345,0,0,0
88754561,0,0,0
88766470,0,0,0
88780763,0,0,0
88795786,0,0,0
88809610,0,0,0
88821069,0,0,0
88832837,0,0,0
88843611,0,0,0
88855754,0,0,0
88872278,0,0,0
88886146,0,0,0
67635364,0,0,0
88912926,0,0,0
88931743,0,0,0
88946504,0,0,0
88958640,0,0,0
88973260,0,0,0
88987380,0,0,0
89001581,0,0,0
89015853,0,0,0
89026592,0,0,0
89037886,0,0,0
89052079,0,0,0
89069580,0,0,0
89080146,0,0,0
89090325,0,0,0
89103744,0,0,0
89114440,0,0,0
89127304,0,0,0
89137907,0,0,0
89149742,0,0,0
89159707,0,0,0
89175315,0,0,0
89192819,0,0,0
89205729,0,0,0
89220200,0,0,0
89238783,0,0,0
89251299,0,0,0
89263418,0,0,0
89276262,0,0,0
89287797,0,0,0
89300004,0,0,0
89315574,0,0,0
89326399,0,0,0
89340064,0,0,0
89350824,0,0,0
89361542,0,0,0
89373721,0,0,0
89384625,0,0,0
89396227,0,0,0
89409906,0,0,0
89428982,0,0,0
89440205,0,0,0
89451267,0,0,0
89464271,0,0,0
89476449,0,0,0
89488786,0,0,0
89500840,0,0,0
89510835,0,0,0
89525743,0,0,0
89538122,0,0,0
89552495,0,0,0
89565020,0,0,0
89577763,0,0,0
89591478,0,0,0
89606696,0,0,0
89619145,0,0,0
89632665,0,0,0
89644904,0,0,0
89656883,0,0,0
89670500,0,0,0
89681759,0,0,0
89695601,0,0,0
557187,0,0,0
89721356,0,0,0
89738714,0,0,0
89750787,0,0,0
89763656,0,0,0
89776250,0,0,0
89787513,0,0,0
89798635,0,0,0
89810283,0,0,0
89821594,0,0,0
89838674,0,0,0
89850268,0,0,0
89862310,0,0,0
89877610,0,0,0
89890243,0,0,0
89903480,0,0,0
89917453,0,0,0
89929873,0,0,0
89940373,0,0,0
89952396,0,0,0
89964387,0,0,0
89976595,0,0,0
89989454,0,0,0
90002650,0,0,0
90014297,0,0,0
90027685,0,0,0
90042442,0,0,0
90054001,0,0,0
90066810,0,0,0
90075831,0,0,0
90088624,0,0,0
90099595,0,0,0
90110596,0,0,0
90120944,0,0,0
90134803,0,0,0
90147383,0,0,0
90156619,0,0,0
700128,0,0,0
90191243,0,0,0
90208147,0,0,0
90219454,0,0,0
90230185,0,0,0
90242537,0,0,0
90255821,0,0,0
90269660,0,0,0
90281187,0,0,0
90292903,0,0,0
90305483,0,0,0
90317267,0,0,0
90329129,0,0,0
90338224,0,0,0
90349120,0,0,0
90359039,0,0,0
90371282,0,0,0
90383249,0,0,0
90393843,0,0,0
90406765,0,0,0
90418738,0,0,0
90434057,0,0,0
90445788,0,0,0
90457367,0,0,0
90469060,0,0,0
90480981,0,0,0
90494509,0,0,0
90506821,0,0,0
90519681,0,0,0
90533575,0,0,0
90549138,0,0,0
90563140,0,0,0
90581209,0,0,0
90594704,0,0,0
90608247,0,0,0
90619470,0,0,0
90632271,0,0,0
90645663,0,0,0
90657835,0,0,0
90669752,0,0,0
90682524,0,0,0
90697525,0,0,0
90708269,0,0,0
90719016,0,0,0
90731158,0,0,0
90744176,0,0,0
90757829,0,0,0
90768862,0,0,0
90781943,0,0,0
90794734,0,0,0
90812566,0,0,0
90826737,0,0,0
90840793,0,0,0
90851632,0,0,0
90866033,0,0,0
90880264,0,0,0
90891744,0,0,0
90903218,0,0,0
90916798,0,0,0
90928618,0,0,0
90939107,0,0,0
90950698,0,0,0
90962947,0,0,0
90975184,0,0,0
90988733,0,0,0
91001890,0,0,0
91013024,0,0,0
91026432,0,0,0
91039363,0,0,0
91051077,0,0,0
91062257,0,0,0
91074431,0,0,0
91085748,0,0,0
91096517,0,0,0
91109026,0,0,0
91122117,0,0,0
91134342,0,0,0
91146218,0,0,0
91161581,0,0,0
91171455,0,0,0
91182960,0,0,0
91195959,0,0,0
91209711,0,0,0
91220904,0,0,0
91234184,0,0,0
91245289,0,0,0
91258306,0,0,0
91271706,0,0,0
91285196,0,0,0
91296343,0,0,0
91309178,0,0,0
91319591,0,0,0
91330206,0,0,0
91341588,0,0,0
91355898,0,0,0
91366915,0,0,0
91380251,0,0,0
91391330,0,0,0
91403853,0,0,0
91417686,0,0,0
91431810,0,0,0
91443478,0,0,0
91455389,0,0,0
91467211,0,0,0
91478637,0,0,0
91492330,0,0,0
91502915,0,0,0
91517250,0,0,0
91526248,0,0,0
91542243,0,0,0
91551139,0,0,0
91561161,0,0,0
91575701,0,0,0
91584851,0,0,0
91597604,0,0,0
91611385,0,0,0
91624702,0,0,0
91634868,0,0,0
91647524,0,0,0
91662675,0,0,0
91674458,0,0,0
91686890,0,0,0
91697731,0,0,0
91713009,0,0,0
91722718,0,0,0
91735988,0,0,0
91752468,0,0,0
91762259,0,0,0
91776014,0,0,0
91789477,0,0,0
91802642,0,0,0
91817001,0,0,0
91827146,0,0,0
91839435,0,0,0
91853663,0,0,0
91866437,0,0,0
91878251,0,0,0
91893263,0,0,0
91905375,0,0,0
91918156,0,0,0
91931913,0,0,0
91946631,0,0,0
91960595,0,0,0
91973124,0,0,0
91983399,0,0,0
91992820,0,0,0
92007904,0,0,0
92021636,0,0,0
92036358,0,0,0
92047399,0,0,0
92058288,0,0,0
92073763,0,0,0
92085652,0,0,0
92098549,0,0,0
92111601,0,0,0
92125997,0,0,0
92139699,0,0,0
92153808,0,0,0
92168691,0,0,0
92179727,0,0,0
92190718,0,0,0
92204203,0,0,0
92221025,0,0,0
92231318,0,0,0
92240765,0,0,0
92254025,0,0,0
92267340,0,0,0
92280230,0,0,0
92293885,0,0,0
92305364,0,0,0
92319494,0,0,0
92332161,0,0,0
92342166,0,0,0
92356055,0,0,0
92367073,0,0,0
92380425,0,0,0
92393179,0,0,0
92403277,0,0,0
92416231,0,0,0
92430839,0,0,0
92442734,0,0,0
92454916,0,0,0
92467012,0,0,0
92481738,0,0,0
92493838,0,0,0
92504373,0,0,0
92518686,0,0,0
92531428,0,0,0
92542503,0,0,0
92555692,0,0,0
92567301,0,0,0
92584045,0,0,0
92595244,0,0,0
92606493,0,0,0
92617694,0,0,0
92628012,0,0,0
92641868,0,0,0
92655389,0,0,0
92667652,0,0,0
92680515,0,0,0
92691047,0,0,0
92701366,0,0,0
92716558,0,0,0
92727859,0,0,0
92742177,0,0,0
92752771,0,0,0
92764055,0,0,0
92774490,0,0,0
92786684,0,0,0
92799058,0,0,0
92811907,0,0,0
92822731,0,0,0
92835959,0,0,0
92847544,0,0,0
92856675,0,0,0
92867873,0,0,0
92879782,0,0,0
92892587,0,0,0
92903679,0,0,0
92913943,0,0,0
92924728,0,0,0
92933370,0,0,0
92946335,0,0,0
92960106,0,0,0
92969657,0,0,0
92981536,0,0,0
92993989,0,0,0
93005171,0,0,0
93016155,0,0,0
93030318,0,0,0
93042105,0,0,0
93055454,0,0,0
93070772,0,0,0
93083716,0,0,0
93098884,0,0,0
93111986,0,0,0
93124652,0,0,0
93135572,0,0,0
93149636,0,0,0
93159113,0,0,0
93173655,0,0,0
93184606,0,0,0
93198903,0,0,0
93209105,0,0,0
93227881,0,0,0
93239781,0,0,0
93249960,0,0,0
93264169,0,0,0
93276892,0,0,0
93287390,0,0,0
93300513,0,0,0
93316464,0,0,0
93329903,0,0,0
93338688,0,0,0
93350610,0,0,0
93362973,0,0,0
93373515,0,0,0
93388068,0,0,0
93399823,0,0,0
93413082,0,0,0
93426884,0,0,0
93441125,0,0,0
93451814,0,0,0
93462453,0,0,0
93473419,0,0,0
93483369,0,0,0
93495852,0,0,0
93508069,0,0,0
93521785,0,0,0
93534535,0,0,0
93552736,0,0,0
93565530,0,0,0
93576105,0,0,0
93586209,0,0,0
93598568,0,0,0
93613753,0,0,0
93624796,0,0,0
93639321,0,0,0
93654083,0,0,0
93664265,0,0,0
93676651,0,0,0
93688922,0,0,0
93704207,0,0,0
93719477,0,0,0
93732607,0,0,0
93745524,0,0,0
93760696,0,0,0
93772619,0,0,0
93784961,0,0,0
93798064,0,0,0
93808967,0,0,0
93821306,0,0,0
93835987,0,0,0
93846757,0,0,0
93860909,0,0,0
93876437,0,0,0
93885380,0,0,0
93895557,0,0,0
93906614,0,0,0
93920986,0,0,0
93932922,0,0,0
93949558,0,0,0
93964481,0,0,0
93976715,0,0,0
93990849,0,0,0
94004143,0,0,0
94015787,0,0,0
94027320,0,0,0
94038631,0,0,0
94049897,0,0,0
94068944,0,0,0
94080900,0,0,0
94096207,0,0,0
94109026,0,0,0
94122293,0,0,0
94134990,0,0,0
94150465,0,0,0
94163598,0,0,0
94177426,0,0,0
94190200,0,0,0
94202267,0,0,0
94211656,0,0,0
94224769,0,0,0
94234905,0,0,0
1678089762,0,0,0
94263978,0,0,0
94278729,0,0,0
94291035,0,0,0
94304017,0,0,0
94315289,0,0,0
94324906,0,0,0
94337579,0,0,0
94350709,0,0,0
94362036,0,0,0
94376141,0,0,0
94385996,0,0,0
94397141,0,0,0
94410153,0,0,0
94422503,0,0,0
94436353,0,0,0
94449690,0,0,0
94459839,0,0,0
94471593,0,0,0
94481679,0,0,0
94492062,0,0,0
94506608,0,0,0
94518586,0,0,0
94530546,0,0,0
94544165,0,0,0
94559832,0,0,0
94572568,0,0,0
94582990,0,0,0
94593614,0,0,0
94605570,0,0,0
94618657,0,0,0
94632428,0,0,0
94645439,0,0,0
94655797,0,0,0
94670337,0,0,0
94682577,0,0,0
94694113,0,0,0
94706577,0,0,0
94718858,0,0,0
94732237,0,0,0
94745090,0,0,0
94756395,0,0,0
94770887,0,0,0
94784276,0,0,0
94800870,0,0,0
94813998,0,0,0
94823132,0,0,0
94835288,0,0,0
94846536,0,0,0
94860443,0,0,0
94871446,0,0,0
94882318,0,0,0
94898352,0,0,0
94906558,0,0,0
94919791,0,0,0
94933023,0,0,0
94945390,0,0,0
94955295,0,0,0
94967086,0,0,0
94978638,0,0,0
94992698,0,0,0
95004278,0,0,0
95014423,0,0,0
95025866,0,0,0
95038410,0,0,0
95051766,0,0,0
95064715,0,0,0
95076837,0,0,0
95087736,0,0,0
95100815,0,0,0
95111234,0,0,0
95124800,0,0,0
95134269,0,0,0
95146420,0,0,0
95158665,0,0,0
95177461,0,0,0
95190333,0,0,0
95204217,0,0,0
95217915,0,0,0
95232332,0,0,0
95241955,0,0,0
95256307,0,0,0
95267355,0,0,0
95281136,0,0,0
95292688,0,0,0
95304712,0,0,0
95315554,0,0,0
95341256,0,0,0
95358648,0,0,0
95370847,0,0,0
95382174,0,0,0
95394824,0,0,0
95406003,0,0,0
95416841,0,0,0
95426765,0,0,0
95440421,0,0,0
95451403,0,0,0
95462902,0,0,0
95474012,0,0,0
95485268,0,0,0
95500602,0,0,0
95515864,0,0,0
95526824,0,0,0
95537210,0,0,0
95549376,0,0,0
95566291,0,0,0
95577615,0,0,0
95588545,0,0,0
95601382,0,0,0
95615245,0,0,0
95627706,0,0,0
95642119,0,0,0
95654203,0,0,0
95667502,0,0,0
95677544,0,0,0
95691551,0,0,0
95702768,0,0,0
95718165,0,0,0
95730095,0,0,0
95742887,0,0,0
95757752,0,0,0
95768253,0,0,0
95782103,0,0,0
95792913,0,0,0
95805570,0,0,0
95817079,0,0,0
95828245,0,0,0
95845540,0,0,0
95853922,0,0,0
95868654,0,0,0
95879257,0,0,0
95892303,0,0,0
95905545,0,0,0
95919996,0,0,0
95930481,0,0,0
95943986,0,0,0
95955803,0,0,0
95973644,0,0,0
95988348,0,0,0
96005740,0,0,0
96016342,0,0,0
96031155,0,0,0
96042431,0,0,0
96054688,0,0,0
96068047,0,0,0
96078167,0,0,0
96090048,0,0,0
96104605,0,0,0
96115197,0,0,0
96129474,0,0,0
96142102,0,0,0
96156329,0,0,0
96167624,0,0,0
96179748,0,0,0
96191773,0,0,0
96205333,0,0,0
96219934,0,0,0
96230834,0,0,0
96244276,0,0,0
96256824,0,0,0
96270023,0,0,0
96281497,0,0,0
96294143,0,0,0
96309346,0,0,0
96319858,0,0,0
96331310,0,0,0
96344244,0,0,0
96354515,0,0,0
96368539,0,0,0
96383915,0,0,0
96395405,0,0,0
96409595,0,0,0
96422706,0,0,0
96434402,0,0,0
96446341,0,0,0
96459514,0,0,0
96473668,0,0,0
96484087,0,0,0
96496360,0,0,0
96511942,0,0,0
96525017,0,0,0
96540043,0,0,0
96550562,0,0,0
96562876,0,0,0
96576042,0,0,0
96589384,0,0,0
96600694,0,0,0
96614413,0,0,0
96626915,0,0,0
96640234,0,0,0
96650246,0,0,0
96662039,0,0,0
96674598,0,0,0
96685834,0,0,0
96698934,0,0,0
96713645,0,0,0
96726891,0,0,0
96739126,0,0,0
96749688,0,0,0
96759606,0,0,0
96773661,0,0,0
96786273,0,0,0
96797779,0,0,0
96810590,0,0,0
96825804,0,0,0
96839898,0,0,0
96852943,0,0,0
96866820,0,0,0
96877202,0,0,0
96890822,0,0,0
96903072,0,0,0
96916365,0,0,0
96926619,0,0,0
96936889,0,0,0
96947110,0,0,0
96958826,0,0,0
96969373,0,0,0
96982213,0,0,0
96994863,0,0,0
97005932,0,0,0
97016369,0,0,0
97029192,0,0,0
97043461,0,0,0
97055474,0,0,0
97067988,0,0,0
97081306,0,0,0
97090927,0,0,0
97106259,0,0,0
97118161,0,0,0
97132851,0,0,0
97145430,0,0,0
97158104,0,0,0
97169634,0,0,0
97179660,0,0,0
97191462,0,0,0
97205230,0,0,0
97217938,0,0,0
97230512,0,0,0
97241613,0,0,0
97253565,0,0,0
97265957,0,0,0
97277615,0,0,0
97290116,0,0,0
97301071,0,0,0
97314630,0,0,0
97326646,0,0,0
97340394,0,0,0
97349958,0,0,0
97361824,0,0,0
97375251,0,0,0
97387575,0,0,0
97398539,0,0,0
97408784,0,0,0
97425163,0,0,0
97435145,0,0,0
97446495,0,0,0
97457010,0,0,0
97470566,0,0,0
97483421,0,0,0
97496899,0,0,0
97510698,0,0,0
97521767,0,0,0
97533585,0,0,0
97546572,0,0,0
97557991,0,0,0
97572184,0,0,0
97585614,0,0,0
97597017,0,0,0
97607982,0,0,0
97617698,0,0,0
97632674,0,0,0
97643913,0,0,0
97657922,0,0,0
97667626,0,0,0
97678167,0,0,0
97692690,0,0,0
97704121,0,0,0
97714748,0,0,0
97727482,0,0,0
97743273,0,0,0
97754502,0,0,0
97765979,0,0,0
97778567,0,0,0
97790617,0,0,0
97802019,0,0,0
97819791,0,0,0
97833967,0,0,0
97845602,0,0,0
97860134,0,0,0
97871524,0,0,0
97881277,0,0,0
97892960,0,0,0
97907470,0,0,0
97918846,0,0,0
97930947,0,0,0
97942470,0,0,0
97954638,0,0,0
97967025,0,0,0
97978480,0,0,0
97988629,0,0,0
97999338,0,0,0
98011703,0,0,0
98023598,0,0,0
98036035,0,0,0
98048945,0,0,0
98061861,0,0,0
98071757,0,0,0
98087547,0,0,0
98104477,0,0,0
98115117,0,0,0
98128530,0,0,0
98142921,0,0,0
98156980,0,0,0
98169988,0,0,0
98181018,0,0,0
98194827,0,0,0
98208315,0,0,0
98223549,0,0,0
98233820,0,0,0
98247334,0,0,0
98258881,0,0,0
98272478,0,0,0
98285136,0,0,0
98298647,0,0,0
98306651,0,0,0
98317023,0,0,0
98334601,0,0,0
98348539,0,0,0
98363082,0,0,0
98373160,0,0,0
98384732,0,0,0
98402479,0,0,0
98413991,0,0,0
98429027,0,0,0
98443550,0,0,0
98454920,0,0,0
98466593,0,0,0
98480437,0,0,0
98493888,0,0,0
98505955,0,0,0
98518006,0,0,0
98531577,0,0,0
98545638,0,0,0
98560423,0,0,0
98572688,0,0,0
98582713,0,0,0
98593419,0,0,0
98605750,0,0,0
98617128,0,0,0
98628035,0,0,0
98639494,0,0,0
98651768,0,0,0
98660751,0,0,0
98674976,0,0,0
98686680,0,0,0
98702296,0,0,0
98716047,0,0,0
98726725,0,0,0
98739377,0,0,0
98749712,0,0,0
98759126,0,0,0
98770532,0,0,0
98782312,0,0,0
98796883,0,0,0
98807509,0,0,0
98820394,0,0,0
98832631,0,0,0
98844137,0,0,0
98858082,0,0,0
98868040,0,0,0
98881571,0,0,0
98894720,0,0,0
98909297,0,0,0
98923493,0,0,0
98939133,0,0,0
98951438,0,0,0
98964736,0,0,0
98977167,0,0,0
98987375,0,0,0
98998506,0,0,0
99009668,0,0,0
99020453,0,0,0
99034562,0,0,0
99048865,0,0,0
99063901,0,0,0
99078091,0,0,0
99089128,0,0,0
99101242,0,0,0
99113680,0,0,0
99125511,0,0,0
99136721,0,0,0
99151348,0,0,0
99162336,0,0,0
99175820,0,0,0
99189541,0,0,0
99201761,0,0,0
99213606,0,0,0
99226107,0,0,0
99237282,0,0,0
99248825,0,0,0
99259244,0,0,0
99269793,0,0,0
99281861,0,0,0
99293745,0,0,0
99305191,0,0,0
99319521,0,0,0
99332488,0,0,0
99347721,0,0,0
99358056,0,0,0
99372496,0,0,0
99386206,0,0,0
99398646,0,0,0
99410292,0,0,0
99421365,0,0,0
99434213,0,0,0
99451387,0,0,0
99466138,0,0,0
99477518,0,0,0
99488285,0,0,0
99500372,0,0,0
99513991,0,0,0
99527590,0,0,0
99539174,0,0,0
99550198,0,0,0
99561195,0,0,0
99573934,0,0,0
99586604,0,0,0
99597509,0,0,0
99608784,0,0,0
99620533,0,0,0
99632188,0,0,0
99642945,0,0,0
99651893,0,0,0
99667513,0,0,0
99678586,0,0,0
99690720,0,0,0
99703902,0,0,0
99713877,0,0,0
99729400,0,0,0
99741549,0,0,0
99753977,0,0,0
99766341,0,0,0
99778246,0,0,0
99788426,0,0,0
99801331,0,0,0
99814479,0,0,0
99824315,0,0,0
99836755,0,0,0
99848396,0,0,0
99859342,0,0,0
99869563,0,0,0
99888631,0,0,0
99900446,0,0,0
99911472,0,0,0
99922549,0,0,0
99934338,0,0,0
99948053,0,0,0
99958899,0,0,0
99980091,0,0,0
99991347,0,0,0
100003295,0,0,0
100016573,0,0,0
100028574,0,0,0
100042290,0,0,0
100055666,0,0,0
100066992,0,0,0
100077988,0,0,0
100093792,0,0,0
100104595,0,0,0
100122022,0,0,0
100135870,0,0,0
100148661,0,0,0
100166479,0,0,0
100177752,0,0,0
100187058,0,0,0
100200055,0,0,0
100212464,0,0,0
100228091,0,0,0
100239019,0,0,0
100254037,0,0,0
100266433,0,0,0
100279112,0,0,0
100292084,0,0,0
100305258,0,0,0
100316165,0,0,0
100326714,0,0,0
100341405,0,0,0
100352420,0,0,0
100364491,0,0,0
100376111,0,0,0
100391152,0,0,0
100403016,0,0,0
100415946,0,0,0
100427259,0,0,0
100438376,0,0,0
100450350,0,0,0
100462480,0,0,0
100472210,0,0,0
100485031,0,0,0
100495876,0,0,0
100508601,0,0,0
100518887,0,0,0
100528219,0,0,0
100538654,0,0,0
100548640,0,0,0
100561030,0,0,0
100575273,0,0,0
100588700,0,0,0
100600993,0,0,0
100614420,0,0,0
100629551,0,0,0
100644984,0,0,0
100658044,0,0,0
100671508,0,0,0
100685605,0,0,0
100700747,0,0,0
100713571,0,0,0
100724804,0,0,0
100734436,0,0,0
100746604,0,0,0
100757990,0,0,0
100772366,0,0,0
100785195,0,0,0
100795755,0,0,0
100805558,0,0,0
100815619,0,0,0
100827197,0,0,0
100839983,0,0,0
100852736,0,0,0
100861901,0,0,0
100872654,0,0,0
100885350,0,0,0
100896051,0,0,0
100907163,0,0,0
100923732,0,0,0
100935759,0,0,0
100946389,0,0,0
100959086,0,0,0
100973433,0,0,0
100985528,0,0,0
100996825,0,0,0
101009042,0,0,0
101020251,0,0,0
101032652,0,0,0
101044502,0,0,0
101056103,0,0,0
101071133,0,0,0
101082567,0,0,0
101093193,0,0,0
101108444,0,0,0
101122065,0,0,0
101136199,0,0,0
101148314,0,0,0
101160652,0,0,0
101175226,0,0,0
101191479,0,0,0
101203618,0,0,0
101216726,0,0,0
101234131,0,0,0
101244933,0,0,0
101255796,0,0,0
101268970,0,0,0
101280929,0,0,0
101294488,0,0,0
101305746,0,0,0
101318768,0,0,0
101334715,0,0,0
101343892,0,0,0
101356814,0,0,0
101367778,0,0,0
101379509,0,0,0
101392253,0,0,0
101403760,0,0,0
101414971,0,0,0
101426824,0,0,0
101437706,0,0,0
101451759,0,0,0
101464598,0,0,0
101478028,0,0,0
101489855,0,0,0
101500112,0,0,0
101512154,0,0,0
101525655,0,0,0
101537390,0,0,0
101549196,0,0,0
101561640,0,0,0
101576309,0,0,0
101586947,0,0,0
101598088,0,0,0
101612470,0,0,0
101627192,0,0,0
101639786,0,0,0
101652423,0,0,0
101665540,0,0,0
101677047,0,0,0
101689591,0,0,0
101702073,0,0,0
101717029,0,0,0
101730736,0,0,0
101742153,0,0,0
101754390,0,0,0
101767800,0,0,0
101779113,0,0,0
101793643,0,0,0
101805517,0,0,0
101816718,0,0,0
101828587,0,0,0
101838937,0,0,0
101850790,0,0,0
101861743,0,0,0
101872768,0,0,0
101887435,0,0,0
101900167,0,0,0
101911101,0,0,0
101922834,0,0,0
101935347,0,0,0
101948556,0,0,0
101962990,0,0,0
101975354,0,0,0
101994149,0,0,0
102004988,0,0,0
102017505,0,0,0
102027498,0,0,0
102037093,0,0,0
102050052,0,0,0
102060518,0,0,0
102073147,0,0,0
102084762,0,0,0
102097949,0,0,0
102110185,0,0,0
102121507,0,0,0
102133820,0,0,0
102145086,0,0,0
102157525,0,0,0
102168961,0,0,0
102181550,0,0,0
102193184,0,0,0
102207245,0,0,0
102224213,0,0,0
102237701,0,0,0
102248954,0,0,0
102259698,0,0,0
102270365,0,0,0
102279841,0,0,0
102293694,0,0,0
102304448,0,0,0
102317310,0,0,0
102333038,0,0,0
102346042,0,0,0
102359109,0,0,0
102369759,0,0,0
102383704,0,0,0
102397292,0,0,0
102413381,0,0,0
102424088,0,0,0
102435994,0,0,0
102451067,0,0,0
102464265,0,0,0
102476178,0,0,0
102488616,0,0,0
102501266,0,0,0
102512123,0,0,0
102526010,0,0,0
102539781,0,0,0
102549352,0,0,0
102561309,0,0,0
102571974,0,0,0
102586400,0,0,0
102596719,0,0,0
102610263,0,0,0
102623032,0,0,0
102637004,0,0,0
102651693,0,0,0
102666237,0,0,0
102680889,0,0,0
102696114,0,0,0
102709336,0,0,0
102723852,0,0,0
102741293,0,0,0
102750338,0,0,0
102764766,0,0,0
102775510,0,0,0
102789149,0,0,0
102799836,0,0,0
102813007,0,0,0
102823530,0,0,0
102836357,0,0,0
102848911,0,0,0
102861316,0,0,0
102875299,0,0,0
102889678,0,0,0
102903179,0,0,0
102918872,0,0,0
102931470,0,0,0
102942415,0,0,0
102955709,0,0,0
102964452,0,0,0
102974820,0,0,0
102984312,0,0,0
102996800,0,0,0
103010822,0,0,0
103021722,0,0,0
103033979,0,0,0
103048885,0,0,0
103059224,0,0,0
103071671,0,0,0
103084091,0,0,0
103093998,0,0,0
103106203,0,0,0
103116899,0,0,0
103131731,0,0,0
103144552,0,0,0
103156920,0,0,0
103167893,0,0,0
103180131,0,0,0
103192297,0,0,0
103203346,0,0,0
103216541,0,0,0
103230594,0,0,0
103240899,0,0,0
103253672,0,0,0
103263576,0,0,0
103277129,0,0,0
103290623,0,0,0
103303168,0,0,0
103315861,0,0,0
103327843,0,0,0
103339965,0,0,0
103351467,0,0,0
103362914,0,0,0
103376426,0,0,0
103386080,0,0,0
103399153,0,0,0
103410510,0,0,0
103422839,0,0,0
103432411,0,0,0
103445542,0,0,0
103458466,0,0,0
103468950,0,0,0
103479110,0,0,0
103491887,0,0,0
103505963,0,0,0
103522213,0,0,0
103533602,0,0,0
103544713,0,0,0
103558747,0,0,0
103571543,0,0,0
103585084,0,0,0
103596608,0,0,0
103612079,0,0,0
103625260,0,0,0
103636431,0,0,0
103648319,0,0,0
103659921,0,0,0
103672496,0,0,0
103684707,0,0,0
103697202,0,0,0
103709971,0,0,0
103720266,0,0,0
103737863,0,0,0
103749166,0,0,0
103761427,0,0,0
103771041,0,0,0
103784718,0,0,0
103796710,0,0,0
103809179,0,0,0
103821555,0,0,0
103833335,0,0,0
103846816,0,0,0
103857100,0,0,0
103867353,0,0,0
103881308,0,0,0
103896296,0,0,0
103909962,0,0,0
103923026,0,0,0
103935047,0,0,0
103952282,0,0,0
103964018,0,0,0
103978100,0,0,0
103990888,0,0,0
104000973,0,0,0
104013695,0,0,0
104025204,0,0,0
104035348,0,0,0
104049582,0,0,0
104062437,0,0,0
104075596,0,0,0
104088912,0,0,0
104103323,0,0,0
104113233,0,0,0
104127432,0,0,0
104141443,0,0,0
104156158,0,0,0
104166923,0,0,0
104179976,0,0,0
104191842,0,0,0
104203070,0,0,0
104216416,0,0,0
104230683,0,0,0
104241874,0,0,0
104253965,0,0,0
104266101,0,0,0
104276162,0,0,0
104290004,0,0,0
104302598,0,0,0
104318141,0,0,0
104331941,0,0,0
104343922,0,0,0
104356047,0,0,0
104372266,0,0,0
104383848,0,0,0
104395931,0,0,0
104408359,0,0,0
104422316,0,0,0
104438600,0,0,0
104450648,0,0,0
104464133,0,0,0
104474731,0,0,0
104487062,0,0,0
104500492,0,0,0
104515280,0,0,0
104531573,0,0,0
104543872,0,0,0
104558598,0,0,0
104567670,0,0,0
104581831,0,0,0
104594092,0,0,0
104604982,0,0,0
104615830,0,0,0
104629760,0,0,0
104640320,0,0,0
104653693,0,0,0
104664592,0,0,0
104681516,0,0,0
104694196,0,0,0
104710127,0,0,0
104722635,0,0,0
104731931,0,0,0
104744877,0,0,0
104759154,0,0,0
104772562,0,0,0
104784736,0,0,0
104798864,0,0,0
104811062,0,0,0
104826801,0,0,0
104837263,0,0,0
104850803,0,0,0
104862515,0,0,0
104874285,0,0,0
104886834,0,0,0
104897448,0,0,0
104910762,0,0,0
104926303,0,0,0
104939453,0,0,0
104950641,0,0,0
104962831,0,0,0
104974340,0,0,0
104987194,0,0,0
104999126,0,0,0
105013936,0,0,0
105027418,0,0,0
105041210,0,0,0
105056008,0,0,0
105065714,0,0,0
105077329,0,0,0
105089752,0,0,0
105100085,0,0,0
105111253,0,0,0
105129826,0,0,0
105141308,0,0,0
105152527,0,0,0
105162854,0,0,0
105174295,0,0,0
105185279,0,0,0
105201328,0,0,0
105215245,0,0,0
105228800,0,0,0
105243046,0,0,0
105258650,0,0,0
105269616,0,0,0
105283519,0,0,0
105295934,0,0,0
105305533,0,0,0
105316549,0,0,0
105330215,0,0,0
105342666,0,0,0
105353270,0,0,0
105367487,0,0,0
105381122,0,0,0
105392220,0,0,0
105407099,0,0,0
105417959,0,0,0
105432680,0,0,0
105444212,0,0,0
105453898,0,0,0
105468619,0,0,0
105480560,0,0,0
105491514,0,0,0
105503646,0,0,0
105517898,0,0,0
105529850,0,0,0
105543841,0,0,0
105557288,0,0,0
105566773,0,0,0
105577689,0,0,0
105593997,0,0,0
105603761,0,0,0
105618034,0,0,0
105628622,0,0,0
105643602,0,0,0
105654686,0,0,0
105666726,0,0,0
105678017,0,0,0
105691320,0,0,0
105704169,0,0,0
105716837,0,0,0
105730451,0,0,0
105741100,0,0,0
105754606,0,0,0
105766371,0,0,0
105780882,0,0,0
105793139,0,0,0
105805333,0,0,0
105820452,0,0,0
105831298,0,0,0
105844042,0,0,0
105860161,0,0,0
105870860,0,0,0
105885142,0,0,0
105896762,0,0,0
105907146,0,0,0
105920512,0,0,0
105932371,0,0,0
105947850,0,0,0
105964438,0,0,0
105980572,0,0,0
105992768,0,0,0
106002850,0,0,0
106016864,0,0,0
106029415,0,0,0
106042147,0,0,0
106052974,0,0,0
106066230,0,0,0
106079428,0,0,0
106092935,0,0,0
106111457,0,0,0
106121831,0,0,0
106136942,0,0,0
106151857,0,0,0
106163436,0,0,0
106174338,0,0,0
106186000,0,0,0
106199276,0,0,0
106212274,0,0,0
106224862,0,0,0
106238236,0,0,0
106251177,0,0,0
106266999,0,0,0
106281002,0,0,0
106291345,0,0,0
106304824,0,0,0
106317795,0,0,0
106331755,0,0,0
106345666,0,0,0
106363516,0,0,0
106375059,0,0,0
106387836,0,0,0
106401084,0,0,0
106411206,0,0,0
106420568,0,0,0
106435523,0,0,0
106444814,0,0,0
106459405,0,0,0
106471141,0,0,0
106483792,0,0,0
106494260,0,0,0
106506365,0,0,0
106516533,0,0,0
106525838,0,0,0
106540334,0,0,0
106550567,0,0,0
106566162,0,0,0
106576822,0,0,0
106590702,0,0,0
106603334,0,0,0
106615773,0,0,0
106626126,0,0,0
106636132,0,0,0
106645986,0,0,0
106658453,0,0,0
106669460,0,0,0
106682709,0,0,0
106694297,0,0,0
106708806,0,0,0
106718891,0,0,0
106731564,0,0,0
106744241,0,0,0
106752730,0,0,0
106765000,0,0,0
106778833,0,0,0
106789676,0,0,0
106801534,0,0,0
106813819,0,0,0
106824662,0,0,0
106837106,0,0,0
106847656,0,0,0
106861426,0,0,0
106877358,0,0,0
106887747,0,0,0
106898880,0,0,0
106912055,0,0,0
106926383,0,0,0
106936980,0,0,0
106950855,0,0,0
106962663,0,0,0
106975702,0,0,0
106987864,0,0,0
107000937,0,0,0
107015002,0,0,0
107025748,0,0,0
107038407,0,0,0
107048000,0,0,0
107060133,0,0,0
107074713,0,0,0
107087354,0,0,0
107099904,0,0,0
107111702,0,0,0
107124663,0,0,0
107140892,0,0,0
107152873,0,0,0
107169355,0,0,0
107182394,0,0,0
107193266,0,0,0
107206114,0,0,0
107221353,0,0,0
107233288,0,0,0
107247157,0,0,0
107262799,0,0,0
107275065,0,0,0
107285454,0,0,0
107296691,0,0,0
107309674,0,0,0
107318880,0,0,0
107327485,0,0,0
107340235,0,0,0
107354842,0,0,0
107367332,0,0,0
107382447,0,0,0
107394306,0,0,0
107409902,0,0,0
107423535,0,0,0
107434768,0,0,0
107447490,0,0,0
107460315,0,0,0
107474367,0,0,0
107487438,0,0,0
107497844,0,0,0
107515315,0,0,0
107525408,0,0,0
107536273,0,0,0
107548567,0,0,0
107563157,0,0,0
107578721,0,0,0
107589098,0,0,0
107603107,0,0,0
107614768,0,0,0
107626186,0,0,0
107639136,0,0,0
107648779,0,0,0
107663148,0,0,0
107674371,0,0,0
107685878,0,0,0
107698000,0,0,0
107709432,0,0,0
107722894,0,0,0
107735991,0,0,0
107748553,0,0,0
107759682,0,0,0
107771435,0,0,0
107784361,0,0,0
107795233,0,0,0
107807863,0,0,0
107819823,0,0,0
107832104,0,0,0
107844524,0,0,0
107858364,0,0,0
107869981,0,0,0
107880126,0,0,0
107891232,0,0,0
107903745,0,0,0
107917914,0,0,0
107931742,0,0,0
107944482,0,0,0
107955355,0,0,0
107971358,0,0,0
107982345,0,0,0
107995093,0,0,0
108007148,0,0,0
108019551,0,0,0
108031671,0,0,0
108041572,0,0,0
108055994,0,0,0
108066716,0,0,0
108078832,0,0,0
108094436,0,0,0
108104058,0,0,0
108117006,0,0,0
108131156,0,0,0
108143676,0,0,0
108154162,0,0,0
108166620,0,0,0
108180400,0,0,0
108191843,0,0,0
108204151,0,0,0
108215901,0,0,0
108230488,0,0,0
108242983,0,0,0
108256359,0,0,0
108268182,0,0,0
108279154,0,0,0
108292764,0,0,0
108302455,0,0,0
108318585,0,0,0
108333367,0,0,0
108348627,0,0,0
108358975,0,0,0
108370256,0,0,0
108385502,0,0,0
108401150,0,0,0
108411365,0,0,0
108424175,0,0,0
108440223,0,0,0
108451246,0,0,0
108464952,0,0,0
108476364,0,0,0
108491247,0,0,0
108505951,0,0,0
108515752,0,0,0
108528320,0,0,0
108539662,0,0,0
108554941,0,0,0
108568402,0,0,0
108581121,0,0,0
108591795,0,0,0
108601398,0,0,0
108614723,0,0,0
108626583,0,0,0
108644670,0,0,0
108656730,0,0,0
108669059,0,0,0
108682847,0,0,0
108694698,0,0,0
108706507,0,0,0
108719867,0,0,0
108729637,0,0,0
108744325,0,0,0
108758102,0,0,0
108774795,0,0,0
108788937,0,0,0
108799907,0,0,0
108813711,0,0,0
108825756,0,0,0
108838871,0,0,0
108850855,0,0,0
108860285,0,0,0
108873332,0,0,0
108882489,0,0,0
108897922,0,0,0
108910411,0,0,0
108920695,0,0,0
108933985,0,0,0
108943823,0,0,0
108955293,0,0,0
108966757,0,0,0
108979587,0,0,0
108993700,0,0,0
109004022,0,0,0
109017862,0,0,0
109030638,0,0,0
109040736,0,0,0
109055242,0,0,0
109067664,0,0,0
109077585,0,0,0
109090246,0,0,0
109101512,0,0,0
109112602,0,0,0
109125401,0,0,0
109137279,0,0,0
109149245,0,0,0
109162835,0,0,0
109174258,0,0,0
109188945,0,0,0
109203555,0,0,0
109214811,0,0,0
109225915,0,0,0
109238960,0,0,0
109251556,0,0,0
109266224,0,0,0
109276850,0,0,0
109291176,0,0,0
109302832,0,0,0
109315872,0,0,0
109332396,0,0,0
109343318,0,0,0
109359309,0,0,0
109371719,0,0,0
109385234,0,0,0
109396563,0,0,0
109409797,0,0,0
109420346,0,0,0
109436176,0,0,0
109446857,0,0,0
109461691,0,0,0
109472856,0,0,0
109485288,0,0,0
109498279,0,0,0
109508984,0,0,0
109519883,0,0,0
109530921,0,0,0
109543471,0,0,0
109557421,0,0,0
109567569,0,0,0
109578711,0,0,0
109592012,0,0,0
109603298,0,0,0
109614761,0,0,0
109627796,0,0,0
109643258,0,0,0
109657141,0,0,0
109672028,0,0,0
109686778,0,0,0
109697456,0,0,0
109710904,0,0,0
109726273,0,0,0
109735844,0,0,0
109751074,0,0,0
109762674,0,0,0
109773344,0,0,0
109785863,0,0,0
109801109,0,0,0
109815835,0,0,0
109830129,0,0,0
109842110,0,0,0
109853050,0,0,0
109865676,0,0,0
109876268,0,0,0
109890409,0,0,0
109904745,0,0,0
109915379,0,0,0
109927886,0,0,0
109942191,0,0,0
109953172,0,0,0
109966251,0,0,0
109979587,0,0,0
109989453,0,0,0
110000979,0,0,0
110015913,0,0,0
110030543,0,0,0
110044162,0,0,0
110057159,0,0,0
110070045,0,0,0
110080151,0,0,0
110091846,0,0,0
110105182,0,0,0
110115880,0,0,0
110126430,0,0,0
110140438,0,0,0
110155518,0,0,0
110170373,0,0,0
110183352,0,0,0
110195154,0,0,0
110208519,0,0,0
110221194,0,0,0
110235184,0,0,0
110246871,0,0,0
110259701,0,0,0
110274959,0,0,0
110283425,0,0,0
110299162,0,0,0
110310218,0,0,0
110322819,0,0,0
110335632,0,0,0
110348553,0,0,0
110358442,0,0,0
110372655,0,0,0
110382672,0,0,0
110392020,0,0,0
110402344,0,0,0
110414136,0,0,0
110426007,0,0,0
110439728,0,0,0
110453103,0,0,0
110464486,0,0,0
110478795,0,0,0
110493387,0,0,0
110504163,0,0,0
110516659,0,0,0
110527153,0,0,0
110541044,0,0,0
110554463,0,0,0
110569565,0,0,0
110583440,0,0,0
110596189,0,0,0
110611131,0,0,0
110623995,0,0,0
110638191,0,0,0
110651488,0,0,0
110662934,0,0,0
110673940,0,0,0
110685651,0,0,0
110698650,0,0,0
110711384,0,0,0
110722450,0,0,0
110737679,0,0,0
110752546,0,0,0
110763907,0,0,0
110777386,0,0,0
110789387,0,0,0
110804374,0,0,0
110816034,0,0,0
110828004,0,0,0
110840760,0,0,0
110852216,0,0,0
110863738,0,0,0
110878227,0,0,0
110894273,0,0,0
110906525,0,0,0
110918346,0,0,0
110928697,0,0,0
110940772,0,0,0
110951196,0,0,0
110965430,0,0,0
110976208,0,0,0
110989896,0,0,0
111000663,0,0,0
111013113,0,0,0
111026235,0,0,0
111038749,0,0,0
111054294,0,0,0
111066986,0,0,0
111080241,0,0,0
111090953,0,0,0
111100731,0,0,0
111112217,0,0,0
111125166,0,0,0
111137724,0,0,0
111148844,0,0,0
111159642,0,0,0
111173727,0,0,0
111189287,0,0,0
111199964,0,0,0
111214218,0,0,0
111225263,0,0,0
111236147,0,0,0
111250006,0,0,0
111262497,0,0,0
111276334,0,0,0
111287915,0,0,0
111304210,0,0,0
111316141,0,0,0
111327172,0,0,0
111339988,0,0,0
111353855,0,0,0
111366305,0,0,0
111377338,0,0,0
111392870,0,0,0
111405245,0,0,0
111424324,0,0,0
111437302,0,0,0
111448817,0,0,0
111460109,0,0,0
111471692,0,0,0
111484084,0,0,0
111498247,0,0,0
111510616,0,0,0
111524343,0,0,0
111537926,0,0,0
111551450,0,0,0
111565110,0,0,0
111575385,0,0,0
111585874,0,0,0
111596055,0,0,0
111610392,0,0,0
111620528,0,0,0
111633213,0,0,0
111644643,0,0,0
111656953,0,0,0
111672633,0,0,0
111685320,0,0,0
111698748,0,0,0
111715254,0,0,0
111731060,0,0,0
111745663,0,0,0
111757099,0,0,0
111768112,0,0,0
111780675,0,0,0
111793222,0,0,0
111806684,0,0,0
111818426,0,0,0
111828424,0,0,0
111842347,0,0,0
111857863,0,0,0
111871032,0,0,0
111884054,0,0,0
111897274,0,0,0
111911061,0,0,0
111922149,0,0,0
111932463,0,0,0
111943471,0,0,0
111953993,0,0,0
111964268,0,0,0
111975176,0,0,0
111987192,0,0,0
111999896,0,0,0
112012632,0,0,0
112024044,0,0,0
112036857,0,0,0
112051813,0,0,0
112064895,0,0,0
112077310,0,0,0
112087904,0,0,0
112100763,0,0,0
875886,0,0,0
876002,0,0,0
876092,0,0,0
876178,0,0,0
876272,0,0,0
876369,0,0,0
876458,0,0,0
876573,0,0,0
876661,0,0,0
876761,0,0,0
876881,0,0,0
877010,0,0,0
877119,0,0,0
877213,0,0,0
877303,0,0,0
877397,0,0,0
877502,0,0,0
877600,0,0,0
877734,0,0,0
877831,0,0,0
877906,0,0,0
877997,0,0,0
878124,0,0,0
878222,0,0,0
878349,0,0,0
878453,0,0,0
878535,0,0,0
878630,0,0,0
878731,0,0,0
878826,0,0,0
878906,0,0,0
879018,0,0,0
879126,0,0,0
879215,0,0,0
879321,0,0,0
879453,0,0,0
879566,0,0,0
879667,0,0,0
879748,0,0,0
879862,0,0,0
879972,0,0,0
880074,0,0,0
880161,0,0,0
880257,0,0,0
880364,0,0,0
880453,0,0,0
880549,0,0,0
880660,0,0,0
880748,0,0,0
880843,0,0,0
880952,0,0,0
881050,0,0,0
881131,0,0,0
881222,0,0,0
881333,0,0,0
881436,0,0,0
881518,0,0,0
881600,0,0,0
881688,0,0,0
881764,0,0,0
881863,0,0,0
881947,0,0,0
882038,0,0,0
882126,0,0,0
2651682357,0,0,0
882324,0,0,0
882423,0,0,0
882555,0,0,0
882632,0,0,0
882731,0,0,0
882841,0,0,0
882960,0,0,0
883060,0,0,0
883173,0,0,0
883278,0,0,0
883373,0,0,0
883468,0,0,0
883572,0,0,0
883659,0,0,0
883752,0,0,0
883844,0,0,0
883941,0,0,0
884049,0,0,0
884147,0,0,0
884229,0,0,0
884328,0,0,0
884433,0,0,0
884518,0,0,0
884616,0,0,0
884712,0,0,0
884805,0,0,0
884881,0,0,0
884989,0,0,0
885078,0,0,0
885167,0,0,0
885259,0,0,0
885331,0,0,0
135103157,0,0,0
885525,0,0,0
885616,0,0,0
885716,0,0,0
885803,0,0,0
885891,0,0,0
1510835416,0,0,0
886090,0,0,0
886170,0,0,0
886269,0,0,0
886373,0,0,0
886440,0,0,0
886546,0,0,0
886648,0,0,0
886752,0,0,0
886853,0,0,0
886949,0,0,0
887050,0,0,0
887150,0,0,0
887255,0,0,0
887337,0,0,0
887428,0,0,0
887526,0,0,0
887633,0,0,0
887725,0,0,0
887824,0,0,0
887909,0,0,0
887988,0,0,0
888080,0,0,0
888180,0,0,0
888271,0,0,0
888361,0,0,0
3524103797,0,0,0
888527,0,0,0
888650,0,0,0
888743,0,0,0
888839,0,0,0
888932,0,0,0
889030,0,0,0
889110,0,0,0
889207,0,0,0
889296,0,0,0
889369,0,0,0
889461,0,0,0
889560,0,0,0
889632,0,0,0
889744,0,0,0
889830,0,0,0
889918,0,0,0
889999,0,0,0
890098,0,0,0
890167,0,0,0
890278,0,0,0
890346,0,0,0
890448,0,0,0
890539,0,0,0
890624,0,0,0
890714,0,0,0
890811,0,0,0
890903,0,0,0
890989,0,0,0
891088,0,0,0
891204,0,0,0
891312,0,0,0
891383,0,0,0
891481,0,0,0
891585,0,0,0
891671,0,0,0
891766,0,0,0
891845,0,0,0
891936,0,0,0
892042,0,0,0
892121,0,0,0
892200,0,0,0
892299,0,0,0
892393,0,0,0
892508,0,0,0
892616,0,0,0
892713,0,0,0
892795,0,0,0
892893,0,0,0
892969,0,0,0
893074,0,0,0
893166,0,0,0
893272,0,0,0
893401,0,0,0
893505,0,0,0
873308847,0,0,0
893716,0,0,0
893826,0,0,0
893928,0,0,0
894012,0,0,0
894106,0,0,0
894205,0,0,0
894296,0,0,0
894391,0,0,0
894483,0,0,0
894576,0,0,0
894666,0,0,0
894765,0,0,0
894866,0,0,0
894981,0,0,0
895079,0,0,0
895161,0,0,0
895248,0,0,0
895344,0,0,0
895433,0,0,0
895507,0,0,0
895631,0,0,0
895711,0,0,0
895812,0,0,0
895918,0,0,0
896028,0,0,0
896100,0,0,0
896205,0,0,0
896300,0,0,0
896394,0,0,0
896476,0,0,0
896588,0,0,0
896696,0,0,0
896777,0,0,0
896864,0,0,0
896944,0,0,0
897042,0,0,0
897114,0,0,0
897211,0,0,0
897322,0,0,0
897450,0,0,0
897541,0,0,0
897613,0,0,0
897708,0,0,0
897796,0,0,0
897897,0,0,0
897987,0,0,0
898089,0,0,0
898193,0,0,0
898282,0,0,0
898378,0,0,0
898476,0,0,0
898605,0,0,0
898710,0,0,0
898817,0,0,0
898900,0,0,0
899007,0,0,0
899108,0,0,0
899223,0,0,0
899325,0,0,0
899419,0,0,0
899500,0,0,0
899599,0,0,0
899692,0,0,0
899839,0,0,0
899924,0,0,0
900026,0,0,0
900140,0,0,0
900213,0,0,0
900327,0,0,0
900431,0,0,0
900543,0,0,0
900627,0,0,0
900735,0,0,0
900836,0,0,0
900928,0,0,0
901028,0,0,0
901116,0,0,0
901227,0,0,0
901323,0,0,0
901428,0,0,0
901528,0,0,0
901631,0,0,0
901753,0,0,0
901841,0,0,0
901937,0,0,0
902038,0,0,0
902154,0,0,0
902263,0,0,0
902390,0,0,0
902528,0,0,0
902637,0,0,0
902752,0,0,0
902863,0,0,0
902962,0,0,0
903047,0,0,0
903135,0,0,0
903222,0,0,0
903322,0,0,0
903445,0,0,0
903524,0,0,0
903611,0,0,0
903698,0,0,0
903808,0,0,0
903917,0,0,0
904002,0,0,0
904093,0,0,0
904179,0,0,0
904270,0,0,0
904373,0,0,0
904483,0,0,0
904580,0,0,0
904746,0,0,0
904839,0,0,0
904921,0,0,0
904991,0,0,0
905091,0,0,0
905206,0,0,0
905302,0,0,0
905384,0,0,0
905476,0,0,0
905588,0,0,0
905695,0,0,0
905786,0,0,0
905890,0,0,0
905989,0,0,0
906072,0,0,0
906171,0,0,0
906248,0,0,0
906349,0,0,0
906424,0,0,0
906518,0,0,0
906640,0,0,0
906732,0,0,0
906821,0,0,0
906916,0,0,0
907005,0,0,0
907106,0,0,0
907198,0,0,0
907292,0,0,0
907393,0,0,0
907498,0,0,0
907574,0,0,0
907689,0,0,0
907785,0,0,0
907876,0,0,0
907980,0,0,0
908059,0,0,0
908161,0,0,0
908242,0,0,0
908343,0,0,0
908432,0,0,0
908522,0,0,0
908624,0,0,0
908760,0,0,0
908863,0,0,0
908977,0,0,0
909051,0,0,0
909179,0,0,0
909262,0,0,0
909364,0,0,0
909473,0,0,0
909596,0,0,0
909713,0,0,0
909795,0,0,0
909901,0,0,0
910015,0,0,0
910135,0,0,0
910253,0,0,0
910353,0,0,0
910441,0,0,0
910533,0,0,0
910606,0,0,0
910694,0,0,0
910787,0,0,0
910884,0,0,0
910980,0,0,0
911080,0,0,0
911182,0,0,0
911311,0,0,0
911411,0,0,0
911506,0,0,0
911596,0,0,0
911685,0,0,0
911762,0,0,0
2014177807,0,0,0
911991,0,0,0
912141,0,0,0
4195216234,0,0,0
912363,0,0,0
912474,0,0,0
912557,0,0,0
912642,0,0,0
912729,0,0,0
3960335799,0,0,0
912963,0,0,0
913080,0,0,0
913178,0,0,0
913258,0,0,0
913334,0,0,0
913436,0,0,0
913537,0,0,0
913655,0,0,0
913741,0,0,0
913839,0,0,0
913940,0,0,0
914041,0,0,0
914132,0,0,0
914216,0,0,0
914286,0,0,0
914366,0,0,0
914500,0,0,0
914607,0,0,0
914689,0,0,0
914784,0,0,0
914886,0,0,0
914993,0,0,0
915105,0,0,0
915195,0,0,0
915308,0,0,0
915399,0,0,0
915485,0,0,0
915610,0,0,0
915716,0,0,0
915802,0,0,0
915885,0,0,0
916019,0,0,0
916145,0,0,0
916222,0,0,0
916314,0,0,0
916409,0,0,0
916526,0,0,0
2349726843,0,0,0
916742,0,0,0
916853,0,0,0
916947,0,0,0
917062,0,0,0
917148,0,0,0
917249,0,0,0
917362,0,0,0
917468,0,0,0
917561,0,0,0
917666,0,0,0
917756,0,0,0
917858,0,0,0
917961,0,0,0
918071,0,0,0
918172,0,0,0
918255,0,0,0
918343,0,0,0
918459,0,0,0
918578,0,0,0
918687,0,0,0
918810,0,0,0
918906,0,0,0
919065,0,0,0
919154,0,0,0
919273,0,0,0
919346,0,0,0
919480,0,0,0
919637,0,0,0
919709,0,0,0
919828,0,0,0
919946,0,0,0
920038,0,0,0
920132,0,0,0
920241,0,0,0
920353,0,0,0
920423,0,0,0
920533,0,0,0
920631,0,0,0
920736,0,0,0
920822,0,0,0
2752384336,0,0,0
921074,0,0,0
921201,0,0,0
921284,0,0,0
921372,0,0,0
921474,0,0,0
921556,0,0,0
921660,0,0,0
921757,0,0,0
921851,0,0,0
921943,0,0,0
922049,0,0,0
922148,0,0,0
922271,0,0,0
922365,0,0,0
922446,0,0,0
922554,0,0,0
922645,0,0,0
922752,0,0,0
922845,0,0,0
922932,0,0,0
923033,0,0,0
923133,0,0,0
923236,0,0,0
923326,0,0,0
923434,0,0,0
923531,0,0,0
923626,0,0,0
923711,0,0,0
923799,0,0,0
923898,0,0,0
923987,0,0,0
924071,0,0,0
924171,0,0,0
924274,0,0,0
924362,0,0,0
924464,0,0,0
924606,0,0,0
924694,0,0,0
924788,0,0,0
924893,0,0,0
925016,0,0,0
925114,0,0,0
925196,0,0,0
925303,0,0,0
925390,0,0,0
925486,0,0,0
925572,0,0,0
925649,0,0,0
925753,0,0,0
925840,0,0,0
925942,0,0,0
926037,0,0,0
926146,0,0,0
926261,0,0,0
926332,0,0,0
926432,0,0,0
926522,0,0,0
926613,0,0,0
926706,0,0,0
926817,0,0,0
926916,0,0,0
926995,0,0,0
927116,0,0,0
927213,0,0,0
927346,0,0,0
927432,0,0,0
927529,0,0,0
927632,0,0,0
927709,0,0,0
927787,0,0,0
927885,0,0,0
927977,0,0,0
928061,0,0,0
928144,0,0,0
928247,0,0,0
928362,0,0,0
928450,0,0,0
928543,0,0,0
928639,0,0,0
928753,0,0,0
928842,0,0,0
928943,0,0,0
929049,0,0,0
929173,0,0,0
929285,0,0,0
929419,0,0,0
929507,0,0,0
929605,0,0,0
929693,0,0,0
929787,0,0,0
929868,0,0,0
929983,0,0,0
930081,0,0,0
930181,0,0,0
930265,0,0,0
930383,0,0,0
930493,0,0,0
930598,0,0,0
930706,0,0,0
930808,0,0,0
930890,0,0,0
930975,0,0,0
931061,0,0,0
931158,0,0,0
931253,0,0,0
931349,0,0,0
931455,0,0,0
931562,0,0,0
931654,0,0,0
931742,0,0,0
931841,0,0,0
931938,0,0,0
932028,0,0,0
932105,0,0,0
932207,0,0,0
932324,0,0,0
932435,0,0,0
932539,0,0,0
932624,0,0,0
932727,0,0,0
932826,0,0,0
932905,0,0,0
932987,0,0,0
933098,0,0,0
933196,0,0,0
933330,0,0,0
933443,0,0,0
933524,0,0,0
933613,0,0,0
933727,0,0,0
933833,0,0,0
933928,0,0,0
934019,0,0,0
934113,0,0,0
934220,0,0,0
934339,0,0,0
934404,0,0,0
934487,0,0,0
934580,0,0,0
934682,0,0,0
934786,0,0,0
934874,0,0,0
934959,0,0,0
935068,0,0,0
935153,0,0,0
935243,0,0,0
935341,0,0,0
935448,0,0,0
935526,0,0,0
935622,0,0,0
935726,0,0,0
935816,0,0,0
935910,0,0,0
936013,0,0,0
936112,0,0,0
936206,0,0,0
936293,0,0,0
936403,0,0,0
936471,0,0,0
936577,0,0,0
936654,0,0,0
936739,0,0,0
936844,0,0,0
936944,0,0,0
937042,0,0,0
937141,0,0,0
937236,0,0,0
937324,0,0,0
937447,0,0,0
937533,0,0,0
937644,0,0,0
937754,0,0,0
937855,0,0,0
937947,0,0,0
938031,0,0,0
938141,0,0,0
938240,0,0,0
938341,0,0,0
938446,0,0,0
938520,0,0,0
938623,0,0,0
938742,0,0,0
938854,0,0,0
938956,0,0,0
939040,0,0,0
939126,0,0,0
939252,0,0,0
939345,0,0,0
939446,0,0,0
939554,0,0,0
939636,0,0,0
939737,0,0,0
939814,0,0,0
939906,0,0,0
940006,0,0,0
940089,0,0,0
940169,0,0,0
940271,0,0,0
940382,0,0,0
940476,0,0,0
940582,0,0,0
940688,0,0,0
940827,0,0,0
940980,0,0,0
941063,0,0,0
941166,0,0,0
941305,0,0,0
941388,0,0,0
941496,0,0,0
941575,0,0,0
941689,0,0,0
941795,0,0,0
941898,0,0,0
941989,0,0,0
942074,0,0,0
942155,0,0,0
942254,0,0,0
942346,0,0,0
942479,0,0,0
942544,0,0,0
942642,0,0,0
942731,0,0,0
942826,0,0,0
942917,0,0,0
943047,0,0,0
943157,0,0,0
943247,0,0,0
943342,0,0,0
943428,0,0,0
943526,0,0,0
943610,0,0,0
943693,0,0,0
943783,0,0,0
943867,0,0,0
943943,0,0,0
944021,0,0,0
944101,0,0,0
944208,0,0,0
944322,0,0,0
944431,0,0,0
944539,0,0,0
944627,0,0,0
944727,0,0,0
944806,0,0,0
944884,0,0,0
944978,0,0,0
945064,0,0,0
945140,0,0,0
945251,0,0,0
945338,0,0,0
945460,0,0,0
945545,0,0,0
945654,0,0,0
945761,0,0,0
945841,0,0,0
945950,0,0,0
946044,0,0,0
946151,0,0,0
946244,0,0,0
946349,0,0,0
946452,0,0,0
946541,0,0,0
946638,0,0,0
946754,0,0,0
946856,0,0,0
946936,0,0,0
947035,0,0,0
947124,0,0,0
947232,0,0,0
947315,0,0,0
947411,0,0,0
947508,0,0,0
947612,0,0,0
947732,0,0,0
947822,0,0,0
947925,0,0,0
948013,0,0,0
948094,0,0,0
948179,0,0,0
948263,0,0,0
948362,0,0,0
2181986541,0,0,0
948587,0,0,0
948680,0,0,0
948797,0,0,0
948887,0,0,0
948972,0,0,0
949074,0,0,0
949182,0,0,0
949278,0,0,0
949361,0,0,0
949469,0,0,0
949568,0,0,0
949679,0,0,0
949761,0,0,0
949870,0,0,0
949957,0,0,0
950052,0,0,0
950151,0,0,0
950249,0,0,0
950353,0,0,0
950471,0,0,0
950565,0,0,0
950658,0,0,0
950766,0,0,0
950859,0,0,0
950955,0,0,0
951057,0,0,0
951159,0,0,0
951263,0,0,0
951360,0,0,0
951454,0,0,0
951545,0,0,0
951638,0,0,0
951740,0,0,0
951817,0,0,0
951908,0,0,0
952007,0,0,0
952110,0,0,0
952227,0,0,0
952306,0,0,0
952381,0,0,0
952460,0,0,0
952555,0,0,0
952650,0,0,0
952747,0,0,0
952841,0,0,0
952939,0,0,0
953024,0,0,0
953157,0,0,0
953295,0,0,0
953380,0,0,0
953487,0,0,0
953561,0,0,0
953657,0,0,0
953771,0,0,0
953879,0,0,0
954008,0,0,0
954099,0,0,0
954193,0,0,0
954326,0,0,0
954415,0,0,0
954521,0,0,0
954611,0,0,0
954714,0,0,0
954815,0,0,0
954911,0,0,0
955013,0,0,0
955092,0,0,0
955199,0,0,0
955310,0,0,0
955386,0,0,0
955476,0,0,0
955584,0,0,0
955681,0,0,0
955771,0,0,0
955876,0,0,0
955957,0,0,0
956026,0,0,0
956142,0,0,0
956226,0,0,0
956320,0,0,0
956436,0,0,0
956524,0,0,0
3423508705,0,0,0
956786,0,0,0
956877,0,0,0
956951,0,0,0
957058,0,0,0
957161,0,0,0
957257,0,0,0
957332,0,0,0
957464,0,0,0
957553,0,0,0
957659,0,0,0
957784,0,0,0
957888,0,0,0
958001,0,0,0
958085,0,0,0
958187,0,0,0
958275,0,0,0
958356,0,0,0
958473,0,0,0
958577,0,0,0
958690,0,0,0
958764,0,0,0
958878,0,0,0
958962,0,0,0
959069,0,0,0
959171,0,0,0
959269,0,0,0
959385,0,0,0
959495,0,0,0
959586,0,0,0
959684,0,0,0
959803,0,0,0
959878,0,0,0
959989,0,0,0
960082,0,0,0
960188,0,0,0
960267,0,0,0
2785978232,0,0,0
960481,0,0,0
34515007,0,0,0
960652,0,0,0
960741,0,0,0
960840,0,0,0
960951,0,0,0
961033,0,0,0
961151,0,0,0
961245,0,0,0
961334,0,0,0
961406,0,0,0
961557,0,0,0
961647,0,0,0
961750,0,0,0
961840,0,0,0
961930,0,0,0
962064,0,0,0
962128,0,0,0
962214,0,0,0
962323,0,0,0
962415,0,0,0
962503,0,0,0
962594,0,0,0
962675,0,0,0
962788,0,0,0
962873,0,0,0
962979,0,0,0
963058,0,0,0
963170,0,0,0
963256,0,0,0
963360,0,0,0
963473,0,0,0
963558,0,0,0
963648,0,0,0
963747,0,0,0
963847,0,0,0
963954,0,0,0
964075,0,0,0
964174,0,0,0
964253,0,0,0
964359,0,0,0
964452,0,0,0
964558,0,0,0
964650,0,0,0
964748,0,0,0
964849,0,0,0
964962,0,0,0
965068,0,0,0
965163,0,0,0
965246,0,0,0
965333,0,0,0
965439,0,0,0
965534,0,0,0
965622,0,0,0
965711,0,0,0
965815,0,0,0
965943,0,0,0
966038,0,0,0
966127,0,0,0
966233,0,0,0
966328,0,0,0
966427,0,0,0
966533,0,0,0
966614,0,0,0
966727,0,0,0
966818,0,0,0
966925,0,0,0
967012,0,0,0
967093,0,0,0
967182,0,0,0
967297,0,0,0
967382,0,0,0
967478,0,0,0
967559,0,0,0
967638,0,0,0
967742,0,0,0
967837,0,0,0
967929,0,0,0
968011,0,0,0
968092,0,0,0
968185,0,0,0
968277,0,0,0
968379,0,0,0
968473,0,0,0
968580,0,0,0
968679,0,0,0
968785,0,0,0
968883,0,0,0
968974,0,0,0
969097,0,0,0
969183,0,0,0
969290,0,0,0
2953759405,0,0,0
969495,0,0,0
969604,0,0,0
969719,0,0,0
969798,0,0,0
969888,0,0,0
969990,0,0,0
970084,0,0,0
970163,0,0,0
970244,0,0,0
970321,0,0,0
970420,0,0,0
970509,0,0,0
970608,0,0,0
970698,0,0,0
970809,0,0,0
970904,0,0,0
970997,0,0,0
971088,0,0,0
971186,0,0,0
971273,0,0,0
971346,0,0,0
971457,0,0,0
971537,0,0,0
971643,0,0,0
971720,0,0,0
971824,0,0,0
971920,0,0,0
972018,0,0,0
972099,0,0,0
972182,0,0,0
972301,0,0,0
972407,0,0,0
972532,0,0,0
972616,0,0,0
972720,0,0,0
972806,0,0,0
3490633825,0,0,0
973000,0,0,0
973123,0,0,0
973218,0,0,0
973298,0,0,0
973404,0,0,0
973496,0,0,0
973600,0,0,0
973688,0,0,0
973779,0,0,0
973866,0,0,0
973951,0,0,0
974039,0,0,0
974126,0,0,0
974215,0,0,0
974342,0,0,0
974436,0,0,0
974541,0,0,0
974643,0,0,0
974730,0,0,0
974809,0,0,0
974929,0,0,0
975033,0,0,0
975115,0,0,0
975222,0,0,0
975323,0,0,0
975441,0,0,0
975521,0,0,0
975624,0,0,0
975713,0,0,0
975823,0,0,0
975924,0,0,0
976019,0,0,0
976135,0,0,0
976249,0,0,0
976333,0,0,0
976424,0,0,0
976519,0,0,0
976618,0,0,0
976708,0,0,0
976792,0,0,0
976899,0,0,0
976990,0,0,0
977086,0,0,0
977177,0,0,0
977266,0,0,0
977352,0,0,0
977436,0,0,0
977539,0,0,0
977626,0,0,0
977717,0,0,0
977812,0,0,0
977883,0,0,0
978016,0,0,0
978096,0,0,0
978190,0,0,0
978277,0,0,0
978384,0,0,0
978458,0,0,0
978534,0,0,0
978643,0,0,0
978767,0,0,0
978871,0,0,0
978963,0,0,0
979060,0,0,0
979148,0,0,0
979252,0,0,0
979342,0,0,0
979452,0,0,0
979549,0,0,0
979646,0,0,0
979754,0,0,0
979871,0,0,0
979952,0,0,0
980033,0,0,0
980112,0,0,0
980215,0,0,0
980322,0,0,0
980428,0,0,0
980500,0,0,0
980605,0,0,0
980677,0,0,0
980784,0,0,0
980866,0,0,0
980957,0,0,0
981053,0,0,0
981133,0,0,0
981239,0,0,0
981338,0,0,0
981422,0,0,0
981518,0,0,0
981612,0,0,0
981702,0,0,0
981785,0,0,0
981885,0,0,0
981963,0,0,0
982103,0,0,0
982206,0,0,0
982317,0,0,0
982403,0,0,0
982490,0,0,0
982607,0,0,0
982736,0,0,0
982820,0,0,0
982910,0,0,0
983042,0,0,0
983132,0,0,0
983254,0,0,0
983360,0,0,0
983461,0,0,0
983567,0,0,0
983661,0,0,0
983759,0,0,0
983848,0,0,0
983956,0,0,0
984028,0,0,0
984118,0,0,0
984217,0,0,0
984313,0,0,0
984410,0,0,0
984499,0,0,0
984616,0,0,0
984721,0,0,0
984822,0,0,0
984912,0,0,0
985012,0,0,0
985095,0,0,0
985194,0,0,0
985277,0,0,0
985366,0,0,0
985443,0,0,0
985545,0,0,0
985649,0,0,0
985753,0,0,0
985834,0,0,0
985922,0,0,0
986022,0,0,0
986116,0,0,0
986207,0,0,0
986310,0,0,0
986403,0,0,0
986482,0,0,0
986561,0,0,0
986675,0,0,0
986791,0,0,0
986901,0,0,0
987007,0,0,0
987096,0,0,0
987192,0,0,0
987306,0,0,0
987399,0,0,0
987502,0,0,0
987613,0,0,0
987704,0,0,0
987804,0,0,0
987891,0,0,0
987997,0,0,0
988088,0,0,0
988207,0,0,0
988299,0,0,0
988410,0,0,0
988484,0,0,0
988582,0,0,0
988700,0,0,0
988789,0,0,0
988894,0,0,0
988990,0,0,0
989087,0,0,0
989183,0,0,0
989292,0,0,0
989404,0,0,0
989475,0,0,0
989607,0,0,0
989686,0,0,0
989795,0,0,0
989868,0,0,0
989975,0,0,0
990067,0,0,0
990172,0,0,0
990244,0,0,0
2987334763,0,0,0
990431,0,0,0
990546,0,0,0
990632,0,0,0
990727,0,0,0
990824,0,0,0
990915,0,0,0
991011,0,0,0
991118,0,0,0
991193,0,0,0
991302,0,0,0
991394,0,0,0
991476,0,0,0
991555,0,0,0
991654,0,0,0
991758,0,0,0
991839,0,0,0
991987,0,0,0
992074,0,0,0
992177,0,0,0
992273,0,0,0
992347,0,0,0
992459,0,0,0
992550,0,0,0
992655,0,0,0
992755,0,0,0
992861,0,0,0
992957,0,0,0
993056,0,0,0
993166,0,0,0
993259,0,0,0
993334,0,0,0
993460,0,0,0
3289327912,0,0,0
993672,0,0,0
993807,0,0,0
993900,0,0,0
994025,0,0,0
994094,0,0,0
994216,0,0,0
994289,0,0,0
994388,0,0,0
994480,0,0,0
994584,0,0,0
994655,0,0,0
994746,0,0,0
994840,0,0,0
994932,0,0,0
995040,0,0,0
995112,0,0,0
995231,0,0,0
995328,0,0,0
995425,0,0,0
995543,0,0,0
995615,0,0,0
995726,0,0,0
995831,0,0,0
995934,0,0,0
996027,0,0,0
996134,0,0,0
996231,0,0,0
996320,0,0,0
996408,0,0,0
996535,0,0,0
996640,0,0,0
996746,0,0,0
996844,0,0,0
996933,0,0,0
997047,0,0,0
997122,0,0,0
997232,0,0,0
997370,0,0,0
997469,0,0,0
997569,0,0,0
997680,0,0,0
997776,0,0,0
997880,0,0,0
997971,0,0,0
998086,0,0,0
998167,0,0,0
998270,0,0,0
998382,0,0,0
998481,0,0,0
998595,0,0,0
998724,0,0,0
998828,0,0,0
998923,0,0,0
999020,0,0,0
999108,0,0,0
2249146135,0,0,0
999323,0,0,0
999433,0,0,0
999546,0,0,0
999675,0,0,0
999774,0,0,0
999886,0,0,0
999973,0,0,0
1000096,0,0,0
1000208,0,0,0
1000297,0,0,0
135136136,0,0,0
1000547,0,0,0
1000654,0,0,0
1000740,0,0,0
1000835,0,0,0
1000933,0,0,0
1001028,0,0,0
1001119,0,0,0
1001218,0,0,0
1001323,0,0,0
1001407,0,0,0
1001504,0,0,0
1001583,0,0,0
1001674,0,0,0
1001765,0,0,0
1001864,0,0,0
1001966,0,0,0
1002063,0,0,0
1002159,0,0,0
1002255,0,0,0
1002387,0,0,0
1410288672,0,0,0
1002618,0,0,0
1002733,0,0,0
1002832,0,0,0
1002921,0,0,0
1003004,0,0,0
1309625964,0,0,0
1003233,0,0,0
1003366,0,0,0
1003496,0,0,0
1003598,0,0,0
1003699,0,0,0
1003793,0,0,0
1003922,0,0,0
1004032,0,0,0
1004113,0,0,0
1004214,0,0,0
1004307,0,0,0
1004413,0,0,0
1004506,0,0,0
1004617,0,0,0
1004697,0,0,0
1004811,0,0,0
1004926,0,0,0
1005015,0,0,0
1005098,0,0,0
1005204,0,0,0
1005285,0,0,0
1005389,0,0,0
1005491,0,0,0
1005567,0,0,0
1005673,0,0,0
1005788,0,0,0
1005876,0,0,0
1005975,0,0,0
1006068,0,0,0
1006175,0,0,0
1006265,0,0,0
1006386,0,0,0
1006487,0,0,0
1006600,0,0,0
1006700,0,0,0
1006816,0,0,0
1006920,0,0,0
1007021,0,0,0
1007149,0,0,0
1007267,0,0,0
1007351,0,0,0
1007468,0,0,0
1007564,0,0,0
1007649,0,0,0
1007760,0,0,0
1007841,0,0,0
1007950,0,0,0
1008026,0,0,0
1008126,0,0,0
1008237,0,0,0
1008354,0,0,0
1008429,0,0,0
1008534,0,0,0
1008639,0,0,0
1008733,0,0,0
1008819,0,0,0
1008919,0,0,0
1009030,0,0,0
1009144,0,0,0
1009235,0,0,0
2752472771,0,0,0
1009440,0,0,0
1009561,0,0,0
1009666,0,0,0
1009755,0,0,0
1009838,0,0,0
1009954,0,0,0
1010040,0,0,0
1010168,0,0,0
1010260,0,0,0
1010347,0,0,0
1010464,0,0,0
1010546,0,0,0
934784,0,0,0
1010775,0,0,0
1010901,0,0,0
1010992,0,0,0
1011088,0,0,0
1011176,0,0,0
1011268,0,0,0
1011360,0,0,0
1011448,0,0,0
1011550,0,0,0
1011706,0,0,0
1011805,0,0,0
1011895,0,0,0
1011979,0,0,0
1012091,0,0,0
1012196,0,0,0
1012300,0,0,0
1012384,0,0,0
1012491,0,0,0
1012575,0,0,0
1012676,0,0,0
1012768,0,0,0
1012870,0,0,0
1012966,0,0,0
1013082,0,0,0
1013175,0,0,0
1013254,0,0,0
1013354,0,0,0
1013448,0,0,0
1013532,0,0,0
1013650,0,0,0
1013728,0,0,0
1013842,0,0,0
1013946,0,0,0
1014037,0,0,0
1014141,0,0,0
1014250,0,0,0
1014349,0,0,0
1014438,0,0,0
1014549,0,0,0
1014636,0,0,0
1014729,0,0,0
1014839,0,0,0
1014944,0,0,0
1015050,0,0,0
1015152,0,0,0
1015261,0,0,0
1015359,0,0,0
1015473,0,0,0
1015542,0,0,0
1015644,0,0,0
1015743,0,0,0
1015842,0,0,0
1015921,0,0,0
1016029,0,0,0
1016139,0,0,0
1016212,0,0,0
1016314,0,0,0
1016431,0,0,0
1016540,0,0,0
1016628,0,0,0
1016767,0,0,0
1016868,0,0,0
1016958,0,0,0
1017043,0,0,0
1017139,0,0,0
1017219,0,0,0
1017344,0,0,0
1017464,0,0,0
1017563,0,0,0
1017655,0,0,0
1017758,0,0,0
1017851,0,0,0
1017969,0,0,0
1018045,0,0,0
1018144,0,0,0
1018262,0,0,0
1018337,0,0,0
1018453,0,0,0
1018537,0,0,0
1018633,0,0,0
1018733,0,0,0
1018835,0,0,0
1018905,0,0,0
705662110,0,0,0
1019124,0,0,0
1019222,0,0,0
1019337,0,0,0
1019435,0,0,0
1019540,0,0,0
1019624,0,0,0
1019699,0,0,0
1019796,0,0,0
1019907,0,0,0
1019993,0,0,0
1020076,0,0,0
1020168,0,0,0
1020243,0,0,0
1020333,0,0,0
1020410,0,0,0
1020521,0,0,0
1020616,0,0,0
1020707,0,0,0
1020796,0,0,0
1020895,0,0,0
1020988,0,0,0
983042,0,0,0
1021230,0,0,0
1021379,0,0,0
1021446,0,0,0
1021546,0,0,0
1021642,0,0,0
1021739,0,0,0
1021839,0,0,0
1021929,0,0,0
1022021,0,0,0
1022103,0,0,0
1022223,0,0,0
1022318,0,0,0
1022446,0,0,0
1022549,0,0,0
1022687,0,0,0
1022781,0,0,0
1022881,0,0,0
1022964,0,0,0
1023062,0,0,0
1023156,0,0,0
1023272,0,0,0
1023349,0,0,0
1023437,0,0,0
1023544,0,0,0
1023643,0,0,0
1023733,0,0,0
1023822,0,0,0
1023911,0,0,0
1024010,0,0,0
1024098,0,0,0
1024194,0,0,0
1024287,0,0,0
1024378,0,0,0
1024563,0,0,0
1024632,0,0,0
1024735,0,0,0
1024834,0,0,0
1024941,0,0,0
1025070,0,0,0
1025170,0,0,0
1025274,0,0,0
1025373,0,0,0
1025475,0,0,0
1025581,0,0,0
1025676,0,0,0
1025773,0,0,0
1025888,0,0,0
1025986,0,0,0
1026093,0,0,0
1026195,0,0,0
1026308,0,0,0
1026401,0,0,0
1026506,0,0,0
1026624,0,0,0
1026722,0,0,0
1026812,0,0,0
1026921,0,0,0
1027011,0,0,0
1027094,0,0,0
1027206,0,0,0
1027318,0,0,0
1027390,0,0,0
1027499,0,0,0
1027569,0,0,0
1027667,0,0,0
1027756,0,0,0
1027891,0,0,0
1027984,0,0,0
1028074,0,0,0
1028194,0,0,0
1028280,0,0,0
1028362,0,0,0
1028444,0,0,0
1028532,0,0,0
1028635,0,0,0
1028745,0,0,0
1028847,0,0,0
1028951,0,0,0
1029051,0,0,0
1029130,0,0,0
1029213,0,0,0
1029309,0,0,0
1029407,0,0,0
1029483,0,0,0
1029610,0,0,0
1029686,0,0,0
1029804,0,0,0
1029886,0,0,0
1029991,0,0,0
1030092,0,0,0
1030208,0,0,0
1030313,0,0,0
1030425,0,0,0
1030513,0,0,0
1030608,0,0,0
1030712,0,0,0
1030805,0,0,0
1030918,0,0,0
1031007,0,0,0
1031103,0,0,0
1031229,0,0,0
1031315,0,0,0
1031408,0,0,0
1031499,0,0,0
1031594,0,0,0
1031726,0,0,0
1031834,0,0,0
1031910,0,0,0
1032043,0,0,0
1032168,0,0,0
1032251,0,0,0
1032332,0,0,0
1032440,0,0,0
1032539,0,0,0
1032619,0,0,0
1032711,0,0,0
1032814,0,0,0
1032922,0,0,0
1033033,0,0,0
1033125,0,0,0
1033211,0,0,0
1033291,0,0,0
1033388,0,0,0
1033489,0,0,0
1033602,0,0,0
1033690,0,0,0
1033777,0,0,0
1033863,0,0,0
1033946,0,0,0
1034039,0,0,0
1034123,0,0,0
1034226,0,0,0
1034339,0,0,0
1034434,0,0,0
1034539,0,0,0
1034622,0,0,0
1034728,0,0,0
1034848,0,0,0
1034948,0,0,0
1035015,0,0,0
1035111,0,0,0
1035202,0,0,0
1035293,0,0,0
1035421,0,0,0
1035520,0,0,0
1035607,0,0,0
1035675,0,0,0
1035757,0,0,0
1035863,0,0,0
1035943,0,0,0
1036075,0,0,0
1036150,0,0,0
1036256,0,0,0
1036351,0,0,0
1036446,0,0,0
1036552,0,0,0
1036645,0,0,0
1036727,0,0,0
1036857,0,0,0
1036931,0,0,0
1037038,0,0,0
1037140,0,0,0
1037226,0,0,0
1037315,0,0,0
1037416,0,0,0
1037507,0,0,0
1037613,0,0,0
1037718,0,0,0
1037806,0,0,0
1037904,0,0,0
1038027,0,0,0
1038109,0,0,0
1038222,0,0,0
1038300,0,0,0
1038416,0,0,0
1038519,0,0,0
1038617,0,0,0
1038709,0,0,0
1038788,0,0,0
1038878,0,0,0
1038955,0,0,0
1039071,0,0,0
1039167,0,0,0
1039281,0,0,0
1039368,0,0,0
1039457,0,0,0
1039558,0,0,0
1039682,0,0,0
1039788,0,0,0
1039894,0,0,0
1040000,0,0,0
1040094,0,0,0
1040186,0,0,0
1040285,0,0,0
1040372,0,0,0
1040477,0,0,0
1040594,0,0,0
1040682,0,0,0
1040774,0,0,0
1040878,0,0,0
1040959,0,0,0
1041055,0,0,0
1041132,0,0,0
1041224,0,0,0
1041313,0,0,0
1041421,0,0,0
1041515,0,0,0
1041605,0,0,0
1041699,0,0,0
1041788,0,0,0
1041894,0,0,0
1041987,0,0,0
1042069,0,0,0
1042176,0,0,0
1042287,0,0,0
1042412,0,0,0
1042511,0,0,0
1042634,0,0,0
1042731,0,0,0
1042839,0,0,0
1042943,0,0,0
1043051,0,0,0
1043147,0,0,0
1043247,0,0,0
1043336,0,0,0
1043435,0,0,0
1043528,0,0,0
1043614,0,0,0
1043717,0,0,0
1043822,0,0,0
1043903,0,0,0
1043985,0,0,0
1044098,0,0,0
1044216,0,0,0
1044317,0,0,0
1044404,0,0,0
1044492,0,0,0
1044599,0,0,0
1044694,0,0,0
1044802,0,0,0
1044898,0,0,0
1045016,0,0,0
1045109,0,0,0
1045214,0,0,0
1045287,0,0,0
1045400,0,0,0
1045490,0,0,0
1045582,0,0,0
1045672,0,0,0
1045765,0,0,0
1045841,0,0,0
1045931,0,0,0
1046034,0,0,0
1046144,0,0,0
1046224,0,0,0
1046308,0,0,0
1046411,0,0,0
1046526,0,0,0
1046621,0,0,0
1046713,0,0,0
1046818,0,0,0
1046910,0,0,0
1047000,0,0,0
1047089,0,0,0
1047190,0,0,0
1047294,0,0,0
1047386,0,0,0
1047503,0,0,0
1047590,0,0,0
1047666,0,0,0
1047806,0,0,0
1047906,0,0,0
1048003,0,0,0
1048085,0,0,0
1048184,0,0,0
1048270,0,0,0
1048362,0,0,0
1048456,0,0,0
1048548,0,0,0
1048666,0,0,0
1048803,0,0,0
1048904,0,0,0
1048995,0,0,0
1049075,0,0,0
1049171,0,0,0
1049253,0,0,0
1049343,0,0,0
1049423,0,0,0
1049506,0,0,0
1049617,0,0,0
1049703,0,0,0
1049783,0,0,0
1049861,0,0,0
1049967,0,0,0
1050055,0,0,0
1050165,0,0,0
1050281,0,0,0
1050376,0,0,0
1050517,0,0,0
1050599,0,0,0
1050688,0,0,0
1050793,0,0,0
1050897,0,0,0
1050986,0,0,0
1051085,0,0,0
1051182,0,0,0
1051298,0,0,0
1051394,0,0,0
1051496,0,0,0
1051627,0,0,0
1051721,0,0,0
1051812,0,0,0
1051925,0,0,0
1052023,0,0,0
1052112,0,0,0
1052219,0,0,0
1052323,0,0,0
1052427,0,0,0
1052529,0,0,0
1052646,0,0,0
1052748,0,0,0
1052851,0,0,0
1052936,0,0,0
1053024,0,0,0
1053098,0,0,0
1053212,0,0,0
1053320,0,0,0
1053439,0,0,0
1053527,0,0,0
1053613,0,0,0
1053693,0,0,0
1053787,0,0,0
1053870,0,0,0
1053970,0,0,0
1054061,0,0,0
1054140,0,0,0
1054240,0,0,0
1054342,0,0,0
1054422,0,0,0
1054518,0,0,0
1054623,0,0,0
1054720,0,0,0
1054798,0,0,0
1054888,0,0,0
1054988,0,0,0
1055101,0,0,0
1055230,0,0,0
1055323,0,0,0
1055417,0,0,0
1055507,0,0,0
1055598,0,0,0
1055691,0,0,0
1055765,0,0,0
1055873,0,0,0
1055983,0,0,0
1056061,0,0,0
1056136,0,0,0
1056244,0,0,0
1056348,0,0,0
1056422,0,0,0
1056543,0,0,0
1056620,0,0,0
1056717,0,0,0
1056816,0,0,0
1056917,0,0,0
1057003,0,0,0
1057091,0,0,0
1057194,0,0,0
1057281,0,0,0
1057363,0,0,0
1057516,0,0,0
1057597,0,0,0
1057709,0,0,0
1057803,0,0,0
1057890,0,0,0
1057982,0,0,0
1058080,0,0,0
1058178,0,0,0
1058288,0,0,0
1058390,0,0,0
1058492,0,0,0
1058594,0,0,0
1058688,0,0,0
1058775,0,0,0
1058857,0,0,0
1058943,0,0,0
1059082,0,0,0
1059181,0,0,0
1059253,0,0,0
1059372,0,0,0
1059469,0,0,0
1059561,0,0,0
1059645,0,0,0
1059748,0,0,0
1059856,0,0,0
1059964,0,0,0
1060053,0,0,0
1060163,0,0,0
1060269,0,0,0
1060366,0,0,0
1060483,0,0,0
1060581,0,0,0
1060681,0,0,0
1060781,0,0,0
1060879,0,0,0
1060969,0,0,0
1061058,0,0,0
1061150,0,0,0
1061241,0,0,0
1061330,0,0,0
1061430,0,0,0
1061538,0,0,0
1061628,0,0,0
1061719,0,0,0
1061807,0,0,0
1061916,0,0,0
1062035,0,0,0
1062114,0,0,0
1062197,0,0,0
1062298,0,0,0
1062387,0,0,0
1062487,0,0,0
1062596,0,0,0
1062684,0,0,0
1062771,0,0,0
1062873,0,0,0
1062979,0,0,0
1063080,0,0,0
1063158,0,0,0
1063261,0,0,0
1063365,0,0,0
1063455,0,0,0
1063552,0,0,0
1063640,0,0,0
1063732,0,0,0
1063837,0,0,0
1063940,0,0,0
1064032,0,0,0
1064139,0,0,0
1064236,0,0,0
1064323,0,0,0
1064418,0,0,0
1064523,0,0,0
1064610,0,0,0
1064720,0,0,0
1064813,0,0,0
1064888,0,0,0
1064999,0,0,0
1065076,0,0,0
1065161,0,0,0
1065239,0,0,0
1065331,0,0,0
1065427,0,0,0
1065540,0,0,0
1065620,0,0,0
1065710,0,0,0
1065798,0,0,0
1065897,0,0,0
1065992,0,0,0
1066081,0,0,0
1066173,0,0,0
1066256,0,0,0
1066330,0,0,0
1066429,0,0,0
1066546,0,0,0
1066636,0,0,0
1066759,0,0,0
1066856,0,0,0
1066948,0,0,0
1067049,0,0,0
1067157,0,0,0
1067263,0,0,0
1067361,0,0,0
1067466,0,0,0
1067561,0,0,0
1067661,0,0,0
1067744,0,0,0
1067848,0,0,0
1067944,0,0,0
1068044,0,0,0
1068132,0,0,0
1068241,0,0,0
1068361,0,0,0
1068436,0,0,0
1068536,0,0,0
1068630,0,0,0
1068724,0,0,0
1068801,0,0,0
1068931,0,0,0
1069056,0,0,0
1069157,0,0,0
1069273,0,0,0
1069361,0,0,0
1069435,0,0,0
1069535,0,0,0
1069637,0,0,0
1069728,0,0,0
1069809,0,0,0
1069891,0,0,0
1069993,0,0,0
1070088,0,0,0
1070176,0,0,0
1070276,0,0,0
1070352,0,0,0
1070432,0,0,0
1070542,0,0,0
1070633,0,0,0
1070724,0,0,0
1070810,0,0,0
1070897,0,0,0
1070992,0,0,0
1071097,0,0,0
1071188,0,0,0
1071305,0,0,0
1071395,0,0,0
1071497,0,0,0
1071617,0,0,0
1071713,0,0,0
1071807,0,0,0
1071891,0,0,0
1071972,0,0,0
1072065,0,0,0
1072136,0,0,0
1072244,0,0,0
1072317,0,0,0
1072407,0,0,0
1072486,0,0,0
1072587,0,0,0
1072681,0,0,0
1072770,0,0,0
1072859,0,0,0
1072960,0,0,0
1073052,0,0,0
1073139,0,0,0
1073219,0,0,0
1073301,0,0,0
1073382,0,0,0
1073484,0,0,0
1073577,0,0,0
1073685,0,0,0
1073781,0,0,0
1073881,0,0,0
1073993,0,0,0
1074071,0,0,0
1074167,0,0,0
1074247,0,0,0
1074340,0,0,0
1074451,0,0,0
1074534,0,0,0
1074640,0,0,0
1074736,0,0,0
1074841,0,0,0
1074929,0,0,0
1075031,0,0,0
1075128,0,0,0
1075217,0,0,0
1075312,0,0,0
1075392,0,0,0
1075477,0,0,0
1075585,0,0,0
1075703,0,0,0
1075807,0,0,0
1075910,0,0,0
1075988,0,0,0
1076073,0,0,0
1076173,0,0,0
1076257,0,0,0
1076370,0,0,0
1076477,0,0,0
1076589,0,0,0
1076693,0,0,0
1076792,0,0,0
1076912,0,0,0
1077003,0,0,0
1077112,0,0,0
1077204,0,0,0
1077346,0,0,0
1077445,0,0,0
1077538,0,0,0
1077632,0,0,0
1077730,0,0,0
1077827,0,0,0
1077904,0,0,0
1077984,0,0,0
1078098,0,0,0
1078204,0,0,0
1078309,0,0,0
1078428,0,0,0
1078500,0,0,0
1078598,0,0,0
1078678,0,0,0
1078799,0,0,0
1078919,0,0,0
1079010,0,0,0
1079094,0,0,0
1079180,0,0,0
1079270,0,0,0
1079361,0,0,0
1079459,0,0,0
1079570,0,0,0
1079648,0,0,0
1079760,0,0,0
1079853,0,0,0
1079942,0,0,0
1080039,0,0,0
1080121,0,0,0
1080239,0,0,0
1080331,0,0,0
1080413,0,0,0
1080511,0,0,0
1080617,0,0,0
1080713,0,0,0
1080801,0,0,0
1080887,0,0,0
1080971,0,0,0
1081071,0,0,0
1081157,0,0,0
1081240,0,0,0
1081338,0,0,0
1081434,0,0,0
1081522,0,0,0
1081624,0,0,0
1081712,0,0,0
1081821,0,0,0
1081892,0,0,0
1081973,0,0,0
1082068,0,0,0
1082161,0,0,0
1082264,0,0,0
1082364,0,0,0
1082498,0,0,0
1082593,0,0,0
1082700,0,0,0
1082783,0,0,0
1082872,0,0,0
1082984,0,0,0
1083082,0,0,0
1083172,0,0,0
1083249,0,0,0
1083352,0,0,0
1083451,0,0,0
1083545,0,0,0
1083647,0,0,0
1083747,0,0,0
1083823,0,0,0
1083929,0,0,0
1084017,0,0,0
1084108,0,0,0
1084194,0,0,0
1084293,0,0,0
1084405,0,0,0
1084532,0,0,0
1084615,0,0,0
1084721,0,0,0
1084803,0,0,0
1084916,0,0,0
1084992,0,0,0
1085085,0,0,0
1085196,0,0,0
1085300,0,0,0
1085397,0,0,0
1085538,0,0,0
1085636,0,0,0
1085728,0,0,0
1085827,0,0,0
1085923,0,0,0
1086012,0,0,0
1086094,0,0,0
1086172,0,0,0
1086288,0,0,0
1086366,0,0,0
1086452,0,0,0
1086554,0,0,0
1086642,0,0,0
1086731,0,0,0
1086850,0,0,0
1086951,0,0,0
1087046,0,0,0
1087148,0,0,0
1087251,0,0,0
1087347,0,0,0
1087430,0,0,0
1087526,0,0,0
1087650,0,0,0
1087748,0,0,0
1087850,0,0,0
1087919,0,0,0
1088042,0,0,0
1088127,0,0,0
1088228,0,0,0
1088312,0,0,0
1088389,0,0,0
1088481,0,0,0
1088588,0,0,0
1088674,0,0,0
1088778,0,0,0
1088877,0,0,0
1089009,0,0,0
1089158,0,0,0
1089266,0,0,0
1089359,0,0,0
1089457,0,0,0
1089552,0,0,0
1089642,0,0,0
1089733,0,0,0
1089832,0,0,0
1089934,0,0,0
1090033,0,0,0
1090121,0,0,0
1090225,0,0,0
1090318,0,0,0
1090423,0,0,0
1090522,0,0,0
1090624,0,0,0
1090717,0,0,0
1090816,0,0,0
1090925,0,0,0
1091005,0,0,0
1091112,0,0,0
1091224,0,0,0
1091307,0,0,0
1091403,0,0,0
1091496,0,0,0
1091590,0,0,0
1091676,0,0,0
1091814,0,0,0
1091928,0,0,0
1092033,0,0,0
1092133,0,0,0
1092231,0,0,0
1092336,0,0,0
1092432,0,0,0
1092570,0,0,0
1092653,0,0,0
1092725,0,0,0
1092831,0,0,0
1092948,0,0,0
1093043,0,0,0
1093137,0,0,0
1093230,0,0,0
1093332,0,0,0
1093424,0,0,0
1093501,0,0,0
1093608,0,0,0
1093725,0,0,0
1093828,0,0,0
1093901,0,0,0
1094026,0,0,0
1094113,0,0,0
1094214,0,0,0
1094300,0,0,0
1094395,0,0,0
1094506,0,0,0
1094597,0,0,0
1094719,0,0,0
1094795,0,0,0
1094878,0,0,0
1094987,0,0,0
1095059,0,0,0
1095154,0,0,0
1095267,0,0,0
1095352,0,0,0
1095467,0,0,0
1095559,0,0,0
1095650,0,0,0
1095736,0,0,0
1095837,0,0,0
1095915,0,0,0
1096041,0,0,0
1096134,0,0,0
1096235,0,0,0
1096329,0,0,0
1096429,0,0,0
1096513,0,0,0
1096602,0,0,0
1096682,0,0,0
1096792,0,0,0
1096894,0,0,0
1096977,0,0,0
1097056,0,0,0
1097177,0,0,0
1097297,0,0,0
1097404,0,0,0
1097496,0,0,0
1097593,0,0,0
1097702,0,0,0
1097791,0,0,0
1097899,0,0,0
1098002,0,0,0
1098118,0,0,0
1098237,0,0,0
1098348,0,0,0
1098456,0,0,0
1098532,0,0,0
1098631,0,0,0
1098713,0,0,0
1098818,0,0,0
1098906,0,0,0
1099002,0,0,0
1099097,0,0,0
1099196,0,0,0
1099288,0,0,0
1099390,0,0,0
1099489,0,0,0
1099586,0,0,0
1099698,0,0,0
1099781,0,0,0
1099861,0,0,0
1099964,0,0,0
1100065,0,0,0
1100167,0,0,0
1100271,0,0,0
1100363,0,0,0
1100455,0,0,0
1100560,0,0,0
1100667,0,0,0
1100764,0,0,0
1100857,0,0,0
1100955,0,0,0
1101062,0,0,0
1101142,0,0,0
1101251,0,0,0
1101345,0,0,0
1101449,0,0,0
1101532,0,0,0
1101644,0,0,0
1101743,0,0,0
1101838,0,0,0
1101968,0,0,0
1102051,0,0,0
1102164,0,0,0
1102247,0,0,0
1102327,0,0,0
1102426,0,0,0
1102523,0,0,0
1102622,0,0,0
1102762,0,0,0
1102855,0,0,0
1102968,0,0,0
1103053,0,0,0
1103154,0,0,0
1103243,0,0,0
1103355,0,0,0
1103476,0,0,0
1103569,0,0,0
1103657,0,0,0
1103746,0,0,0
1103854,0,0,0
1103945,0,0,0
1104047,0,0,0
1104141,0,0,0
1104249,0,0,0
1104345,0,0,0
1104453,0,0,0
1104546,0,0,0
1104640,0,0,0
1104742,0,0,0
1104863,0,0,0
1104955,0,0,0
1105038,0,0,0
1105136,0,0,0
1105237,0,0,0
1105316,0,0,0
1105407,0,0,0
1105514,0,0,0
1105622,0,0,0
1105755,0,0,0
1105858,0,0,0
1105961,0,0,0
1106072,0,0,0
1106189,0,0,0
1106328,0,0,0
1106443,0,0,0
1106521,0,0,0
1106634,0,0,0
1106753,0,0,0
1106860,0,0,0
1106988,0,0,0
1107091,0,0,0
1107177,0,0,0
1107267,0,0,0
1107351,0,0,0
1107468,0,0,0
1107557,0,0,0
1107657,0,0,0
1107776,0,0,0
1107880,0,0,0
1107970,0,0,0
1108073,0,0,0
1108154,0,0,0
1108269,0,0,0
1108366,0,0,0
1108509,0,0,0
1108594,0,0,0
1108705,0,0,0
1108803,0,0,0
1108899,0,0,0
1108991,0,0,0
1109074,0,0,0
1109193,0,0,0
1109270,0,0,0
1109385,0,0,0
1109467,0,0,0
1109550,0,0,0
1109646,0,0,0
1109735,0,0,0
1109837,0,0,0
1109960,0,0,0
1110046,0,0,0
1110139,0,0,0
1110229,0,0,0
1110352,0,0,0
1110442,0,0,0
1110535,0,0,0
1110639,0,0,0
1110744,0,0,0
1110833,0,0,0
1110931,0,0,0
1111024,0,0,0
1111136,0,0,0
1111229,0,0,0
1111344,0,0,0
1111450,0,0,0
1111544,0,0,0
1111637,0,0,0
1111748,0,0,0
1111850,0,0,0
1111943,0,0,0
1112025,0,0,0
1112115,0,0,0
1112211,0,0,0
1112292,0,0,0
1112374,0,0,0
1112481,0,0,0
1112555,0,0,0
1112659,0,0,0
1112766,0,0,0
1112883,0,0,0
1113005,0,0,0
1113120,0,0,0
1113203,0,0,0
1113297,0,0,0
1113398,0,0,0
1113481,0,0,0
1113560,0,0,0
1113663,0,0,0
1113746,0,0,0
1113843,0,0,0
1113944,0,0,0
1114028,0,0,0
1114133,0,0,0
1114211,0,0,0
1114316,0,0,0
1114414,0,0,0
1114495,0,0,0
1114632,0,0,0
1114727,0,0,0
1114855,0,0,0
1114955,0,0,0
1115047,0,0,0
1115151,0,0,0
1115259,0,0,0
1115344,0,0,0
1115452,0,0,0
1115552,0,0,0
1115673,0,0,0
1115775,0,0,0
1115870,0,0,0
1116010,0,0,0
1116113,0,0,0
1116192,0,0,0
1116284,0,0,0
1116404,0,0,0
1116516,0,0,0
1116624,0,0,0
1116718,0,0,0
1116802,0,0,0
1116903,0,0,0
1117012,0,0,0
1117094,0,0,0
1117202,0,0,0
1117336,0,0,0
1117419,0,0,0
1117527,0,0,0
1117606,0,0,0
1117722,0,0,0
1117811,0,0,0
1117904,0,0,0
1117990,0,0,0
1118085,0,0,0
1118176,0,0,0
1118318,0,0,0
1118419,0,0,0
1118523,0,0,0
1118616,0,0,0
1118728,0,0,0
1118827,0,0,0
1118924,0,0,0
1119022,0,0,0
1119116,0,0,0
1119210,0,0,0
1119302,0,0,0
1119389,0,0,0
1119497,0,0,0
1119583,0,0,0
1119687,0,0,0
1119783,0,0,0
1119889,0,0,0
1119983,0,0,0
1120096,0,0,0
1120186,0,0,0
1120278,0,0,0
1120364,0,0,0
1120471,0,0,0
1120561,0,0,0
1120646,0,0,0
1120746,0,0,0
1120848,0,0,0
1120954,0,0,0
1121055,0,0,0
1121149,0,0,0
1121269,0,0,0
1121365,0,0,0
1121461,0,0,0
1121567,0,0,0
1121672,0,0,0
1121756,0,0,0
1121847,0,0,0
1121932,0,0,0
1122028,0,0,0
1122153,0,0,0
1122265,0,0,0
1122351,0,0,0
1122455,0,0,0
1122545,0,0,0
1122667,0,0,0
1122750,0,0,0
1122858,0,0,0
1122962,0,0,0
1123043,0,0,0
1123163,0,0,0
1123273,0,0,0
1123376,0,0,0
1123459,0,0,0
1123560,0,0,0
1123652,0,0,0
1123764,0,0,0
1123856,0,0,0
1123947,0,0,0
1124037,0,0,0
1124143,0,0,0
1124247,0,0,0
1124325,0,0,0
1124440,0,0,0
1124531,0,0,0
1124637,0,0,0
1124736,0,0,0
1124828,0,0,0
1124920,0,0,0
1125009,0,0,0
1125098,0,0,0
1125190,0,0,0
1125278,0,0,0
1125377,0,0,0
1125455,0,0,0
1125532,0,0,0
1125611,0,0,0
1125728,0,0,0
1125812,0,0,0
1125927,0,0,0
1126039,0,0,0
1126122,0,0,0
1126224,0,0,0
1126314,0,0,0
1126413,0,0,0
1126495,0,0,0
1126595,0,0,0
1126705,0,0,0
1126815,0,0,0
1126905,0,0,0
1127029,0,0,0
1127108,0,0,0
1127196,0,0,0
1127301,0,0,0
1127399,0,0,0
1127504,0,0,0
1127598,0,0,0
1127668,0,0,0
1127774,0,0,0
1127868,0,0,0
1127962,0,0,0
1128064,0,0,0
1128162,0,0,0
1128251,0,0,0
1128341,0,0,0
1128426,0,0,0
1128523,0,0,0
1128599,0,0,0
1128691,0,0,0
1128779,0,0,0
1128887,0,0,0
1128989,0,0,0
1129085,0,0,0
1129199,0,0,0
1129283,0,0,0
1129372,0,0,0
1129491,0,0,0
1129591,0,0,0
1129696,0,0,0
1129800,0,0,0
1129916,0,0,0
1130023,0,0,0
1130138,0,0,0
1130247,0,0,0
1130357,0,0,0
1130456,0,0,0
1130560,0,0,0
1130646,0,0,0
1130739,0,0,0
1130831,0,0,0
1130922,0,0,0
1131025,0,0,0
1131118,0,0,0
1131232,0,0,0
1131326,0,0,0
1131406,0,0,0
1131492,0,0,0
1131591,0,0,0
1131690,0,0,0
1131774,0,0,0
1131879,0,0,0
1131968,0,0,0
1132063,0,0,0
1132148,0,0,0
1132261,0,0,0
1132346,0,0,0
1132445,0,0,0
1132536,0,0,0
1132622,0,0,0
1132711,0,0,0
1132809,0,0,0
1132900,0,0,0
1132993,0,0,0
1133074,0,0,0
1133142,0,0,0
1133233,0,0,0
1133321,0,0,0
1133425,0,0,0
1133515,0,0,0
1133616,0,0,0
1133708,0,0,0
1133822,0,0,0
1133928,0,0,0
1134040,0,0,0
1134170,0,0,0
1134265,0,0,0
1134360,0,0,0
1134447,0,0,0
1134529,0,0,0
1134640,0,0,0
1134722,0,0,0
1134813,0,0,0
1134921,0,0,0
1135018,0,0,0
1135132,0,0,0
1135215,0,0,0
1135325,0,0,0
1135430,0,0,0
1135519,0,0,0
1135599,0,0,0
1135676,0,0,0
1135794,0,0,0
1135917,0,0,0
1136014,0,0,0
1136109,0,0,0
1136210,0,0,0
1136300,0,0,0
1136408,0,0,0
1136491,0,0,0
1136616,0,0,0
1136697,0,0,0
1136796,0,0,0
1136887,0,0,0
1137006,0,0,0
1137093,0,0,0
1137211,0,0,0
1137286,0,0,0
1137415,0,0,0
1137530,0,0,0
1137619,0,0,0
1137696,0,0,0
1137792,0,0,0
1137894,0,0,0
1137992,0,0,0
1138091,0,0,0
1138195,0,0,0
1138275,0,0,0
1138392,0,0,0
1138480,0,0,0
1138575,0,0,0
1138656,0,0,0
1138772,0,0,0
1138856,0,0,0
1138959,0,0,0
1139055,0,0,0
1139155,0,0,0
1139256,0,0,0
1139353,0,0,0
1139443,0,0,0
1139527,0,0,0
1139600,0,0,0
1139707,0,0,0
1139775,0,0,0
1139880,0,0,0
1139965,0,0,0
1140065,0,0,0
1140157,0,0,0
1140235,0,0,0
1140332,0,0,0
1140426,0,0,0
1140523,0,0,0
1140611,0,0,0
1140706,0,0,0
1140819,0,0,0
1140887,0,0,0
1140965,0,0,0
1141076,0,0,0
1141173,0,0,0
1141271,0,0,0
1141371,0,0,0
1141474,0,0,0
1141563,0,0,0
1141668,0,0,0
1141767,0,0,0
1141847,0,0,0
1141958,0,0,0
1142060,0,0,0
1142146,0,0,0
1142229,0,0,0
1142341,0,0,0
1142453,0,0,0
1142542,0,0,0
1142630,0,0,0
1142720,0,0,0
1142813,0,0,0
1142901,0,0,0
1142998,0,0,0
1143115,0,0,0
1143207,0,0,0
1143321,0,0,0
1143418,0,0,0
1143529,0,0,0
1143640,0,0,0
1143750,0,0,0
1143864,0,0,0
1143966,0,0,0
1144044,0,0,0
1144167,0,0,0
1144263,0,0,0
1144378,0,0,0
1144456,0,0,0
1144543,0,0,0
1144653,0,0,0
1144767,0,0,0
1144856,0,0,0
1144959,0,0,0
1145050,0,0,0
1145163,0,0,0
1145252,0,0,0
1145363,0,0,0
1145460,0,0,0
1145573,0,0,0
1145679,0,0,0
1145772,0,0,0
1145856,0,0,0
1145954,0,0,0
1146049,0,0,0
1146143,0,0,0
1146256,0,0,0
1146361,0,0,0
1146467,0,0,0
1146557,0,0,0
1146675,0,0,0
1146766,0,0,0
1146866,0,0,0
1146961,0,0,0
1147064,0,0,0
1147139,0,0,0
1147223,0,0,0
1147326,0,0,0
1147424,0,0,0
1147533,0,0,0
1147644,0,0,0
1147775,0,0,0
1147880,0,0,0
1147972,0,0,0
1148074,0,0,0
1148161,0,0,0
1148261,0,0,0
1148342,0,0,0
1148433,0,0,0
1148533,0,0,0
1148643,0,0,0
1148747,0,0,0
1148832,0,0,0
1148922,0,0,0
1149013,0,0,0
1149119,0,0,0
1149190,0,0,0
1149314,0,0,0
1149412,0,0,0
1149498,0,0,0
1149583,0,0,0
1149681,0,0,0
1149795,0,0,0
1149900,0,0,0
1150012,0,0,0
1150123,0,0,0
1150242,0,0,0
1150333,0,0,0
1150437,0,0,0
1150536,0,0,0
1150632,0,0,0
1150737,0,0,0
1150835,0,0,0
1150923,0,0,0
1151022,0,0,0
1151103,0,0,0
1151172,0,0,0
1151272,0,0,0
1151363,0,0,0
1151466,0,0,0
1151579,0,0,0
1151689,0,0,0
1151794,0,0,0
1151867,0,0,0
1151947,0,0,0
1152055,0,0,0
1152151,0,0,0
1152226,0,0,0
1152324,0,0,0
1152402,0,0,0
1152517,0,0,0
1152620,0,0,0
1152724,0,0,0
1152861,0,0,0
1153002,0,0,0
1153108,0,0,0
1153203,0,0,0
1153278,0,0,0
1153380,0,0,0
1153464,0,0,0
1153537,0,0,0
1153634,0,0,0
1153715,0,0,0
1153804,0,0,0
1153906,0,0,0
1153993,0,0,0
1154088,0,0,0
1154186,0,0,0
1154286,0,0,0
1154405,0,0,0
1154495,0,0,0
1154589,0,0,0
1154746,0,0,0
1154833,0,0,0
1154965,0,0,0
1155081,0,0,0
1155166,0,0,0
1155266,0,0,0
1155374,0,0,0
1155468,0,0,0
1155564,0,0,0
1155646,0,0,0
1155741,0,0,0
1155848,0,0,0
1155942,0,0,0
1156052,0,0,0
1156150,0,0,0
1156243,0,0,0
1156350,0,0,0
1156498,0,0,0
1156590,0,0,0
1156691,0,0,0
1156793,0,0,0
1156871,0,0,0
1156953,0,0,0
1157057,0,0,0
1157138,0,0,0
1157235,0,0,0
1157328,0,0,0
1157422,0,0,0
1157547,0,0,0
1157653,0,0,0
1157755,0,0,0
1157871,0,0,0
1157974,0,0,0
1158085,0,0,0
1158193,0,0,0
1158292,0,0,0
1158390,0,0,0
1158499,0,0,0
1158615,0,0,0
1158699,0,0,0
1158776,0,0,0
1158866,0,0,0
1158944,0,0,0
1159039,0,0,0
1159142,0,0,0
1159234,0,0,0
1159326,0,0,0
1159417,0,0,0
1159513,0,0,0
1159611,0,0,0
1159726,0,0,0
1159822,0,0,0
1159921,0,0,0
1160042,0,0,0
1160168,0,0,0
1160252,0,0,0
1160353,0,0,0
1160458,0,0,0
1160560,0,0,0
1160643,0,0,0
1160747,0,0,0
1160856,0,0,0
1160940,0,0,0
1161072,0,0,0
1161184,0,0,0
1161270,0,0,0
1161358,0,0,0
1161507,0,0,0
1161612,0,0,0
1161708,0,0,0
1161814,0,0,0
1161904,0,0,0
1162013,0,0,0
1162124,0,0,0
1162219,0,0,0
1162309,0,0,0
1162411,0,0,0
1162542,0,0,0
1162637,0,0,0
1162741,0,0,0
1162853,0,0,0
1162930,0,0,0
1163006,0,0,0
1163112,0,0,0
1163223,0,0,0
1163333,0,0,0
1163440,0,0,0
1163520,0,0,0
1163620,0,0,0
1163717,0,0,0
1163800,0,0,0
1163938,0,0,0
1164014,0,0,0
1164093,0,0,0
1164185,0,0,0
1164268,0,0,0
1164371,0,0,0
1164455,0,0,0
1164534,0,0,0
1164627,0,0,0
1164725,0,0,0
1164822,0,0,0
1164933,0,0,0
1165070,0,0,0
1165151,0,0,0
1165276,0,0,0
1165353,0,0,0
1165465,0,0,0
1165539,0,0,0
1165633,0,0,0
1165734,0,0,0
1165814,0,0,0
1165929,0,0,0
1166028,0,0,0
1166130,0,0,0
1166234,0,0,0
1166347,0,0,0
1166416,0,0,0
1166527,0,0,0
1166626,0,0,0
1166702,0,0,0
1166778,0,0,0
1166865,0,0,0
1166952,0,0,0
1167052,0,0,0
1167148,0,0,0
1167238,0,0,0
1167328,0,0,0
1167436,0,0,0
1167536,0,0,0
1167600,0,0,0
1167684,0,0,0
1167806,0,0,0
1167879,0,0,0
1167983,0,0,0
1168074,0,0,0
1168176,0,0,0
1168279,0,0,0
1168372,0,0,0
1168461,0,0,0
1168538,0,0,0
1168629,0,0,0
1168724,0,0,0
1168805,0,0,0
1168897,0,0,0
1169002,0,0,0
1169082,0,0,0
1169192,0,0,0
1169284,0,0,0
1169392,0,0,0
1169496,0,0,0
1169587,0,0,0
1169697,0,0,0
1169830,0,0,0
1169938,0,0,0
1170030,0,0,0
1170109,0,0,0
1170241,0,0,0
1170347,0,0,0
1170454,0,0,0
1170566,0,0,0
1170677,0,0,0
1170762,0,0,0
1170887,0,0,0
1170988,0,0,0
1171117,0,0,0
1171220,0,0,0
1171350,0,0,0
1171456,0,0,0
1171560,0,0,0
1171640,0,0,0
1171732,0,0,0
1171837,0,0,0
1171946,0,0,0
1172049,0,0,0
1172164,0,0,0
1172253,0,0,0
1172333,0,0,0
1172434,0,0,0
1172523,0,0,0
1172605,0,0,0
1172691,0,0,0
1172779,0,0,0
1172884,0,0,0
1172995,0,0,0
1173101,0,0,0
1173204,0,0,0
1173300,0,0,0
1173383,0,0,0
1173498,0,0,0
1173564,0,0,0
1173658,0,0,0
1173756,0,0,0
1173860,0,0,0
1173955,0,0,0
1174048,0,0,0
1174142,0,0,0
1174306,0,0,0
1174377,0,0,0
1174487,0,0,0
1174564,0,0,0
1174670,0,0,0
1174771,0,0,0
1174879,0,0,0
1174982,0,0,0
1175065,0,0,0
1175163,0,0,0
1175275,0,0,0
1175419,0,0,0
1175517,0,0,0
1175603,0,0,0
1175678,0,0,0
1175769,0,0,0
1175863,0,0,0
1175980,0,0,0
1176086,0,0,0
1176189,0,0,0
1176286,0,0,0
1176385,0,0,0
1176480,0,0,0
1176556,0,0,0
1176657,0,0,0
1176759,0,0,0
1176869,0,0,0
1176944,0,0,0
1177041,0,0,0
1177128,0,0,0
1177229,0,0,0
1177348,0,0,0
1177436,0,0,0
1177529,0,0,0
1177616,0,0,0
1177708,0,0,0
1177816,0,0,0
1177927,0,0,0
1178031,0,0,0
1178131,0,0,0
1178221,0,0,0
1178333,0,0,0
1178408,0,0,0
1178500,0,0,0
1178606,0,0,0
1178695,0,0,0
1178809,0,0,0
1178891,0,0,0
1178993,0,0,0
1179075,0,0,0
1179154,0,0,0
1179266,0,0,0
1179390,0,0,0
1179516,0,0,0
1179595,0,0,0
1179681,0,0,0
1179776,0,0,0
1179876,0,0,0
1179982,0,0,0
1180066,0,0,0
1180168,0,0,0
1180269,0,0,0
1180369,0,0,0
1180469,0,0,0
1180557,0,0,0
1180662,0,0,0
1180805,0,0,0
1180896,0,0,0
1181002,0,0,0
1181120,0,0,0
1181215,0,0,0
1181294,0,0,0
1181376,0,0,0
1181462,0,0,0
1181556,0,0,0
1181702,0,0,0
1181814,0,0,0
1181900,0,0,0
1181998,0,0,0
1182075,0,0,0
1182175,0,0,0
1182276,0,0,0
1182392,0,0,0
1182498,0,0,0
1182599,0,0,0
1182691,0,0,0
1182786,0,0,0
1182885,0,0,0
1182985,0,0,0
1183091,0,0,0
1183179,0,0,0
1183285,0,0,0
1183353,0,0,0
1183469,0,0,0
1183563,0,0,0
1183681,0,0,0
1183766,0,0,0
1183875,0,0,0
1183962,0,0,0
1184061,0,0,0
1184157,0,0,0
1184256,0,0,0
1184353,0,0,0
1184437,0,0,0
1184548,0,0,0
1184649,0,0,0
1184738,0,0,0
1184904,0,0,0
1185043,0,0,0
1185122,0,0,0
1185213,0,0,0
1185309,0,0,0
1185412,0,0,0
1185492,0,0,0
1185602,0,0,0
1185735,0,0,0
1185818,0,0,0
1185904,0,0,0
1186004,0,0,0
1186103,0,0,0
1186202,0,0,0
1186278,0,0,0
1186374,0,0,0
1186474,0,0,0
1186614,0,0,0
1186691,0,0,0
1186801,0,0,0
1186901,0,0,0
1187003,0,0,0
1187079,0,0,0
1187185,0,0,0
1187275,0,0,0
1187390,0,0,0
1187503,0,0,0
1187602,0,0,0
1187709,0,0,0
1187821,0,0,0
1187921,0,0,0
1188047,0,0,0
1188152,0,0,0
1188254,0,0,0
1188354,0,0,0
1188459,0,0,0
1188559,0,0,0
1188657,0,0,0
1188742,0,0,0
1188850,0,0,0
1189007,0,0,0
1189105,0,0,0
1189202,0,0,0
1189307,0,0,0
1189423,0,0,0
1189546,0,0,0
1189641,0,0,0
1189746,0,0,0
1189843,0,0,0
1189937,0,0,0
1190051,0,0,0
1190149,0,0,0
1190252,0,0,0
1190344,0,0,0
1190438,0,0,0
1190536,0,0,0
1190614,0,0,0
1190730,0,0,0
1190834,0,0,0
1190931,0,0,0
1191040,0,0,0
1191147,0,0,0
1191235,0,0,0
1191330,0,0,0
1191414,0,0,0
1191505,0,0,0
1191617,0,0,0
1191697,0,0,0
1191784,0,0,0
1191896,0,0,0
1191996,0,0,0
1192105,0,0,0
1192242,0,0,0
1192351,0,0,0
1192451,0,0,0
1192546,0,0,0
1192640,0,0,0
1192746,0,0,0
1192851,0,0,0
1192955,0,0,0
1193045,0,0,0
1193147,0,0,0
1193254,0,0,0
1193340,0,0,0
1193428,0,0,0
1193524,0,0,0
1193627,0,0,0
1193748,0,0,0
1193831,0,0,0
1193926,0,0,0
1194054,0,0,0
1194152,0,0,0
1194264,0,0,0
1194388,0,0,0
1194508,0,0,0
1194597,0,0,0
1194700,0,0,0
1194779,0,0,0
1194865,0,0,0
1194945,0,0,0
1195036,0,0,0
1195124,0,0,0
1195236,0,0,0
1195327,0,0,0
1195421,0,0,0
1195510,0,0,0
1195611,0,0,0
1195703,0,0,0
1195782,0,0,0
1195887,0,0,0
1196011,0,0,0
1196097,0,0,0
1196194,0,0,0
1196291,0,0,0
1196388,0,0,0
1196473,0,0,0
1196570,0,0,0
1196670,0,0,0
1196784,0,0,0
1196893,0,0,0
1197012,0,0,0
1197105,0,0,0
1197199,0,0,0
1197317,0,0,0
1197409,0,0,0
1197491,0,0,0
1197578,0,0,0
1197696,0,0,0
1197802,0,0,0
1197898,0,0,0
1198003,0,0,0
1198089,0,0,0
1198162,0,0,0
1198257,0,0,0
1198352,0,0,0
1198443,0,0,0
1198535,0,0,0
1198634,0,0,0
1198728,0,0,0
1198834,0,0,0
1198911,0,0,0
1199015,0,0,0
1199115,0,0,0
1199220,0,0,0
1199318,0,0,0
1199430,0,0,0
1199562,0,0,0
1199658,0,0,0
1199773,0,0,0
1199885,0,0,0
1199965,0,0,0
1200104,0,0,0
1200217,0,0,0
1200320,0,0,0
1200408,0,0,0
1200519,0,0,0
1200616,0,0,0
1200726,0,0,0
1200834,0,0,0
1200953,0,0,0
1201048,0,0,0
1201146,0,0,0
1201251,0,0,0
1201350,0,0,0
1201468,0,0,0
1201572,0,0,0
1201667,0,0,0
1201759,0,0,0
1201843,0,0,0
1201939,0,0,0
1202038,0,0,0
1202130,0,0,0
1202233,0,0,0
1202318,0,0,0
1202413,0,0,0
1202499,0,0,0
1202582,0,0,0
1202676,0,0,0
1202766,0,0,0
1202876,0,0,0
1202964,0,0,0
1203055,0,0,0
1203144,0,0,0
1203234,0,0,0
1203354,0,0,0
1203433,0,0,0
1203535,0,0,0
1203635,0,0,0
1203743,0,0,0
1203837,0,0,0
1203949,0,0,0
1204065,0,0,0
1204170,0,0,0
1204260,0,0,0
1204354,0,0,0
1204453,0,0,0
1204564,0,0,0
1204654,0,0,0
1204737,0,0,0
1204834,0,0,0
1205032,0,0,0
1205124,0,0,0
1205226,0,0,0
1205329,0,0,0
1205413,0,0,0
1205531,0,0,0
1205628,0,0,0
1205713,0,0,0
1205821,0,0,0
1205902,0,0,0
1205999,0,0,0
1206109,0,0,0
1206206,0,0,0
1206313,0,0,0
1206407,0,0,0
1206521,0,0,0
1206614,0,0,0
1206694,0,0,0
1206772,0,0,0
1206870,0,0,0
1206968,0,0,0
1207109,0,0,0
1207189,0,0,0
1207289,0,0,0
1207381,0,0,0
1207492,0,0,0
1207579,0,0,0
1207668,0,0,0
1207771,0,0,0
1207858,0,0,0
1207982,0,0,0
1208068,0,0,0
1208196,0,0,0
1208294,0,0,0
1208397,0,0,0
1208488,0,0,0
1208593,0,0,0
1208712,0,0,0
1208814,0,0,0
1208909,0,0,0
1208995,0,0,0
1209086,0,0,0
1209180,0,0,0
1209301,0,0,0
1209393,0,0,0
1209467,0,0,0
1209580,0,0,0
1209660,0,0,0
1209755,0,0,0
1209846,0,0,0
1209942,0,0,0
1210044,0,0,0
1210146,0,0,0
1210253,0,0,0
1210343,0,0,0
1210431,0,0,0
1210503,0,0,0
1210591,0,0,0
1210680,0,0,0
1210771,0,0,0
1210859,0,0,0
1210953,0,0,0
1211067,0,0,0
1211163,0,0,0
1211266,0,0,0
1211370,0,0,0
1211454,0,0,0
1211548,0,0,0
1211641,0,0,0
1211735,0,0,0
1211833,0,0,0
1211922,0,0,0
1212032,0,0,0
1212137,0,0,0
1212237,0,0,0
1212332,0,0,0
1212426,0,0,0
1212521,0,0,0
1212634,0,0,0
1212731,0,0,0
1212830,0,0,0
1212934,0,0,0
1213030,0,0,0
1213114,0,0,0
1213243,0,0,0
1213341,0,0,0
1213435,0,0,0
1213541,0,0,0
1213629,0,0,0
1213727,0,0,0
1213820,0,0,0
1213928,0,0,0
1214017,0,0,0
1214115,0,0,0
1214200,0,0,0
1214324,0,0,0
1214423,0,0,0
1214515,0,0,0
1214610,0,0,0
1214751,0,0,0
1214848,0,0,0
1214966,0,0,0
1215047,0,0,0
1215134,0,0,0
1215241,0,0,0
1215339,0,0,0
1215434,0,0,0
1215550,0,0,0
1215644,0,0,0
1215756,0,0,0
1215855,0,0,0
1215977,0,0,0
1216061,0,0,0
1216155,0,0,0
1216250,0,0,0
1216346,0,0,0
1216458,0,0,0
1216561,0,0,0
1216680,0,0,0
1216788,0,0,0
1216884,0,0,0
1217018,0,0,0
1217093,0,0,0
1217213,0,0,0
1217307,0,0,0
1217389,0,0,0
1217465,0,0,0
1217584,0,0,0
1217684,0,0,0
1217769,0,0,0
1217860,0,0,0
1217961,0,0,0
1218039,0,0,0
1218126,0,0,0
1218208,0,0,0
1218326,0,0,0
1218444,0,0,0
1218533,0,0,0
1218630,0,0,0
1218733,0,0,0
1218805,0,0,0
1218899,0,0,0
1219032,0,0,0
1219108,0,0,0
1219223,0,0,0
1219306,0,0,0
1219382,0,0,0
1219499,0,0,0
1219595,0,0,0
1219706,0,0,0
1219804,0,0,0
1219886,0,0,0
1219984,0,0,0
1220063,0,0,0
1220178,0,0,0
1220308,0,0,0
1220396,0,0,0
1220509,0,0,0
1220597,0,0,0
1220675,0,0,0
1220773,0,0,0
1220857,0,0,0
1220955,0,0,0
1221055,0,0,0
1221138,0,0,0
1221236,0,0,0
1221337,0,0,0
1221441,0,0,0
1221527,0,0,0
1221622,0,0,0
1221724,0,0,0
1221812,0,0,0
1221901,0,0,0
1221983,0,0,0
1222063,0,0,0
1222197,0,0,0
1222297,0,0,0
1222409,0,0,0
1222517,0,0,0
1222609,0,0,0
1222720,0,0,0
1222820,0,0,0
1222934,0,0,0
1223023,0,0,0
1223149,0,0,0
1223237,0,0,0
1223327,0,0,0
1223411,0,0,0
1223504,0,0,0
1223581,0,0,0
1223683,0,0,0
1223773,0,0,0
1223857,0,0,0
1223972,0,0,0
1224050,0,0,0
1224128,0,0,0
1224228,0,0,0
1224322,0,0,0
1224403,0,0,0
1224558,0,0,0
1224649,0,0,0
1224761,0,0,0
1224844,0,0,0
1224940,0,0,0
1225052,0,0,0
1225161,0,0,0
1225270,0,0,0
1225342,0,0,0
1225450,0,0,0
1225537,0,0,0
1225632,0,0,0
1225732,0,0,0
1225843,0,0,0
1225937,0,0,0
1226047,0,0,0
1226138,0,0,0
1226234,0,0,0
1226339,0,0,0
1226458,0,0,0
1226538,0,0,0
1226642,0,0,0
1226732,0,0,0
1226832,0,0,0
1226952,0,0,0
1227023,0,0,0
1227106,0,0,0
1227211,0,0,0
1227290,0,0,0
1227372,0,0,0
1227501,0,0,0
1227598,0,0,0
1227681,0,0,0
1227788,0,0,0
1227904,0,0,0
1228000,0,0,0
1228084,0,0,0
1228195,0,0,0
1228281,0,0,0
1228374,0,0,0
1228485,0,0,0
1228582,0,0,0
1228666,0,0,0
1228775,0,0,0
1228865,0,0,0
1228952,0,0,0
1229060,0,0,0
1229140,0,0,0
1229259,0,0,0
1229367,0,0,0
1229463,0,0,0
1229548,0,0,0
1229634,0,0,0
1229717,0,0,0
1229813,0,0,0
1229905,0,0,0
1229999,0,0,0
1230095,0,0,0
1230206,0,0,0
1230316,0,0,0
1230406,0,0,0
1230512,0,0,0
1230613,0,0,0
1230708,0,0,0
1230805,0,0,0
1230892,0,0,0
1230983,0,0,0
1231086,0,0,0
1231195,0,0,0
1231286,0,0,0
1231395,0,0,0
1231484,0,0,0
1231571,0,0,0
1231667,0,0,0
1231754,0,0,0
1231849,0,0,0
1231962,0,0,0
1232066,0,0,0
1232171,0,0,0
1232255,0,0,0
1232365,0,0,0
1232493,0,0,0
1232574,0,0,0
1232676,0,0,0
1232760,0,0,0
1232840,0,0,0
1232931,0,0,0
1233035,0,0,0
1233115,0,0,0
1233230,0,0,0
1233314,0,0,0
1233404,0,0,0
1233496,0,0,0
1233583,0,0,0
1233664,0,0,0
1233776,0,0,0
1233862,0,0,0
1233951,0,0,0
1234058,0,0,0
1234160,0,0,0
1234252,0,0,0
1234350,0,0,0
1234452,0,0,0
1234545,0,0,0
1234658,0,0,0
1234748,0,0,0
1234854,0,0,0
1234968,0,0,0
1235047,0,0,0
1235134,0,0,0
1235277,0,0,0
1235378,0,0,0
1235470,0,0,0
1235567,0,0,0
1235668,0,0,0
1235753,0,0,0
1235850,0,0,0
1235921,0,0,0
1236027,0,0,0
1236129,0,0,0
1236213,0,0,0
1236306,0,0,0
1236385,0,0,0
1236471,0,0,0
1236573,0,0,0
1236669,0,0,0
1236754,0,0,0
1236846,0,0,0
1236926,0,0,0
1237027,0,0,0
1237114,0,0,0
1237207,0,0,0
1237302,0,0,0
1237402,0,0,0
1237492,0,0,0
1237581,0,0,0
1237680,0,0,0
1237776,0,0,0
1237858,0,0,0
1237985,0,0,0
1238079,0,0,0
1238174,0,0,0
1238300,0,0,0
1238382,0,0,0
1238492,0,0,0
1238582,0,0,0
1238696,0,0,0
1238790,0,0,0
1238877,0,0,0
1238996,0,0,0
1239090,0,0,0
1239179,0,0,0
1239261,0,0,0
1239358,0,0,0
1239453,0,0,0
1239546,0,0,0
1239628,0,0,0
1239712,0,0,0
1239828,0,0,0
1239933,0,0,0
1240011,0,0,0
1240093,0,0,0
1240172,0,0,0
1240251,0,0,0
1240328,0,0,0
1240449,0,0,0
1240530,0,0,0
1240632,0,0,0
1240712,0,0,0
1240801,0,0,0
1240877,0,0,0
1240980,0,0,0
1241084,0,0,0
1241195,0,0,0
1241288,0,0,0
1241376,0,0,0
1241497,0,0,0
1241558,0,0,0
1241669,0,0,0
1241774,0,0,0
1241864,0,0,0
1241955,0,0,0
1242058,0,0,0
1242187,0,0,0
1242288,0,0,0
1242390,0,0,0
1242468,0,0,0
1242572,0,0,0
1242655,0,0,0
1242749,0,0,0
1242828,0,0,0
1242924,0,0,0
1243004,0,0,0
1243102,0,0,0
1243198,0,0,0
1243283,0,0,0
1243401,0,0,0
1243504,0,0,0
1243581,0,0,0
1243674,0,0,0
1243767,0,0,0
1243862,0,0,0
1243954,0,0,0
1244049,0,0,0
1244160,0,0,0
1244262,0,0,0
1244345,0,0,0
1244440,0,0,0
1244548,0,0,0
1244636,0,0,0
1244733,0,0,0
1244822,0,0,0
1244912,0,0,0
1244994,0,0,0
1245111,0,0,0
1245222,0,0,0
1245377,0,0,0
1245488,0,0,0
1245572,0,0,0
1245688,0,0,0
1245775,0,0,0
1245881,0,0,0
1245990,0,0,0
1246066,0,0,0
1246172,0,0,0
1246272,0,0,0
1246391,0,0,0
1246482,0,0,0
1246610,0,0,0
1246718,0,0,0
1246812,0,0,0
1246915,0,0,0
1247036,0,0,0
1247142,0,0,0
1247225,0,0,0
1247319,0,0,0
1247408,0,0,0
1247505,0,0,0
1247597,0,0,0
1247749,0,0,0
1247834,0,0,0
1247941,0,0,0
1248019,0,0,0
1248124,0,0,0
1248206,0,0,0
1248304,0,0,0
1248388,0,0,0
1248479,0,0,0
1248562,0,0,0
1248671,0,0,0
1248763,0,0,0
1248857,0,0,0
1248955,0,0,0
1249039,0,0,0
1249133,0,0,0
1249222,0,0,0
1249324,0,0,0
1249425,0,0,0
1249529,0,0,0
1249611,0,0,0
1249709,0,0,0
1249803,0,0,0
1249922,0,0,0
1250004,0,0,0
1250092,0,0,0
1250164,0,0,0
1250264,0,0,0
1250371,0,0,0
1250454,0,0,0
1250545,0,0,0
1250628,0,0,0
1250710,0,0,0
1250814,0,0,0
1250908,0,0,0
1251007,0,0,0
1251091,0,0,0
1251169,0,0,0
1251256,0,0,0
1251343,0,0,0
1251447,0,0,0
1251548,0,0,0
1251630,0,0,0
1251710,0,0,0
1251816,0,0,0
1251903,0,0,0
1252006,0,0,0
1252106,0,0,0
1252206,0,0,0
1252303,0,0,0
1252377,0,0,0
1252450,0,0,0
1252543,0,0,0
1252647,0,0,0
1252733,0,0,0
1252829,0,0,0
1252926,0,0,0
1253020,0,0,0
1253130,0,0,0
1253226,0,0,0
1253315,0,0,0
1253403,0,0,0
1253538,0,0,0
1253641,0,0,0
1253739,0,0,0
1253823,0,0,0
1253959,0,0,0
1254053,0,0,0
1254144,0,0,0
1254241,0,0,0
1254342,0,0,0
1254445,0,0,0
1254525,0,0,0
1254624,0,0,0
1254710,0,0,0
1254802,0,0,0
1254893,0,0,0
1254992,0,0,0
1255088,0,0,0
1255177,0,0,0
1255283,0,0,0
1255397,0,0,0
1255514,0,0,0
1255588,0,0,0
1255687,0,0,0
1255811,0,0,0
1255893,0,0,0
1255961,0,0,0
1256089,0,0,0
1256180,0,0,0
1256285,0,0,0
1256381,0,0,0
1256490,0,0,0
1256597,0,0,0
1256694,0,0,0
1256774,0,0,0
1256862,0,0,0
1256937,0,0,0
1257033,0,0,0
1257127,0,0,0
1257210,0,0,0
1257314,0,0,0
1257397,0,0,0
1257512,0,0,0
1257632,0,0,0
1257710,0,0,0
1257794,0,0,0
1257887,0,0,0
1257963,0,0,0
1258068,0,0,0
1258178,0,0,0
1258275,0,0,0
1258403,0,0,0
1258504,0,0,0
1258609,0,0,0
1258705,0,0,0
1258800,0,0,0
1258907,0,0,0
1259002,0,0,0
1259119,0,0,0
1259203,0,0,0
1259317,0,0,0
1259421,0,0,0
1259531,0,0,0
1259636,0,0,0
1259732,0,0,0
1259822,0,0,0
1259914,0,0,0
1260007,0,0,0
1260099,0,0,0
1260213,0,0,0
1260300,0,0,0
1260388,0,0,0
1260521,0,0,0
1260628,0,0,0
1260730,0,0,0
1260833,0,0,0
1260921,0,0,0
1261024,0,0,0
1261136,0,0,0
1261219,0,0,0
1261326,0,0,0
1261425,0,0,0
1261539,0,0,0
1261620,0,0,0
1261705,0,0,0
1261811,0,0,0
1261929,0,0,0
1262023,0,0,0
1262116,0,0,0
1262220,0,0,0
1262390,0,0,0
1262473,0,0,0
1262560,0,0,0
1262670,0,0,0
1262758,0,0,0
1262851,0,0,0
1262929,0,0,0
1263075,0,0,0
1263157,0,0,0
1263287,0,0,0
1263372,0,0,0
1263475,0,0,0
1263582,0,0,0
1263694,0,0,0
1263786,0,0,0
1263872,0,0,0
1263950,0,0,0
1264033,0,0,0
1264120,0,0,0
1264200,0,0,0
1264290,0,0,0
1264384,0,0,0
1264485,0,0,0
1264583,0,0,0
1264677,0,0,0
1264818,0,0,0
1264927,0,0,0
1265030,0,0,0
1265131,0,0,0
1265208,0,0,0
1265313,0,0,0
1265410,0,0,0
1265507,0,0,0
1265588,0,0,0
1265689,0,0,0
1265769,0,0,0
1265879,0,0,0
1265979,0,0,0
1266093,0,0,0
1266207,0,0,0
1266303,0,0,0
1266403,0,0,0
1266496,0,0,0
1266604,0,0,0
1266709,0,0,0
1266803,0,0,0
1266912,0,0,0
1266999,0,0,0
1267108,0,0,0
1267189,0,0,0
1267296,0,0,0
1267384,0,0,0
1267480,0,0,0
1267567,0,0,0
1267673,0,0,0
1267760,0,0,0
1267861,0,0,0
1267950,0,0,0
1268058,0,0,0
1268133,0,0,0
1268219,0,0,0
1268316,0,0,0
1268414,0,0,0
1268513,0,0,0
1268595,0,0,0
1268674,0,0,0
1268773,0,0,0
1268886,0,0,0
1268967,0,0,0
1269045,0,0,0
1269145,0,0,0
1269237,0,0,0
1269326,0,0,0
1269414,0,0,0
1269494,0,0,0
1269600,0,0,0
1269716,0,0,0
1269803,0,0,0
1269878,0,0,0
1269969,0,0,0
1270074,0,0,0
1270188,0,0,0
1270283,0,0,0
1270363,0,0,0
1270468,0,0,0
1270563,0,0,0
1270658,0,0,0
1270775,0,0,0
1270875,0,0,0
1270967,0,0,0
1271064,0,0,0
1271177,0,0,0
1271259,0,0,0
1271342,0,0,0
1271449,0,0,0
1271537,0,0,0
1271625,0,0,0
1271711,0,0,0
1271798,0,0,0
1271900,0,0,0
1271979,0,0,0
1272077,0,0,0
1272178,0,0,0
1272278,0,0,0
1272376,0,0,0
1272486,0,0,0
1272572,0,0,0
1272670,0,0,0
1272779,0,0,0
1272887,0,0,0
1272987,0,0,0
1273069,0,0,0
1273158,0,0,0
1273260,0,0,0
1273366,0,0,0
1273473,0,0,0
1273553,0,0,0
1273631,0,0,0
1273764,0,0,0
1273865,0,0,0
1273964,0,0,0
1274067,0,0,0
1274180,0,0,0
1274320,0,0,0
1274397,0,0,0
0,0,0,0
0,0,0,0
0,0,0,0
0,0,0,0
0,0,0,0
0,0,0,0
0,0,0,0
0,0,0,0
0,0,0,0
0,0,0,0
0,0,0,0
0,0,0,0
0,0,0,0
0,0,0,0
0,0,0,0
0,0,0,0
0,0,0,0
0,0,0,0
0,0,0,0
0,0,0,0
0,0,0,0
0,0,0,0
0,0,0,0
0,0,0,0
0,0,0,0
0,0,0,0
0,0,0,0
0,0,0,0
0,0,0,0
0,0,0,0
0,0,0,0
0,0,0,0
0,0,0,0
0,0,0,0
0,0,0,0
0,0,0,0
0,0,0,0
0,0,0,0
0,0,0,0
0,0,0,0
0,0,0,0
0,0,0,0
0,0,0,0
0,0,0,0
0,0,0,0
0,0,0,0
0,0,0,0
0,0,0,0
0,0,0,0
0,0,0,0
0,0,0,0
0,0,0,0
0,0,0,0
0,0,0,0
0,0,0,0
0,0,0,0
0,0,0,0
0,0,0,0
0,0,0,0
0,0,0,0
0,0,0,0
0,0,0,0
0,0,0,0
0,0,0,0
0,0,0,0
0,0,0,0
0,0,0,0
0,0,0,0
0,0,0,0
0,0,0,0
0,0,0,0
0,0,0,0
0,0,0,0
0,0,0,0
0,0,0,0
0,0,0,0
0,0,0,0
0,0,0,0
0,0,0,0
0,0,0,0
0,0,0,0
0,0,0,0
0,0,0,0
0,0,0,0
0,0,0,0
0,0,0,0
0,0,0,0
0,0,0,0
0,0,0,0
0,0,0,0
0,0,0,0
0,0,0,0
0,0,0,0
0,0,0,0
0,0,0,0
0,0,0,0
0,0,0,0
0,0,0,0
0,0,0,0
0,0,0,0
0,0,0,0
0,0,0,0
0,0,0,0
0,0,0,0
0,0,0,0
0,0,0,0
0,0,0,0
0,0,0,0
0,0,0,0
0,0,0,0
0,0,0,0
0,0,0,0
0,0,0,0
0,0,0,0
0,0,0,0
0,0,0,0
0,0,0,0
0,0,0,0
0,0,0,0
0,0,0,0
0,0,0,0
0,0,0,0
0,0,0,0
0,0,0,0
0,0,0,0
0,0,0,0
0,0,0,0
0,0,0,0
0,0,0,0
0,0,0,0
0,0,0,0
0,0,0,0
0,0,0,0
0,0,0,0
0,0,0,0
0,0,0,0
0,0,0,0
0,0,0,0
0,0,0,0
0,0,0,0
0,0,0,0
0,0,0,0
0,0,0,0
0,0,0,0
0,0,0,0
0,0,0,0
0,0,0,0
0,0,0,0
0,0,0,0
0,0,0,0
0,0,0,0
0,0,0,0
0,0,0,0
0,0,0,0
0,0,0,0
0,0,0,0
0,0,0,0
0,0,0,0
0,0,0,0
0,0,0,0
0,0,0,0
0,0,0,0
0,0,0,0
0,0,0,0
0,0,0,0
0,0,0,0
0,0,0,0
0,0,0,0
0,0,0,0
0,0,0,0
0,0,0,0
0,0,0,0
0,0,0,0
0,0,0,0
0,0,0,0
0,0,0,0
0,0,0,0
0,0,0,0
0,0,0,0
0,0,0,0
0,0,0,0
0,0,0,0
0,0,0,0
0,0,0,0
0,0,0,0
0,0,0,0
0,0,0,0
0,0,0,0
0,0,0,0
0,0,0,0
0,0,0,0
0,0,0,0
0,0,0,0
0,0,0,0
0,0,0,0
0,0,0,0
0,0,0,0
0,0,0,0
0,0,0,0
0,0,0,0
0,0,0,0
0,0,0,0
0,0,0,0
0,0,0,0
0,0,0,0
0,0,0,0
0,0,0,0
0,0,0,0
0,0,0,0
0,0,0,0
0,0,0,0
0,0,0,0
0,0,0,0
0,0,0,0
0,0,0,0
0,0,0,0
0,0,0,0
0,0,0,0
0,0,0,0
0,0,0,0
0,0,0,0
0,0,0,0
0,0,0,0
0,0,0,0
0,0,0,0
0,0,0,0
0,0,0,0
0,0,0,0
0,0,0,0
0,0,0,0
0,0,0,0
0,0,0,0
0,0,0,0
0,0,0,0
0,0,0,0
0,0,0,0
0,0,0,0
0,0,0,0
218252,0,0,0
229597,0,0,0
240408,0,0,0
253482,0,0,0
265392,0,0,0
275084,0,0,0
291899,0,0,0
305736,0,0,0
320955,0,0,0
331243,0,0,0
345242,0,0,0
358175,0,0,0
372381,0,0,0
384080,0,0,0
394014,0,0,0
406678,0,0,0
417476,0,0,0
429169,0,0,0
441325,0,0,0
451527,0,0,0
463600,0,0,0
478276,0,0,0
489794,0,0,0
502483,0,0,0
515578,0,0,0
527806,0,0,0
540298,0,0,0
551663,0,0,0
565887,0,0,0
576866,0,0,0
589830,0,0,0
618956,0,0,0
629789,0,0,0
640461,0,0,0
668364,0,0,0
679770,0,0,0
689739,0,0,0
702538,0,0,0
717584,0,0,0
730445,0,0,0
740758,0,0,0
753001,0,0,0
764078,0,0,0
774943,0,0,0
787267,0,0,0
799336,0,0,0
810039,0,0,0
824645,0,0,0
841182,0,0,0
853438,0,0,0
866307,0,0,0
877052,0,0,0
889329,0,0,0
901529,0,0,0
913565,0,0,0
924732,0,0,0
938014,0,0,0
960407,0,0,0
972560,0,0,0
982464,0,0,0
992581,0,0,0
1007052,0,0,0
1020149,0,0,0
1030630,0,0,0
1044305,0,0,0
1054681,0,0,0
1068829,0,0,0
1078470,0,0,0
1091344,0,0,0
1102732,0,0,0
1114267,0,0,0
1126870,0,0,0
1138558,0,0,0
1151593,0,0,0
1163423,0,0,0
1176874,0,0,0
1191636,0,0,0
1202354,0,0,0
1218034,0,0,0
1229911,0,0,0
1240286,0,0,0
1251889,0,0,0
1267670,0,0,0
1277591,0,0,0
1288507,0,0,0
1301074,0,0,0
1315092,0,0,0
1330081,0,0,0
1341978,0,0,0
1356237,0,0,0
1368839,0,0,0
1381095,0,0,0
1396045,0,0,0
1406567,0,0,0
1418884,0,0,0
1432153,0,0,0
1446873,0,0,0
1459560,0,0,0
1473301,0,0,0
1483686,0,0,0
1495680,0,0,0
1507783,0,0,0
1521427,0,0,0
1536470,0,0,0
1548168,0,0,0
1561665,0,0,0
1571914,0,0,0
1585950,0,0,0
1595620,0,0,0
1606303,0,0,0
1617965,0,0,0
1633959,0,0,0
1648090,0,0,0
1658385,0,0,0
1669480,0,0,0
1680579,0,0,0
1692997,0,0,0
1703462,0,0,0
1716055,0,0,0
1729899,0,0,0
1743071,0,0,0
1756602,0,0,0
1769023,0,0,0
1782024,0,0,0
1792413,0,0,0
1804408,0,0,0
1816376,0,0,0
1828367,0,0,0
1842975,0,0,0
1857309,0,0,0
1869068,0,0,0
1878899,0,0,0
1890588,0,0,0
1901230,0,0,0
1913590,0,0,0
1923252,0,0,0
1934025,0,0,0
1945361,0,0,0
1957900,0,0,0
1970316,0,0,0
1981455,0,0,0
1993331,0,0,0
2007273,0,0,0
2024519,0,0,0
2033736,0,0,0
2042862,0,0,0
2055139,0,0,0
2066777,0,0,0
2077549,0,0,0
2088844,0,0,0
2099162,0,0,0
2113642,0,0,0
2127498,0,0,0
2145326,0,0,0
2157635,0,0,0
2167788,0,0,0
2179244,0,0,0
2191716,0,0,0
2201953,0,0,0
2215642,0,0,0
2228987,0,0,0
2242799,0,0,0
2254448,0,0,0
2267031,0,0,0
2278051,0,0,0
2292897,0,0,0
2305135,0,0,0
2318815,0,0,0
2329148,0,0,0
2342166,0,0,0
2359582,0,0,0
2370279,0,0,0
2382757,0,0,0
2400166,0,0,0
2409716,0,0,0
2423953,0,0,0
2433477,0,0,0
2447056,0,0,0
2459362,0,0,0
2471091,0,0,0
2483190,0,0,0
2492803,0,0,0
2506910,0,0,0
2518556,0,0,0
2532131,0,0,0
2544933,0,0,0
2555099,0,0,0
2565132,0,0,0
2576309,0,0,0
2587675,0,0,0
2600688,0,0,0
2612839,0,0,0
2626976,0,0,0
2642744,0,0,0
2654897,0,0,0
2665557,0,0,0
2676119,0,0,0
2687161,0,0,0
2700556,0,0,0
2712448,0,0,0
2722584,0,0,0
2738508,0,0,0
2749617,0,0,0
2760223,0,0,0
2771753,0,0,0
2783123,0,0,0
2796837,0,0,0
2812055,0,0,0
2824436,0,0,0
2837054,0,0,0
2850574,0,0,0
2861244,0,0,0
2871573,0,0,0
2889675,0,0,0
2900280,0,0,0
2914369,0,0,0
2926955,0,0,0
2946070,0,0,0
2958000,0,0,0
2968727,0,0,0
2980285,0,0,0
2995201,0,0,0
3007614,0,0,0
3020683,0,0,0
3030839,0,0,0
3045140,0,0,0
3060263,0,0,0
3070374,0,0,0
3081099,0,0,0
3094319,0,0,0
3105209,0,0,0
3117583,0,0,0
3129566,0,0,0
3141819,0,0,0
3153518,0,0,0
3167167,0,0,0
3182074,0,0,0
3193105,0,0,0
3206233,0,0,0
3220008,0,0,0
3232822,0,0,0
3246613,0,0,0
3256941,0,0,0
3269244,0,0,0
3281762,0,0,0
3292025,0,0,0
3306039,0,0,0
3316412,0,0,0
3329245,0,0,0
3342145,0,0,0
3355461,0,0,0
3366771,0,0,0
3379072,0,0,0
3390416,0,0,0
3401338,0,0,0
3412139,0,0,0
3425799,0,0,0
3437855,0,0,0
3450743,0,0,0
3464087,0,0,0
3484742,0,0,0
3493141,0,0,0
3505515,0,0,0
3518363,0,0,0
3529776,0,0,0
3540906,0,0,0
3553886,0,0,0
3568371,0,0,0
3580473,0,0,0
3593395,0,0,0
3611546,0,0,0
3622589,0,0,0
3635384,0,0,0
3649825,0,0,0
3662664,0,0,0
3674150,0,0,0
3684600,0,0,0
3699520,0,0,0
3712466,0,0,0
3724818,0,0,0
3737414,0,0,0
3748151,0,0,0
3758509,0,0,0
3769555,0,0,0
3780515,0,0,0
3794048,0,0,0
3806347,0,0,0
3818832,0,0,0
3830542,0,0,0
3841105,0,0,0
3852264,0,0,0
3863001,0,0,0
3874336,0,0,0
3884447,0,0,0
3896687,0,0,0
3906145,0,0,0
3917436,0,0,0
3928858,0,0,0
3941902,0,0,0
3951970,0,0,0
3962883,0,0,0
3975378,0,0,0
3986731,0,0,0
3998420,0,0,0
4010288,0,0,0
4022506,0,0,0
4034261,0,0,0
4045777,0,0,0
4059730,0,0,0
4072243,0,0,0
4082384,0,0,0
4092454,0,0,0
4107589,0,0,0
4117365,0,0,0
4129680,0,0,0
4139830,0,0,0
4153557,0,0,0
4163828,0,0,0
4173096,0,0,0
4187934,0,0,0
4201366,0,0,0
4213032,0,0,0
4223538,0,0,0
4237869,0,0,0
4251246,0,0,0
4266315,0,0,0
4279169,0,0,0
4291876,0,0,0
4305147,0,0,0
4317592,0,0,0
4332060,0,0,0
4348750,0,0,0
4360288,0,0,0
4373253,0,0,0
4387505,0,0,0
4396660,0,0,0
4407343,0,0,0
4420616,0,0,0
4431265,0,0,0
4441696,0,0,0
4457619,0,0,0
4469345,0,0,0
4483636,0,0,0
4495812,0,0,0
4508627,0,0,0
4525657,0,0,0
4536584,0,0,0
4549490,0,0,0
4563284,0,0,0
4575500,0,0,0
4588768,0,0,0
4601495,0,0,0
4612220,0,0,0
4627021,0,0,0
4640732,0,0,0
4653718,0,0,0
4674295,0,0,0
4684934,0,0,0
4699814,0,0,0
4712102,0,0,0
4723179,0,0,0
4736357,0,0,0
4747373,0,0,0
4758122,0,0,0
4770544,0,0,0
4784115,0,0,0
4796027,0,0,0
4813484,0,0,0
4822922,0,0,0
4834387,0,0,0
4847146,0,0,0
4860188,0,0,0
4874265,0,0,0
4888475,0,0,0
4901540,0,0,0
4918684,0,0,0
4929828,0,0,0
4941923,0,0,0
4954952,0,0,0
4965682,0,0,0
4975793,0,0,0
4986889,0,0,0
5000670,0,0,0
5014068,0,0,0
5027648,0,0,0
5037198,0,0,0
5050337,0,0,0
5062048,0,0,0
5076589,0,0,0
5087647,0,0,0
5101564,0,0,0
5112272,0,0,0
5123565,0,0,0
5137821,0,0,0
5151575,0,0,0
5164607,0,0,0
5178591,0,0,0
5189867,0,0,0
5201855,0,0,0
5212014,0,0,0
5226012,0,0,0
5239076,0,0,0
5252504,0,0,0
5265751,0,0,0
5277540,0,0,0
5296896,0,0,0
5305670,0,0,0
5319555,0,0,0
5331925,0,0,0
5343833,0,0,0
5353420,0,0,0
5366020,0,0,0
5377596,0,0,0
5391074,0,0,0
5403897,0,0,0
5413915,0,0,0
5426832,0,0,0
5438505,0,0,0
5451682,0,0,0
5464352,0,0,0
5475144,0,0,0
5488239,0,0,0
5500227,0,0,0
5511152,0,0,0
5524852,0,0,0
5535396,0,0,0
5549116,0,0,0
5559693,0,0,0
5576148,0,0,0
5590561,0,0,0
5602957,0,0,0
5616577,0,0,0
5628713,0,0,0
5639669,0,0,0
5654082,0,0,0
5665864,0,0,0
5678516,0,0,0
5690257,0,0,0
5704662,0,0,0
5717071,0,0,0
5729574,0,0,0
5740406,0,0,0
5751845,0,0,0
5764752,0,0,0
5778800,0,0,0
5789145,0,0,0
5802365,0,0,0
5813001,0,0,0
5826432,0,0,0
5840299,0,0,0
5850215,0,0,0
5861877,0,0,0
5874301,0,0,0
5886632,0,0,0
5900028,0,0,0
5912558,0,0,0
5925428,0,0,0
5938315,0,0,0
5948800,0,0,0
5961525,0,0,0
5974280,0,0,0
5988145,0,0,0
5999425,0,0,0
6009647,0,0,0
6019777,0,0,0
6031460,0,0,0
6046836,0,0,0
6058302,0,0,0
6072475,0,0,0
6088733,0,0,0
6102949,0,0,0
6115743,0,0,0
6127482,0,0,0
6139779,0,0,0
6155714,0,0,0
6164001,0,0,0
6177766,0,0,0
6186594,0,0,0
6197298,0,0,0
6215548,0,0,0
6227020,0,0,0
6238794,0,0,0
6253631,0,0,0
6265906,0,0,0
6275283,0,0,0
6289215,0,0,0
6302243,0,0,0
6312944,0,0,0
6322622,0,0,0
6336444,0,0,0
6346708,0,0,0
6361938,0,0,0
6375872,0,0,0
6386985,0,0,0
6398538,0,0,0
6412286,0,0,0
6426359,0,0,0
6442012,0,0,0
6452457,0,0,0
6465671,0,0,0
6477534,0,0,0
6490374,0,0,0
6500201,0,0,0
6513399,0,0,0
6526139,0,0,0
6538776,0,0,0
6551547,0,0,0
6565007,0,0,0
6576990,0,0,0
6589697,0,0,0
6599124,0,0,0
6615160,0,0,0
6631750,0,0,0
6642948,0,0,0
6653728,0,0,0
6664559,0,0,0
6675465,0,0,0
6685930,0,0,0
6696817,0,0,0
6712275,0,0,0
6725536,0,0,0
6738066,0,0,0
6747575,0,0,0
6761923,0,0,0
6776163,0,0,0
6790970,0,0,0
6801158,0,0,0
6813066,0,0,0
6826368,0,0,0
6838325,0,0,0
6851436,0,0,0
6863399,0,0,0
6876775,0,0,0
6887739,0,0,0
6902721,0,0,0
6913260,0,0,0
6925805,0,0,0
6936627,0,0,0
6947860,0,0,0
6960773,0,0,0
6971112,0,0,0
6982307,0,0,0
6994012,0,0,0
7005029,0,0,0
7016388,0,0,0
7029329,0,0,0
7039590,0,0,0
7051557,0,0,0
7063502,0,0,0
7074457,0,0,0
7085446,0,0,0
7095998,0,0,0
7107712,0,0,0
7117788,0,0,0
7136284,0,0,0
7147945,0,0,0
7159235,0,0,0
7172105,0,0,0
7186556,0,0,0
7201055,0,0,0
7214009,0,0,0
7225473,0,0,0
7237736,0,0,0
7248398,0,0,0
7262643,0,0,0
7275577,0,0,0
7288473,0,0,0
7299678,0,0,0
7312492,0,0,0
7324937,0,0,0
7339202,0,0,0
7348330,0,0,0
7361525,0,0,0
7374850,0,0,0
7387149,0,0,0
7401201,0,0,0
7411274,0,0,0
7425233,0,0,0
7436888,0,0,0
7448284,0,0,0
7462710,0,0,0
7475113,0,0,0
7485627,0,0,0
7497205,0,0,0
7509965,0,0,0
7521579,0,0,0
7532070,0,0,0
7547028,0,0,0
7558130,0,0,0
7569432,0,0,0
7582722,0,0,0
7596222,0,0,0
7608826,0,0,0
7621686,0,0,0
7632811,0,0,0
7647006,0,0,0
7660482,0,0,0
7672776,0,0,0
7683346,0,0,0
7695637,0,0,0
7711060,0,0,0
7722592,0,0,0
7732935,0,0,0
7746263,0,0,0
7758593,0,0,0
7770824,0,0,0
7782241,0,0,0
7794757,0,0,0
7806981,0,0,0
7818014,0,0,0
7831523,0,0,0
7843225,0,0,0
7855398,0,0,0
7868632,0,0,0
7880417,0,0,0
7893061,0,0,0
7907059,0,0,0
7918860,0,0,0
7931892,0,0,0
7942266,0,0,0
7955042,0,0,0
7968660,0,0,0
7981623,0,0,0
7994370,0,0,0
8006892,0,0,0
8019998,0,0,0
8034457,0,0,0
8048469,0,0,0
8059869,0,0,0
8073583,0,0,0
8086317,0,0,0
8100065,0,0,0
8110509,0,0,0
8122424,0,0,0
8136281,0,0,0
8149719,0,0,0
8162759,0,0,0
8174580,0,0,0
8187242,0,0,0
8198689,0,0,0
8212290,0,0,0
8228322,0,0,0
8239344,0,0,0
8253476,0,0,0
8264320,0,0,0
8273621,0,0,0
8285366,0,0,0
8299205,0,0,0
8311405,0,0,0
8328626,0,0,0
8340021,0,0,0
8353156,0,0,0
8367335,0,0,0
8379159,0,0,0
8391132,0,0,0
8405968,0,0,0
8421736,0,0,0
8438232,0,0,0
8449645,0,0,0
8463762,0,0,0
8478993,0,0,0
8489927,0,0,0
8503943,0,0,0
8514920,0,0,0
8528787,0,0,0
8541762,0,0,0
8555103,0,0,0
8566160,0,0,0
8579812,0,0,0
8591717,0,0,0
8604021,0,0,0
8617832,0,0,0
8632718,0,0,0
8645033,0,0,0
8660088,0,0,0
8669763,0,0,0
8682095,0,0,0
8695853,0,0,0
8709474,0,0,0
8720626,0,0,0
8731673,0,0,0
8741836,0,0,0
8759008,0,0,0
8771312,0,0,0
8783173,0,0,0
8794217,0,0,0
8807211,0,0,0
8817725,0,0,0
8828993,0,0,0
8843725,0,0,0
8855774,0,0,0
8868364,0,0,0
8880575,0,0,0
8891754,0,0,0
8904986,0,0,0
8917972,0,0,0
8928266,0,0,0
8944548,0,0,0
8956177,0,0,0
8967064,0,0,0
8977554,0,0,0
8988695,0,0,0
9003594,0,0,0
9013760,0,0,0
9027825,0,0,0
9043034,0,0,0
9056370,0,0,0
9070241,0,0,0
9082986,0,0,0
9099147,0,0,0
9112277,0,0,0
9125114,0,0,0
9137612,0,0,0
9151176,0,0,0
9160895,0,0,0
9178919,0,0,0
9192260,0,0,0
9203039,0,0,0
9213822,0,0,0
9225271,0,0,0
9235505,0,0,0
9249224,0,0,0
9260536,0,0,0
9275132,0,0,0
9286380,0,0,0
9300244,0,0,0
9313154,0,0,0
9322705,0,0,0
9336612,0,0,0
9348173,0,0,0
9358900,0,0,0
9371393,0,0,0
9384336,0,0,0
9396499,0,0,0
9407594,0,0,0
9419189,0,0,0
9431616,0,0,0
9443880,0,0,0
9456961,0,0,0
9470544,0,0,0
9483095,0,0,0
9498528,0,0,0
9512951,0,0,0
9523998,0,0,0
9538328,0,0,0
9549517,0,0,0
9562192,0,0,0
9574978,0,0,0
9586950,0,0,0
9598312,0,0,0
9612022,0,0,0
9622281,0,0,0
9634734,0,0,0
9650977,0,0,0
9663524,0,0,0
9677593,0,0,0
9686583,0,0,0
9698902,0,0,0
9710039,0,0,0
9721541,0,0,0
9731249,0,0,0
9747214,0,0,0
9759766,0,0,0
9771226,0,0,0
9785760,0,0,0
9796958,0,0,0
9812713,0,0,0
9826902,0,0,0
9841551,0,0,0
9853258,0,0,0
9863803,0,0,0
9875736,0,0,0
9886617,0,0,0
9897984,0,0,0
9908790,0,0,0
9924281,0,0,0
9939054,0,0,0
9953578,0,0,0
9966068,0,0,0
9981159,0,0,0
9993019,0,0,0
10007401,0,0,0
10021909,0,0,0
10032481,0,0,0
10043679,0,0,0
10055335,0,0,0
10067252,0,0,0
10079005,0,0,0
10092772,0,0,0
10103739,0,0,0
10115293,0,0,0
10132438,0,0,0
10152775,0,0,0
10163013,0,0,0
10175314,0,0,0
10191909,0,0,0
10207755,0,0,0
10218245,0,0,0
10231759,0,0,0
10244248,0,0,0
10256519,0,0,0
10269408,0,0,0
10283011,0,0,0
10293580,0,0,0
10304566,0,0,0
10314534,0,0,0
10325140,0,0,0
10342125,0,0,0
10355130,0,0,0
10364536,0,0,0
10377159,0,0,0
10387469,0,0,0
10398160,0,0,0
10413879,0,0,0
10426486,0,0,0
10439721,0,0,0
10450485,0,0,0
10463361,0,0,0
10478715,0,0,0
10492021,0,0,0
10504494,0,0,0
10517103,0,0,0
10527143,0,0,0
10536734,0,0,0
10548504,0,0,0
10561564,0,0,0
10571478,0,0,0
10584792,0,0,0
10600339,0,0,0
10611160,0,0,0
10623641,0,0,0
10636120,0,0,0
10648744,0,0,0
10659790,0,0,0
10674315,0,0,0
10686966,0,0,0
10698503,0,0,0
10709604,0,0,0
10722441,0,0,0
10736930,0,0,0
10751367,0,0,0
10764235,0,0,0
10778862,0,0,0
10788108,0,0,0
10801765,0,0,0
10811902,0,0,0
10825266,0,0,0
10837605,0,0,0
10850491,0,0,0
10864458,0,0,0
10878627,0,0,0
10890538,0,0,0
10902539,0,0,0
10914917,0,0,0
10926457,0,0,0
10945800,0,0,0
10956400,0,0,0
10969841,0,0,0
10981304,0,0,0
10994565,0,0,0
11009135,0,0,0
11020227,0,0,0
11033640,0,0,0
11046918,0,0,0
11059082,0,0,0
11072132,0,0,0
11082664,0,0,0
11096587,0,0,0
11113803,0,0,0
11131839,0,0,0
11143054,0,0,0
11156153,0,0,0
11169423,0,0,0
11180651,0,0,0
11192316,0,0,0
11208233,0,0,0
11218245,0,0,0
11231048,0,0,0
11244052,0,0,0
11257278,0,0,0
11273267,0,0,0
11286938,0,0,0
11299095,0,0,0
11313178,0,0,0
11329503,0,0,0
11339520,0,0,0
11352583,0,0,0
11361106,0,0,0
11375118,0,0,0
11390118,0,0,0
11402918,0,0,0
11413931,0,0,0
11425044,0,0,0
11436833,0,0,0
11451225,0,0,0
11461421,0,0,0
11472147,0,0,0
11482475,0,0,0
11495534,0,0,0
11509046,0,0,0
11521384,0,0,0
11536202,0,0,0
11549779,0,0,0
11561477,0,0,0
11572342,0,0,0
11585666,0,0,0
11596774,0,0,0
11609601,0,0,0
11620322,0,0,0
11631416,0,0,0
11644554,0,0,0
11654827,0,0,0
11668229,0,0,0
11681598,0,0,0
11695715,0,0,0
11708298,0,0,0
11726482,0,0,0
11739457,0,0,0
11752977,0,0,0
11765890,0,0,0
11779198,0,0,0
11793538,0,0,0
11802910,0,0,0
11812858,0,0,0
11826801,0,0,0
11840435,0,0,0
11855486,0,0,0
11868917,0,0,0
11880808,0,0,0
11898181,0,0,0
11911658,0,0,0
11924199,0,0,0
11936572,0,0,0
11947873,0,0,0
11964707,0,0,0
11977262,0,0,0
11987612,0,0,0
12001212,0,0,0
12013121,0,0,0
12025976,0,0,0
12039120,0,0,0
12051311,0,0,0
12063708,0,0,0
12077382,0,0,0
12089987,0,0,0
12102156,0,0,0
12114695,0,0,0
12126315,0,0,0
12138836,0,0,0
12153512,0,0,0
12168248,0,0,0
12178985,0,0,0
12190989,0,0,0
12204157,0,0,0
12218475,0,0,0
12231303,0,0,0
12243944,0,0,0
12256045,0,0,0
12269039,0,0,0
12281606,0,0,0
12294427,0,0,0
12305600,0,0,0
12318747,0,0,0
12329115,0,0,0
12343732,0,0,0
12354761,0,0,0
12366287,0,0,0
12379253,0,0,0
12393375,0,0,0
12408055,0,0,0
12425968,0,0,0
12436376,0,0,0
12453769,0,0,0
12465495,0,0,0
12477095,0,0,0
12487938,0,0,0
12500514,0,0,0
12509148,0,0,0
12527478,0,0,0
12538249,0,0,0
12552168,0,0,0
12566552,0,0,0
12579248,0,0,0
12590791,0,0,0
12604850,0,0,0
12617530,0,0,0
12631677,0,0,0
12642547,0,0,0
12652662,0,0,0
12664138,0,0,0
12676689,0,0,0
12688371,0,0,0
12700266,0,0,0
12711288,0,0,0
12724343,0,0,0
12736721,0,0,0
12748166,0,0,0
12757397,0,0,0
12768992,0,0,0
12782032,0,0,0
12791876,0,0,0
12802969,0,0,0
12815400,0,0,0
12826328,0,0,0
12836851,0,0,0
12848968,0,0,0
12862001,0,0,0
12874576,0,0,0
12887179,0,0,0
12901898,0,0,0
12917128,0,0,0
12929944,0,0,0
12940870,0,0,0
12952540,0,0,0
12968809,0,0,0
12980865,0,0,0
12994123,0,0,0
13007987,0,0,0
13023396,0,0,0
13031879,0,0,0
13045772,0,0,0
13059313,0,0,0
13071914,0,0,0
13083513,0,0,0
13096984,0,0,0
13108629,0,0,0
13121099,0,0,0
13132754,0,0,0
13143081,0,0,0
13156467,0,0,0
13168937,0,0,0
13183224,0,0,0
13194863,0,0,0
13206057,0,0,0
13223600,0,0,0
13242906,0,0,0
13252183,0,0,0
13261166,0,0,0
13276938,0,0,0
13289580,0,0,0
13299703,0,0,0
13310569,0,0,0
13321772,0,0,0
13333757,0,0,0
13346979,0,0,0
13360229,0,0,0
13373909,0,0,0
13387086,0,0,0
13397785,0,0,0
13409385,0,0,0
13423557,0,0,0
13435430,0,0,0
13445654,0,0,0
13459315,0,0,0
13470919,0,0,0
13484030,0,0,0
13496824,0,0,0
13507428,0,0,0
13518567,0,0,0
13531606,0,0,0
13544842,0,0,0
13555602,0,0,0
13566061,0,0,0
13578279,0,0,0
13590950,0,0,0
13600771,0,0,0
13614215,0,0,0
13625357,0,0,0
13635205,0,0,0
13647208,0,0,0
13658440,0,0,0
13668393,0,0,0
13681017,0,0,0
13691415,0,0,0
13704397,0,0,0
13719192,0,0,0
13729858,0,0,0
13740766,0,0,0
13752836,0,0,0
13764006,0,0,0
13775518,0,0,0
13786169,0,0,0
13797411,0,0,0
13808676,0,0,0
13822997,0,0,0
13835730,0,0,0
13849552,0,0,0
13863320,0,0,0
13876687,0,0,0
13887933,0,0,0
13901965,0,0,0
13915156,0,0,0
13927500,0,0,0
13939127,0,0,0
13950460,0,0,0
13964837,0,0,0
13979125,0,0,0
13991717,0,0,0
14002258,0,0,0
14013282,0,0,0
14025576,0,0,0
14040421,0,0,0
14056105,0,0,0
14069407,0,0,0
14079274,0,0,0
14091054,0,0,0
14102985,0,0,0
14114780,0,0,0
14126676,0,0,0
14139564,0,0,0
14156787,0,0,0
14168182,0,0,0
14181783,0,0,0
14195277,0,0,0
14205317,0,0,0
14217815,0,0,0
14227733,0,0,0
14239800,0,0,0
14258414,0,0,0
14270690,0,0,0
14281867,0,0,0
14293588,0,0,0
14306953,0,0,0
14322122,0,0,0
14331977,0,0,0
14343532,0,0,0
14352477,0,0,0
14364615,0,0,0
14374614,0,0,0
14385651,0,0,0
14397088,0,0,0
14407415,0,0,0
14418831,0,0,0
14429528,0,0,0
14439669,0,0,0
14452976,0,0,0
14465943,0,0,0
14475706,0,0,0
14492480,0,0,0
14506473,0,0,0
14521582,0,0,0
14531722,0,0,0
14547834,0,0,0
14560940,0,0,0
14572629,0,0,0
14584749,0,0,0
14595323,0,0,0
14605124,0,0,0
14616942,0,0,0
14627149,0,0,0
14637690,0,0,0
14649789,0,0,0
14663185,0,0,0
14676291,0,0,0
14691867,0,0,0
14702058,0,0,0
14714231,0,0,0
14730463,0,0,0
14743174,0,0,0
14758192,0,0,0
14769040,0,0,0
14781586,0,0,0
14792587,0,0,0
14802584,0,0,0
14815543,0,0,0
14828543,0,0,0
14838878,0,0,0
14851739,0,0,0
14862943,0,0,0
14874986,0,0,0
14888104,0,0,0
14901721,0,0,0
14911592,0,0,0
14921393,0,0,0
14931965,0,0,0
14943715,0,0,0
14954810,0,0,0
14968048,0,0,0
14978199,0,0,0
14993058,0,0,0
15008414,0,0,0
15021511,0,0,0
15031752,0,0,0
15042617,0,0,0
15055176,0,0,0
15066974,0,0,0
15081609,0,0,0
15095620,0,0,0
15108550,0,0,0
15121607,0,0,0
15138823,0,0,0
15148247,0,0,0
15161267,0,0,0
15173061,0,0,0
15183264,0,0,0
15196749,0,0,0
15209134,0,0,0
15222348,0,0,0
15233162,0,0,0
15246511,0,0,0
15260744,0,0,0
15275749,0,0,0
15290722,0,0,0
15303403,0,0,0
15316594,0,0,0
15330480,0,0,0
15343591,0,0,0
15356186,0,0,0
15366966,0,0,0
15377005,0,0,0
15390267,0,0,0
15402965,0,0,0
15415057,0,0,0
15429927,0,0,0
15445855,0,0,0
15457758,0,0,0
15470469,0,0,0
15485331,0,0,0
15497709,0,0,0
15510756,0,0,0
15521725,0,0,0
15536288,0,0,0
15547295,0,0,0
15559099,0,0,0
15571248,0,0,0
15582012,0,0,0
15600826,0,0,0
15614396,0,0,0
15634702,0,0,0
15649560,0,0,0
15661606,0,0,0
15675598,0,0,0
15687944,0,0,0
15698694,0,0,0
15710803,0,0,0
15726166,0,0,0
15734862,0,0,0
15746648,0,0,0
15760093,0,0,0
15777901,0,0,0
15790441,0,0,0
15802969,0,0,0
15813316,0,0,0
15826544,0,0,0
15839665,0,0,0
15852082,0,0,0
15862284,0,0,0
15875972,0,0,0
15891040,0,0,0
15900637,0,0,0
15911927,0,0,0
15923628,0,0,0
15939065,0,0,0
15949879,0,0,0
15964197,0,0,0
15972446,0,0,0
15985961,0,0,0
15997906,0,0,0
16010921,0,0,0
16022788,0,0,0
16034108,0,0,0
16046155,0,0,0
16058940,0,0,0
16072310,0,0,0
16085567,0,0,0
16100115,0,0,0
16110086,0,0,0
16125533,0,0,0
16137930,0,0,0
16150416,0,0,0
16160173,0,0,0
16172551,0,0,0
16184488,0,0,0
16194584,0,0,0
16207035,0,0,0
16221149,0,0,0
16235389,0,0,0
16246582,0,0,0
16257268,0,0,0
16269277,0,0,0
16281462,0,0,0
16291766,0,0,0
16306627,0,0,0
16316743,0,0,0
16334315,0,0,0
16344046,0,0,0
16356239,0,0,0
16370486,0,0,0
16383905,0,0,0
16398067,0,0,0
16409343,0,0,0
16422375,0,0,0
16432169,0,0,0
16444249,0,0,0
16456475,0,0,0
16466079,0,0,0
16479640,0,0,0
16493113,0,0,0
16507731,0,0,0
16519083,0,0,0
16533339,0,0,0
16547917,0,0,0
16557063,0,0,0
16572592,0,0,0
16582850,0,0,0
16595964,0,0,0
16609412,0,0,0
16621953,0,0,0
16633449,0,0,0
16645012,0,0,0
16658274,0,0,0
16672561,0,0,0
16684157,0,0,0
16695449,0,0,0
16710050,0,0,0
16721705,0,0,0
16735294,0,0,0
16745122,0,0,0
16757053,0,0,0
16768042,0,0,0
16783168,0,0,0
16797924,0,0,0
16807067,0,0,0
16820108,0,0,0
16834735,0,0,0
16847452,0,0,0
16859398,0,0,0
16871554,0,0,0
16883160,0,0,0
16896140,0,0,0
16908822,0,0,0
16921682,0,0,0
16936172,0,0,0
16948025,0,0,0
16963023,0,0,0
16974000,0,0,0
16985661,0,0,0
16996597,0,0,0
17008659,0,0,0
17021622,0,0,0
17034847,0,0,0
17045537,0,0,0
17057233,0,0,0
17069869,0,0,0
17082987,0,0,0
17095296,0,0,0
17107532,0,0,0
17122227,0,0,0
17133326,0,0,0
17146364,0,0,0
17158201,0,0,0
17172486,0,0,0
17188486,0,0,0
17199476,0,0,0
17213604,0,0,0
17227646,0,0,0
17241738,0,0,0
17252607,0,0,0
17264329,0,0,0
17278791,0,0,0
17293028,0,0,0
17306130,0,0,0
17319805,0,0,0
17333457,0,0,0
17347610,0,0,0
17359003,0,0,0
17370613,0,0,0
17384636,0,0,0
17396177,0,0,0
17408102,0,0,0
17421804,0,0,0
17438020,0,0,0
17451582,0,0,0
17465316,0,0,0
17480811,0,0,0
17493401,0,0,0
17506320,0,0,0
17518665,0,0,0
17533988,0,0,0
17546275,0,0,0
17558706,0,0,0
17568955,0,0,0
17581390,0,0,0
17595483,0,0,0
17606998,0,0,0
17619058,0,0,0
17630891,0,0,0
17642954,0,0,0
17660141,0,0,0
17674043,0,0,0
17689494,0,0,0
17700422,0,0,0
17713269,0,0,0
17726737,0,0,0
17739840,0,0,0
17753272,0,0,0
17765347,0,0,0
17778030,0,0,0
17792303,0,0,0
17805100,0,0,0
17818038,0,0,0
17831225,0,0,0
17843826,0,0,0
17859158,0,0,0
17873835,0,0,0
17888373,0,0,0
17901759,0,0,0
17913602,0,0,0
17929707,0,0,0
17943097,0,0,0
17955291,0,0,0
17967557,0,0,0
17982332,0,0,0
17994782,0,0,0
18006273,0,0,0
18019978,0,0,0
18032227,0,0,0
18047078,0,0,0
18062377,0,0,0
18074583,0,0,0
18086556,0,0,0
18098680,0,0,0
18111091,0,0,0
18123030,0,0,0
18137476,0,0,0
18150297,0,0,0
18162421,0,0,0
18174348,0,0,0
18186899,0,0,0
18201845,0,0,0
18216357,0,0,0
18227797,0,0,0
18239254,0,0,0
18249508,0,0,0
18260124,0,0,0
18272190,0,0,0
18291618,0,0,0
18303833,0,0,0
18318954,0,0,0
18330073,0,0,0
18343745,0,0,0
18355187,0,0,0
18367138,0,0,0
18382047,0,0,0
18391551,0,0,0
18404049,0,0,0
18420138,0,0,0
18432580,0,0,0
18445638,0,0,0
18459074,0,0,0
18473016,0,0,0
18485672,0,0,0
18499129,0,0,0
18510353,0,0,0
18525062,0,0,0
18538054,0,0,0
18552220,0,0,0
18562850,0,0,0
18576341,0,0,0
18587867,0,0,0
18601635,0,0,0
18615133,0,0,0
18630443,0,0,0
18644604,0,0,0
18653999,0,0,0
18671073,0,0,0
18684516,0,0,0
18696362,0,0,0
18704775,0,0,0
18719944,0,0,0
18732325,0,0,0
18744475,0,0,0
18755267,0,0,0
18765087,0,0,0
18781783,0,0,0
18790469,0,0,0
18805916,0,0,0
18819918,0,0,0
18829668,0,0,0
18845788,0,0,0
18855387,0,0,0
18868040,0,0,0
18883103,0,0,0
18899902,0,0,0
18912324,0,0,0
18925074,0,0,0
18936962,0,0,0
18950578,0,0,0
18964926,0,0,0
18977545,0,0,0
18990756,0,0,0
19005035,0,0,0
19018320,0,0,0
19033069,0,0,0
19043914,0,0,0
19056275,0,0,0
19069907,0,0,0
19083860,0,0,0
19097102,0,0,0
19110159,0,0,0
19124361,0,0,0
19133994,0,0,0
19144754,0,0,0
19157908,0,0,0
19169631,0,0,0
19182904,0,0,0
19195009,0,0,0
19210442,0,0,0
19220823,0,0,0
19234066,0,0,0
19243542,0,0,0
19258212,0,0,0
19268606,0,0,0
19279875,0,0,0
19289428,0,0,0
19302004,0,0,0
19313259,0,0,0
19329828,0,0,0
19342603,0,0,0
19355248,0,0,0
19367098,0,0,0
19378733,0,0,0
19391012,0,0,0
19403828,0,0,0
19415276,0,0,0
19429114,0,0,0
19441060,0,0,0
19452166,0,0,0
19465642,0,0,0
19477250,0,0,0
19493022,0,0,0
19507829,0,0,0
19521442,0,0,0
19534282,0,0,0
19545561,0,0,0
19559026,0,0,0
19574465,0,0,0
19586525,0,0,0
19600204,0,0,0
19613250,0,0,0
19623510,0,0,0
19635453,0,0,0
19647969,0,0,0
19660220,0,0,0
19673602,0,0,0
19687751,0,0,0
19699953,0,0,0
19711081,0,0,0
19723893,0,0,0
19736772,0,0,0
19747815,0,0,0
19760472,0,0,0
19773458,0,0,0
19782377,0,0,0
19796713,0,0,0
19808125,0,0,0
19821832,0,0,0
19831126,0,0,0
19846192,0,0,0
19859313,0,0,0
19871797,0,0,0
19885965,0,0,0
19897729,0,0,0
19911363,0,0,0
19920932,0,0,0
19932224,0,0,0
19946887,0,0,0
19956827,0,0,0
19967138,0,0,0
19979710,0,0,0
19992130,0,0,0
20000801,0,0,0
20013778,0,0,0
20027871,0,0,0
20040512,0,0,0
20051274,0,0,0
20065706,0,0,0
20077538,0,0,0
20091076,0,0,0
20104687,0,0,0
20118566,0,0,0
20131801,0,0,0
20143852,0,0,0
20153703,0,0,0
20163435,0,0,0
20178182,0,0,0
20188432,0,0,0
20204388,0,0,0
20214080,0,0,0
20225004,0,0,0
20236266,0,0,0
20249091,0,0,0
20259341,0,0,0
20271577,0,0,0
20285128,0,0,0
20294347,0,0,0
20309566,0,0,0
20319081,0,0,0
20335134,0,0,0
20351780,0,0,0
20363771,0,0,0
20375634,0,0,0
20386196,0,0,0
20400870,0,0,0
20412280,0,0,0
20426183,0,0,0
20437582,0,0,0
20447871,0,0,0
20461632,0,0,0
20475429,0,0,0
20488184,0,0,0
20499605,0,0,0
20511054,0,0,0
20521035,0,0,0
20530319,0,0,0
20543822,0,0,0
20558592,0,0,0
20571600,0,0,0
20582838,0,0,0
20594827,0,0,0
20608840,0,0,0
20625122,0,0,0
20637134,0,0,0
20649334,0,0,0
20663167,0,0,0
20675548,0,0,0
20688905,0,0,0
20700524,0,0,0
20715540,0,0,0
20729454,0,0,0
20742183,0,0,0
20755267,0,0,0
20767077,0,0,0
20779270,0,0,0
20791436,0,0,0
20804426,0,0,0
20817343,0,0,0
20830493,0,0,0
20844543,0,0,0
20854137,0,0,0
20865445,0,0,0
20881093,0,0,0
20892948,0,0,0
20904488,0,0,0
20915251,0,0,0
20926709,0,0,0
20940944,0,0,0
20953185,0,0,0
20967947,0,0,0
20983282,0,0,0
20996716,0,0,0
21010883,0,0,0
21023179,0,0,0
21036329,0,0,0
21046340,0,0,0
21056730,0,0,0
21070262,0,0,0
21081226,0,0,0
21093664,0,0,0
21107244,0,0,0
21118944,0,0,0
21133367,0,0,0
21145843,0,0,0
21157526,0,0,0
21170552,0,0,0
21183558,0,0,0
21197140,0,0,0
21211033,0,0,0
21222186,0,0,0
21234482,0,0,0
21245848,0,0,0
21256317,0,0,0
21267950,0,0,0
21280537,0,0,0
21292793,0,0,0
21305635,0,0,0
21320642,0,0,0
21332226,0,0,0
21343331,0,0,0
21357334,0,0,0
21369639,0,0,0
21385046,0,0,0
21397862,0,0,0
21407218,0,0,0
21419690,0,0,0
21431110,0,0,0
21447338,0,0,0
21458545,0,0,0
21476034,0,0,0
21486718,0,0,0
21499333,0,0,0
21511716,0,0,0
21522265,0,0,0
21535217,0,0,0
21548398,0,0,0
21562694,0,0,0
21574499,0,0,0
21589177,0,0,0
21602226,0,0,0
21617081,0,0,0
21630831,0,0,0
21641979,0,0,0
21655726,0,0,0
21668043,0,0,0
21681676,0,0,0
21696263,0,0,0
21709267,0,0,0
21720143,0,0,0
21732931,0,0,0
21744008,0,0,0
21755977,0,0,0
21767297,0,0,0
21778888,0,0,0
21789868,0,0,0
21806333,0,0,0
21819068,0,0,0
21829531,0,0,0
21843661,0,0,0
21857239,0,0,0
21870405,0,0,0
21882038,0,0,0
21893463,0,0,0
21904108,0,0,0
21918100,0,0,0
21931719,0,0,0
21943060,0,0,0
21958069,0,0,0
21972649,0,0,0
21986185,0,0,0
21999351,0,0,0
22013337,0,0,0
22026750,0,0,0
22038082,0,0,0
22051061,0,0,0
22064177,0,0,0
22077562,0,0,0
22090543,0,0,0
22102822,0,0,0
22112974,0,0,0
22123253,0,0,0
22134939,0,0,0
22147582,0,0,0
22161179,0,0,0
22176084,0,0,0
22191623,0,0,0
22202901,0,0,0
22214838,0,0,0
22226277,0,0,0
22241041,0,0,0
22253350,0,0,0
22262386,0,0,0
22275269,0,0,0
22284324,0,0,0
22297576,0,0,0
22307664,0,0,0
22319743,0,0,0
22331051,0,0,0
22343331,0,0,0
22355684,0,0,0
22366335,0,0,0
22379494,0,0,0
22392145,0,0,0
22402235,0,0,0
22415062,0,0,0
22426610,0,0,0
22436463,0,0,0
22449477,0,0,0
22462955,0,0,0
22476647,0,0,0
22490452,0,0,0
22503124,0,0,0
22513188,0,0,0
22526344,0,0,0
22539497,0,0,0
22549772,0,0,0
22561103,0,0,0
22575784,0,0,0
22586492,0,0,0
22602354,0,0,0
22615166,0,0,0
22628049,0,0,0
22637039,0,0,0
22650435,0,0,0
22663830,0,0,0
22673772,0,0,0
22685611,0,0,0
22695974,0,0,0
22708625,0,0,0
22718095,0,0,0
22731025,0,0,0
22742417,0,0,0
22756429,0,0,0
22769459,0,0,0
22780355,0,0,0
22790242,0,0,0
22804139,0,0,0
22820530,0,0,0
22831941,0,0,0
22843421,0,0,0
22855090,0,0,0
22866568,0,0,0
22880895,0,0,0
22896926,0,0,0
22906874,0,0,0
22918126,0,0,0
22927894,0,0,0
22937062,0,0,0
22950925,0,0,0
22960814,0,0,0
22971904,0,0,0
22984913,0,0,0
22995812,0,0,0
23015140,0,0,0
23025879,0,0,0
23036773,0,0,0
23054691,0,0,0
23066307,0,0,0
23079014,0,0,0
23089030,0,0,0
23101071,0,0,0
23111505,0,0,0
23126200,0,0,0
23142666,0,0,0
23158607,0,0,0
23171027,0,0,0
23181895,0,0,0
23200418,0,0,0
23210709,0,0,0
23223083,0,0,0
23236452,0,0,0
23247031,0,0,0
23261118,0,0,0
23272063,0,0,0
23285619,0,0,0
23296851,0,0,0
23309002,0,0,0
23319684,0,0,0
23329609,0,0,0
23342757,0,0,0
23354853,0,0,0
23365166,0,0,0
23378456,0,0,0
23388831,0,0,0
23399978,0,0,0
23410514,0,0,0
23426478,0,0,0
23442309,0,0,0
23459205,0,0,0
23471683,0,0,0
23486530,0,0,0
23500948,0,0,0
23513772,0,0,0
23527171,0,0,0
23540687,0,0,0
23553580,0,0,0
23565704,0,0,0
23581479,0,0,0
23591805,0,0,0
23604884,0,0,0
23615259,0,0,0
23626995,0,0,0
23638144,0,0,0
23651159,0,0,0
23663390,0,0,0
23672679,0,0,0
23684784,0,0,0
23698458,0,0,0
23710459,0,0,0
23721463,0,0,0
23733383,0,0,0
23743347,0,0,0
23756945,0,0,0
23769205,0,0,0
23781083,0,0,0
23794154,0,0,0
23805814,0,0,0
23815541,0,0,0
23826766,0,0,0
23837364,0,0,0
23851173,0,0,0
23861053,0,0,0
23873841,0,0,0
23886474,0,0,0
23895807,0,0,0
23908880,0,0,0
23921125,0,0,0
23932409,0,0,0
23947630,0,0,0
23960824,0,0,0
23974912,0,0,0
23989202,0,0,0
24002113,0,0,0
24015537,0,0,0
24030115,0,0,0
24041879,0,0,0
24054219,0,0,0
24066291,0,0,0
24078046,0,0,0
24091901,0,0,0
24103027,0,0,0
24116970,0,0,0
24131339,0,0,0
24143703,0,0,0
24153251,0,0,0
24168071,0,0,0
24179291,0,0,0
24189770,0,0,0
24201173,0,0,0
24212666,0,0,0
24224229,0,0,0
24235213,0,0,0
24246536,0,0,0
24259113,0,0,0
24271035,0,0,0
24283771,0,0,0
24296612,0,0,0
24310050,0,0,0
24321134,0,0,0
24334206,0,0,0
24344772,0,0,0
24357628,0,0,0
24367769,0,0,0
24380140,0,0,0
24391050,0,0,0
24402949,0,0,0
24415184,0,0,0
24426567,0,0,0
24436627,0,0,0
24449169,0,0,0
24459607,0,0,0
24472091,0,0,0
24483753,0,0,0
24496628,0,0,0
24507391,0,0,0
24521662,0,0,0
24530173,0,0,0
24543063,0,0,0
24556651,0,0,0
24570206,0,0,0
24579894,0,0,0
24592264,0,0,0
24605422,0,0,0
24617957,0,0,0
24628460,0,0,0
24639476,0,0,0
24653502,0,0,0
24665843,0,0,0
24678081,0,0,0
24688207,0,0,0
24698550,0,0,0
24711034,0,0,0
24724696,0,0,0
24735480,0,0,0
24750839,0,0,0
24766067,0,0,0
24778776,0,0,0
24792241,0,0,0
24804354,0,0,0
24814210,0,0,0
24825977,0,0,0
24839197,0,0,0
24850593,0,0,0
24860955,0,0,0
24873853,0,0,0
24885378,0,0,0
24901850,0,0,0
24913408,0,0,0
24926172,0,0,0
24937696,0,0,0
24949841,0,0,0
24962467,0,0,0
24974390,0,0,0
24989661,0,0,0
25002600,0,0,0
25016513,0,0,0
25028558,0,0,0
25041767,0,0,0
25052442,0,0,0
25063731,0,0,0
25077153,0,0,0
25089470,0,0,0
25100965,0,0,0
25114257,0,0,0
25126153,0,0,0
25138385,0,0,0
25149219,0,0,0
25162050,0,0,0
25174539,0,0,0
25188997,0,0,0
25199076,0,0,0
25212851,0,0,0
25222998,0,0,0
25233965,0,0,0
25244142,0,0,0
25256136,0,0,0
25270368,0,0,0
25282735,0,0,0
25294903,0,0,0
25306899,0,0,0
25316318,0,0,0
25328349,0,0,0
25340883,0,0,0
25349660,0,0,0
25360390,0,0,0
25375599,0,0,0
25386511,0,0,0
25401222,0,0,0
25412642,0,0,0
25424903,0,0,0
25437889,0,0,0
25448719,0,0,0
25463707,0,0,0
25474676,0,0,0
25489996,0,0,0
25502368,0,0,0
25514737,0,0,0
25528768,0,0,0
25541780,0,0,0
25554812,0,0,0
25563623,0,0,0
25575148,0,0,0
25586932,0,0,0
25599281,0,0,0
25612530,0,0,0
25624530,0,0,0
25635255,0,0,0
25648366,0,0,0
25660024,0,0,0
25672570,0,0,0
25684872,0,0,0
25697086,0,0,0
25707530,0,0,0
25720617,0,0,0
25732209,0,0,0
25743502,0,0,0
25754987,0,0,0
25766716,0,0,0
25778895,0,0,0
25790147,0,0,0
25802610,0,0,0
25814145,0,0,0
25827713,0,0,0
25838274,0,0,0
25850686,0,0,0
25861543,0,0,0
25873728,0,0,0
25883229,0,0,0
25897476,0,0,0
25908287,0,0,0
25919782,0,0,0
25930928,0,0,0
25941652,0,0,0
25954201,0,0,0
25963527,0,0,0
25977118,0,0,0
25987632,0,0,0
26000161,0,0,0
26011189,0,0,0
26023936,0,0,0
26035755,0,0,0
26048338,0,0,0
26058558,0,0,0
26072287,0,0,0
26082101,0,0,0
26094978,0,0,0
26108446,0,0,0
26120462,0,0,0
26134214,0,0,0
26145525,0,0,0
26156364,0,0,0
26170126,0,0,0
26182533,0,0,0
26196467,0,0,0
26207742,0,0,0
26221152,0,0,0
26234507,0,0,0
26248458,0,0,0
26259510,0,0,0
26270238,0,0,0
26282407,0,0,0
26295601,0,0,0
26307376,0,0,0
26318909,0,0,0
26331273,0,0,0
26348593,0,0,0
26362936,0,0,0
26373638,0,0,0
26388273,0,0,0
26404281,0,0,0
26414592,0,0,0
26428196,0,0,0
26439749,0,0,0
26452109,0,0,0
26465024,0,0,0
26475677,0,0,0
26490290,0,0,0
26500927,0,0,0
26513215,0,0,0
26524500,0,0,0
26538364,0,0,0
26552099,0,0,0
26563108,0,0,0
26576487,0,0,0
26589437,0,0,0
26601907,0,0,0
26614745,0,0,0
26625113,0,0,0
26640905,0,0,0
26653131,0,0,0
26667008,0,0,0
26680391,0,0,0
26694718,0,0,0
26704922,0,0,0
26716826,0,0,0
26729711,0,0,0
26742439,0,0,0
26752949,0,0,0
26764274,0,0,0
26775636,0,0,0
26785190,0,0,0
26797421,0,0,0
26808132,0,0,0
26820979,0,0,0
26833295,0,0,0
26846118,0,0,0
26858842,0,0,0
26873696,0,0,0
26889124,0,0,0
26901886,0,0,0
26913299,0,0,0
26924737,0,0,0
26938781,0,0,0
26951806,0,0,0
26964377,0,0,0
26979463,0,0,0
26991331,0,0,0
27002357,0,0,0
27013920,0,0,0
27025648,0,0,0
27039112,0,0,0
27053307,0,0,0
27064427,0,0,0
27076917,0,0,0
27089657,0,0,0
27103412,0,0,0
27116972,0,0,0
27128650,0,0,0
27140491,0,0,0
27153647,0,0,0
27166820,0,0,0
27177419,0,0,0
27189906,0,0,0
27199456,0,0,0
27215572,0,0,0
27224880,0,0,0
27238135,0,0,0
27251017,0,0,0
27265452,0,0,0
27279803,0,0,0
27291894,0,0,0
27304292,0,0,0
27318164,0,0,0
27327768,0,0,0
27341080,0,0,0
27353352,0,0,0
27365256,0,0,0
27377857,0,0,0
27389185,0,0,0
27402148,0,0,0
27416976,0,0,0
27429782,0,0,0
27442330,0,0,0
27451774,0,0,0
27463152,0,0,0
27474873,0,0,0
27486839,0,0,0
27500061,0,0,0
27511468,0,0,0
27523916,0,0,0
27534492,0,0,0
27547598,0,0,0
27559953,0,0,0
27571546,0,0,0
27581527,0,0,0
27593599,0,0,0
27607629,0,0,0
27621230,0,0,0
27631545,0,0,0
27644627,0,0,0
27654752,0,0,0
27672374,0,0,0
27685368,0,0,0
27698820,0,0,0
27707858,0,0,0
27721518,0,0,0
27732560,0,0,0
27744012,0,0,0
27758654,0,0,0
27768303,0,0,0
27781504,0,0,0
27793916,0,0,0
27808805,0,0,0
27820353,0,0,0
27830461,0,0,0
27841769,0,0,0
27853735,0,0,0
27866030,0,0,0
27878994,0,0,0
27890490,0,0,0
27903310,0,0,0
27915985,0,0,0
27926957,0,0,0
27939689,0,0,0
27952162,0,0,0
27963957,0,0,0
27977909,0,0,0
27988631,0,0,0
27999188,0,0,0
28014611,0,0,0
28028850,0,0,0
28038695,0,0,0
28049005,0,0,0
28061635,0,0,0
28075992,0,0,0
28092227,0,0,0
28102265,0,0,0
28117739,0,0,0
28128583,0,0,0
28138173,0,0,0
28148903,0,0,0
28162094,0,0,0
28174575,0,0,0
28186692,0,0,0
28198352,0,0,0
28212338,0,0,0
28225204,0,0,0
28239769,0,0,0
28254818,0,0,0
28265958,0,0,0
28276859,0,0,0
28289894,0,0,0
28301759,0,0,0
28314747,0,0,0
28326245,0,0,0
28343722,0,0,0
28355283,0,0,0
28366877,0,0,0
28381978,0,0,0
28396869,0,0,0
28409672,0,0,0
28423592,0,0,0
28434095,0,0,0
28446334,0,0,0
28459601,0,0,0
28472197,0,0,0
28487500,0,0,0
28503387,0,0,0
28515759,0,0,0
28528822,0,0,0
28540301,0,0,0
28553217,0,0,0
28565747,0,0,0
28576855,0,0,0
28590752,0,0,0
28602867,0,0,0
28612582,0,0,0
28623619,0,0,0
28638255,0,0,0
28649858,0,0,0
28662860,0,0,0
28674019,0,0,0
28685923,0,0,0
28698454,0,0,0
28709239,0,0,0
28720068,0,0,0
28733866,0,0,0
28745129,0,0,0
28757762,0,0,0
28771488,0,0,0
28783293,0,0,0
28795397,0,0,0
28807043,0,0,0
28818596,0,0,0
28830518,0,0,0
28845068,0,0,0
28855799,0,0,0
28869542,0,0,0
28881842,0,0,0
28898000,0,0,0
28909889,0,0,0
28921941,0,0,0
28935137,0,0,0
28951867,0,0,0
28963247,0,0,0
28974250,0,0,0
28987026,0,0,0
28998451,0,0,0
29010201,0,0,0
29019993,0,0,0
29032794,0,0,0
29042575,0,0,0
29055579,0,0,0
29067065,0,0,0
29079026,0,0,0
29089711,0,0,0
29100810,0,0,0
29114794,0,0,0
29126336,0,0,0
29138719,0,0,0
29150083,0,0,0
29161761,0,0,0
29172960,0,0,0
29184972,0,0,0
29196520,0,0,0
29208275,0,0,0
29222399,0,0,0
29233362,0,0,0
29247199,0,0,0
29259784,0,0,0
29276133,0,0,0
29291087,0,0,0
29302850,0,0,0
29318355,0,0,0
29329409,0,0,0
29341036,0,0,0
29354556,0,0,0
29366856,0,0,0
29379292,0,0,0
29393988,0,0,0
29406981,0,0,0
29418895,0,0,0
29431694,0,0,0
29446012,0,0,0
29461533,0,0,0
29473852,0,0,0
29486933,0,0,0
29497136,0,0,0
29511811,0,0,0
29524004,0,0,0
29536524,0,0,0
29549229,0,0,0
29562178,0,0,0
29574797,0,0,0
29586811,0,0,0
29599946,0,0,0
29609860,0,0,0
29621416,0,0,0
29637620,0,0,0
29651024,0,0,0
29663036,0,0,0
29675035,0,0,0
29695850,0,0,0
29709228,0,0,0
29719801,0,0,0
29732948,0,0,0
29746056,0,0,0
29762586,0,0,0
29774074,0,0,0
29788719,0,0,0
29801968,0,0,0
29814690,0,0,0
29826724,0,0,0
29838155,0,0,0
29850717,0,0,0
29862520,0,0,0
29875134,0,0,0
29886386,0,0,0
29899651,0,0,0
29912455,0,0,0
29922764,0,0,0
29936720,0,0,0
29947348,0,0,0
29961986,0,0,0
29974761,0,0,0
29984404,0,0,0
29996203,0,0,0
30005827,0,0,0
30015963,0,0,0
30028235,0,0,0
30037555,0,0,0
30049403,0,0,0
30060929,0,0,0
30074026,0,0,0
30085049,0,0,0
30098904,0,0,0
30110638,0,0,0
30124254,0,0,0
30136707,0,0,0
30146956,0,0,0
30157595,0,0,0
30171857,0,0,0
30182359,0,0,0
30193319,0,0,0
30207163,0,0,0
30220554,0,0,0
30233096,0,0,0
30246662,0,0,0
30257816,0,0,0
30272182,0,0,0
30282620,0,0,0
30295068,0,0,0
30305189,0,0,0
30317757,0,0,0
30329745,0,0,0
30342184,0,0,0
30353474,0,0,0
30363765,0,0,0
30377046,0,0,0
30389281,0,0,0
30400579,0,0,0
30411489,0,0,0
30422113,0,0,0
30434251,0,0,0
30445758,0,0,0
30460374,0,0,0
30478059,0,0,0
30490939,0,0,0
30504809,0,0,0
30515477,0,0,0
30527781,0,0,0
30541774,0,0,0
30555308,0,0,0
30568981,0,0,0
30581184,0,0,0
30593069,0,0,0
30604856,0,0,0
30618828,0,0,0
30631330,0,0,0
30645805,0,0,0
30658863,0,0,0
30671326,0,0,0
30682490,0,0,0
30697920,0,0,0
30710302,0,0,0
30726101,0,0,0
30735722,0,0,0
30750509,0,0,0
30762231,0,0,0
30772584,0,0,0
30783056,0,0,0
30795728,0,0,0
30807038,0,0,0
30819908,0,0,0
30833253,0,0,0
30843865,0,0,0
30855335,0,0,0
30868390,0,0,0
30881552,0,0,0
30893095,0,0,0
30906743,0,0,0
30916383,0,0,0
30930221,0,0,0
30947263,0,0,0
30959353,0,0,0
30971328,0,0,0
30986213,0,0,0
30997992,0,0,0
31008968,0,0,0
31022916,0,0,0
31036823,0,0,0
31049111,0,0,0
31058188,0,0,0
31072015,0,0,0
31083233,0,0,0
31094762,0,0,0
31107301,0,0,0
31121248,0,0,0
31135146,0,0,0
31148293,0,0,0
31163550,0,0,0
31176094,0,0,0
31192927,0,0,0
31204616,0,0,0
31216034,0,0,0
31229190,0,0,0
31242295,0,0,0
31255544,0,0,0
31268699,0,0,0
31281718,0,0,0
31296221,0,0,0
31306977,0,0,0
31320827,0,0,0
31334148,0,0,0
31344001,0,0,0
31357169,0,0,0
31372135,0,0,0
31385589,0,0,0
31396542,0,0,0
31413665,0,0,0
31427305,0,0,0
31443013,0,0,0
31453220,0,0,0
31466358,0,0,0
31479443,0,0,0
31490475,0,0,0
31504096,0,0,0
31522482,0,0,0
31532528,0,0,0
31545013,0,0,0
31555737,0,0,0
31568841,0,0,0
31582601,0,0,0
31592996,0,0,0
31604323,0,0,0
31617376,0,0,0
31627968,0,0,0
31642122,0,0,0
31655025,0,0,0
31666781,0,0,0
31678977,0,0,0
31689972,0,0,0
31705417,0,0,0
31719392,0,0,0
31731224,0,0,0
31744104,0,0,0
31755422,0,0,0
31766670,0,0,0
31781931,0,0,0
31793826,0,0,0
31805923,0,0,0
31818855,0,0,0
31831072,0,0,0
31842419,0,0,0
31855924,0,0,0
31867780,0,0,0
31879587,0,0,0
31892349,0,0,0
31902269,0,0,0
31917667,0,0,0
31929296,0,0,0
31942375,0,0,0
31953865,0,0,0
31970239,0,0,0
31983269,0,0,0
31994124,0,0,0
32007129,0,0,0
32022378,0,0,0
32034592,0,0,0
32045582,0,0,0
32057844,0,0,0
32070347,0,0,0
32085282,0,0,0
32095594,0,0,0
32108153,0,0,0
32122531,0,0,0
32134563,0,0,0
32146650,0,0,0
32158839,0,0,0
32177291,0,0,0
32187377,0,0,0
32200785,0,0,0
32213316,0,0,0
32226452,0,0,0
32237436,0,0,0
32247107,0,0,0
32258669,0,0,0
32270267,0,0,0
32281349,0,0,0
32293887,0,0,0
32306688,0,0,0
32321013,0,0,0
32333122,0,0,0
32343252,0,0,0
32355240,0,0,0
32368385,0,0,0
32383862,0,0,0
32399287,0,0,0
32410736,0,0,0
32422565,0,0,0
32436370,0,0,0
32454676,0,0,0
32467507,0,0,0
32481220,0,0,0
32494375,0,0,0
32506253,0,0,0
32517672,0,0,0
32531048,0,0,0
32542215,0,0,0
32555168,0,0,0
32564629,0,0,0
32575279,0,0,0
32588155,0,0,0
32598844,0,0,0
32611640,0,0,0
32624753,0,0,0
32636212,0,0,0
32651307,0,0,0
32666947,0,0,0
32679194,0,0,0
32690427,0,0,0
32702202,0,0,0
32712704,0,0,0
32728460,0,0,0
32738583,0,0,0
32750438,0,0,0
32760211,0,0,0
32774342,0,0,0
32786666,0,0,0
32798544,0,0,0
32813127,0,0,0
32826744,0,0,0
32838481,0,0,0
32849831,0,0,0
32864405,0,0,0
32880071,0,0,0
32889125,0,0,0
32902649,0,0,0
32915460,0,0,0
32928226,0,0,0
32941139,0,0,0
32953717,0,0,0
32963558,0,0,0
32976150,0,0,0
32986888,0,0,0
32999052,0,0,0
33012455,0,0,0
33025571,0,0,0
33039438,0,0,0
33053590,0,0,0
33064801,0,0,0
33074958,0,0,0
33084827,0,0,0
33098467,0,0,0
33111110,0,0,0
33121661,0,0,0
33132947,0,0,0
33144918,0,0,0
33159007,0,0,0
33169275,0,0,0
33183965,0,0,0
33197325,0,0,0
33209846,0,0,0
33220961,0,0,0
33235596,0,0,0
33246361,0,0,0
33261083,0,0,0
33274889,0,0,0
33289059,0,0,0
33305668,0,0,0
33315710,0,0,0
33327991,0,0,0
33337280,0,0,0
33350013,0,0,0
33360609,0,0,0
33373732,0,0,0
33385006,0,0,0
33398913,0,0,0
33410695,0,0,0
33423503,0,0,0
33436014,0,0,0
33447973,0,0,0
33460680,0,0,0
33472439,0,0,0
33487543,0,0,0
33499984,0,0,0
33514034,0,0,0
33524057,0,0,0
33538100,0,0,0
33548548,0,0,0
33564891,0,0,0
33583202,0,0,0
33598776,0,0,0
33609082,0,0,0
33619091,0,0,0
33633308,0,0,0
33644582,0,0,0
33656490,0,0,0
33666912,0,0,0
33680710,0,0,0
33693083,0,0,0
33707542,0,0,0
33725749,0,0,0
33736784,0,0,0
33748852,0,0,0
33759880,0,0,0
33771515,0,0,0
33785980,0,0,0
33797258,0,0,0
33809088,0,0,0
33820269,0,0,0
33833169,0,0,0
33844288,0,0,0
33854416,0,0,0
33866860,0,0,0
33878739,0,0,0
33891859,0,0,0
33906847,0,0,0
33918511,0,0,0
33928146,0,0,0
33944117,0,0,0
33957096,0,0,0
33970168,0,0,0
33980639,0,0,0
33990220,0,0,0
34001615,0,0,0
34016092,0,0,0
34027416,0,0,0
34039980,0,0,0
34051671,0,0,0
34065967,0,0,0
34079405,0,0,0
34094519,0,0,0
34111817,0,0,0
34124617,0,0,0
34139090,0,0,0
34150711,0,0,0
34160510,0,0,0
34172877,0,0,0
34185627,0,0,0
34198903,0,0,0
34211804,0,0,0
34224437,0,0,0
34238019,0,0,0
34251949,0,0,0
34264037,0,0,0
34274168,0,0,0
34285989,0,0,0
34299050,0,0,0
34309038,0,0,0
34321180,0,0,0
34330089,0,0,0
34342330,0,0,0
34354837,0,0,0
34367227,0,0,0
34377151,0,0,0
34389603,0,0,0
34399963,0,0,0
34413618,0,0,0
34425922,0,0,0
34436761,0,0,0
34448360,0,0,0
34459295,0,0,0
34468896,0,0,0
34481494,0,0,0
34494610,0,0,0
34507917,0,0,0
34519733,0,0,0
34529332,0,0,0
34544614,0,0,0
34554135,0,0,0
34568323,0,0,0
34580391,0,0,0
34591982,0,0,0
34604174,0,0,0
34614165,0,0,0
34625510,0,0,0
34637133,0,0,0
34649078,0,0,0
34659847,0,0,0
34670914,0,0,0
34684629,0,0,0
34696245,0,0,0
34708006,0,0,0
34717716,0,0,0
34727862,0,0,0
34739964,0,0,0
34752873,0,0,0
34766007,0,0,0
34775855,0,0,0
34789948,0,0,0
34803865,0,0,0
34818193,0,0,0
34829962,0,0,0
34841953,0,0,0
34852889,0,0,0
34870402,0,0,0
34882746,0,0,0
34893215,0,0,0
34906901,0,0,0
34918584,0,0,0
34932457,0,0,0
34948997,0,0,0
34958092,0,0,0
34970555,0,0,0
34980263,0,0,0
34993027,0,0,0
35005862,0,0,0
35016322,0,0,0
35031354,0,0,0
35042560,0,0,0
35060872,0,0,0
35071320,0,0,0
35086769,0,0,0
35098967,0,0,0
35110578,0,0,0
35123749,0,0,0
35135153,0,0,0
35145738,0,0,0
35159464,0,0,0
35171550,0,0,0
35184187,0,0,0
35197167,0,0,0
35209136,0,0,0
35222924,0,0,0
35234602,0,0,0
35246803,0,0,0
35261300,0,0,0
35272331,0,0,0
35282275,0,0,0
35295502,0,0,0
35308544,0,0,0
35319056,0,0,0
35333881,0,0,0
35345005,0,0,0
35358596,0,0,0
35371988,0,0,0
35384936,0,0,0
35396151,0,0,0
35409122,0,0,0
35423184,0,0,0
35438262,0,0,0
35451096,0,0,0
35464612,0,0,0
35477848,0,0,0
35488060,0,0,0
35499517,0,0,0
35513466,0,0,0
35523244,0,0,0
35539183,0,0,0
35549565,0,0,0
35560039,0,0,0
35572141,0,0,0
35583492,0,0,0
35597135,0,0,0
35608984,0,0,0
35621915,0,0,0
35633924,0,0,0
35646748,0,0,0
35665879,0,0,0
35680185,0,0,0
35694294,0,0,0
35708261,0,0,0
35719354,0,0,0
35730953,0,0,0
35747283,0,0,0
35757553,0,0,0
35774609,0,0,0
35783864,0,0,0
35795091,0,0,0
35807271,0,0,0
35817558,0,0,0
35830736,0,0,0
35846936,0,0,0
35858963,0,0,0
35871370,0,0,0
35883723,0,0,0
35898259,0,0,0
35907500,0,0,0
35926652,0,0,0
35937425,0,0,0
35948410,0,0,0
35959157,0,0,0
35974085,0,0,0
35988406,0,0,0
36000398,0,0,0
36012882,0,0,0
36024294,0,0,0
36038076,0,0,0
36048976,0,0,0
36060772,0,0,0
36077723,0,0,0
36089377,0,0,0
36102655,0,0,0
36114031,0,0,0
36125015,0,0,0
36135564,0,0,0
36149069,0,0,0
36161319,0,0,0
36175980,0,0,0
36185975,0,0,0
36197210,0,0,0
36209488,0,0,0
36224220,0,0,0
36235787,0,0,0
36246041,0,0,0
36256778,0,0,0
36270222,0,0,0
36283294,0,0,0
36300025,0,0,0
36313129,0,0,0
36322535,0,0,0
36336668,0,0,0
36347389,0,0,0
36361780,0,0,0
36372953,0,0,0
36387033,0,0,0
36400720,0,0,0
36414568,0,0,0
36425923,0,0,0
36438147,0,0,0
36448618,0,0,0
36462143,0,0,0
36480791,0,0,0
36495463,0,0,0
36507870,0,0,0
36522185,0,0,0
36542326,0,0,0
36555290,0,0,0
36566861,0,0,0
36576709,0,0,0
36588427,0,0,0
36598208,0,0,0
36611891,0,0,0
36623290,0,0,0
36637284,0,0,0
36647609,0,0,0
36659359,0,0,0
36670423,0,0,0
36686259,0,0,0
36698609,0,0,0
36711855,0,0,0
36725031,0,0,0
36736929,0,0,0
36750310,0,0,0
36760982,0,0,0
36770128,0,0,0
36786335,0,0,0
36796091,0,0,0
36808285,0,0,0
36821560,0,0,0
36831830,0,0,0
36844083,0,0,0
36857640,0,0,0
36868539,0,0,0
36879933,0,0,0
36894359,0,0,0
36906788,0,0,0
36921266,0,0,0
36934238,0,0,0
36946711,0,0,0
36956980,0,0,0
36969744,0,0,0
36982285,0,0,0
36994784,0,0,0
37004660,0,0,0
37017110,0,0,0
37029243,0,0,0
37041732,0,0,0
37053961,0,0,0
37066942,0,0,0
37078393,0,0,0
37090985,0,0,0
37102212,0,0,0
37115340,0,0,0
37130577,0,0,0
37139932,0,0,0
37153297,0,0,0
37165605,0,0,0
37180129,0,0,0
37194364,0,0,0
37206121,0,0,0
37219364,0,0,0
37231165,0,0,0
37244823,0,0,0
37255957,0,0,0
37268015,0,0,0
37280916,0,0,0
37294556,0,0,0
37307964,0,0,0
37322745,0,0,0
37337155,0,0,0
37350152,0,0,0
37365317,0,0,0
37376401,0,0,0
37390168,0,0,0
37402143,0,0,0
37413389,0,0,0
37428948,0,0,0
37437852,0,0,0
37449953,0,0,0
37459942,0,0,0
37472008,0,0,0
37482936,0,0,0
37493575,0,0,0
37503832,0,0,0
37516623,0,0,0
37530084,0,0,0
37551048,0,0,0
37560979,0,0,0
37573759,0,0,0
37585520,0,0,0
37597894,0,0,0
37611690,0,0,0
37625369,0,0,0
37636455,0,0,0
37647707,0,0,0
37658353,0,0,0
37672652,0,0,0
37684007,0,0,0
37698717,0,0,0
37711221,0,0,0
37723681,0,0,0
37735942,0,0,0
37746835,0,0,0
37758891,0,0,0
37770629,0,0,0
37783149,0,0,0
37794711,0,0,0
37806641,0,0,0
37817401,0,0,0
37830851,0,0,0
37841850,0,0,0
37853182,0,0,0
37864183,0,0,0
37874282,0,0,0
37887031,0,0,0
37896622,0,0,0
37910689,0,0,0
37921129,0,0,0
37932622,0,0,0
37948312,0,0,0
37963348,0,0,0
37973010,0,0,0
37984248,0,0,0
37994146,0,0,0
38007303,0,0,0
38021341,0,0,0
38035638,0,0,0
38050616,0,0,0
38065190,0,0,0
38073876,0,0,0
38088031,0,0,0
38100307,0,0,0
38115108,0,0,0
38127168,0,0,0
38139237,0,0,0
38153244,0,0,0
38165775,0,0,0
38178692,0,0,0
38190037,0,0,0
38203130,0,0,0
38214744,0,0,0
38227088,0,0,0
38238697,0,0,0
38253297,0,0,0
38265509,0,0,0
38277000,0,0,0
38287979,0,0,0
38297675,0,0,0
38310490,0,0,0
38323961,0,0,0
38338240,0,0,0
38350599,0,0,0
38363494,0,0,0
38373991,0,0,0
38387149,0,0,0
38397268,0,0,0
38409975,0,0,0
38422941,0,0,0
38432281,0,0,0
38446120,0,0,0
38457854,0,0,0
38470902,0,0,0
38480921,0,0,0
38492388,0,0,0
38505121,0,0,0
38519149,0,0,0
38535459,0,0,0
38545526,0,0,0
38557454,0,0,0
38570469,0,0,0
38579877,0,0,0
38595080,0,0,0
38607180,0,0,0
38619206,0,0,0
38632105,0,0,0
38643251,0,0,0
38655578,0,0,0
38670247,0,0,0
38682242,0,0,0
38692483,0,0,0
38710101,0,0,0
38723766,0,0,0
38735952,0,0,0
38749604,0,0,0
38758893,0,0,0
38770966,0,0,0
38784839,0,0,0
38798084,0,0,0
38809398,0,0,0
38821623,0,0,0
38833339,0,0,0
38847026,0,0,0
38860860,0,0,0
38873102,0,0,0
38883848,0,0,0
38896451,0,0,0
38907758,0,0,0
38919120,0,0,0
38933812,0,0,0
38945036,0,0,0
38957835,0,0,0
38969542,0,0,0
38986320,0,0,0
38995875,0,0,0
39007828,0,0,0
39018229,0,0,0
39032203,0,0,0
39043515,0,0,0
39052876,0,0,0
39065865,0,0,0
39079853,0,0,0
39096156,0,0,0
39107246,0,0,0
39124137,0,0,0
39136042,0,0,0
39150525,0,0,0
39162271,0,0,0
39173844,0,0,0
39186078,0,0,0
39198290,0,0,0
39210989,0,0,0
39222666,0,0,0
39235941,0,0,0
39248344,0,0,0
39258584,0,0,0
39271388,0,0,0
39282356,0,0,0
39294338,0,0,0
39307415,0,0,0
39318590,0,0,0
39331593,0,0,0
39345394,0,0,0
39359878,0,0,0
39371630,0,0,0
39384769,0,0,0
39395087,0,0,0
39405989,0,0,0
39418903,0,0,0
39429604,0,0,0
39442601,0,0,0
39456875,0,0,0
39467168,0,0,0
39482745,0,0,0
39496026,0,0,0
39509429,0,0,0
39521576,0,0,0
39536234,0,0,0
39549161,0,0,0
39562587,0,0,0
39573509,0,0,0
39586469,0,0,0
39596907,0,0,0
39610651,0,0,0
39622503,0,0,0
39635469,0,0,0
39648333,0,0,0
39659822,0,0,0
39671982,0,0,0
39686508,0,0,0
39699444,0,0,0
39710551,0,0,0
39725216,0,0,0
39740542,0,0,0
39752016,0,0,0
39765981,0,0,0
39780557,0,0,0
39791775,0,0,0
39803722,0,0,0
39815664,0,0,0
39827359,0,0,0
39839282,0,0,0
39850598,0,0,0
39864529,0,0,0
39876814,0,0,0
39887855,0,0,0
39901375,0,0,0
39914814,0,0,0
39929341,0,0,0
39940349,0,0,0
39958892,0,0,0
39969938,0,0,0
39982526,0,0,0
39997177,0,0,0
40008422,0,0,0
40018142,0,0,0
40028928,0,0,0
40040964,0,0,0
40054517,0,0,0
40064846,0,0,0
40077991,0,0,0
40090793,0,0,0
40103111,0,0,0
40114552,0,0,0
40123695,0,0,0
40136197,0,0,0
40146468,0,0,0
40157656,0,0,0
40170812,0,0,0
40183191,0,0,0
40197227,0,0,0
40215169,0,0,0
40226754,0,0,0
40237476,0,0,0
40253122,0,0,0
40268626,0,0,0
40282105,0,0,0
40293210,0,0,0
40306142,0,0,0
40318280,0,0,0
40330457,0,0,0
40342944,0,0,0
40357268,0,0,0
40371599,0,0,0
40387442,0,0,0
40399099,0,0,0
40412923,0,0,0
40426543,0,0,0
40437150,0,0,0
40451342,0,0,0
40464866,0,0,0
40477225,0,0,0
40492133,0,0,0
40503411,0,0,0
40516029,0,0,0
40530935,0,0,0
40541195,0,0,0
40554671,0,0,0
40572868,0,0,0
40584069,0,0,0
40593193,0,0,0
40603231,0,0,0
40619284,0,0,0
40629657,0,0,0
40645608,0,0,0
40655142,0,0,0
40669057,0,0,0
40682070,0,0,0
40694810,0,0,0
40705105,0,0,0
40717859,0,0,0
40729341,0,0,0
40743490,0,0,0
40755707,0,0,0
40766585,0,0,0
40776215,0,0,0
40787411,0,0,0
40799050,0,0,0
40812196,0,0,0
40825393,0,0,0
40836755,0,0,0
40847091,0,0,0
40860904,0,0,0
40872532,0,0,0
40885226,0,0,0
40898615,0,0,0
40910379,0,0,0
40921283,0,0,0
40932242,0,0,0
40944427,0,0,0
40962205,0,0,0
40973900,0,0,0
40985104,0,0,0
40998225,0,0,0
41008960,0,0,0
41022445,0,0,0
41035379,0,0,0
41052604,0,0,0
41063582,0,0,0
41076689,0,0,0
41090973,0,0,0
41105286,0,0,0
41116176,0,0,0
41128451,0,0,0
41143743,0,0,0
41155993,0,0,0
41168041,0,0,0
41178932,0,0,0
41191708,0,0,0
41202251,0,0,0
41214910,0,0,0
41225522,0,0,0
41236853,0,0,0
41251488,0,0,0
41263386,0,0,0
41275202,0,0,0
41287975,0,0,0
41298011,0,0,0
41310955,0,0,0
41323225,0,0,0
41337348,0,0,0
41350601,0,0,0
41363162,0,0,0
41378597,0,0,0
41391272,0,0,0
41405457,0,0,0
41417385,0,0,0
41430866,0,0,0
41444143,0,0,0
41455564,0,0,0
41472745,0,0,0
41485403,0,0,0
41497908,0,0,0
41509179,0,0,0
41522821,0,0,0
41543626,0,0,0
41554128,0,0,0
41565511,0,0,0
41578076,0,0,0
41589871,0,0,0
41604636,0,0,0
41619544,0,0,0
41633530,0,0,0
41646299,0,0,0
41656736,0,0,0
41671355,0,0,0
41687713,0,0,0
41700214,0,0,0
41710876,0,0,0
41725437,0,0,0
41739000,0,0,0
41750454,0,0,0
41765398,0,0,0
41779612,0,0,0
41790825,0,0,0
41802383,0,0,0
41814447,0,0,0
41826933,0,0,0
41838309,0,0,0
41850465,0,0,0
41864353,0,0,0
41877709,0,0,0
41888908,0,0,0
41899933,0,0,0
41911641,0,0,0
41920495,0,0,0
41933206,0,0,0
41944498,0,0,0
41955197,0,0,0
41967837,0,0,0
41977041,0,0,0
41992918,0,0,0
42004610,0,0,0
42016297,0,0,0
42030266,0,0,0
42043113,0,0,0
42057412,0,0,0
42068118,0,0,0
42081713,0,0,0
42091078,0,0,0
42105132,0,0,0
42119145,0,0,0
42132205,0,0,0
42143588,0,0,0
42157070,0,0,0
42170999,0,0,0
42184008,0,0,0
42195204,0,0,0
42206241,0,0,0
42216698,0,0,0
42230321,0,0,0
42243672,0,0,0
42254955,0,0,0
42267318,0,0,0
42279050,0,0,0
42290091,0,0,0
42304322,0,0,0
42317873,0,0,0
42326662,0,0,0
42349839,0,0,0
42361049,0,0,0
42374592,0,0,0
42385686,0,0,0
42396622,0,0,0
42409866,0,0,0
42422306,0,0,0
42434099,0,0,0
42445249,0,0,0
42456702,0,0,0
42469058,0,0,0
42480633,0,0,0
42492512,0,0,0
42505763,0,0,0
42517397,0,0,0
42530277,0,0,0
42544185,0,0,0
42555326,0,0,0
42565955,0,0,0
42581107,0,0,0
42593711,0,0,0
42608367,0,0,0
42622523,0,0,0
42633132,0,0,0
42644564,0,0,0
42658943,0,0,0
42669173,0,0,0
42678115,0,0,0
42691672,0,0,0
42702731,0,0,0
42714843,0,0,0
42728369,0,0,0
42742251,0,0,0
42754419,0,0,0
42765789,0,0,0
42778910,0,0,0
42789534,0,0,0
42800989,0,0,0
42812928,0,0,0
42826642,0,0,0
42836993,0,0,0
42850019,0,0,0
42861914,0,0,0
42874826,0,0,0
42887117,0,0,0
42904672,0,0,0
42914366,0,0,0
42924026,0,0,0
42934630,0,0,0
42948961,0,0,0
42958983,0,0,0
42971403,0,0,0
42984208,0,0,0
42996676,0,0,0
43012259,0,0,0
43026865,0,0,0
43038377,0,0,0
43053590,0,0,0
43066275,0,0,0
43079508,0,0,0
43089979,0,0,0
43102310,0,0,0
43115280,0,0,0
43127319,0,0,0
43139792,0,0,0
43151268,0,0,0
43164766,0,0,0
43176515,0,0,0
43189954,0,0,0
43203715,0,0,0
43217419,0,0,0
43230676,0,0,0
43240448,0,0,0
43253538,0,0,0
43265528,0,0,0
43275608,0,0,0
43290052,0,0,0
43301146,0,0,0
43313025,0,0,0
43324828,0,0,0
43336157,0,0,0
43349210,0,0,0
43361270,0,0,0
43374679,0,0,0
43389523,0,0,0
43400810,0,0,0
43415041,0,0,0
43425920,0,0,0
43440058,0,0,0
43453059,0,0,0
43463790,0,0,0
43476265,0,0,0
43486372,0,0,0
43501615,0,0,0
43513913,0,0,0
43523423,0,0,0
43536186,0,0,0
43553196,0,0,0
43569351,0,0,0
43583320,0,0,0
43597568,0,0,0
43609471,0,0,0
43624130,0,0,0
43637616,0,0,0
43649403,0,0,0
43662187,0,0,0
43676360,0,0,0
43686976,0,0,0
43697993,0,0,0
43710410,0,0,0
43723251,0,0,0
43735385,0,0,0
43746708,0,0,0
43758132,0,0,0
43771963,0,0,0
43786255,0,0,0
43797894,0,0,0
43811184,0,0,0
43822796,0,0,0
43834381,0,0,0
43846844,0,0,0
43860951,0,0,0
43876554,0,0,0
43885599,0,0,0
43896020,0,0,0
43909393,0,0,0
43922375,0,0,0
43936624,0,0,0
43950695,0,0,0
43962497,0,0,0
43973507,0,0,0
43986906,0,0,0
43997998,0,0,0
44009884,0,0,0
44020004,0,0,0
44032531,0,0,0
44046719,0,0,0
44059235,0,0,0
44068884,0,0,0
44081520,0,0,0
44095810,0,0,0
44108493,0,0,0
44118928,0,0,0
44131605,0,0,0
44143032,0,0,0
44152308,0,0,0
44166530,0,0,0
44177940,0,0,0
44190998,0,0,0
44203166,0,0,0
44215999,0,0,0
44229628,0,0,0
44242510,0,0,0
44258439,0,0,0
44268557,0,0,0
44280545,0,0,0
44294279,0,0,0
44304503,0,0,0
44316001,0,0,0
44331809,0,0,0
44344826,0,0,0
44359261,0,0,0
44369567,0,0,0
44383819,0,0,0
44397339,0,0,0
44409997,0,0,0
44423157,0,0,0
44433642,0,0,0
44445994,0,0,0
44457431,0,0,0
44468862,0,0,0
44484294,0,0,0
44498976,0,0,0
44511204,0,0,0
44529264,0,0,0
44540916,0,0,0
44553337,0,0,0
44564646,0,0,0
44576719,0,0,0
44590133,0,0,0
44602339,0,0,0
44615028,0,0,0
44627218,0,0,0
44639325,0,0,0
44655767,0,0,0
44668342,0,0,0
44681632,0,0,0
44694287,0,0,0
44708727,0,0,0
44721457,0,0,0
44733406,0,0,0
44743484,0,0,0
44755755,0,0,0
44767610,0,0,0
44779731,0,0,0
44793986,0,0,0
44804065,0,0,0
44816833,0,0,0
44831312,0,0,0
44842806,0,0,0
44853581,0,0,0
44869976,0,0,0
44887042,0,0,0
44899762,0,0,0
44912595,0,0,0
44925118,0,0,0
44936154,0,0,0
44948394,0,0,0
44960126,0,0,0
44972386,0,0,0
44983616,0,0,0
44995068,0,0,0
45006596,0,0,0
45019664,0,0,0
45031046,0,0,0
45041154,0,0,0
45056242,0,0,0
45067933,0,0,0
45081169,0,0,0
45092524,0,0,0
45106566,0,0,0
45121712,0,0,0
45133343,0,0,0
45146428,0,0,0
45160181,0,0,0
45173841,0,0,0
45191247,0,0,0
45204920,0,0,0
45217145,0,0,0
45229229,0,0,0
45243987,0,0,0
45257175,0,0,0
45270785,0,0,0
45283794,0,0,0
45295671,0,0,0
45308734,0,0,0
45321462,0,0,0
45334205,0,0,0
45345152,0,0,0
45357223,0,0,0
45366536,0,0,0
45381412,0,0,0
45392421,0,0,0
45406177,0,0,0
45417670,0,0,0
45428625,0,0,0
45441961,0,0,0
45455107,0,0,0
45466236,0,0,0
45476564,0,0,0
45490451,0,0,0
45503871,0,0,0
45514703,0,0,0
45529784,0,0,0
45542553,0,0,0
45554970,0,0,0
45567342,0,0,0
45576495,0,0,0
45591676,0,0,0
45602641,0,0,0
45616721,0,0,0
45626991,0,0,0
45641442,0,0,0
45657551,0,0,0
45672079,0,0,0
45683797,0,0,0
45695663,0,0,0
45705853,0,0,0
45716572,0,0,0
45728857,0,0,0
45740502,0,0,0
45754975,0,0,0
45765264,0,0,0
45776222,0,0,0
45788290,0,0,0
45800831,0,0,0
45814577,0,0,0
45827585,0,0,0
45840809,0,0,0
45852222,0,0,0
45867422,0,0,0
45884893,0,0,0
45896755,0,0,0
45905299,0,0,0
45920196,0,0,0
45931342,0,0,0
45945049,0,0,0
45960287,0,0,0
45970689,0,0,0
45983274,0,0,0
45992794,0,0,0
46007129,0,0,0
46020095,0,0,0
46032311,0,0,0
46042549,0,0,0
46052582,0,0,0
46061165,0,0,0
46071403,0,0,0
46083555,0,0,0
46095013,0,0,0
46105778,0,0,0
46115410,0,0,0
46127302,0,0,0
46141893,0,0,0
46158193,0,0,0
46170211,0,0,0
46180421,0,0,0
46192789,0,0,0
46204006,0,0,0
46216391,0,0,0
46229491,0,0,0
46240827,0,0,0
46255647,0,0,0
46267058,0,0,0
46283431,0,0,0
46292464,0,0,0
46308120,0,0,0
46321258,0,0,0
46333149,0,0,0
46347687,0,0,0
46360315,0,0,0
46373141,0,0,0
46388798,0,0,0
46398135,0,0,0
46408429,0,0,0
46420138,0,0,0
46430919,0,0,0
46442976,0,0,0
46455784,0,0,0
46465874,0,0,0
46475867,0,0,0
46490407,0,0,0
46500671,0,0,0
46516946,0,0,0
46529957,0,0,0
46544324,0,0,0
46554248,0,0,0
46570110,0,0,0
46581737,0,0,0
46590993,0,0,0
46601631,0,0,0
46612307,0,0,0
46625603,0,0,0
46637803,0,0,0
46647770,0,0,0
46658844,0,0,0
46670916,0,0,0
46683339,0,0,0
46695952,0,0,0
46707342,0,0,0
46721207,0,0,0
46733847,0,0,0
46747715,0,0,0
46760390,0,0,0
46771441,0,0,0
46782592,0,0,0
46795497,0,0,0
46808234,0,0,0
46821259,0,0,0
46835238,0,0,0
46845913,0,0,0
46864357,0,0,0
46876300,0,0,0
46889202,0,0,0
46900213,0,0,0
46913118,0,0,0
46925350,0,0,0
46937251,0,0,0
46950291,0,0,0
46964036,0,0,0
46975833,0,0,0
46987533,0,0,0
47000726,0,0,0
47011011,0,0,0
47021850,0,0,0
47036031,0,0,0
47048965,0,0,0
47060406,0,0,0
47071937,0,0,0
47083175,0,0,0
47095036,0,0,0
47105994,0,0,0
47117855,0,0,0
47128902,0,0,0
47140963,0,0,0
47150960,0,0,0
47162164,0,0,0
47172417,0,0,0
47183177,0,0,0
47195715,0,0,0
47205217,0,0,0
47216652,0,0,0
47228310,0,0,0
47240594,0,0,0
47252562,0,0,0
47263613,0,0,0
47277342,0,0,0
47289086,0,0,0
47298989,0,0,0
47311924,0,0,0
47321752,0,0,0
47335555,0,0,0
47347130,0,0,0
47359394,0,0,0
47372593,0,0,0
47385518,0,0,0
47398076,0,0,0
47410948,0,0,0
47421007,0,0,0
47432565,0,0,0
47444011,0,0,0
47456101,0,0,0
47469452,0,0,0
47480609,0,0,0
47493047,0,0,0
47508372,0,0,0
47519717,0,0,0
47532891,0,0,0
47547274,0,0,0
47558393,0,0,0
47570642,0,0,0
47586267,0,0,0
47600136,0,0,0
47611068,0,0,0
47624483,0,0,0
47634153,0,0,0
47647318,0,0,0
47661542,0,0,0
47674774,0,0,0
47688364,0,0,0
47699905,0,0,0
47711296,0,0,0
47721944,0,0,0
47733153,0,0,0
47742726,0,0,0
47755954,0,0,0
47768151,0,0,0
47779846,0,0,0
47792630,0,0,0
47805794,0,0,0
47818688,0,0,0
47830515,0,0,0
47842283,0,0,0
47852400,0,0,0
47864943,0,0,0
47875288,0,0,0
47888395,0,0,0
47898022,0,0,0
47910917,0,0,0
47925632,0,0,0
47937732,0,0,0
47950439,0,0,0
47965026,0,0,0
47976517,0,0,0
47988127,0,0,0
48000479,0,0,0
48011561,0,0,0
48024425,0,0,0
48033733,0,0,0
48049097,0,0,0
48058906,0,0,0
48069530,0,0,0
48081531,0,0,0
48094627,0,0,0
48108362,0,0,0
48121421,0,0,0
48133000,0,0,0
48144822,0,0,0
48156925,0,0,0
48167922,0,0,0
48182035,0,0,0
48198460,0,0,0
48210704,0,0,0
48222105,0,0,0
48233993,0,0,0
48246279,0,0,0
48258086,0,0,0
48270034,0,0,0
48284248,0,0,0
48298101,0,0,0
48310646,0,0,0
48323600,0,0,0
48334966,0,0,0
48346212,0,0,0
48356346,0,0,0
48370589,0,0,0
48381946,0,0,0
48396172,0,0,0
48406937,0,0,0
48421867,0,0,0
48434692,0,0,0
48446739,0,0,0
48458081,0,0,0
48471125,0,0,0
48480857,0,0,0
48492712,0,0,0
48506169,0,0,0
48517552,0,0,0
48528604,0,0,0
48543379,0,0,0
48554318,0,0,0
48565048,0,0,0
48577429,0,0,0
48590818,0,0,0
48605250,0,0,0
48619706,0,0,0
48632058,0,0,0
48645152,0,0,0
48656259,0,0,0
48673984,0,0,0
48685159,0,0,0
48698533,0,0,0
48715317,0,0,0
48727290,0,0,0
48738265,0,0,0
48753123,0,0,0
48763700,0,0,0
48774557,0,0,0
48786994,0,0,0
48798765,0,0,0
48811472,0,0,0
48826078,0,0,0
48839720,0,0,0
48852385,0,0,0
48865467,0,0,0
48877870,0,0,0
48889167,0,0,0
48902721,0,0,0
48912617,0,0,0
48928101,0,0,0
48941359,0,0,0
48953745,0,0,0
48963742,0,0,0
48977140,0,0,0
48993775,0,0,0
49004206,0,0,0
49014302,0,0,0
49027818,0,0,0
49041065,0,0,0
49056997,0,0,0
49068166,0,0,0
49080722,0,0,0
49093202,0,0,0
49105961,0,0,0
49120162,0,0,0
49136421,0,0,0
49148711,0,0,0
49159169,0,0,0
49172273,0,0,0
49183215,0,0,0
49198151,0,0,0
49214279,0,0,0
49230571,0,0,0
49241741,0,0,0
49255115,0,0,0
49266854,0,0,0
49278521,0,0,0
49289957,0,0,0
49301273,0,0,0
49314122,0,0,0
49329296,0,0,0
49344219,0,0,0
49360137,0,0,0
49372736,0,0,0
49384604,0,0,0
49397761,0,0,0
49409984,0,0,0
49420494,0,0,0
49430284,0,0,0
49441027,0,0,0
49457753,0,0,0
49471929,0,0,0
49483287,0,0,0
49494359,0,0,0
49506698,0,0,0
49516990,0,0,0
49532320,0,0,0
49543538,0,0,0
49558625,0,0,0
49569105,0,0,0
49582644,0,0,0
49595882,0,0,0
49605949,0,0,0
49617930,0,0,0
49630171,0,0,0
49644123,0,0,0
49656858,0,0,0
49667974,0,0,0
49683004,0,0,0
49693969,0,0,0
49705217,0,0,0
49718836,0,0,0
49731497,0,0,0
49742743,0,0,0
49754950,0,0,0
49766315,0,0,0
49779332,0,0,0
49789538,0,0,0
49800022,0,0,0
49810348,0,0,0
49828601,0,0,0
49837844,0,0,0
49848038,0,0,0
49861102,0,0,0
49874183,0,0,0
49884890,0,0,0
49896987,0,0,0
49911138,0,0,0
49923745,0,0,0
49936055,0,0,0
49949771,0,0,0
49962272,0,0,0
49973781,0,0,0
49984020,0,0,0
49995628,0,0,0
50007152,0,0,0
50018552,0,0,0
50034475,0,0,0
50046714,0,0,0
50057908,0,0,0
50071127,0,0,0
50084328,0,0,0
50097717,0,0,0
50108157,0,0,0
50120967,0,0,0
50133762,0,0,0
50147653,0,0,0
50156900,0,0,0
50173884,0,0,0
50188093,0,0,0
50197638,0,0,0
50211284,0,0,0
50227010,0,0,0
50237025,0,0,0
50250145,0,0,0
50264251,0,0,0
50275362,0,0,0
50286771,0,0,0
50301859,0,0,0
50314031,0,0,0
50326575,0,0,0
50338935,0,0,0
50351104,0,0,0
50360742,0,0,0
50373633,0,0,0
50387491,0,0,0
50399691,0,0,0
50413938,0,0,0
50426198,0,0,0
50438446,0,0,0
50448388,0,0,0
50461728,0,0,0
50475889,0,0,0
50489775,0,0,0
50501143,0,0,0
50512065,0,0,0
50523697,0,0,0
50534896,0,0,0
50547853,0,0,0
50559261,0,0,0
50574143,0,0,0
50587493,0,0,0
50599827,0,0,0
50610717,0,0,0
50624173,0,0,0
50635041,0,0,0
50647273,0,0,0
50659402,0,0,0
50672683,0,0,0
50686580,0,0,0
50700272,0,0,0
50711741,0,0,0
50723832,0,0,0
50733991,0,0,0
50747133,0,0,0
50762772,0,0,0
50776582,0,0,0
50789157,0,0,0
50805074,0,0,0
50818550,0,0,0
50834504,0,0,0
50846630,0,0,0
50857763,0,0,0
50871887,0,0,0
50883999,0,0,0
50895134,0,0,0
50908771,0,0,0
50920213,0,0,0
50931301,0,0,0
50944022,0,0,0
50957547,0,0,0
50971125,0,0,0
50984211,0,0,0
50997333,0,0,0
51010355,0,0,0
51020928,0,0,0
51035356,0,0,0
51051173,0,0,0
51062582,0,0,0
51075744,0,0,0
51086375,0,0,0
51096641,0,0,0
51115678,0,0,0
51128249,0,0,0
51137616,0,0,0
51150798,0,0,0
51160276,0,0,0
51172184,0,0,0
51185159,0,0,0
51196444,0,0,0
51209535,0,0,0
51219859,0,0,0
51233676,0,0,0
51244983,0,0,0
51257126,0,0,0
51269188,0,0,0
51281328,0,0,0
51292971,0,0,0
51304570,0,0,0
51316568,0,0,0
51327211,0,0,0
51338919,0,0,0
51349536,0,0,0
51363600,0,0,0
51375982,0,0,0
51386486,0,0,0
51396515,0,0,0
51406277,0,0,0
51418802,0,0,0
51432684,0,0,0
51444368,0,0,0
51456132,0,0,0
51468952,0,0,0
51484088,0,0,0
51497233,0,0,0
51509418,0,0,0
51523471,0,0,0
51534930,0,0,0
51547136,0,0,0
51556698,0,0,0
51569319,0,0,0
51581594,0,0,0
51596156,0,0,0
51608395,0,0,0
51620439,0,0,0
51630664,0,0,0
51643487,0,0,0
51654501,0,0,0
51667892,0,0,0
51679620,0,0,0
51690859,0,0,0
51701880,0,0,0
51715077,0,0,0
51727784,0,0,0
51738288,0,0,0
51749680,0,0,0
51766148,0,0,0
51777924,0,0,0
51793241,0,0,0
51804160,0,0,0
51816901,0,0,0
51828631,0,0,0
51841821,0,0,0
51856194,0,0,0
51867553,0,0,0
51882607,0,0,0
51894844,0,0,0
51907624,0,0,0
51919767,0,0,0
51933561,0,0,0
51942693,0,0,0
51951928,0,0,0
51963766,0,0,0
51974748,0,0,0
51987889,0,0,0
52000030,0,0,0
52010869,0,0,0
52022037,0,0,0
52033249,0,0,0
52045186,0,0,0
52055222,0,0,0
52066358,0,0,0
52081614,0,0,0
52095985,0,0,0
52108242,0,0,0
52118718,0,0,0
52131516,0,0,0
52144277,0,0,0
52155665,0,0,0
52169372,0,0,0
52185404,0,0,0
52201962,0,0,0
52214512,0,0,0
52224623,0,0,0
52239324,0,0,0
52253370,0,0,0
52266294,0,0,0
52277899,0,0,0
52291657,0,0,0
52303065,0,0,0
52316470,0,0,0
52329189,0,0,0
52340898,0,0,0
52352692,0,0,0
52365172,0,0,0
52379791,0,0,0
52390127,0,0,0
52400842,0,0,0
52413193,0,0,0
52427240,0,0,0
52442029,0,0,0
52453495,0,0,0
52464480,0,0,0
52477742,0,0,0
52491932,0,0,0
52505565,0,0,0
52517029,0,0,0
52530057,0,0,0
52542343,0,0,0
52554915,0,0,0
52564480,0,0,0
52575376,0,0,0
52589743,0,0,0
52600096,0,0,0
52614534,0,0,0
52624830,0,0,0
52637740,0,0,0
52649692,0,0,0
52662686,0,0,0
52673794,0,0,0
52684630,0,0,0
52696770,0,0,0
52709271,0,0,0
52726201,0,0,0
52747187,0,0,0
52759755,0,0,0
52773179,0,0,0
52783936,0,0,0
52795419,0,0,0
52809574,0,0,0
52819310,0,0,0
52830345,0,0,0
52842054,0,0,0
52854937,0,0,0
52867498,0,0,0
52877349,0,0,0
52888693,0,0,0
52900838,0,0,0
52911111,0,0,0
52924842,0,0,0
52943811,0,0,0
52956927,0,0,0
52968303,0,0,0
52981470,0,0,0
52991917,0,0,0
53002375,0,0,0
53016951,0,0,0
53030219,0,0,0
53041300,0,0,0
53054468,0,0,0
53066495,0,0,0
53078264,0,0,0
53092517,0,0,0
53102284,0,0,0
53116090,0,0,0
53127595,0,0,0
53138382,0,0,0
53152432,0,0,0
53166895,0,0,0
53179769,0,0,0
53189290,0,0,0
53204849,0,0,0
53220494,0,0,0
53232350,0,0,0
53243217,0,0,0
53255432,0,0,0
53264839,0,0,0
53277939,0,0,0
53290132,0,0,0
53300220,0,0,0
53314634,0,0,0
53330305,0,0,0
53341947,0,0,0
53353771,0,0,0
53366875,0,0,0
53376685,0,0,0
53386891,0,0,0
53399114,0,0,0
53410759,0,0,0
53419981,0,0,0
53433617,0,0,0
53445053,0,0,0
53459491,0,0,0
53471776,0,0,0
53483548,0,0,0
53495785,0,0,0
53509906,0,0,0
53520480,0,0,0
53535074,0,0,0
53548847,0,0,0
53564657,0,0,0
53576759,0,0,0
53588502,0,0,0
53600792,0,0,0
53611628,0,0,0
53626933,0,0,0
53642391,0,0,0
53655584,0,0,0
53670500,0,0,0
53682347,0,0,0
53695846,0,0,0
53706792,0,0,0
53718801,0,0,0
53731492,0,0,0
53745322,0,0,0
53758003,0,0,0
53772490,0,0,0
53786119,0,0,0
53798952,0,0,0
53812792,0,0,0
53823681,0,0,0
53840590,0,0,0
53850656,0,0,0
53866074,0,0,0
53885766,0,0,0
53899104,0,0,0
53910955,0,0,0
53924581,0,0,0
53936884,0,0,0
53949085,0,0,0
53961946,0,0,0
53974721,0,0,0
53985494,0,0,0
53996796,0,0,0
54009333,0,0,0
54021862,0,0,0
54035538,0,0,0
54048652,0,0,0
54061149,0,0,0
54073316,0,0,0
54089339,0,0,0
54105500,0,0,0
54115259,0,0,0
54127498,0,0,0
54139538,0,0,0
54148299,0,0,0
54160319,0,0,0
54171768,0,0,0
54183521,0,0,0
54193598,0,0,0
54205862,0,0,0
54215270,0,0,0
54229630,0,0,0
54244136,0,0,0
54254918,0,0,0
54268480,0,0,0
54280481,0,0,0
54291519,0,0,0
54302831,0,0,0
54313113,0,0,0
54326177,0,0,0
54345125,0,0,0
54359759,0,0,0
54373950,0,0,0
54384155,0,0,0
54395436,0,0,0
54408268,0,0,0
54423368,0,0,0
54435356,0,0,0
54447958,0,0,0
54460131,0,0,0
54472064,0,0,0
54485472,0,0,0
54503120,0,0,0
54516146,0,0,0
54528198,0,0,0
54541143,0,0,0
54552705,0,0,0
54564974,0,0,0
54576188,0,0,0
54589545,0,0,0
54600698,0,0,0
54612584,0,0,0
54627561,0,0,0
54641806,0,0,0
54656618,0,0,0
54667853,0,0,0
54680623,0,0,0
54691380,0,0,0
54703001,0,0,0
54713308,0,0,0
54725516,0,0,0
54735143,0,0,0
54747048,0,0,0
54760362,0,0,0
54772589,0,0,0
54785882,0,0,0
54800621,0,0,0
54814700,0,0,0
54830127,0,0,0
54841445,0,0,0
54855725,0,0,0
54864515,0,0,0
54882942,0,0,0
54895159,0,0,0
54909904,0,0,0
54923111,0,0,0
54934818,0,0,0
54946729,0,0,0
54956016,0,0,0
54968729,0,0,0
54978581,0,0,0
54988541,0,0,0
55000940,0,0,0
55014197,0,0,0
55027593,0,0,0
55038687,0,0,0
55054943,0,0,0
55067076,0,0,0
55081488,0,0,0
55094153,0,0,0
55108218,0,0,0
55120411,0,0,0
55136371,0,0,0
55148894,0,0,0
55160669,0,0,0
55172487,0,0,0
55184727,0,0,0
55198270,0,0,0
55209196,0,0,0
55224613,0,0,0
55234671,0,0,0
55246985,0,0,0
55258157,0,0,0
55271854,0,0,0
55285428,0,0,0
55296331,0,0,0
55306476,0,0,0
55325994,0,0,0
55338674,0,0,0
55351224,0,0,0
55364356,0,0,0
55375123,0,0,0
55385025,0,0,0
55400753,0,0,0
55414360,0,0,0
55432386,0,0,0
55448147,0,0,0
55458806,0,0,0
55469031,0,0,0
55484502,0,0,0
55499783,0,0,0
55511063,0,0,0
55523250,0,0,0
55535880,0,0,0
55549454,0,0,0
55561950,0,0,0
55571663,0,0,0
55584097,0,0,0
55595358,0,0,0
55607598,0,0,0
55620302,0,0,0
55633202,0,0,0
55645559,0,0,0
55657778,0,0,0
55670247,0,0,0
55685609,0,0,0
55700026,0,0,0
55714466,0,0,0
55728119,0,0,0
55739400,0,0,0
55750107,0,0,0
55761332,0,0,0
55773282,0,0,0
55790446,0,0,0
55801444,0,0,0
55814791,0,0,0
55827323,0,0,0
55839641,0,0,0
55853222,0,0,0
55864539,0,0,0
55880502,0,0,0
55890726,0,0,0
55904178,0,0,0
55915689,0,0,0
55926410,0,0,0
55940241,0,0,0
55957093,0,0,0
55969322,0,0,0
55983411,0,0,0
55995555,0,0,0
56009239,0,0,0
56021210,0,0,0
56033561,0,0,0
56048885,0,0,0
56060540,0,0,0
56071793,0,0,0
56085608,0,0,0
56097726,0,0,0
56110420,0,0,0
56125226,0,0,0
56138096,0,0,0
56153692,0,0,0
56167253,0,0,0
56178235,0,0,0
56190207,0,0,0
56205149,0,0,0
56217366,0,0,0
56231605,0,0,0
56243253,0,0,0
56256206,0,0,0
56268552,0,0,0
56281607,0,0,0
56293692,0,0,0
56309661,0,0,0
56319833,0,0,0
56330874,0,0,0
56343407,0,0,0
56356645,0,0,0
56366862,0,0,0
56378450,0,0,0
56392364,0,0,0
56405049,0,0,0
56416156,0,0,0
56427866,0,0,0
56440719,0,0,0
56454908,0,0,0
56465738,0,0,0
56488075,0,0,0
56499517,0,0,0
56509643,0,0,0
56523916,0,0,0
56533931,0,0,0
56545330,0,0,0
56557142,0,0,0
56570236,0,0,0
56580712,0,0,0
56595204,0,0,0
56609024,0,0,0
56621537,0,0,0
56631790,0,0,0
56644744,0,0,0
56657390,0,0,0
56670247,0,0,0
56681744,0,0,0
56693294,0,0,0
56708688,0,0,0
56719454,0,0,0
56732814,0,0,0
56742891,0,0,0
56756757,0,0,0
56768711,0,0,0
56782340,0,0,0
56793041,0,0,0
56805477,0,0,0
56818802,0,0,0
56835202,0,0,0
56848513,0,0,0
56861551,0,0,0
56871144,0,0,0
56884527,0,0,0
56895510,0,0,0
56908395,0,0,0
56921158,0,0,0
56931243,0,0,0
56944332,0,0,0
56956939,0,0,0
56970528,0,0,0
56981568,0,0,0
56994432,0,0,0
57005214,0,0,0
57018472,0,0,0
57029819,0,0,0
57044176,0,0,0
57054307,0,0,0
57070180,0,0,0
57083445,0,0,0
57094418,0,0,0
57105450,0,0,0
57115563,0,0,0
57127370,0,0,0
57138565,0,0,0
57151433,0,0,0
57164565,0,0,0
57179067,0,0,0
57189835,0,0,0
57201328,0,0,0
57215792,0,0,0
57226246,0,0,0
57239279,0,0,0
57252745,0,0,0
57262495,0,0,0
57272129,0,0,0
57283223,0,0,0
57295998,0,0,0
57308802,0,0,0
57319844,0,0,0
57332036,0,0,0
57343220,0,0,0
57354738,0,0,0
57364749,0,0,0
57377125,0,0,0
57388746,0,0,0
57400382,0,0,0
57414854,0,0,0
57425859,0,0,0
57435816,0,0,0
57447723,0,0,0
57459192,0,0,0
57468712,0,0,0
57483889,0,0,0
57492546,0,0,0
57501371,0,0,0
57511276,0,0,0
57521807,0,0,0
57535155,0,0,0
57549948,0,0,0
57563453,0,0,0
57577645,0,0,0
57590093,0,0,0
57608558,0,0,0
57616775,0,0,0
57630562,0,0,0
57644280,0,0,0
57655421,0,0,0
57670874,0,0,0
57682746,0,0,0
57694384,0,0,0
57707265,0,0,0
57719904,0,0,0
57732726,0,0,0
57743071,0,0,0
57755128,0,0,0
57766832,0,0,0
57777774,0,0,0
57787214,0,0,0
57796422,0,0,0
57808961,0,0,0
57818630,0,0,0
57831159,0,0,0
57844470,0,0,0
57854524,0,0,0
57866963,0,0,0
57878409,0,0,0
57890244,0,0,0
57900707,0,0,0
57911378,0,0,0
57922428,0,0,0
57933852,0,0,0
57946205,0,0,0
57956460,0,0,0
57967576,0,0,0
57980189,0,0,0
57989486,0,0,0
58008544,0,0,0
58021555,0,0,0
58034056,0,0,0
58043594,0,0,0
58054954,0,0,0
58068701,0,0,0
58082082,0,0,0
58096073,0,0,0
58106168,0,0,0
58120630,0,0,0
58134920,0,0,0
58146123,0,0,0
58160205,0,0,0
58175416,0,0,0
58186821,0,0,0
58198783,0,0,0
58209374,0,0,0
58221933,0,0,0
58232881,0,0,0
58245513,0,0,0
58255777,0,0,0
58268133,0,0,0
58278517,0,0,0
58289109,0,0,0
58300778,0,0,0
58314782,0,0,0
58327234,0,0,0
58339234,0,0,0
58352112,0,0,0
58363038,0,0,0
58374654,0,0,0
58386699,0,0,0
58401324,0,0,0
58411910,0,0,0
58423219,0,0,0
58435410,0,0,0
58444353,0,0,0
58457033,0,0,0
58467259,0,0,0
58480793,0,0,0
58491349,0,0,0
58502788,0,0,0
58516783,0,0,0
58529165,0,0,0
58543120,0,0,0
58553455,0,0,0
58563723,0,0,0
58573121,0,0,0
58584372,0,0,0
58603296,0,0,0
58615070,0,0,0
58626425,0,0,0
58638511,0,0,0
58650084,0,0,0
58661002,0,0,0
58673133,0,0,0
58684820,0,0,0
58697520,0,0,0
58709374,0,0,0
58724262,0,0,0
58736774,0,0,0
58750565,0,0,0
58764591,0,0,0
58776597,0,0,0
58789097,0,0,0
58802074,0,0,0
58814654,0,0,0
58825616,0,0,0
58836479,0,0,0
58849973,0,0,0
58863275,0,0,0
58874072,0,0,0
58888310,0,0,0
58900362,0,0,0
58913344,0,0,0
58924478,0,0,0
58939115,0,0,0
58952517,0,0,0
58969633,0,0,0
58981260,0,0,0
58991336,0,0,0
59006710,0,0,0
59017599,0,0,0
59028062,0,0,0
59039307,0,0,0
59059041,0,0,0
59070723,0,0,0
59080220,0,0,0
59094435,0,0,0
59107927,0,0,0
59119666,0,0,0
59133393,0,0,0
59149082,0,0,0
59163561,0,0,0
59176393,0,0,0
59189270,0,0,0
59202492,0,0,0
59217805,0,0,0
59228379,0,0,0
59240099,0,0,0
59253220,0,0,0
59268805,0,0,0
59281845,0,0,0
59296118,0,0,0
59307793,0,0,0
59319803,0,0,0
59331228,0,0,0
59342783,0,0,0
59356186,0,0,0
59368819,0,0,0
59382941,0,0,0
59397581,0,0,0
59408260,0,0,0
59423751,0,0,0
59434586,0,0,0
59449227,0,0,0
59460716,0,0,0
59473151,0,0,0
59485962,0,0,0
59495671,0,0,0
59509228,0,0,0
59522732,0,0,0
59534286,0,0,0
59543816,0,0,0
59557664,0,0,0
59570186,0,0,0
59583730,0,0,0
59597500,0,0,0
59609452,0,0,0
59622906,0,0,0
59633212,0,0,0
59647832,0,0,0
59660428,0,0,0
59673550,0,0,0
59686924,0,0,0
59698462,0,0,0
59710198,0,0,0
59723301,0,0,0
59734605,0,0,0
59745701,0,0,0
59757805,0,0,0
59768933,0,0,0
59781585,0,0,0
59792992,0,0,0
59804746,0,0,0
59816501,0,0,0
59830042,0,0,0
59843780,0,0,0
59855200,0,0,0
59866130,0,0,0
59876068,0,0,0
59894836,0,0,0
59905381,0,0,0
59922240,0,0,0
59934727,0,0,0
59946631,0,0,0
59960637,0,0,0
59970340,0,0,0
59981445,0,0,0
59992637,0,0,0
60005196,0,0,0
60016863,0,0,0
60030323,0,0,0
60041066,0,0,0
60052980,0,0,0
60066479,0,0,0
60082744,0,0,0
60094792,0,0,0
60106088,0,0,0
60121521,0,0,0
60134306,0,0,0
60147396,0,0,0
60159163,0,0,0
60169493,0,0,0
60178394,0,0,0
60191848,0,0,0
60206896,0,0,0
60217815,0,0,0
60231607,0,0,0
60245287,0,0,0
60260112,0,0,0
60273867,0,0,0
60290516,0,0,0
60301548,0,0,0
60312733,0,0,0
60323634,0,0,0
60334676,0,0,0
60348097,0,0,0
60360081,0,0,0
60372857,0,0,0
60389156,0,0,0
60399093,0,0,0
60407836,0,0,0
60419109,0,0,0
60430526,0,0,0
60441750,0,0,0
60452971,0,0,0
60464288,0,0,0
60474357,0,0,0
60487644,0,0,0
60498573,0,0,0
60512409,0,0,0
60524460,0,0,0
60537062,0,0,0
60547771,0,0,0
60558169,0,0,0
60570376,0,0,0
60584668,0,0,0
60595429,0,0,0
60605933,0,0,0
60618775,0,0,0
60632630,0,0,0
60644541,0,0,0
60656098,0,0,0
60668305,0,0,0
60686134,0,0,0
60697549,0,0,0
60710463,0,0,0
60722521,0,0,0
60733854,0,0,0
60746114,0,0,0
60756608,0,0,0
60768406,0,0,0
60779509,0,0,0
60791756,0,0,0
60803141,0,0,0
60816481,0,0,0
60828976,0,0,0
60839878,0,0,0
60851830,0,0,0
60862729,0,0,0
60877234,0,0,0
60887993,0,0,0
60903089,0,0,0
60914706,0,0,0
60927087,0,0,0
60943640,0,0,0
60956506,0,0,0
60969600,0,0,0
60980884,0,0,0
60991938,0,0,0
61002137,0,0,0
61012129,0,0,0
61024424,0,0,0
61038788,0,0,0
61049764,0,0,0
61061134,0,0,0
61072062,0,0,0
61085238,0,0,0
61098789,0,0,0
61112166,0,0,0
61124137,0,0,0
61136755,0,0,0
61147836,0,0,0
61161544,0,0,0
61175146,0,0,0
61185252,0,0,0
61198061,0,0,0
61211607,0,0,0
61224413,0,0,0
61236348,0,0,0
61250263,0,0,0
61263142,0,0,0
61275400,0,0,0
61286998,0,0,0
61300506,0,0,0
61310763,0,0,0
61323110,0,0,0
61334261,0,0,0
61345607,0,0,0
61358034,0,0,0
61372178,0,0,0
61386080,0,0,0
61400619,0,0,0
61412985,0,0,0
61427070,0,0,0
61437585,0,0,0
61450172,0,0,0
61460833,0,0,0
61474210,0,0,0
61486219,0,0,0
61497063,0,0,0
61510733,0,0,0
61524821,0,0,0
61536081,0,0,0
61548651,0,0,0
61559242,0,0,0
61570546,0,0,0
61582055,0,0,0
61595220,0,0,0
61607105,0,0,0
61620287,0,0,0
61632619,0,0,0
61647936,0,0,0
61661496,0,0,0
61677818,0,0,0
61688804,0,0,0
61698325,0,0,0
61714009,0,0,0
61726861,0,0,0
61739628,0,0,0
61752316,0,0,0
61765454,0,0,0
61776500,0,0,0
61792264,0,0,0
61803791,0,0,0
61817624,0,0,0
61828367,0,0,0
61841968,0,0,0
61854046,0,0,0
61864486,0,0,0
61877538,0,0,0
61887407,0,0,0
61900714,0,0,0
61911428,0,0,0
61924734,0,0,0
61938332,0,0,0
61950024,0,0,0
61965380,0,0,0
61976863,0,0,0
61989671,0,0,0
62000373,0,0,0
62011801,0,0,0
62021878,0,0,0
62035635,0,0,0
62047897,0,0,0
62060260,0,0,0
62072510,0,0,0
62083448,0,0,0
62094302,0,0,0
62106198,0,0,0
62119751,0,0,0
62130677,0,0,0
62143184,0,0,0
62157392,0,0,0
62168627,0,0,0
62180330,0,0,0
62194381,0,0,0
62204098,0,0,0
62218569,0,0,0
62228843,0,0,0
62242202,0,0,0
62256295,0,0,0
62265925,0,0,0
62278186,0,0,0
62295262,0,0,0
62309805,0,0,0
62321446,0,0,0
62334141,0,0,0
62343381,0,0,0
62356056,0,0,0
62369588,0,0,0
62382870,0,0,0
62392943,0,0,0
62406177,0,0,0
62419920,0,0,0
62430733,0,0,0
62447646,0,0,0
62455620,0,0,0
62470253,0,0,0
62480528,0,0,0
62493868,0,0,0
62506732,0,0,0
62518009,0,0,0
62533210,0,0,0
62543708,0,0,0
62556452,0,0,0
62571784,0,0,0
62583240,0,0,0
62593187,0,0,0
62604786,0,0,0
62616626,0,0,0
62626471,0,0,0
62636584,0,0,0
62649832,0,0,0
62667491,0,0,0
62680898,0,0,0
62690895,0,0,0
62703786,0,0,0
62715798,0,0,0
62733706,0,0,0
62743555,0,0,0
62756889,0,0,0
62767201,0,0,0
62778862,0,0,0
62793617,0,0,0
62807392,0,0,0
62817203,0,0,0
62829219,0,0,0
62841558,0,0,0
62856677,0,0,0
62869483,0,0,0
62884622,0,0,0
62897509,0,0,0
62908422,0,0,0
62923323,0,0,0
62936087,0,0,0
62947758,0,0,0
62957073,0,0,0
62970132,0,0,0
62980208,0,0,0
62991056,0,0,0
63001369,0,0,0
63013160,0,0,0
63025032,0,0,0
63038668,0,0,0
63052864,0,0,0
63067264,0,0,0
63078333,0,0,0
63091060,0,0,0
63101091,0,0,0
63113056,0,0,0
63124911,0,0,0
63137369,0,0,0
63147313,0,0,0
63159024,0,0,0
63171109,0,0,0
63180749,0,0,0
63191755,0,0,0
63200976,0,0,0
63215176,0,0,0
63227392,0,0,0
63239193,0,0,0
63252261,0,0,0
63265263,0,0,0
63278337,0,0,0
63293957,0,0,0
63304857,0,0,0
63316919,0,0,0
63327997,0,0,0
63338341,0,0,0
63352969,0,0,0
63370096,0,0,0
63383307,0,0,0
63395598,0,0,0
63407995,0,0,0
63423201,0,0,0
63435598,0,0,0
63445663,0,0,0
63459189,0,0,0
63470731,0,0,0
63483337,0,0,0
63498365,0,0,0
63506850,0,0,0
63518197,0,0,0
63531183,0,0,0
63545109,0,0,0
63554110,0,0,0
63567869,0,0,0
63579917,0,0,0
63592644,0,0,0
63605391,0,0,0
63614031,0,0,0
63622969,0,0,0
63634693,0,0,0
63646026,0,0,0
63660432,0,0,0
63674591,0,0,0
63687988,0,0,0
63698579,0,0,0
63714992,0,0,0
63727596,0,0,0
63739820,0,0,0
63755126,0,0,0
63769634,0,0,0
63779199,0,0,0
63792884,0,0,0
63803941,0,0,0
63819143,0,0,0
63834577,0,0,0
63845911,0,0,0
63856021,0,0,0
63870075,0,0,0
63883117,0,0,0
63893333,0,0,0
63908059,0,0,0
63919206,0,0,0
63932460,0,0,0
63942434,0,0,0
63951866,0,0,0
63963864,0,0,0
63973333,0,0,0
63989936,0,0,0
64002767,0,0,0
64013810,0,0,0
64026116,0,0,0
64037537,0,0,0
64050739,0,0,0
64062651,0,0,0
64075063,0,0,0
64086969,0,0,0
64097298,0,0,0
64110878,0,0,0
64122432,0,0,0
64139812,0,0,0
64154780,0,0,0
64169733,0,0,0
64180122,0,0,0
64191016,0,0,0
64200669,0,0,0
64213751,0,0,0
64225676,0,0,0
64239008,0,0,0
64256387,0,0,0
64270448,0,0,0
64281782,0,0,0
64296696,0,0,0
64307661,0,0,0
64319822,0,0,0
64331456,0,0,0
64342423,0,0,0
64353618,0,0,0
64366381,0,0,0
64378575,0,0,0
64392133,0,0,0
64403731,0,0,0
64414836,0,0,0
64427506,0,0,0
64439535,0,0,0
64451920,0,0,0
64463192,0,0,0
64475145,0,0,0
64488251,0,0,0
64499523,0,0,0
64509711,0,0,0
64522933,0,0,0
64534128,0,0,0
64547620,0,0,0
64557975,0,0,0
64567897,0,0,0
64579716,0,0,0
64591863,0,0,0
64605369,0,0,0
64618638,0,0,0
64632130,0,0,0
64643810,0,0,0
64653888,0,0,0
64665187,0,0,0
64679791,0,0,0
64692983,0,0,0
64703973,0,0,0
64714049,0,0,0
64726190,0,0,0
64735927,0,0,0
64750077,0,0,0
64763238,0,0,0
64772243,0,0,0
64782762,0,0,0
64795526,0,0,0
64807948,0,0,0
64818660,0,0,0
64830425,0,0,0
64840144,0,0,0
64853586,0,0,0
64864846,0,0,0
64878507,0,0,0
64893104,0,0,0
64908880,0,0,0
64923336,0,0,0
64933007,0,0,0
64945369,0,0,0
64957872,0,0,0
64968803,0,0,0
64983177,0,0,0
64996198,0,0,0
65008915,0,0,0
65020409,0,0,0
65034282,0,0,0
65045731,0,0,0
65057067,0,0,0
65069055,0,0,0
65083933,0,0,0
65096797,0,0,0
65112704,0,0,0
65124806,0,0,0
65135159,0,0,0
65147373,0,0,0
65160862,0,0,0
65173355,0,0,0
65191265,0,0,0
65205145,0,0,0
65217135,0,0,0
65230152,0,0,0
65242208,0,0,0
65254196,0,0,0
65266162,0,0,0
65279635,0,0,0
65300197,0,0,0
65312162,0,0,0
65323480,0,0,0
65335620,0,0,0
65347811,0,0,0
65357572,0,0,0
65372377,0,0,0
65383265,0,0,0
65394685,0,0,0
65406295,0,0,0
65419304,0,0,0
65434568,0,0,0
65445302,0,0,0
65458982,0,0,0
65475444,0,0,0
65487967,0,0,0
65497822,0,0,0
65508648,0,0,0
65521653,0,0,0
65534007,0,0,0
65545378,0,0,0
65557725,0,0,0
65571032,0,0,0
65583271,0,0,0
65596765,0,0,0
65609097,0,0,0
65622672,0,0,0
65634891,0,0,0
65647737,0,0,0
65658409,0,0,0
65671120,0,0,0
65683489,0,0,0
65698077,0,0,0
65710191,0,0,0
65721479,0,0,0
65737139,0,0,0
65748867,0,0,0
65758750,0,0,0
65772534,0,0,0
65782307,0,0,0
65792736,0,0,0
65806550,0,0,0
65818318,0,0,0
65832095,0,0,0
65842072,0,0,0
65853007,0,0,0
65864365,0,0,0
65878285,0,0,0
65890911,0,0,0
65900716,0,0,0
65913002,0,0,0
65924402,0,0,0
65936232,0,0,0
65947292,0,0,0
65962782,0,0,0
65975889,0,0,0
65988648,0,0,0
66000238,0,0,0
66012754,0,0,0
66024518,0,0,0
66035565,0,0,0
66046402,0,0,0
66057639,0,0,0
66068782,0,0,0
66082107,0,0,0
66096962,0,0,0
66110349,0,0,0
66122280,0,0,0
66135250,0,0,0
66146546,0,0,0
66157218,0,0,0
66167450,0,0,0
66183103,0,0,0
66196729,0,0,0
66207497,0,0,0
66220198,0,0,0
66229688,0,0,0
66246447,0,0,0
66257588,0,0,0
66268744,0,0,0
66279998,0,0,0
66290228,0,0,0
66304786,0,0,0
66315435,0,0,0
66327465,0,0,0
66341058,0,0,0
66351093,0,0,0
66364817,0,0,0
66379633,0,0,0
66389193,0,0,0
66402568,0,0,0
66415947,0,0,0
66426632,0,0,0
66438033,0,0,0
66452220,0,0,0
66463727,0,0,0
66479209,0,0,0
66490764,0,0,0
66503591,0,0,0
66517078,0,0,0
66532936,0,0,0
66545264,0,0,0
66554533,0,0,0
66571822,0,0,0
66581976,0,0,0
66596583,0,0,0
66610287,0,0,0
66622494,0,0,0
66633933,0,0,0
66646449,0,0,0
66659383,0,0,0
66670900,0,0,0
66684496,0,0,0
66698742,0,0,0
66711844,0,0,0
66724507,0,0,0
66735149,0,0,0
66748640,0,0,0
66762223,0,0,0
66772578,0,0,0
66784056,0,0,0
66794111,0,0,0
66807410,0,0,0
66823012,0,0,0
66835598,0,0,0
66847840,0,0,0
66859497,0,0,0
66873325,0,0,0
66890537,0,0,0
66901700,0,0,0
66912669,0,0,0
66923296,0,0,0
66935204,0,0,0
66945907,0,0,0
66955884,0,0,0
66966009,0,0,0
66978958,0,0,0
66989274,0,0,0
67000814,0,0,0
67010503,0,0,0
67023087,0,0,0
67034791,0,0,0
67046284,0,0,0
67062327,0,0,0
67074903,0,0,0
67088864,0,0,0
67104062,0,0,0
67122368,0,0,0
67146064,0,0,0
67156697,0,0,0
67170595,0,0,0
67186079,0,0,0
67196185,0,0,0
67209602,0,0,0
67223093,0,0,0
67234786,0,0,0
67248793,0,0,0
67269335,0,0,0
67286665,0,0,0
67300924,0,0,0
67311577,0,0,0
67326597,0,0,0
67338619,0,0,0
67353315,0,0,0
67366608,0,0,0
67381601,0,0,0
67392520,0,0,0
67408168,0,0,0
67426063,0,0,0
67439038,0,0,0
67448526,0,0,0
67466662,0,0,0
67479735,0,0,0
67488901,0,0,0
67505653,0,0,0
67518358,0,0,0
67531381,0,0,0
67542333,0,0,0
67557483,0,0,0
67569600,0,0,0
67579353,0,0,0
67591888,0,0,0
67605697,0,0,0
67619105,0,0,0
67634982,0,0,0
67645557,0,0,0
67657048,0,0,0
67669953,0,0,0
67680775,0,0,0
67695568,0,0,0
67703672,0,0,0
67717749,0,0,0
67728058,0,0,0
67740728,0,0,0
67755312,0,0,0
67766005,0,0,0
67778184,0,0,0
67790320,0,0,0
67802494,0,0,0
67815138,0,0,0
67829413,0,0,0
67842308,0,0,0
67854296,0,0,0
67864686,0,0,0
67874444,0,0,0
67887388,0,0,0
67898276,0,0,0
67910400,0,0,0
67920787,0,0,0
67932513,0,0,0
67943221,0,0,0
67955547,0,0,0
67970463,0,0,0
67983112,0,0,0
67997617,0,0,0
68009997,0,0,0
68021927,0,0,0
68034843,0,0,0
68047091,0,0,0
68059822,0,0,0
68073722,0,0,0
68084977,0,0,0
68095578,0,0,0
68107370,0,0,0
68119477,0,0,0
68131045,0,0,0
68147587,0,0,0
68164182,0,0,0
68177161,0,0,0
68192369,0,0,0
68204869,0,0,0
68215869,0,0,0
68225131,0,0,0
68236659,0,0,0
68248377,0,0,0
68261373,0,0,0
68274667,0,0,0
68286388,0,0,0
68298077,0,0,0
68310112,0,0,0
68321654,0,0,0
68333924,0,0,0
68345176,0,0,0
68356778,0,0,0
68370143,0,0,0
68385740,0,0,0
68397508,0,0,0
68409357,0,0,0
68421152,0,0,0
68434906,0,0,0
68449521,0,0,0
68461093,0,0,0
68470027,0,0,0
68483314,0,0,0
68495268,0,0,0
68506315,0,0,0
68518181,0,0,0
68530685,0,0,0
68544712,0,0,0
68561627,0,0,0
68572839,0,0,0
68585081,0,0,0
68598053,0,0,0
68609320,0,0,0
68620429,0,0,0
68634095,0,0,0
68647298,0,0,0
68658678,0,0,0
68668466,0,0,0
68682280,0,0,0
68693956,0,0,0
68705423,0,0,0
68717784,0,0,0
68729118,0,0,0
68740773,0,0,0
68752677,0,0,0
68763563,0,0,0
68774055,0,0,0
68786622,0,0,0
68798661,0,0,0
68809132,0,0,0
68820422,0,0,0
68833529,0,0,0
68846915,0,0,0
68861863,0,0,0
68870951,0,0,0
68886759,0,0,0
68900402,0,0,0
68912444,0,0,0
68922685,0,0,0
68937821,0,0,0
68949958,0,0,0
68962150,0,0,0
68973433,0,0,0
68986870,0,0,0
68998556,0,0,0
69011185,0,0,0
69022042,0,0,0
69033878,0,0,0
69045367,0,0,0
69058445,0,0,0
69071233,0,0,0
69084079,0,0,0
69098644,0,0,0
69110860,0,0,0
69123560,0,0,0
69134593,0,0,0
69147221,0,0,0
69156838,0,0,0
69168124,0,0,0
69180755,0,0,0
69195240,0,0,0
69206288,0,0,0
69217158,0,0,0
69229596,0,0,0
69242384,0,0,0
69252808,0,0,0
69262296,0,0,0
69275443,0,0,0
69287168,0,0,0
69297815,0,0,0
69309781,0,0,0
69321741,0,0,0
69333980,0,0,0
69346721,0,0,0
69358152,0,0,0
69370648,0,0,0
69381194,0,0,0
69390825,0,0,0
69402600,0,0,0
69420710,0,0,0
69433054,0,0,0
69446962,0,0,0
69458601,0,0,0
69469272,0,0,0
69482810,0,0,0
69498549,0,0,0
69511867,0,0,0
69521414,0,0,0
69532095,0,0,0
69546235,0,0,0
69558952,0,0,0
69568916,0,0,0
69581022,0,0,0
69600601,0,0,0
69613302,0,0,0
69627483,0,0,0
69639123,0,0,0
69651055,0,0,0
69663707,0,0,0
69673432,0,0,0
69687092,0,0,0
69699119,0,0,0
69712371,0,0,0
69725211,0,0,0
69738082,0,0,0
69750463,0,0,0
69764586,0,0,0
69776348,0,0,0
69785306,0,0,0
69796464,0,0,0
69807674,0,0,0
69819517,0,0,0
69828614,0,0,0
69841183,0,0,0
69857732,0,0,0
69867235,0,0,0
69878107,0,0,0
69892423,0,0,0
69904880,0,0,0
69919720,0,0,0
69933518,0,0,0
69947670,0,0,0
69958106,0,0,0
69969922,0,0,0
69980945,0,0,0
69991087,0,0,0
70003138,0,0,0
70017405,0,0,0
70031382,0,0,0
70041671,0,0,0
70056320,0,0,0
70068694,0,0,0
70081074,0,0,0
70094445,0,0,0
70103918,0,0,0
70115905,0,0,0
70130593,0,0,0
70143371,0,0,0
70159116,0,0,0
70172737,0,0,0
70185076,0,0,0
70195537,0,0,0
70209187,0,0,0
70221845,0,0,0
70232145,0,0,0
70245383,0,0,0
70258819,0,0,0
70273173,0,0,0
70284316,0,0,0
70295179,0,0,0
70310954,0,0,0
70322501,0,0,0
70335511,0,0,0
70346922,0,0,0
70360770,0,0,0
70373799,0,0,0
70387433,0,0,0
70400377,0,0,0
70414500,0,0,0
70428366,0,0,0
70440207,0,0,0
70451524,0,0,0
70464084,0,0,0
70474211,0,0,0
70486463,0,0,0
70496988,0,0,0
70511360,0,0,0
70522637,0,0,0
70533426,0,0,0
70543397,0,0,0
70555583,0,0,0
70568538,0,0,0
70579532,0,0,0
70593210,0,0,0
70604147,0,0,0
70617260,0,0,0
70627907,0,0,0
70645234,0,0,0
70659137,0,0,0
70676787,0,0,0
70692654,0,0,0
70706909,0,0,0
70718222,0,0,0
70733380,0,0,0
70745974,0,0,0
70760752,0,0,0
70772582,0,0,0
70783754,0,0,0
70794903,0,0,0
70806211,0,0,0
70817238,0,0,0
70830524,0,0,0
70846587,0,0,0
70859261,0,0,0
70870373,0,0,0
70881252,0,0,0
70895022,0,0,0
70908887,0,0,0
70917737,0,0,0
70934677,0,0,0
70944922,0,0,0
70956188,0,0,0
70971379,0,0,0
70983527,0,0,0
70997141,0,0,0
71010457,0,0,0
71022528,0,0,0
71038257,0,0,0
71049713,0,0,0
71063555,0,0,0
71073833,0,0,0
71086863,0,0,0
71099314,0,0,0
71109279,0,0,0
71120220,0,0,0
71133625,0,0,0
71144185,0,0,0
71155741,0,0,0
71167356,0,0,0
71181193,0,0,0
71198088,0,0,0
71210677,0,0,0
71223529,0,0,0
71236934,0,0,0
71247217,0,0,0
71259141,0,0,0
71273479,0,0,0
71287578,0,0,0
71297762,0,0,0
71311918,0,0,0
71325871,0,0,0
71341307,0,0,0
71353151,0,0,0
71367219,0,0,0
71379339,0,0,0
71390055,0,0,0
71399619,0,0,0
71411364,0,0,0
71422738,0,0,0
71435963,0,0,0
71447561,0,0,0
71460222,0,0,0
71472730,0,0,0
71486234,0,0,0
71504673,0,0,0
71515807,0,0,0
71525487,0,0,0
71539199,0,0,0
71549878,0,0,0
71559476,0,0,0
71573095,0,0,0
71584808,0,0,0
71597925,0,0,0
71609396,0,0,0
71622073,0,0,0
71631661,0,0,0
71647877,0,0,0
71662361,0,0,0
71674196,0,0,0
71687624,0,0,0
71698248,0,0,0
71710496,0,0,0
71722011,0,0,0
71734767,0,0,0
71748781,0,0,0
71761298,0,0,0
71776861,0,0,0
71788961,0,0,0
71804102,0,0,0
71815292,0,0,0
71828714,0,0,0
71841911,0,0,0
71851908,0,0,0
71866110,0,0,0
71875225,0,0,0
71890645,0,0,0
71903092,0,0,0
71914347,0,0,0
71927785,0,0,0
71939906,0,0,0
71949976,0,0,0
71964155,0,0,0
71975732,0,0,0
71986538,0,0,0
71996550,0,0,0
72009319,0,0,0
72021481,0,0,0
72034084,0,0,0
72047406,0,0,0
72058352,0,0,0
72072614,0,0,0
72084706,0,0,0
72095446,0,0,0
72109310,0,0,0
72122362,0,0,0
72136557,0,0,0
72151963,0,0,0
72163405,0,0,0
72177801,0,0,0
72189968,0,0,0
72202799,0,0,0
72216943,0,0,0
72231614,0,0,0
72244263,0,0,0
72257099,0,0,0
72268141,0,0,0
72284570,0,0,0
72294522,0,0,0
72305714,0,0,0
72316087,0,0,0
72329113,0,0,0
72340715,0,0,0
72353052,0,0,0
72367537,0,0,0
72376618,0,0,0
72391774,0,0,0
72402594,0,0,0
72413427,0,0,0
72426001,0,0,0
72437096,0,0,0
72449085,0,0,0
72461180,0,0,0
72472052,0,0,0
72487973,0,0,0
72496792,0,0,0
72510788,0,0,0
72521699,0,0,0
72532985,0,0,0
72543650,0,0,0
72555074,0,0,0
72564799,0,0,0
72577134,0,0,0
72588003,0,0,0
72600298,0,0,0
72611889,0,0,0
72627369,0,0,0
72639869,0,0,0
72652635,0,0,0
72663317,0,0,0
72677429,0,0,0
72686986,0,0,0
72698834,0,0,0
72709174,0,0,0
72719355,0,0,0
72734331,0,0,0
72743528,0,0,0
72754585,0,0,0
72766682,0,0,0
72779394,0,0,0
72790895,0,0,0
72801318,0,0,0
72813181,0,0,0
72826445,0,0,0
72837668,0,0,0
72851294,0,0,0
72864440,0,0,0
72875589,0,0,0
72888384,0,0,0
72899092,0,0,0
72909196,0,0,0
72921556,0,0,0
72932445,0,0,0
72948724,0,0,0
72959603,0,0,0
72971756,0,0,0
72982784,0,0,0
72992848,0,0,0
73003866,0,0,0
73016463,0,0,0
73027806,0,0,0
73040480,0,0,0
73052289,0,0,0
73068512,0,0,0
73082098,0,0,0
73094794,0,0,0
73107662,0,0,0
73122085,0,0,0
73138192,0,0,0
73150124,0,0,0
73165489,0,0,0
73178010,0,0,0
73189528,0,0,0
73202612,0,0,0
73213009,0,0,0
73229014,0,0,0
73243851,0,0,0
73255632,0,0,0
73268860,0,0,0
73280726,0,0,0
73291658,0,0,0
73305623,0,0,0
73317579,0,0,0
73329288,0,0,0
73342031,0,0,0
73351261,0,0,0
73361875,0,0,0
73375393,0,0,0
73388633,0,0,0
73405121,0,0,0
73415911,0,0,0
73426256,0,0,0
73437167,0,0,0
73447974,0,0,0
73460910,0,0,0
73472000,0,0,0
73485569,0,0,0
73498643,0,0,0
73516068,0,0,0
73529539,0,0,0
73541208,0,0,0
73555670,0,0,0
73564657,0,0,0
73576958,0,0,0
73588385,0,0,0
73599842,0,0,0
73612445,0,0,0
73625208,0,0,0
73637151,0,0,0
73647100,0,0,0
73659010,0,0,0
73672490,0,0,0
73689024,0,0,0
73699591,0,0,0
73710817,0,0,0
73719701,0,0,0
73735011,0,0,0
73750047,0,0,0
73760889,0,0,0
73772122,0,0,0
73781720,0,0,0
73793100,0,0,0
73805683,0,0,0
73818784,0,0,0
73829028,0,0,0
73839461,0,0,0
73855554,0,0,0
73866554,0,0,0
73878626,0,0,0
73890129,0,0,0
73901205,0,0,0
73911960,0,0,0
73924559,0,0,0
73938110,0,0,0
73950942,0,0,0
73965786,0,0,0
73977905,0,0,0
73988762,0,0,0
74002393,0,0,0
74014971,0,0,0
74028246,0,0,0
74041407,0,0,0
74051660,0,0,0
74061900,0,0,0
74074312,0,0,0
74086669,0,0,0
74097745,0,0,0
74111978,0,0,0
74123792,0,0,0
74136517,0,0,0
74147509,0,0,0
74162535,0,0,0
74171961,0,0,0
74187419,0,0,0
74199901,0,0,0
74210608,0,0,0
74224742,0,0,0
74235517,0,0,0
74247078,0,0,0
74256468,0,0,0
74266963,0,0,0
74281190,0,0,0
74290168,0,0,0
74303648,0,0,0
74313180,0,0,0
74326923,0,0,0
74336693,0,0,0
74347782,0,0,0
74359875,0,0,0
74371865,0,0,0
74387483,0,0,0
74398749,0,0,0
74412212,0,0,0
74424017,0,0,0
74434581,0,0,0
74446384,0,0,0
74457791,0,0,0
74468786,0,0,0
74482304,0,0,0
74497361,0,0,0
74507904,0,0,0
74522187,0,0,0
74531967,0,0,0
74548471,0,0,0
74559145,0,0,0
74573733,0,0,0
74585294,0,0,0
74594802,0,0,0
74606036,0,0,0
74619559,0,0,0
74629478,0,0,0
74639785,0,0,0
74651297,0,0,0
74664960,0,0,0
74675865,0,0,0
74687373,0,0,0
74700221,0,0,0
74710818,0,0,0
74723302,0,0,0
74735311,0,0,0
74747294,0,0,0
74759784,0,0,0
74771471,0,0,0
74785747,0,0,0
74798722,0,0,0
74812140,0,0,0
74825965,0,0,0
74842500,0,0,0
74853604,0,0,0
74868961,0,0,0
74881884,0,0,0
74894720,0,0,0
74908005,0,0,0
74919224,0,0,0
74930537,0,0,0
74942823,0,0,0
74954542,0,0,0
74965500,0,0,0
74979587,0,0,0
74990470,0,0,0
74999757,0,0,0
75011976,0,0,0
75026094,0,0,0
75036811,0,0,0
75049783,0,0,0
75063101,0,0,0
75074497,0,0,0
75087780,0,0,0
75098724,0,0,0
75111279,0,0,0
75126148,0,0,0
75138290,0,0,0
75151814,0,0,0
75165240,0,0,0
75180209,0,0,0
75190915,0,0,0
75203515,0,0,0
75215212,0,0,0
75230856,0,0,0
75243887,0,0,0
75255972,0,0,0
75268092,0,0,0
75279158,0,0,0
75290056,0,0,0
75301296,0,0,0
75316348,0,0,0
75330135,0,0,0
75343258,0,0,0
75355005,0,0,0
75366640,0,0,0
75377453,0,0,0
75387521,0,0,0
75398983,0,0,0
75412033,0,0,0
75423023,0,0,0
75440786,0,0,0
75455077,0,0,0
75468807,0,0,0
75480652,0,0,0
75492141,0,0,0
75507069,0,0,0
75519211,0,0,0
75529998,0,0,0
75548006,0,0,0
75556552,0,0,0
75568466,0,0,0
75581148,0,0,0
75593991,0,0,0
75604807,0,0,0
75616671,0,0,0
75629510,0,0,0
75642723,0,0,0
75656516,0,0,0
75666079,0,0,0
75676663,0,0,0
75688658,0,0,0
75699485,0,0,0
75714874,0,0,0
75726060,0,0,0
75742262,0,0,0
75751103,0,0,0
75762970,0,0,0
75774893,0,0,0
75784995,0,0,0
75795373,0,0,0
75809088,0,0,0
75821549,0,0,0
75835621,0,0,0
75844328,0,0,0
75866391,0,0,0
75880210,0,0,0
75894362,0,0,0
75904385,0,0,0
75916211,0,0,0
75929630,0,0,0
75948578,0,0,0
75957004,0,0,0
75975416,0,0,0
75985932,0,0,0
75998181,0,0,0
76010072,0,0,0
76023586,0,0,0
76036160,0,0,0
76049044,0,0,0
76061280,0,0,0
76073738,0,0,0
76085453,0,0,0
76098185,0,0,0
76108993,0,0,0
76120995,0,0,0
76132485,0,0,0
76144529,0,0,0
76157049,0,0,0
76170616,0,0,0
76181747,0,0,0
76194700,0,0,0
76206617,0,0,0
76216968,0,0,0
76230510,0,0,0
76241025,0,0,0
76253382,0,0,0
76265317,0,0,0
76277228,0,0,0
76288630,0,0,0
76302986,0,0,0
76314838,0,0,0
76327141,0,0,0
76339486,0,0,0
76351140,0,0,0
76364626,0,0,0
76375448,0,0,0
76388930,0,0,0
76398317,0,0,0
76413295,0,0,0
76424909,0,0,0
76435669,0,0,0
76448765,0,0,0
76460005,0,0,0
76469927,0,0,0
76482925,0,0,0
76493163,0,0,0
76504533,0,0,0
76515168,0,0,0
76526568,0,0,0
76539197,0,0,0
76549982,0,0,0
76561620,0,0,0
76571663,0,0,0
76584142,0,0,0
76596976,0,0,0
76609769,0,0,0
76622585,0,0,0
76637444,0,0,0
76649813,0,0,0
76658508,0,0,0
76672342,0,0,0
76683665,0,0,0
76695091,0,0,0
76706400,0,0,0
76716869,0,0,0
76729784,0,0,0
76740760,0,0,0
76753241,0,0,0
76767285,0,0,0
76778648,0,0,0
76790986,0,0,0
76800314,0,0,0
76814621,0,0,0
76827582,0,0,0
76842520,0,0,0
76856157,0,0,0
76867384,0,0,0
76877842,0,0,0
76887070,0,0,0
76898447,0,0,0
76909445,0,0,0
76919760,0,0,0
76933512,0,0,0
76943936,0,0,0
76953783,0,0,0
76965408,0,0,0
76975109,0,0,0
76986550,0,0,0
76997980,0,0,0
77010308,0,0,0
77023062,0,0,0
77033914,0,0,0
77047283,0,0,0
77057793,0,0,0
77069656,0,0,0
77081184,0,0,0
77093953,0,0,0
77108756,0,0,0
77119693,0,0,0
77133996,0,0,0
77145361,0,0,0
77156373,0,0,0
77168276,0,0,0
77181012,0,0,0
77192049,0,0,0
77201934,0,0,0
77215675,0,0,0
77228654,0,0,0
77239918,0,0,0
77251708,0,0,0
77263513,0,0,0
77275481,0,0,0
77288220,0,0,0
77299568,0,0,0
77311467,0,0,0
77321721,0,0,0
77333534,0,0,0
77347688,0,0,0
77357552,0,0,0
77368557,0,0,0
77380374,0,0,0
77390173,0,0,0
77401864,0,0,0
77416358,0,0,0
77427638,0,0,0
77445271,0,0,0
77459498,0,0,0
77473440,0,0,0
77484162,0,0,0
77497124,0,0,0
77513365,0,0,0
77526098,0,0,0
77539794,0,0,0
77550822,0,0,0
77561135,0,0,0
77574316,0,0,0
77587451,0,0,0
77602186,0,0,0
77614929,0,0,0
77626829,0,0,0
77638729,0,0,0
77652524,0,0,0
77665649,0,0,0
77678301,0,0,0
77689738,0,0,0
77701032,0,0,0
77728622,0,0,0
77740122,0,0,0
77759878,0,0,0
77768983,0,0,0
77779519,0,0,0
77789078,0,0,0
77798871,0,0,0
77808662,0,0,0
77818914,0,0,0
77829318,0,0,0
77839842,0,0,0
77850891,0,0,0
77861443,0,0,0
77871381,0,0,0
77881536,0,0,0
77891992,0,0,0
77902084,0,0,0
77912127,0,0,0
77922181,0,0,0
77932642,0,0,0
77943142,0,0,0
77954284,0,0,0
77963798,0,0,0
77973576,0,0,0
77983534,0,0,0
78739080,0,0,0
78749802,0,0,0
78760774,0,0,0
78770701,0,0,0
78781534,0,0,0
78791913,0,0,0
78802391,0,0,0
78812685,0,0,0
78822832,0,0,0
78832311,0,0,0
78841960,0,0,0
78852551,0,0,0
78864302,0,0,0
78874937,0,0,0
78890039,0,0,0
78900555,0,0,0
78910520,0,0,0
78920999,0,0,0
78932207,0,0,0
78942974,0,0,0
78953090,0,0,0
78963641,0,0,0
78975184,0,0,0
78985686,0,0,0
78995876,0,0,0
79007252,0,0,0
79018128,0,0,0
79029672,0,0,0
79039949,0,0,0
79049819,0,0,0
79059932,0,0,0
79070169,0,0,0
79080151,0,0,0
79090569,0,0,0
79101159,0,0,0
79111494,0,0,0
79121200,0,0,0
79131396,0,0,0
79143256,0,0,0
79152936,0,0,0
79163299,0,0,0
79174002,0,0,0
79184511,0,0,0
79196664,0,0,0
79207151,0,0,0
79216829,0,0,0
79227161,0,0,0
79238151,0,0,0
79248293,0,0,0
79258361,0,0,0
79269311,0,0,0
79281139,0,0,0
79291355,0,0,0
79301293,0,0,0
79310669,0,0,0
79320517,0,0,0
79330486,0,0,0
79342071,0,0,0
79353140,0,0,0
79363335,0,0,0
79373764,0,0,0
79383586,0,0,0
79393929,0,0,0
79405216,0,0,0
79414290,0,0,0
79424928,0,0,0
79435904,0,0,0
79445735,0,0,0
79455175,0,0,0
79467246,0,0,0
79476958,0,0,0
79487374,0,0,0
79499687,0,0,0
79509886,0,0,0
79520500,0,0,0
79530961,0,0,0
79543033,0,0,0
79552600,0,0,0
79562693,0,0,0
79574403,0,0,0
79585628,0,0,0
79595613,0,0,0
79605347,0,0,0
79615493,0,0,0
79625241,0,0,0
79635734,0,0,0
79646029,0,0,0
79656825,0,0,0
79667246,0,0,0
79678153,0,0,0
79688114,0,0,0
79697883,0,0,0
79708131,0,0,0
79718295,0,0,0
79729553,0,0,0
79739819,0,0,0
79750545,0,0,0
79761529,0,0,0
79771291,0,0,0
79781669,0,0,0
79792047,0,0,0
79802253,0,0,0
79812523,0,0,0
79822309,0,0,0
79832565,0,0,0
79842701,0,0,0
79853517,0,0,0
79863451,0,0,0
79873779,0,0,0
79883721,0,0,0
79894106,0,0,0
79904781,0,0,0
79914508,0,0,0
79925189,0,0,0
79934549,0,0,0
79944688,0,0,0
79955060,0,0,0
79965351,0,0,0
79976001,0,0,0
79985927,0,0,0
79997086,0,0,0
80007177,0,0,0
80016728,0,0,0
80026842,0,0,0
80036619,0,0,0
80046947,0,0,0
80057322,0,0,0
80066831,0,0,0
80078127,0,0,0
80089393,0,0,0
80098825,0,0,0
80109160,0,0,0
80121174,0,0,0
80130628,0,0,0
80141650,0,0,0
80151099,0,0,0
80161941,0,0,0
80172329,0,0,0
80183255,0,0,0
80194304,0,0,0
80204631,0,0,0
80215182,0,0,0
80225562,0,0,0
80235138,0,0,0
80245690,0,0,0
80255467,0,0,0
80266672,0,0,0
80276236,0,0,0
80286104,0,0,0
80297111,0,0,0
80307992,0,0,0
80320077,0,0,0
80331969,0,0,0
80343516,0,0,0
80354823,0,0,0
80365749,0,0,0
80378129,0,0,0
80390132,0,0,0
80401883,0,0,0
80413181,0,0,0
80425954,0,0,0
80436172,0,0,0
80449083,0,0,0
80460915,0,0,0
80472056,0,0,0
80484319,0,0,0
80496985,0,0,0
80509155,0,0,0
80519665,0,0,0
80531686,0,0,0
80544068,0,0,0
80555684,0,0,0
80568032,0,0,0
80579180,0,0,0
80590224,0,0,0
80602402,0,0,0
80613536,0,0,0
80624909,0,0,0
80636676,0,0,0
80648462,0,0,0
80658616,0,0,0
80672469,0,0,0
80682902,0,0,0
80694251,0,0,0
80707122,0,0,0
80718664,0,0,0
80729520,0,0,0
80740678,0,0,0
80753429,0,0,0
80764000,0,0,0
80775819,0,0,0
80786582,0,0,0
80798014,0,0,0
80809969,0,0,0
80820973,0,0,0
80831611,0,0,0
80843687,0,0,0
80854368,0,0,0
80866000,0,0,0
80876999,0,0,0
80888176,0,0,0
80900173,0,0,0
80911492,0,0,0
80922713,0,0,0
80933637,0,0,0
80945733,0,0,0
80957332,0,0,0
80969097,0,0,0
80981374,0,0,0
80992860,0,0,0
81004534,0,0,0
81016153,0,0,0
81027013,0,0,0
81038357,0,0,0
81049705,0,0,0
81061046,0,0,0
81073213,0,0,0
81084423,0,0,0
81097154,0,0,0
81107518,0,0,0
81118861,0,0,0
81129240,0,0,0
81141876,0,0,0
81152829,0,0,0
81166116,0,0,0
81177140,0,0,0
81187839,0,0,0
81199449,0,0,0
81211037,0,0,0
81222872,0,0,0
81236667,0,0,0
81247732,0,0,0
81258479,0,0,0
81269246,0,0,0
81280553,0,0,0
81292782,0,0,0
81305036,0,0,0
81317278,0,0,0
81329091,0,0,0
81340815,0,0,0
81352296,0,0,0
81362941,0,0,0
81374532,0,0,0
81386211,0,0,0
81399165,0,0,0
81411892,0,0,0
81425566,0,0,0
81436790,0,0,0
81447807,0,0,0
81458972,0,0,0
81470604,0,0,0
81482160,0,0,0
81493259,0,0,0
81505209,0,0,0
81516394,0,0,0
81527716,0,0,0
81538697,0,0,0
81549186,0,0,0
81560835,0,0,0
81572453,0,0,0
81583946,0,0,0
81595963,0,0,0
81608075,0,0,0
81619873,0,0,0
81630259,0,0,0
81641998,0,0,0
81652754,0,0,0
81665548,0,0,0
81677902,0,0,0
81688398,0,0,0
81700845,0,0,0
81713157,0,0,0
81724765,0,0,0
81736196,0,0,0
81747499,0,0,0
81758448,0,0,0
81769572,0,0,0
81779575,0,0,0
81791673,0,0,0
81803091,0,0,0
81813918,0,0,0
81825249,0,0,0
81835484,0,0,0
81846841,0,0,0
81857431,0,0,0
81868647,0,0,0
81880177,0,0,0
81891876,0,0,0
81902816,0,0,0
81913998,0,0,0
81926298,0,0,0
81937012,0,0,0
81949336,0,0,0
81960600,0,0,0
81971387,0,0,0
81982701,0,0,0
81993270,0,0,0
82003839,0,0,0
82014846,0,0,0
82027466,0,0,0
82039257,0,0,0
82050486,0,0,0
82061347,0,0,0
82075115,0,0,0
82086798,0,0,0
82097379,0,0,0
82107584,0,0,0
82118596,0,0,0
82130720,0,0,0
82141885,0,0,0
82153388,0,0,0
82164994,0,0,0
82176252,0,0,0
82188169,0,0,0
82200036,0,0,0
82211080,0,0,0
82222705,0,0,0
82233683,0,0,0
82244984,0,0,0
82255975,0,0,0
82267535,0,0,0
82279339,0,0,0
82290059,0,0,0
82300833,0,0,0
82312509,0,0,0
82323027,0,0,0
82334582,0,0,0
82345806,0,0,0
82357171,0,0,0
82371526,0,0,0
82385448,0,0,0
82399767,0,0,0
82413174,0,0,0
82424052,0,0,0
82435752,0,0,0
82446691,0,0,0
82457805,0,0,0
82470430,0,0,0
82481001,0,0,0
82492397,0,0,0
82504489,0,0,0
82515232,0,0,0
82527322,0,0,0
82538379,0,0,0
82549056,0,0,0
82560019,0,0,0
82571323,0,0,0
82582425,0,0,0
82593842,0,0,0
82605117,0,0,0
82615884,0,0,0
82627112,0,0,0
82639111,0,0,0
82649863,0,0,0
82661077,0,0,0
82672270,0,0,0
82682477,0,0,0
82692870,0,0,0
82704138,0,0,0
82715688,0,0,0
82726576,0,0,0
82737858,0,0,0
82751020,0,0,0
82761936,0,0,0
82774025,0,0,0
82785406,0,0,0
82796360,0,0,0
82807871,0,0,0
82819952,0,0,0
82831073,0,0,0
82843508,0,0,0
82855944,0,0,0
82870529,0,0,0
82884100,0,0,0
82894977,0,0,0
82906025,0,0,0
82916519,0,0,0
82928295,0,0,0
82938445,0,0,0
82954875,0,0,0
82968050,0,0,0
82979739,0,0,0
82990650,0,0,0
83002622,0,0,0
83014259,0,0,0
83025758,0,0,0
83037804,0,0,0
83049312,0,0,0
83061242,0,0,0
83072767,0,0,0
83083445,0,0,0
83094435,0,0,0
83105609,0,0,0
83116841,0,0,0
83128289,0,0,0
83139255,0,0,0
83151203,0,0,0
83162417,0,0,0
83174471,0,0,0
83185550,0,0,0
83196646,0,0,0
83207402,0,0,0
83221334,0,0,0
83233557,0,0,0
83245624,0,0,0
83258297,0,0,0
83269047,0,0,0
83280495,0,0,0
83292048,0,0,0
83302552,0,0,0
83314134,0,0,0
83325829,0,0,0
83337522,0,0,0
83349111,0,0,0
83361296,0,0,0
83373043,0,0,0
83384693,0,0,0
83396261,0,0,0
83407140,0,0,0
83418901,0,0,0
83430283,0,0,0
83442253,0,0,0
83454107,0,0,0
83465034,0,0,0
83476105,0,0,0
83486473,0,0,0
83497716,0,0,0
83508410,0,0,0
83520205,0,0,0
83531125,0,0,0
83542204,0,0,0
83553735,0,0,0
83565442,0,0,0
83576466,0,0,0
83587260,0,0,0
83598808,0,0,0
83610649,0,0,0
83620993,0,0,0
83632922,0,0,0
83644212,0,0,0
83657714,0,0,0
83670097,0,0,0
83681005,0,0,0
83692918,0,0,0
83705535,0,0,0
83716910,0,0,0
83729105,0,0,0
83739766,0,0,0
83750951,0,0,0
83762214,0,0,0
83773461,0,0,0
83784373,0,0,0
83795702,0,0,0
83806431,0,0,0
83817808,0,0,0
83828957,0,0,0
83840663,0,0,0
83852360,0,0,0
83863047,0,0,0
83875067,0,0,0
83886340,0,0,0
83897926,0,0,0
83908794,0,0,0
83920699,0,0,0
83934645,0,0,0
83945144,0,0,0
83955094,0,0,0
83967285,0,0,0
83977956,0,0,0
83989596,0,0,0
84000984,0,0,0
84012174,0,0,0
84023662,0,0,0
84036391,0,0,0
84048378,0,0,0
84062641,0,0,0
84075359,0,0,0
84088155,0,0,0
84100305,0,0,0
84111623,0,0,0
84123714,0,0,0
84134940,0,0,0
84145773,0,0,0
84156902,0,0,0
84168464,0,0,0
84178970,0,0,0
84190872,0,0,0
84201685,0,0,0
84213188,0,0,0
84225581,0,0,0
84237703,0,0,0
84249711,0,0,0
84261961,0,0,0
84273322,0,0,0
84285219,0,0,0
84296797,0,0,0
84308414,0,0,0
84321221,0,0,0
84331667,0,0,0
84343598,0,0,0
84355008,0,0,0
84365622,0,0,0
84377331,0,0,0
84389088,0,0,0
84400749,0,0,0
84412454,0,0,0
84423966,0,0,0
84435068,0,0,0
84445595,0,0,0
84457417,0,0,0
84468359,0,0,0
84479298,0,0,0
84492078,0,0,0
84503151,0,0,0
84515079,0,0,0
84526810,0,0,0
84539212,0,0,0
84551514,0,0,0
84563372,0,0,0
84574183,0,0,0
84585315,0,0,0
84595964,0,0,0
84607382,0,0,0
84618813,0,0,0
84628941,0,0,0
84640035,0,0,0
84651133,0,0,0
84662817,0,0,0
84675175,0,0,0
84687497,0,0,0
84697933,0,0,0
84708614,0,0,0
84719695,0,0,0
84730634,0,0,0
84743633,0,0,0
84755096,0,0,0
84766689,0,0,0
84778793,0,0,0
84789961,0,0,0
84800552,0,0,0
84812070,0,0,0
84822881,0,0,0
84836500,0,0,0
84849760,0,0,0
84862200,0,0,0
84874586,0,0,0
84886443,0,0,0
84899043,0,0,0
84911745,0,0,0
84923675,0,0,0
84934609,0,0,0
84944838,0,0,0
84956701,0,0,0
84967933,0,0,0
84979275,0,0,0
84990312,0,0,0
85003385,0,0,0
85013891,0,0,0
85024845,0,0,0
85036133,0,0,0
85047107,0,0,0
85059166,0,0,0
85070585,0,0,0
85081357,0,0,0
85093801,0,0,0
85105150,0,0,0
85116463,0,0,0
85128292,0,0,0
85138877,0,0,0
85150399,0,0,0
85161028,0,0,0
85171887,0,0,0
85184321,0,0,0
85195981,0,0,0
85207241,0,0,0
85219205,0,0,0
85229857,0,0,0
85241463,0,0,0
85252513,0,0,0
85263582,0,0,0
85274109,0,0,0
85285963,0,0,0
85296954,0,0,0
85309192,0,0,0
85320571,0,0,0
85331847,0,0,0
85342516,0,0,0
85356391,0,0,0
85367494,0,0,0
85378779,0,0,0
85390498,0,0,0
85403834,0,0,0
85415354,0,0,0
85426073,0,0,0
85436288,0,0,0
85447950,0,0,0
85458441,0,0,0
85470156,0,0,0
85481104,0,0,0
85492174,0,0,0
85504729,0,0,0
85516199,0,0,0
85527645,0,0,0
85538544,0,0,0
85548976,0,0,0
85560804,0,0,0
85572449,0,0,0
85584865,0,0,0
85596627,0,0,0
85607948,0,0,0
85618876,0,0,0
85630000,0,0,0
85642163,0,0,0
85653203,0,0,0
85665002,0,0,0
85676564,0,0,0
85688764,0,0,0
85700579,0,0,0
85711711,0,0,0
85722334,0,0,0
85732848,0,0,0
85744588,0,0,0
85755452,0,0,0
85767176,0,0,0
85778729,0,0,0
85790293,0,0,0
85801347,0,0,0
85812675,0,0,0
85823445,0,0,0
85836669,0,0,0
85847562,0,0,0
85858840,0,0,0
85869676,0,0,0
85880357,0,0,0
85892108,0,0,0
85904136,0,0,0
85915340,0,0,0
85926346,0,0,0
85937759,0,0,0
85948414,0,0,0
85959029,0,0,0
85970594,0,0,0
85981644,0,0,0
85992542,0,0,0
86004608,0,0,0
86017051,0,0,0
86027747,0,0,0
86039059,0,0,0
86050303,0,0,0
86062601,0,0,0
86074318,0,0,0
86085656,0,0,0
86097764,0,0,0
86109137,0,0,0
86121541,0,0,0
86132274,0,0,0
86143773,0,0,0
86155095,0,0,0
86166523,0,0,0
86177841,0,0,0
86189134,0,0,0
86200166,0,0,0
86210890,0,0,0
86221370,0,0,0
86232954,0,0,0
86243965,0,0,0
86256122,0,0,0
86270369,0,0,0
86281973,0,0,0
86293355,0,0,0
86304079,0,0,0
86315895,0,0,0
86326464,0,0,0
86337143,0,0,0
86348221,0,0,0
86359326,0,0,0
86370716,0,0,0
86382099,0,0,0
86393782,0,0,0
86404900,0,0,0
86415952,0,0,0
86428550,0,0,0
86439405,0,0,0
86451181,0,0,0
86462162,0,0,0
86474205,0,0,0
86484924,0,0,0
86496173,0,0,0
86508349,0,0,0
86519385,0,0,0
86530207,0,0,0
86542543,0,0,0
86554156,0,0,0
86565843,0,0,0
86577478,0,0,0
86587837,0,0,0
86599988,0,0,0
86611489,0,0,0
86622465,0,0,0
86634720,0,0,0
86645167,0,0,0
86658031,0,0,0
86668527,0,0,0
86678388,0,0,0
86689714,0,0,0
86700838,0,0,0
86711974,0,0,0
86722936,0,0,0
86734418,0,0,0
86746050,0,0,0
86756813,0,0,0
86768778,0,0,0
86780067,0,0,0
86792045,0,0,0
86802394,0,0,0
86814591,0,0,0
86825427,0,0,0
86837470,0,0,0
86848838,0,0,0
86860081,0,0,0
86871503,0,0,0
86883152,0,0,0
86894216,0,0,0
86906171,0,0,0
86919061,0,0,0
86930007,0,0,0
86940595,0,0,0
86952098,0,0,0
86962930,0,0,0
86975021,0,0,0
86986952,0,0,0
86999345,0,0,0
87009424,0,0,0
87021895,0,0,0
87033709,0,0,0
87044797,0,0,0
87057674,0,0,0
87068353,0,0,0
87078949,0,0,0
87093071,0,0,0
87105814,0,0,0
87117167,0,0,0
87129295,0,0,0
87139782,0,0,0
87150156,0,0,0
87163672,0,0,0
87174588,0,0,0
87186700,0,0,0
87198203,0,0,0
87210275,0,0,0
87220618,0,0,0
87232581,0,0,0
87244215,0,0,0
87255792,0,0,0
87267037,0,0,0
87278857,0,0,0
87289972,0,0,0
87300423,0,0,0
87311414,0,0,0
87322493,0,0,0
87334668,0,0,0
87346996,0,0,0
87359115,0,0,0
87372016,0,0,0
87383525,0,0,0
87394374,0,0,0
87405387,0,0,0
87419046,0,0,0
87431885,0,0,0
87444448,0,0,0
87455201,0,0,0
87466327,0,0,0
87476525,0,0,0
87488363,0,0,0
87499232,0,0,0
87510457,0,0,0
87521563,0,0,0
87532577,0,0,0
87544033,0,0,0
87555458,0,0,0
87566855,0,0,0
87578958,0,0,0
87589596,0,0,0
87600475,0,0,0
87612028,0,0,0
87622985,0,0,0
87635043,0,0,0
87645675,0,0,0
87658702,0,0,0
87670258,0,0,0
87683422,0,0,0
87695850,0,0,0
87707492,0,0,0
87721308,0,0,0
87733945,0,0,0
87744320,0,0,0
87755832,0,0,0
87766761,0,0,0
87778222,0,0,0
87789410,0,0,0
87800042,0,0,0
87811115,0,0,0
87821830,0,0,0
87834929,0,0,0
87846108,0,0,0
87856679,0,0,0
87867575,0,0,0
87879482,0,0,0
87890331,0,0,0
87901627,0,0,0
87913455,0,0,0
87928114,0,0,0
87938979,0,0,0
87950154,0,0,0
87961449,0,0,0
87972590,0,0,0
87984201,0,0,0
87995672,0,0,0
88007015,0,0,0
88018779,0,0,0
88029949,0,0,0
88041391,0,0,0
88052891,0,0,0
88064146,0,0,0
88074939,0,0,0
88091035,0,0,0
88101691,0,0,0
88113107,0,0,0
88124476,0,0,0
88136162,0,0,0
88147354,0,0,0
88159572,0,0,0
88170692,0,0,0
88182426,0,0,0
88193680,0,0,0
88204408,0,0,0
88215485,0,0,0
88226597,0,0,0
88238619,0,0,0
88250330,0,0,0
88262381,0,0,0
88273686,0,0,0
88284240,0,0,0
88296195,0,0,0
88307099,0,0,0
88318489,0,0,0
88330976,0,0,0
88341792,0,0,0
88353205,0,0,0
88363856,0,0,0
88375738,0,0,0
88386800,0,0,0
88398019,0,0,0
88413874,0,0,0
88425807,0,0,0
88437366,0,0,0
88448403,0,0,0
88460896,0,0,0
88471197,0,0,0
88483276,0,0,0
88493942,0,0,0
88505281,0,0,0
88517438,0,0,0
88528450,0,0,0
88540188,0,0,0
88551647,0,0,0
88564626,0,0,0
88575528,0,0,0
88587590,0,0,0
88598936,0,0,0
88608957,0,0,0
88620369,0,0,0
88632058,0,0,0
88643515,0,0,0
88656351,0,0,0
88666880,0,0,0
88679136,0,0,0
88690197,0,0,0
88702245,0,0,0
88713543,0,0,0
88725276,0,0,0
88735966,0,0,0
88748182,0,0,0
88759077,0,0,0
88769943,0,0,0
88781686,0,0,0
88793466,0,0,0
88804506,0,0,0
88815578,0,0,0
88827070,0,0,0
88837828,0,0,0
88852817,0,0,0
88865374,0,0,0
88878858,0,0,0
88891818,0,0,0
88903406,0,0,0
88915354,0,0,0
88926892,0,0,0
88938268,0,0,0
88948852,0,0,0
88960027,0,0,0
88972185,0,0,0
88984623,0,0,0
88995952,0,0,0
89006531,0,0,0
89017350,0,0,0
89030187,0,0,0
89040108,0,0,0
89051241,0,0,0
89062836,0,0,0
89074587,0,0,0
89086633,0,0,0
89098382,0,0,0
89108697,0,0,0
89120115,0,0,0
89130704,0,0,0
89143560,0,0,0
89155041,0,0,0
89165604,0,0,0
89176728,0,0,0
89187410,0,0,0
89198604,0,0,0
89209268,0,0,0
89220950,0,0,0
89231830,0,0,0
89244184,0,0,0
89255070,0,0,0
89266114,0,0,0
89278703,0,0,0
89289199,0,0,0
89300660,0,0,0
89313041,0,0,0
89325140,0,0,0
89337197,0,0,0
89349259,0,0,0
89362136,0,0,0
89372779,0,0,0
89385818,0,0,0
89398338,0,0,0
89410423,0,0,0
89422088,0,0,0
89433028,0,0,0
89444739,0,0,0
89455544,0,0,0
89466436,0,0,0
89477970,0,0,0
89488943,0,0,0
89500399,0,0,0
89512461,0,0,0
89524173,0,0,0
89535390,0,0,0
89547189,0,0,0
89558272,0,0,0
89571280,0,0,0
89582756,0,0,0
89594198,0,0,0
89605468,0,0,0
89617813,0,0,0
89630377,0,0,0
89642120,0,0,0
89653935,0,0,0
89666536,0,0,0
89677412,0,0,0
89689143,0,0,0
89700900,0,0,0
89712379,0,0,0
89723979,0,0,0
89734779,0,0,0
89746490,0,0,0
89757045,0,0,0
89769137,0,0,0
89781662,0,0,0
89791801,0,0,0
89803878,0,0,0
89815037,0,0,0
89826121,0,0,0
89838037,0,0,0
89849872,0,0,0
89862264,0,0,0
89874421,0,0,0
89885980,0,0,0
89897929,0,0,0
89909478,0,0,0
89921084,0,0,0
89931619,0,0,0
89943239,0,0,0
89954307,0,0,0
89965138,0,0,0
89977041,0,0,0
89989886,0,0,0
90001357,0,0,0
90012043,0,0,0
90023285,0,0,0
90035259,0,0,0
90046118,0,0,0
90057429,0,0,0
90068523,0,0,0
90080391,0,0,0
90093054,0,0,0
90104927,0,0,0
90116664,0,0,0
90127868,0,0,0
90138792,0,0,0
90151635,0,0,0
90163346,0,0,0
90174746,0,0,0
90186123,0,0,0
90197008,0,0,0
90209668,0,0,0
90220305,0,0,0
90231983,0,0,0
90243244,0,0,0
90254817,0,0,0
90266080,0,0,0
90277136,0,0,0
90287672,0,0,0
90298655,0,0,0
90309276,0,0,0
90320581,0,0,0
90332031,0,0,0
90343114,0,0,0
90354796,0,0,0
90365621,0,0,0
90377215,0,0,0
90388202,0,0,0
90400331,0,0,0
90411392,0,0,0
90422139,0,0,0
90432290,0,0,0
90443607,0,0,0
90454855,0,0,0
90466703,0,0,0
90478280,0,0,0
90490036,0,0,0
90501461,0,0,0
90513697,0,0,0
90524194,0,0,0
90535871,0,0,0
90546716,0,0,0
90558018,0,0,0
90569391,0,0,0
90580733,0,0,0
90591857,0,0,0
90603513,0,0,0
90614866,0,0,0
90626186,0,0,0
90637189,0,0,0
90648136,0,0,0
90659557,0,0,0
90670374,0,0,0
90681954,0,0,0
90693320,0,0,0
90703871,0,0,0
90715310,0,0,0
90727980,0,0,0
90740143,0,0,0
90752930,0,0,0
90765093,0,0,0
90775871,0,0,0
90788051,0,0,0
90799449,0,0,0
90810856,0,0,0
90821846,0,0,0
90833937,0,0,0
90845462,0,0,0
90856599,0,0,0
90867506,0,0,0
90878285,0,0,0
90889256,0,0,0
90900573,0,0,0
90911917,0,0,0
90923536,0,0,0
90933858,0,0,0
90947901,0,0,0
90958895,0,0,0
90970013,0,0,0
90981833,0,0,0
90994103,0,0,0
91005597,0,0,0
91018330,0,0,0
91028436,0,0,0
91040434,0,0,0
91051025,0,0,0
91062143,0,0,0
91075562,0,0,0
91086415,0,0,0
91098600,0,0,0
91110164,0,0,0
91122281,0,0,0
91134068,0,0,0
91144170,0,0,0
91155483,0,0,0
91166103,0,0,0
91177853,0,0,0
91188845,0,0,0
91201426,0,0,0
91212511,0,0,0
91223241,0,0,0
91234368,0,0,0
91248199,0,0,0
91258015,0,0,0
91268803,0,0,0
91279280,0,0,0
91289844,0,0,0
91301872,0,0,0
91313124,0,0,0
91323161,0,0,0
91334149,0,0,0
91344918,0,0,0
91355945,0,0,0
91366469,0,0,0
91377727,0,0,0
91389438,0,0,0
91400923,0,0,0
91412014,0,0,0
91424222,0,0,0
91435208,0,0,0
91446133,0,0,0
91456913,0,0,0
91468270,0,0,0
91478636,0,0,0
91490201,0,0,0
91501185,0,0,0
91513157,0,0,0
91525586,0,0,0
91538177,0,0,0
91548760,0,0,0
91560149,0,0,0
91571820,0,0,0
91584356,0,0,0
91596541,0,0,0
91608122,0,0,0
91618417,0,0,0
91630218,0,0,0
91641727,0,0,0
91651918,0,0,0
91663391,0,0,0
91675214,0,0,0
91686334,0,0,0
91698762,0,0,0
91710109,0,0,0
91720649,0,0,0
91732900,0,0,0
91744004,0,0,0
91754983,0,0,0
91765804,0,0,0
91776637,0,0,0
91788178,0,0,0
91800120,0,0,0
91811699,0,0,0
91823409,0,0,0
91834832,0,0,0
91846530,0,0,0
91858068,0,0,0
91870315,0,0,0
91882820,0,0,0
91894130,0,0,0
91906877,0,0,0
91917229,0,0,0
91929800,0,0,0
91943174,0,0,0
91956070,0,0,0
91968633,0,0,0
91980579,0,0,0
91992511,0,0,0
92003862,0,0,0
92015071,0,0,0
92026092,0,0,0
92036886,0,0,0
92048905,0,0,0
92060668,0,0,0
92071760,0,0,0
92083728,0,0,0
92094689,0,0,0
92106639,0,0,0
92117406,0,0,0
92130093,0,0,0
92140914,0,0,0
92152634,0,0,0
92164349,0,0,0
92175074,0,0,0
92186341,0,0,0
92198811,0,0,0
92211121,0,0,0
92221314,0,0,0
92233363,0,0,0
92244364,0,0,0
92255962,0,0,0
92268792,0,0,0
92279596,0,0,0
92291186,0,0,0
92301019,0,0,0
92313542,0,0,0
92323700,0,0,0
92334478,0,0,0
92345301,0,0,0
92356063,0,0,0
92367688,0,0,0
92378471,0,0,0
92391255,0,0,0
92402628,0,0,0
92413756,0,0,0
92425027,0,0,0
92436721,0,0,0
92448183,0,0,0
92460559,0,0,0
92473693,0,0,0
92486355,0,0,0
92498001,0,0,0
92509485,0,0,0
92520712,0,0,0
92532460,0,0,0
92543474,0,0,0
92556077,0,0,0
92567750,0,0,0
92578655,0,0,0
92589801,0,0,0
92600711,0,0,0
92611375,0,0,0
92622827,0,0,0
92633694,0,0,0
92646870,0,0,0
92658143,0,0,0
92669123,0,0,0
92681123,0,0,0
92693839,0,0,0
92705149,0,0,0
92716580,0,0,0
92727231,0,0,0
92739307,0,0,0
92750409,0,0,0
92761382,0,0,0
92772922,0,0,0
92785500,0,0,0
92795702,0,0,0
92807038,0,0,0
92818155,0,0,0
92829376,0,0,0
92840502,0,0,0
92852201,0,0,0
92864347,0,0,0
92875547,0,0,0
92887422,0,0,0
92899172,0,0,0
92910691,0,0,0
92924037,0,0,0
92935301,0,0,0
92946408,0,0,0
92957394,0,0,0
92970926,0,0,0
92982406,0,0,0
92993965,0,0,0
93005657,0,0,0
93016428,0,0,0
93028046,0,0,0
93039335,0,0,0
93051029,0,0,0
93061737,0,0,0
93073069,0,0,0
93084714,0,0,0
93094945,0,0,0
93106601,0,0,0
93117858,0,0,0
93129100,0,0,0
93140119,0,0,0
93151678,0,0,0
93163363,0,0,0
93174203,0,0,0
93185916,0,0,0
93197685,0,0,0
93207817,0,0,0
93218831,0,0,0
93230996,0,0,0
93242396,0,0,0
93253708,0,0,0
93265480,0,0,0
93276969,0,0,0
93288086,0,0,0
93298668,0,0,0
93310201,0,0,0
93321551,0,0,0
93332460,0,0,0
93343530,0,0,0
93354749,0,0,0
93366804,0,0,0
93378868,0,0,0
93390364,0,0,0
93401659,0,0,0
93413700,0,0,0
93425311,0,0,0
93436611,0,0,0
93448560,0,0,0
93460381,0,0,0
93472915,0,0,0
93483548,0,0,0
93494829,0,0,0
93507126,0,0,0
93517614,0,0,0
93529839,0,0,0
93540957,0,0,0
93550955,0,0,0
93561954,0,0,0
93574128,0,0,0
93586167,0,0,0
93597340,0,0,0
93608035,0,0,0
93618759,0,0,0
93631981,0,0,0
93643923,0,0,0
93654220,0,0,0
93664982,0,0,0
93677983,0,0,0
93689407,0,0,0
93701410,0,0,0
93712538,0,0,0
93722446,0,0,0
93733885,0,0,0
93744780,0,0,0
93757539,0,0,0
93768217,0,0,0
93778380,0,0,0
93789398,0,0,0
93800488,0,0,0
93811852,0,0,0
93823470,0,0,0
93835003,0,0,0
93846160,0,0,0
93856586,0,0,0
93868721,0,0,0
93880451,0,0,0
93892989,0,0,0
93904860,0,0,0
93916051,0,0,0
93927015,0,0,0
93938925,0,0,0
93949766,0,0,0
93960883,0,0,0
93973308,0,0,0
93984175,0,0,0
93994975,0,0,0
94006516,0,0,0
94017907,0,0,0
94029428,0,0,0
94041122,0,0,0
94052765,0,0,0
94064633,0,0,0
94076381,0,0,0
94088926,0,0,0
94099463,0,0,0
94111864,0,0,0
94122822,0,0,0
94133910,0,0,0
94145959,0,0,0
94156996,0,0,0
94169089,0,0,0
94179650,0,0,0
94190989,0,0,0
94202376,0,0,0
94213315,0,0,0
94224032,0,0,0
94235851,0,0,0
94247389,0,0,0
94257772,0,0,0
94268065,0,0,0
94279081,0,0,0
94289733,0,0,0
94302070,0,0,0
94313281,0,0,0
94324726,0,0,0
94335819,0,0,0
94349542,0,0,0
94361368,0,0,0
94372191,0,0,0
94382991,0,0,0
94397373,0,0,0
94407933,0,0,0
94419045,0,0,0
94429504,0,0,0
94440756,0,0,0
94451592,0,0,0
94463530,0,0,0
94475340,0,0,0
94486723,0,0,0
94497225,0,0,0
94508288,0,0,0
94520084,0,0,0
94530751,0,0,0
94541418,0,0,0
94553899,0,0,0
94564644,0,0,0
94576593,0,0,0
94587589,0,0,0
94598698,0,0,0
94609807,0,0,0
94620841,0,0,0
94632420,0,0,0
94643411,0,0,0
94654783,0,0,0
94665248,0,0,0
94676951,0,0,0
94689960,0,0,0
94701189,0,0,0
94712735,0,0,0
94725832,0,0,0
94737487,0,0,0
94748628,0,0,0
94760289,0,0,0
94771327,0,0,0
94781702,0,0,0
94793189,0,0,0
94804098,0,0,0
94815365,0,0,0
94826343,0,0,0
94837160,0,0,0
94848991,0,0,0
94860581,0,0,0
94873433,0,0,0
94885121,0,0,0
94896355,0,0,0
94907521,0,0,0
94919448,0,0,0
94931311,0,0,0
94943299,0,0,0
94954345,0,0,0
94965328,0,0,0
94977268,0,0,0
94988278,0,0,0
94999264,0,0,0
95010817,0,0,0
95022058,0,0,0
95033894,0,0,0
95045584,0,0,0
95056415,0,0,0
95066967,0,0,0
95079399,0,0,0
95090220,0,0,0
95100985,0,0,0
95113089,0,0,0
95123805,0,0,0
95135213,0,0,0
95147058,0,0,0
95160782,0,0,0
95171678,0,0,0
95183459,0,0,0
95194364,0,0,0
95208364,0,0,0
95220681,0,0,0
95232272,0,0,0
95242876,0,0,0
95253250,0,0,0
95264947,0,0,0
95276582,0,0,0
95289348,0,0,0
95300418,0,0,0
95312045,0,0,0
95324377,0,0,0
95334801,0,0,0
95346505,0,0,0
95358124,0,0,0
95369886,0,0,0
95381814,0,0,0
95392673,0,0,0
95403994,0,0,0
95415155,0,0,0
95426428,0,0,0
95438570,0,0,0
95450510,0,0,0
95461668,0,0,0
95474048,0,0,0
95485879,0,0,0
95497066,0,0,0
95509985,0,0,0
95520838,0,0,0
95532116,0,0,0
95543102,0,0,0
95555426,0,0,0
95566108,0,0,0
95578080,0,0,0
95589562,0,0,0
95600311,0,0,0
95611754,0,0,0
95623259,0,0,0
95633668,0,0,0
95645590,0,0,0
95657714,0,0,0
95670716,0,0,0
95681366,0,0,0
95693735,0,0,0
95705014,0,0,0
95715829,0,0,0
95728216,0,0,0
95739022,0,0,0
95753142,0,0,0
95764061,0,0,0
95776425,0,0,0
95791359,0,0,0
95802086,0,0,0
95814248,0,0,0
95825510,0,0,0
95836616,0,0,0
95847502,0,0,0
95859344,0,0,0
95872288,0,0,0
95883322,0,0,0
95893833,0,0,0
95905563,0,0,0
95917210,0,0,0
95928453,0,0,0
95939415,0,0,0
95951134,0,0,0
95963425,0,0,0
95975331,0,0,0
95985362,0,0,0
95996092,0,0,0
96007855,0,0,0
96018443,0,0,0
96030762,0,0,0
96041870,0,0,0
96053653,0,0,0
96065876,0,0,0
96077424,0,0,0
96089069,0,0,0
96099312,0,0,0
96110902,0,0,0
96122682,0,0,0
96133408,0,0,0
96145611,0,0,0
96157678,0,0,0
96169698,0,0,0
96181666,0,0,0
96192507,0,0,0
96203948,0,0,0
96216187,0,0,0
96227287,0,0,0
96239459,0,0,0
96250531,0,0,0
96261907,0,0,0
96272357,0,0,0
96284590,0,0,0
96296588,0,0,0
96308790,0,0,0
96320477,0,0,0
96332546,0,0,0
96345651,0,0,0
96355727,0,0,0
96367225,0,0,0
96378064,0,0,0
96389325,0,0,0
96400427,0,0,0
96411961,0,0,0
96423733,0,0,0
96434470,0,0,0
96446798,0,0,0
96458136,0,0,0
96469672,0,0,0
96481194,0,0,0
96492309,0,0,0
96504045,0,0,0
96515216,0,0,0
96526980,0,0,0
96539622,0,0,0
96551248,0,0,0
96563452,0,0,0
96574508,0,0,0
96586274,0,0,0
96596943,0,0,0
96609835,0,0,0
96620217,0,0,0
96631073,0,0,0
96646167,0,0,0
96658273,0,0,0
96669686,0,0,0
96680629,0,0,0
96692164,0,0,0
96703030,0,0,0
96714849,0,0,0
96728552,0,0,0
96739287,0,0,0
96750584,0,0,0
96762921,0,0,0
96774640,0,0,0
96785130,0,0,0
96796675,0,0,0
96808656,0,0,0
96820519,0,0,0
96832898,0,0,0
96844464,0,0,0
96855678,0,0,0
96868283,0,0,0
96879578,0,0,0
96891367,0,0,0
96902088,0,0,0
96914432,0,0,0
96925412,0,0,0
96937539,0,0,0
96948948,0,0,0
96961578,0,0,0
96972967,0,0,0
96985284,0,0,0
96997813,0,0,0
97009254,0,0,0
97020541,0,0,0
97032824,0,0,0
97045618,0,0,0
97057475,0,0,0
97069431,0,0,0
97081440,0,0,0
97093021,0,0,0
97103990,0,0,0
97116227,0,0,0
97127727,0,0,0
97138659,0,0,0
97151005,0,0,0
97162296,0,0,0
97174058,0,0,0
97187525,0,0,0
97198726,0,0,0
97210611,0,0,0
97221482,0,0,0
97231972,0,0,0
97244024,0,0,0
97257020,0,0,0
97267589,0,0,0
97278687,0,0,0
97289843,0,0,0
97301895,0,0,0
97312835,0,0,0
97323771,0,0,0
97334713,0,0,0
97346446,0,0,0
97359122,0,0,0
97370318,0,0,0
97382239,0,0,0
97394133,0,0,0
97405201,0,0,0
97416957,0,0,0
97427610,0,0,0
97439315,0,0,0
97451463,0,0,0
97463818,0,0,0
97474724,0,0,0
97486280,0,0,0
97497074,0,0,0
97508757,0,0,0
97518804,0,0,0
97529616,0,0,0
97541451,0,0,0
97554762,0,0,0
97565057,0,0,0
97576539,0,0,0
97590129,0,0,0
97603139,0,0,0
97614793,0,0,0
97625941,0,0,0
97636783,0,0,0
97647555,0,0,0
97658928,0,0,0
97669679,0,0,0
97681010,0,0,0
97692697,0,0,0
97703568,0,0,0
97715679,0,0,0
97726124,0,0,0
97735252,0,0,0
97744901,0,0,0
97756366,0,0,0
97766695,0,0,0
97776902,0,0,0
97786850,0,0,0
97797487,0,0,0
97807870,0,0,0
97822094,0,0,0
97831750,0,0,0
97843226,0,0,0
97852973,0,0,0
97862564,0,0,0
97873282,0,0,0
97883076,0,0,0
97893486,0,0,0
97903203,0,0,0
97913283,0,0,0
97923033,0,0,0
97933553,0,0,0
97944352,0,0,0
97954687,0,0,0
97965179,0,0,0
97975895,0,0,0
97985263,0,0,0
97995407,0,0,0
98005100,0,0,0
98015679,0,0,0
98025150,0,0,0
98035791,0,0,0
98046571,0,0,0
98056071,0,0,0
98066392,0,0,0
98078082,0,0,0
98088756,0,0,0
98099753,0,0,0
98110648,0,0,0
98120067,0,0,0
98130894,0,0,0
98140580,0,0,0
98151923,0,0,0
98162054,0,0,0
98172546,0,0,0
98182906,0,0,0
98193691,0,0,0
98204567,0,0,0
98215881,0,0,0
98225771,0,0,0
98235285,0,0,0
98246328,0,0,0
98256941,0,0,0
98266768,0,0,0
98277085,0,0,0
98288677,0,0,0
98298036,0,0,0
98307680,0,0,0
98318261,0,0,0
98328868,0,0,0
98338999,0,0,0
98349007,0,0,0
98358647,0,0,0
98367926,0,0,0
98378984,0,0,0
98388415,0,0,0
98399608,0,0,0
98409553,0,0,0
98420089,0,0,0
98430453,0,0,0
98440216,0,0,0
98450148,0,0,0
98460307,0,0,0
98470391,0,0,0
98480980,0,0,0
98491281,0,0,0
98501352,0,0,0
98511977,0,0,0
98525116,0,0,0
98535788,0,0,0
98546576,0,0,0
98557985,0,0,0
98568495,0,0,0
98579814,0,0,0
98588666,0,0,0
98601925,0,0,0
98611572,0,0,0
98622798,0,0,0
98633109,0,0,0
98642374,0,0,0
98650777,0,0,0
98661259,0,0,0
98672498,0,0,0
98681921,0,0,0
98691909,0,0,0
98701675,0,0,0
98711293,0,0,0
98720652,0,0,0
98730993,0,0,0
98740473,0,0,0
98749503,0,0,0
98759823,0,0,0
98770142,0,0,0
98781486,0,0,0
98791743,0,0,0
98801449,0,0,0
98812533,0,0,0
98822066,0,0,0
98831937,0,0,0
98841447,0,0,0
98851578,0,0,0
98863008,0,0,0
98873965,0,0,0
98885801,0,0,0
98897121,0,0,0
98907716,0,0,0
98918641,0,0,0
98928854,0,0,0
98939119,0,0,0
98948868,0,0,0
98959265,0,0,0
98971189,0,0,0
98981454,0,0,0
98992159,0,0,0
99001834,0,0,0
99011719,0,0,0
99022022,0,0,0
99032769,0,0,0
99043089,0,0,0
99053077,0,0,0
99062731,0,0,0
99074727,0,0,0
99084545,0,0,0
99094940,0,0,0
99104964,0,0,0
99115773,0,0,0
99125404,0,0,0
99136133,0,0,0
99146793,0,0,0
99157353,0,0,0
99168048,0,0,0
99178103,0,0,0
99189720,0,0,0
99199520,0,0,0
99209315,0,0,0
99218680,0,0,0
99228371,0,0,0
99238556,0,0,0
99249167,0,0,0
99259867,0,0,0
99270728,0,0,0
99280802,0,0,0
99290043,0,0,0
99299863,0,0,0
99310954,0,0,0
99322320,0,0,0
99333932,0,0,0
99343359,0,0,0
99353173,0,0,0
99363661,0,0,0
99375581,0,0,0
99385910,0,0,0
99396248,0,0,0
99406732,0,0,0
99417050,0,0,0
99427822,0,0,0
99439451,0,0,0
99449263,0,0,0
99459589,0,0,0
99469332,0,0,0
99479974,0,0,0
99489721,0,0,0
99500928,0,0,0
99511324,0,0,0
99520177,0,0,0
99529693,0,0,0
99540354,0,0,0
99551653,0,0,0
99562839,0,0,0
99572893,0,0,0
99582819,0,0,0
99593061,0,0,0
99603333,0,0,0
99613517,0,0,0
99623798,0,0,0
99634309,0,0,0
99644693,0,0,0
99656606,0,0,0
99666636,0,0,0
99677299,0,0,0
99687607,0,0,0
99698017,0,0,0
99709962,0,0,0
99719661,0,0,0
99730395,0,0,0
99741399,0,0,0
99751951,0,0,0
99762699,0,0,0
99772313,0,0,0
99782136,0,0,0
99791778,0,0,0
99801436,0,0,0
99811768,0,0,0
99821794,0,0,0
99830997,0,0,0
99841096,0,0,0
99851792,0,0,0
99861308,0,0,0
99872623,0,0,0
99882939,0,0,0
99893695,0,0,0
99905708,0,0,0
99916200,0,0,0
99925920,0,0,0
99935980,0,0,0
99945606,0,0,0
99955427,0,0,0
99968930,0,0,0
99977792,0,0,0
99987968,0,0,0
99997316,0,0,0
100007934,0,0,0
100017617,0,0,0
100027927,0,0,0
100041671,0,0,0
100052739,0,0,0
100062515,0,0,0
100071622,0,0,0
100081379,0,0,0
100092289,0,0,0
100103268,0,0,0
100114893,0,0,0
100125129,0,0,0
100134848,0,0,0
100144928,0,0,0
100156428,0,0,0
100166555,0,0,0
100176758,0,0,0
100186893,0,0,0
100197565,0,0,0
100207809,0,0,0
100218766,0,0,0
100228613,0,0,0
100238401,0,0,0
100248318,0,0,0
100258886,0,0,0
100269289,0,0,0
100279522,0,0,0
100289699,0,0,0
100299744,0,0,0
100309320,0,0,0
100319571,0,0,0
100329745,0,0,0
100339454,0,0,0
100351128,0,0,0
100360523,0,0,0
100371337,0,0,0
100381043,0,0,0
100390869,0,0,0
100406031,0,0,0
100416684,0,0,0
100427988,0,0,0
100439330,0,0,0
100448778,0,0,0
100459197,0,0,0
100469248,0,0,0
100482222,0,0,0
100492729,0,0,0
100502889,0,0,0
100513610,0,0,0
100524084,0,0,0
100534025,0,0,0
100543773,0,0,0
100554421,0,0,0
100565577,0,0,0
100575603,0,0,0
100586000,0,0,0
100597306,0,0,0
100607508,0,0,0
100618918,0,0,0
100628429,0,0,0
100638518,0,0,0
100651797,0,0,0
100662632,0,0,0
100680115,0,0,0
100691929,0,0,0
100702277,0,0,0
100711542,0,0,0
100720778,0,0,0
100731595,0,0,0
100742371,0,0,0
100752349,0,0,0
100763240,0,0,0
100774536,0,0,0
100784400,0,0,0
100797884,0,0,0
100808892,0,0,0
100819063,0,0,0
100829576,0,0,0
100838709,0,0,0
100852780,0,0,0
100864061,0,0,0
100873685,0,0,0
100886392,0,0,0
100896266,0,0,0
100905736,0,0,0
100916499,0,0,0
100926943,0,0,0
100936463,0,0,0
100946405,0,0,0
100956015,0,0,0
100966826,0,0,0
100977361,0,0,0
100987889,0,0,0
100998858,0,0,0
101009151,0,0,0
101019775,0,0,0
101029431,0,0,0
101039458,0,0,0
101049750,0,0,0
101059508,0,0,0
101069822,0,0,0
101080485,0,0,0
101090910,0,0,0
101101353,0,0,0
101112330,0,0,0
101122969,0,0,0
101132899,0,0,0
101141772,0,0,0
101151082,0,0,0
101160957,0,0,0
101171476,0,0,0
101181144,0,0,0
101191023,0,0,0
101201749,0,0,0
101211925,0,0,0
101222657,0,0,0
101233312,0,0,0
101242874,0,0,0
101253932,0,0,0
101264494,0,0,0
101275331,0,0,0
101285275,0,0,0
101294470,0,0,0
101304124,0,0,0
101316241,0,0,0
101326057,0,0,0
101335989,0,0,0
101345929,0,0,0
101356203,0,0,0
101367195,0,0,0
101377424,0,0,0
101387487,0,0,0
101398260,0,0,0
101407829,0,0,0
101417660,0,0,0
101429028,0,0,0
101438617,0,0,0
101448961,0,0,0
101458958,0,0,0
101468842,0,0,0
101480491,0,0,0
101490434,0,0,0
101499843,0,0,0
101509564,0,0,0
101519626,0,0,0
101529996,0,0,0
101540248,0,0,0
101550100,0,0,0
101560585,0,0,0
101570804,0,0,0
101580812,0,0,0
101590857,0,0,0
101600664,0,0,0
101610789,0,0,0
101620595,0,0,0
101630636,0,0,0
101640669,0,0,0
101650608,0,0,0
101660876,0,0,0
101670570,0,0,0
101680338,0,0,0
101692129,0,0,0
101702322,0,0,0
101712268,0,0,0
101722278,0,0,0
101731944,0,0,0
101742668,0,0,0
101752944,0,0,0
101762963,0,0,0
101773003,0,0,0
101784480,0,0,0
101794649,0,0,0
101805485,0,0,0
101815261,0,0,0
101825821,0,0,0
101837131,0,0,0
101847361,0,0,0
101858791,0,0,0
101868617,0,0,0
101879393,0,0,0
101889050,0,0,0
101898415,0,0,0
101909289,0,0,0
101920790,0,0,0
101930371,0,0,0
101940197,0,0,0
101951113,0,0,0
101960452,0,0,0
101970730,0,0,0
101981912,0,0,0
101991556,0,0,0
102002113,0,0,0
102013771,0,0,0
102023927,0,0,0
102033967,0,0,0
102043216,0,0,0
102052940,0,0,0
102062528,0,0,0
102072329,0,0,0
102083460,0,0,0
102093782,0,0,0
102102911,0,0,0
102114547,0,0,0
102124962,0,0,0
102135614,0,0,0
102147883,0,0,0
102157445,0,0,0
102167518,0,0,0
102179305,0,0,0
102191416,0,0,0
102202287,0,0,0
102213038,0,0,0
102222795,0,0,0
102233996,0,0,0
102244053,0,0,0
102254496,0,0,0
102264660,0,0,0
102275296,0,0,0
102288166,0,0,0
102299986,0,0,0
102313088,0,0,0
102324382,0,0,0
102334286,0,0,0
102344998,0,0,0
102357577,0,0,0
102367438,0,0,0
102377409,0,0,0
102388010,0,0,0
102398294,0,0,0
102408273,0,0,0
102418367,0,0,0
102428365,0,0,0
102438857,0,0,0
102448420,0,0,0
102457933,0,0,0
102467884,0,0,0
102477853,0,0,0
102489502,0,0,0
102499658,0,0,0
102510590,0,0,0
102522008,0,0,0
102531918,0,0,0
102542182,0,0,0
102552699,0,0,0
102563326,0,0,0
102573134,0,0,0
102583023,0,0,0
102593790,0,0,0
102603181,0,0,0
102613603,0,0,0
102623661,0,0,0
102633612,0,0,0
102643573,0,0,0
102655078,0,0,0
102665833,0,0,0
102676108,0,0,0
102685338,0,0,0
102696203,0,0,0
102706165,0,0,0
102716741,0,0,0
102727289,0,0,0
102736832,0,0,0
102746864,0,0,0
102756283,0,0,0
102765626,0,0,0
102775544,0,0,0
102785119,0,0,0
102796202,0,0,0
102806637,0,0,0
102816662,0,0,0
102827102,0,0,0
102839148,0,0,0
102849767,0,0,0
102860216,0,0,0
102870286,0,0,0
102880163,0,0,0
102890376,0,0,0
102900762,0,0,0
102911983,0,0,0
102923012,0,0,0
102932227,0,0,0
102941973,0,0,0
102952289,0,0,0
102963641,0,0,0
102973569,0,0,0
102984588,0,0,0
102995782,0,0,0
103006204,0,0,0
103015993,0,0,0
103025387,0,0,0
103035104,0,0,0
103046297,0,0,0
103056348,0,0,0
103066084,0,0,0
103076145,0,0,0
103086358,0,0,0
103095782,0,0,0
103107092,0,0,0
103117059,0,0,0
103127086,0,0,0
103137160,0,0,0
103147120,0,0,0
103157982,0,0,0
103168284,0,0,0
103177864,0,0,0
103188302,0,0,0
103198871,0,0,0
103208565,0,0,0
103218341,0,0,0
103228040,0,0,0
103238384,0,0,0
103248838,0,0,0
103259107,0,0,0
103269373,0,0,0
103279629,0,0,0
103289614,0,0,0
103298981,0,0,0
103309822,0,0,0
103320482,0,0,0
103330329,0,0,0
103341023,0,0,0
103351157,0,0,0
103361864,0,0,0
103372922,0,0,0
103383018,0,0,0
103393393,0,0,0
103403842,0,0,0
103413690,0,0,0
103424329,0,0,0
103435636,0,0,0
103445612,0,0,0
103457568,0,0,0
103467664,0,0,0
103477497,0,0,0
103488043,0,0,0
103497717,0,0,0
103507916,0,0,0
103518255,0,0,0
103528174,0,0,0
103538197,0,0,0
103548900,0,0,0
103559009,0,0,0
103569216,0,0,0
103579073,0,0,0
103589624,0,0,0
103599593,0,0,0
103611761,0,0,0
103621895,0,0,0
103631650,0,0,0
103641453,0,0,0
103653088,0,0,0
103663559,0,0,0
103677575,0,0,0
103689583,0,0,0
103700823,0,0,0
103712959,0,0,0
103721922,0,0,0
103730970,0,0,0
103742139,0,0,0
103752040,0,0,0
103762349,0,0,0
103773000,0,0,0
103783236,0,0,0
103794363,0,0,0
103804437,0,0,0
103815841,0,0,0
103826566,0,0,0
103836637,0,0,0
103847144,0,0,0
103856986,0,0,0
103870748,0,0,0
103880650,0,0,0
103889949,0,0,0
103901171,0,0,0
103914331,0,0,0
103924625,0,0,0
103934176,0,0,0
103944058,0,0,0
103954153,0,0,0
103964305,0,0,0
103974976,0,0,0
103984292,0,0,0
103994422,0,0,0
104005226,0,0,0
104016161,0,0,0
104025973,0,0,0
104035398,0,0,0
104045139,0,0,0
104055229,0,0,0
104066801,0,0,0
104077030,0,0,0
104087509,0,0,0
104098287,0,0,0
104109106,0,0,0
104119511,0,0,0
104129569,0,0,0
104140187,0,0,0
104150695,0,0,0
104161631,0,0,0
104173066,0,0,0
104182921,0,0,0
104193463,0,0,0
104205071,0,0,0
104215079,0,0,0
104226391,0,0,0
104236227,0,0,0
104247760,0,0,0
104257121,0,0,0
104269030,0,0,0
104278547,0,0,0
104288664,0,0,0
104298760,0,0,0
104308764,0,0,0
104319369,0,0,0
104329836,0,0,0
104339770,0,0,0
104351150,0,0,0
104361372,0,0,0
104371379,0,0,0
104381520,0,0,0
104391518,0,0,0
104405615,0,0,0
104415488,0,0,0
104425626,0,0,0
104435588,0,0,0
104445920,0,0,0
104455794,0,0,0
104466957,0,0,0
104476477,0,0,0
104485865,0,0,0
104495657,0,0,0
104507183,0,0,0
104516239,0,0,0
104526307,0,0,0
104536991,0,0,0
104547435,0,0,0
104557420,0,0,0
104568299,0,0,0
104579095,0,0,0
104590499,0,0,0
104601208,0,0,0
104611460,0,0,0
104621611,0,0,0
104631671,0,0,0
104641782,0,0,0
104651958,0,0,0
104661487,0,0,0
104671004,0,0,0
104680500,0,0,0
104690547,0,0,0
104700537,0,0,0
104710697,0,0,0
104721005,0,0,0
104730951,0,0,0
104741587,0,0,0
104751150,0,0,0
104761273,0,0,0
104771835,0,0,0
104781851,0,0,0
104791058,0,0,0
104801774,0,0,0
104812436,0,0,0
104821763,0,0,0
104832493,0,0,0
104842617,0,0,0
104852486,0,0,0
104863280,0,0,0
104873693,0,0,0
104884083,0,0,0
104894306,0,0,0
104905317,0,0,0
104915583,0,0,0
104926126,0,0,0
104938206,0,0,0
104948090,0,0,0
104961559,0,0,0
104970903,0,0,0
104979988,0,0,0
104992005,0,0,0
105001154,0,0,0
105011638,0,0,0
105022475,0,0,0
105033654,0,0,0
105043441,0,0,0
105058071,0,0,0
105068733,0,0,0
105079104,0,0,0
105088842,0,0,0
105098731,0,0,0
105108267,0,0,0
105118630,0,0,0
105128123,0,0,0
105138312,0,0,0
105148560,0,0,0
105159489,0,0,0
105169429,0,0,0
105179824,0,0,0
105189594,0,0,0
105199710,0,0,0
105209750,0,0,0
105218573,0,0,0
105229869,0,0,0
105239774,0,0,0
105249909,0,0,0
105259076,0,0,0
105270706,0,0,0
105281263,0,0,0
105291323,0,0,0
105302109,0,0,0
105312160,0,0,0
105322174,0,0,0
105333057,0,0,0
105343512,0,0,0
105355414,0,0,0
105364857,0,0,0
105374676,0,0,0
105385995,0,0,0
105396641,0,0,0
105407276,0,0,0
105417714,0,0,0
105428567,0,0,0
105439793,0,0,0
105449568,0,0,0
105460700,0,0,0
105469692,0,0,0
105479454,0,0,0
105490973,0,0,0
105500799,0,0,0
105510836,0,0,0
105520208,0,0,0
105530043,0,0,0
105541232,0,0,0
105552959,0,0,0
105563293,0,0,0
105572330,0,0,0
105582643,0,0,0
105593371,0,0,0
105602691,0,0,0
105615114,0,0,0
105624896,0,0,0
105635331,0,0,0
105646169,0,0,0
105655926,0,0,0
105666968,0,0,0
105678261,0,0,0
105687342,0,0,0
105697291,0,0,0
105707352,0,0,0
105717419,0,0,0
105726922,0,0,0
105737252,0,0,0
105747760,0,0,0
105757484,0,0,0
105767498,0,0,0
105777485,0,0,0
105787308,0,0,0
105798198,0,0,0
105808327,0,0,0
105821773,0,0,0
105831135,0,0,0
105841486,0,0,0
105852047,0,0,0
105862907,0,0,0
105872559,0,0,0
105882670,0,0,0
105894374,0,0,0
105905311,0,0,0
105915380,0,0,0
105925193,0,0,0
105937049,0,0,0
105947262,0,0,0
105957075,0,0,0
105967408,0,0,0
105977222,0,0,0
105987303,0,0,0
105997894,0,0,0
106007539,0,0,0
106017992,0,0,0
106028692,0,0,0
106039261,0,0,0
106049486,0,0,0
106059939,0,0,0
106071361,0,0,0
106081351,0,0,0
106092472,0,0,0
106102712,0,0,0
106112671,0,0,0
106122562,0,0,0
106133239,0,0,0
106143159,0,0,0
106155598,0,0,0
106165104,0,0,0
106175928,0,0,0
106186395,0,0,0
106196389,0,0,0
106205817,0,0,0
106215895,0,0,0
106225509,0,0,0
106235936,0,0,0
106250053,0,0,0
106261265,0,0,0
106270975,0,0,0
106281816,0,0,0
106291760,0,0,0
106301289,0,0,0
106311385,0,0,0
106322794,0,0,0
106333295,0,0,0
106343339,0,0,0
106354243,0,0,0
106364307,0,0,0
106374930,0,0,0
106384830,0,0,0
106395371,0,0,0
106405311,0,0,0
106416233,0,0,0
106426932,0,0,0
106438397,0,0,0
106448453,0,0,0
106459223,0,0,0
106468914,0,0,0
106479129,0,0,0
106490450,0,0,0
106500929,0,0,0
106511471,0,0,0
106521595,0,0,0
106531757,0,0,0
106541703,0,0,0
106550883,0,0,0
106562348,0,0,0
106571464,0,0,0
106581215,0,0,0
106591129,0,0,0
106601081,0,0,0
106611155,0,0,0
106622214,0,0,0
106632779,0,0,0
106642447,0,0,0
106652714,0,0,0
106664896,0,0,0
106675139,0,0,0
106685222,0,0,0
106695093,0,0,0
106705173,0,0,0
106715489,0,0,0
106726309,0,0,0
106740056,0,0,0
106751249,0,0,0
106761237,0,0,0
106771747,0,0,0
106782995,0,0,0
106792783,0,0,0
106803601,0,0,0
106814610,0,0,0
106825294,0,0,0
106836568,0,0,0
106846209,0,0,0
106857113,0,0,0
106868192,0,0,0
106878960,0,0,0
106888524,0,0,0
106898350,0,0,0
106907954,0,0,0
106917975,0,0,0
106929321,0,0,0
106939503,0,0,0
106948703,0,0,0
106958715,0,0,0
106968995,0,0,0
106978958,0,0,0
106988985,0,0,0
107000144,0,0,0
107010191,0,0,0
107025739,0,0,0
107037269,0,0,0
107047333,0,0,0
107057066,0,0,0
107066890,0,0,0
107076447,0,0,0
107085680,0,0,0
107097935,0,0,0
107107640,0,0,0
107117769,0,0,0
107128838,0,0,0
107138739,0,0,0
107148731,0,0,0
107158949,0,0,0
107169173,0,0,0
107179417,0,0,0
107190359,0,0,0
107200713,0,0,0
107211466,0,0,0
107223086,0,0,0
107232048,0,0,0
107243578,0,0,0
107252532,0,0,0
107263197,0,0,0
107273447,0,0,0
107283299,0,0,0
107293495,0,0,0
107303391,0,0,0
107314726,0,0,0
107324661,0,0,0
107334555,0,0,0
107344541,0,0,0
107355888,0,0,0
107366522,0,0,0
107376850,0,0,0
107387408,0,0,0
107397956,0,0,0
107408429,0,0,0
107417116,0,0,0
107428289,0,0,0
107437955,0,0,0
107448391,0,0,0
107458766,0,0,0
107468955,0,0,0
107480062,0,0,0
107489716,0,0,0
107500290,0,0,0
107510244,0,0,0
107519805,0,0,0
107530814,0,0,0
107541316,0,0,0
107551318,0,0,0
107562359,0,0,0
107571270,0,0,0
107581836,0,0,0
107592243,0,0,0
107602102,0,0,0
107611605,0,0,0
107620906,0,0,0
107632639,0,0,0
107642092,0,0,0
107652157,0,0,0
107661727,0,0,0
107672942,0,0,0
107683143,0,0,0
107693803,0,0,0
107703542,0,0,0
107713962,0,0,0
107724513,0,0,0
107735051,0,0,0
107746351,0,0,0
107756987,0,0,0
107766563,0,0,0
107778025,0,0,0
107787738,0,0,0
107798291,0,0,0
107808629,0,0,0
107819134,0,0,0
107829722,0,0,0
107840572,0,0,0
107850088,0,0,0
107860399,0,0,0
107870411,0,0,0
107880652,0,0,0
107891239,0,0,0
107901042,0,0,0
107911889,0,0,0
107922040,0,0,0
107932160,0,0,0
107943025,0,0,0
107953476,0,0,0
107963978,0,0,0
107974650,0,0,0
107984527,0,0,0
107996026,0,0,0
108006890,0,0,0
108017437,0,0,0
108027424,0,0,0
108038658,0,0,0
108048637,0,0,0
108060343,0,0,0
108070599,0,0,0
108081249,0,0,0
108091131,0,0,0
108100735,0,0,0
108110671,0,0,0
108120568,0,0,0
108131315,0,0,0
108141588,0,0,0
108152737,0,0,0
108162535,0,0,0
108172430,0,0,0
108182613,0,0,0
108193855,0,0,0
108202418,0,0,0
108214082,0,0,0
108223924,0,0,0
108235201,0,0,0
108246006,0,0,0
108256478,0,0,0
108271269,0,0,0
108283010,0,0,0
108294698,0,0,0
108305932,0,0,0
108316364,0,0,0
108327327,0,0,0
108337525,0,0,0
108348882,0,0,0
108359142,0,0,0
108368795,0,0,0
108378923,0,0,0
108389076,0,0,0
108399014,0,0,0
108408077,0,0,0
108418201,0,0,0
108428643,0,0,0
108438805,0,0,0
108449153,0,0,0
108458710,0,0,0
108469766,0,0,0
108480889,0,0,0
108491804,0,0,0
108502909,0,0,0
108513045,0,0,0
108523500,0,0,0
108534851,0,0,0
108545420,0,0,0
108555572,0,0,0
108566034,0,0,0
108576790,0,0,0
108586706,0,0,0
108597012,0,0,0
108607060,0,0,0
108617280,0,0,0
108626474,0,0,0
108636991,0,0,0
108647131,0,0,0
108658527,0,0,0
108667972,0,0,0
108679104,0,0,0
108689301,0,0,0
108700559,0,0,0
108710552,0,0,0
108721922,0,0,0
108732285,0,0,0
108742393,0,0,0
108752380,0,0,0
108763449,0,0,0
108773293,0,0,0
108783992,0,0,0
108794249,0,0,0
108803611,0,0,0
108814081,0,0,0
108824305,0,0,0
108834556,0,0,0
108846261,0,0,0
108856378,0,0,0
108866083,0,0,0
108875735,0,0,0
108886198,0,0,0
108896214,0,0,0
108907625,0,0,0
108917214,0,0,0
108926793,0,0,0
108936776,0,0,0
108947934,0,0,0
108957202,0,0,0
108967278,0,0,0
108977720,0,0,0
108987377,0,0,0
108997260,0,0,0
109009014,0,0,0
109018335,0,0,0
109027909,0,0,0
109038931,0,0,0
109048531,0,0,0
109058767,0,0,0
109068758,0,0,0
109079685,0,0,0
109090262,0,0,0
109099268,0,0,0
109111920,0,0,0
109122437,0,0,0
109132506,0,0,0
109142882,0,0,0
109157863,0,0,0
109167528,0,0,0
109177526,0,0,0
109187968,0,0,0
109198583,0,0,0
109209980,0,0,0
109219828,0,0,0
109230122,0,0,0
109240213,0,0,0
109251109,0,0,0
109261831,0,0,0
109271844,0,0,0
109281813,0,0,0
109291589,0,0,0
109302011,0,0,0
109313231,0,0,0
109323082,0,0,0
109332745,0,0,0
109343464,0,0,0
109353800,0,0,0
109364180,0,0,0
109374513,0,0,0
109384741,0,0,0
109396242,0,0,0
109406811,0,0,0
109417194,0,0,0
109427446,0,0,0
109437813,0,0,0
109448197,0,0,0
109458878,0,0,0
109469213,0,0,0
109479406,0,0,0
109490238,0,0,0
109499885,0,0,0
109509877,0,0,0
109519857,0,0,0
109530074,0,0,0
109539469,0,0,0
109549987,0,0,0
109560910,0,0,0
109571667,0,0,0
109583319,0,0,0
109592637,0,0,0
109604535,0,0,0
109614069,0,0,0
109625190,0,0,0
109635627,0,0,0
109645413,0,0,0
109656368,0,0,0
109666947,0,0,0
109676344,0,0,0
109686574,0,0,0
109697856,0,0,0
109707863,0,0,0
109718217,0,0,0
109727648,0,0,0
109738475,0,0,0
109749110,0,0,0
109758606,0,0,0
109768640,0,0,0
109778750,0,0,0
109789324,0,0,0
109799871,0,0,0
109809529,0,0,0
109820981,0,0,0
109832969,0,0,0
109843565,0,0,0
109853297,0,0,0
109863583,0,0,0
109875176,0,0,0
109884256,0,0,0
109894638,0,0,0
109904755,0,0,0
109916326,0,0,0
109926882,0,0,0
109937256,0,0,0
109947329,0,0,0
109958830,0,0,0
109970132,0,0,0
109981340,0,0,0
109992129,0,0,0
110002627,0,0,0
110012340,0,0,0
110022614,0,0,0
110032534,0,0,0
110042405,0,0,0
110052173,0,0,0
110062525,0,0,0
110072699,0,0,0
110082321,0,0,0
110091977,0,0,0
110101712,0,0,0
110112236,0,0,0
110122127,0,0,0
110132661,0,0,0
110144501,0,0,0
110154115,0,0,0
110164487,0,0,0
110174780,0,0,0
110185660,0,0,0
110195921,0,0,0
110207521,0,0,0
110216444,0,0,0
110227082,0,0,0
110237601,0,0,0
110247910,0,0,0
110258647,0,0,0
110268807,0,0,0
110279169,0,0,0
110289094,0,0,0
110299029,0,0,0
110310379,0,0,0
110320712,0,0,0
110331212,0,0,0
110342136,0,0,0
110352062,0,0,0
110361907,0,0,0
110372196,0,0,0
110382604,0,0,0
110392749,0,0,0
110403410,0,0,0
110413641,0,0,0
110423263,0,0,0
110435260,0,0,0
110445656,0,0,0
110454699,0,0,0
110463846,0,0,0
110474531,0,0,0
110486087,0,0,0
110496982,0,0,0
110506803,0,0,0
110517145,0,0,0
110527690,0,0,0
110537943,0,0,0
110548813,0,0,0
110559826,0,0,0
110570546,0,0,0
110581482,0,0,0
110590903,0,0,0
110600901,0,0,0
110610883,0,0,0
110621270,0,0,0
110633314,0,0,0
110643935,0,0,0
110655259,0,0,0
110664906,0,0,0
110675555,0,0,0
110685701,0,0,0
110696245,0,0,0
110705869,0,0,0
110715727,0,0,0
110725488,0,0,0
110736853,0,0,0
110746365,0,0,0
110756389,0,0,0
110766511,0,0,0
110777528,0,0,0
110788122,0,0,0
110798075,0,0,0
110809932,0,0,0
110819996,0,0,0
110831268,0,0,0
110841104,0,0,0
110850578,0,0,0
110860757,0,0,0
110870603,0,0,0
110880139,0,0,0
110890787,0,0,0
110901373,0,0,0
110911685,0,0,0
110921651,0,0,0
110931955,0,0,0
110943193,0,0,0
110955346,0,0,0
110965341,0,0,0
110975594,0,0,0
110985281,0,0,0
110995227,0,0,0
111005255,0,0,0
111014670,0,0,0
111025178,0,0,0
111035764,0,0,0
111046032,0,0,0
111056850,0,0,0
111066994,0,0,0
111078213,0,0,0
111089107,0,0,0
111099332,0,0,0
111109193,0,0,0
111119328,0,0,0
111130328,0,0,0
111140803,0,0,0
111151604,0,0,0
111161750,0,0,0
111172265,0,0,0
111182914,0,0,0
111193901,0,0,0
111204568,0,0,0
111214299,0,0,0
111224517,0,0,0
111235320,0,0,0
111245768,0,0,0
111257165,0,0,0
111266228,0,0,0
111276126,0,0,0
111286249,0,0,0
111295932,0,0,0
111305958,0,0,0
111315944,0,0,0
111326683,0,0,0
111336165,0,0,0
111346880,0,0,0
111356710,0,0,0
111368083,0,0,0
111378944,0,0,0
111390495,0,0,0
111399512,0,0,0
111409721,0,0,0
111419622,0,0,0
111429515,0,0,0
111439694,0,0,0
111449868,0,0,0
111459138,0,0,0
111470344,0,0,0
111481280,0,0,0
111492218,0,0,0
111502174,0,0,0
111512521,0,0,0
111521930,0,0,0
111532091,0,0,0
111543766,0,0,0
111553882,0,0,0
111563677,0,0,0
111574588,0,0,0
111584501,0,0,0
111596057,0,0,0
111606214,0,0,0
111616259,0,0,0
111626211,0,0,0
111636472,0,0,0
111646919,0,0,0
111657213,0,0,0
111667201,0,0,0
111677470,0,0,0
111688011,0,0,0
111698234,0,0,0
111709091,0,0,0
111720659,0,0,0
111730823,0,0,0
111741128,0,0,0
111751077,0,0,0
111761197,0,0,0
111770760,0,0,0
111782337,0,0,0
111791903,0,0,0
111801460,0,0,0
111812908,0,0,0
111823893,0,0,0
111834507,0,0,0
111844897,0,0,0
111855389,0,0,0
111866210,0,0,0
111876620,0,0,0
111886212,0,0,0
111896301,0,0,0
111906778,0,0,0
111922306,0,0,0
111932923,0,0,0
111942906,0,0,0
111954484,0,0,0
111966175,0,0,0
111977784,0,0,0
111987538,0,0,0
111998255,0,0,0
112008347,0,0,0
112018129,0,0,0
112027832,0,0,0
112037785,0,0,0
112048280,0,0,0
112059299,0,0,0
112069729,0,0,0
112080385,0,0,0
112090210,0,0,0
112100866,0,0,0
112110033,0,0,0
112119704,0,0,0
112131201,0,0,0
112140883,0,0,0
112152255,0,0,0
112162598,0,0,0
112171829,0,0,0
112181453,0,0,0
112191991,0,0,0
112202004,0,0,0
112211566,0,0,0
112221527,0,0,0
112231009,0,0,0
112241644,0,0,0
112251669,0,0,0
112263904,0,0,0
112273710,0,0,0
112284256,0,0,0
112293586,0,0,0
112304013,0,0,0
112314265,0,0,0
112324400,0,0,0
112336325,0,0,0
112346374,0,0,0
112356283,0,0,0
112368425,0,0,0
112378964,0,0,0
112389664,0,0,0
112400114,0,0,0
112410882,0,0,0
112420184,0,0,0
112431334,0,0,0
112441503,0,0,0
112456524,0,0,0
112465650,0,0,0
112475334,0,0,0
112485550,0,0,0
112495322,0,0,0
112505526,0,0,0
112514961,0,0,0
112524451,0,0,0
112534411,0,0,0
112544755,0,0,0
112555892,0,0,0
112565503,0,0,0
112574641,0,0,0
112586895,0,0,0
112598231,0,0,0
112608993,0,0,0
112619202,0,0,0
112631784,0,0,0
112642092,0,0,0
112652839,0,0,0
112663482,0,0,0
112674410,0,0,0
112684227,0,0,0
112694555,0,0,0
112703952,0,0,0
112714409,0,0,0
112724816,0,0,0
112735469,0,0,0
112745794,0,0,0
112756278,0,0,0
112765829,0,0,0
112775380,0,0,0
112786820,0,0,0
112797219,0,0,0
112808149,0,0,0
112818180,0,0,0
112828986,0,0,0
112838930,0,0,0
112849729,0,0,0
112859353,0,0,0
112871301,0,0,0
112881349,0,0,0
112891734,0,0,0
112901194,0,0,0
112911018,0,0,0
112921433,0,0,0
112931546,0,0,0
112941910,0,0,0
112951226,0,0,0
112960999,0,0,0
112971278,0,0,0
112981420,0,0,0
112992063,0,0,0
113002583,0,0,0
113012881,0,0,0
113023529,0,0,0
113033420,0,0,0
113043278,0,0,0
113053771,0,0,0
113064881,0,0,0
113075383,0,0,0
113086069,0,0,0
113095886,0,0,0
113106253,0,0,0
113116128,0,0,0
113126596,0,0,0
113137629,0,0,0
113148098,0,0,0
113159065,0,0,0
113170260,0,0,0
113180250,0,0,0
113190426,0,0,0
113200152,0,0,0
113210161,0,0,0
113220571,0,0,0
113231433,0,0,0
113242827,0,0,0
113252243,0,0,0
113262611,0,0,0
113272400,0,0,0
113283991,0,0,0
113294191,0,0,0
113303935,0,0,0
113315653,0,0,0
113326388,0,0,0
113335986,0,0,0
113345670,0,0,0
113355897,0,0,0
113365450,0,0,0
113374933,0,0,0
113384909,0,0,0
113396617,0,0,0
113406269,0,0,0
113416213,0,0,0
113426465,0,0,0
113436632,0,0,0
113446221,0,0,0
113456886,0,0,0
113466003,0,0,0
113476855,0,0,0
113486863,0,0,0
113497358,0,0,0
113507006,0,0,0
113516879,0,0,0
113527319,0,0,0
113538903,0,0,0
113548841,0,0,0
113558657,0,0,0
113570240,0,0,0
113580164,0,0,0
113590189,0,0,0
113598848,0,0,0
113608104,0,0,0
113617755,0,0,0
113627639,0,0,0
113637546,0,0,0
113648163,0,0,0
113657370,0,0,0
113666722,0,0,0
113676542,0,0,0
113686587,0,0,0
113697330,0,0,0
113707029,0,0,0
113717103,0,0,0
113727035,0,0,0
113737414,0,0,0
113747456,0,0,0
113757192,0,0,0
113767684,0,0,0
113779556,0,0,0
113789666,0,0,0
113798926,0,0,0
113808750,0,0,0
113819458,0,0,0
113829749,0,0,0
113840380,0,0,0
113850821,0,0,0
113860941,0,0,0
113871332,0,0,0
113881174,0,0,0
113892202,0,0,0
113902740,0,0,0
113912746,0,0,0
113922172,0,0,0
113933192,0,0,0
113943039,0,0,0
113952909,0,0,0
113963011,0,0,0
113973262,0,0,0
113983455,0,0,0
113993051,0,0,0
114003138,0,0,0
114013146,0,0,0
114023124,0,0,0
114033466,0,0,0
114043277,0,0,0
114054127,0,0,0
114064560,0,0,0
114075753,0,0,0
114085530,0,0,0
114096359,0,0,0
114106816,0,0,0
114116900,0,0,0
114127456,0,0,0
114138982,0,0,0
114148266,0,0,0
114159770,0,0,0
114169083,0,0,0
114179214,0,0,0
114190211,0,0,0
114200874,0,0,0
114211052,0,0,0
114221678,0,0,0
114231764,0,0,0
114241982,0,0,0
114251904,0,0,0
114262924,0,0,0
114273034,0,0,0
114283190,0,0,0
114293299,0,0,0
114304046,0,0,0
114315137,0,0,0
114324529,0,0,0
114334129,0,0,0
114343761,0,0,0
114353731,0,0,0
114363252,0,0,0
114373126,0,0,0
114383351,0,0,0
114393718,0,0,0
114405059,0,0,0
114414782,0,0,0
114424150,0,0,0
114435458,0,0,0
114446031,0,0,0
114455770,0,0,0
114466268,0,0,0
114475907,0,0,0
114487412,0,0,0
114497732,0,0,0
114507839,0,0,0
114519197,0,0,0
114530029,0,0,0
114539863,0,0,0
114550335,0,0,0
114560100,0,0,0
114570403,0,0,0
114580125,0,0,0
114590205,0,0,0
114599905,0,0,0
114611267,0,0,0
114622648,0,0,0
114633421,0,0,0
114643905,0,0,0
114655449,0,0,0
114666058,0,0,0
114676517,0,0,0
114686939,0,0,0
114696706,0,0,0
114707102,0,0,0
114716765,0,0,0
114727542,0,0,0
114738395,0,0,0
114748784,0,0,0
114758998,0,0,0
114770367,0,0,0
114781773,0,0,0
114791734,0,0,0
114801647,0,0,0
114812013,0,0,0
114821913,0,0,0
114832500,0,0,0
114843267,0,0,0
114852827,0,0,0
114863017,0,0,0
114873895,0,0,0
114884032,0,0,0
114894752,0,0,0
114905662,0,0,0
114916609,0,0,0
114926478,0,0,0
114936476,0,0,0
114946866,0,0,0
114956794,0,0,0
114966960,0,0,0
114977254,0,0,0
114987137,0,0,0
114996501,0,0,0
115006353,0,0,0
115017479,0,0,0
115027465,0,0,0
115038366,0,0,0
115049393,0,0,0
115059921,0,0,0
115070022,0,0,0
115079619,0,0,0
115090070,0,0,0
115100121,0,0,0
115111182,0,0,0
115121372,0,0,0
115130977,0,0,0
115141671,0,0,0
115152175,0,0,0
115162201,0,0,0
115172306,0,0,0
115182814,0,0,0
115192428,0,0,0
115202861,0,0,0
115212969,0,0,0
115222879,0,0,0
115232939,0,0,0
115243576,0,0,0
115253136,0,0,0
115264045,0,0,0
115274277,0,0,0
115284550,0,0,0
115295250,0,0,0
115304278,0,0,0
115315957,0,0,0
115326104,0,0,0
115336243,0,0,0
115347084,0,0,0
115357012,0,0,0
115367092,0,0,0
115377808,0,0,0
115389671,0,0,0
115399925,0,0,0
115410442,0,0,0
115420267,0,0,0
115429925,0,0,0
115440400,0,0,0
115450570,0,0,0
115460701,0,0,0
115470801,0,0,0
115482142,0,0,0
115492141,0,0,0
115503009,0,0,0
115512482,0,0,0
115522795,0,0,0
115532725,0,0,0
115541975,0,0,0
115551769,0,0,0
115561317,0,0,0
115571828,0,0,0
115583041,0,0,0
115593377,0,0,0
115603541,0,0,0
115613339,0,0,0
115624979,0,0,0
115634937,0,0,0
115644376,0,0,0
115654907,0,0,0
115664365,0,0,0
115675190,0,0,0
115685221,0,0,0
115695025,0,0,0
115705666,0,0,0
115715644,0,0,0
115725239,0,0,0
115735410,0,0,0
115744342,0,0,0
115754453,0,0,0
115764785,0,0,0
115774997,0,0,0
115784623,0,0,0
115794768,0,0,0
115803783,0,0,0
115814573,0,0,0
115826758,0,0,0
115838599,0,0,0
115849402,0,0,0
115859209,0,0,0
115869234,0,0,0
115879979,0,0,0
115890205,0,0,0
115900540,0,0,0
115910701,0,0,0
115920653,0,0,0
115932021,0,0,0
115943743,0,0,0
115953592,0,0,0
115964316,0,0,0
115974307,0,0,0
115983859,0,0,0
115995036,0,0,0
116005470,0,0,0
116015656,0,0,0
116027070,0,0,0
116037179,0,0,0
116047010,0,0,0
116057175,0,0,0
116067409,0,0,0
116076955,0,0,0
116087404,0,0,0
116097614,0,0,0
116108046,0,0,0
116118343,0,0,0
116128027,0,0,0
116138831,0,0,0
116149284,0,0,0
116158879,0,0,0
116170494,0,0,0
116180317,0,0,0
116191542,0,0,0
116202043,0,0,0
116211870,0,0,0
116222456,0,0,0
116232022,0,0,0
116241838,0,0,0
116251442,0,0,0
116260945,0,0,0
116272742,0,0,0
116282023,0,0,0
116292232,0,0,0
116303151,0,0,0
116313194,0,0,0
116323083,0,0,0
116334448,0,0,0
116344987,0,0,0
116355461,0,0,0
116365075,0,0,0
116375109,0,0,0
116385187,0,0,0
116397423,0,0,0
116408515,0,0,0
116418593,0,0,0
116429290,0,0,0
116440756,0,0,0
116451404,0,0,0
116460895,0,0,0
116471161,0,0,0
116481498,0,0,0
116491751,0,0,0
116502080,0,0,0
116512575,0,0,0
116523121,0,0,0
116534062,0,0,0
116544686,0,0,0
116555335,0,0,0
116566038,0,0,0
116576124,0,0,0
116585997,0,0,0
116596318,0,0,0
116606749,0,0,0
116616733,0,0,0
116626140,0,0,0
116636533,0,0,0
116646807,0,0,0
116656267,0,0,0
116666192,0,0,0
116676973,0,0,0
116686820,0,0,0
116696245,0,0,0
116706223,0,0,0
116716265,0,0,0
116725900,0,0,0
116736182,0,0,0
116746222,0,0,0
116756726,0,0,0
116766828,0,0,0
116777317,0,0,0
116788529,0,0,0
116798877,0,0,0
116809757,0,0,0
116819493,0,0,0
116828427,0,0,0
116837345,0,0,0
116849181,0,0,0
116859712,0,0,0
116869962,0,0,0
116880122,0,0,0
116890429,0,0,0
116901070,0,0,0
116911406,0,0,0
116921224,0,0,0
116931036,0,0,0
116941339,0,0,0
116951485,0,0,0
116962800,0,0,0
116972913,0,0,0
116983937,0,0,0
116993973,0,0,0
117004868,0,0,0
117016337,0,0,0
117026401,0,0,0
117037243,0,0,0
117049165,0,0,0
117059112,0,0,0
117069023,0,0,0
117079659,0,0,0
117090289,0,0,0
117100520,0,0,0
117110446,0,0,0
117121868,0,0,0
117131286,0,0,0
117143153,0,0,0
117153057,0,0,0
117163121,0,0,0
117173545,0,0,0
117183634,0,0,0
117194346,0,0,0
117204466,0,0,0
117215188,0,0,0
117226321,0,0,0
117236182,0,0,0
117247952,0,0,0
117258459,0,0,0
117268764,0,0,0
117279141,0,0,0
117289198,0,0,0
117298535,0,0,0
117307955,0,0,0
117317872,0,0,0
117328049,0,0,0
117337885,0,0,0
117348617,0,0,0
117358401,0,0,0
117368290,0,0,0
117377812,0,0,0
117388067,0,0,0
117397760,0,0,0
117408424,0,0,0
117418794,0,0,0
117428844,0,0,0
117439430,0,0,0
117450212,0,0,0
117460627,0,0,0
117472467,0,0,0
117482549,0,0,0
117492661,0,0,0
117502839,0,0,0
117513439,0,0,0
117525280,0,0,0
117535969,0,0,0
117545912,0,0,0
117555406,0,0,0
117566019,0,0,0
117576976,0,0,0
117587122,0,0,0
117599023,0,0,0
117608421,0,0,0
117618391,0,0,0
117628962,0,0,0
117639776,0,0,0
117649026,0,0,0
117659125,0,0,0
117668638,0,0,0
117679296,0,0,0
117690221,0,0,0
117702127,0,0,0
117711641,0,0,0
117722016,0,0,0
117731698,0,0,0
117740740,0,0,0
117751122,0,0,0
117762444,0,0,0
117772970,0,0,0
117782826,0,0,0
117794846,0,0,0
117805043,0,0,0
117815353,0,0,0
117826172,0,0,0
117835994,0,0,0
117845772,0,0,0
117855391,0,0,0
117866416,0,0,0
117875798,0,0,0
117887100,0,0,0
117896400,0,0,0
117907492,0,0,0
117917851,0,0,0
117928752,0,0,0
117938350,0,0,0
117947853,0,0,0
117959571,0,0,0
117969732,0,0,0
117980550,0,0,0
117990481,0,0,0
118000673,0,0,0
118010991,0,0,0
118021606,0,0,0
118033407,0,0,0
118043327,0,0,0
118054498,0,0,0
118064384,0,0,0
118074248,0,0,0
118086069,0,0,0
118096287,0,0,0
118106948,0,0,0
118117830,0,0,0
118127336,0,0,0
118137533,0,0,0
118148412,0,0,0
118158104,0,0,0
118168451,0,0,0
118177972,0,0,0
118188692,0,0,0
118199215,0,0,0
118209804,0,0,0
118218960,0,0,0
118229028,0,0,0
118239625,0,0,0
118250493,0,0,0
118259863,0,0,0
118270098,0,0,0
118280106,0,0,0
118289470,0,0,0
118298844,0,0,0
118309276,0,0,0
118320609,0,0,0
118331659,0,0,0
118340887,0,0,0
118350137,0,0,0
118360375,0,0,0
118372197,0,0,0
118381573,0,0,0
118392143,0,0,0
118402967,0,0,0
118413155,0,0,0
118423651,0,0,0
118434396,0,0,0
118443538,0,0,0
118455243,0,0,0
118464664,0,0,0
118477996,0,0,0
118487700,0,0,0
118497473,0,0,0
118507352,0,0,0
118516916,0,0,0
118527200,0,0,0
118537318,0,0,0
118547378,0,0,0
118561964,0,0,0
118573276,0,0,0
118582892,0,0,0
118593365,0,0,0
118603408,0,0,0
118613347,0,0,0
118624260,0,0,0
118634516,0,0,0
118646087,0,0,0
118655899,0,0,0
118665742,0,0,0
118677191,0,0,0
118687204,0,0,0
118698424,0,0,0
118708714,0,0,0
118719125,0,0,0
118729696,0,0,0
118740365,0,0,0
118750924,0,0,0
118760995,0,0,0
118771030,0,0,0
118781382,0,0,0
118795685,0,0,0
118805067,0,0,0
118816265,0,0,0
118825622,0,0,0
118835637,0,0,0
118846433,0,0,0
118857660,0,0,0
118868656,0,0,0
118879482,0,0,0
118889865,0,0,0
118900808,0,0,0
118911105,0,0,0
118921168,0,0,0
118931557,0,0,0
118942166,0,0,0
118952568,0,0,0
118962004,0,0,0
118972231,0,0,0
118983023,0,0,0
118993619,0,0,0
119003767,0,0,0
119015202,0,0,0
119026233,0,0,0
119035931,0,0,0
119045837,0,0,0
119055423,0,0,0
119065866,0,0,0
119076496,0,0,0
119087427,0,0,0
119097132,0,0,0
119107246,0,0,0
119119115,0,0,0
119129513,0,0,0
119139809,0,0,0
119149901,0,0,0
119159681,0,0,0
119169744,0,0,0
119179277,0,0,0
119188778,0,0,0
119203494,0,0,0
119214211,0,0,0
119224532,0,0,0
119234601,0,0,0
119244328,0,0,0
119255288,0,0,0
119265357,0,0,0
119276255,0,0,0
119287821,0,0,0
119296771,0,0,0
119305303,0,0,0
119316197,0,0,0
119326208,0,0,0
119336643,0,0,0
119346957,0,0,0
119357450,0,0,0
119368095,0,0,0
119379513,0,0,0
119390142,0,0,0
119400391,0,0,0
119411142,0,0,0
119421073,0,0,0
119431731,0,0,0
119441294,0,0,0
119450987,0,0,0
119460100,0,0,0
119470090,0,0,0
119480714,0,0,0
119492676,0,0,0
119502051,0,0,0
119512779,0,0,0
119523119,0,0,0
119533504,0,0,0
119544558,0,0,0
119554898,0,0,0
119564596,0,0,0
119575479,0,0,0
119585101,0,0,0
119594599,0,0,0
119603979,0,0,0
119613684,0,0,0
119623802,0,0,0
119635589,0,0,0
119645200,0,0,0
119655733,0,0,0
119665859,0,0,0
119676611,0,0,0
119687209,0,0,0
119697644,0,0,0
119707391,0,0,0
119718377,0,0,0
119729128,0,0,0
119738411,0,0,0
119748627,0,0,0
119759032,0,0,0
119769741,0,0,0
119779120,0,0,0
119788826,0,0,0
119799847,0,0,0
119811578,0,0,0
119821180,0,0,0
119832826,0,0,0
119842305,0,0,0
119852645,0,0,0
119863261,0,0,0
119872318,0,0,0
119882478,0,0,0
119892016,0,0,0
119903846,0,0,0
119914261,0,0,0
119924377,0,0,0
119933803,0,0,0
119944443,0,0,0
119954588,0,0,0
119966104,0,0,0
119976613,0,0,0
119986997,0,0,0
119997523,0,0,0
120008710,0,0,0
120018627,0,0,0
120028454,0,0,0
120039125,0,0,0
120049439,0,0,0
120059450,0,0,0
120070376,0,0,0
120080953,0,0,0
120091326,0,0,0
120103274,0,0,0
120113356,0,0,0
120123394,0,0,0
120137705,0,0,0
120147363,0,0,0
120157030,0,0,0
120167457,0,0,0
120178070,0,0,0
120187842,0,0,0
120197632,0,0,0
120207559,0,0,0
120218869,0,0,0
120228731,0,0,0
120238636,0,0,0
120247958,0,0,0
120258325,0,0,0
120268402,0,0,0
120278020,0,0,0
120288139,0,0,0
120298627,0,0,0
120308032,0,0,0
120317673,0,0,0
120329123,0,0,0
120339899,0,0,0
120350682,0,0,0
120360998,0,0,0
120371104,0,0,0
120381294,0,0,0
120392298,0,0,0
120403325,0,0,0
120412932,0,0,0
120423525,0,0,0
120432996,0,0,0
120442881,0,0,0
120454307,0,0,0
120463934,0,0,0
120475209,0,0,0
120486512,0,0,0
120496526,0,0,0
120506910,0,0,0
120517995,0,0,0
120527790,0,0,0
120537758,0,0,0
120549366,0,0,0
120559487,0,0,0
120572757,0,0,0
120583534,0,0,0
120593877,0,0,0
120605140,0,0,0
120615525,0,0,0
120626606,0,0,0
120636476,0,0,0
120648898,0,0,0
120658092,0,0,0
120668188,0,0,0
120678956,0,0,0
120692192,0,0,0
120702706,0,0,0
120713173,0,0,0
120722728,0,0,0
120732521,0,0,0
120743278,0,0,0
120753011,0,0,0
120764997,0,0,0
120775372,0,0,0
120786849,0,0,0
120796819,0,0,0
120806393,0,0,0
120818915,0,0,0
120829554,0,0,0
120839997,0,0,0
120850641,0,0,0
120860511,0,0,0
120870426,0,0,0
120880520,0,0,0
120891244,0,0,0
120901207,0,0,0
120910850,0,0,0
120922005,0,0,0
120932164,0,0,0
120943058,0,0,0
120954318,0,0,0
120964787,0,0,0
120974106,0,0,0
120983293,0,0,0
120993653,0,0,0
121003673,0,0,0
121021480,0,0,0
121032149,0,0,0
121042536,0,0,0
121051227,0,0,0
121061165,0,0,0
121072475,0,0,0
121082496,0,0,0
121092260,0,0,0
121102232,0,0,0
121112887,0,0,0
121124254,0,0,0
121136051,0,0,0
121145944,0,0,0
121156042,0,0,0
121166454,0,0,0
121176475,0,0,0
121186417,0,0,0
121196134,0,0,0
121205884,0,0,0
121216263,0,0,0
121227718,0,0,0
121237685,0,0,0
121249933,0,0,0
121260150,0,0,0
121269445,0,0,0
121278950,0,0,0
121289306,0,0,0
121299771,0,0,0
121310479,0,0,0
121320982,0,0,0
121330828,0,0,0
121340873,0,0,0
121350672,0,0,0
121361261,0,0,0
121371944,0,0,0
121382989,0,0,0
121393137,0,0,0
121402299,0,0,0
121411878,0,0,0
121422444,0,0,0
121434729,0,0,0
121444093,0,0,0
121454803,0,0,0
121464417,0,0,0
121474552,0,0,0
121484323,0,0,0
121495430,0,0,0
121504913,0,0,0
121515511,0,0,0
121525553,0,0,0
121535465,0,0,0
121546038,0,0,0
121555909,0,0,0
121565647,0,0,0
121578415,0,0,0
121588354,0,0,0
121599089,0,0,0
121608763,0,0,0
121619644,0,0,0
121629978,0,0,0
121639916,0,0,0
121649403,0,0,0
121658572,0,0,0
121669316,0,0,0
121679193,0,0,0
121690486,0,0,0
121700268,0,0,0
121711338,0,0,0
121721629,0,0,0
121733819,0,0,0
121745127,0,0,0
121755241,0,0,0
121764885,0,0,0
121774501,0,0,0
121786534,0,0,0
121797144,0,0,0
121808436,0,0,0
121817629,0,0,0
121828099,0,0,0
121839054,0,0,0
121851383,0,0,0
121860999,0,0,0
121871365,0,0,0
121881992,0,0,0
121891733,0,0,0
121902576,0,0,0
121912416,0,0,0
121921916,0,0,0
121932316,0,0,0
121942901,0,0,0
121953534,0,0,0
121962994,0,0,0
121973055,0,0,0
121982974,0,0,0
121994802,0,0,0
122004996,0,0,0
122015267,0,0,0
122025630,0,0,0
122036408,0,0,0
122046077,0,0,0
122056250,0,0,0
122066715,0,0,0
122076278,0,0,0
122086540,0,0,0
122096549,0,0,0
122107502,0,0,0
122117176,0,0,0
122128264,0,0,0
122138061,0,0,0
122147230,0,0,0
122157796,0,0,0
122167798,0,0,0
122177536,0,0,0
122187864,0,0,0
122198421,0,0,0
122208316,0,0,0
122218908,0,0,0
122229986,0,0,0
122239772,0,0,0
122250364,0,0,0
122259787,0,0,0
122270140,0,0,0
122279660,0,0,0
122289752,0,0,0
122299297,0,0,0
122311372,0,0,0
122321937,0,0,0
122332111,0,0,0
122343532,0,0,0
122352496,0,0,0
122362835,0,0,0
122373349,0,0,0
122383512,0,0,0
122394084,0,0,0
122404202,0,0,0
122413950,0,0,0
122423994,0,0,0
122434246,0,0,0
122444691,0,0,0
122455266,0,0,0
122465459,0,0,0
122476574,0,0,0
122486289,0,0,0
122496527,0,0,0
122506815,0,0,0
122517010,0,0,0
122527548,0,0,0
122539115,0,0,0
122548567,0,0,0
122559115,0,0,0
122568540,0,0,0
122579623,0,0,0
122589279,0,0,0
122599377,0,0,0
122610264,0,0,0
122621283,0,0,0
122631690,0,0,0
122641302,0,0,0
122651682,0,0,0
122661255,0,0,0
122671171,0,0,0
122681155,0,0,0
122690824,0,0,0
122700757,0,0,0
122710870,0,0,0
122721784,0,0,0
122730899,0,0,0
122741510,0,0,0
122753086,0,0,0
122763808,0,0,0
122773535,0,0,0
122784873,0,0,0
122795239,0,0,0
122805885,0,0,0
122815322,0,0,0
122825636,0,0,0
122836651,0,0,0
122847172,0,0,0
122857577,0,0,0
122868097,0,0,0
122877765,0,0,0
122888696,0,0,0
122899701,0,0,0
122909070,0,0,0
122919028,0,0,0
122929279,0,0,0
122940388,0,0,0
122951206,0,0,0
122960975,0,0,0
122971378,0,0,0
122982034,0,0,0
122993585,0,0,0
123005114,0,0,0
123015630,0,0,0
123026471,0,0,0
123037079,0,0,0
123046834,0,0,0
123058131,0,0,0
123067109,0,0,0
123077921,0,0,0
123087887,0,0,0
123098346,0,0,0
123107630,0,0,0
123117903,0,0,0
123127602,0,0,0
123137238,0,0,0
123147353,0,0,0
123157480,0,0,0
123167064,0,0,0
123177427,0,0,0
123187381,0,0,0
123196364,0,0,0
123205991,0,0,0
123216352,0,0,0
123226961,0,0,0
123237033,0,0,0
123246764,0,0,0
123258622,0,0,0
123268336,0,0,0
123278705,0,0,0
123288952,0,0,0
123298228,0,0,0
123307698,0,0,0
123317537,0,0,0
123333464,0,0,0
123343205,0,0,0
123353286,0,0,0
123364135,0,0,0
123373965,0,0,0
123384061,0,0,0
123393406,0,0,0
123404725,0,0,0
123416062,0,0,0
123426725,0,0,0
123436017,0,0,0
123446212,0,0,0
123457269,0,0,0
123467337,0,0,0
123477633,0,0,0
123487170,0,0,0
123497138,0,0,0
123506886,0,0,0
123517318,0,0,0
123527591,0,0,0
123536577,0,0,0
123547426,0,0,0
123556729,0,0,0
123567338,0,0,0
123578590,0,0,0
123588665,0,0,0
123599604,0,0,0
123610747,0,0,0
123621018,0,0,0
123630479,0,0,0
123640240,0,0,0
123650363,0,0,0
123660412,0,0,0
123670771,0,0,0
123681358,0,0,0
123691512,0,0,0
123701321,0,0,0
123711081,0,0,0
123721578,0,0,0
123732211,0,0,0
123743975,0,0,0
123754108,0,0,0
123764053,0,0,0
123775139,0,0,0
123785997,0,0,0
123795376,0,0,0
123806198,0,0,0
123816496,0,0,0
123827908,0,0,0
123838038,0,0,0
123848081,0,0,0
123858482,0,0,0
123868554,0,0,0
123877801,0,0,0
123887480,0,0,0
123897277,0,0,0
123907666,0,0,0
123917680,0,0,0
123928242,0,0,0
123939222,0,0,0
123948688,0,0,0
123959219,0,0,0
123969770,0,0,0
123980754,0,0,0
123991583,0,0,0
124001371,0,0,0
124012490,0,0,0
124022513,0,0,0
124032998,0,0,0
124043009,0,0,0
124053575,0,0,0
124062862,0,0,0
124073295,0,0,0
124083474,0,0,0
124094196,0,0,0
124103722,0,0,0
124113689,0,0,0
124123400,0,0,0
124133357,0,0,0
124144463,0,0,0
124154440,0,0,0
124165725,0,0,0
124177079,0,0,0
124186733,0,0,0
124196231,0,0,0
124206874,0,0,0
124217009,0,0,0
124226825,0,0,0
124237386,0,0,0
124247414,0,0,0
124257758,0,0,0
124267750,0,0,0
124282469,0,0,0
124294641,0,0,0
124305172,0,0,0
124317155,0,0,0
124326838,0,0,0
124336565,0,0,0
124346744,0,0,0
124356370,0,0,0
124366841,0,0,0
124378039,0,0,0
124389530,0,0,0
124398644,0,0,0
124409237,0,0,0
124421838,0,0,0
124430942,0,0,0
124442507,0,0,0
124453197,0,0,0
124463385,0,0,0
124472714,0,0,0
124483485,0,0,0
124493229,0,0,0
124502711,0,0,0
124513163,0,0,0
124523865,0,0,0
124534298,0,0,0
124544109,0,0,0
124555156,0,0,0
124565289,0,0,0
124575748,0,0,0
124585644,0,0,0
124595112,0,0,0
124605312,0,0,0
124614856,0,0,0
124625477,0,0,0
124636041,0,0,0
124646516,0,0,0
124656887,0,0,0
124667933,0,0,0
124678020,0,0,0
124687206,0,0,0
124697269,0,0,0
124708258,0,0,0
124718918,0,0,0
124728545,0,0,0
124738609,0,0,0
124748922,0,0,0
124758993,0,0,0
124769693,0,0,0
124781365,0,0,0
124791323,0,0,0
124801785,0,0,0
124812935,0,0,0
124823342,0,0,0
124832909,0,0,0
124842586,0,0,0
124852382,0,0,0
124862927,0,0,0
124873481,0,0,0
124883703,0,0,0
124893880,0,0,0
124903560,0,0,0
124914624,0,0,0
124924166,0,0,0
124934578,0,0,0
124944246,0,0,0
124954944,0,0,0
124964565,0,0,0
124975104,0,0,0
124984821,0,0,0
124995368,0,0,0
125005759,0,0,0
125015360,0,0,0
125025881,0,0,0
125035378,0,0,0
125045797,0,0,0
125056214,0,0,0
125066217,0,0,0
125076518,0,0,0
125086189,0,0,0
125096589,0,0,0
125106584,0,0,0
125117920,0,0,0
125128508,0,0,0
125139355,0,0,0
125149358,0,0,0
125158403,0,0,0
125168102,0,0,0
125179408,0,0,0
125189009,0,0,0
125198976,0,0,0
125209986,0,0,0
125219511,0,0,0
125229346,0,0,0
125240198,0,0,0
125250719,0,0,0
125260190,0,0,0
125270708,0,0,0
125280819,0,0,0
125291352,0,0,0
125301373,0,0,0
125311620,0,0,0
125322458,0,0,0
125332426,0,0,0
125342566,0,0,0
125353016,0,0,0
125362895,0,0,0
125373471,0,0,0
125383844,0,0,0
125394003,0,0,0
125403610,0,0,0
125413377,0,0,0
125423634,0,0,0
125433770,0,0,0
125444260,0,0,0
125455875,0,0,0
125465732,0,0,0
125475662,0,0,0
125486398,0,0,0
125497809,0,0,0
125509548,0,0,0
125518884,0,0,0
125529494,0,0,0
125538582,0,0,0
125549950,0,0,0
125558985,0,0,0
125569282,0,0,0
125580379,0,0,0
125591685,0,0,0
125601709,0,0,0
125611637,0,0,0
125621784,0,0,0
125631848,0,0,0
125642139,0,0,0
125652676,0,0,0
125662309,0,0,0
125673043,0,0,0
125683269,0,0,0
125693762,0,0,0
125703546,0,0,0
125713349,0,0,0
125723226,0,0,0
125733643,0,0,0
125743637,0,0,0
125753663,0,0,0
125764989,0,0,0
125775853,0,0,0
125786422,0,0,0
125795802,0,0,0
125807194,0,0,0
125818931,0,0,0
125827281,0,0,0
125837409,0,0,0
125847158,0,0,0
125858490,0,0,0
125868101,0,0,0
125879513,0,0,0
125890560,0,0,0
125900413,0,0,0
125911069,0,0,0
125921207,0,0,0
125931668,0,0,0
125942571,0,0,0
125953905,0,0,0
125964266,0,0,0
125974371,0,0,0
125983624,0,0,0
125995089,0,0,0
126004840,0,0,0
126015323,0,0,0
126024942,0,0,0
126036475,0,0,0
126046345,0,0,0
126056678,0,0,0
126066768,0,0,0
126076561,0,0,0
126087007,0,0,0
126097762,0,0,0
126109506,0,0,0
126120586,0,0,0
126131243,0,0,0
126140712,0,0,0
126151339,0,0,0
126161043,0,0,0
126171079,0,0,0
126181146,0,0,0
126191898,0,0,0
126203409,0,0,0
126214051,0,0,0
126224115,0,0,0
126234463,0,0,0
126245058,0,0,0
126254876,0,0,0
126265369,0,0,0
126275749,0,0,0
126286804,0,0,0
126296646,0,0,0
126306286,0,0,0
126316633,0,0,0
126326350,0,0,0
126336495,0,0,0
126346480,0,0,0
126356891,0,0,0
126367987,0,0,0
126378285,0,0,0
126387459,0,0,0
126397306,0,0,0
126407143,0,0,0
126418943,0,0,0
126428570,0,0,0
126438132,0,0,0
126447430,0,0,0
126458444,0,0,0
126468718,0,0,0
126478875,0,0,0
126489150,0,0,0
126498509,0,0,0
126508063,0,0,0
126518635,0,0,0
126528284,0,0,0
126538264,0,0,0
126548072,0,0,0
126557508,0,0,0
126567455,0,0,0
126578130,0,0,0
126587645,0,0,0
126597670,0,0,0
126607407,0,0,0
126618235,0,0,0
126628159,0,0,0
126638365,0,0,0
126649318,0,0,0
126659406,0,0,0
126669756,0,0,0
126680351,0,0,0
126689775,0,0,0
126699986,0,0,0
126711004,0,0,0
126722834,0,0,0
126734752,0,0,0
126745107,0,0,0
126757438,0,0,0
126767104,0,0,0
126777663,0,0,0
126787448,0,0,0
126797391,0,0,0
126807281,0,0,0
126818047,0,0,0
126828122,0,0,0
126838928,0,0,0
126848712,0,0,0
126858456,0,0,0
126868734,0,0,0
126878949,0,0,0
126888940,0,0,0
126898850,0,0,0
126908557,0,0,0
126918581,0,0,0
126928710,0,0,0
126939938,0,0,0
126950582,0,0,0
126960688,0,0,0
126972184,0,0,0
126982591,0,0,0
126993992,0,0,0
127004541,0,0,0
127014846,0,0,0
127025076,0,0,0
127035116,0,0,0
127045365,0,0,0
127055451,0,0,0
127065589,0,0,0
127076069,0,0,0
127087239,0,0,0
127097189,0,0,0
127107303,0,0,0
127118992,0,0,0
127128984,0,0,0
127140492,0,0,0
127151018,0,0,0
127160925,0,0,0
127170959,0,0,0
127182294,0,0,0
127192464,0,0,0
127203449,0,0,0
127212466,0,0,0
127222592,0,0,0
127232928,0,0,0
127243209,0,0,0
127253658,0,0,0
127263933,0,0,0
127274493,0,0,0
127283906,0,0,0
127293155,0,0,0
127303027,0,0,0
127315330,0,0,0
127324651,0,0,0
127334052,0,0,0
127344313,0,0,0
127354101,0,0,0
127364067,0,0,0
127375638,0,0,0
127385057,0,0,0
127395134,0,0,0
127405916,0,0,0
127415779,0,0,0
127425659,0,0,0
127435672,0,0,0
127445092,0,0,0
127456191,0,0,0
127471673,0,0,0
127480768,0,0,0
127490887,0,0,0
127501170,0,0,0
127511596,0,0,0
127522162,0,0,0
127531671,0,0,0
127541419,0,0,0
127551415,0,0,0
127561097,0,0,0
127571023,0,0,0
127581675,0,0,0
127591143,0,0,0
127601883,0,0,0
127612359,0,0,0
127623493,0,0,0
127633135,0,0,0
127644043,0,0,0
127653817,0,0,0
127664456,0,0,0
127675201,0,0,0
127684707,0,0,0
127696242,0,0,0
127707256,0,0,0
127718410,0,0,0
127727391,0,0,0
127738642,0,0,0
127749074,0,0,0
127758958,0,0,0
127768863,0,0,0
127778574,0,0,0
127789697,0,0,0
127801050,0,0,0
127811613,0,0,0
127822191,0,0,0
127832580,0,0,0
127842495,0,0,0
127852686,0,0,0
127863122,0,0,0
127873402,0,0,0
127883988,0,0,0
127894739,0,0,0
127905258,0,0,0
127917538,0,0,0
127927821,0,0,0
127938842,0,0,0
127948825,0,0,0
127959174,0,0,0
127969353,0,0,0
127980333,0,0,0
127990090,0,0,0
127999559,0,0,0
128009810,0,0,0
128020203,0,0,0
128029390,0,0,0
128040596,0,0,0
128050240,0,0,0
128060749,0,0,0
128070837,0,0,0
128080692,0,0,0
128090612,0,0,0
128100674,0,0,0
128111349,0,0,0
128121559,0,0,0
128131758,0,0,0
128142137,0,0,0
128151835,0,0,0
128160906,0,0,0
128171774,0,0,0
128182298,0,0,0
128192080,0,0,0
128202138,0,0,0
128212001,0,0,0
128221977,0,0,0
128232417,0,0,0
128242921,0,0,0
128252693,0,0,0
128263640,0,0,0
128273503,0,0,0
128283326,0,0,0
128294080,0,0,0
128304233,0,0,0
128314947,0,0,0
128324231,0,0,0
128333173,0,0,0
128345756,0,0,0
128355866,0,0,0
128365907,0,0,0
128376069,0,0,0
128386351,0,0,0
128397074,0,0,0
128407381,0,0,0
128418237,0,0,0
128427669,0,0,0
128437464,0,0,0
128448950,0,0,0
128459678,0,0,0
128469273,0,0,0
128478970,0,0,0
128488781,0,0,0
128499158,0,0,0
128509197,0,0,0
128519855,0,0,0
128529710,0,0,0
128540984,0,0,0
128552306,0,0,0
128561972,0,0,0
128573190,0,0,0
128583819,0,0,0
128594450,0,0,0
128605653,0,0,0
128616564,0,0,0
128626788,0,0,0
128636612,0,0,0
128646785,0,0,0
128657587,0,0,0
128668265,0,0,0
128679046,0,0,0
128689223,0,0,0
128702545,0,0,0
128713574,0,0,0
128723736,0,0,0
128734031,0,0,0
128744813,0,0,0
128756822,0,0,0
128766604,0,0,0
128776552,0,0,0
128786798,0,0,0
128795981,0,0,0
128806214,0,0,0
128815935,0,0,0
128826722,0,0,0
128837520,0,0,0
128847236,0,0,0
128858238,0,0,0
128868789,0,0,0
128879270,0,0,0
128889269,0,0,0
128900527,0,0,0
128910785,0,0,0
128921115,0,0,0
128931970,0,0,0
128942363,0,0,0
128952301,0,0,0
128963690,0,0,0
128973960,0,0,0
128984745,0,0,0
128994751,0,0,0
129004767,0,0,0
129015302,0,0,0
129024717,0,0,0
129035578,0,0,0
129046815,0,0,0
129056560,0,0,0
129068210,0,0,0
129078311,0,0,0
129087876,0,0,0
129100122,0,0,0
129114698,0,0,0
129124589,0,0,0
129135101,0,0,0
129145237,0,0,0
129155077,0,0,0
129164978,0,0,0
129175819,0,0,0
129185216,0,0,0
129196843,0,0,0
129207611,0,0,0
129217217,0,0,0
129227991,0,0,0
129237925,0,0,0
129248790,0,0,0
129258549,0,0,0
129269132,0,0,0
129278984,0,0,0
129290114,0,0,0
129300394,0,0,0
129310349,0,0,0
129322570,0,0,0
129331491,0,0,0
129341705,0,0,0
129352456,0,0,0
129362784,0,0,0
129373166,0,0,0
129383417,0,0,0
129393567,0,0,0
129404470,0,0,0
129414917,0,0,0
129424770,0,0,0
129435848,0,0,0
129446468,0,0,0
129456515,0,0,0
129466882,0,0,0
129477209,0,0,0
129486330,0,0,0
129496152,0,0,0
129507539,0,0,0
129517375,0,0,0
129527462,0,0,0
129538591,0,0,0
129547948,0,0,0
129558787,0,0,0
129569988,0,0,0
129581594,0,0,0
129593647,0,0,0
129602978,0,0,0
129612861,0,0,0
129623241,0,0,0
129632732,0,0,0
129643420,0,0,0
129652931,0,0,0
129663038,0,0,0
129673697,0,0,0
129684248,0,0,0
129693018,0,0,0
129702052,0,0,0
129712816,0,0,0
129722071,0,0,0
129732864,0,0,0
129742781,0,0,0
129754220,0,0,0
129764169,0,0,0
129773333,0,0,0
129782546,0,0,0
129792203,0,0,0
129802300,0,0,0
129812354,0,0,0
129822965,0,0,0
129832132,0,0,0
129842431,0,0,0
129853602,0,0,0
129863853,0,0,0
129872993,0,0,0
129882349,0,0,0
129892939,0,0,0
129903164,0,0,0
129912909,0,0,0
129922167,0,0,0
129932254,0,0,0
129942380,0,0,0
129951982,0,0,0
129961822,0,0,0
129971190,0,0,0
129981271,0,0,0
129992284,0,0,0
130001910,0,0,0
130011729,0,0,0
130022030,0,0,0
130032680,0,0,0
130043119,0,0,0
130054560,0,0,0
130064977,0,0,0
130075469,0,0,0
130085470,0,0,0
130096312,0,0,0
130105319,0,0,0
130115282,0,0,0
130125680,0,0,0
130135045,0,0,0
130145036,0,0,0
130155828,0,0,0
130165570,0,0,0
130176515,0,0,0
130186340,0,0,0
130196465,0,0,0
130207759,0,0,0
130217846,0,0,0
130227831,0,0,0
130238476,0,0,0
130248498,0,0,0
130258907,0,0,0
130269004,0,0,0
130281591,0,0,0
130292207,0,0,0
130301442,0,0,0
130311472,0,0,0
130321100,0,0,0
130330935,0,0,0
130341800,0,0,0
130352098,0,0,0
130361807,0,0,0
130371974,0,0,0
130382652,0,0,0
130392745,0,0,0
130401853,0,0,0
130412387,0,0,0
130422313,0,0,0
130432716,0,0,0
130443390,0,0,0
130454039,0,0,0
130463951,0,0,0
130474411,0,0,0
130484305,0,0,0
130494896,0,0,0
130505587,0,0,0
130515733,0,0,0
130527142,0,0,0
130536622,0,0,0
130547461,0,0,0
130556765,0,0,0
130567024,0,0,0
130579093,0,0,0
130588698,0,0,0
130598543,0,0,0
130608237,0,0,0
130619405,0,0,0
130629264,0,0,0
130640043,0,0,0
130650581,0,0,0
130660025,0,0,0
130670020,0,0,0
130680093,0,0,0
130691215,0,0,0
130702186,0,0,0
130711338,0,0,0
130722112,0,0,0
130731689,0,0,0
130740942,0,0,0
130750874,0,0,0
130761580,0,0,0
130771633,0,0,0
130783254,0,0,0
130794693,0,0,0
130804752,0,0,0
130817059,0,0,0
130828202,0,0,0
130839190,0,0,0
130849671,0,0,0
130859684,0,0,0
130870179,0,0,0
130880988,0,0,0
130892762,0,0,0
130904891,0,0,0
130915251,0,0,0
130925167,0,0,0
130936505,0,0,0
130946473,0,0,0
130956913,0,0,0
130968384,0,0,0
130978861,0,0,0
130988988,0,0,0
130999973,0,0,0
131009897,0,0,0
131020406,0,0,0
131032131,0,0,0
131042095,0,0,0
131052138,0,0,0
131061950,0,0,0
131071227,0,0,0
131082186,0,0,0
131092368,0,0,0
131102396,0,0,0
131112373,0,0,0
131123345,0,0,0
131133331,0,0,0
131143395,0,0,0
131154289,0,0,0
131165357,0,0,0
131175431,0,0,0
131187335,0,0,0
131197845,0,0,0
131207304,0,0,0
131218087,0,0,0
131228571,0,0,0
131238833,0,0,0
131249992,0,0,0
131260584,0,0,0
131270949,0,0,0
131281525,0,0,0
131291826,0,0,0
131301818,0,0,0
131312255,0,0,0
131322478,0,0,0
131332729,0,0,0
131342972,0,0,0
131352632,0,0,0
131362686,0,0,0
131373281,0,0,0
131385959,0,0,0
131395836,0,0,0
131406958,0,0,0
131417514,0,0,0
131427110,0,0,0
131436934,0,0,0
131447170,0,0,0
131458632,0,0,0
131467693,0,0,0
131478254,0,0,0
131488486,0,0,0
131498758,0,0,0
131509450,0,0,0
131519911,0,0,0
131531080,0,0,0
131541938,0,0,0
131552803,0,0,0
131563467,0,0,0
131574219,0,0,0
131585106,0,0,0
131594963,0,0,0
131604051,0,0,0
131614319,0,0,0
131625815,0,0,0
131636716,0,0,0
131646882,0,0,0
131657455,0,0,0
131667440,0,0,0
131676952,0,0,0
131687374,0,0,0
131697424,0,0,0
131708864,0,0,0
131720425,0,0,0
131730227,0,0,0
131740046,0,0,0
131750884,0,0,0
131761518,0,0,0
131771430,0,0,0
131783252,0,0,0
131794146,0,0,0
131803706,0,0,0
131815119,0,0,0
131826176,0,0,0
131837152,0,0,0
131847312,0,0,0
131858042,0,0,0
131867874,0,0,0
131878495,0,0,0
131889906,0,0,0
131899733,0,0,0
131910376,0,0,0
131920249,0,0,0
131929127,0,0,0
131937848,0,0,0
131947345,0,0,0
131957365,0,0,0
131966913,0,0,0
131976970,0,0,0
131986573,0,0,0
131996338,0,0,0
132008068,0,0,0
132018717,0,0,0
132029250,0,0,0
132039043,0,0,0
132050048,0,0,0
132059824,0,0,0
132069852,0,0,0
132080075,0,0,0
132090250,0,0,0
132100599,0,0,0
132113264,0,0,0
132122293,0,0,0
132132192,0,0,0
132143124,0,0,0
132153723,0,0,0
132163655,0,0,0
132173151,0,0,0
132182811,0,0,0
132193912,0,0,0
132204295,0,0,0
132214320,0,0,0
132224982,0,0,0
132234855,0,0,0
132245352,0,0,0
132254419,0,0,0
132264613,0,0,0
132275148,0,0,0
132285129,0,0,0
132295573,0,0,0
132305788,0,0,0
132317787,0,0,0
132327982,0,0,0
132338027,0,0,0
132348902,0,0,0
132359663,0,0,0
132369543,0,0,0
132379719,0,0,0
132389707,0,0,0
132399962,0,0,0
132411329,0,0,0
132420887,0,0,0
132432354,0,0,0
132443860,0,0,0
132454222,0,0,0
132464891,0,0,0
132475331,0,0,0
132486267,0,0,0
132497408,0,0,0
132507418,0,0,0
132517706,0,0,0
132528701,0,0,0
132540724,0,0,0
132549693,0,0,0
132559796,0,0,0
132569813,0,0,0
132579120,0,0,0
132588686,0,0,0
132598115,0,0,0
132607258,0,0,0
132616843,0,0,0
132627110,0,0,0
132637224,0,0,0
132647150,0,0,0
132656986,0,0,0
132665977,0,0,0
132675407,0,0,0
132685314,0,0,0
132695629,0,0,0
132710200,0,0,0
132718763,0,0,0
132728830,0,0,0
132739353,0,0,0
132749614,0,0,0
132758840,0,0,0
132768593,0,0,0
132779250,0,0,0
132789963,0,0,0
132800081,0,0,0
132809885,0,0,0
132820076,0,0,0
132829779,0,0,0
132840499,0,0,0
132850477,0,0,0
132859787,0,0,0
132869095,0,0,0
132879143,0,0,0
132891069,0,0,0
132900559,0,0,0
132911902,0,0,0
132922179,0,0,0
132932702,0,0,0
132943895,0,0,0
132954750,0,0,0
132965718,0,0,0
132975938,0,0,0
132986815,0,0,0
132996856,0,0,0
133007125,0,0,0
133018765,0,0,0
133030896,0,0,0
133041743,0,0,0
133053024,0,0,0
133062372,0,0,0
133072271,0,0,0
133081889,0,0,0
133092303,0,0,0
133102150,0,0,0
133111777,0,0,0
133122844,0,0,0
133133241,0,0,0
133143462,0,0,0
133153707,0,0,0
133162786,0,0,0
133172322,0,0,0
133182365,0,0,0
133194310,0,0,0
133203994,0,0,0
133214144,0,0,0
133224305,0,0,0
133235245,0,0,0
133245049,0,0,0
133254935,0,0,0
133265166,0,0,0
133275302,0,0,0
133284954,0,0,0
133295707,0,0,0
133306164,0,0,0
133315850,0,0,0
133326999,0,0,0
133337121,0,0,0
133346348,0,0,0
133356051,0,0,0
133366163,0,0,0
133376621,0,0,0
133388363,0,0,0
133398047,0,0,0
133409143,0,0,0
133418776,0,0,0
133429200,0,0,0
133441070,0,0,0
133451488,0,0,0
133461291,0,0,0
133472163,0,0,0
133482202,0,0,0
133493124,0,0,0
133504547,0,0,0
133514112,0,0,0
133524239,0,0,0
133534781,0,0,0
133545138,0,0,0
133556576,0,0,0
133566353,0,0,0
133577416,0,0,0
133587095,0,0,0
133596694,0,0,0
133607625,0,0,0
133617106,0,0,0
133626665,0,0,0
133636975,0,0,0
133647842,0,0,0
133658297,0,0,0
133668396,0,0,0
133678986,0,0,0
133688155,0,0,0
133697978,0,0,0
133709580,0,0,0
133718277,0,0,0
133727094,0,0,0
133738606,0,0,0
133748427,0,0,0
133758690,0,0,0
133769209,0,0,0
133781470,0,0,0
133792582,0,0,0
133802517,0,0,0
133812607,0,0,0
133823900,0,0,0
133834179,0,0,0
133844418,0,0,0
133854814,0,0,0
133864877,0,0,0
133877887,0,0,0
133887732,0,0,0
133896612,0,0,0
133906439,0,0,0
133916283,0,0,0
133926053,0,0,0
133935990,0,0,0
133946393,0,0,0
133955763,0,0,0
133965522,0,0,0
133976545,0,0,0
133987215,0,0,0
133997081,0,0,0
134007932,0,0,0
134017253,0,0,0
134026774,0,0,0
134038004,0,0,0
134048424,0,0,0
134058127,0,0,0
134068025,0,0,0
134077862,0,0,0
134088945,0,0,0
134099213,0,0,0
134111421,0,0,0
134120954,0,0,0
134131741,0,0,0
134142280,0,0,0
134154512,0,0,0
134164110,0,0,0
134175718,0,0,0
134185137,0,0,0
134195291,0,0,0
134205799,0,0,0
134216404,0,0,0
134235518,0,0,0
134248046,0,0,0
134257865,0,0,0
134267894,0,0,0
134277191,0,0,0
134287619,0,0,0
134297230,0,0,0
134309003,0,0,0
134319767,0,0,0
134330766,0,0,0
134340023,0,0,0
134349427,0,0,0
134359206,0,0,0
134368973,0,0,0
134378442,0,0,0
134387550,0,0,0
134399142,0,0,0
134409386,0,0,0
134419244,0,0,0
134430203,0,0,0
134440601,0,0,0
134449812,0,0,0
134459829,0,0,0
134473246,0,0,0
134482738,0,0,0
134492895,0,0,0
134502605,0,0,0
134512094,0,0,0
134522016,0,0,0
134531553,0,0,0
134541277,0,0,0
134551495,0,0,0
134562890,0,0,0
134574818,0,0,0
134585596,0,0,0
134596335,0,0,0
134607184,0,0,0
134616604,0,0,0
134628021,0,0,0
134637545,0,0,0
134648473,0,0,0
134659510,0,0,0
134670259,0,0,0
134680324,0,0,0
134690588,0,0,0
134701197,0,0,0
134711029,0,0,0
134720536,0,0,0
134730617,0,0,0
134740485,0,0,0
134750445,0,0,0
134761289,0,0,0
134770727,0,0,0
134781856,0,0,0
134791944,0,0,0
134801356,0,0,0
134810996,0,0,0
134821565,0,0,0
134832140,0,0,0
134841278,0,0,0
134851815,0,0,0
134861807,0,0,0
134870692,0,0,0
134881817,0,0,0
134891797,0,0,0
134902434,0,0,0
134912830,0,0,0
134924601,0,0,0
134935713,0,0,0
134944776,0,0,0
134955576,0,0,0
134966676,0,0,0
134975868,0,0,0
134989183,0,0,0
134998302,0,0,0
135007814,0,0,0
135018419,0,0,0
135029104,0,0,0
135040219,0,0,0
135050480,0,0,0
135061438,0,0,0
135071513,0,0,0
135082302,0,0,0
135092129,0,0,0
135102796,0,0,0
135112271,0,0,0
135122276,0,0,0
135132426,0,0,0
135142593,0,0,0
135152278,0,0,0
135161657,0,0,0
135173116,0,0,0
135182800,0,0,0
135194281,0,0,0
135203296,0,0,0
135213079,0,0,0
135223022,0,0,0
135233947,0,0,0
135244057,0,0,0
135254795,0,0,0
135265790,0,0,0
135275702,0,0,0
135287353,0,0,0
135296940,0,0,0
135307824,0,0,0
135317780,0,0,0
135328512,0,0,0
135339160,0,0,0
135348676,0,0,0
135359206,0,0,0
135370099,0,0,0
135380130,0,0,0
135390220,0,0,0
135400260,0,0,0
135410155,0,0,0
135420811,0,0,0
135430676,0,0,0
135440610,0,0,0
135451325,0,0,0
135461014,0,0,0
135471374,0,0,0
135481223,0,0,0
135491664,0,0,0
135502528,0,0,0
135513072,0,0,0
135523728,0,0,0
135534206,0,0,0
135544070,0,0,0
135554685,0,0,0
135564606,0,0,0
135575376,0,0,0
135585725,0,0,0
135597018,0,0,0
135607128,0,0,0
135616671,0,0,0
135626406,0,0,0
135637220,0,0,0
135647667,0,0,0
135657776,0,0,0
135667688,0,0,0
135679075,0,0,0
135693720,0,0,0
135703162,0,0,0
135713433,0,0,0
135724155,0,0,0
135734579,0,0,0
135744617,0,0,0
135754254,0,0,0
135764124,0,0,0
135775414,0,0,0
135785381,0,0,0
135794086,0,0,0
135803383,0,0,0
135814403,0,0,0
135824351,0,0,0
135834311,0,0,0
135845004,0,0,0
135854841,0,0,0
135864766,0,0,0
135874450,0,0,0
135885123,0,0,0
135895440,0,0,0
135907250,0,0,0
135916381,0,0,0
135926393,0,0,0
135937329,0,0,0
135948087,0,0,0
135958858,0,0,0
135968118,0,0,0
135978742,0,0,0
135988570,0,0,0
135999562,0,0,0
136009725,0,0,0
136020186,0,0,0
136030114,0,0,0
136039470,0,0,0
136050090,0,0,0
136060464,0,0,0
136071299,0,0,0
136083354,0,0,0
136094068,0,0,0
136103734,0,0,0
136113988,0,0,0
136124273,0,0,0
136133417,0,0,0
136143469,0,0,0
136153962,0,0,0
136165109,0,0,0
136174732,0,0,0
136187500,0,0,0
136196777,0,0,0
136207510,0,0,0
136217239,0,0,0
136228204,0,0,0
136238453,0,0,0
136248995,0,0,0
136259542,0,0,0
136270030,0,0,0
136279705,0,0,0
136289504,0,0,0
136301349,0,0,0
136311413,0,0,0
136321787,0,0,0
136333257,0,0,0
136343920,0,0,0
136355214,0,0,0
136366316,0,0,0
136377213,0,0,0
136388403,0,0,0
136399395,0,0,0
136410148,0,0,0
136420317,0,0,0
136430214,0,0,0
136440848,0,0,0
136451837,0,0,0
136462458,0,0,0
136474187,0,0,0
136484486,0,0,0
136494859,0,0,0
136506506,0,0,0
136517151,0,0,0
136526754,0,0,0
136538102,0,0,0
136548960,0,0,0
136559549,0,0,0
136569857,0,0,0
136580922,0,0,0
136591109,0,0,0
136600076,0,0,0
136612203,0,0,0
136621300,0,0,0
136631582,0,0,0
136641015,0,0,0
136650465,0,0,0
136660701,0,0,0
136669828,0,0,0
136680600,0,0,0
136690264,0,0,0
136700715,0,0,0
136710737,0,0,0
136720733,0,0,0
136731035,0,0,0
136742470,0,0,0
136753346,0,0,0
136762956,0,0,0
136772502,0,0,0
136782619,0,0,0
136793037,0,0,0
136803138,0,0,0
136813287,0,0,0
136823508,0,0,0
136833811,0,0,0
136843873,0,0,0
136853384,0,0,0
136863315,0,0,0
136872838,0,0,0
136883130,0,0,0
136892641,0,0,0
136903877,0,0,0
136913464,0,0,0
136924847,0,0,0
136934435,0,0,0
136944402,0,0,0
136954060,0,0,0
136963457,0,0,0
136975126,0,0,0
136986561,0,0,0
136996424,0,0,0
137006677,0,0,0
137016595,0,0,0
137026474,0,0,0
137036854,0,0,0
137047936,0,0,0
137059591,0,0,0
137070303,0,0,0
137080111,0,0,0
137090021,0,0,0
137101491,0,0,0
137111600,0,0,0
137122345,0,0,0
137132057,0,0,0
137142494,0,0,0
137153874,0,0,0
137164005,0,0,0
137174514,0,0,0
137185190,0,0,0
137197765,0,0,0
137210034,0,0,0
137220327,0,0,0
137230087,0,0,0
137241169,0,0,0
137251979,0,0,0
137261540,0,0,0
137271249,0,0,0
137283256,0,0,0
137293254,0,0,0
137303863,0,0,0
137314341,0,0,0
137324459,0,0,0
137334739,0,0,0
137344999,0,0,0
137355940,0,0,0
137365752,0,0,0
137377860,0,0,0
137388191,0,0,0
137398212,0,0,0
137409677,0,0,0
137419835,0,0,0
137430519,0,0,0
137440476,0,0,0
137450170,0,0,0
137460119,0,0,0
137470562,0,0,0
137480680,0,0,0
137490408,0,0,0
137500491,0,0,0
137510737,0,0,0
137520612,0,0,0
137531013,0,0,0
137540701,0,0,0
137551636,0,0,0
137561596,0,0,0
137573505,0,0,0
137583129,0,0,0
137593555,0,0,0
137604023,0,0,0
137615050,0,0,0
137624374,0,0,0
137634201,0,0,0
137644478,0,0,0
137653769,0,0,0
137663998,0,0,0
137674411,0,0,0
137685555,0,0,0
137696879,0,0,0
137708410,0,0,0
137718735,0,0,0
137728197,0,0,0
137738393,0,0,0
137747577,0,0,0
137758315,0,0,0
137768138,0,0,0
137778645,0,0,0
137789356,0,0,0
137798705,0,0,0
137808081,0,0,0
137820514,0,0,0
137830316,0,0,0
137840425,0,0,0
137850621,0,0,0
137861127,0,0,0
137872843,0,0,0
137883062,0,0,0
137894268,0,0,0
137905128,0,0,0
137917565,0,0,0
137928182,0,0,0
137938923,0,0,0
137949286,0,0,0
137959305,0,0,0
137968742,0,0,0
137979415,0,0,0
137990181,0,0,0
138001117,0,0,0
138010377,0,0,0
138020169,0,0,0
138029973,0,0,0
138041493,0,0,0
138051310,0,0,0
138061375,0,0,0
138071525,0,0,0
138083145,0,0,0
138093325,0,0,0
138105059,0,0,0
138116173,0,0,0
138126636,0,0,0
138135829,0,0,0
138146407,0,0,0
138156196,0,0,0
138166962,0,0,0
138176889,0,0,0
138186731,0,0,0
138196811,0,0,0
138206897,0,0,0
138216177,0,0,0
138225567,0,0,0
138235340,0,0,0
138245207,0,0,0
138255517,0,0,0
138266372,0,0,0
138275916,0,0,0
138287225,0,0,0
138296755,0,0,0
138306566,0,0,0
138317362,0,0,0
138328426,0,0,0
138338886,0,0,0
138349552,0,0,0
138359830,0,0,0
138369582,0,0,0
138379164,0,0,0
138389422,0,0,0
138399759,0,0,0
138409489,0,0,0
138422215,0,0,0
138431757,0,0,0
138441435,0,0,0
138452085,0,0,0
138462861,0,0,0
138473432,0,0,0
138484847,0,0,0
138498255,0,0,0
138509180,0,0,0
138519026,0,0,0
138529077,0,0,0
138540493,0,0,0
138549430,0,0,0
138559746,0,0,0
138569032,0,0,0
138578504,0,0,0
138589321,0,0,0
138599175,0,0,0
138608315,0,0,0
138618602,0,0,0
138630013,0,0,0
138641004,0,0,0
138651499,0,0,0
138662273,0,0,0
138672374,0,0,0
138683216,0,0,0
138694465,0,0,0
138703918,0,0,0
138715411,0,0,0
138726034,0,0,0
138735600,0,0,0
138747607,0,0,0
138757537,0,0,0
138766879,0,0,0
138776959,0,0,0
138787492,0,0,0
138798068,0,0,0
138807929,0,0,0
138818619,0,0,0
138828825,0,0,0
138840131,0,0,0
138851424,0,0,0
138862855,0,0,0
138873111,0,0,0
138884962,0,0,0
138895236,0,0,0
138906120,0,0,0
138915593,0,0,0
138927314,0,0,0
138937523,0,0,0
138948793,0,0,0
138959026,0,0,0
138969717,0,0,0
138979481,0,0,0
138989811,0,0,0
139001307,0,0,0
139011825,0,0,0
139022287,0,0,0
139033404,0,0,0
139045183,0,0,0
139054605,0,0,0
139069108,0,0,0
139079869,0,0,0
139091513,0,0,0
139101593,0,0,0
139111432,0,0,0
139122884,0,0,0
139132737,0,0,0
139143849,0,0,0
139153291,0,0,0
139164003,0,0,0
139174938,0,0,0
139185310,0,0,0
139195673,0,0,0
139206083,0,0,0
139216531,0,0,0
139227242,0,0,0
139237307,0,0,0
139247549,0,0,0
139257352,0,0,0
139267084,0,0,0
139276900,0,0,0
139287242,0,0,0
139298046,0,0,0
139308157,0,0,0
139317701,0,0,0
139328847,0,0,0
139338744,0,0,0
139349463,0,0,0
139360227,0,0,0
139370453,0,0,0
139380040,0,0,0
139390329,0,0,0
139399767,0,0,0
139414753,0,0,0
139425015,0,0,0
139434613,0,0,0
139446041,0,0,0
139455056,0,0,0
139466938,0,0,0
139476770,0,0,0
139486781,0,0,0
139496592,0,0,0
139508255,0,0,0
139518082,0,0,0
139528803,0,0,0
139539225,0,0,0
139549874,0,0,0
139561146,0,0,0
139571936,0,0,0
139582780,0,0,0
139593033,0,0,0
139604378,0,0,0
139614099,0,0,0
139624591,0,0,0
139634538,0,0,0
139645667,0,0,0
139655189,0,0,0
139665092,0,0,0
139676405,0,0,0
139686007,0,0,0
139695430,0,0,0
139704979,0,0,0
139714792,0,0,0
139724561,0,0,0
139734648,0,0,0
139744836,0,0,0
139755576,0,0,0
139765834,0,0,0
139775437,0,0,0
139785244,0,0,0
139795375,0,0,0
139805892,0,0,0
139815921,0,0,0
139825832,0,0,0
139836720,0,0,0
139846659,0,0,0
139855876,0,0,0
139865264,0,0,0
139874990,0,0,0
139885386,0,0,0
139894916,0,0,0
139906378,0,0,0
139916259,0,0,0
139925398,0,0,0
139935153,0,0,0
139945729,0,0,0
139956834,0,0,0
139966723,0,0,0
139976958,0,0,0
139987208,0,0,0
139997470,0,0,0
140007304,0,0,0
140018253,0,0,0
140028341,0,0,0
140037581,0,0,0
140048364,0,0,0
140057850,0,0,0
140067294,0,0,0
140077024,0,0,0
140092694,0,0,0
140103653,0,0,0
140113462,0,0,0
140123093,0,0,0
140133220,0,0,0
140143393,0,0,0
140153265,0,0,0
140163110,0,0,0
140173853,0,0,0
140185122,0,0,0
140195887,0,0,0
140205885,0,0,0
140216172,0,0,0
140225893,0,0,0
140237190,0,0,0
140246621,0,0,0
140257345,0,0,0
140268136,0,0,0
140277903,0,0,0
140288679,0,0,0
140298984,0,0,0
140309203,0,0,0
140320348,0,0,0
140332140,0,0,0
140341701,0,0,0
140351020,0,0,0
140362252,0,0,0
140371413,0,0,0
140382041,0,0,0
140391398,0,0,0
140401824,0,0,0
140412490,0,0,0
140427709,0,0,0
140438292,0,0,0
140448332,0,0,0
140460115,0,0,0
140471378,0,0,0
140481173,0,0,0
140490489,0,0,0
140500705,0,0,0
140511739,0,0,0
140522109,0,0,0
140531760,0,0,0
140541290,0,0,0
140551988,0,0,0
140563036,0,0,0
140573824,0,0,0
140584501,0,0,0
140593906,0,0,0
140605243,0,0,0
140615688,0,0,0
140625394,0,0,0
140636187,0,0,0
140645535,0,0,0
140655163,0,0,0
140665714,0,0,0
140675623,0,0,0
140686406,0,0,0
140697286,0,0,0
140706229,0,0,0
140716368,0,0,0
140726775,0,0,0
140736092,0,0,0
140745614,0,0,0
140755850,0,0,0
140766100,0,0,0
140776896,0,0,0
140787071,0,0,0
140796604,0,0,0
140806358,0,0,0
140815795,0,0,0
140825436,0,0,0
140836007,0,0,0
140846419,0,0,0
140855963,0,0,0
140867683,0,0,0
140877221,0,0,0
140888061,0,0,0
140899033,0,0,0
140909335,0,0,0
140919241,0,0,0
140930401,0,0,0
140939586,0,0,0
140948928,0,0,0
140959139,0,0,0
140971734,0,0,0
140980967,0,0,0
140991669,0,0,0
141002313,0,0,0
141012922,0,0,0
141027211,0,0,0
141037525,0,0,0
141047822,0,0,0
141057462,0,0,0
141068110,0,0,0
141078388,0,0,0
141089831,0,0,0
141099701,0,0,0
141110200,0,0,0
141121378,0,0,0
141130804,0,0,0
141140394,0,0,0
141150307,0,0,0
141160491,0,0,0
141170906,0,0,0
141180953,0,0,0
141190566,0,0,0
141201056,0,0,0
141211934,0,0,0
141222726,0,0,0
141233741,0,0,0
141243668,0,0,0
141254905,0,0,0
141264641,0,0,0
141274626,0,0,0
141285789,0,0,0
141295754,0,0,0
141306983,0,0,0
141318215,0,0,0
141327700,0,0,0
141337890,0,0,0
141349035,0,0,0
141360236,0,0,0
141371926,0,0,0
141381699,0,0,0
141392519,0,0,0
141402548,0,0,0
141412793,0,0,0
141424348,0,0,0
141434808,0,0,0
141446068,0,0,0
141456329,0,0,0
141466337,0,0,0
141476505,0,0,0
141487392,0,0,0
141497736,0,0,0
141507025,0,0,0
141516906,0,0,0
141527901,0,0,0
141541205,0,0,0
141551278,0,0,0
141561603,0,0,0
141573256,0,0,0
141583520,0,0,0
141594235,0,0,0
141603838,0,0,0
141614000,0,0,0
141624452,0,0,0
141634834,0,0,0
141645857,0,0,0
141656565,0,0,0
141666337,0,0,0
141676317,0,0,0
141687364,0,0,0
141698169,0,0,0
141708444,0,0,0
141719210,0,0,0
141729548,0,0,0
141739653,0,0,0
141750023,0,0,0
141760714,0,0,0
141770645,0,0,0
141781133,0,0,0
141791141,0,0,0
141801512,0,0,0
141811448,0,0,0
141822062,0,0,0
141831409,0,0,0
141840133,0,0,0
141851926,0,0,0
141861064,0,0,0
141871643,0,0,0
141881104,0,0,0
141890722,0,0,0
141900931,0,0,0
141912331,0,0,0
141921858,0,0,0
141932068,0,0,0
141942225,0,0,0
141952861,0,0,0
141962291,0,0,0
141972666,0,0,0
141983392,0,0,0
141992881,0,0,0
142002916,0,0,0
142012562,0,0,0
142022570,0,0,0
142033406,0,0,0
142043683,0,0,0
142054411,0,0,0
142064757,0,0,0
142074881,0,0,0
142084785,0,0,0
142096265,0,0,0
142107584,0,0,0
142118239,0,0,0
142128697,0,0,0
142138608,0,0,0
142148792,0,0,0
142158959,0,0,0
142170014,0,0,0
142179304,0,0,0
142189446,0,0,0
142199128,0,0,0
142208374,0,0,0
142218505,0,0,0
142229620,0,0,0
142238984,0,0,0
142248618,0,0,0
142258051,0,0,0
142269378,0,0,0
142279136,0,0,0
142293431,0,0,0
142302879,0,0,0
142311637,0,0,0
142323782,0,0,0
142333537,0,0,0
142343137,0,0,0
142354059,0,0,0
142364446,0,0,0
142374831,0,0,0
142384484,0,0,0
142400420,0,0,0
142408709,0,0,0
142420082,0,0,0
142429064,0,0,0
142441308,0,0,0
142450118,0,0,0
142460496,0,0,0
142474339,0,0,0
142484763,0,0,0
142495463,0,0,0
142505585,0,0,0
142516521,0,0,0
142526335,0,0,0
142535499,0,0,0
142545740,0,0,0
142555757,0,0,0
142566395,0,0,0
142576730,0,0,0
142586230,0,0,0
142596777,0,0,0
142606792,0,0,0
142617388,0,0,0
142627522,0,0,0
142637289,0,0,0
142648341,0,0,0
142657790,0,0,0
142667883,0,0,0
142678379,0,0,0
142688849,0,0,0
142700695,0,0,0
142710074,0,0,0
142719644,0,0,0
142730816,0,0,0
142741307,0,0,0
142752238,0,0,0
142763014,0,0,0
142773380,0,0,0
142782619,0,0,0
142792151,0,0,0
142803275,0,0,0
142813900,0,0,0
142824971,0,0,0
142835001,0,0,0
142844120,0,0,0
142854245,0,0,0
142864492,0,0,0
142874400,0,0,0
142884861,0,0,0
142896284,0,0,0
142906332,0,0,0
142916425,0,0,0
142927477,0,0,0
142938140,0,0,0
142948662,0,0,0
142959474,0,0,0
142969382,0,0,0
142978599,0,0,0
142989168,0,0,0
143000218,0,0,0
143010096,0,0,0
143020383,0,0,0
143030287,0,0,0
143040574,0,0,0
143050815,0,0,0
143061538,0,0,0
143072177,0,0,0
143081790,0,0,0
143091868,0,0,0
143102483,0,0,0
143113148,0,0,0
143124575,0,0,0
143134211,0,0,0
143143875,0,0,0
143154755,0,0,0
143165461,0,0,0
143175360,0,0,0
143185793,0,0,0
143195919,0,0,0
143207306,0,0,0
143216941,0,0,0
143226272,0,0,0
143236569,0,0,0
143246494,0,0,0
143256602,0,0,0
143266194,0,0,0
143275909,0,0,0
143285786,0,0,0
143295251,0,0,0
143305359,0,0,0
143315222,0,0,0
143325057,0,0,0
143335312,0,0,0
143344687,0,0,0
143354859,0,0,0
143366169,0,0,0
143376509,0,0,0
143389374,0,0,0
143399771,0,0,0
143412607,0,0,0
143422350,0,0,0
143431772,0,0,0
143441993,0,0,0
143452268,0,0,0
143462696,0,0,0
143473280,0,0,0
143482985,0,0,0
143493342,0,0,0
143503641,0,0,0
143514174,0,0,0
143525487,0,0,0
143535803,0,0,0
143547043,0,0,0
143557144,0,0,0
143567150,0,0,0
143576914,0,0,0
143587528,0,0,0
143597876,0,0,0
143608157,0,0,0
143617512,0,0,0
143627230,0,0,0
143638419,0,0,0
143649205,0,0,0
143659977,0,0,0
143669395,0,0,0
143679129,0,0,0
143688676,0,0,0
143698291,0,0,0
143707980,0,0,0
143719579,0,0,0
143729926,0,0,0
143739920,0,0,0
143749878,0,0,0
143760337,0,0,0
143771122,0,0,0
143781874,0,0,0
143791326,0,0,0
143801317,0,0,0
143812576,0,0,0
143822611,0,0,0
143832414,0,0,0
143842222,0,0,0
143852156,0,0,0
143862326,0,0,0
143872241,0,0,0
143883917,0,0,0
143896104,0,0,0
143906145,0,0,0
143915880,0,0,0
143925101,0,0,0
143935314,0,0,0
143945844,0,0,0
143956836,0,0,0
143967371,0,0,0
143978955,0,0,0
143988888,0,0,0
143999763,0,0,0
144009118,0,0,0
144018668,0,0,0
144028952,0,0,0
144039487,0,0,0
144049035,0,0,0
144061236,0,0,0
144072524,0,0,0
144082339,0,0,0
144093583,0,0,0
144103901,0,0,0
144113641,0,0,0
144125024,0,0,0
144134079,0,0,0
144144734,0,0,0
144154982,0,0,0
144165401,0,0,0
144175751,0,0,0
144186327,0,0,0
144196271,0,0,0
144206125,0,0,0
144216678,0,0,0
144228118,0,0,0
144238734,0,0,0
144249751,0,0,0
144261016,0,0,0
144271306,0,0,0
144281282,0,0,0
144291793,0,0,0
144301505,0,0,0
144311764,0,0,0
144322446,0,0,0
144331504,0,0,0
144345802,0,0,0
144355675,0,0,0
144366465,0,0,0
144376551,0,0,0
144385990,0,0,0
144395291,0,0,0
144405125,0,0,0
144415082,0,0,0
144425437,0,0,0
144435476,0,0,0
144445995,0,0,0
144456157,0,0,0
144466678,0,0,0
144478614,0,0,0
144490188,0,0,0
144500163,0,0,0
144510046,0,0,0
144520185,0,0,0
144530161,0,0,0
144539690,0,0,0
144550122,0,0,0
144560073,0,0,0
144571800,0,0,0
144581491,0,0,0
144592841,0,0,0
144602496,0,0,0
144613930,0,0,0
144623571,0,0,0
144633720,0,0,0
144644655,0,0,0
144655377,0,0,0
144665626,0,0,0
144677997,0,0,0
144688206,0,0,0
144698075,0,0,0
144707979,0,0,0
144718081,0,0,0
144728449,0,0,0
144739070,0,0,0
144749023,0,0,0
144759294,0,0,0
144768787,0,0,0
144779485,0,0,0
144789863,0,0,0
144799557,0,0,0
144809019,0,0,0
144818577,0,0,0
144827869,0,0,0
144838473,0,0,0
144848227,0,0,0
144857781,0,0,0
144867742,0,0,0
144879343,0,0,0
144890516,0,0,0
144900516,0,0,0
144910669,0,0,0
144920553,0,0,0
144930814,0,0,0
144940827,0,0,0
144950350,0,0,0
144960370,0,0,0
144970516,0,0,0
144980183,0,0,0
144990572,0,0,0
145000844,0,0,0
145012228,0,0,0
145023023,0,0,0
145033506,0,0,0
145044438,0,0,0
145054202,0,0,0
145063707,0,0,0
145075764,0,0,0
145085208,0,0,0
145095566,0,0,0
145107108,0,0,0
145116795,0,0,0
145127395,0,0,0
145138008,0,0,0
145147743,0,0,0
145158625,0,0,0
145168861,0,0,0
145179245,0,0,0
145189389,0,0,0
145200128,0,0,0
145209369,0,0,0
145219887,0,0,0
145231183,0,0,0
145244068,0,0,0
145255102,0,0,0
145266212,0,0,0
145277545,0,0,0
145287036,0,0,0
145296626,0,0,0
145308568,0,0,0
145317508,0,0,0
145327730,0,0,0
145339176,0,0,0
145354552,0,0,0
145363572,0,0,0
145374125,0,0,0
145384296,0,0,0
145393236,0,0,0
145404559,0,0,0
145414512,0,0,0
145425540,0,0,0
145435604,0,0,0
145447725,0,0,0
145457242,0,0,0
145468226,0,0,0
145478359,0,0,0
145488903,0,0,0
145500120,0,0,0
145510418,0,0,0
145519609,0,0,0
145529462,0,0,0
145539499,0,0,0
145550644,0,0,0
145560754,0,0,0
145571385,0,0,0
145581874,0,0,0
145592370,0,0,0
145601502,0,0,0
145611025,0,0,0
145620843,0,0,0
145631938,0,0,0
145643448,0,0,0
145653567,0,0,0
145663406,0,0,0
145677549,0,0,0
145687523,0,0,0
145697392,0,0,0
145707237,0,0,0
145717158,0,0,0
145728484,0,0,0
145738202,0,0,0
145748397,0,0,0
145758952,0,0,0
145770511,0,0,0
145780913,0,0,0
145790977,0,0,0
145800567,0,0,0
145810777,0,0,0
145820770,0,0,0
145831767,0,0,0
145842513,0,0,0
145853152,0,0,0
145863268,0,0,0
145874715,0,0,0
145885142,0,0,0
145896141,0,0,0
145906676,0,0,0
145918124,0,0,0
145929071,0,0,0
145939803,0,0,0
145950941,0,0,0
145962089,0,0,0
145972209,0,0,0
145986361,0,0,0
145997750,0,0,0
146007398,0,0,0
146017928,0,0,0
146028284,0,0,0
146038645,0,0,0
146048906,0,0,0
146060633,0,0,0
146070210,0,0,0
146081260,0,0,0
146091028,0,0,0
146102088,0,0,0
146112307,0,0,0
146122149,0,0,0
146132376,0,0,0
146143745,0,0,0
146154371,0,0,0
146164859,0,0,0
146176601,0,0,0
146186414,0,0,0
146196878,0,0,0
146211920,0,0,0
146222782,0,0,0
146232988,0,0,0
146242954,0,0,0
146252982,0,0,0
146262997,0,0,0
146273009,0,0,0
146283281,0,0,0
146294985,0,0,0
146305396,0,0,0
146315014,0,0,0
146325580,0,0,0
146335292,0,0,0
146345066,0,0,0
146356810,0,0,0
146366183,0,0,0
146376339,0,0,0
146387053,0,0,0
146397066,0,0,0
146407330,0,0,0
146417125,0,0,0
146427826,0,0,0
146437929,0,0,0
146447682,0,0,0
146459155,0,0,0
146468293,0,0,0
146478972,0,0,0
146489171,0,0,0
146499562,0,0,0
146509834,0,0,0
146520156,0,0,0
146529807,0,0,0
146541056,0,0,0
146553110,0,0,0
146562330,0,0,0
146572660,0,0,0
146582657,0,0,0
146592948,0,0,0
146603998,0,0,0
146615521,0,0,0
146625576,0,0,0
146635212,0,0,0
146644967,0,0,0
146654413,0,0,0
146664637,0,0,0
146678503,0,0,0
146688876,0,0,0
146698938,0,0,0
146709370,0,0,0
146719961,0,0,0
146729798,0,0,0
146741917,0,0,0
146751888,0,0,0
146761748,0,0,0
146771349,0,0,0
146784982,0,0,0
146795009,0,0,0
146805234,0,0,0
146815604,0,0,0
146825801,0,0,0
146836915,0,0,0
146846424,0,0,0
146856119,0,0,0
146866266,0,0,0
146876425,0,0,0
146888178,0,0,0
146899085,0,0,0
146909437,0,0,0
146919308,0,0,0
146929109,0,0,0
146939131,0,0,0
146949918,0,0,0
146959693,0,0,0
146971581,0,0,0
146982489,0,0,0
146992724,0,0,0
147002678,0,0,0
147012987,0,0,0
147023193,0,0,0
147032728,0,0,0
147046028,0,0,0
147056918,0,0,0
147066730,0,0,0
147077712,0,0,0
147089157,0,0,0
147099542,0,0,0
147108858,0,0,0
147118354,0,0,0
147128968,0,0,0
147138707,0,0,0
147148985,0,0,0
147158301,0,0,0
147168484,0,0,0
147179344,0,0,0
147189316,0,0,0
147202727,0,0,0
147212488,0,0,0
147222203,0,0,0
147233148,0,0,0
147243338,0,0,0
147253880,0,0,0
147263343,0,0,0
147272785,0,0,0
147283815,0,0,0
147293791,0,0,0
147304273,0,0,0
147314090,0,0,0
147326102,0,0,0
147336967,0,0,0
147347012,0,0,0
147357453,0,0,0
147366963,0,0,0
147378321,0,0,0
147387396,0,0,0
147396785,0,0,0
147407696,0,0,0
147418192,0,0,0
147428463,0,0,0
147437881,0,0,0
147448650,0,0,0
147458044,0,0,0
147467713,0,0,0
147477594,0,0,0
147487781,0,0,0
147497849,0,0,0
147509611,0,0,0
147519970,0,0,0
147530037,0,0,0
147540030,0,0,0
147550569,0,0,0
147561226,0,0,0
147571246,0,0,0
147583239,0,0,0
147592774,0,0,0
147602395,0,0,0
147613540,0,0,0
147623838,0,0,0
147634534,0,0,0
147643479,0,0,0
147653190,0,0,0
147663003,0,0,0
147674672,0,0,0
147687049,0,0,0
147697271,0,0,0
147707073,0,0,0
147717192,0,0,0
147726409,0,0,0
147736731,0,0,0
147746555,0,0,0
147758231,0,0,0
147768203,0,0,0
147778912,0,0,0
147790593,0,0,0
147800142,0,0,0
147809292,0,0,0
147819913,0,0,0
147831482,0,0,0
147841109,0,0,0
147851593,0,0,0
147863173,0,0,0
147873556,0,0,0
147884739,0,0,0
147894618,0,0,0
147904612,0,0,0
147914096,0,0,0
147924070,0,0,0
147933536,0,0,0
147943818,0,0,0
147953601,0,0,0
147963961,0,0,0
147977407,0,0,0
147987685,0,0,0
147997572,0,0,0
148008368,0,0,0
148018216,0,0,0
148028532,0,0,0
148039721,0,0,0
148050055,0,0,0
148061395,0,0,0
148071019,0,0,0
148080758,0,0,0
148092283,0,0,0
148102826,0,0,0
148112381,0,0,0
148123702,0,0,0
148134547,0,0,0
148145282,0,0,0
148155694,0,0,0
148166884,0,0,0
148177030,0,0,0
148187754,0,0,0
148197792,0,0,0
148207907,0,0,0
148218565,0,0,0
148228566,0,0,0
148239087,0,0,0
148249658,0,0,0
148260761,0,0,0
148273662,0,0,0
148283372,0,0,0
148293010,0,0,0
148303112,0,0,0
148313027,0,0,0
148323702,0,0,0
148334208,0,0,0
148344740,0,0,0
148354661,0,0,0
148364536,0,0,0
148376051,0,0,0
148385993,0,0,0
148397082,0,0,0
148407077,0,0,0
148417389,0,0,0
148427041,0,0,0
148436969,0,0,0
148447205,0,0,0
148457113,0,0,0
148467330,0,0,0
148478047,0,0,0
148489211,0,0,0
148499804,0,0,0
148509830,0,0,0
148520558,0,0,0
148531385,0,0,0
148540888,0,0,0
148551471,0,0,0
148560487,0,0,0
148570378,0,0,0
148585512,0,0,0
148596910,0,0,0
148608324,0,0,0
148618386,0,0,0
148628144,0,0,0
148637227,0,0,0
148647508,0,0,0
148656972,0,0,0
148667384,0,0,0
148676259,0,0,0
148685184,0,0,0
148697759,0,0,0
148708712,0,0,0
148718258,0,0,0
148728596,0,0,0
148739698,0,0,0
148749617,0,0,0
148758716,0,0,0
148769490,0,0,0
148780281,0,0,0
148789981,0,0,0
148800365,0,0,0
148809750,0,0,0
148820028,0,0,0
148830060,0,0,0
148839870,0,0,0
148850716,0,0,0
148860983,0,0,0
148870468,0,0,0
148879845,0,0,0
148890786,0,0,0
148900227,0,0,0
148911266,0,0,0
148920842,0,0,0
148931593,0,0,0
148941579,0,0,0
148950928,0,0,0
148961610,0,0,0
148972378,0,0,0
148982534,0,0,0
148992294,0,0,0
149003292,0,0,0
149013922,0,0,0
149023704,0,0,0
149033252,0,0,0
149043331,0,0,0
149054201,0,0,0
149063375,0,0,0
149072147,0,0,0
149082840,0,0,0
149094431,0,0,0
149106097,0,0,0
149116957,0,0,0
149126263,0,0,0
149135520,0,0,0
149145353,0,0,0
149156056,0,0,0
149166938,0,0,0
149176486,0,0,0
149187534,0,0,0
149197965,0,0,0
149209983,0,0,0
149221325,0,0,0
149232231,0,0,0
149242182,0,0,0
149251810,0,0,0
149261812,0,0,0
149272951,0,0,0
149282927,0,0,0
149295514,0,0,0
149306564,0,0,0
149315928,0,0,0
149326403,0,0,0
149337241,0,0,0
149348506,0,0,0
149358759,0,0,0
149369465,0,0,0
149378992,0,0,0
149389342,0,0,0
149399398,0,0,0
149409851,0,0,0
149420476,0,0,0
149430581,0,0,0
149444779,0,0,0
149454152,0,0,0
149465039,0,0,0
149474056,0,0,0
149485036,0,0,0
149494730,0,0,0
149505967,0,0,0
149517920,0,0,0
149527106,0,0,0
149536792,0,0,0
149547873,0,0,0
149556825,0,0,0
149567365,0,0,0
149579504,0,0,0
149588916,0,0,0
149599519,0,0,0
149608997,0,0,0
149620350,0,0,0
149629978,0,0,0
149639999,0,0,0
149650686,0,0,0
149662043,0,0,0
149672667,0,0,0
149683070,0,0,0
149693877,0,0,0
149704662,0,0,0
149714963,0,0,0
149726513,0,0,0
149736883,0,0,0
149748618,0,0,0
149758904,0,0,0
149770490,0,0,0
149781036,0,0,0
149791171,0,0,0
149801336,0,0,0
149811693,0,0,0
149823428,0,0,0
149833494,0,0,0
149844117,0,0,0
149853639,0,0,0
149865082,0,0,0
149875798,0,0,0
149885437,0,0,0
149895553,0,0,0
149905831,0,0,0
149915719,0,0,0
149925478,0,0,0
149935255,0,0,0
149945868,0,0,0
149956004,0,0,0
149966300,0,0,0
149976579,0,0,0
149986411,0,0,0
149996359,0,0,0
150005544,0,0,0
150016886,0,0,0
150027705,0,0,0
150038565,0,0,0
150048211,0,0,0
150059477,0,0,0
150069814,0,0,0
150079557,0,0,0
150090680,0,0,0
150100285,0,0,0
150110544,0,0,0
150120293,0,0,0
150130446,0,0,0
150140757,0,0,0
150150134,0,0,0
150160162,0,0,0
150173808,0,0,0
150184090,0,0,0
150194065,0,0,0
150203448,0,0,0
150213139,0,0,0
150222983,0,0,0
150233552,0,0,0
150243617,0,0,0
150254254,0,0,0
150263737,0,0,0
150273887,0,0,0
150284886,0,0,0
150294408,0,0,0
150304129,0,0,0
150317770,0,0,0
150329030,0,0,0
150339101,0,0,0
150349343,0,0,0
150359825,0,0,0
150371570,0,0,0
150381506,0,0,0
150390889,0,0,0
150401614,0,0,0
150413055,0,0,0
150423938,0,0,0
150435613,0,0,0
150446092,0,0,0
150456887,0,0,0
150466561,0,0,0
150477653,0,0,0
150488050,0,0,0
150497541,0,0,0
150508962,0,0,0
150519212,0,0,0
150530356,0,0,0
150540661,0,0,0
150550901,0,0,0
150560433,0,0,0
150570492,0,0,0
150580594,0,0,0
150589833,0,0,0
150600049,0,0,0
150610258,0,0,0
150620344,0,0,0
150632572,0,0,0
150642716,0,0,0
150652396,0,0,0
150662357,0,0,0
150674481,0,0,0
150683597,0,0,0
150692908,0,0,0
150702935,0,0,0
150713386,0,0,0
150723455,0,0,0
150732927,0,0,0
150743092,0,0,0
150753025,0,0,0
150763805,0,0,0
150773921,0,0,0
150784111,0,0,0
150794427,0,0,0
150804666,0,0,0
150815347,0,0,0
150824969,0,0,0
150834661,0,0,0
150845463,0,0,0
150855778,0,0,0
150866143,0,0,0
150876080,0,0,0
150885235,0,0,0
150895655,0,0,0
150905959,0,0,0
150917275,0,0,0
150926932,0,0,0
150936143,0,0,0
150946284,0,0,0
150956484,0,0,0
150966365,0,0,0
150976438,0,0,0
150986644,0,0,0
150997665,0,0,0
151008098,0,0,0
151018559,0,0,0
151030014,0,0,0
151040374,0,0,0
151050504,0,0,0
151061108,0,0,0
151070410,0,0,0
151081567,0,0,0
151091018,0,0,0
151102117,0,0,0
151112383,0,0,0
151122515,0,0,0
151132950,0,0,0
151143507,0,0,0
151153985,0,0,0
151164374,0,0,0
151173880,0,0,0
151185236,0,0,0
151194844,0,0,0
151205503,0,0,0
151216658,0,0,0
151226461,0,0,0
151236035,0,0,0
151246189,0,0,0
151256055,0,0,0
151265617,0,0,0
151276552,0,0,0
151287916,0,0,0
151297867,0,0,0
151307737,0,0,0
151318504,0,0,0
151329769,0,0,0
151340360,0,0,0
151350116,0,0,0
151361023,0,0,0
151370681,0,0,0
151380860,0,0,0
151390846,0,0,0
151401529,0,0,0
151412525,0,0,0
151422924,0,0,0
151433450,0,0,0
151442823,0,0,0
151453451,0,0,0
151462748,0,0,0
151472792,0,0,0
151482537,0,0,0
151493276,0,0,0
151503336,0,0,0
151513699,0,0,0
151522463,0,0,0
151537912,0,0,0
151549218,0,0,0
151559874,0,0,0
151569827,0,0,0
151579969,0,0,0
151589224,0,0,0
151598924,0,0,0
151610255,0,0,0
151620588,0,0,0
151630415,0,0,0
151640669,0,0,0
151650562,0,0,0
151664275,0,0,0
151673774,0,0,0
151683025,0,0,0
151693537,0,0,0
151703182,0,0,0
151714511,0,0,0
151724985,0,0,0
151736230,0,0,0
151746825,0,0,0
151757526,0,0,0
151767068,0,0,0
151777267,0,0,0
151787430,0,0,0
151797377,0,0,0
151808217,0,0,0
151818354,0,0,0
151828331,0,0,0
151838737,0,0,0
151848875,0,0,0
151858898,0,0,0
151869584,0,0,0
151880410,0,0,0
151890073,0,0,0
151901291,0,0,0
151911413,0,0,0
151920987,0,0,0
151930915,0,0,0
151941714,0,0,0
151950716,0,0,0
151962240,0,0,0
151972413,0,0,0
151981770,0,0,0
151992268,0,0,0
152002143,0,0,0
152012126,0,0,0
152021937,0,0,0
152031880,0,0,0
152043155,0,0,0
152054056,0,0,0
152064913,0,0,0
152074137,0,0,0
152083477,0,0,0
152093237,0,0,0
152103331,0,0,0
152113558,0,0,0
152123602,0,0,0
152134126,0,0,0
152144506,0,0,0
152154330,0,0,0
152164740,0,0,0
152175747,0,0,0
152185496,0,0,0
152196211,0,0,0
152206128,0,0,0
152216021,0,0,0
152225282,0,0,0
152236449,0,0,0
152247986,0,0,0
152257129,0,0,0
152267705,0,0,0
152277414,0,0,0
152287503,0,0,0
152299035,0,0,0
152308655,0,0,0
152318915,0,0,0
152330499,0,0,0
152340697,0,0,0
152352267,0,0,0
152362691,0,0,0
152371847,0,0,0
152383168,0,0,0
152393307,0,0,0
152404336,0,0,0
152414181,0,0,0
152423849,0,0,0
152433624,0,0,0
152443577,0,0,0
152453450,0,0,0
152462820,0,0,0
152472227,0,0,0
152481789,0,0,0
152491970,0,0,0
152501883,0,0,0
152512059,0,0,0
152522881,0,0,0
152533001,0,0,0
152542403,0,0,0
152552559,0,0,0
152563895,0,0,0
152575156,0,0,0
152586116,0,0,0
152596615,0,0,0
152607617,0,0,0
152618996,0,0,0
152630508,0,0,0
152641780,0,0,0
152652701,0,0,0
152662056,0,0,0
152672193,0,0,0
152682324,0,0,0
152693053,0,0,0
152703860,0,0,0
152713969,0,0,0
152723505,0,0,0
152734389,0,0,0
152744801,0,0,0
152754829,0,0,0
152764661,0,0,0
152774535,0,0,0
152784666,0,0,0
152794618,0,0,0
152804882,0,0,0
152815057,0,0,0
152824867,0,0,0
152835959,0,0,0
152846853,0,0,0
152856628,0,0,0
152867105,0,0,0
152875962,0,0,0
152886007,0,0,0
152895545,0,0,0
152905143,0,0,0
152914430,0,0,0
152924671,0,0,0
152934444,0,0,0
152944832,0,0,0
152955169,0,0,0
152965332,0,0,0
152974661,0,0,0
152984236,0,0,0
153000753,0,0,0
153009398,0,0,0
153019873,0,0,0
153030262,0,0,0
153040492,0,0,0
153051233,0,0,0
153064437,0,0,0
153074437,0,0,0
153083385,0,0,0
153093418,0,0,0
153104832,0,0,0
153114209,0,0,0
153124196,0,0,0
153135974,0,0,0
153145772,0,0,0
153155813,0,0,0
153165562,0,0,0
153175415,0,0,0
153185631,0,0,0
153195378,0,0,0
153205577,0,0,0
153215014,0,0,0
153225072,0,0,0
153235350,0,0,0
153246258,0,0,0
153255939,0,0,0
153267208,0,0,0
153277247,0,0,0
153287579,0,0,0
153299089,0,0,0
153309097,0,0,0
153319079,0,0,0
153329929,0,0,0
153341401,0,0,0
153351556,0,0,0
153361850,0,0,0
153373912,0,0,0
153385389,0,0,0
153395375,0,0,0
153405233,0,0,0
153415383,0,0,0
153425487,0,0,0
153436567,0,0,0
153446770,0,0,0
153457218,0,0,0
153466465,0,0,0
153476676,0,0,0
153487573,0,0,0
153497657,0,0,0
153507510,0,0,0
153517933,0,0,0
153527912,0,0,0
153538580,0,0,0
153549663,0,0,0
153560192,0,0,0
153570488,0,0,0
153580693,0,0,0
153591884,0,0,0
153602249,0,0,0
153612009,0,0,0
153621637,0,0,0
153631382,0,0,0
153642111,0,0,0
153651671,0,0,0
153661866,0,0,0
153671403,0,0,0
153681919,0,0,0
153692172,0,0,0
153701830,0,0,0
153712432,0,0,0
153723252,0,0,0
153733417,0,0,0
153744213,0,0,0
153754518,0,0,0
153765531,0,0,0
153774705,0,0,0
153786567,0,0,0
153797171,0,0,0
153806664,0,0,0
153816249,0,0,0
153827099,0,0,0
153836985,0,0,0
153847862,0,0,0
153862356,0,0,0
153872067,0,0,0
153881348,0,0,0
153893193,0,0,0
153904226,0,0,0
153914254,0,0,0
153923963,0,0,0
153933593,0,0,0
153943608,0,0,0
153954950,0,0,0
153965839,0,0,0
153977375,0,0,0
153987089,0,0,0
153998204,0,0,0
154008453,0,0,0
154018521,0,0,0
154028562,0,0,0
154038363,0,0,0
154048642,0,0,0
154059210,0,0,0
154069849,0,0,0
154080234,0,0,0
154091268,0,0,0
154102381,0,0,0
154111942,0,0,0
154122252,0,0,0
154133468,0,0,0
154144174,0,0,0
154154131,0,0,0
154165125,0,0,0
154175408,0,0,0
154185519,0,0,0
154197125,0,0,0
154206654,0,0,0
154216030,0,0,0
154226465,0,0,0
154236980,0,0,0
154247620,0,0,0
154259024,0,0,0
154268808,0,0,0
154279236,0,0,0
154289453,0,0,0
154301527,0,0,0
154311126,0,0,0
154321320,0,0,0
154331223,0,0,0
154342147,0,0,0
154352802,0,0,0
154363587,0,0,0
154374762,0,0,0
154386288,0,0,0
154396087,0,0,0
154406017,0,0,0
154415155,0,0,0
154425475,0,0,0
154436060,0,0,0
154446909,0,0,0
154457335,0,0,0
154467779,0,0,0
154478498,0,0,0
154488477,0,0,0
154498872,0,0,0
154509567,0,0,0
154518921,0,0,0
154528154,0,0,0
154537582,0,0,0
154547399,0,0,0
154557127,0,0,0
154566635,0,0,0
154577502,0,0,0
154587636,0,0,0
154599999,0,0,0
154610431,0,0,0
154620355,0,0,0
154629771,0,0,0
154639313,0,0,0
154651074,0,0,0
154661623,0,0,0
154672198,0,0,0
154681731,0,0,0
154691764,0,0,0
154702011,0,0,0
154712621,0,0,0
154722935,0,0,0
154733117,0,0,0
154743865,0,0,0
154754539,0,0,0
154763681,0,0,0
154775193,0,0,0
154786153,0,0,0
154797613,0,0,0
154808423,0,0,0
154818243,0,0,0
154828792,0,0,0
154840764,0,0,0
154850962,0,0,0
154861059,0,0,0
154872846,0,0,0
154883388,0,0,0
154893262,0,0,0
154903090,0,0,0
154915246,0,0,0
154925516,0,0,0
154936889,0,0,0
154947371,0,0,0
154958307,0,0,0
154967575,0,0,0
154978289,0,0,0
154989003,0,0,0
155000047,0,0,0
155011850,0,0,0
155021851,0,0,0
155032077,0,0,0
155043239,0,0,0
155053806,0,0,0
155063349,0,0,0
155073395,0,0,0
155083285,0,0,0
155093734,0,0,0
155103952,0,0,0
155113972,0,0,0
155124231,0,0,0
155135265,0,0,0
155144308,0,0,0
155154409,0,0,0
155163756,0,0,0
155173486,0,0,0
155183317,0,0,0
155194332,0,0,0
155203098,0,0,0
155215550,0,0,0
155226914,0,0,0
155236559,0,0,0
155246691,0,0,0
155256920,0,0,0
155268491,0,0,0
155279584,0,0,0
155290418,0,0,0
155300964,0,0,0
155310183,0,0,0
155320778,0,0,0
155331253,0,0,0
155341740,0,0,0
155352643,0,0,0
155362330,0,0,0
155372031,0,0,0
155382830,0,0,0
155393099,0,0,0
155403192,0,0,0
155415285,0,0,0
155425939,0,0,0
155436079,0,0,0
155446369,0,0,0
155457496,0,0,0
155467200,0,0,0
155477190,0,0,0
155487634,0,0,0
155497988,0,0,0
155508672,0,0,0
155519566,0,0,0
155529166,0,0,0
155539634,0,0,0
155549400,0,0,0
155559689,0,0,0
155569432,0,0,0
155579329,0,0,0
155589136,0,0,0
155599704,0,0,0
155609247,0,0,0
155619873,0,0,0
155630537,0,0,0
155641140,0,0,0
155651775,0,0,0
155661638,0,0,0
155671289,0,0,0
155683254,0,0,0
155693921,0,0,0
155704260,0,0,0
155714535,0,0,0
155726366,0,0,0
155736283,0,0,0
155746395,0,0,0
155756707,0,0,0
155766525,0,0,0
155776856,0,0,0
155787244,0,0,0
155796483,0,0,0
155806585,0,0,0
155817489,0,0,0
155828589,0,0,0
155839259,0,0,0
155849340,0,0,0
155859793,0,0,0
155868827,0,0,0
155879218,0,0,0
155888629,0,0,0
155898676,0,0,0
155910264,0,0,0
155920482,0,0,0
155931241,0,0,0
155941407,0,0,0
155951725,0,0,0
155963249,0,0,0
155972501,0,0,0
155983188,0,0,0
155998428,0,0,0
156008320,0,0,0
156019751,0,0,0
156030904,0,0,0
156040473,0,0,0
156050594,0,0,0
156061168,0,0,0
156071221,0,0,0
156081377,0,0,0
156092882,0,0,0
156101676,0,0,0
156112950,0,0,0
156123171,0,0,0
156132661,0,0,0
156141765,0,0,0
156152549,0,0,0
156162781,0,0,0
156174210,0,0,0
156184685,0,0,0
156196072,0,0,0
156206842,0,0,0
156216965,0,0,0
156228300,0,0,0
156238223,0,0,0
156248002,0,0,0
156258343,0,0,0
156268439,0,0,0
156280235,0,0,0
156289532,0,0,0
156300249,0,0,0
156309924,0,0,0
156319459,0,0,0
156329284,0,0,0
156339648,0,0,0
156349627,0,0,0
156360332,0,0,0
156370006,0,0,0
156380766,0,0,0
156391127,0,0,0
156405050,0,0,0
156415534,0,0,0
156426685,0,0,0
156437540,0,0,0
156447838,0,0,0
156457491,0,0,0
156468275,0,0,0
156478521,0,0,0
156489303,0,0,0
156499506,0,0,0
156511931,0,0,0
156521167,0,0,0
156533891,0,0,0
156544299,0,0,0
156554253,0,0,0
156563859,0,0,0
156575376,0,0,0
156585843,0,0,0
156595883,0,0,0
156606699,0,0,0
156617092,0,0,0
156627420,0,0,0
156639527,0,0,0
156649110,0,0,0
156659148,0,0,0
156670256,0,0,0
156680570,0,0,0
156690643,0,0,0
156700968,0,0,0
156710159,0,0,0
156720553,0,0,0
156731138,0,0,0
156741790,0,0,0
156751060,0,0,0
156762203,0,0,0
156773406,0,0,0
156783686,0,0,0
156793943,0,0,0
156804869,0,0,0
156815158,0,0,0
156825739,0,0,0
156835538,0,0,0
156846843,0,0,0
156856603,0,0,0
156866792,0,0,0
156878685,0,0,0
156889347,0,0,0
156900452,0,0,0
156910594,0,0,0
156920978,0,0,0
156930259,0,0,0
156941989,0,0,0
156950512,0,0,0
156960669,0,0,0
156970687,0,0,0
156981544,0,0,0
156990729,0,0,0
157000607,0,0,0
157012015,0,0,0
157022408,0,0,0
157032134,0,0,0
157045314,0,0,0
157054629,0,0,0
157064620,0,0,0
157074538,0,0,0
157085553,0,0,0
157096993,0,0,0
157107324,0,0,0
157117098,0,0,0
157126291,0,0,0
157135884,0,0,0
157147491,0,0,0
157157034,0,0,0
157168129,0,0,0
157178382,0,0,0
157189324,0,0,0
157200966,0,0,0
157210142,0,0,0
157220490,0,0,0
157230372,0,0,0
157239065,0,0,0
157251348,0,0,0
157262254,0,0,0
157272147,0,0,0
157283120,0,0,0
157293190,0,0,0
157303144,0,0,0
157313402,0,0,0
157323041,0,0,0
157335444,0,0,0
157345667,0,0,0
157356840,0,0,0
157367094,0,0,0
157377365,0,0,0
157387333,0,0,0
157397744,0,0,0
157408930,0,0,0
157419538,0,0,0
157430173,0,0,0
157441261,0,0,0
157450422,0,0,0
157459588,0,0,0
157471261,0,0,0
157480367,0,0,0
157491536,0,0,0
157501944,0,0,0
157513293,0,0,0
157523085,0,0,0
157533466,0,0,0
157545069,0,0,0
157554147,0,0,0
157564255,0,0,0
157574258,0,0,0
157584047,0,0,0
157594239,0,0,0
157604816,0,0,0
157616508,0,0,0
157626351,0,0,0
157635637,0,0,0
157646594,0,0,0
157657659,0,0,0
157666975,0,0,0
157676346,0,0,0
157686208,0,0,0
157695912,0,0,0
157705558,0,0,0
157715325,0,0,0
157725362,0,0,0
157734976,0,0,0
157744693,0,0,0
157755819,0,0,0
157766450,0,0,0
157776381,0,0,0
157786754,0,0,0
157796860,0,0,0
157807599,0,0,0
157818523,0,0,0
157828540,0,0,0
157839311,0,0,0
157849939,0,0,0
157860742,0,0,0
157872079,0,0,0
157881399,0,0,0
157890791,0,0,0
157901890,0,0,0
157913942,0,0,0
157924799,0,0,0
157936377,0,0,0
157947052,0,0,0
157956634,0,0,0
157968859,0,0,0
157978327,0,0,0
157988508,0,0,0
157999040,0,0,0
158009140,0,0,0
158019785,0,0,0
158029557,0,0,0
158040809,0,0,0
158051158,0,0,0
158061199,0,0,0
158072880,0,0,0
158083285,0,0,0
158093123,0,0,0
158104839,0,0,0
158116393,0,0,0
158126544,0,0,0
158136808,0,0,0
158147182,0,0,0
158157807,0,0,0
158168187,0,0,0
158178097,0,0,0
158188650,0,0,0
158198242,0,0,0
158208280,0,0,0
158218801,0,0,0
158228687,0,0,0
158239428,0,0,0
158250156,0,0,0
158260808,0,0,0
158271018,0,0,0
158281530,0,0,0
158291971,0,0,0
158303125,0,0,0
158313822,0,0,0
158323797,0,0,0
158337403,0,0,0
158347010,0,0,0
158356309,0,0,0
158365784,0,0,0
158375481,0,0,0
158385859,0,0,0
158396043,0,0,0
158406294,0,0,0
158416559,0,0,0
158427090,0,0,0
158437267,0,0,0
158448213,0,0,0
158459113,0,0,0
158471096,0,0,0
158481476,0,0,0
158491247,0,0,0
158502078,0,0,0
158511968,0,0,0
158521849,0,0,0
158532251,0,0,0
158542224,0,0,0
158552424,0,0,0
158562556,0,0,0
158573404,0,0,0
158582939,0,0,0
158592863,0,0,0
158603761,0,0,0
158613602,0,0,0
158624343,0,0,0
158634680,0,0,0
158644915,0,0,0
158655587,0,0,0
158665111,0,0,0
158674922,0,0,0
158684601,0,0,0
158695862,0,0,0
158705542,0,0,0
158715441,0,0,0
158725782,0,0,0
158737665,0,0,0
158748101,0,0,0
158758317,0,0,0
158768566,0,0,0
158779376,0,0,0
158790122,0,0,0
158799978,0,0,0
158809799,0,0,0
158820635,0,0,0
158830866,0,0,0
158840316,0,0,0
158851266,0,0,0
158862240,0,0,0
158871963,0,0,0
158881786,0,0,0
158891380,0,0,0
158902560,0,0,0
158912374,0,0,0
158921261,0,0,0
158933573,0,0,0
158943062,0,0,0
158952745,0,0,0
158962936,0,0,0
158974197,0,0,0
158984121,0,0,0
158994514,0,0,0
159004324,0,0,0
159014294,0,0,0
159024102,0,0,0
159033431,0,0,0
159043372,0,0,0
159054091,0,0,0
159063719,0,0,0
159074992,0,0,0
159085084,0,0,0
159095450,0,0,0
159105879,0,0,0
159115925,0,0,0
159127467,0,0,0
159136561,0,0,0
159146428,0,0,0
159156784,0,0,0
159166707,0,0,0
159176656,0,0,0
159186663,0,0,0
159196653,0,0,0
159207162,0,0,0
159217639,0,0,0
159227896,0,0,0
159237258,0,0,0
159246910,0,0,0
159256616,0,0,0
159266716,0,0,0
159278412,0,0,0
159288740,0,0,0
159298887,0,0,0
159309679,0,0,0
159320195,0,0,0
159329979,0,0,0
159340144,0,0,0
159350355,0,0,0
159359736,0,0,0
159370298,0,0,0
159380043,0,0,0
159391177,0,0,0
159400696,0,0,0
159410127,0,0,0
159419190,0,0,0
159430167,0,0,0
159440731,0,0,0
159451635,0,0,0
159461631,0,0,0
159473933,0,0,0
159486517,0,0,0
159498093,0,0,0
159507835,0,0,0
159518608,0,0,0
159529512,0,0,0
159539595,0,0,0
159549387,0,0,0
159559396,0,0,0
159570585,0,0,0
159580633,0,0,0
159591433,0,0,0
159601740,0,0,0
159611307,0,0,0
159620622,0,0,0
159630391,0,0,0
159639942,0,0,0
159650145,0,0,0
159660359,0,0,0
159671186,0,0,0
159685852,0,0,0
159697304,0,0,0
159706850,0,0,0
159716730,0,0,0
159726453,0,0,0
159736751,0,0,0
159746926,0,0,0
159757348,0,0,0
159767835,0,0,0
159778528,0,0,0
159788171,0,0,0
159799508,0,0,0
159808970,0,0,0
159819302,0,0,0
159829751,0,0,0
159839559,0,0,0
159849788,0,0,0
159860055,0,0,0
159869749,0,0,0
159880403,0,0,0
159891530,0,0,0
159901985,0,0,0
159912773,0,0,0
159922694,0,0,0
159932705,0,0,0
159942645,0,0,0
159952789,0,0,0
159962962,0,0,0
159972422,0,0,0
159982689,0,0,0
159993538,0,0,0
160003083,0,0,0
160011924,0,0,0
160023277,0,0,0
160034025,0,0,0
160045132,0,0,0
160055456,0,0,0
160065644,0,0,0
160075835,0,0,0
160085874,0,0,0
160096705,0,0,0
160106515,0,0,0
160116241,0,0,0
160126138,0,0,0
160136984,0,0,0
160147636,0,0,0
160157080,0,0,0
160167337,0,0,0
160176793,0,0,0
160186349,0,0,0
160196449,0,0,0
160207401,0,0,0
160222178,0,0,0
160233358,0,0,0
160244331,0,0,0
160254040,0,0,0
160264070,0,0,0
160273944,0,0,0
160285824,0,0,0
160295189,0,0,0
160305579,0,0,0
160315913,0,0,0
160326832,0,0,0
160337865,0,0,0
160347767,0,0,0
160358698,0,0,0
160369128,0,0,0
160378993,0,0,0
160389351,0,0,0
160399133,0,0,0
160409880,0,0,0
160420509,0,0,0
160430876,0,0,0
160441663,0,0,0
160451654,0,0,0
160460573,0,0,0
160470093,0,0,0
160480134,0,0,0
160490366,0,0,0
160500397,0,0,0
160510446,0,0,0
160521359,0,0,0
160532015,0,0,0
160541533,0,0,0
160551765,0,0,0
160561361,0,0,0
160571333,0,0,0
160582106,0,0,0
160591141,0,0,0
160601361,0,0,0
160612854,0,0,0
160623191,0,0,0
160633757,0,0,0
160644103,0,0,0
160654297,0,0,0
160664188,0,0,0
160674309,0,0,0
160684289,0,0,0
160693973,0,0,0
160703384,0,0,0
160713694,0,0,0
160722401,0,0,0
160731517,0,0,0
160741779,0,0,0
160752275,0,0,0
160762574,0,0,0
160772470,0,0,0
160782230,0,0,0
160791914,0,0,0
160802785,0,0,0
160813029,0,0,0
160822831,0,0,0
160832863,0,0,0
160843929,0,0,0
160853420,0,0,0
160863566,0,0,0
160873425,0,0,0
160884098,0,0,0
160893622,0,0,0
160905272,0,0,0
160917365,0,0,0
160928269,0,0,0
160937451,0,0,0
160948620,0,0,0
160959180,0,0,0
160970220,0,0,0
160979541,0,0,0
160990078,0,0,0
160999734,0,0,0
161009545,0,0,0
161021131,0,0,0
161031078,0,0,0
161040854,0,0,0
161050624,0,0,0
161060863,0,0,0
161071435,0,0,0
161081481,0,0,0
161091817,0,0,0
161101935,0,0,0
161112568,0,0,0
161123383,0,0,0
161133382,0,0,0
161143056,0,0,0
161153300,0,0,0
161163152,0,0,0
161173429,0,0,0
161183556,0,0,0
161193565,0,0,0
161203936,0,0,0
161214184,0,0,0
161224748,0,0,0
161234931,0,0,0
161244755,0,0,0
161256225,0,0,0
161265914,0,0,0
161276309,0,0,0
161286765,0,0,0
161296804,0,0,0
161306812,0,0,0
161318721,0,0,0
161328355,0,0,0
161339181,0,0,0
161349527,0,0,0
161359437,0,0,0
161369444,0,0,0
161379688,0,0,0
161390416,0,0,0
161401391,0,0,0
161412236,0,0,0
161422271,0,0,0
161434881,0,0,0
161445620,0,0,0
161455380,0,0,0
161465872,0,0,0
161476128,0,0,0
161486149,0,0,0
161496297,0,0,0
161506715,0,0,0
161517007,0,0,0
161528760,0,0,0
161538227,0,0,0
161548573,0,0,0
161559029,0,0,0
161569156,0,0,0
161581241,0,0,0
161590112,0,0,0
161599984,0,0,0
161610366,0,0,0
161620266,0,0,0
161630079,0,0,0
161640226,0,0,0
161650950,0,0,0
161660836,0,0,0
161673739,0,0,0
161684826,0,0,0
161694445,0,0,0
161704587,0,0,0
161714720,0,0,0
161725442,0,0,0
161736478,0,0,0
161747474,0,0,0
161757311,0,0,0
161768160,0,0,0
161779701,0,0,0
161789814,0,0,0
161800182,0,0,0
161810362,0,0,0
161821076,0,0,0
161832609,0,0,0
161843310,0,0,0
161852740,0,0,0
161862541,0,0,0
161872057,0,0,0
161881653,0,0,0
161892451,0,0,0
161901992,0,0,0
161911649,0,0,0
161923252,0,0,0
161933887,0,0,0
161943375,0,0,0
161954434,0,0,0
161964360,0,0,0
161975018,0,0,0
161984602,0,0,0
161995778,0,0,0
162005873,0,0,0
162016846,0,0,0
162027258,0,0,0
162037239,0,0,0
162047896,0,0,0
162057843,0,0,0
162066702,0,0,0
162076401,0,0,0
162087692,0,0,0
162097873,0,0,0
162108373,0,0,0
162118230,0,0,0
162129003,0,0,0
162138143,0,0,0
162148474,0,0,0
162160015,0,0,0
162170315,0,0,0
162180477,0,0,0
162190820,0,0,0
162201802,0,0,0
162212273,0,0,0
162222241,0,0,0
162233681,0,0,0
162243169,0,0,0
162254215,0,0,0
162264618,0,0,0
162275288,0,0,0
162285367,0,0,0
162295388,0,0,0
162305912,0,0,0
162316921,0,0,0
162328141,0,0,0
162339535,0,0,0
162354270,0,0,0
162364628,0,0,0
162374156,0,0,0
162385603,0,0,0
162395355,0,0,0
162406792,0,0,0
162417259,0,0,0
162427031,0,0,0
162437832,0,0,0
162448418,0,0,0
162459151,0,0,0
162469603,0,0,0
162480225,0,0,0
162491251,0,0,0
162502494,0,0,0
162512617,0,0,0
162523252,0,0,0
162533118,0,0,0
162543525,0,0,0
162553754,0,0,0
162563824,0,0,0
162575798,0,0,0
162584983,0,0,0
162594850,0,0,0
162606593,0,0,0
162616345,0,0,0
162629522,0,0,0
162640238,0,0,0
162649916,0,0,0
162661903,0,0,0
162671849,0,0,0
162682739,0,0,0
162692432,0,0,0
162702300,0,0,0
162716965,0,0,0
162726263,0,0,0
162736672,0,0,0
162746618,0,0,0
162756128,0,0,0
162767016,0,0,0
162776409,0,0,0
162786433,0,0,0
162796833,0,0,0
162807458,0,0,0
162817362,0,0,0
162827725,0,0,0
162837513,0,0,0
162847760,0,0,0
162857891,0,0,0
162867822,0,0,0
162878216,0,0,0
162888372,0,0,0
162897885,0,0,0
162907644,0,0,0
162918492,0,0,0
162928533,0,0,0
162937895,0,0,0
162947090,0,0,0
162956599,0,0,0
162965870,0,0,0
162975087,0,0,0
162985023,0,0,0
162994486,0,0,0
163004154,0,0,0
163014076,0,0,0
163025601,0,0,0
163034611,0,0,0
163044643,0,0,0
163054864,0,0,0
163065540,0,0,0
163075315,0,0,0
163086375,0,0,0
163096430,0,0,0
163107030,0,0,0
163116929,0,0,0
163126411,0,0,0
163135647,0,0,0
163147231,0,0,0
163157567,0,0,0
163168279,0,0,0
163182278,0,0,0
163194815,0,0,0
163204556,0,0,0
163215015,0,0,0
163225380,0,0,0
163235576,0,0,0
163247378,0,0,0
163257452,0,0,0
163268409,0,0,0
163278630,0,0,0
163289578,0,0,0
163299765,0,0,0
163309742,0,0,0
163320877,0,0,0
163332204,0,0,0
163341804,0,0,0
163353235,0,0,0
163363358,0,0,0
163374063,0,0,0
163384271,0,0,0
163395207,0,0,0
163405513,0,0,0
163415394,0,0,0
163425816,0,0,0
163435761,0,0,0
163445925,0,0,0
163456707,0,0,0
163466743,0,0,0
163477373,0,0,0
163487336,0,0,0
163497588,0,0,0
163508627,0,0,0
163518530,0,0,0
163528198,0,0,0
163539224,0,0,0
163550766,0,0,0
163560949,0,0,0
163571667,0,0,0
163582739,0,0,0
163592518,0,0,0
163602685,0,0,0
163612492,0,0,0
163623056,0,0,0
163633116,0,0,0
163643474,0,0,0
163652905,0,0,0
163663375,0,0,0
163673461,0,0,0
163684586,0,0,0
163694869,0,0,0
163706277,0,0,0
163716565,0,0,0
163727657,0,0,0
163737497,0,0,0
163748196,0,0,0
163759831,0,0,0
163770172,0,0,0
163781111,0,0,0
163790903,0,0,0
163801010,0,0,0
163811733,0,0,0
163822771,0,0,0
163831352,0,0,0
163842137,0,0,0
163851831,0,0,0
163861933,0,0,0
163870711,0,0,0
163882035,0,0,0
163891899,0,0,0
163902119,0,0,0
163912302,0,0,0
163922283,0,0,0
163931979,0,0,0
163943193,0,0,0
163952957,0,0,0
163962354,0,0,0
163972339,0,0,0
163982678,0,0,0
163992724,0,0,0
164003384,0,0,0
164013293,0,0,0
164024732,0,0,0
164034761,0,0,0
164045194,0,0,0
164055002,0,0,0
164065658,0,0,0
164075188,0,0,0
164084301,0,0,0
164095286,0,0,0
164105331,0,0,0
164116216,0,0,0
164125625,0,0,0
164136418,0,0,0
164146355,0,0,0
164155926,0,0,0
164168238,0,0,0
164179047,0,0,0
164188551,0,0,0
164197927,0,0,0
164207369,0,0,0
164217337,0,0,0
164227893,0,0,0
164237777,0,0,0
164248094,0,0,0
164258018,0,0,0
164268521,0,0,0
164278645,0,0,0
164288466,0,0,0
164298507,0,0,0
164309703,0,0,0
164320043,0,0,0
164330173,0,0,0
164340909,0,0,0
164351425,0,0,0
164361819,0,0,0
164370921,0,0,0
164379496,0,0,0
164391215,0,0,0
164402005,0,0,0
164414485,0,0,0
164425118,0,0,0
164435913,0,0,0
164445749,0,0,0
164455376,0,0,0
164465488,0,0,0
164476427,0,0,0
164486449,0,0,0
164496226,0,0,0
164505685,0,0,0
164514826,0,0,0
164524697,0,0,0
164535708,0,0,0
164546133,0,0,0
164556985,0,0,0
164567145,0,0,0
164578850,0,0,0
164589337,0,0,0
164600085,0,0,0
164609539,0,0,0
164619123,0,0,0
164630607,0,0,0
164640229,0,0,0
164651201,0,0,0
164662275,0,0,0
164672788,0,0,0
164683020,0,0,0
164693972,0,0,0
164704671,0,0,0
164714439,0,0,0
164724905,0,0,0
164735334,0,0,0
164744593,0,0,0
164755838,0,0,0
164766576,0,0,0
164777866,0,0,0
164788297,0,0,0
164798395,0,0,0
164808681,0,0,0
164819125,0,0,0
164830325,0,0,0
164840915,0,0,0
164851051,0,0,0
164861275,0,0,0
164871319,0,0,0
164881137,0,0,0
164890706,0,0,0
164900884,0,0,0
164910520,0,0,0
164921471,0,0,0
164931987,0,0,0
164941552,0,0,0
164951930,0,0,0
164962558,0,0,0
164973423,0,0,0
164984299,0,0,0
164994927,0,0,0
165004700,0,0,0
165015707,0,0,0
165026207,0,0,0
165036795,0,0,0
165048778,0,0,0
165058363,0,0,0
165068138,0,0,0
165079096,0,0,0
165089571,0,0,0
165099316,0,0,0
165109312,0,0,0
165120044,0,0,0
165130614,0,0,0
165140635,0,0,0
165150730,0,0,0
165160913,0,0,0
165170853,0,0,0
165181231,0,0,0
165192578,0,0,0
165203427,0,0,0
165213288,0,0,0
165222585,0,0,0
165234101,0,0,0
165244689,0,0,0
165256203,0,0,0
165267150,0,0,0
165277454,0,0,0
165288311,0,0,0
165298480,0,0,0
165309394,0,0,0
165320225,0,0,0
165334030,0,0,0
165342534,0,0,0
165352794,0,0,0
165363728,0,0,0
165375422,0,0,0
165386183,0,0,0
165396245,0,0,0
165405705,0,0,0
165415723,0,0,0
165425406,0,0,0
165435149,0,0,0
165445079,0,0,0
165455475,0,0,0
165465886,0,0,0
165476796,0,0,0
165487839,0,0,0
165498640,0,0,0
165508404,0,0,0
165518930,0,0,0
165528893,0,0,0
165539027,0,0,0
165549356,0,0,0
165559779,0,0,0
165570927,0,0,0
165580496,0,0,0
165591928,0,0,0
165601861,0,0,0
165612286,0,0,0
165621775,0,0,0
165631660,0,0,0
165641817,0,0,0
165651810,0,0,0
165662783,0,0,0
165671819,0,0,0
165682826,0,0,0
165692536,0,0,0
165702371,0,0,0
165712956,0,0,0
165723370,0,0,0
165733282,0,0,0
165744445,0,0,0
165753681,0,0,0
165764040,0,0,0
165773196,0,0,0
165783461,0,0,0
165795440,0,0,0
165805491,0,0,0
165817211,0,0,0
165827767,0,0,0
165838207,0,0,0
165847513,0,0,0
165857124,0,0,0
165866640,0,0,0
165876203,0,0,0
165885705,0,0,0
165896888,0,0,0
165906849,0,0,0
165917054,0,0,0
165927473,0,0,0
165939377,0,0,0
165949620,0,0,0
165959780,0,0,0
165970766,0,0,0
165980897,0,0,0
165991164,0,0,0
166001347,0,0,0
166011425,0,0,0
166020688,0,0,0
166031023,0,0,0
166041240,0,0,0
166054163,0,0,0
166064166,0,0,0
166076548,0,0,0
166087779,0,0,0
166097426,0,0,0
166107654,0,0,0
166117480,0,0,0
166127268,0,0,0
166137581,0,0,0
166147787,0,0,0
166157943,0,0,0
166168166,0,0,0
166178084,0,0,0
166187795,0,0,0
166198914,0,0,0
166209782,0,0,0
166219862,0,0,0
166230144,0,0,0
166239717,0,0,0
166250767,0,0,0
166260947,0,0,0
166272716,0,0,0
166282110,0,0,0
166291833,0,0,0
166302313,0,0,0
166312196,0,0,0
166322246,0,0,0
166332341,0,0,0
166342077,0,0,0
166352485,0,0,0
166363032,0,0,0
166373029,0,0,0
166382954,0,0,0
166393663,0,0,0
166404855,0,0,0
166415147,0,0,0
166424865,0,0,0
166434783,0,0,0
166445631,0,0,0
166456582,0,0,0
166467080,0,0,0
166477823,0,0,0
166488336,0,0,0
166498221,0,0,0
166508145,0,0,0
166518625,0,0,0
166528384,0,0,0
166541701,0,0,0
166552699,0,0,0
166563096,0,0,0
166573341,0,0,0
166583508,0,0,0
166593759,0,0,0
166604092,0,0,0
166614038,0,0,0
166622972,0,0,0
166633776,0,0,0
166643993,0,0,0
166654267,0,0,0
166665016,0,0,0
166674133,0,0,0
166684713,0,0,0
166695940,0,0,0
166706288,0,0,0
166717116,0,0,0
166726774,0,0,0
166736137,0,0,0
166745347,0,0,0
166755157,0,0,0
166764917,0,0,0
166774630,0,0,0
166784890,0,0,0
166794851,0,0,0
166805056,0,0,0
166815013,0,0,0
166824457,0,0,0
166834768,0,0,0
166844753,0,0,0
166854966,0,0,0
166866012,0,0,0
166877218,0,0,0
166886646,0,0,0
166897368,0,0,0
166906630,0,0,0
166919815,0,0,0
166929207,0,0,0
166938597,0,0,0
166948384,0,0,0
166958721,0,0,0
166968688,0,0,0
166979124,0,0,0
166989572,0,0,0
166999287,0,0,0
167009319,0,0,0
167021982,0,0,0
167032537,0,0,0
167042700,0,0,0
167053414,0,0,0
167066924,0,0,0
167077467,0,0,0
167087800,0,0,0
167098250,0,0,0
167108780,0,0,0
167119286,0,0,0
167130576,0,0,0
167140606,0,0,0
167150568,0,0,0
167160520,0,0,0
167170203,0,0,0
167180299,0,0,0
167190545,0,0,0
167200887,0,0,0
167210674,0,0,0
167220337,0,0,0
167230488,0,0,0
167240608,0,0,0
167250487,0,0,0
167261107,0,0,0
167271558,0,0,0
167281073,0,0,0
167290562,0,0,0
167302594,0,0,0
167311892,0,0,0
167322509,0,0,0
167332404,0,0,0
167342840,0,0,0
167354211,0,0,0
167364462,0,0,0
167374428,0,0,0
167384968,0,0,0
167396176,0,0,0
167406625,0,0,0
167416366,0,0,0
167426252,0,0,0
167437543,0,0,0
167447284,0,0,0
167457377,0,0,0
167468888,0,0,0
167478795,0,0,0
167489349,0,0,0
167499414,0,0,0
167509828,0,0,0
167519409,0,0,0
167529416,0,0,0
167540431,0,0,0
167551099,0,0,0
167561593,0,0,0
167573174,0,0,0
167583542,0,0,0
167595140,0,0,0
167606338,0,0,0
167615749,0,0,0
167626268,0,0,0
167637069,0,0,0
167647369,0,0,0
167657764,0,0,0
167667307,0,0,0
167678290,0,0,0
167689332,0,0,0
167697915,0,0,0
167708357,0,0,0
167718190,0,0,0
167729437,0,0,0
167740176,0,0,0
167749830,0,0,0
167760021,0,0,0
167770173,0,0,0
167787364,0,0,0
167800021,0,0,0
167810357,0,0,0
167820504,0,0,0
167833449,0,0,0
167843470,0,0,0
167853681,0,0,0
167863057,0,0,0
167873218,0,0,0
167883720,0,0,0
167895671,0,0,0
167905962,0,0,0
167916287,0,0,0
167927481,0,0,0
167936776,0,0,0
167947396,0,0,0
167957032,0,0,0
167968362,0,0,0
167978167,0,0,0
167988449,0,0,0
167998236,0,0,0
168009011,0,0,0
168019668,0,0,0
168029074,0,0,0
168041211,0,0,0
168050908,0,0,0
168060376,0,0,0
168072556,0,0,0
168082106,0,0,0
168091981,0,0,0
168102522,0,0,0
168112535,0,0,0
168122582,0,0,0
168134347,0,0,0
168144437,0,0,0
168155218,0,0,0
168164363,0,0,0
168175159,0,0,0
168184872,0,0,0
168195787,0,0,0
168206624,0,0,0
168216699,0,0,0
168226000,0,0,0
168235391,0,0,0
168244245,0,0,0
168256069,0,0,0
168265950,0,0,0
168275909,0,0,0
168285550,0,0,0
168296019,0,0,0
168307407,0,0,0
168318029,0,0,0
168328197,0,0,0
168338395,0,0,0
168348664,0,0,0
168358727,0,0,0
168368727,0,0,0
168379595,0,0,0
168388996,0,0,0
168399466,0,0,0
168410535,0,0,0
168420502,0,0,0
168430964,0,0,0
168440226,0,0,0
168451063,0,0,0
168461329,0,0,0
168471317,0,0,0
168482725,0,0,0
168492202,0,0,0
168503436,0,0,0
168512370,0,0,0
168522638,0,0,0
168534033,0,0,0
168544611,0,0,0
168554393,0,0,0
168564850,0,0,0
168575195,0,0,0
168585449,0,0,0
168595677,0,0,0
168605948,0,0,0
168615804,0,0,0
168625892,0,0,0
168637141,0,0,0
168647354,0,0,0
168658114,0,0,0
168667955,0,0,0
168678696,0,0,0
168689169,0,0,0
168699196,0,0,0
168709042,0,0,0
168720167,0,0,0
168729325,0,0,0
168739143,0,0,0
168751418,0,0,0
168761040,0,0,0
168773410,0,0,0
168783020,0,0,0
168793057,0,0,0
168803715,0,0,0
168813824,0,0,0
168823486,0,0,0
168834154,0,0,0
168844221,0,0,0
168854948,0,0,0
168865381,0,0,0
168876195,0,0,0
168886093,0,0,0
168896618,0,0,0
168907153,0,0,0
168917066,0,0,0
168928491,0,0,0
168938572,0,0,0
168948139,0,0,0
168958056,0,0,0
168967782,0,0,0
168979606,0,0,0
168990641,0,0,0
169001782,0,0,0
169011623,0,0,0
169021899,0,0,0
169031611,0,0,0
169041594,0,0,0
169052887,0,0,0
169063987,0,0,0
169073870,0,0,0
169084515,0,0,0
169094660,0,0,0
169106023,0,0,0
169115013,0,0,0
169124585,0,0,0
169134507,0,0,0
169145194,0,0,0
169155551,0,0,0
169167711,0,0,0
169177451,0,0,0
169187694,0,0,0
169198407,0,0,0
169208684,0,0,0
169218968,0,0,0
169229018,0,0,0
169239973,0,0,0
169250026,0,0,0
169259926,0,0,0
169270858,0,0,0
169281308,0,0,0
169291234,0,0,0
169301464,0,0,0
169313049,0,0,0
169323906,0,0,0
169334168,0,0,0
169344664,0,0,0
169355516,0,0,0
169365910,0,0,0
169376425,0,0,0
169388453,0,0,0
169398320,0,0,0
169408705,0,0,0
169419842,0,0,0
169430256,0,0,0
169441521,0,0,0
169451667,0,0,0
169461699,0,0,0
169472146,0,0,0
169483077,0,0,0
169492726,0,0,0
169502415,0,0,0
169512948,0,0,0
169523060,0,0,0
169533002,0,0,0
169542781,0,0,0
169552274,0,0,0
169563704,0,0,0
169573092,0,0,0
169583792,0,0,0
169593181,0,0,0
169604292,0,0,0
169614169,0,0,0
169624514,0,0,0
169635216,0,0,0
169645961,0,0,0
169656286,0,0,0
169665912,0,0,0
169677653,0,0,0
169687013,0,0,0
169697282,0,0,0
169707610,0,0,0
169717561,0,0,0
169727136,0,0,0
169737387,0,0,0
169748814,0,0,0
169759508,0,0,0
169770960,0,0,0
169781145,0,0,0
169791178,0,0,0
169800787,0,0,0
169810928,0,0,0
169821150,0,0,0
169831419,0,0,0
169842637,0,0,0
169852420,0,0,0
169863173,0,0,0
169873884,0,0,0
169883847,0,0,0
169893562,0,0,0
169903440,0,0,0
169914078,0,0,0
169924698,0,0,0
169936174,0,0,0
169946339,0,0,0
169956716,0,0,0
169967610,0,0,0
169977607,0,0,0
169988646,0,0,0
169998893,0,0,0
170008668,0,0,0
170018775,0,0,0
170030362,0,0,0
170040788,0,0,0
170050472,0,0,0
170059798,0,0,0
170074636,0,0,0
170084632,0,0,0
170095006,0,0,0
170105066,0,0,0
170115414,0,0,0
170124808,0,0,0
170135388,0,0,0
170144906,0,0,0
170153832,0,0,0
170164857,0,0,0
170174945,0,0,0
170185046,0,0,0
170195534,0,0,0
170206517,0,0,0
170215589,0,0,0
170225879,0,0,0
170235723,0,0,0
170245778,0,0,0
170255225,0,0,0
170265352,0,0,0
170276131,0,0,0
170286643,0,0,0
170296902,0,0,0
170307215,0,0,0
170317592,0,0,0
170327510,0,0,0
170339224,0,0,0
170350425,0,0,0
170361107,0,0,0
170371882,0,0,0
170382929,0,0,0
170392640,0,0,0
170403028,0,0,0
170413305,0,0,0
170422752,0,0,0
170432992,0,0,0
170442289,0,0,0
170453472,0,0,0
170463192,0,0,0
170473365,0,0,0
170484133,0,0,0
170494020,0,0,0
170504632,0,0,0
170515888,0,0,0
170525770,0,0,0
170535125,0,0,0
170545077,0,0,0
170555219,0,0,0
170565891,0,0,0
170575440,0,0,0
170585230,0,0,0
170596146,0,0,0
170606714,0,0,0
170617057,0,0,0
170627398,0,0,0
170636810,0,0,0
170647358,0,0,0
170657250,0,0,0
170667694,0,0,0
170677682,0,0,0
170688788,0,0,0
170698663,0,0,0
170708218,0,0,0
170718555,0,0,0
170728588,0,0,0
170739430,0,0,0
170750162,0,0,0
170760573,0,0,0
170771735,0,0,0
170781575,0,0,0
170791265,0,0,0
170801108,0,0,0
170811786,0,0,0
170822498,0,0,0
170833408,0,0,0
170842588,0,0,0
170852690,0,0,0
170862889,0,0,0
170873117,0,0,0
170884065,0,0,0
170894761,0,0,0
170903676,0,0,0
170913474,0,0,0
170923730,0,0,0
170933982,0,0,0
170943631,0,0,0
170953211,0,0,0
170963518,0,0,0
170974004,0,0,0
170983790,0,0,0
170996100,0,0,0
171006908,0,0,0
171017971,0,0,0
171028806,0,0,0
171038708,0,0,0
171048694,0,0,0
171058962,0,0,0
171069598,0,0,0
171080113,0,0,0
171091660,0,0,0
171101515,0,0,0
171111873,0,0,0
171122133,0,0,0
171133585,0,0,0
171143927,0,0,0
171155289,0,0,0
171165519,0,0,0
171175429,0,0,0
171184475,0,0,0
171195820,0,0,0
171205565,0,0,0
171216119,0,0,0
171226096,0,0,0
171235824,0,0,0
171246485,0,0,0
171256396,0,0,0
171265701,0,0,0
171275506,0,0,0
171285443,0,0,0
171295383,0,0,0
171306054,0,0,0
171316172,0,0,0
171325890,0,0,0
171336405,0,0,0
171346019,0,0,0
171356090,0,0,0
171368039,0,0,0
171378002,0,0,0
171388643,0,0,0
171400061,0,0,0
171409870,0,0,0
171421231,0,0,0
171430933,0,0,0
171441775,0,0,0
171451740,0,0,0
171462113,0,0,0
171473480,0,0,0
171484270,0,0,0
171494907,0,0,0
171505246,0,0,0
171515223,0,0,0
171525547,0,0,0
171535331,0,0,0
171545299,0,0,0
171556353,0,0,0
171566289,0,0,0
171576704,0,0,0
171587231,0,0,0
171598075,0,0,0
171608396,0,0,0
171618071,0,0,0
171628274,0,0,0
171638295,0,0,0
171649107,0,0,0
171658135,0,0,0
171667857,0,0,0
171682404,0,0,0
171693832,0,0,0
171705217,0,0,0
171714523,0,0,0
171723665,0,0,0
171733787,0,0,0
171746203,0,0,0
171756444,0,0,0
171766129,0,0,0
171775059,0,0,0
171784688,0,0,0
171794451,0,0,0
171806032,0,0,0
171816391,0,0,0
171826168,0,0,0
171835936,0,0,0
171845836,0,0,0
171855668,0,0,0
171865554,0,0,0
171876390,0,0,0
171886654,0,0,0
171897323,0,0,0
171907897,0,0,0
171918183,0,0,0
171929359,0,0,0
171940398,0,0,0
171950283,0,0,0
171960164,0,0,0
171971780,0,0,0
171981478,0,0,0
171991419,0,0,0
172002088,0,0,0
172013351,0,0,0
172022922,0,0,0
172032951,0,0,0
172042582,0,0,0
172052780,0,0,0
172062378,0,0,0
172073232,0,0,0
172083825,0,0,0
172094396,0,0,0
172104802,0,0,0
172116631,0,0,0
172126481,0,0,0
172136207,0,0,0
172146083,0,0,0
172156377,0,0,0
172166561,0,0,0
172177453,0,0,0
172187543,0,0,0
172198523,0,0,0
172209517,0,0,0
172221117,0,0,0
172230203,0,0,0
172240750,0,0,0
172251201,0,0,0
172261381,0,0,0
172271107,0,0,0
172281677,0,0,0
172292287,0,0,0
172302318,0,0,0
172314079,0,0,0
172325787,0,0,0
172336638,0,0,0
172348159,0,0,0
172359534,0,0,0
172370020,0,0,0
172380297,0,0,0
172390595,0,0,0
172400016,0,0,0
172410425,0,0,0
172420270,0,0,0
172430873,0,0,0
172441324,0,0,0
172450715,0,0,0
172460972,0,0,0
172473346,0,0,0
172483995,0,0,0
172493847,0,0,0
172503471,0,0,0
172513189,0,0,0
172523306,0,0,0
172533108,0,0,0
172543257,0,0,0
172554855,0,0,0
172563869,0,0,0
172574598,0,0,0
172584507,0,0,0
172594357,0,0,0
172605131,0,0,0
172615352,0,0,0
172626011,0,0,0
172636653,0,0,0
172646476,0,0,0
172658431,0,0,0
172668963,0,0,0
172679227,0,0,0
172688957,0,0,0
172699868,0,0,0
172710734,0,0,0
172721299,0,0,0
172731317,0,0,0
172740976,0,0,0
172750608,0,0,0
172761902,0,0,0
172772353,0,0,0
172782372,0,0,0
172792710,0,0,0
172803053,0,0,0
172812645,0,0,0
172823228,0,0,0
172833860,0,0,0
172844251,0,0,0
172855142,0,0,0
172865022,0,0,0
172875022,0,0,0
172884520,0,0,0
172894277,0,0,0
172904366,0,0,0
172914368,0,0,0
172925629,0,0,0
172935547,0,0,0
172945296,0,0,0
172955816,0,0,0
172967605,0,0,0
172976972,0,0,0
172987098,0,0,0
172997455,0,0,0
173008418,0,0,0
173019520,0,0,0
173030104,0,0,0
173039822,0,0,0
173050680,0,0,0
173061053,0,0,0
173071977,0,0,0
173082120,0,0,0
173091899,0,0,0
173101980,0,0,0
173112122,0,0,0
173121672,0,0,0
173131484,0,0,0
173142079,0,0,0
173152106,0,0,0
173162245,0,0,0
173171759,0,0,0
173183489,0,0,0
173193349,0,0,0
173203115,0,0,0
173213069,0,0,0
173223342,0,0,0
173232854,0,0,0
173244691,0,0,0
173254354,0,0,0
173264587,0,0,0
173275313,0,0,0
173286310,0,0,0
173296215,0,0,0
173306672,0,0,0
173316738,0,0,0
173326097,0,0,0
173336786,0,0,0
173347541,0,0,0
173356970,0,0,0
173368179,0,0,0
173378459,0,0,0
173388016,0,0,0
173397437,0,0,0
173407474,0,0,0
173418134,0,0,0
173427540,0,0,0
173437465,0,0,0
173448415,0,0,0
173458074,0,0,0
173468270,0,0,0
173479699,0,0,0
173490240,0,0,0
173500114,0,0,0
173510210,0,0,0
173519752,0,0,0
173530381,0,0,0
173540368,0,0,0
173551436,0,0,0
173560589,0,0,0
173570410,0,0,0
173580619,0,0,0
173590600,0,0,0
173599973,0,0,0
173609588,0,0,0
173619949,0,0,0
173630565,0,0,0
173640792,0,0,0
173650853,0,0,0
173660348,0,0,0
173670102,0,0,0
173680743,0,0,0
173690284,0,0,0
173699813,0,0,0
173709656,0,0,0
173719717,0,0,0
173728943,0,0,0
173738244,0,0,0
173748392,0,0,0
173759936,0,0,0
173769210,0,0,0
173779640,0,0,0
173790584,0,0,0
173800904,0,0,0
173811370,0,0,0
173821348,0,0,0
173831524,0,0,0
173841234,0,0,0
173850902,0,0,0
173860898,0,0,0
173871190,0,0,0
173881375,0,0,0
173891770,0,0,0
173901291,0,0,0
173909914,0,0,0
173919791,0,0,0
173929975,0,0,0
173939647,0,0,0
173949115,0,0,0
173959218,0,0,0
173968969,0,0,0
173979331,0,0,0
173990040,0,0,0
174000052,0,0,0
174010197,0,0,0
174020608,0,0,0
174032135,0,0,0
174042060,0,0,0
174051400,0,0,0
174061177,0,0,0
174071426,0,0,0
174082198,0,0,0
174093120,0,0,0
174105094,0,0,0
174115087,0,0,0
174125796,0,0,0
174135381,0,0,0
174145718,0,0,0
174155854,0,0,0
174166718,0,0,0
174176370,0,0,0
174186427,0,0,0
174196656,0,0,0
174206435,0,0,0
174216083,0,0,0
174225480,0,0,0
174234936,0,0,0
174245840,0,0,0
174257957,0,0,0
174268174,0,0,0
174277639,0,0,0
174287467,0,0,0
174298161,0,0,0
174307949,0,0,0
174318005,0,0,0
174327502,0,0,0
174337436,0,0,0
174347682,0,0,0
174357331,0,0,0
174367250,0,0,0
174376919,0,0,0
174387137,0,0,0
174397155,0,0,0
174407340,0,0,0
174417349,0,0,0
174427161,0,0,0
174437868,0,0,0
174447931,0,0,0
174458224,0,0,0
174468868,0,0,0
174478900,0,0,0
174489417,0,0,0
174499463,0,0,0
174509426,0,0,0
174519211,0,0,0
174528932,0,0,0
174539578,0,0,0
174550611,0,0,0
174560526,0,0,0
174570379,0,0,0
174580551,0,0,0
174592232,0,0,0
174602066,0,0,0
174611008,0,0,0
174619553,0,0,0
174631653,0,0,0
174643270,0,0,0
174653295,0,0,0
174663528,0,0,0
174674441,0,0,0
174684888,0,0,0
174695360,0,0,0
174706850,0,0,0
174715986,0,0,0
174729851,0,0,0
174740007,0,0,0
174749487,0,0,0
174759974,0,0,0
174770917,0,0,0
174780177,0,0,0
174790155,0,0,0
174801017,0,0,0
174810721,0,0,0
174820187,0,0,0
174831322,0,0,0
174841619,0,0,0
174851782,0,0,0
174863126,0,0,0
174872567,0,0,0
174883030,0,0,0
174893276,0,0,0
174903269,0,0,0
174913191,0,0,0
174922658,0,0,0
174932989,0,0,0
174943348,0,0,0
174952283,0,0,0
174962980,0,0,0
174972587,0,0,0
174982510,0,0,0
174993170,0,0,0
175002903,0,0,0
175013199,0,0,0
175023911,0,0,0
175034188,0,0,0
175045377,0,0,0
175055549,0,0,0
175066013,0,0,0
175075450,0,0,0
175085312,0,0,0
175096508,0,0,0
175106715,0,0,0
175116334,0,0,0
175127532,0,0,0
175136942,0,0,0
175146860,0,0,0
175161705,0,0,0
175174505,0,0,0
175184947,0,0,0
175194287,0,0,0
175204593,0,0,0
175214947,0,0,0
175225252,0,0,0
175236280,0,0,0
175246259,0,0,0
175256998,0,0,0
175267497,0,0,0
175277603,0,0,0
175287402,0,0,0
175298034,0,0,0
175308558,0,0,0
175318379,0,0,0
175329988,0,0,0
175340993,0,0,0
175351688,0,0,0
175362338,0,0,0
175372896,0,0,0
175384542,0,0,0
175393276,0,0,0
175403853,0,0,0
175413877,0,0,0
175425303,0,0,0
175436470,0,0,0
175447409,0,0,0
175457512,0,0,0
175472399,0,0,0
175483793,0,0,0
175493263,0,0,0
175503051,0,0,0
175513891,0,0,0
175524727,0,0,0
175535886,0,0,0
175545668,0,0,0
175555616,0,0,0
175566166,0,0,0
175578069,0,0,0
175588322,0,0,0
175598391,0,0,0
175608780,0,0,0
175619858,0,0,0
175630086,0,0,0
175639681,0,0,0
175652299,0,0,0
175661190,0,0,0
175671884,0,0,0
175683102,0,0,0
175694539,0,0,0
175705497,0,0,0
175714708,0,0,0
175724417,0,0,0
175734646,0,0,0
175745175,0,0,0
175755182,0,0,0
175764846,0,0,0
175775557,0,0,0
175786007,0,0,0
175796131,0,0,0
175805302,0,0,0
175815551,0,0,0
175825662,0,0,0
175835548,0,0,0
175845458,0,0,0
175856401,0,0,0
175865801,0,0,0
175875766,0,0,0
175886836,0,0,0
175897092,0,0,0
175906976,0,0,0
175916983,0,0,0
175927239,0,0,0
175937018,0,0,0
175947302,0,0,0
175957805,0,0,0
175968375,0,0,0
175977443,0,0,0
175986920,0,0,0
175997710,0,0,0
176007590,0,0,0
176017724,0,0,0
176027346,0,0,0
176038179,0,0,0
176048111,0,0,0
176058125,0,0,0
176068605,0,0,0
176079993,0,0,0
176091240,0,0,0
176101954,0,0,0
176112153,0,0,0
176122565,0,0,0
176133670,0,0,0
176143804,0,0,0
176152748,0,0,0
176163767,0,0,0
176175294,0,0,0
176184929,0,0,0
176194968,0,0,0
176206133,0,0,0
176216380,0,0,0
176225786,0,0,0
176235426,0,0,0
176245943,0,0,0
176256825,0,0,0
176266998,0,0,0
176277704,0,0,0
176289962,0,0,0
176299932,0,0,0
176310945,0,0,0
176320821,0,0,0
176332085,0,0,0
176342664,0,0,0
176353027,0,0,0
176362990,0,0,0
176373297,0,0,0
176383443,0,0,0
176392836,0,0,0
176402409,0,0,0
176413007,0,0,0
176424367,0,0,0
176434446,0,0,0
176445013,0,0,0
176456973,0,0,0
176467495,0,0,0
176477159,0,0,0
176488579,0,0,0
176498197,0,0,0
176508899,0,0,0
176518416,0,0,0
176529113,0,0,0
176540224,0,0,0
176550400,0,0,0
176560615,0,0,0
176570738,0,0,0
176581228,0,0,0
176595402,0,0,0
176605886,0,0,0
176615368,0,0,0
176624434,0,0,0
176634836,0,0,0
176644754,0,0,0
176657095,0,0,0
176666855,0,0,0
176676271,0,0,0
176686114,0,0,0
176697412,0,0,0
176707409,0,0,0
176719152,0,0,0
176729036,0,0,0
176740262,0,0,0
176751408,0,0,0
176761691,0,0,0
176772533,0,0,0
176784571,0,0,0
176795226,0,0,0
176805461,0,0,0
176815403,0,0,0
176825637,0,0,0
176836408,0,0,0
176847132,0,0,0
176856853,0,0,0
176867198,0,0,0
176877431,0,0,0
176888680,0,0,0
176899197,0,0,0
176909559,0,0,0
176919465,0,0,0
176929790,0,0,0
176940014,0,0,0
176949914,0,0,0
176959554,0,0,0
176969477,0,0,0
176979215,0,0,0
176989373,0,0,0
176999642,0,0,0
177010671,0,0,0
177021073,0,0,0
177031047,0,0,0
177041289,0,0,0
177052290,0,0,0
177062431,0,0,0
177072705,0,0,0
177082454,0,0,0
177092586,0,0,0
177104336,0,0,0
177114915,0,0,0
177125548,0,0,0
177135321,0,0,0
177146002,0,0,0
177156812,0,0,0
177168631,0,0,0
177178957,0,0,0
177188339,0,0,0
177199902,0,0,0
177210586,0,0,0
177220185,0,0,0
177231985,0,0,0
177241308,0,0,0
177251444,0,0,0
177266053,0,0,0
177275025,0,0,0
177286280,0,0,0
177297439,0,0,0
177309255,0,0,0
177319168,0,0,0
177328816,0,0,0
177339112,0,0,0
177348482,0,0,0
177357499,0,0,0
177369120,0,0,0
177378969,0,0,0
177389137,0,0,0
177399395,0,0,0
177410623,0,0,0
177420822,0,0,0
177430862,0,0,0
177442458,0,0,0
177452663,0,0,0
177462836,0,0,0
177474567,0,0,0
177486116,0,0,0
177496032,0,0,0
177505652,0,0,0
177515328,0,0,0
177525095,0,0,0
177535322,0,0,0
177544507,0,0,0
177554969,0,0,0
177565124,0,0,0
177576017,0,0,0
177586081,0,0,0
177595574,0,0,0
177604916,0,0,0
177615162,0,0,0
177625312,0,0,0
177635592,0,0,0
177645903,0,0,0
177656429,0,0,0
177667332,0,0,0
177677864,0,0,0
177687979,0,0,0
177697549,0,0,0
177707726,0,0,0
177717441,0,0,0
177727194,0,0,0
177738478,0,0,0
177748322,0,0,0
177758808,0,0,0
177769109,0,0,0
177780595,0,0,0
177790067,0,0,0
177800698,0,0,0
177811267,0,0,0
177823463,0,0,0
177832769,0,0,0
177843310,0,0,0
177853303,0,0,0
177862610,0,0,0
177872400,0,0,0
177882455,0,0,0
177892850,0,0,0
177902870,0,0,0
177913479,0,0,0
177923895,0,0,0
177935209,0,0,0
177946258,0,0,0
177958360,0,0,0
177967448,0,0,0
177978130,0,0,0
177987878,0,0,0
177999928,0,0,0
178010392,0,0,0
178022285,0,0,0
178032457,0,0,0
178041921,0,0,0
178052412,0,0,0
178062389,0,0,0
178072799,0,0,0
178084306,0,0,0
178094187,0,0,0
178104851,0,0,0
178116121,0,0,0
178126512,0,0,0
178136652,0,0,0
178146805,0,0,0
178156442,0,0,0
178166447,0,0,0
178176357,0,0,0
178185503,0,0,0
178195059,0,0,0
178205446,0,0,0
178215600,0,0,0
178225807,0,0,0
178236164,0,0,0
178247723,0,0,0
178258461,0,0,0
178268696,0,0,0
178283137,0,0,0
178292486,0,0,0
178303284,0,0,0
178314519,0,0,0
178325031,0,0,0
178335168,0,0,0
178345901,0,0,0
178355854,0,0,0
178366027,0,0,0
178375689,0,0,0
178386330,0,0,0
178397258,0,0,0
178407082,0,0,0
178416777,0,0,0
178425399,0,0,0
178437663,0,0,0
178448573,0,0,0
178458937,0,0,0
178469014,0,0,0
178479866,0,0,0
178489698,0,0,0
178499153,0,0,0
178510316,0,0,0
178520554,0,0,0
178530370,0,0,0
178540171,0,0,0
178549539,0,0,0
178559636,0,0,0
178569097,0,0,0
178580195,0,0,0
178590517,0,0,0
178600650,0,0,0
178610467,0,0,0
178620682,0,0,0
178631358,0,0,0
178641150,0,0,0
178651429,0,0,0
178661257,0,0,0
178671726,0,0,0
178682343,0,0,0
178692982,0,0,0
178703036,0,0,0
178714409,0,0,0
178724088,0,0,0
178734678,0,0,0
178745850,0,0,0
178755609,0,0,0
178765563,0,0,0
178776537,0,0,0
178788000,0,0,0
178798589,0,0,0
178810129,0,0,0
178819860,0,0,0
178830732,0,0,0
178840754,0,0,0
178851075,0,0,0
178861430,0,0,0
178871045,0,0,0
178880937,0,0,0
178893852,0,0,0
178904810,0,0,0
178914614,0,0,0
178924807,0,0,0
178935600,0,0,0
178947649,0,0,0
178957901,0,0,0
178968570,0,0,0
178978812,0,0,0
178989197,0,0,0
179000278,0,0,0
179009498,0,0,0
179019179,0,0,0
179029866,0,0,0
179040471,0,0,0
179050963,0,0,0
179062062,0,0,0
179071708,0,0,0
179082896,0,0,0
179092756,0,0,0
179102575,0,0,0
179112714,0,0,0
179123457,0,0,0
179133042,0,0,0
179143432,0,0,0
179154056,0,0,0
179162753,0,0,0
179172908,0,0,0
179185295,0,0,0
179195057,0,0,0
179204991,0,0,0
179215424,0,0,0
179225666,0,0,0
179236289,0,0,0
179246522,0,0,0
179255933,0,0,0
179265804,0,0,0
179276202,0,0,0
179286012,0,0,0
179296436,0,0,0
179306389,0,0,0
179316792,0,0,0
179327521,0,0,0
179339919,0,0,0
179349285,0,0,0
179359253,0,0,0
179371155,0,0,0
179380961,0,0,0
179391024,0,0,0
179401124,0,0,0
179411303,0,0,0
179422074,0,0,0
179432318,0,0,0
179443235,0,0,0
179453281,0,0,0
179463625,0,0,0
179474840,0,0,0
179484829,0,0,0
179495257,0,0,0
179505707,0,0,0
179515643,0,0,0
179526789,0,0,0
179537801,0,0,0
179547689,0,0,0
179557582,0,0,0
179567630,0,0,0
179578041,0,0,0
179588020,0,0,0
179598690,0,0,0
179610030,0,0,0
179619491,0,0,0
179631152,0,0,0
179641130,0,0,0
179651826,0,0,0
179661996,0,0,0
179672655,0,0,0
179682256,0,0,0
179692219,0,0,0
179702528,0,0,0
179712593,0,0,0
179723244,0,0,0
179733259,0,0,0
179743058,0,0,0
179753671,0,0,0
179764368,0,0,0
179774732,0,0,0
179786382,0,0,0
179796502,0,0,0
179808609,0,0,0
179818276,0,0,0
179829227,0,0,0
179839878,0,0,0
179850295,0,0,0
179860732,0,0,0
179870804,0,0,0
179880602,0,0,0
179890957,0,0,0
179901003,0,0,0
179911294,0,0,0
179922022,0,0,0
179931792,0,0,0
179941804,0,0,0
179951680,0,0,0
179961118,0,0,0
179971322,0,0,0
179982965,0,0,0
179992498,0,0,0
180003228,0,0,0
180014566,0,0,0
180024592,0,0,0
180034521,0,0,0
180044790,0,0,0
180055999,0,0,0
180067202,0,0,0
180077324,0,0,0
180088178,0,0,0
180098615,0,0,0
180108362,0,0,0
180117498,0,0,0
180128702,0,0,0
180138064,0,0,0
180147599,0,0,0
180157580,0,0,0
180167408,0,0,0
180178040,0,0,0
180187625,0,0,0
180198140,0,0,0
180208473,0,0,0
180219255,0,0,0
180230686,0,0,0
180241395,0,0,0
180251069,0,0,0
180260967,0,0,0
180270288,0,0,0
180282224,0,0,0
180294097,0,0,0
180304243,0,0,0
180314344,0,0,0
180325501,0,0,0
180335587,0,0,0
180345974,0,0,0
180355932,0,0,0
180365712,0,0,0
180376040,0,0,0
180386197,0,0,0
180396829,0,0,0
180407113,0,0,0
180416584,0,0,0
180425952,0,0,0
180436989,0,0,0
180447434,0,0,0
180457834,0,0,0
180468732,0,0,0
180478875,0,0,0
180489872,0,0,0
180499789,0,0,0
180512158,0,0,0
180521555,0,0,0
180532148,0,0,0
180541807,0,0,0
180554159,0,0,0
180565426,0,0,0
180575860,0,0,0
180585647,0,0,0
180595879,0,0,0
180607011,0,0,0
180616215,0,0,0
180626976,0,0,0
180636530,0,0,0
180646535,0,0,0
180656591,0,0,0
180666050,0,0,0
180675146,0,0,0
180686357,0,0,0
180697223,0,0,0
180707322,0,0,0
180717716,0,0,0
180727605,0,0,0
180737986,0,0,0
180747246,0,0,0
180758018,0,0,0
180768248,0,0,0
180778045,0,0,0
180788492,0,0,0
180801549,0,0,0
180812711,0,0,0
180822720,0,0,0
180832054,0,0,0
180841609,0,0,0
180851092,0,0,0
180861366,0,0,0
180871834,0,0,0
180886651,0,0,0
180895246,0,0,0
180905730,0,0,0
180916841,0,0,0
180927296,0,0,0
180937612,0,0,0
180947362,0,0,0
180958132,0,0,0
180968688,0,0,0
180978935,0,0,0
180988239,0,0,0
180999836,0,0,0
181009240,0,0,0
181019094,0,0,0
181028687,0,0,0
181039128,0,0,0
181049216,0,0,0
181059521,0,0,0
181069632,0,0,0
181079817,0,0,0
181089590,0,0,0
181099214,0,0,0
181108558,0,0,0
181118196,0,0,0
181128622,0,0,0
181140597,0,0,0
181151330,0,0,0
181161896,0,0,0
181172760,0,0,0
181183466,0,0,0
181193090,0,0,0
181203248,0,0,0
181212190,0,0,0
181224525,0,0,0
181238091,0,0,0
181248464,0,0,0
181258256,0,0,0
181269585,0,0,0
181280048,0,0,0
181291334,0,0,0
181304371,0,0,0
181314363,0,0,0
181325167,0,0,0
181334945,0,0,0
181346312,0,0,0
181356425,0,0,0
181366334,0,0,0
181376811,0,0,0
181390216,0,0,0
181400501,0,0,0
181410546,0,0,0
181419987,0,0,0
181430017,0,0,0
181440740,0,0,0
181451847,0,0,0
181462227,0,0,0
181472759,0,0,0
181483849,0,0,0
181493023,0,0,0
181503013,0,0,0
181513175,0,0,0
181524008,0,0,0
181534162,0,0,0
181543310,0,0,0
181553356,0,0,0
181563638,0,0,0
181574103,0,0,0
181583628,0,0,0
181593166,0,0,0
181603153,0,0,0
181613338,0,0,0
181624285,0,0,0
181635111,0,0,0
181645697,0,0,0
181656668,0,0,0
181665968,0,0,0
181675293,0,0,0
181687547,0,0,0
181698314,0,0,0
181707635,0,0,0
181718420,0,0,0
181728945,0,0,0
181738547,0,0,0
181748092,0,0,0
181759680,0,0,0
181768799,0,0,0
181778489,0,0,0
181789863,0,0,0
181799868,0,0,0
181809424,0,0,0
181820189,0,0,0
181829540,0,0,0
181839483,0,0,0
181850189,0,0,0
181860346,0,0,0
181870366,0,0,0
181879641,0,0,0
181889210,0,0,0
181899321,0,0,0
181908823,0,0,0
181920050,0,0,0
181930022,0,0,0
181939414,0,0,0
181949047,0,0,0
181960188,0,0,0
181970002,0,0,0
181981601,0,0,0
181991930,0,0,0
182002888,0,0,0
182012899,0,0,0
182022492,0,0,0
182032339,0,0,0
182042799,0,0,0
182053047,0,0,0
182063896,0,0,0
182075176,0,0,0
182086776,0,0,0
182097440,0,0,0
182108187,0,0,0
182118156,0,0,0
182127336,0,0,0
182137510,0,0,0
182147337,0,0,0
182157333,0,0,0
182167441,0,0,0
182176914,0,0,0
182185993,0,0,0
182196788,0,0,0
182206773,0,0,0
182216272,0,0,0
182225759,0,0,0
182236752,0,0,0
182246402,0,0,0
182257012,0,0,0
182266284,0,0,0
182275384,0,0,0
182287928,0,0,0
182298108,0,0,0
182307993,0,0,0
182319175,0,0,0
182335673,0,0,0
182343966,0,0,0
182353701,0,0,0
182363474,0,0,0
182375193,0,0,0
182384296,0,0,0
182394496,0,0,0
182404883,0,0,0
182414981,0,0,0
182425190,0,0,0
182435595,0,0,0
182445099,0,0,0
182455826,0,0,0
182465924,0,0,0
182476005,0,0,0
182489483,0,0,0
182499910,0,0,0
182511365,0,0,0
182521147,0,0,0
182530593,0,0,0
182541534,0,0,0
182551982,0,0,0
182562012,0,0,0
182572953,0,0,0
182583138,0,0,0
182594141,0,0,0
182605847,0,0,0
182615872,0,0,0
182625905,0,0,0
182636137,0,0,0
182646498,0,0,0
182656677,0,0,0
182666619,0,0,0
182678018,0,0,0
182689230,0,0,0
182699130,0,0,0
182709716,0,0,0
182719385,0,0,0
182730565,0,0,0
182740404,0,0,0
182750318,0,0,0
182760820,0,0,0
182771652,0,0,0
182782093,0,0,0
182793749,0,0,0
182803170,0,0,0
182813818,0,0,0
182823796,0,0,0
182833395,0,0,0
182844189,0,0,0
182854873,0,0,0
182865140,0,0,0
182875506,0,0,0
182886580,0,0,0
182895347,0,0,0
182906945,0,0,0
182916757,0,0,0
182926241,0,0,0
182936021,0,0,0
182946859,0,0,0
182957479,0,0,0
182967873,0,0,0
182978658,0,0,0
182989863,0,0,0
183000436,0,0,0
183010134,0,0,0
183020000,0,0,0
183032886,0,0,0
183042816,0,0,0
183052351,0,0,0
183062637,0,0,0
183072829,0,0,0
183084224,0,0,0
183094436,0,0,0
183105572,0,0,0
183115222,0,0,0
183125015,0,0,0
183135580,0,0,0
183145992,0,0,0
183156086,0,0,0
183166367,0,0,0
183176420,0,0,0
183186067,0,0,0
183196858,0,0,0
183205914,0,0,0
183217807,0,0,0
183227853,0,0,0
183237221,0,0,0
183246970,0,0,0
183257824,0,0,0
183267898,0,0,0
183278336,0,0,0
183289137,0,0,0
183299658,0,0,0
183310651,0,0,0
183321030,0,0,0
183331080,0,0,0
183341850,0,0,0
183351106,0,0,0
183361762,0,0,0
183371528,0,0,0
183382055,0,0,0
183392703,0,0,0
183402847,0,0,0
183411748,0,0,0
183422623,0,0,0
183433058,0,0,0
183442888,0,0,0
183453581,0,0,0
183465757,0,0,0
183475721,0,0,0
183486517,0,0,0
183496664,0,0,0
183506291,0,0,0
183515809,0,0,0
183526357,0,0,0
183535271,0,0,0
183545639,0,0,0
183556351,0,0,0
183568198,0,0,0
183579095,0,0,0
183589137,0,0,0
183599185,0,0,0
183608827,0,0,0
183619190,0,0,0
183629647,0,0,0
183638213,0,0,0
183647648,0,0,0
183657972,0,0,0
183668040,0,0,0
183679002,0,0,0
183688872,0,0,0
183699437,0,0,0
183708998,0,0,0
183719035,0,0,0
183729442,0,0,0
183739966,0,0,0
183750624,0,0,0
183760696,0,0,0
183772378,0,0,0
183782670,0,0,0
183794084,0,0,0
183804458,0,0,0
183819211,0,0,0
183829196,0,0,0
183839917,0,0,0
183849667,0,0,0
183860265,0,0,0
183870042,0,0,0
183879108,0,0,0
183888977,0,0,0
183899520,0,0,0
183909438,0,0,0
183919611,0,0,0
183929714,0,0,0
183939273,0,0,0
183949903,0,0,0
183960160,0,0,0
183969556,0,0,0
183979443,0,0,0
183988799,0,0,0
183999373,0,0,0
184009412,0,0,0
184021390,0,0,0
184031807,0,0,0
184042098,0,0,0
184052462,0,0,0
184062714,0,0,0
184073874,0,0,0
184083115,0,0,0
184093519,0,0,0
184104203,0,0,0
184115752,0,0,0
184127300,0,0,0
184137819,0,0,0
184147098,0,0,0
184158154,0,0,0
184168524,0,0,0
184179003,0,0,0
184189528,0,0,0
184199601,0,0,0
184210750,0,0,0
184221056,0,0,0
184230754,0,0,0
184241266,0,0,0
184251011,0,0,0
184261010,0,0,0
184271390,0,0,0
184281632,0,0,0
184292409,0,0,0
184302932,0,0,0
184313013,0,0,0
184323811,0,0,0
184334473,0,0,0
184344326,0,0,0
184355492,0,0,0
184365360,0,0,0
184375257,0,0,0
184386478,0,0,0
184397295,0,0,0
184407810,0,0,0
184417747,0,0,0
184427868,0,0,0
184437857,0,0,0
184447628,0,0,0
184457284,0,0,0
184466683,0,0,0
184477819,0,0,0
184487681,0,0,0
184497977,0,0,0
184507759,0,0,0
184518743,0,0,0
184530068,0,0,0
184539565,0,0,0
184549109,0,0,0
184560467,0,0,0
184571081,0,0,0
184580995,0,0,0
184591520,0,0,0
184601675,0,0,0
184612717,0,0,0
184624220,0,0,0
184633977,0,0,0
184645717,0,0,0
184655045,0,0,0
184665214,0,0,0
184675137,0,0,0
184686662,0,0,0
184697144,0,0,0
184706891,0,0,0
184717638,0,0,0
184727827,0,0,0
184739167,0,0,0
184748544,0,0,0
184759258,0,0,0
184770172,0,0,0
184780938,0,0,0
184791393,0,0,0
184801663,0,0,0
184812749,0,0,0
184823741,0,0,0
184834971,0,0,0
184845112,0,0,0
184857020,0,0,0
184867711,0,0,0
184877957,0,0,0
184888883,0,0,0
184898625,0,0,0
184908574,0,0,0
184918884,0,0,0
184929203,0,0,0
184941975,0,0,0
184950489,0,0,0
184960010,0,0,0
184971637,0,0,0
184981321,0,0,0
184991738,0,0,0
185003130,0,0,0
185015518,0,0,0
185024186,0,0,0
185037181,0,0,0
185047752,0,0,0
185058703,0,0,0
185070522,0,0,0
185081806,0,0,0
185091460,0,0,0
185102780,0,0,0
185110701,0,0,0
185121161,0,0,0
185133300,0,0,0
185145396,0,0,0
185155188,0,0,0
185164829,0,0,0
185175017,0,0,0
185186797,0,0,0
185197935,0,0,0
185208384,0,0,0
185217624,0,0,0
185227541,0,0,0
185237344,0,0,0
185249278,0,0,0
185263435,0,0,0
185280554,0,0,0
185293250,0,0,0
185304683,0,0,0
185313027,0,0,0
185325343,0,0,0
185339433,0,0,0
185350441,0,0,0
185363051,0,0,0
185372478,0,0,0
185381385,0,0,0
185392023,0,0,0
185401206,0,0,0
185411716,0,0,0
185422327,0,0,0
185431556,0,0,0
185440343,0,0,0
185448863,0,0,0
185460710,0,0,0
185472633,0,0,0
185484110,0,0,0
185496137,0,0,0
185507639,0,0,0
185521981,0,0,0
185535384,0,0,0
185548148,0,0,0
185560686,0,0,0
185571261,0,0,0
185584394,0,0,0
185601465,0,0,0
185613202,0,0,0
185625985,0,0,0
185650738,0,0,0
185661715,0,0,0
185672957,0,0,0
185683693,0,0,0
185692055,0,0,0
185704969,0,0,0
185716931,0,0,0
185729131,0,0,0
185740707,0,0,0
185752863,0,0,0
185763884,0,0,0
185776229,0,0,0
185788262,0,0,0
185800047,0,0,0
185811735,0,0,0
185823260,0,0,0
185834528,0,0,0
185846500,0,0,0
185856376,0,0,0
185868393,0,0,0
185878647,0,0,0
185889091,0,0,0
185899648,0,0,0
185910661,0,0,0
185921168,0,0,0
185932686,0,0,0
185942197,0,0,0
185954777,0,0,0
185968490,0,0,0
185981726,0,0,0
185998243,0,0,0
186010376,0,0,0
186030363,0,0,0
186041726,0,0,0
186051674,0,0,0
186062019,0,0,0
186072483,0,0,0
186082416,0,0,0
186092287,0,0,0
186102476,0,0,0
186112730,0,0,0
186122292,0,0,0
186133611,0,0,0
186144048,0,0,0
186154324,0,0,0
186165696,0,0,0
186175109,0,0,0
186188993,0,0,0
186200446,0,0,0
186214963,0,0,0
186229778,0,0,0
186241330,0,0,0
186254531,0,0,0
186268060,0,0,0
186278644,0,0,0
186288558,0,0,0
186305603,0,0,0
186315313,0,0,0
186327268,0,0,0
186338500,0,0,0
186351306,0,0,0
186361076,0,0,0
186376686,0,0,0
186387644,0,0,0
186398655,0,0,0
186410901,0,0,0
186424558,0,0,0
186436479,0,0,0
186448600,0,0,0
186460533,0,0,0
186475744,0,0,0
186485590,0,0,0
186497522,0,0,0
186508593,0,0,0
186518017,0,0,0
186529221,0,0,0
186541654,0,0,0
186552548,0,0,0
186562874,0,0,0
186574531,0,0,0
186586939,0,0,0
186598406,0,0,0
186609776,0,0,0
186626106,0,0,0
186641853,0,0,0
186652873,0,0,0
186663735,0,0,0
186675288,0,0,0
186685933,0,0,0
186697418,0,0,0
186706433,0,0,0
186717315,0,0,0
186728872,0,0,0
186740112,0,0,0
186754814,0,0,0
186768601,0,0,0
186780545,0,0,0
186792662,0,0,0
186803452,0,0,0
186813575,0,0,0
186822356,0,0,0
186833222,0,0,0
186848672,0,0,0
186865842,0,0,0
186883537,0,0,0
186901636,0,0,0
186919455,0,0,0
186934821,0,0,0
186951843,0,0,0
186972279,0,0,0
186992944,0,0,0
187011630,0,0,0
187025389,0,0,0
187042965,0,0,0
187054744,0,0,0
187064494,0,0,0
187075083,0,0,0
187086060,0,0,0
187099635,0,0,0
187112682,0,0,0
187124535,0,0,0
187134845,0,0,0
187145442,0,0,0
187155832,0,0,0
187167101,0,0,0
187176498,0,0,0
187190472,0,0,0
187202720,0,0,0
187213834,0,0,0
187225447,0,0,0
187238353,0,0,0
187248502,0,0,0
187259944,0,0,0
187270767,0,0,0
187281392,0,0,0
187295757,0,0,0
187309394,0,0,0
187319760,0,0,0
187329615,0,0,0
187339989,0,0,0
187349299,0,0,0
187360753,0,0,0
187371062,0,0,0
187380505,0,0,0
187391400,0,0,0
187402236,0,0,0
187412617,0,0,0
187424250,0,0,0
187438208,0,0,0
187450426,0,0,0
187460509,0,0,0
187470773,0,0,0
187481063,0,0,0
187492275,0,0,0
187501723,0,0,0
187511755,0,0,0
187523365,0,0,0
187534656,0,0,0
187544380,0,0,0
187554049,0,0,0
187563951,0,0,0
187576347,0,0,0
187588771,0,0,0
187599981,0,0,0
187611612,0,0,0
187620633,0,0,0
187641216,0,0,0
187649750,0,0,0
187661565,0,0,0
187670359,0,0,0
187679126,0,0,0
187689438,0,0,0
187700181,0,0,0
187709889,0,0,0
187721052,0,0,0
187731236,0,0,0
187743373,0,0,0
187753465,0,0,0
187762692,0,0,0
187773565,0,0,0
187786759,0,0,0
187803546,0,0,0
187813389,0,0,0
187823242,0,0,0
187834802,0,0,0
187845323,0,0,0
187853733,0,0,0
187863805,0,0,0
187872872,0,0,0
187881509,0,0,0
187893258,0,0,0
187905769,0,0,0
187914074,0,0,0
187925325,0,0,0
187936381,0,0,0
187945110,0,0,0
187953976,0,0,0
187962729,0,0,0
187971774,0,0,0
187981136,0,0,0
187990301,0,0,0
187999336,0,0,0
188008341,0,0,0
188018316,0,0,0
188027291,0,0,0
188036210,0,0,0
188046803,0,0,0
188057578,0,0,0
188070977,0,0,0
188081013,0,0,0
188101888,0,0,0
188114262,0,0,0
188123377,0,0,0
188134633,0,0,0
188144655,0,0,0
188154462,0,0,0
188164469,0,0,0
188175600,0,0,0
188188946,0,0,0
188199808,0,0,0
188208808,0,0,0
188218107,0,0,0
188229557,0,0,0
188240205,0,0,0
188250814,0,0,0
188265467,0,0,0
188280760,0,0,0
188293039,0,0,0
188307904,0,0,0
188319437,0,0,0
188331064,0,0,0
188341610,0,0,0
188353016,0,0,0
188364567,0,0,0
188373687,0,0,0
188387324,0,0,0
188400612,0,0,0
188413940,0,0,0
188427792,0,0,0
188451441,0,0,0
188466150,0,0,0
188476277,0,0,0
188487969,0,0,0
188499800,0,0,0
188511667,0,0,0
188521257,0,0,0
188530917,0,0,0
188542102,0,0,0
188552059,0,0,0
188562204,0,0,0
188571001,0,0,0
188582169,0,0,0
188591389,0,0,0
188601112,0,0,0
188610481,0,0,0
188619481,0,0,0
188629631,0,0,0
188640016,0,0,0
188650389,0,0,0
188660836,0,0,0
188672367,0,0,0
188682328,0,0,0
188691909,0,0,0
188702182,0,0,0
188713329,0,0,0
188722016,0,0,0
188732218,0,0,0
188742634,0,0,0
188753240,0,0,0
188762910,0,0,0
188772779,0,0,0
188782640,0,0,0
188792845,0,0,0
188807032,0,0,0
188817446,0,0,0
188827130,0,0,0
188837223,0,0,0
188847829,0,0,0
188859693,0,0,0
188869219,0,0,0
188879223,0,0,0
188890108,0,0,0
188900928,0,0,0
188911242,0,0,0
188923265,0,0,0
188932951,0,0,0
188943932,0,0,0
188954218,0,0,0
188964564,0,0,0
188975119,0,0,0
188985510,0,0,0
188995792,0,0,0
189006355,0,0,0
189018103,0,0,0
189028369,0,0,0
189039541,0,0,0
189050308,0,0,0
189061300,0,0,0
189071642,0,0,0
189082066,0,0,0
189092837,0,0,0
189102992,0,0,0
189112421,0,0,0
189123348,0,0,0
189133951,0,0,0
189143625,0,0,0
189154466,0,0,0
189164140,0,0,0
189173516,0,0,0
189184389,0,0,0
189194223,0,0,0
189204302,0,0,0
189215510,0,0,0
189224615,0,0,0
189235518,0,0,0
189246358,0,0,0
189257138,0,0,0
189267172,0,0,0
189276671,0,0,0
189286600,0,0,0
189297689,0,0,0
189307394,0,0,0
189318854,0,0,0
189329885,0,0,0
189339395,0,0,0
189349286,0,0,0
189358987,0,0,0
189368912,0,0,0
189378768,0,0,0
189388612,0,0,0
189397861,0,0,0
189407387,0,0,0
189419006,0,0,0
189429557,0,0,0
189439834,0,0,0
189450160,0,0,0
189460491,0,0,0
189471382,0,0,0
189481598,0,0,0
189491578,0,0,0
189501064,0,0,0
189510717,0,0,0
189520305,0,0,0
189530411,0,0,0
189540607,0,0,0
189551136,0,0,0
189561202,0,0,0
189572364,0,0,0
189581959,0,0,0
189591443,0,0,0
189601538,0,0,0
189611239,0,0,0
189621543,0,0,0
189631878,0,0,0
189640941,0,0,0
189651567,0,0,0
189665957,0,0,0
189674688,0,0,0
189684051,0,0,0
189693643,0,0,0
189704107,0,0,0
189714662,0,0,0
189725767,0,0,0
189734993,0,0,0
189744962,0,0,0
189756760,0,0,0
189767914,0,0,0
189778636,0,0,0
189788926,0,0,0
189803688,0,0,0
189814085,0,0,0
189824388,0,0,0
189835638,0,0,0
189845690,0,0,0
189854693,0,0,0
189864817,0,0,0
189874946,0,0,0
189884765,0,0,0
189894505,0,0,0
189905147,0,0,0
189915757,0,0,0
189925683,0,0,0
189936042,0,0,0
189946149,0,0,0
189955753,0,0,0
189965761,0,0,0
189976480,0,0,0
189985528,0,0,0
189994690,0,0,0
190006529,0,0,0
190015842,0,0,0
190025711,0,0,0
190036697,0,0,0
190047712,0,0,0
190057349,0,0,0
190068006,0,0,0
190078099,0,0,0
190087526,0,0,0
190097189,0,0,0
190107497,0,0,0
190119017,0,0,0
190129443,0,0,0
190140255,0,0,0
190150753,0,0,0
190160652,0,0,0
190172016,0,0,0
190181906,0,0,0
190194716,0,0,0
190205924,0,0,0
190215703,0,0,0
190226711,0,0,0
190237095,0,0,0
190248592,0,0,0
190258361,0,0,0
190269299,0,0,0
190279549,0,0,0
190289370,0,0,0
190299195,0,0,0
190309525,0,0,0
190319690,0,0,0
190329362,0,0,0
190339566,0,0,0
190349913,0,0,0
190360188,0,0,0
190369849,0,0,0
190380235,0,0,0
190390691,0,0,0
190400956,0,0,0
190410241,0,0,0
190420821,0,0,0
190430257,0,0,0
190440041,0,0,0
190450673,0,0,0
190460939,0,0,0
190471946,0,0,0
190483157,0,0,0
190493468,0,0,0
190503347,0,0,0
190514326,0,0,0
190524501,0,0,0
190535539,0,0,0
190546807,0,0,0
190557078,0,0,0
190567137,0,0,0
190576829,0,0,0
190586912,0,0,0
190598165,0,0,0
190609097,0,0,0
190619855,0,0,0
190631517,0,0,0
190642068,0,0,0
190652796,0,0,0
190663633,0,0,0
190678074,0,0,0
190688138,0,0,0
190697161,0,0,0
190706190,0,0,0
190716047,0,0,0
190726257,0,0,0
190739985,0,0,0
190752377,0,0,0
190762261,0,0,0
190771903,0,0,0
190781392,0,0,0
190790873,0,0,0
190800737,0,0,0
190810843,0,0,0
190821429,0,0,0
190831505,0,0,0
190842438,0,0,0
190853130,0,0,0
190863740,0,0,0
190874158,0,0,0
190886269,0,0,0
190896113,0,0,0
190905152,0,0,0
190914924,0,0,0
190924925,0,0,0
190935647,0,0,0
190946131,0,0,0
190957526,0,0,0
190968693,0,0,0
190979368,0,0,0
190989751,0,0,0
190999889,0,0,0
191009931,0,0,0
191019423,0,0,0
191030095,0,0,0
191039166,0,0,0
191048206,0,0,0
191060765,0,0,0
191070621,0,0,0
191081077,0,0,0
191092644,0,0,0
191102543,0,0,0
191112920,0,0,0
191123194,0,0,0
191134102,0,0,0
191143574,0,0,0
191154103,0,0,0
191164287,0,0,0
191174382,0,0,0
191184870,0,0,0
191195129,0,0,0
191205980,0,0,0
191215712,0,0,0
191227539,0,0,0
191237282,0,0,0
191247453,0,0,0
191259200,0,0,0
191268847,0,0,0
191278991,0,0,0
191287895,0,0,0
191297973,0,0,0
191308805,0,0,0
191318804,0,0,0
191327867,0,0,0
191336885,0,0,0
191346319,0,0,0
191356367,0,0,0
191366260,0,0,0
191376256,0,0,0
191386579,0,0,0
191396741,0,0,0
191406976,0,0,0
191417236,0,0,0
191426910,0,0,0
191436155,0,0,0
191446190,0,0,0
191456785,0,0,0
191466581,0,0,0
191477496,0,0,0
191487690,0,0,0
191497785,0,0,0
191507713,0,0,0
191517601,0,0,0
191527534,0,0,0
191538477,0,0,0
191547410,0,0,0
191556792,0,0,0
191567775,0,0,0
191577319,0,0,0
191587135,0,0,0
191598061,0,0,0
191608373,0,0,0
191618373,0,0,0
191629202,0,0,0
191639223,0,0,0
191650397,0,0,0
191663818,0,0,0
191674403,0,0,0
191684597,0,0,0
191695470,0,0,0
191705765,0,0,0
191714653,0,0,0
191725604,0,0,0
191735657,0,0,0
191746301,0,0,0
191756910,0,0,0
191768272,0,0,0
191779024,0,0,0
191789262,0,0,0
191800570,0,0,0
191810300,0,0,0
191819944,0,0,0
191831774,0,0,0
191841769,0,0,0
191852096,0,0,0
191861348,0,0,0
191872946,0,0,0
191883021,0,0,0
191893031,0,0,0
191904568,0,0,0
191913973,0,0,0
191925322,0,0,0
191936013,0,0,0
191946889,0,0,0
191957318,0,0,0
191969095,0,0,0
191979483,0,0,0
191989799,0,0,0
192000573,0,0,0
192011494,0,0,0
192022485,0,0,0
192032687,0,0,0
192043014,0,0,0
192053046,0,0,0
192062329,0,0,0
192074052,0,0,0
192084844,0,0,0
192094623,0,0,0
192105757,0,0,0
192116514,0,0,0
192129296,0,0,0
192139106,0,0,0
192148026,0,0,0
192158604,0,0,0
192171249,0,0,0
192181126,0,0,0
192191499,0,0,0
192202603,0,0,0
192212762,0,0,0
192223657,0,0,0
192233267,0,0,0
192244284,0,0,0
192254205,0,0,0
192264963,0,0,0
192275505,0,0,0
192285456,0,0,0
192295710,0,0,0
192305387,0,0,0
192315809,0,0,0
192324812,0,0,0
192334736,0,0,0
192344835,0,0,0
192355944,0,0,0
192366192,0,0,0
192377341,0,0,0
192386812,0,0,0
192396521,0,0,0
192406051,0,0,0
192415946,0,0,0
192426676,0,0,0
192436325,0,0,0
192446211,0,0,0
192456521,0,0,0
192467115,0,0,0
192478098,0,0,0
192488822,0,0,0
192500116,0,0,0
192510368,0,0,0
192520724,0,0,0
192530642,0,0,0
192541603,0,0,0
192551533,0,0,0
192562589,0,0,0
192573372,0,0,0
192584143,0,0,0
192593706,0,0,0
192604702,0,0,0
192614242,0,0,0
192624205,0,0,0
192634904,0,0,0
192645215,0,0,0
192654511,0,0,0
192666130,0,0,0
192675037,0,0,0
192686241,0,0,0
192696773,0,0,0
192707768,0,0,0
192717319,0,0,0
192727552,0,0,0
192737878,0,0,0
192748987,0,0,0
192759616,0,0,0
192769040,0,0,0
192778602,0,0,0
192791057,0,0,0
192801088,0,0,0
192811804,0,0,0
192822566,0,0,0
192832287,0,0,0
192843353,0,0,0
192854650,0,0,0
192865590,0,0,0
192875521,0,0,0
192886092,0,0,0
192896123,0,0,0
192906823,0,0,0
192916124,0,0,0
192925521,0,0,0
192936224,0,0,0
192946281,0,0,0
192956207,0,0,0
192966569,0,0,0
192976732,0,0,0
192987070,0,0,0
192996558,0,0,0
193007242,0,0,0
193017452,0,0,0
193027465,0,0,0
193037893,0,0,0
193049134,0,0,0
193059889,0,0,0
193070810,0,0,0
193081056,0,0,0
193092059,0,0,0
193103753,0,0,0
193113124,0,0,0
193124635,0,0,0
193133738,0,0,0
193143855,0,0,0
193154592,0,0,0
193163824,0,0,0
193173314,0,0,0
193183511,0,0,0
193193122,0,0,0
193203291,0,0,0
193214407,0,0,0
193223256,0,0,0
193233308,0,0,0
193243106,0,0,0
193253678,0,0,0
193264409,0,0,0
193275869,0,0,0
193287486,0,0,0
193296782,0,0,0
193308114,0,0,0
193318851,0,0,0
193330298,0,0,0
193340615,0,0,0
193351684,0,0,0
193361943,0,0,0
193372352,0,0,0
193385994,0,0,0
193397951,0,0,0
193407681,0,0,0
193418147,0,0,0
193429173,0,0,0
193439407,0,0,0
193448718,0,0,0
193459561,0,0,0
193469407,0,0,0
193480602,0,0,0
193490669,0,0,0
193500795,0,0,0
193510858,0,0,0
193520984,0,0,0
193531046,0,0,0
193541139,0,0,0
193552026,0,0,0
193562801,0,0,0
193572872,0,0,0
193582964,0,0,0
193593267,0,0,0
193603350,0,0,0
193612254,0,0,0
193622547,0,0,0
193632829,0,0,0
193643328,0,0,0
193653606,0,0,0
193664442,0,0,0
193674671,0,0,0
193685292,0,0,0
193696176,0,0,0
193707297,0,0,0
193717203,0,0,0
193726714,0,0,0
193737476,0,0,0
193747589,0,0,0
193757969,0,0,0
193768415,0,0,0
193777844,0,0,0
193787623,0,0,0
193797509,0,0,0
193808703,0,0,0
193818279,0,0,0
193828946,0,0,0
193840396,0,0,0
193851353,0,0,0
193861897,0,0,0
193872000,0,0,0
193882265,0,0,0
193892563,0,0,0
193904529,0,0,0
193914501,0,0,0
193925458,0,0,0
193935532,0,0,0
193946303,0,0,0
193957516,0,0,0
193967979,0,0,0
193979357,0,0,0
193989302,0,0,0
193999569,0,0,0
194010485,0,0,0
194020894,0,0,0
194031434,0,0,0
194042694,0,0,0
194053315,0,0,0
194062831,0,0,0
194073703,0,0,0
194084295,0,0,0
194095366,0,0,0
194105776,0,0,0
194115189,0,0,0
194125097,0,0,0
194135591,0,0,0
194145531,0,0,0
194156295,0,0,0
194166634,0,0,0
194177079,0,0,0
194187482,0,0,0
194197034,0,0,0
194208637,0,0,0
194219397,0,0,0
194229608,0,0,0
194239725,0,0,0
194252338,0,0,0
194263356,0,0,0
194274700,0,0,0
194284264,0,0,0
194293812,0,0,0
194304331,0,0,0
194314313,0,0,0
194324649,0,0,0
194335608,0,0,0
194344963,0,0,0
194354889,0,0,0
194366094,0,0,0
194375820,0,0,0
194386418,0,0,0
194395761,0,0,0
194406457,0,0,0
194417265,0,0,0
194426587,0,0,0
194436649,0,0,0
194446485,0,0,0
194456593,0,0,0
194466957,0,0,0
194477155,0,0,0
194486802,0,0,0
194497601,0,0,0
194508075,0,0,0
194518162,0,0,0
194528691,0,0,0
194538937,0,0,0
194549435,0,0,0
194560245,0,0,0
194570571,0,0,0
194580991,0,0,0
194590754,0,0,0
194600893,0,0,0
194611980,0,0,0
194622420,0,0,0
194631265,0,0,0
194641416,0,0,0
194651709,0,0,0
194663898,0,0,0
194673688,0,0,0
194683359,0,0,0
194694465,0,0,0
194704612,0,0,0
194714268,0,0,0
194724996,0,0,0
194736119,0,0,0
194746940,0,0,0
194757436,0,0,0
194768208,0,0,0
194778894,0,0,0
194790259,0,0,0
194800890,0,0,0
194811193,0,0,0
194820505,0,0,0
194830445,0,0,0
194841321,0,0,0
194850956,0,0,0
194860549,0,0,0
194871845,0,0,0
194883798,0,0,0
194892800,0,0,0
194902618,0,0,0
194914048,0,0,0
194923577,0,0,0
194934609,0,0,0
194944915,0,0,0
194955578,0,0,0
194965084,0,0,0
194975947,0,0,0
194985887,0,0,0
194996395,0,0,0
195007478,0,0,0
195018343,0,0,0
195028371,0,0,0
195038122,0,0,0
195048238,0,0,0
195058314,0,0,0
195067866,0,0,0
195077617,0,0,0
195087920,0,0,0
195098603,0,0,0
195109222,0,0,0
195119873,0,0,0
195129997,0,0,0
195141075,0,0,0
195151122,0,0,0
195160513,0,0,0
195170358,0,0,0
195181373,0,0,0
195192433,0,0,0
195202992,0,0,0
195212879,0,0,0
195226698,0,0,0
195237081,0,0,0
195246435,0,0,0
195256136,0,0,0
195265664,0,0,0
195275736,0,0,0
195286123,0,0,0
195296469,0,0,0
195306108,0,0,0
195317059,0,0,0
195327441,0,0,0
195337866,0,0,0
195347836,0,0,0
195359575,0,0,0
195369750,0,0,0
195379880,0,0,0
195390007,0,0,0
195399541,0,0,0
195410269,0,0,0
195420134,0,0,0
195431689,0,0,0
195441990,0,0,0
195452219,0,0,0
195461977,0,0,0
195471763,0,0,0
195484082,0,0,0
195492797,0,0,0
195502774,0,0,0
195513864,0,0,0
195523870,0,0,0
195534354,0,0,0
195544694,0,0,0
195554569,0,0,0
195564027,0,0,0
195574679,0,0,0
195584283,0,0,0
195595021,0,0,0
195606216,0,0,0
195616783,0,0,0
195626885,0,0,0
195637749,0,0,0
195647476,0,0,0
195658796,0,0,0
195669257,0,0,0
195680662,0,0,0
195691064,0,0,0
195701853,0,0,0
195712190,0,0,0
195724132,0,0,0
195734624,0,0,0
195745026,0,0,0
195756890,0,0,0
195768738,0,0,0
195779304,0,0,0
195791070,0,0,0
195802195,0,0,0
195812785,0,0,0
195825203,0,0,0
195835523,0,0,0
195845451,0,0,0
195855291,0,0,0
195865145,0,0,0
195875389,0,0,0
195886186,0,0,0
195896577,0,0,0
195907056,0,0,0
195916963,0,0,0
195926995,0,0,0
195941177,0,0,0
195950910,0,0,0
195960148,0,0,0
195969425,0,0,0
195979029,0,0,0
195990527,0,0,0
196000518,0,0,0
196010718,0,0,0
196020338,0,0,0
196030826,0,0,0
196042760,0,0,0
196052547,0,0,0
196062137,0,0,0
196072345,0,0,0
196082653,0,0,0
196092640,0,0,0
196104226,0,0,0
196113525,0,0,0
196123927,0,0,0
196134366,0,0,0
196146235,0,0,0
196155870,0,0,0
196165553,0,0,0
196174960,0,0,0
196185008,0,0,0
196194681,0,0,0
196205188,0,0,0
196215860,0,0,0
196226572,0,0,0
196235766,0,0,0
196246744,0,0,0
196256372,0,0,0
196265869,0,0,0
196276831,0,0,0
196287871,0,0,0
196299101,0,0,0
196308997,0,0,0
196319471,0,0,0
196330012,0,0,0
196342281,0,0,0
196351822,0,0,0
196365781,0,0,0
196375079,0,0,0
196385701,0,0,0
196395422,0,0,0
196406393,0,0,0
196416177,0,0,0
196427184,0,0,0
196437705,0,0,0
196448067,0,0,0
196457286,0,0,0
196468117,0,0,0
196477474,0,0,0
196486885,0,0,0
196496931,0,0,0
196506831,0,0,0
196518489,0,0,0
196528775,0,0,0
196538199,0,0,0
196548995,0,0,0
196559212,0,0,0
196570741,0,0,0
196580424,0,0,0
196591567,0,0,0
196602459,0,0,0
196617972,0,0,0
196628105,0,0,0
196639459,0,0,0
196651375,0,0,0
196661094,0,0,0
196671445,0,0,0
196682263,0,0,0
196692621,0,0,0
196703275,0,0,0
196713397,0,0,0
196723875,0,0,0
196733924,0,0,0
196745224,0,0,0
196755849,0,0,0
196764544,0,0,0
196775593,0,0,0
196785618,0,0,0
196795383,0,0,0
196805624,0,0,0
196816620,0,0,0
196825965,0,0,0
196836151,0,0,0
196846521,0,0,0
196856112,0,0,0
196868316,0,0,0
196879113,0,0,0
196889749,0,0,0
196900684,0,0,0
196911015,0,0,0
196921446,0,0,0
196931586,0,0,0
196942516,0,0,0
196952455,0,0,0
196962343,0,0,0
196972577,0,0,0
196982322,0,0,0
196992205,0,0,0
197001728,0,0,0
197013069,0,0,0
197023186,0,0,0
197035105,0,0,0
197045512,0,0,0
197056286,0,0,0
197069122,0,0,0
197079472,0,0,0
197091881,0,0,0
197102329,0,0,0
197111920,0,0,0
197120972,0,0,0
197131189,0,0,0
197142403,0,0,0
197151248,0,0,0
197162335,0,0,0
197171989,0,0,0
197184636,0,0,0
197194308,0,0,0
197204003,0,0,0
197214284,0,0,0
197224289,0,0,0
197234998,0,0,0
197246600,0,0,0
197255804,0,0,0
197265402,0,0,0
197276168,0,0,0
197286154,0,0,0
197296119,0,0,0
197306244,0,0,0
197315891,0,0,0
197327643,0,0,0
197338433,0,0,0
197348770,0,0,0
197359071,0,0,0
197369240,0,0,0
197379294,0,0,0
197389532,0,0,0
197399038,0,0,0
197408754,0,0,0
197418714,0,0,0
197428951,0,0,0
197441188,0,0,0
197450818,0,0,0
197459929,0,0,0
197469523,0,0,0
197480718,0,0,0
197490946,0,0,0
197500973,0,0,0
197511163,0,0,0
197521817,0,0,0
197532152,0,0,0
197542840,0,0,0
197553352,0,0,0
197564946,0,0,0
197574110,0,0,0
197584231,0,0,0
197595784,0,0,0
197605067,0,0,0
197615946,0,0,0
197626865,0,0,0
197637025,0,0,0
197648702,0,0,0
197658379,0,0,0
197671426,0,0,0
197681958,0,0,0
197692411,0,0,0
197702533,0,0,0
197713051,0,0,0
197723265,0,0,0
197733758,0,0,0
197744418,0,0,0
197754558,0,0,0
197764186,0,0,0
197775188,0,0,0
197785541,0,0,0
197797672,0,0,0
197806890,0,0,0
197817972,0,0,0
197827876,0,0,0
197838532,0,0,0
197848304,0,0,0
197859248,0,0,0
197868717,0,0,0
197879911,0,0,0
197890467,0,0,0
197900310,0,0,0
197909799,0,0,0
197920905,0,0,0
197931378,0,0,0
197942473,0,0,0
197952878,0,0,0
197964081,0,0,0
197973995,0,0,0
197984360,0,0,0
197995888,0,0,0
198008037,0,0,0
198018161,0,0,0
198028173,0,0,0
198040859,0,0,0
198050856,0,0,0
198060733,0,0,0
198071166,0,0,0
198081752,0,0,0
198091823,0,0,0
198103292,0,0,0
198113534,0,0,0
198123378,0,0,0
198133720,0,0,0
198143598,0,0,0
198154242,0,0,0
198163348,0,0,0
198173797,0,0,0
198183996,0,0,0
198193195,0,0,0
198203323,0,0,0
198213196,0,0,0
198222709,0,0,0
198232865,0,0,0
198243182,0,0,0
198252862,0,0,0
198262620,0,0,0
198273632,0,0,0
198284339,0,0,0
198294710,0,0,0
198311911,0,0,0
198321224,0,0,0
198330308,0,0,0
198341113,0,0,0
198352327,0,0,0
198362554,0,0,0
198372320,0,0,0
198383326,0,0,0
198394345,0,0,0
198403854,0,0,0
198414018,0,0,0
198424150,0,0,0
198435357,0,0,0
198445741,0,0,0
198457136,0,0,0
198467231,0,0,0
198476903,0,0,0
198488405,0,0,0
198499096,0,0,0
198508795,0,0,0
198518575,0,0,0
198528727,0,0,0
198538093,0,0,0
198549320,0,0,0
198559075,0,0,0
198568361,0,0,0
198578384,0,0,0
198587701,0,0,0
198598362,0,0,0
198608560,0,0,0
198618426,0,0,0
198628510,0,0,0
198638662,0,0,0
198650875,0,0,0
198661688,0,0,0
198671787,0,0,0
198682818,0,0,0
198692402,0,0,0
198703007,0,0,0
198713228,0,0,0
198722563,0,0,0
198731855,0,0,0
198742777,0,0,0
198753152,0,0,0
198764110,0,0,0
198773925,0,0,0
198783727,0,0,0
198794200,0,0,0
198805066,0,0,0
198815438,0,0,0
198825887,0,0,0
198835841,0,0,0
198846656,0,0,0
198856191,0,0,0
198866063,0,0,0
198876370,0,0,0
198886301,0,0,0
198898139,0,0,0
198907646,0,0,0
198917314,0,0,0
198927263,0,0,0
198937998,0,0,0
198947351,0,0,0
198957370,0,0,0
198967562,0,0,0
198977413,0,0,0
198989391,0,0,0
198999598,0,0,0
199009129,0,0,0
199019594,0,0,0
199029913,0,0,0
199040006,0,0,0
199051198,0,0,0
199061501,0,0,0
199071398,0,0,0
199081068,0,0,0
199093717,0,0,0
199103538,0,0,0
199113408,0,0,0
199122606,0,0,0
199132817,0,0,0
199152146,0,0,0
199162445,0,0,0
199172748,0,0,0
199182052,0,0,0
199192095,0,0,0
199204107,0,0,0
199213810,0,0,0
199223797,0,0,0
199234505,0,0,0
199244681,0,0,0
199254246,0,0,0
199264574,0,0,0
199275396,0,0,0
199285132,0,0,0
199295680,0,0,0
199305047,0,0,0
199313670,0,0,0
199324766,0,0,0
199335701,0,0,0
199346938,0,0,0
199356613,0,0,0
199366052,0,0,0
199377009,0,0,0
199386809,0,0,0
199396638,0,0,0
199407984,0,0,0
199417873,0,0,0
199428107,0,0,0
199438949,0,0,0
199450023,0,0,0
199459882,0,0,0
199470255,0,0,0
199480782,0,0,0
199495039,0,0,0
199505479,0,0,0
199516388,0,0,0
199528407,0,0,0
199539740,0,0,0
199549965,0,0,0
199561024,0,0,0
199572084,0,0,0
199584176,0,0,0
199594452,0,0,0
199605625,0,0,0
199616106,0,0,0
199630478,0,0,0
199641571,0,0,0
199651923,0,0,0
199661501,0,0,0
199671508,0,0,0
199682215,0,0,0
199693614,0,0,0
199704205,0,0,0
199714017,0,0,0
199724422,0,0,0
199734818,0,0,0
199745211,0,0,0
199755437,0,0,0
199766225,0,0,0
199777883,0,0,0
199788023,0,0,0
199797302,0,0,0
199807765,0,0,0
199817775,0,0,0
199828274,0,0,0
199838590,0,0,0
199848616,0,0,0
199858538,0,0,0
199868061,0,0,0
199878402,0,0,0
199888262,0,0,0
199899677,0,0,0
199910826,0,0,0
199921337,0,0,0
199931346,0,0,0
199941122,0,0,0
199950337,0,0,0
199961246,0,0,0
199972110,0,0,0
199983440,0,0,0
199993653,0,0,0
200004013,0,0,0
200015099,0,0,0
200024626,0,0,0
200035584,0,0,0
200045646,0,0,0
200055233,0,0,0
200066059,0,0,0
200075967,0,0,0
200085719,0,0,0
200095473,0,0,0
200106210,0,0,0
200117479,0,0,0
200127818,0,0,0
200137759,0,0,0
200149152,0,0,0
200159573,0,0,0
200168940,0,0,0
200179355,0,0,0
200190466,0,0,0
200200753,0,0,0
200214608,0,0,0
200225415,0,0,0
200235507,0,0,0
200247329,0,0,0
200258129,0,0,0
200269728,0,0,0
200279245,0,0,0
200290390,0,0,0
200300536,0,0,0
200310485,0,0,0
200323205,0,0,0
200334891,0,0,0
200344678,0,0,0
200353595,0,0,0
200364974,0,0,0
200375762,0,0,0
200385882,0,0,0
200396030,0,0,0
200405977,0,0,0
200415724,0,0,0
200426132,0,0,0
200435515,0,0,0
200445814,0,0,0
200458218,0,0,0
200468075,0,0,0
200478289,0,0,0
200488578,0,0,0
200499931,0,0,0
200509256,0,0,0
200520006,0,0,0
200529778,0,0,0
200540374,0,0,0
200550931,0,0,0
200560909,0,0,0
200571321,0,0,0
200582719,0,0,0
200593968,0,0,0
200603875,0,0,0
200615695,0,0,0
200626420,0,0,0
200636735,0,0,0
200647376,0,0,0
200657479,0,0,0
200668585,0,0,0
200679491,0,0,0
200691313,0,0,0
200702610,0,0,0
200713064,0,0,0
200724967,0,0,0
200735509,0,0,0
200747737,0,0,0
200757444,0,0,0
200768742,0,0,0
200778977,0,0,0
200791029,0,0,0
200801396,0,0,0
200811016,0,0,0
200822521,0,0,0
200833299,0,0,0
200842566,0,0,0
200854489,0,0,0
200865365,0,0,0
200875682,0,0,0
200885876,0,0,0
200895384,0,0,0
200905231,0,0,0
200917003,0,0,0
200929507,0,0,0
200941886,0,0,0
200953546,0,0,0
200964810,0,0,0
200975971,0,0,0
200987192,0,0,0
200998406,0,0,0
201008693,0,0,0
201020891,0,0,0
201031761,0,0,0
201041630,0,0,0
201053251,0,0,0
201064792,0,0,0
201075980,0,0,0
201087559,0,0,0
201097697,0,0,0
201108915,0,0,0
201119257,0,0,0
201130417,0,0,0
201141594,0,0,0
201151711,0,0,0
201163175,0,0,0
201173222,0,0,0
201183691,0,0,0
201195215,0,0,0
201204684,0,0,0
201215746,0,0,0
201225471,0,0,0
201235319,0,0,0
201245362,0,0,0
201257049,0,0,0
201267210,0,0,0
201277610,0,0,0
201291739,0,0,0
201302837,0,0,0
201314347,0,0,0
201324156,0,0,0
201343677,0,0,0
201356570,0,0,0
201369334,0,0,0
201381067,0,0,0
201391108,0,0,0
201400809,0,0,0
201411051,0,0,0
201422521,0,0,0
201433755,0,0,0
201442982,0,0,0
201454219,0,0,0
201465645,0,0,0
201476866,0,0,0
201488976,0,0,0
201499138,0,0,0
201508708,0,0,0
201520401,0,0,0
201530763,0,0,0
201541994,0,0,0
201551553,0,0,0
201563568,0,0,0
201574267,0,0,0
201586388,0,0,0
201598170,0,0,0
201607963,0,0,0
201617090,0,0,0
201627621,0,0,0
201638331,0,0,0
201648064,0,0,0
201658649,0,0,0
201669890,0,0,0
201681931,0,0,0
201691537,0,0,0
201701691,0,0,0
201712473,0,0,0
201724440,0,0,0
201735322,0,0,0
201749565,0,0,0
201758797,0,0,0
201772360,0,0,0
201782658,0,0,0
201794020,0,0,0
