timestamp,strain_gauge_1,strain_gauge_2,strain_gauge_3,chunk_id,bit_shift_detected,corrected_timestamp,rate_ratio
222185,2020,488,1203,184,0,222185,1.0287046347929427
233349,2034,472,1242,184,0,233349,1.0287046347929427
246172,2037,480,1225,184,0,246172,1.0287046347929427
256282,2036,465,1205,184,0,256282,1.0287046347929427
267140,2038,480,1224,184,0,267140,1.0287046347929427
278661,2030,456,1227,184,0,278661,1.0287046347929427
288515,2033,480,1235,184,0,288515,1.0287046347929427
299805,2029,478,1240,184,0,299805,1.0287046347929427
312047,2037,472,1219,184,0,312047,1.0287046347929427
322981,2037,476,1200,184,0,322981,1.0287046347929427
336999,2031,469,1234,184,0,336999,1.0287046347929427
346281,2037,470,1251,184,0,346281,1.0287046347929427
357113,2035,474,1220,184,0,357113,1.0287046347929427
369445,2040,478,1246,184,0,369445,1.0287046347929427
380017,2037,464,1262,184,0,380017,1.0287046347929427
392002,2033,482,1240,184,0,392002,1.0287046347929427
401299,2037,478,1254,184,0,401299,1.0287046347929427
411836,2029,477,1268,184,0,411836,1.0287046347929427
423716,2024,466,1243,184,0,423716,1.0287046347929427
433575,2038,473,1236,184,0,433575,1.0287046347929427
443161,2031,472,1268,184,0,443161,1.0287046347929427
453695,2036,473,1232,184,0,453695,1.0287046347929427
466315,2048,472,1208,184,0,466315,1.0287046347929427
476277,2029,475,1240,184,0,476277,1.0287046347929427
485469,2041,483,1232,184,0,485469,1.0287046347929427
495473,2035,478,1237,184,0,495473,1.0287046347929427
506379,2034,477,1234,184,0,506379,1.0287046347929427
515697,2031,489,1205,184,0,515697,1.0287046347929427
528013,2056,484,1256,184,0,528013,1.0287046347929427
538416,2042,475,1259,184,0,538416,1.0287046347929427
548501,2049,480,1232,184,0,548501,1.0287046347929427
558634,2030,476,1248,184,0,558634,1.0287046347929427
570004,2037,478,1220,184,0,570004,1.0287046347929427
583485,2043,473,1231,184,0,583485,1.0287046347929427
596941,2034,475,1249,184,0,596941,1.0287046347929427
622793,2039,492,1233,184,0,622793,1.0287046347929427
633083,2056,493,1232,184,0,633083,1.0287046347929427
657700,2056,488,1234,184,0,657700,1.0287046347929427
666110,2045,476,1254,184,0,666110,1.0287046347929427
674912,2037,483,1248,184,0,674912,1.0287046347929427
684849,2032,478,1266,184,0,684849,1.0287046347929427
697039,2041,486,1257,184,0,697039,1.0287046347929427
706637,2037,477,1276,184,0,706637,1.0287046347929427
717646,2029,496,1231,184,0,717646,1.0287046347929427
728087,2043,478,1251,184,0,728087,1.0287046347929427
736815,2031,477,1233,184,0,736815,1.0287046347929427
750165,2037,480,1273,184,0,750165,1.0287046347929427
762052,2035,478,1239,184,0,762052,1.0287046347929427
771475,2030,475,1261,184,0,771475,1.0287046347929427
780772,2029,485,1258,184,0,780772,1.0287046347929427
792520,2028,480,1243,184,0,792520,1.0287046347929427
804750,2041,498,1258,184,0,804750,1.0287046347929427
813510,2029,483,1225,184,0,813510,1.0287046347929427
825075,2032,482,1240,184,0,825075,1.0287046347929427
835276,2043,478,1276,184,0,835276,1.0287046347929427
844461,2032,478,1243,184,0,844461,1.0287046347929427
856597,2036,475,1237,184,0,856597,1.0287046347929427
868432,2040,478,1228,184,0,868432,1.0287046347929427
880060,2044,482,1243,184,0,880060,1.0287046347929427
891647,2048,481,1238,184,0,891647,1.0287046347929427
901328,2011,508,1246,184,0,901328,1.0287046347929427
912231,2033,484,1231,184,0,912231,1.0287046347929427
922894,2039,486,1245,184,0,922894,1.0287046347929427
933023,2052,495,1239,184,0,933023,1.0287046347929427
944173,2041,484,1235,184,0,944173,1.0287046347929427
954763,2036,498,1235,184,0,954763,1.0287046347929427
964544,2022,488,1266,184,0,964544,1.0287046347929427
976679,2021,491,1242,184,0,976679,1.0287046347929427
987682,2042,483,1235,184,0,987682,1.0287046347929427
997847,2056,467,1236,184,0,997847,1.0287046347929427
1007345,2044,472,1231,184,0,1007345,1.0287046347929427
1018598,2030,481,1028,184,0,1018598,1.0287046347929427
1028666,2033,486,1244,184,0,1028666,1.0287046347929427
1038902,2040,486,1262,184,0,1038902,1.0287046347929427
1048621,2035,495,1239,184,0,1048621,1.0287046347929427
1057967,2031,494,1234,184,0,1057967,1.0287046347929427
1067945,2041,468,1246,184,0,1067945,1.0287046347929427
1077521,2033,486,1217,184,0,1077521,1.0287046347929427
1086704,2036,494,1244,184,0,1086704,1.0287046347929427
1097720,2042,488,1253,184,0,1097720,1.0287046347929427
1108932,2030,485,1238,184,0,1108932,1.0287046347929427
1119059,2043,475,1028,184,0,1119059,1.0287046347929427
1129588,2043,485,1259,184,0,1129588,1.0287046347929427
1141360,2042,496,1206,184,0,1141360,1.0287046347929427
1150224,2042,480,1233,184,0,1150224,1.0287046347929427
1161082,2029,485,1187,184,0,1161082,1.0287046347929427
1173223,2035,508,1219,184,0,1173223,1.0287046347929427
1182741,2041,482,1237,184,0,1182741,1.0287046347929427
1193695,2042,500,1259,184,0,1193695,1.0287046347929427
1202778,2040,489,1220,184,0,1202778,1.0287046347929427
1211868,2031,480,1262,184,0,1211868,1.0287046347929427
1221275,2031,488,1233,184,0,1221275,1.0287046347929427
1233885,2041,497,1204,184,0,1233885,1.0287046347929427
1242842,2048,490,1229,184,0,1242842,1.0287046347929427
1251780,2038,482,1205,184,0,1251780,1.0287046347929427
1261766,2025,494,1234,184,0,1261766,1.0287046347929427
1273427,2039,484,1223,184,0,1273427,1.0287046347929427
1284088,2034,494,1251,184,0,1284088,1.0287046347929427
1293445,2030,492,1249,184,0,1293445,1.0287046347929427
1303938,2027,493,1214,184,0,1303938,1.0287046347929427
1315907,2042,487,1259,184,0,1315907,1.0287046347929427
1324984,2058,490,1244,184,0,1324984,1.0287046347929427
1337348,2052,492,1222,184,0,1337348,1.0287046347929427
1348428,2049,489,1260,184,0,1348428,1.0287046347929427
1360020,2034,506,1201,184,0,1360020,1.0287046347929427
1369548,2049,484,1228,184,0,1369548,1.0287046347929427
1380137,2033,480,1241,184,0,1380137,1.0287046347929427
1391177,2050,485,1213,184,0,1391177,1.0287046347929427
1403164,2048,481,1253,184,0,1403164,1.0287046347929427
1412999,2039,477,1237,184,0,1412999,1.0287046347929427
1422960,2040,477,1239,184,0,1422960,1.0287046347929427
1434507,2044,484,1217,184,0,1434507,1.0287046347929427
1446272,2043,490,1268,184,0,1446272,1.0287046347929427
1455764,2056,488,1268,184,0,1455764,1.0287046347929427
1465830,2052,487,1245,184,0,1465830,1.0287046347929427
1475668,2041,481,1227,184,0,1475668,1.0287046347929427
1485677,2048,468,1271,184,0,1485677,1.0287046347929427
1498310,2053,492,1236,184,0,1498310,1.0287046347929427
1507864,2068,484,1235,184,0,1507864,1.0287046347929427
1519805,2060,476,1203,184,0,1519805,1.0287046347929427
1530623,2051,476,1245,184,0,1530623,1.0287046347929427
1539939,2044,478,1267,184,0,1539939,1.0287046347929427
1551095,2062,483,1242,184,0,1551095,1.0287046347929427
1561934,2057,484,1230,184,0,1561934,1.0287046347929427
1576057,2060,487,1256,184,0,1576057,1.0287046347929427
1586108,2048,491,1267,184,0,1586108,1.0287046347929427
1596180,2063,506,1250,184,0,1596180,1.0287046347929427
1607175,2035,500,1224,184,0,1607175,1.0287046347929427
1616882,2057,480,1252,184,0,1616882,1.0287046347929427
1627394,2045,473,1272,184,0,1627394,1.0287046347929427
1638144,2049,475,1254,184,0,1638144,1.0287046347929427
1647566,2056,483,1228,184,0,1647566,1.0287046347929427
1657457,2052,476,1268,184,0,1657457,1.0287046347929427
1668960,2050,493,1265,184,0,1668960,1.0287046347929427
1679078,2056,489,1250,184,0,1679078,1.0287046347929427
1690121,2052,475,1267,184,0,1690121,1.0287046347929427
1699537,2050,485,1262,184,0,1699537,1.0287046347929427
1711728,2037,492,1235,184,0,1711728,1.0287046347929427
1723255,2051,477,1248,184,0,1723255,1.0287046347929427
1733836,2053,490,1272,184,0,1733836,1.0287046347929427
1744213,2052,492,1211,184,0,1744213,1.0287046347929427
1754844,2043,491,1250,184,0,1754844,1.0287046347929427
1763589,2038,482,1259,184,0,1763589,1.0287046347929427
1772853,2045,480,1222,184,0,1772853,1.0287046347929427
1784330,2049,487,1214,184,0,1784330,1.0287046347929427
1793231,2056,485,1225,184,0,1793231,1.0287046347929427
1803317,2053,481,1234,184,0,1803317,1.0287046347929427
1814358,2052,478,1277,184,0,1814358,1.0287046347929427
1824512,2048,485,1241,184,0,1824512,1.0287046347929427
1835864,2048,485,1217,184,0,1835864,1.0287046347929427
1845828,2048,481,1221,184,0,1845828,1.0287046347929427
1856342,2057,496,1228,184,0,1856342,1.0287046347929427
1867493,2037,491,1202,184,0,1867493,1.0287046347929427
1878370,2053,493,1220,184,0,1878370,1.0287046347929427
1889100,2037,477,1240,184,0,1889100,1.0287046347929427
1899075,2049,495,1250,184,0,1899075,1.0287046347929427
1908637,2036,492,1232,184,0,1908637,1.0287046347929427
1918580,2036,490,1251,184,0,1918580,1.0287046347929427
1927026,2033,486,1225,184,0,1927026,1.0287046347929427
1939140,2048,488,1228,184,0,1939140,1.0287046347929427
1948469,2049,480,1243,184,0,1948469,1.0287046347929427
1957968,2045,474,1225,184,0,1957968,1.0287046347929427
1968445,2036,494,1251,184,0,1968445,1.0287046347929427
1977201,2037,489,1199,184,0,1977201,1.0287046347929427
1986571,2034,489,1245,184,0,1986571,1.0287046347929427
1997511,2027,489,1218,184,0,1997511,1.0287046347929427
2008720,2050,488,1265,184,0,2008720,1.0287046347929427
2019047,2035,484,1243,184,0,2019047,1.0287046347929427
2029424,2048,490,1218,184,0,2029424,1.0287046347929427
2041433,2025,492,1205,184,0,2041433,1.0287046347929427
2050761,2050,488,1219,184,0,2050761,1.0287046347929427
2062502,2038,491,1253,184,0,2062502,1.0287046347929427
2074476,2029,493,1229,184,0,2074476,1.0287046347929427
2084190,2034,491,1253,184,0,2084190,1.0287046347929427
2093801,2043,497,1226,184,0,2093801,1.0287046347929427
2102895,2056,489,1252,184,0,2102895,1.0287046347929427
2114291,2033,492,1242,184,0,2114291,1.0287046347929427
2124826,2043,486,1226,184,0,2124826,1.0287046347929427
2135340,2056,485,1213,184,0,2135340,1.0287046347929427
2146570,2034,482,1216,184,0,2146570,1.0287046347929427
2158713,2073,492,1194,184,0,2158713,1.0287046347929427
2168144,2045,482,1268,184,0,2168144,1.0287046347929427
2179612,2053,489,1237,184,0,2179612,1.0287046347929427
2190476,2059,483,1212,184,0,2190476,1.0287046347929427
2200754,2044,490,1258,184,0,2200754,1.0287046347929427
2210552,2050,488,1234,184,0,2210552,1.0287046347929427
2221659,2033,469,1239,184,0,2221659,1.0287046347929427
2232134,2032,482,1265,184,0,2232134,1.0287046347929427
2242900,2048,508,1276,184,0,2242900,1.0287046347929427
2253838,2044,483,1030,184,0,2253838,1.0287046347929427
2265413,2043,480,1225,184,0,2265413,1.0287046347929427
2275638,2036,488,1234,184,0,2275638,1.0287046347929427
2285698,2056,490,1251,184,0,2285698,1.0287046347929427
2296082,2052,482,1254,184,0,2296082,1.0287046347929427
2306627,2048,472,1261,184,0,2306627,1.0287046347929427
2317165,2050,483,1244,184,0,2317165,1.0287046347929427
2327027,2049,498,1240,184,0,2327027,1.0287046347929427
2337149,2051,489,1248,184,0,2337149,1.0287046347929427
2347459,2038,474,1187,184,0,2347459,1.0287046347929427
2357541,2041,484,1238,184,0,2357541,1.0287046347929427
2367491,2056,483,1217,184,0,2367491,1.0287046347929427
2378531,2037,493,1231,184,0,2378531,1.0287046347929427
2388160,2053,477,1242,184,0,2388160,1.0287046347929427
2398823,2051,474,1258,184,0,2398823,1.0287046347929427
2408665,2052,478,1027,184,0,2408665,1.0287046347929427
2418849,2043,480,1234,184,0,2418849,1.0287046347929427
2428754,2044,485,1209,184,0,2428754,1.0287046347929427
2443436,2041,478,1241,184,0,2443436,1.0287046347929427
2452750,2041,470,1230,184,0,2452750,1.0287046347929427
2461938,2042,483,1243,184,0,2461938,1.0287046347929427
2474054,2042,490,1212,184,0,2474054,1.0287046347929427
2484932,2048,490,1256,184,0,2484932,1.0287046347929427
2493579,2048,497,1240,184,0,2493579,1.0287046347929427
2502950,2054,483,1260,184,0,2502950,1.0287046347929427
2513690,2041,477,1248,184,0,2513690,1.0287046347929427
2524757,2038,479,1252,184,0,2524757,1.0287046347929427
2535592,2042,476,1246,184,0,2535592,1.0287046347929427
2546088,2016,488,1230,184,0,2546088,1.0287046347929427
2557120,2040,494,1225,184,0,2557120,1.0287046347929427
2567944,2032,488,1238,184,0,2567944,1.0287046347929427
2580356,2040,476,1025,184,0,2580356,1.0287046347929427
2590396,2044,491,1248,184,0,2590396,1.0287046347929427
2602101,2049,494,1257,184,0,2602101,1.0287046347929427
2612192,2049,489,1257,184,0,2612192,1.0287046347929427
2621135,2041,484,1252,184,0,2621135,1.0287046347929427
2632556,2056,475,1233,184,0,2632556,1.0287046347929427
2641529,2041,490,1241,184,0,2641529,1.0287046347929427
2655915,2040,485,1207,184,0,2655915,1.0287046347929427
2666912,2033,482,1231,184,0,2666912,1.0287046347929427
2676375,2048,489,1219,184,0,2676375,1.0287046347929427
2686448,2051,495,1249,184,0,2686448,1.0287046347929427
2696586,2048,501,1215,184,0,2696586,1.0287046347929427
2706624,2069,495,1235,184,0,2706624,1.0287046347929427
2717047,2048,497,1195,184,0,2717047,1.0287046347929427
2728240,2043,493,1258,184,0,2728240,1.0287046347929427
2737648,2045,501,1252,184,0,2737648,1.0287046347929427
2749482,2044,494,1243,184,0,2749482,1.0287046347929427
2759615,2038,481,1261,184,0,2759615,1.0287046347929427
2769165,2041,490,1238,184,0,2769165,1.0287046347929427
2778071,2036,502,1262,184,0,2778071,1.0287046347929427
2788042,2037,500,1234,184,0,2788042,1.0287046347929427
2797720,2029,482,1261,184,0,2797720,1.0287046347929427
2807964,2052,488,1266,184,0,2807964,1.0287046347929427
2820355,2041,505,1268,184,0,2820355,1.0287046347929427
2831407,2063,508,1240,184,0,2831407,1.0287046347929427
2841904,2049,490,1246,184,0,2841904,1.0287046347929427
2853341,2028,496,1245,184,0,2853341,1.0287046347929427
2864551,2039,479,1265,184,0,2864551,1.0287046347929427
2873695,2043,504,1269,184,0,2873695,1.0287046347929427
2883134,2037,490,1265,184,0,2883134,1.0287046347929427
2892462,2061,503,1272,184,0,2892462,1.0287046347929427
2901503,2041,490,1248,184,0,2901503,1.0287046347929427
2914616,2036,466,1274,184,0,2914616,1.0287046347929427
2923081,2037,486,1224,184,0,2923081,1.0287046347929427
2933640,2049,492,1234,184,0,2933640,1.0287046347929427
2945559,2044,487,1217,184,0,2945559,1.0287046347929427
2957618,2050,490,1229,184,0,2957618,1.0287046347929427
2967109,2048,511,1240,184,0,2967109,1.0287046347929427
2977908,2054,501,1265,184,0,2977908,1.0287046347929427
2988798,2042,490,1264,184,0,2988798,1.0287046347929427
2999211,2041,493,1243,184,0,2999211,1.0287046347929427
3008393,2043,494,1263,184,0,3008393,1.0287046347929427
3017848,2044,489,1250,184,0,3017848,1.0287046347929427
3027454,2040,494,1240,184,0,3027454,1.0287046347929427
3036671,2040,497,1213,184,0,3036671,1.0287046347929427
3047793,2053,498,1213,184,0,3047793,1.0287046347929427
3057174,2030,504,1245,184,0,3057174,1.0287046347929427
3067361,2038,506,1236,184,0,3067361,1.0287046347929427
3077235,2039,491,1242,184,0,3077235,1.0287046347929427
3087715,2031,492,1227,184,0,3087715,1.0287046347929427
3097578,2043,497,1258,184,0,3097578,1.0287046347929427
3107506,2059,507,1239,184,0,3107506,1.0287046347929427
3117437,2056,497,1235,184,0,3117437,1.0287046347929427
3130604,2044,499,1243,184,0,3130604,1.0287046347929427
3140004,2041,493,1235,184,0,3140004,1.0287046347929427
3149243,2048,490,1262,184,0,3149243,1.0287046347929427
3158819,2051,493,1209,184,0,3158819,1.0287046347929427
3171207,2029,502,1223,184,0,3171207,1.0287046347929427
3181901,2037,494,1271,184,0,3181901,1.0287046347929427
3192559,2040,487,1262,184,0,3192559,1.0287046347929427
3200910,2048,489,1234,184,0,3200910,1.0287046347929427
3211164,2040,488,1243,184,0,3211164,1.0287046347929427
3223934,2040,483,1257,184,0,3223934,1.0287046347929427
3233013,2041,490,1237,184,0,3233013,1.0287046347929427
3243049,2042,491,1209,184,0,3243049,1.0287046347929427
3252918,2035,489,1240,184,0,3252918,1.0287046347929427
3266639,2032,480,1236,184,0,3266639,1.0287046347929427
3277682,2037,485,1241,184,0,3277682,1.0287046347929427
3287880,2040,470,1256,184,0,3287880,1.0287046347929427
3297305,2040,482,1192,184,0,3297305,1.0287046347929427
3307096,2035,491,1226,184,0,3307096,1.0287046347929427
3316230,2050,496,1243,184,0,3316230,1.0287046347929427
3327783,2038,485,1220,184,0,3327783,1.0287046347929427
3339427,2038,486,1228,184,0,3339427,1.0287046347929427
3350179,2036,496,1251,184,0,3350179,1.0287046347929427
3359163,2041,492,1278,184,0,3359163,1.0287046347929427
3370451,2032,501,1262,184,0,3370451,1.0287046347929427
3383415,2038,486,1248,184,0,3383415,1.0287046347929427
3395738,2017,483,1249,184,0,3395738,1.0287046347929427
3406561,2049,490,1265,184,0,3406561,1.0287046347929427
3417689,2034,482,1243,184,0,3417689,1.0287046347929427
3426077,2052,494,1225,184,0,3426077,1.0287046347929427
3436301,2052,490,1259,184,0,3436301,1.0287046347929427
3445707,2052,481,1235,184,0,3445707,1.0287046347929427
3454985,2067,480,1251,184,0,3454985,1.0287046347929427
3463925,2057,498,1216,184,0,3463925,1.0287046347929427
3473884,2052,483,1226,184,0,3473884,1.0287046347929427
3483096,2034,484,1233,184,0,3483096,1.0287046347929427
3493850,2050,489,1227,184,0,3493850,1.0287046347929427
3503994,2057,498,1230,184,0,3503994,1.0287046347929427
3512778,2053,493,1254,184,0,3512778,1.0287046347929427
3522244,2034,488,1228,184,0,3522244,1.0287046347929427
3532870,2041,484,1231,184,0,3532870,1.0287046347929427
3543877,2041,505,1258,184,0,3543877,1.0287046347929427
3552384,2048,484,1217,184,0,3552384,1.0287046347929427
3567947,2051,491,1218,184,0,3567947,1.0287046347929427
3577867,2050,487,1251,184,0,3577867,1.0287046347929427
3588483,2039,483,1025,184,0,3588483,1.0287046347929427
3601116,2041,493,1187,184,0,3601116,1.0287046347929427
3610738,2042,492,1228,184,0,3610738,1.0287046347929427
3621281,2035,498,1237,184,0,3621281,1.0287046347929427
3632445,2059,494,1243,184,0,3632445,1.0287046347929427
3642219,2027,486,1232,184,0,3642219,1.0287046347929427
3652649,2045,490,1237,184,0,3652649,1.0287046347929427
3662595,2048,489,1251,184,0,3662595,1.0287046347929427
3673096,2037,488,1230,184,0,3673096,1.0287046347929427
3684864,2043,486,1177,184,0,3684864,1.0287046347929427
3695723,2037,506,1244,184,0,3695723,1.0287046347929427
3707695,2049,489,1232,184,0,3707695,1.0287046347929427
3719320,2049,476,1212,184,0,3719320,1.0287046347929427
3728425,2048,494,1230,184,0,3728425,1.0287046347929427
3738465,2043,489,1216,184,0,3738465,1.0287046347929427
3749370,2049,489,1262,184,0,3749370,1.0287046347929427
3757840,2053,489,1240,184,0,3757840,1.0287046347929427
3768449,2048,495,1213,184,0,3768449,1.0287046347929427
3781900,2034,480,1247,184,0,3781900,1.0287046347929427
3792660,2050,485,1264,184,0,3792660,1.0287046347929427
3801769,2049,492,1229,184,0,3801769,1.0287046347929427
3811233,2045,484,1231,184,0,3811233,1.0287046347929427
3822836,2038,480,1233,184,0,3822836,1.0287046347929427
3833067,2041,478,1244,184,0,3833067,1.0287046347929427
3844134,2035,485,1278,184,0,3844134,1.0287046347929427
3852817,2052,469,1244,184,0,3852817,1.0287046347929427
3861577,2040,473,1209,184,0,3861577,1.0287046347929427
3871264,2037,485,1196,184,0,3871264,1.0287046347929427
3880474,2036,493,1026,184,0,3880474,1.0287046347929427
3892664,2049,488,1272,184,0,3892664,1.0287046347929427
3904042,2039,481,1253,184,0,3904042,1.0287046347929427
3914636,2041,477,1245,184,0,3914636,1.0287046347929427
3924169,2035,504,1227,184,0,3924169,1.0287046347929427
3935006,2052,499,1244,184,0,3935006,1.0287046347929427
3945480,2065,491,1234,184,0,3945480,1.0287046347929427
3954138,2043,499,1220,184,0,3954138,1.0287046347929427
3965108,2037,480,1277,184,0,3965108,1.0287046347929427
3976495,2043,485,1249,184,0,3976495,1.0287046347929427
3985511,2041,491,1264,184,0,3985511,1.0287046347929427
3996450,2048,504,1256,184,0,3996450,1.0287046347929427
4009473,2057,482,1244,184,0,4009473,1.0287046347929427
4020637,2057,493,1254,184,0,4020637,1.0287046347929427
4036793,2051,485,1228,184,0,4036793,1.0287046347929427
4047272,2049,492,1231,184,0,4047272,1.0287046347929427
4055803,2049,491,1238,184,0,4055803,1.0287046347929427
4068597,2040,491,1225,184,0,4068597,1.0287046347929427
4080414,2021,488,1245,184,0,4080414,1.0287046347929427
4089855,2040,482,1240,184,0,4089855,1.0287046347929427
4100860,2033,492,1238,184,0,4100860,1.0287046347929427
4112639,2054,466,1229,184,0,4112639,1.0287046347929427
4124109,2052,484,1209,184,0,4124109,1.0287046347929427
4134339,2040,486,1262,184,0,4134339,1.0287046347929427
4142787,2038,478,1278,184,0,4142787,1.0287046347929427
4152498,2050,478,1233,184,0,4152498,1.0287046347929427
4162371,2043,483,1240,184,0,4162371,1.0287046347929427
4171926,2053,474,1243,184,0,4171926,1.0287046347929427
4183803,2040,477,1262,184,0,4183803,1.0287046347929427
4193294,2034,485,1258,184,0,4193294,1.0287046347929427
4202350,2052,501,1270,184,0,4202350,1.0287046347929427
4213896,2043,493,1247,184,0,4213896,1.0287046347929427
4224885,2056,490,1258,184,0,4224885,1.0287046347929427
4234808,2038,489,1273,184,0,4234808,1.0287046347929427
4244833,2037,490,1265,184,0,4244833,1.0287046347929427
4254502,2043,480,1231,184,0,4254502,1.0287046347929427
4264968,2066,489,1205,184,0,4264968,1.0287046347929427
4278222,2042,486,1218,184,0,4278222,1.0287046347929427
4287502,2041,501,1192,184,0,4287502,1.0287046347929427
4296653,2057,478,1222,184,0,4296653,1.0287046347929427
4310439,2051,493,1256,184,0,4310439,1.0287046347929427
4321402,2051,476,1261,184,0,4321402,1.0287046347929427
4330200,2037,473,1250,184,0,4330200,1.0287046347929427
4341094,2043,482,1239,184,0,4341094,1.0287046347929427
4351609,2043,488,1234,184,0,4351609,1.0287046347929427
4360290,2054,484,1276,184,0,4360290,1.0287046347929427
4372275,2048,481,1208,184,0,4372275,1.0287046347929427
4383927,2045,492,1215,184,0,4383927,1.0287046347929427
4393838,2045,488,1239,184,0,4393838,1.0287046347929427
4404826,2038,479,1230,184,0,4404826,1.0287046347929427
4413902,2057,485,1196,184,0,4413902,1.0287046347929427
4424258,2052,483,1228,184,0,4424258,1.0287046347929427
4433807,2049,487,1242,184,0,4433807,1.0287046347929427
4443892,2037,486,1276,184,0,4443892,1.0287046347929427
4454755,2052,484,1233,184,0,4454755,1.0287046347929427
4466064,2049,480,1240,184,0,4466064,1.0287046347929427
4476000,2044,498,1231,184,0,4476000,1.0287046347929427
4488815,2042,482,1264,184,0,4488815,1.0287046347929427
4499716,2052,491,1241,184,0,4499716,1.0287046347929427
4511317,2041,486,1252,184,0,4511317,1.0287046347929427
4521393,2034,477,1240,184,0,4521393,1.0287046347929427
4533343,2038,486,1205,184,0,4533343,1.0287046347929427
4544674,2037,489,1256,184,0,4544674,1.0287046347929427
4554775,2054,483,1258,184,0,4554775,1.0287046347929427
4565298,2036,483,1213,184,0,4565298,1.0287046347929427
4575228,2050,485,1222,184,0,4575228,1.0287046347929427
4583770,2043,480,1238,184,0,4583770,1.0287046347929427
4596396,2038,483,1251,184,0,4596396,1.0287046347929427
4612661,2049,473,1252,184,0,4612661,1.0287046347929427
4622699,2032,481,1270,184,0,4622699,1.0287046347929427
4632146,2048,488,1253,184,0,4632146,1.0287046347929427
4642760,2060,481,1249,184,0,4642760,1.0287046347929427
4652850,2050,484,1244,184,0,4652850,1.0287046347929427
4663026,2055,481,1027,184,0,4663026,1.0287046347929427
4676492,2032,482,1231,184,0,4676492,1.0287046347929427
4687525,2051,484,1232,184,0,4687525,1.0287046347929427
4698078,2037,483,1270,184,0,4698078,1.0287046347929427
4709077,2058,482,1237,184,0,4709077,1.0287046347929427
4718796,2057,482,1270,184,0,4718796,1.0287046347929427
4728635,2059,496,1268,184,0,4728635,1.0287046347929427
4738758,2049,479,1226,184,0,4738758,1.0287046347929427
4747962,2042,477,1228,184,0,4747962,1.0287046347929427
4758462,2052,480,1227,184,0,4758462,1.0287046347929427
4768163,2052,481,1245,184,0,4768163,1.0287046347929427
4779031,2044,480,1257,184,0,4779031,1.0287046347929427
4789340,2052,480,1261,184,0,4789340,1.0287046347929427
4799158,2056,486,1241,184,0,4799158,1.0287046347929427
4810306,2049,481,1267,184,0,4810306,1.0287046347929427
4820386,2072,478,1232,184,0,4820386,1.0287046347929427
4830516,2058,479,1267,184,0,4830516,1.0287046347929427
4841915,2063,481,1232,184,0,4841915,1.0287046347929427
4855467,2070,476,1228,184,0,4855467,1.0287046347929427
4867564,2061,462,1242,184,0,4867564,1.0287046347929427
4879207,2049,477,1252,184,0,4879207,1.0287046347929427
4889302,2059,488,1253,184,0,4889302,1.0287046347929427
4899378,2044,481,1266,184,0,4899378,1.0287046347929427
4910555,2054,480,1246,184,0,4910555,1.0287046347929427
4922832,2051,480,1245,184,0,4922832,1.0287046347929427
4934375,2050,474,1232,184,0,4934375,1.0287046347929427
4944398,2041,488,1238,184,0,4944398,1.0287046347929427
4955310,2051,481,1236,184,0,4955310,1.0287046347929427
4967434,2059,486,1236,184,0,4967434,1.0287046347929427
4977592,2057,482,1214,184,0,4977592,1.0287046347929427
4988014,2051,481,1242,184,0,4988014,1.0287046347929427
4998040,2048,488,1275,184,0,4998040,1.0287046347929427
5007993,2038,476,1248,184,0,5007993,1.0287046347929427
5016757,2044,476,1241,184,0,5016757,1.0287046347929427
5029437,2062,475,1245,184,0,5029437,1.0287046347929427
5037948,2053,484,1239,184,0,5037948,1.0287046347929427
5049706,2049,474,1242,184,0,5049706,1.0287046347929427
5059332,2062,478,1230,184,0,5059332,1.0287046347929427
5068270,2052,478,1227,184,0,5068270,1.0287046347929427
5077692,2048,478,1224,184,0,5077692,1.0287046347929427
5090061,2052,480,1203,184,0,5090061,1.0287046347929427
5099884,2059,484,1262,184,0,5099884,1.0287046347929427
5110369,2059,474,1233,184,0,5110369,1.0287046347929427
5120160,2049,482,1244,184,0,5120160,1.0287046347929427
5129992,2049,477,1242,184,0,5129992,1.0287046347929427
5140230,2051,480,1226,184,0,5140230,1.0287046347929427
5149395,2071,468,1268,184,0,5149395,1.0287046347929427
5159056,2049,488,1235,184,0,5159056,1.0287046347929427
5168892,2042,481,1237,184,0,5168892,1.0287046347929427
5180805,2043,470,1254,184,0,5180805,1.0287046347929427
5193757,2049,485,1212,184,0,5193757,1.0287046347929427
5203936,2042,472,1238,184,0,5203936,1.0287046347929427
5214543,2037,480,1278,184,0,5214543,1.0287046347929427
5226613,2041,482,1193,184,0,5226613,1.0287046347929427
5237490,2059,482,1220,184,0,5237490,1.0287046347929427
5246919,2032,472,1271,184,0,5246919,1.0287046347929427
5257116,2056,483,1236,184,0,5257116,1.0287046347929427
5268933,2038,485,1240,184,0,5268933,1.0287046347929427
5280179,2044,476,1214,184,0,5280179,1.0287046347929427
5291531,2044,480,1219,184,0,5291531,1.0287046347929427
5300894,2059,475,1235,184,0,5300894,1.0287046347929427
5312972,2057,475,1027,184,0,5312972,1.0287046347929427
5321849,2039,470,1244,184,0,5321849,1.0287046347929427
5331693,2049,469,1254,184,0,5331693,1.0287046347929427
5342256,2049,479,1252,184,0,5342256,1.0287046347929427
5352132,2049,481,1261,184,0,5352132,1.0287046347929427
5362496,2040,500,1254,184,0,5362496,1.0287046347929427
5371674,2053,475,1249,184,0,5371674,1.0287046347929427
5381712,2036,477,1233,184,0,5381712,1.0287046347929427
5393322,2051,491,1227,184,0,5393322,1.0287046347929427
5403592,2036,488,1212,184,0,5403592,1.0287046347929427
5416918,2040,487,1216,184,0,5416918,1.0287046347929427
5427280,2048,481,1253,184,0,5427280,1.0287046347929427
5437708,2038,475,1254,184,0,5437708,1.0287046347929427
5448334,2048,471,1229,184,0,5448334,1.0287046347929427
5458513,2042,479,1025,184,0,5458513,1.0287046347929427
5470011,2059,476,1241,184,0,5470011,1.0287046347929427
5481025,2038,481,1224,184,0,5481025,1.0287046347929427
5490162,2040,490,1234,184,0,5490162,1.0287046347929427
5503435,2056,486,1262,184,0,5503435,1.0287046347929427
5513519,2043,484,1258,184,0,5513519,1.0287046347929427
5524533,2048,485,1246,184,0,5524533,1.0287046347929427
5535677,2054,480,1241,184,0,5535677,1.0287046347929427
5545469,2048,467,1236,184,0,5545469,1.0287046347929427
5554735,2040,479,1233,184,0,5554735,1.0287046347929427
5564427,2048,480,1214,184,0,5564427,1.0287046347929427
5575400,2038,490,1256,184,0,5575400,1.0287046347929427
5586462,2040,496,1261,184,0,5586462,1.0287046347929427
5595585,2032,479,1257,184,0,5595585,1.0287046347929427
5605321,2058,484,1241,184,0,5605321,1.0287046347929427
5616678,2037,483,1213,184,0,5616678,1.0287046347929427
5627785,2042,477,1265,184,0,5627785,1.0287046347929427
5638208,2055,486,1242,184,0,5638208,1.0287046347929427
5647305,2037,478,1024,184,0,5647305,1.0287046347929427
5656733,2040,489,1210,184,0,5656733,1.0287046347929427
5668005,2052,479,1218,184,0,5668005,1.0287046347929427
5677516,2040,485,1255,184,0,5677516,1.0287046347929427
5686765,2057,484,1246,184,0,5686765,1.0287046347929427
5698276,2058,498,1243,184,0,5698276,1.0287046347929427
5708955,2021,492,1229,184,0,5708955,1.0287046347929427
5718462,2056,482,1220,184,0,5718462,1.0287046347929427
5728468,2061,490,1232,184,0,5728468,1.0287046347929427
5738569,2058,481,1273,184,0,5738569,1.0287046347929427
5749223,2048,475,1236,184,0,5749223,1.0287046347929427
5759188,2048,470,1248,184,0,5759188,1.0287046347929427
5771262,2050,484,1036,184,0,5771262,1.0287046347929427
5783540,2033,477,1259,184,0,5783540,1.0287046347929427
5793270,2045,487,1205,184,0,5793270,1.0287046347929427
5804406,2033,496,1251,184,0,5804406,1.0287046347929427
5814192,2038,477,1254,184,0,5814192,1.0287046347929427
5824528,2041,476,1233,184,0,5824528,1.0287046347929427
5834468,2035,489,1253,184,0,5834468,1.0287046347929427
5846585,2042,491,1258,184,0,5846585,1.0287046347929427
5857706,2043,489,1245,184,0,5857706,1.0287046347929427
5867148,2038,477,1243,184,0,5867148,1.0287046347929427
5876186,2037,491,1253,184,0,5876186,1.0287046347929427
5890060,2041,476,1240,184,0,5890060,1.0287046347929427
5903543,2043,482,1253,184,0,5903543,1.0287046347929427
5913470,2024,488,1246,184,0,5913470,1.0287046347929427
5923881,2054,492,1244,184,0,5923881,1.0287046347929427
5933142,2044,473,1229,184,0,5933142,1.0287046347929427
5942342,2050,474,1033,184,0,5942342,1.0287046347929427
5952480,2049,488,1258,184,0,5952480,1.0287046347929427
5966886,2038,476,1235,184,0,5966886,1.0287046347929427
5977425,2062,466,1233,184,0,5977425,1.0287046347929427
5987809,2039,476,1239,184,0,5987809,1.0287046347929427
5997821,2050,479,1245,184,0,5997821,1.0287046347929427
6008629,2038,480,1262,184,0,6008629,1.0287046347929427
6018942,2032,481,1245,184,0,6018942,1.0287046347929427
6030456,2037,491,1250,184,0,6030456,1.0287046347929427
6041369,2049,473,1232,184,0,6041369,1.0287046347929427
6052899,2061,485,1226,184,0,6052899,1.0287046347929427
6066048,2050,473,1241,184,0,6066048,1.0287046347929427
6077523,2037,484,1242,184,0,6077523,1.0287046347929427
6089210,2036,475,1238,184,0,6089210,1.0287046347929427
6099680,2048,464,1237,184,0,6099680,1.0287046347929427
6109553,2041,482,1249,184,0,6109553,1.0287046347929427
6123875,2044,476,1215,184,0,6123875,1.0287046347929427
6134895,2041,469,1241,184,0,6134895,1.0287046347929427
6146402,2044,476,1212,184,0,6146402,1.0287046347929427
6157752,2038,469,1248,184,0,6157752,1.0287046347929427
6167829,2061,475,1225,184,0,6167829,1.0287046347929427
6180494,2049,481,1235,184,0,6180494,1.0287046347929427
6190996,2057,472,1243,184,0,6190996,1.0287046347929427
6201533,2041,472,1227,184,0,6201533,1.0287046347929427
6211811,2037,472,1240,184,0,6211811,1.0287046347929427
6223111,2057,480,1243,184,0,6223111,1.0287046347929427
6235613,2048,476,1236,184,0,6235613,1.0287046347929427
6246254,2045,473,1230,184,0,6246254,1.0287046347929427
6255870,2052,476,1233,184,0,6255870,1.0287046347929427
6269395,2038,472,1257,184,0,6269395,1.0287046347929427
6278869,2049,462,1238,184,0,6278869,1.0287046347929427
6290474,2043,475,1252,184,0,6290474,1.0287046347929427
6302659,2040,475,1241,184,0,6302659,1.0287046347929427
6313283,2022,445,1252,184,0,6313283,1.0287046347929427
6323641,2057,483,1251,184,0,6323641,1.0287046347929427
6335461,2056,497,1235,184,0,6335461,1.0287046347929427
6346836,2051,480,1276,184,0,6346836,1.0287046347929427
6357683,2056,470,1229,184,0,6357683,1.0287046347929427
6367181,2044,456,1251,184,0,6367181,1.0287046347929427
6378362,2037,477,1205,184,0,6378362,1.0287046347929427
6388787,2041,466,1249,184,0,6388787,1.0287046347929427
6399673,2057,472,1244,184,0,6399673,1.0287046347929427
6410860,2037,480,1049,184,0,6410860,1.0287046347929427
6423082,2048,474,1203,184,0,6423082,1.0287046347929427
6431913,2051,478,1236,184,0,6431913,1.0287046347929427
6443340,2031,484,1231,184,0,6443340,1.0287046347929427
6455799,2051,482,1242,184,0,6455799,1.0287046347929427
6464827,2035,483,1258,184,0,6464827,1.0287046347929427
6475690,2051,475,1237,184,0,6475690,1.0287046347929427
6488772,2048,474,1236,184,0,6488772,1.0287046347929427
6499688,2045,492,1232,184,0,6499688,1.0287046347929427
6509843,2050,490,1192,184,0,6509843,1.0287046347929427
6520840,2040,476,1270,184,0,6520840,1.0287046347929427
6531261,2043,481,1201,184,0,6531261,1.0287046347929427
6541089,2033,485,1226,184,0,6541089,1.0287046347929427
6550245,2050,477,1196,184,0,6550245,1.0287046347929427
6560744,2049,482,1222,184,0,6560744,1.0287046347929427
6570709,2045,469,1233,184,0,6570709,1.0287046347929427
6582410,2054,477,1230,184,0,6582410,1.0287046347929427
6593684,2050,506,1249,184,0,6593684,1.0287046347929427
6602698,2042,476,1275,184,0,6602698,1.0287046347929427
6612748,2059,482,1244,184,0,6612748,1.0287046347929427
6624107,2043,476,1228,184,0,6624107,1.0287046347929427
6635343,2041,478,1230,184,0,6635343,1.0287046347929427
6648119,2034,482,1241,184,0,6648119,1.0287046347929427
6658150,2042,490,1195,184,0,6658150,1.0287046347929427
6667856,2028,481,1204,184,0,6667856,1.0287046347929427
6677116,2048,484,1238,184,0,6677116,1.0287046347929427
6687389,2040,478,1224,184,0,6687389,1.0287046347929427
6697760,2049,497,1232,184,0,6697760,1.0287046347929427
6707299,2035,494,1246,184,0,6707299,1.0287046347929427
6717460,2038,491,1240,184,0,6717460,1.0287046347929427
6729689,2036,480,1276,184,0,6729689,1.0287046347929427
6740330,2044,473,1241,184,0,6740330,1.0287046347929427
6750242,2049,480,1235,184,0,6750242,1.0287046347929427
6761340,2057,462,1243,184,0,6761340,1.0287046347929427
6773762,2033,485,1230,184,0,6773762,1.0287046347929427
6784068,2058,495,1211,184,0,6784068,1.0287046347929427
6794269,2055,469,1234,184,0,6794269,1.0287046347929427
6805689,2061,475,1245,184,0,6805689,1.0287046347929427
6815004,2042,495,1249,184,0,6815004,1.0287046347929427
6826834,2061,480,1278,184,0,6826834,1.0287046347929427
6838909,2050,483,1238,184,0,6838909,1.0287046347929427
6850063,2059,474,1255,184,0,6850063,1.0287046347929427
6859449,2053,485,1213,184,0,6859449,1.0287046347929427
6870335,2039,496,1230,184,0,6870335,1.0287046347929427
6882366,2040,492,1233,184,0,6882366,1.0287046347929427
6892799,2037,483,1190,184,0,6892799,1.0287046347929427
6902327,2042,490,1234,184,0,6902327,1.0287046347929427
6917253,2056,484,1221,184,0,6917253,1.0287046347929427
6930157,2049,486,1233,184,0,6930157,1.0287046347929427
6940589,2055,495,1228,184,0,6940589,1.0287046347929427
6949890,2051,476,1234,184,0,6949890,1.0287046347929427
6967996,2043,468,1225,184,0,6967996,1.0287046347929427
6979774,2041,464,1235,184,0,6979774,1.0287046347929427
6991508,2030,481,1216,184,0,6991508,1.0287046347929427
7005824,2050,480,1243,184,0,7005824,1.0287046347929427
7020641,2062,483,1203,184,0,7020641,1.0287046347929427
7038234,2052,485,1027,184,0,7038234,1.0287046347929427
7051075,2057,484,1254,184,0,7051075,1.0287046347929427
7066685,2043,479,1266,184,0,7066685,1.0287046347929427
7081471,2043,476,1204,184,0,7081471,1.0287046347929427
7098889,2054,499,1238,184,0,7098889,1.0287046347929427
7113704,2081,497,1241,184,0,7113704,1.0287046347929427
7141123,2060,475,1231,184,0,7141123,1.0287046347929427
7156957,2050,483,1229,184,0,7156957,1.0287046347929427
7173760,2051,485,1245,184,0,7173760,1.0287046347929427
7193905,2057,466,1216,184,0,7193905,1.0287046347929427
7209721,2061,485,1232,184,0,7209721,1.0287046347929427
7227177,2057,492,1277,184,0,7227177,1.0287046347929427
7258696,2050,483,1216,184,0,7258696,1.0287046347929427
7277198,2043,477,1237,184,0,7277198,1.0287046347929427
7292000,2033,490,1274,184,0,7292000,1.0287046347929427
7311538,2038,501,1236,184,0,7311538,1.0287046347929427
7326199,2045,478,1230,184,0,7326199,1.0287046347929427
7336018,2057,481,1273,184,0,7336018,1.0287046347929427
7346758,2056,479,1233,184,0,7346758,1.0287046347929427
7359761,2050,485,1230,184,0,7359761,1.0287046347929427
7371419,2043,480,1254,184,0,7371419,1.0287046347929427
7385555,2055,498,1234,184,0,7385555,1.0287046347929427
7396821,2059,482,1248,184,0,7396821,1.0287046347929427
7406175,2043,464,1274,184,0,7406175,1.0287046347929427
7418505,2035,485,1251,184,0,7418505,1.0287046347929427
7430182,2052,480,1030,184,0,7430182,1.0287046347929427
7440756,2070,488,1249,184,0,7440756,1.0287046347929427
7451073,2057,491,1229,184,0,7451073,1.0287046347929427
7462572,2069,494,1236,184,0,7462572,1.0287046347929427
7478823,2054,486,1236,184,0,7478823,1.0287046347929427
7490811,2057,481,1244,184,0,7490811,1.0287046347929427
7506344,2049,490,1237,184,0,7506344,1.0287046347929427
7519508,2061,481,1252,184,0,7519508,1.0287046347929427
7536304,2054,486,1204,184,0,7536304,1.0287046347929427
7548115,2053,478,1229,184,0,7548115,1.0287046347929427
7560181,2048,479,1270,184,0,7560181,1.0287046347929427
7570211,2053,477,1240,184,0,7570211,1.0287046347929427
7580621,2043,478,1230,184,0,7580621,1.0287046347929427
7595507,2045,476,1252,184,0,7595507,1.0287046347929427
7605790,2030,479,1193,184,0,7605790,1.0287046347929427
7617342,2089,483,1231,184,0,7617342,1.0287046347929427
7628938,2052,474,1262,184,0,7628938,1.0287046347929427
7637797,2059,485,1244,184,0,7637797,1.0287046347929427
7648071,2059,483,1260,184,0,7648071,1.0287046347929427
7657216,2052,485,1239,184,0,7657216,1.0287046347929427
7673965,2053,476,1211,184,0,7673965,1.0287046347929427
7688166,2070,468,1244,184,0,7688166,1.0287046347929427
7704490,2056,478,1227,184,0,7704490,1.0287046347929427
7718003,2049,478,1229,184,0,7718003,1.0287046347929427
7732887,2032,509,1252,184,0,7732887,1.0287046347929427
7748708,2041,485,1025,184,0,7748708,1.0287046347929427
7763198,2057,481,1270,184,0,7763198,1.0287046347929427
7780335,2061,493,1266,184,0,7780335,1.0287046347929427
7794159,2050,466,1216,184,0,7794159,1.0287046347929427
7810519,2040,475,1266,184,0,7810519,1.0287046347929427
7825800,2040,484,1250,184,0,7825800,1.0287046347929427
7841414,2043,480,1242,184,0,7841414,1.0287046347929427
7856817,2041,511,1205,184,0,7856817,1.0287046347929427
7871352,2049,474,1205,184,0,7871352,1.0287046347929427
7885759,2045,477,1242,184,0,7885759,1.0287046347929427
7900012,2053,492,1233,184,0,7900012,1.0287046347929427
7914651,2044,479,1246,184,0,7914651,1.0287046347929427
7928534,2052,488,1204,184,0,7928534,1.0287046347929427
7943684,2051,481,1233,184,0,7943684,1.0287046347929427
7957304,2051,485,1254,184,0,7957304,1.0287046347929427
7969545,2057,481,1209,184,0,7969545,1.0287046347929427
7983504,2048,474,1230,184,0,7983504,1.0287046347929427
7996103,2049,464,1246,184,0,7996103,1.0287046347929427
8012106,2044,473,1248,184,0,8012106,1.0287046347929427
8025712,2038,465,1248,184,0,8025712,1.0287046347929427
8040410,2041,466,1244,184,0,8040410,1.0287046347929427
8055069,2025,481,1242,184,0,8055069,1.0287046347929427
8064127,2082,478,1239,184,0,8064127,1.0287046347929427
8082023,2043,474,1246,184,0,8082023,1.0287046347929427
8096285,2051,473,1027,184,0,8096285,1.0287046347929427
8108808,2049,485,1237,184,0,8108808,1.0287046347929427
8118826,2037,478,1221,184,0,8118826,1.0287046347929427
8127364,2037,499,1240,184,0,8127364,1.0287046347929427
8141862,2036,470,1241,184,0,8141862,1.0287046347929427
8152015,2037,482,1252,184,0,8152015,1.0287046347929427
8160057,2041,488,1264,184,0,8160057,1.0287046347929427
8169085,2059,470,1244,184,0,8169085,1.0287046347929427
8186694,2043,469,1205,184,0,8186694,1.0287046347929427
8200145,2060,475,1216,184,0,8200145,1.0287046347929427
8212906,2061,483,1258,184,0,8212906,1.0287046347929427
8225836,2040,472,1229,184,0,8225836,1.0287046347929427
8239564,2050,475,1230,184,0,8239564,1.0287046347929427
8250449,2041,477,1222,184,0,8250449,1.0287046347929427
8262011,2052,489,1221,184,0,8262011,1.0287046347929427
8271847,2049,473,1243,184,0,8271847,1.0287046347929427
8283523,2060,475,1205,184,0,8283523,1.0287046347929427
8294380,2065,464,1249,184,0,8294380,1.0287046347929427
8303781,2052,484,1198,184,0,8303781,1.0287046347929427
8317381,2037,480,1237,184,0,8317381,1.0287046347929427
8327464,2045,471,1231,184,0,8327464,1.0287046347929427
8340811,2048,469,1185,184,0,8340811,1.0287046347929427
8353324,2040,478,1257,184,0,8353324,1.0287046347929427
8365856,2059,480,1228,184,0,8365856,1.0287046347929427
8381702,2035,483,1234,184,0,8381702,1.0287046347929427
8399373,2040,483,1234,184,0,8399373,1.0287046347929427
8415076,2044,485,1229,184,0,8415076,1.0287046347929427
8430363,2042,478,1243,184,0,8430363,1.0287046347929427
8449778,2049,473,1234,184,0,8449778,1.0287046347929427
8469715,2042,485,1251,184,0,8469715,1.0287046347929427
8488529,2051,480,1248,184,0,8488529,1.0287046347929427
8511979,2053,478,1026,184,0,8511979,1.0287046347929427
8527234,2058,473,1238,184,0,8527234,1.0287046347929427
8547728,2062,483,1242,184,0,8547728,1.0287046347929427
8563465,2033,478,1269,184,0,8563465,1.0287046347929427
8578924,2040,469,1242,184,0,8578924,1.0287046347929427
8594241,2035,485,1268,184,0,8594241,1.0287046347929427
8611339,2043,476,1228,184,0,8611339,1.0287046347929427
8630014,2040,465,1228,184,0,8630014,1.0287046347929427
8641961,2053,485,1232,184,0,8641961,1.0287046347929427
8657517,2036,475,1236,184,0,8657517,1.0287046347929427
8668269,2043,477,1230,184,0,8668269,1.0287046347929427
8679255,2033,498,1248,184,0,8679255,1.0287046347929427
8691484,2037,475,1244,184,0,8691484,1.0287046347929427
8702482,2054,483,1244,184,0,8702482,1.0287046347929427
8713625,2058,473,1227,184,0,8713625,1.0287046347929427
8724177,2038,522,1227,184,0,8724177,1.0287046347929427
8734099,2067,483,1240,184,0,8734099,1.0287046347929427
8746305,2037,472,1242,184,0,8746305,1.0287046347929427
8759219,2042,472,1268,184,0,8759219,1.0287046347929427
8769768,2043,491,1216,184,0,8769768,1.0287046347929427
8779263,2038,481,1233,184,0,8779263,1.0287046347929427
8789709,2043,482,1239,184,0,8789709,1.0287046347929427
8800283,2031,492,1228,184,0,8800283,1.0287046347929427
8811674,2042,487,1245,184,0,8811674,1.0287046347929427
8822115,2050,467,1249,184,0,8822115,1.0287046347929427
8834536,2069,489,1249,184,0,8834536,1.0287046347929427
8845406,2036,482,1264,184,0,8845406,1.0287046347929427
8854181,2056,486,1027,184,0,8854181,1.0287046347929427
8867810,2048,483,1240,184,0,8867810,1.0287046347929427
8877106,2037,475,1277,184,0,8877106,1.0287046347929427
8888161,2021,472,1247,184,0,8888161,1.0287046347929427
8899058,2040,473,1208,184,0,8899058,1.0287046347929427
8908970,2044,470,1238,184,0,8908970,1.0287046347929427
8917460,2049,491,1212,184,0,8917460,1.0287046347929427
8928112,2048,488,1262,184,0,8928112,1.0287046347929427
8940856,2048,479,1224,184,0,8940856,1.0287046347929427
8950794,2067,483,1250,184,0,8950794,1.0287046347929427
8962457,2054,481,1258,184,0,8962457,1.0287046347929427
8972224,2044,472,1241,184,0,8972224,1.0287046347929427
8980674,2048,481,1246,184,0,8980674,1.0287046347929427
8990865,2041,490,1251,184,0,8990865,1.0287046347929427
9002871,2051,484,1241,184,0,9002871,1.0287046347929427
9013663,2048,495,1201,184,0,9013663,1.0287046347929427
9023553,2044,493,1245,184,0,9023553,1.0287046347929427
9038356,2042,485,1225,184,0,9038356,1.0287046347929427
9049192,2060,474,1272,184,0,9049192,1.0287046347929427
9059764,2057,478,1243,184,0,9059764,1.0287046347929427
9071539,2036,478,1242,184,0,9071539,1.0287046347929427
9081355,2042,478,1257,184,0,9081355,1.0287046347929427
9092509,2041,484,1238,184,0,9092509,1.0287046347929427
9103275,2032,466,1203,184,0,9103275,1.0287046347929427
9112797,2036,478,1241,184,0,9112797,1.0287046347929427
9124143,2039,471,1194,184,0,9124143,1.0287046347929427
9135265,2028,490,1243,184,0,9135265,1.0287046347929427
9145135,2039,479,1234,184,0,9145135,1.0287046347929427
9157871,2040,462,1245,184,0,9157871,1.0287046347929427
9168662,2043,466,1250,184,0,9168662,1.0287046347929427
9178418,2036,491,1243,184,0,9178418,1.0287046347929427
9190421,2059,484,1241,184,0,9190421,1.0287046347929427
9207887,2033,475,1241,184,0,9207887,1.0287046347929427
9216588,2035,482,1236,184,0,9216588,1.0287046347929427
9231610,2038,476,1228,184,0,9231610,1.0287046347929427
9242663,2037,486,1238,184,0,9242663,1.0287046347929427
9251948,2040,479,1257,184,0,9251948,1.0287046347929427
9263509,2053,477,1024,184,0,9263509,1.0287046347929427
9273758,2034,467,1222,184,0,9273758,1.0287046347929427
9284187,2034,487,1235,184,0,9284187,1.0287046347929427
9294860,2045,473,1216,184,0,9294860,1.0287046347929427
9306218,2043,497,1250,184,0,9306218,1.0287046347929427
9316925,2044,500,1264,184,0,9316925,1.0287046347929427
9327211,2036,462,1232,184,0,9327211,1.0287046347929427
9336136,2036,480,1237,184,0,9336136,1.0287046347929427
9346527,2048,482,1210,184,0,9346527,1.0287046347929427
9358416,2049,472,1236,184,0,9358416,1.0287046347929427
9367116,2035,487,1245,184,0,9367116,1.0287046347929427
9376061,2009,475,1240,184,0,9376061,1.0287046347929427
9387125,2044,478,1033,184,0,9387125,1.0287046347929427
9399245,2035,493,1226,184,0,9399245,1.0287046347929427
9410071,2032,468,1235,184,0,9410071,1.0287046347929427
9420764,2030,494,1236,184,0,9420764,1.0287046347929427
9432189,2051,486,1251,184,0,9432189,1.0287046347929427
9444011,2044,476,1245,184,0,9444011,1.0287046347929427
9457531,2048,479,1260,184,0,9457531,1.0287046347929427
9468496,2063,477,1252,184,0,9468496,1.0287046347929427
9480333,2066,496,1243,184,0,9480333,1.0287046347929427
9490039,2048,483,1220,184,0,9490039,1.0287046347929427
9500043,2038,469,1244,184,0,9500043,1.0287046347929427
9512036,2044,498,1225,184,0,9512036,1.0287046347929427
9523358,2051,490,1247,184,0,9523358,1.0287046347929427
9533856,2034,493,1242,184,0,9533856,1.0287046347929427
9544447,2045,480,1197,184,0,9544447,1.0287046347929427
9553875,2040,478,1247,184,0,9553875,1.0287046347929427
9562612,2050,477,1232,184,0,9562612,1.0287046347929427
9575601,2045,485,1251,184,0,9575601,1.0287046347929427
9586011,2048,486,1234,184,0,9586011,1.0287046347929427
9596550,2042,492,1238,184,0,9596550,1.0287046347929427
9607117,2052,476,1244,184,0,9607117,1.0287046347929427
9618150,2042,490,1244,184,0,9618150,1.0287046347929427
9629028,2042,472,1243,184,0,9629028,1.0287046347929427
9638729,2053,484,1241,184,0,9638729,1.0287046347929427
9651200,2040,478,1245,184,0,9651200,1.0287046347929427
9661904,2043,473,1277,184,0,9661904,1.0287046347929427
9675587,2050,472,1246,184,0,9675587,1.0287046347929427
9687510,2044,484,1201,184,0,9687510,1.0287046347929427
9697774,2050,476,1264,184,0,9697774,1.0287046347929427
9717303,2043,484,1246,184,0,9717303,1.0287046347929427
9732439,2040,481,1266,184,0,9732439,1.0287046347929427
9745383,2067,485,1226,184,0,9745383,1.0287046347929427
9755651,2048,482,1212,184,0,9755651,1.0287046347929427
9766807,2066,499,1236,184,0,9766807,1.0287046347929427
9779927,2051,497,1256,184,0,9779927,1.0287046347929427
9792518,2042,450,1241,184,0,9792518,1.0287046347929427
9803644,2051,482,1242,184,0,9803644,1.0287046347929427
9814975,2073,490,1027,184,0,9814975,1.0287046347929427
9827182,2042,493,1256,184,0,9827182,1.0287046347929427
9836567,2050,490,1198,184,0,9836567,1.0287046347929427
9846934,2035,495,1219,184,0,9846934,1.0287046347929427
9856494,2055,488,1230,184,0,9856494,1.0287046347929427
9866354,2057,475,1215,184,0,9866354,1.0287046347929427
9880976,2068,476,1236,184,0,9880976,1.0287046347929427
9889652,2048,486,1273,184,0,9889652,1.0287046347929427
9901239,2083,491,1246,184,0,9901239,1.0287046347929427
9912598,2049,476,1269,184,0,9912598,1.0287046347929427
9922475,2036,483,1024,184,0,9922475,1.0287046347929427
9934445,2042,478,1212,184,0,9934445,1.0287046347929427
9944107,2048,481,1269,184,0,9944107,1.0287046347929427
9953435,2036,501,1247,184,0,9953435,1.0287046347929427
9962565,2035,477,1246,184,0,9962565,1.0287046347929427
9972195,2034,484,1233,184,0,9972195,1.0287046347929427
9982805,2040,480,1253,184,0,9982805,1.0287046347929427
9992311,2032,473,1211,184,0,9992311,1.0287046347929427
10003498,2028,474,1229,184,0,10003498,1.0287046347929427
10013852,2052,482,1221,184,0,10013852,1.0287046347929427
10025344,2058,489,1229,184,0,10025344,1.0287046347929427
10036647,2053,485,1214,184,0,10036647,1.0287046347929427
10046292,2045,482,1227,184,0,10046292,1.0287046347929427
10059159,2043,498,1225,184,0,10059159,1.0287046347929427
10069924,2045,491,1248,184,0,10069924,1.0287046347929427
10080736,2073,484,1247,184,0,10080736,1.0287046347929427
10091850,2059,492,1260,184,0,10091850,1.0287046347929427
10101366,2040,486,1214,184,0,10101366,1.0287046347929427
10114026,2040,479,1225,184,0,10114026,1.0287046347929427
10124798,2034,475,1243,184,0,10124798,1.0287046347929427
10135486,2042,492,1240,184,0,10135486,1.0287046347929427
10150316,2051,484,1254,184,0,10150316,1.0287046347929427
10162352,2054,485,1186,184,0,10162352,1.0287046347929427
10174075,2033,493,1025,184,0,10174075,1.0287046347929427
10185138,2059,500,1232,184,0,10185138,1.0287046347929427
10195946,2050,502,1222,184,0,10195946,1.0287046347929427
10206238,2048,491,1241,184,0,10206238,1.0287046347929427
10217715,2040,484,1229,184,0,10217715,1.0287046347929427
10228718,2042,459,1240,184,0,10228718,1.0287046347929427
10238089,2064,496,1259,184,0,10238089,1.0287046347929427
10251775,2037,485,1240,184,0,10251775,1.0287046347929427
10262922,2044,496,1261,184,0,10262922,1.0287046347929427
10272909,2040,494,1240,184,0,10272909,1.0287046347929427
10283001,2050,477,1231,184,0,10283001,1.0287046347929427
10295034,2055,493,1267,184,0,10295034,1.0287046347929427
10306082,2050,482,1233,184,0,10306082,1.0287046347929427
10315121,2044,481,1246,184,0,10315121,1.0287046347929427
10327619,2049,488,1234,184,0,10327619,1.0287046347929427
10339397,2050,480,1227,184,0,10339397,1.0287046347929427
10350392,2056,501,1229,184,0,10350392,1.0287046347929427
10365031,2052,484,1240,184,0,10365031,1.0287046347929427
10374930,2029,478,1235,184,0,10374930,1.0287046347929427
10387776,2049,483,1245,184,0,10387776,1.0287046347929427
10398898,2038,482,1226,184,0,10398898,1.0287046347929427
10409827,2049,498,1249,184,0,10409827,1.0287046347929427
10418406,2048,486,1213,184,0,10418406,1.0287046347929427
10428346,2034,484,1256,184,0,10428346,1.0287046347929427
10441361,2040,494,1230,184,0,10441361,1.0287046347929427
10452436,2043,485,1269,184,0,10452436,1.0287046347929427
10461786,2050,490,1250,184,0,10461786,1.0287046347929427
10473577,2042,486,1242,184,0,10473577,1.0287046347929427
10486903,2062,481,1228,184,0,10486903,1.0287046347929427
10498141,2016,475,1228,184,0,10498141,1.0287046347929427
10510231,2050,457,1228,184,0,10510231,1.0287046347929427
10519617,2051,481,1024,184,0,10519617,1.0287046347929427
10533989,2054,475,1276,184,0,10533989,1.0287046347929427
10543897,2056,485,1217,184,0,10543897,1.0287046347929427
10555138,2054,469,1205,184,0,10555138,1.0287046347929427
10564225,2060,462,1220,184,0,10564225,1.0287046347929427
10574556,2041,486,1246,184,0,10574556,1.0287046347929427
10584128,2048,485,1218,184,0,10584128,1.0287046347929427
10599020,2064,477,1278,184,0,10599020,1.0287046347929427
10610985,2045,491,1215,184,0,10610985,1.0287046347929427
10621195,2064,490,1268,184,0,10621195,1.0287046347929427
10630694,2058,474,1267,184,0,10630694,1.0287046347929427
10641058,2051,493,1246,184,0,10641058,1.0287046347929427
10650857,2052,484,1237,184,0,10650857,1.0287046347929427
10661367,2048,480,1235,184,0,10661367,1.0287046347929427
10680232,2050,486,1265,184,0,10680232,1.0287046347929427
10697236,2054,486,1264,184,0,10697236,1.0287046347929427
10714251,2039,485,1220,184,0,10714251,1.0287046347929427
10726748,2067,489,1201,184,0,10726748,1.0287046347929427
10736938,2065,496,1270,184,0,10736938,1.0287046347929427
10756054,2048,478,1256,184,0,10756054,1.0287046347929427
10768291,2052,473,1203,184,0,10768291,1.0287046347929427
10780215,2058,478,1248,184,0,10780215,1.0287046347929427
10791961,2055,483,1253,184,0,10791961,1.0287046347929427
10808464,2027,484,1206,184,0,10808464,1.0287046347929427
10819660,2059,479,1235,184,0,10819660,1.0287046347929427
10830847,2019,486,1236,184,0,10830847,1.0287046347929427
10841483,2054,483,1025,184,0,10841483,1.0287046347929427
10850748,2049,482,1263,184,0,10850748,1.0287046347929427
10863449,2053,484,1258,184,0,10863449,1.0287046347929427
10883113,2052,511,1247,184,0,10883113,1.0287046347929427
10891760,2048,481,1236,184,0,10891760,1.0287046347929427
10904072,2049,482,1243,184,0,10904072,1.0287046347929427
10916452,2054,475,1202,184,0,10916452,1.0287046347929427
10928236,2050,485,1213,184,0,10928236,1.0287046347929427
10939985,2045,480,1496,184,0,10939985,1.0287046347929427
10952058,2066,487,1276,184,0,10952058,1.0287046347929427
10964291,2049,472,1196,184,0,10964291,1.0287046347929427
10975623,2032,476,1261,184,0,10975623,1.0287046347929427
10988025,2042,481,1235,184,0,10988025,1.0287046347929427
11000074,2049,486,1252,184,0,11000074,1.0287046347929427
11013497,2052,487,1247,184,0,11013497,1.0287046347929427
11028644,2052,479,1253,184,0,11028644,1.0287046347929427
11040051,2040,481,1238,184,0,11040051,1.0287046347929427
11054263,2050,477,1241,184,0,11054263,1.0287046347929427
11064352,2052,470,1242,184,0,11064352,1.0287046347929427
11077787,2042,484,1247,184,0,11077787,1.0287046347929427
11096655,2044,487,1261,184,0,11096655,1.0287046347929427
11107546,2049,490,1243,184,0,11107546,1.0287046347929427
11124420,2064,482,1228,184,0,11124420,1.0287046347929427
11134400,2053,484,1268,184,0,11134400,1.0287046347929427
11150243,2057,494,1253,184,0,11150243,1.0287046347929427
11160860,2034,481,1218,184,0,11160860,1.0287046347929427
11173724,2039,489,1225,184,0,11173724,1.0287046347929427
11185725,2061,486,1253,184,0,11185725,1.0287046347929427
11199579,2051,486,1219,184,0,11199579,1.0287046347929427
11211121,2038,489,1250,184,0,11211121,1.0287046347929427
11225578,2051,477,1234,184,0,11225578,1.0287046347929427
11239285,2049,480,1229,184,0,11239285,1.0287046347929427
11251400,2058,504,1228,184,0,11251400,1.0287046347929427
11265656,2061,480,1268,184,0,11265656,1.0287046347929427
11277367,2051,478,1243,184,0,11277367,1.0287046347929427
11290130,2049,480,1216,184,0,11290130,1.0287046347929427
11307778,2044,482,1230,184,0,11307778,1.0287046347929427
11322686,2012,490,1212,184,0,11322686,1.0287046347929427
11337259,2036,485,1259,184,0,11337259,1.0287046347929427
11349582,2041,506,1237,184,0,11349582,1.0287046347929427
11364783,2044,488,1240,184,0,11364783,1.0287046347929427
11377253,2022,495,1210,184,0,11377253,1.0287046347929427
11389728,2056,495,1270,184,0,11389728,1.0287046347929427
11404290,2018,486,1221,184,0,11404290,1.0287046347929427
11417421,2045,486,1262,184,0,11417421,1.0287046347929427
11431311,2040,496,1249,184,0,11431311,1.0287046347929427
11441727,2049,504,1249,184,0,11441727,1.0287046347929427
11451538,2037,482,1240,184,0,11451538,1.0287046347929427
11468626,2041,461,1220,184,0,11468626,1.0287046347929427
11477008,2029,502,1225,184,0,11477008,1.0287046347929427
11488063,2044,492,1212,184,0,11488063,1.0287046347929427
11498659,2045,494,1234,184,0,11498659,1.0287046347929427
11518608,2050,465,1258,184,0,11518608,1.0287046347929427
11529108,2052,481,1236,184,0,11529108,1.0287046347929427
11547325,2044,491,1224,184,0,11547325,1.0287046347929427
11558000,2034,488,1229,184,0,11558000,1.0287046347929427
11571155,2038,489,1260,184,0,11571155,1.0287046347929427
11584435,2053,484,1227,184,0,11584435,1.0287046347929427
11601076,2037,486,1236,184,0,11601076,1.0287046347929427
11609930,2056,495,1234,184,0,11609930,1.0287046347929427
11621319,2048,489,1246,184,0,11621319,1.0287046347929427
11633048,2041,488,1232,184,0,11633048,1.0287046347929427
11653142,2037,500,1213,184,0,11653142,1.0287046347929427
11663855,2014,495,1267,184,0,11663855,1.0287046347929427
11676292,2058,492,1221,184,0,11676292,1.0287046347929427
11689114,2042,494,1266,184,0,11689114,1.0287046347929427
11700684,2041,492,1253,184,0,11700684,1.0287046347929427
11713305,2021,493,1229,184,0,11713305,1.0287046347929427
11734232,2040,498,1258,184,0,11734232,1.0287046347929427
11747191,2056,479,1242,184,0,11747191,1.0287046347929427
11758257,2051,494,1269,184,0,11758257,1.0287046347929427
11769886,2068,491,1232,184,0,11769886,1.0287046347929427
11780790,2061,497,1228,184,0,11780790,1.0287046347929427
11790968,2042,492,1218,184,0,11790968,1.0287046347929427
11800607,2057,486,1240,184,0,11800607,1.0287046347929427
11816239,2044,497,1237,184,0,11816239,1.0287046347929427
11830589,2044,497,1243,184,0,11830589,1.0287046347929427
11847828,2042,491,1230,184,0,11847828,1.0287046347929427
11863986,2056,489,1229,184,0,11863986,1.0287046347929427
11875714,2021,509,1233,184,0,11875714,1.0287046347929427
11886740,2062,493,1238,184,0,11886740,1.0287046347929427
11897151,2049,498,1225,184,0,11897151,1.0287046347929427
11907079,2042,489,1202,184,0,11907079,1.0287046347929427
11922909,2058,486,1235,184,0,11922909,1.0287046347929427
11935165,2033,507,1262,184,0,11935165,1.0287046347929427
11944910,2051,492,1278,184,0,11944910,1.0287046347929427
11956219,2048,483,1233,184,0,11956219,1.0287046347929427
11977686,2049,476,1242,184,0,11977686,1.0287046347929427
11989830,2034,490,1251,184,0,11989830,1.0287046347929427
12001443,2048,485,1253,184,0,12001443,1.0287046347929427
12015615,2051,490,1235,184,0,12015615,1.0287046347929427
12035317,2059,484,1231,184,0,12035317,1.0287046347929427
12047029,2048,488,1230,184,0,12047029,1.0287046347929427
12061219,2032,502,1259,184,0,12061219,1.0287046347929427
12071761,2048,477,1197,184,0,12071761,1.0287046347929427
12084738,2060,490,1248,184,0,12084738,1.0287046347929427
12094849,2050,490,1203,184,0,12094849,1.0287046347929427
12109360,2054,486,1244,184,0,12109360,1.0287046347929427
12128166,2056,486,1241,184,0,12128166,1.0287046347929427
12138251,2051,488,1238,184,0,12138251,1.0287046347929427
12152868,2065,480,1254,184,0,12152868,1.0287046347929427
12162441,2057,457,1212,184,0,12162441,1.0287046347929427
12175854,2058,475,1211,184,0,12175854,1.0287046347929427
12188483,2013,494,1244,184,0,12188483,1.0287046347929427
12199352,2044,478,1189,184,0,12199352,1.0287046347929427
12213211,2048,482,1241,184,0,12213211,1.0287046347929427
12232581,2043,487,1246,184,0,12232581,1.0287046347929427
12245852,2032,479,1216,184,0,12245852,1.0287046347929427
12258706,2051,492,1245,184,0,12258706,1.0287046347929427
12272881,2050,489,1245,184,0,12272881,1.0287046347929427
12282205,2044,500,1234,184,0,12282205,1.0287046347929427
12295377,2038,485,1230,184,0,12295377,1.0287046347929427
12308431,2058,491,1235,184,0,12308431,1.0287046347929427
12319464,2057,505,1199,184,0,12319464,1.0287046347929427
12333038,2036,484,1210,184,0,12333038,1.0287046347929427
12346113,2044,490,1262,184,0,12346113,1.0287046347929427
12358060,2041,494,1228,184,0,12358060,1.0287046347929427
12369667,2049,490,1230,184,0,12369667,1.0287046347929427
12382509,2017,506,1224,184,0,12382509,1.0287046347929427
12394342,2034,492,1214,184,0,12394342,1.0287046347929427
12408399,2051,490,1230,184,0,12408399,1.0287046347929427
12421045,2048,480,1229,184,0,12421045,1.0287046347929427
12433381,2051,494,1249,184,0,12433381,1.0287046347929427
12443792,2061,490,1242,184,0,12443792,1.0287046347929427
12455138,2022,491,1229,184,0,12455138,1.0287046347929427
12467471,2040,488,1229,184,0,12467471,1.0287046347929427
12481311,2048,498,1230,184,0,12481311,1.0287046347929427
12493113,2045,487,1257,184,0,12493113,1.0287046347929427
12506173,2048,481,1226,184,0,12506173,1.0287046347929427
12516615,2044,473,1217,184,0,12516615,1.0287046347929427
12532842,2027,498,1244,184,0,12532842,1.0287046347929427
12541996,2043,490,1230,184,0,12541996,1.0287046347929427
12556691,2034,488,1243,184,0,12556691,1.0287046347929427
12569604,2040,485,1203,184,0,12569604,1.0287046347929427
12581396,2040,490,1200,184,0,12581396,1.0287046347929427
12595321,2042,484,1231,184,0,12595321,1.0287046347929427
12606782,2040,485,1249,184,0,12606782,1.0287046347929427
12618386,2049,502,1254,184,0,12618386,1.0287046347929427
12633366,2031,480,1233,184,0,12633366,1.0287046347929427
12645076,2042,492,1028,184,0,12645076,1.0287046347929427
12659887,2034,499,1266,184,0,12659887,1.0287046347929427
12671440,2036,507,1232,184,0,12671440,1.0287046347929427
12684933,2043,491,1221,184,0,12684933,1.0287046347929427
12695751,2049,512,1234,184,0,12695751,1.0287046347929427
12707562,2059,491,1227,184,0,12707562,1.0287046347929427
12720515,2043,494,1215,184,0,12720515,1.0287046347929427
12736809,2056,492,1264,184,0,12736809,1.0287046347929427
12748820,2054,494,1259,184,0,12748820,1.0287046347929427
12762376,2061,498,1198,184,0,12762376,1.0287046347929427
12783446,2052,496,1258,184,0,12783446,1.0287046347929427
12800225,2056,485,1216,184,0,12800225,1.0287046347929427
12836155,2032,498,1214,184,0,12836155,1.0287046347929427
12854859,2038,500,1267,184,0,12854859,1.0287046347929427
12876473,2045,507,1205,184,0,12876473,1.0287046347929427
12895469,2057,493,1240,184,0,12895469,1.0287046347929427
12913739,2019,497,1203,184,0,12913739,1.0287046347929427
12927409,2052,511,1192,184,0,12927409,1.0287046347929427
12943459,2043,493,1230,184,0,12943459,1.0287046347929427
12961098,2033,485,1205,184,0,12961098,1.0287046347929427
12973943,2035,497,1206,184,0,12973943,1.0287046347929427
12985742,2049,494,1230,184,0,12985742,1.0287046347929427
12994718,2048,488,1219,184,0,12994718,1.0287046347929427
13004136,2043,493,1204,184,0,13004136,1.0287046347929427
13016237,2042,488,1235,184,0,13016237,1.0287046347929427
13026271,2043,490,1265,184,0,13026271,1.0287046347929427
13035764,2032,480,1234,184,0,13035764,1.0287046347929427
13046615,2034,488,1206,184,0,13046615,1.0287046347929427
13059980,2044,494,1235,184,0,13059980,1.0287046347929427
13072825,2031,500,1260,184,0,13072825,1.0287046347929427
13082220,2049,504,1250,184,0,13082220,1.0287046347929427
13093098,2052,491,1219,184,0,13093098,1.0287046347929427
13106082,2042,485,1242,184,0,13106082,1.0287046347929427
13115972,2044,488,1238,184,0,13115972,1.0287046347929427
13125013,2051,468,1207,184,0,13125013,1.0287046347929427
13136168,2051,489,1224,184,0,13136168,1.0287046347929427
13145768,2050,481,1217,184,0,13145768,1.0287046347929427
13157274,2055,483,1227,184,0,13157274,1.0287046347929427
13168205,2056,500,1258,184,0,13168205,1.0287046347929427
13179887,2050,481,1214,184,0,13179887,1.0287046347929427
13189303,2059,508,1240,184,0,13189303,1.0287046347929427
13199761,2054,491,1225,184,0,13199761,1.0287046347929427
13211294,2059,490,1258,184,0,13211294,1.0287046347929427
13224370,2059,489,1240,184,0,13224370,1.0287046347929427
13235394,2060,490,1233,184,0,13235394,1.0287046347929427
13247818,2040,483,1234,184,0,13247818,1.0287046347929427
13260582,2048,492,1244,184,0,13260582,1.0287046347929427
13269878,2045,481,1243,184,0,13269878,1.0287046347929427
13279706,2043,466,1236,184,0,13279706,1.0287046347929427
13289595,2041,486,1257,184,0,13289595,1.0287046347929427
13301748,2044,489,1242,184,0,13301748,1.0287046347929427
13313218,2057,494,1253,184,0,13313218,1.0287046347929427
13328287,2043,484,1270,184,0,13328287,1.0287046347929427
13339397,2044,493,1194,184,0,13339397,1.0287046347929427
13351264,2053,501,1213,184,0,13351264,1.0287046347929427
13360330,2049,482,1235,184,0,13360330,1.0287046347929427
13371887,2033,490,1241,184,0,13371887,1.0287046347929427
13385966,2041,491,1234,184,0,13385966,1.0287046347929427
13396999,2036,481,1209,184,0,13396999,1.0287046347929427
13406859,2043,496,1254,184,0,13406859,1.0287046347929427
13416517,2044,505,1232,184,0,13416517,1.0287046347929427
13425447,2040,494,1230,184,0,13425447,1.0287046347929427
13435418,2038,500,1234,184,0,13435418,1.0287046347929427
13446421,2034,491,1259,184,0,13446421,1.0287046347929427
13458805,2048,485,1233,184,0,13458805,1.0287046347929427
13468946,2058,488,1209,184,0,13468946,1.0287046347929427
13480245,2042,461,1194,184,0,13480245,1.0287046347929427
13491022,2039,495,1224,184,0,13491022,1.0287046347929427
13501990,2026,489,1227,184,0,13501990,1.0287046347929427
13512946,2056,485,1228,184,0,13512946,1.0287046347929427
13524157,2043,488,1245,184,0,13524157,1.0287046347929427
13535007,2069,486,1240,184,0,13535007,1.0287046347929427
13545786,2053,477,1209,184,0,13545786,1.0287046347929427
13557507,2044,501,1234,184,0,13557507,1.0287046347929427
13567676,2053,489,1211,184,0,13567676,1.0287046347929427
13577367,2040,484,1184,184,0,13577367,1.0287046347929427
13587224,2049,480,1182,184,0,13587224,1.0287046347929427
13597489,2043,496,1237,184,0,13597489,1.0287046347929427
13606807,2052,524,1235,184,0,13606807,1.0287046347929427
13618945,2028,500,1220,184,0,13618945,1.0287046347929427
13630531,2051,491,1215,184,0,13630531,1.0287046347929427
13641549,2056,494,1216,184,0,13641549,1.0287046347929427
13652659,2048,494,1192,184,0,13652659,1.0287046347929427
13663478,2053,491,1226,184,0,13663478,1.0287046347929427
13672685,2051,493,1188,184,0,13672685,1.0287046347929427
13682258,2061,502,1237,184,0,13682258,1.0287046347929427
13695878,2056,492,1237,184,0,13695878,1.0287046347929427
13705933,2052,493,1267,184,0,13705933,1.0287046347929427
13715304,2058,496,1210,184,0,13715304,1.0287046347929427
13724856,2053,487,1228,184,0,13724856,1.0287046347929427
13738919,2058,503,1189,184,0,13738919,1.0287046347929427
13750361,2054,488,1200,184,0,13750361,1.0287046347929427
13763346,2050,484,1221,184,0,13763346,1.0287046347929427
13771947,2067,507,1218,184,0,13771947,1.0287046347929427
13782307,2048,508,1245,184,0,13782307,1.0287046347929427
13793730,2041,500,1227,184,0,13793730,1.0287046347929427
13804916,2028,488,1209,184,0,13804916,1.0287046347929427
13814740,2058,497,1254,184,0,13814740,1.0287046347929427
13824295,2034,497,1241,184,0,13824295,1.0287046347929427
13834410,2044,506,1244,184,0,13834410,1.0287046347929427
13844810,2062,477,1258,184,0,13844810,1.0287046347929427
13854375,2074,495,1187,184,0,13854375,1.0287046347929427
13863773,2058,511,1227,184,0,13863773,1.0287046347929427
13873246,2045,499,1209,184,0,13873246,1.0287046347929427
13883267,2051,489,1254,184,0,13883267,1.0287046347929427
13893473,2044,496,1218,184,0,13893473,1.0287046347929427
13906079,2042,486,1189,184,0,13906079,1.0287046347929427
13915691,2045,479,1249,184,0,13915691,1.0287046347929427
13926256,2043,484,1211,184,0,13926256,1.0287046347929427
13936114,2042,478,1238,184,0,13936114,1.0287046347929427
13949433,2061,493,1229,184,0,13949433,1.0287046347929427
13960358,2070,498,1213,184,0,13960358,1.0287046347929427
13971611,2041,521,1228,184,0,13971611,1.0287046347929427
13980932,2041,491,1235,184,0,13980932,1.0287046347929427
13991226,2050,482,1206,184,0,13991226,1.0287046347929427
14001975,2021,491,1239,184,0,14001975,1.0287046347929427
14011573,2041,484,1226,184,0,14011573,1.0287046347929427
14021292,2035,489,1234,184,0,14021292,1.0287046347929427
14030793,2039,502,1217,184,0,14030793,1.0287046347929427
14039860,2044,492,1246,184,0,14039860,1.0287046347929427
14049720,2045,491,1263,184,0,14049720,1.0287046347929427
14060017,2048,480,1221,184,0,14060017,1.0287046347929427
14070503,2059,508,1242,184,0,14070503,1.0287046347929427
14084057,2060,489,1261,184,0,14084057,1.0287046347929427
14094461,2041,496,1233,184,0,14094461,1.0287046347929427
14105041,2065,490,1227,184,0,14105041,1.0287046347929427
14114354,2041,511,1237,184,0,14114354,1.0287046347929427
14123325,2042,477,1239,184,0,14123325,1.0287046347929427
14133998,2052,481,1241,184,0,14133998,1.0287046347929427
14148857,2054,485,1277,184,0,14148857,1.0287046347929427
14159118,2050,485,1220,184,0,14159118,1.0287046347929427
14168320,2061,492,1233,184,0,14168320,1.0287046347929427
14177822,2063,502,1269,184,0,14177822,1.0287046347929427
14186820,2060,498,1196,184,0,14186820,1.0287046347929427
14196550,2065,497,1251,184,0,14196550,1.0287046347929427
14208814,2041,482,1209,184,0,14208814,1.0287046347929427
14220762,2062,488,1250,184,0,14220762,1.0287046347929427
14231319,2065,505,1242,184,0,14231319,1.0287046347929427
14241678,2052,499,1258,184,0,14241678,1.0287046347929427
14252383,2058,479,1233,184,0,14252383,1.0287046347929427
14268383,2052,489,1210,184,0,14268383,1.0287046347929427
14276533,2052,500,1226,184,0,14276533,1.0287046347929427
14285805,2042,493,1219,184,0,14285805,1.0287046347929427
14295817,2038,489,1236,184,0,14295817,1.0287046347929427
14305710,2038,490,1219,184,0,14305710,1.0287046347929427
14315080,2054,492,1227,184,0,14315080,1.0287046347929427
14325725,2037,488,1225,184,0,14325725,1.0287046347929427
14338039,2052,488,1226,184,0,14338039,1.0287046347929427
14347855,2045,491,1232,184,0,14347855,1.0287046347929427
14359968,2038,489,1270,184,0,14359968,1.0287046347929427
14371653,2066,493,1245,184,0,14371653,1.0287046347929427
14381937,2056,484,1262,184,0,14381937,1.0287046347929427
14392522,2057,489,1236,184,0,14392522,1.0287046347929427
14403080,2065,482,1274,184,0,14403080,1.0287046347929427
14412321,2061,489,1265,184,0,14412321,1.0287046347929427
14422293,2053,493,1216,184,0,14422293,1.0287046347929427
14431334,2072,493,1237,184,0,14431334,1.0287046347929427
14440799,2056,486,1224,184,0,14440799,1.0287046347929427
14450953,2053,511,1219,184,0,14450953,1.0287046347929427
14462231,2056,508,1228,184,0,14462231,1.0287046347929427
14471745,2066,503,1195,184,0,14471745,1.0287046347929427
14481920,2058,494,1235,184,0,14481920,1.0287046347929427
14493351,2056,505,1232,184,0,14493351,1.0287046347929427
14505504,2051,498,1238,184,0,14505504,1.0287046347929427
14516119,2048,489,1208,184,0,14516119,1.0287046347929427
14524680,2061,493,1278,184,0,14524680,1.0287046347929427
14534926,2061,511,1258,184,0,14534926,1.0287046347929427
14547723,2055,496,1230,184,0,14547723,1.0287046347929427
14558004,2066,499,1232,184,0,14558004,1.0287046347929427
14570109,2066,499,1252,184,0,14570109,1.0287046347929427
14578877,2059,493,1267,184,0,14578877,1.0287046347929427
14588790,2054,495,1230,184,0,14588790,1.0287046347929427
14600506,2055,488,1237,184,0,14600506,1.0287046347929427
14609489,2048,504,1275,184,0,14609489,1.0287046347929427
14623483,2050,511,1217,184,0,14623483,1.0287046347929427
14637283,2074,503,1220,184,0,14637283,1.0287046347929427
14648733,2061,489,1208,184,0,14648733,1.0287046347929427
14658952,2050,508,1227,184,0,14658952,1.0287046347929427
14671948,2054,505,1234,184,0,14671948,1.0287046347929427
14681368,2051,493,1211,184,0,14681368,1.0287046347929427
14692617,2051,492,1217,184,0,14692617,1.0287046347929427
14701818,2067,497,1206,184,0,14701818,1.0287046347929427
14714759,2026,511,1236,184,0,14714759,1.0287046347929427
14725360,2049,487,1237,184,0,14725360,1.0287046347929427
14736086,2054,477,1212,184,0,14736086,1.0287046347929427
14748062,2043,486,1204,184,0,14748062,1.0287046347929427
14758471,2040,482,1233,184,0,14758471,1.0287046347929427
14768387,2054,491,1218,184,0,14768387,1.0287046347929427
14779970,2053,483,1220,184,0,14779970,1.0287046347929427
14791779,2054,499,1227,184,0,14791779,1.0287046347929427
14802759,2058,498,1261,184,0,14802759,1.0287046347929427
14813220,2063,501,1219,184,0,14813220,1.0287046347929427
14824452,2072,498,1253,184,0,14824452,1.0287046347929427
14837779,2056,499,1233,184,0,14837779,1.0287046347929427
14848438,2033,501,1195,184,0,14848438,1.0287046347929427
14858247,2055,495,1208,184,0,14858247,1.0287046347929427
14868245,2043,497,1218,184,0,14868245,1.0287046347929427
14878497,2037,497,1211,184,0,14878497,1.0287046347929427
14889179,2048,499,1261,184,0,14889179,1.0287046347929427
14898328,2059,496,1212,184,0,14898328,1.0287046347929427
14907919,2022,517,1234,184,0,14907919,1.0287046347929427
14916859,2040,488,1274,184,0,14916859,1.0287046347929427
14927956,2043,514,1222,184,0,14927956,1.0287046347929427
14937707,2057,511,1224,184,0,14937707,1.0287046347929427
14948556,2040,509,1220,184,0,14948556,1.0287046347929427
14959294,2038,478,1232,184,0,14959294,1.0287046347929427
14971964,2057,509,1202,184,0,14971964,1.0287046347929427
14984511,2050,487,1196,184,0,14984511,1.0287046347929427
14996013,2053,498,1214,184,0,14996013,1.0287046347929427
15004664,2051,510,1258,184,0,15004664,1.0287046347929427
15016561,2062,490,1234,184,0,15016561,1.0287046347929427
15039737,2057,511,1221,184,0,15039737,1.0287046347929427
15051330,2042,499,1027,184,0,15051330,1.0287046347929427
15063070,2051,488,1225,184,0,15063070,1.0287046347929427
15074590,2043,509,1256,184,0,15074590,1.0287046347929427
15099963,2056,494,1228,184,0,15099963,1.0287046347929427
15113292,2060,494,1268,184,0,15113292,1.0287046347929427
15131773,2059,499,1251,184,0,15131773,1.0287046347929427
15149455,2054,447,1250,184,0,15149455,1.0287046347929427
15164334,2064,512,1246,184,0,15164334,1.0287046347929427
15179421,2040,501,1244,184,0,15179421,1.0287046347929427
15189540,2024,493,1237,184,0,15189540,1.0287046347929427
15200220,2048,484,1239,184,0,15200220,1.0287046347929427
15212361,2058,495,1229,184,0,15212361,1.0287046347929427
15222663,2051,492,1252,184,0,15222663,1.0287046347929427
15233239,2049,494,1225,184,0,15233239,1.0287046347929427
15244890,2050,492,1026,184,0,15244890,1.0287046347929427
15255023,2038,497,1253,184,0,15255023,1.0287046347929427
15265584,2044,490,1256,184,0,15265584,1.0287046347929427
15282272,2045,500,1243,184,0,15282272,1.0287046347929427
15294721,2052,494,1225,184,0,15294721,1.0287046347929427
15307671,2043,499,1277,184,0,15307671,1.0287046347929427
15320584,2053,504,1249,184,0,15320584,1.0287046347929427
15331658,2051,499,1232,184,0,15331658,1.0287046347929427
15343542,2048,498,1275,184,0,15343542,1.0287046347929427
15356403,2056,510,1267,184,0,15356403,1.0287046347929427
15371395,2056,509,1268,184,0,15371395,1.0287046347929427
15384098,2061,507,1228,184,0,15384098,1.0287046347929427
15394596,2052,521,1222,184,0,15394596,1.0287046347929427
15405562,2044,512,1226,184,0,15405562,1.0287046347929427
15417728,2041,501,1189,184,0,15417728,1.0287046347929427
15429147,2031,497,1261,184,0,15429147,1.0287046347929427
15445908,2041,490,1219,184,0,15445908,1.0287046347929427
15457249,2036,498,1221,184,0,15457249,1.0287046347929427
15468125,2027,499,1232,184,0,15468125,1.0287046347929427
15485342,2036,500,1232,184,0,15485342,1.0287046347929427
15499360,2027,493,1259,184,0,15499360,1.0287046347929427
15515428,2036,499,1220,184,0,15515428,1.0287046347929427
15529476,2044,493,1235,184,0,15529476,1.0287046347929427
15543424,2033,489,1217,184,0,15543424,1.0287046347929427
15555080,2049,491,1264,184,0,15555080,1.0287046347929427
15569411,2057,487,1251,184,0,15569411,1.0287046347929427
15583731,2056,473,1229,184,0,15583731,1.0287046347929427
15597830,2036,485,1216,184,0,15597830,1.0287046347929427
15610601,2048,499,1262,184,0,15610601,1.0287046347929427
15627578,2050,477,1238,184,0,15627578,1.0287046347929427
15640164,2043,511,1241,184,0,15640164,1.0287046347929427
15653052,2049,494,1241,184,0,15653052,1.0287046347929427
15673214,2057,484,1252,184,0,15673214,1.0287046347929427
15688529,2053,510,1257,184,0,15688529,1.0287046347929427
15705089,2053,486,1216,184,0,15705089,1.0287046347929427
15718757,2032,489,1249,184,0,15718757,1.0287046347929427
15732049,2032,475,1037,184,0,15732049,1.0287046347929427
15744333,2036,452,1218,184,0,15744333,1.0287046347929427
15757128,2044,489,1266,184,0,15757128,1.0287046347929427
15769061,2052,499,1241,184,0,15769061,1.0287046347929427
15781174,2045,499,1258,184,0,15781174,1.0287046347929427
15792941,2030,493,1221,184,0,15792941,1.0287046347929427
15802371,2035,505,1234,184,0,15802371,1.0287046347929427
15820003,2067,499,1230,184,0,15820003,1.0287046347929427
15840610,2060,473,1265,184,0,15840610,1.0287046347929427
15856591,2075,506,1233,184,0,15856591,1.0287046347929427
15867255,2037,507,1232,184,0,15867255,1.0287046347929427
15878471,2052,497,1252,184,0,15878471,1.0287046347929427
15887093,2043,489,1188,184,0,15887093,1.0287046347929427
15897071,2068,490,1242,184,0,15897071,1.0287046347929427
15906843,2063,492,1277,184,0,15906843,1.0287046347929427
15923689,2051,486,1240,184,0,15923689,1.0287046347929427
15937865,2049,502,1254,184,0,15937865,1.0287046347929427
15951444,2050,488,1236,184,0,15951444,1.0287046347929427
15959526,2051,490,1201,184,0,15959526,1.0287046347929427
15973226,2054,498,1239,184,0,15973226,1.0287046347929427
15985885,2060,492,1256,184,0,15985885,1.0287046347929427
16008266,2070,497,1261,184,0,16008266,1.0287046347929427
16023983,2057,499,1270,184,0,16023983,1.0287046347929427
16044973,2056,509,1240,184,0,16044973,1.0287046347929427
16053366,2064,496,1245,184,0,16053366,1.0287046347929427
16071967,2052,497,1238,184,0,16071967,1.0287046347929427
16105365,2048,495,1269,184,0,16105365,1.0287046347929427
16122227,2051,477,1211,184,0,16122227,1.0287046347929427
16139562,2045,492,1237,184,0,16139562,1.0287046347929427
16157302,2067,497,1229,184,0,16157302,1.0287046347929427
16174516,2052,486,1035,184,0,16174516,1.0287046347929427
16190880,2052,490,1513,184,0,16190880,1.0287046347929427
16206427,2029,504,1226,184,0,16206427,1.0287046347929427
16219543,2067,478,1274,184,0,16219543,1.0287046347929427
16237433,2066,496,1273,184,0,16237433,1.0287046347929427
16253470,2057,496,1248,184,0,16253470,1.0287046347929427
16265566,2060,491,1198,184,0,16265566,1.0287046347929427
16278037,2069,495,1248,184,0,16278037,1.0287046347929427
16287482,2073,511,1241,184,0,16287482,1.0287046347929427
16302841,2059,504,1213,184,0,16302841,1.0287046347929427
16316279,2072,492,1260,184,0,16316279,1.0287046347929427
16329958,2073,485,1252,184,0,16329958,1.0287046347929427
16342264,2078,510,1269,184,0,16342264,1.0287046347929427
16353464,2060,496,1254,184,0,16353464,1.0287046347929427
16369142,2056,511,1253,184,0,16369142,1.0287046347929427
16380409,2037,485,1270,184,0,16380409,1.0287046347929427
16392203,2056,481,1211,184,0,16392203,1.0287046347929427
16403309,2043,496,1240,184,0,16403309,1.0287046347929427
16412379,2065,492,1245,184,0,16412379,1.0287046347929427
16432826,2070,497,1257,184,0,16432826,1.0287046347929427
16451135,2069,490,1038,184,0,16451135,1.0287046347929427
16461813,2073,502,1038,184,0,16461813,1.0287046347929427
16470298,2041,497,1216,184,0,16470298,1.0287046347929427
16480343,2054,497,1274,184,0,16480343,1.0287046347929427
16489656,2060,506,1240,184,0,16489656,1.0287046347929427
16507764,2076,502,1221,184,0,16507764,1.0287046347929427
16523943,2059,491,1035,184,0,16523943,1.0287046347929427
16538144,2028,489,1244,184,0,16538144,1.0287046347929427
16547672,2040,482,1265,184,0,16547672,1.0287046347929427
16558915,2029,478,1257,184,0,16558915,1.0287046347929427
16569276,2050,492,1273,184,0,16569276,1.0287046347929427
16579712,2038,492,1032,184,0,16579712,1.0287046347929427
16590759,2050,484,1254,184,0,16590759,1.0287046347929427
16603391,2051,484,1240,184,0,16603391,1.0287046347929427
16612884,2048,496,1260,184,0,16612884,1.0287046347929427
16622687,2040,489,1026,184,0,16622687,1.0287046347929427
16632438,2061,489,1248,184,0,16632438,1.0287046347929427
16641168,2054,491,1250,184,0,16641168,1.0287046347929427
16652237,2053,511,1262,184,0,16652237,1.0287046347929427
16666062,2075,505,1254,184,0,16666062,1.0287046347929427
16676231,2040,510,1249,184,0,16676231,1.0287046347929427
16685728,2057,510,1259,184,0,16685728,1.0287046347929427
16696073,2058,501,1265,184,0,16696073,1.0287046347929427
16705588,2072,511,1262,184,0,16705588,1.0287046347929427
16718085,2060,485,1264,184,0,16718085,1.0287046347929427
16728003,2065,505,1268,184,0,16728003,1.0287046347929427
16738494,2066,494,1249,184,0,16738494,1.0287046347929427
16748550,2052,498,1213,184,0,16748550,1.0287046347929427
16758500,2054,486,1196,184,0,16758500,1.0287046347929427
16769908,2057,505,1261,184,0,16769908,1.0287046347929427
16781178,2044,493,1025,184,0,16781178,1.0287046347929427
16791804,2033,497,1241,184,0,16791804,1.0287046347929427
16801391,2036,500,1224,184,0,16801391,1.0287046347929427
16813309,2051,512,1242,184,0,16813309,1.0287046347929427
16825441,2048,499,1241,184,0,16825441,1.0287046347929427
16834158,2057,485,1248,184,0,16834158,1.0287046347929427
16844059,2061,494,1223,184,0,16844059,1.0287046347929427
16856425,2065,486,1232,184,0,16856425,1.0287046347929427
16874644,2053,496,1223,184,0,16874644,1.0287046347929427
16897947,2044,490,1276,184,0,16897947,1.0287046347929427
16909738,2053,502,1262,184,0,16909738,1.0287046347929427
16923365,2053,491,1252,184,0,16923365,1.0287046347929427
16933824,2041,491,1230,184,0,16933824,1.0287046347929427
16942516,2048,490,1222,184,0,16942516,1.0287046347929427
16952667,2037,480,1201,184,0,16952667,1.0287046347929427
16963046,2050,497,1267,184,0,16963046,1.0287046347929427
16973967,2041,503,1244,184,0,16973967,1.0287046347929427
16985558,2048,511,1233,184,0,16985558,1.0287046347929427
16995696,2059,511,1233,184,0,16995696,1.0287046347929427
17006481,2051,485,1234,184,0,17006481,1.0287046347929427
17019415,2045,494,1246,184,0,17019415,1.0287046347929427
17028516,2056,501,1239,184,0,17028516,1.0287046347929427
17037823,2060,500,1229,184,0,17037823,1.0287046347929427
17048722,2057,501,1262,184,0,17048722,1.0287046347929427
17060658,2054,500,1228,184,0,17060658,1.0287046347929427
17071210,2043,490,1233,184,0,17071210,1.0287046347929427
17081671,2034,500,1202,184,0,17081671,1.0287046347929427
17091340,2045,492,1214,184,0,17091340,1.0287046347929427
17103099,2048,502,1196,184,0,17103099,1.0287046347929427
17116549,2052,452,1259,184,0,17116549,1.0287046347929427
17125441,2044,498,1246,184,0,17125441,1.0287046347929427
17133893,2043,496,1239,184,0,17133893,1.0287046347929427
17143121,2051,502,1230,184,0,17143121,1.0287046347929427
17156450,2064,497,1198,184,0,17156450,1.0287046347929427
17167859,2052,481,1242,184,0,17167859,1.0287046347929427
17177214,2063,494,1242,184,0,17177214,1.0287046347929427
17188934,2043,482,1217,184,0,17188934,1.0287046347929427
17199598,2020,511,1229,184,0,17199598,1.0287046347929427
17210740,2034,489,1212,184,0,17210740,1.0287046347929427
17221872,2042,498,1249,184,0,17221872,1.0287046347929427
17233202,2042,497,1229,184,0,17233202,1.0287046347929427
17243109,2064,489,1228,184,0,17243109,1.0287046347929427
17255568,2053,499,1242,184,0,17255568,1.0287046347929427
17267204,2060,491,1269,184,0,17267204,1.0287046347929427
17279639,2069,488,1233,184,0,17279639,1.0287046347929427
17290746,2069,492,1245,184,0,17290746,1.0287046347929427
17303078,2058,480,1271,184,0,17303078,1.0287046347929427
17312210,2065,489,1227,184,0,17312210,1.0287046347929427
17322590,2065,496,1262,184,0,17322590,1.0287046347929427
17332490,2054,477,1226,184,0,17332490,1.0287046347929427
17342087,2064,496,1243,184,0,17342087,1.0287046347929427
17352283,2069,490,1237,184,0,17352283,1.0287046347929427
17363020,2067,511,1216,184,0,17363020,1.0287046347929427
17373719,2065,511,1225,184,0,17373719,1.0287046347929427
17383602,2050,484,1250,184,0,17383602,1.0287046347929427
17396495,2060,473,1224,184,0,17396495,1.0287046347929427
17407773,2085,507,1224,184,0,17407773,1.0287046347929427
17418405,2062,491,1237,184,0,17418405,1.0287046347929427
17429844,2058,494,1236,184,0,17429844,1.0287046347929427
17445965,2066,500,1253,184,0,17445965,1.0287046347929427
17455776,2062,501,1237,184,0,17455776,1.0287046347929427
17464886,2048,493,1221,184,0,17464886,1.0287046347929427
17475084,2057,495,1243,184,0,17475084,1.0287046347929427
17485677,2057,490,1242,184,0,17485677,1.0287046347929427
17496018,2056,495,1243,184,0,17496018,1.0287046347929427
17508181,2061,491,1203,184,0,17508181,1.0287046347929427
17528167,2060,490,1249,184,0,17528167,1.0287046347929427
17537814,2062,461,1243,184,0,17537814,1.0287046347929427
17550149,2062,492,1232,184,0,17550149,1.0287046347929427
17561172,2064,490,1232,184,0,17561172,1.0287046347929427
17578004,2060,490,1251,184,0,17578004,1.0287046347929427
17587238,2074,493,1238,184,0,17587238,1.0287046347929427
17599336,2081,493,1238,184,0,17599336,1.0287046347929427
17611170,2041,494,1246,184,0,17611170,1.0287046347929427
17626325,2082,499,1269,184,0,17626325,1.0287046347929427
17641681,2082,494,1218,184,0,17641681,1.0287046347929427
17663099,2067,505,1255,184,0,17663099,1.0287046347929427
17677663,2067,492,1028,184,0,17677663,1.0287046347929427
17690021,2068,491,1038,184,0,17690021,1.0287046347929427
17700309,2054,505,1241,184,0,17700309,1.0287046347929427
17716337,2073,482,1270,184,0,17716337,1.0287046347929427
17727208,2068,509,1034,184,0,17727208,1.0287046347929427
17740140,2080,507,1233,184,0,17740140,1.0287046347929427
17753675,2100,511,1211,184,0,17753675,1.0287046347929427
17768105,2083,516,1259,184,0,17768105,1.0287046347929427
17783605,2077,487,1250,184,0,17783605,1.0287046347929427
17795818,2077,492,1259,184,0,17795818,1.0287046347929427
17806401,2086,506,1246,184,0,17806401,1.0287046347929427
17820133,2073,501,1261,184,0,17820133,1.0287046347929427
17835667,2094,485,1263,184,0,17835667,1.0287046347929427
17846521,2078,511,1032,184,0,17846521,1.0287046347929427
17857564,2078,499,1260,184,0,17857564,1.0287046347929427
17872560,2057,501,1250,184,0,17872560,1.0287046347929427
17883677,2057,499,1025,184,0,17883677,1.0287046347929427
17896823,2037,491,1213,184,0,17896823,1.0287046347929427
17910606,2055,497,1232,184,0,17910606,1.0287046347929427
17921607,2037,500,1224,184,0,17921607,1.0287046347929427
17932970,2057,491,1227,184,0,17932970,1.0287046347929427
17944403,2050,488,1262,184,0,17944403,1.0287046347929427
17959849,2041,486,1236,184,0,17959849,1.0287046347929427
17972120,2043,511,1218,184,0,17972120,1.0287046347929427
17986299,2045,486,1226,184,0,17986299,1.0287046347929427
17999308,2034,513,1213,184,0,17999308,1.0287046347929427
18014452,2049,492,1216,184,0,18014452,1.0287046347929427
18024729,2061,493,1219,184,0,18024729,1.0287046347929427
18040146,2053,499,1236,184,0,18040146,1.0287046347929427
18053180,2051,502,1213,184,0,18053180,1.0287046347929427
18066453,2056,497,1234,184,0,18066453,1.0287046347929427
18081018,2040,500,1251,184,0,18081018,1.0287046347929427
18091626,2045,494,1211,184,0,18091626,1.0287046347929427
18103744,2048,481,1221,184,0,18103744,1.0287046347929427
18122125,2037,497,1182,184,0,18122125,1.0287046347929427
18136147,2037,492,1225,184,0,18136147,1.0287046347929427
18146239,2021,487,1208,184,0,18146239,1.0287046347929427
18160168,2036,486,1231,184,0,18160168,1.0287046347929427
18172365,2056,497,1234,184,0,18172365,1.0287046347929427
18182485,2050,477,1241,184,0,18182485,1.0287046347929427
18193899,2048,490,1229,184,0,18193899,1.0287046347929427
18204703,2050,497,1218,184,0,18204703,1.0287046347929427
18215391,2081,494,1253,184,0,18215391,1.0287046347929427
18229977,2066,488,1250,184,0,18229977,1.0287046347929427
18246485,2069,491,1268,184,0,18246485,1.0287046347929427
18264921,2044,511,1239,184,0,18264921,1.0287046347929427
18275110,2060,485,1252,184,0,18275110,1.0287046347929427
18288509,2066,496,1217,184,0,18288509,1.0287046347929427
18297362,2090,494,1260,184,0,18297362,1.0287046347929427
18308264,2048,488,1232,184,0,18308264,1.0287046347929427
18317506,2042,493,1237,184,0,18317506,1.0287046347929427
18334953,2049,497,1256,184,0,18334953,1.0287046347929427
18345473,2037,511,1250,184,0,18345473,1.0287046347929427
18360680,2064,508,1275,184,0,18360680,1.0287046347929427
18373996,2050,501,1229,184,0,18373996,1.0287046347929427
18386975,2067,489,1237,184,0,18386975,1.0287046347929427
18400852,2073,495,1032,184,0,18400852,1.0287046347929427
18409609,2065,509,1274,184,0,18409609,1.0287046347929427
18425076,2057,511,1234,184,0,18425076,1.0287046347929427
18437498,2057,496,1241,184,0,18437498,1.0287046347929427
18451514,2069,497,1211,184,0,18451514,1.0287046347929427
18465169,2067,505,1026,184,0,18465169,1.0287046347929427
18475831,2061,500,1234,184,0,18475831,1.0287046347929427
18488738,2068,492,1252,184,0,18488738,1.0287046347929427
18503115,2080,488,1272,184,0,18503115,1.0287046347929427
18517957,2029,489,1245,184,0,18517957,1.0287046347929427
18529097,2053,494,1235,184,0,18529097,1.0287046347929427
18539496,2049,482,1246,184,0,18539496,1.0287046347929427
18550982,2041,494,1233,184,0,18550982,1.0287046347929427
18563114,2035,490,1234,184,0,18563114,1.0287046347929427
18576839,2049,493,1221,184,0,18576839,1.0287046347929427
18589893,2061,487,1218,184,0,18589893,1.0287046347929427
18600401,2098,492,1238,184,0,18600401,1.0287046347929427
18613801,2061,502,1222,184,0,18613801,1.0287046347929427
18623971,2049,490,1243,184,0,18623971,1.0287046347929427
18637500,2059,498,1175,184,0,18637500,1.0287046347929427
18650221,2048,488,1244,184,0,18650221,1.0287046347929427
18660376,2043,500,1237,184,0,18660376,1.0287046347929427
18670384,2040,492,1201,184,0,18670384,1.0287046347929427
18687789,2051,484,1264,184,0,18687789,1.0287046347929427
18702838,2065,498,1199,184,0,18702838,1.0287046347929427
18712441,2062,481,1242,184,0,18712441,1.0287046347929427
18727254,2058,489,1220,184,0,18727254,1.0287046347929427
18738430,2062,498,1204,184,0,18738430,1.0287046347929427
18756422,2052,494,1219,184,0,18756422,1.0287046347929427
18766397,2050,486,1264,184,0,18766397,1.0287046347929427
18779625,2041,489,1214,184,0,18779625,1.0287046347929427
18793925,2061,494,1189,184,0,18793925,1.0287046347929427
18804602,2061,494,1230,184,0,18804602,1.0287046347929427
18815524,2068,490,1208,184,0,18815524,1.0287046347929427
18826710,2063,508,1248,184,0,18826710,1.0287046347929427
18838075,2040,490,1257,184,0,18838075,1.0287046347929427
18851859,2038,493,1030,184,0,18851859,1.0287046347929427
18865729,2030,504,1260,184,0,18865729,1.0287046347929427
18875795,2026,490,1518,184,0,18875795,1.0287046347929427
18888072,2044,492,1035,184,0,18888072,1.0287046347929427
18899223,2053,486,1235,184,0,18899223,1.0287046347929427
18912033,2059,490,1248,184,0,18912033,1.0287046347929427
18922860,2067,484,1251,184,0,18922860,1.0287046347929427
18937965,2061,485,1257,184,0,18937965,1.0287046347929427
18952181,2075,479,1268,184,0,18952181,1.0287046347929427
18964946,2070,495,1250,184,0,18964946,1.0287046347929427
18979723,2073,486,1236,184,0,18979723,1.0287046347929427
18988610,2065,494,1217,184,0,18988610,1.0287046347929427
19000525,2050,492,1243,184,0,19000525,1.0287046347929427
19012381,2061,507,1245,184,0,19012381,1.0287046347929427
19023857,2053,487,1213,184,0,19023857,1.0287046347929427
19032694,2051,493,1234,184,0,19032694,1.0287046347929427
19047017,2048,483,1256,184,0,19047017,1.0287046347929427
19061081,2042,490,1203,184,0,19061081,1.0287046347929427
19080749,2032,484,1255,184,0,19080749,1.0287046347929427
19090361,2025,494,1028,184,0,19090361,1.0287046347929427
19101770,2030,488,1273,184,0,19101770,1.0287046347929427
19116470,2036,488,1269,184,0,19116470,1.0287046347929427
19131087,2030,485,1229,184,0,19131087,1.0287046347929427
19144818,2040,490,1261,184,0,19144818,1.0287046347929427
19154855,2044,506,1275,184,0,19154855,1.0287046347929427
19168424,2035,466,1025,184,0,19168424,1.0287046347929427
19181434,2044,493,1268,184,0,19181434,1.0287046347929427
19199859,2065,490,1256,184,0,19199859,1.0287046347929427
19208564,2061,485,1232,184,0,19208564,1.0287046347929427
19222840,2073,504,1237,184,0,19222840,1.0287046347929427
19235020,2064,488,1025,184,0,19235020,1.0287046347929427
19246284,2055,489,1237,184,0,19246284,1.0287046347929427
19259303,2053,481,1264,184,0,19259303,1.0287046347929427
19270506,2056,493,1220,184,0,19270506,1.0287046347929427
19285048,2056,508,1220,184,0,19285048,1.0287046347929427
19294287,2054,494,1229,184,0,19294287,1.0287046347929427
19309007,2062,486,1246,184,0,19309007,1.0287046347929427
19323531,2054,493,1187,184,0,19323531,1.0287046347929427
19339287,2048,490,1236,184,0,19339287,1.0287046347929427
19350811,2043,488,1219,184,0,19350811,1.0287046347929427
19363774,2052,483,1256,184,0,19363774,1.0287046347929427
19377825,2051,489,1228,184,0,19377825,1.0287046347929427
19386890,2054,492,1240,184,0,19386890,1.0287046347929427
19402739,2053,496,1276,184,0,19402739,1.0287046347929427
19415047,2034,495,1259,184,0,19415047,1.0287046347929427
19425702,2057,484,1220,184,0,19425702,1.0287046347929427
19435422,2067,490,1213,184,0,19435422,1.0287046347929427
19446993,2051,500,1253,184,0,19446993,1.0287046347929427
19456676,2072,521,1244,184,0,19456676,1.0287046347929427
19466408,2066,486,1226,184,0,19466408,1.0287046347929427
19482340,2072,490,1236,184,0,19482340,1.0287046347929427
19494537,2058,499,1246,184,0,19494537,1.0287046347929427
19508852,2044,500,1242,184,0,19508852,1.0287046347929427
19519528,2061,486,1218,184,0,19519528,1.0287046347929427
19529027,2050,488,1227,184,0,19529027,1.0287046347929427
19543479,2051,497,1211,184,0,19543479,1.0287046347929427
19556831,2106,492,1035,184,0,19556831,1.0287046347929427
19570029,2073,481,1230,184,0,19570029,1.0287046347929427
19580279,2063,484,1221,184,0,19580279,1.0287046347929427
19593391,2043,481,1223,184,0,19593391,1.0287046347929427
19604137,2054,496,1244,184,0,19604137,1.0287046347929427
19613835,2053,480,1213,184,0,19613835,1.0287046347929427
19627716,2056,489,1243,184,0,19627716,1.0287046347929427
19640467,2050,472,1273,184,0,19640467,1.0287046347929427
19652208,2053,489,1230,184,0,19652208,1.0287046347929427
19663758,2043,488,1242,184,0,19663758,1.0287046347929427
19675913,2043,489,1219,184,0,19675913,1.0287046347929427
19688825,2068,493,1227,184,0,19688825,1.0287046347929427
19701731,2075,487,1233,184,0,19701731,1.0287046347929427
19715805,2067,502,1205,184,0,19715805,1.0287046347929427
19727064,2052,493,1210,184,0,19727064,1.0287046347929427
19743557,2044,491,1238,184,0,19743557,1.0287046347929427
19756609,2051,487,1214,184,0,19756609,1.0287046347929427
19772190,2056,489,1227,184,0,19772190,1.0287046347929427
19781188,2065,478,1268,184,0,19781188,1.0287046347929427
19791791,2072,505,1241,184,0,19791791,1.0287046347929427
19804754,2061,479,1243,184,0,19804754,1.0287046347929427
19815025,2050,454,1223,184,0,19815025,1.0287046347929427
19826824,2049,488,1206,184,0,19826824,1.0287046347929427
19840182,2036,477,1237,184,0,19840182,1.0287046347929427
19854360,2042,478,1248,184,0,19854360,1.0287046347929427
19867403,2041,491,1240,184,0,19867403,1.0287046347929427
19879578,2057,492,1225,184,0,19879578,1.0287046347929427
19894016,2058,454,1229,184,0,19894016,1.0287046347929427
19904544,2041,485,1231,184,0,19904544,1.0287046347929427
19916668,2051,479,1269,184,0,19916668,1.0287046347929427
19925704,2056,510,1230,184,0,19925704,1.0287046347929427
19936878,2052,490,1225,184,0,19936878,1.0287046347929427
19947421,2051,473,1233,184,0,19947421,1.0287046347929427
19960049,2054,478,1228,184,0,19960049,1.0287046347929427
19971795,2048,492,1230,184,0,19971795,1.0287046347929427
19985448,2044,489,1212,184,0,19985448,1.0287046347929427
19996408,2049,512,1232,184,0,19996408,1.0287046347929427
20009593,2060,480,1225,184,0,20009593,1.0287046347929427
20018328,2041,491,1254,184,0,20018328,1.0287046347929427
20033901,2040,493,1277,184,0,20033901,1.0287046347929427
20046143,2019,510,1251,184,0,20046143,1.0287046347929427
20059941,2025,488,1256,184,0,20059941,1.0287046347929427
20072706,2020,497,1225,184,0,20072706,1.0287046347929427
20086844,2038,486,1192,184,0,20086844,1.0287046347929427
20098284,2053,480,1256,184,0,20098284,1.0287046347929427
20112853,2058,506,1234,184,0,20112853,1.0287046347929427
20125110,2063,497,1230,184,0,20125110,1.0287046347929427
20138414,2058,493,1230,184,0,20138414,1.0287046347929427
20150124,2052,503,1211,184,0,20150124,1.0287046347929427
20164119,2058,502,1192,184,0,20164119,1.0287046347929427
20174174,2062,509,1188,184,0,20174174,1.0287046347929427
20187229,2064,495,1220,184,0,20187229,1.0287046347929427
20196055,2062,483,1189,184,0,20196055,1.0287046347929427
20207695,2073,492,1194,184,0,20207695,1.0287046347929427
20218570,2075,487,1225,184,0,20218570,1.0287046347929427
20229108,2051,499,1254,184,0,20229108,1.0287046347929427
20241197,2050,486,1232,184,0,20241197,1.0287046347929427
20253151,2021,479,1245,184,0,20253151,1.0287046347929427
20263940,2037,469,1247,184,0,20263940,1.0287046347929427
20274871,2033,483,1246,184,0,20274871,1.0287046347929427
20288109,2048,479,1262,184,0,20288109,1.0287046347929427
20300176,2049,484,1253,184,0,20300176,1.0287046347929427
20310460,2059,484,1277,184,0,20310460,1.0287046347929427
20320168,2059,511,1200,184,0,20320168,1.0287046347929427
20329870,2051,485,1243,184,0,20329870,1.0287046347929427
20341385,2053,482,1238,184,0,20341385,1.0287046347929427
20352506,2073,496,1195,184,0,20352506,1.0287046347929427
20363069,2049,505,1205,184,0,20363069,1.0287046347929427
20375159,2057,482,1219,184,0,20375159,1.0287046347929427
20386873,2059,495,1225,184,0,20386873,1.0287046347929427
20403723,2035,491,1230,184,0,20403723,1.0287046347929427
20415161,2041,487,1199,184,0,20415161,1.0287046347929427
20428304,2019,498,1240,184,0,20428304,1.0287046347929427
20438719,2049,505,1268,184,0,20438719,1.0287046347929427
20453719,2029,483,1196,184,0,20453719,1.0287046347929427
20469810,2056,485,1244,184,0,20469810,1.0287046347929427
20483605,2063,494,1033,184,0,20483605,1.0287046347929427
20493082,2073,491,1234,184,0,20493082,1.0287046347929427
20505524,2035,491,1259,184,0,20505524,1.0287046347929427
20518389,2041,492,1266,184,0,20518389,1.0287046347929427
20531495,2038,502,1247,184,0,20531495,1.0287046347929427
20540636,2040,498,1235,184,0,20540636,1.0287046347929427
20555708,2035,490,1264,184,0,20555708,1.0287046347929427
20570434,2051,490,1250,184,0,20570434,1.0287046347929427
20582754,2049,490,1226,184,0,20582754,1.0287046347929427
20593273,2058,499,1234,184,0,20593273,1.0287046347929427
20605844,2059,511,1201,184,0,20605844,1.0287046347929427
20619520,2058,460,1234,184,0,20619520,1.0287046347929427
20629909,2060,492,1251,184,0,20629909,1.0287046347929427
20644068,2034,490,1255,184,0,20644068,1.0287046347929427
20653758,2036,509,1237,184,0,20653758,1.0287046347929427
20669487,2043,489,1234,184,0,20669487,1.0287046347929427
20680420,2065,490,1212,184,0,20680420,1.0287046347929427
20693120,2075,494,1270,184,0,20693120,1.0287046347929427
20705452,2080,497,1263,184,0,20705452,1.0287046347929427
20717591,2065,524,1244,184,0,20717591,1.0287046347929427
20736053,2040,483,1251,184,0,20736053,1.0287046347929427
20748367,2034,500,1253,184,0,20748367,1.0287046347929427
20764191,2036,492,1246,184,0,20764191,1.0287046347929427
20776657,2042,488,1253,184,0,20776657,1.0287046347929427
20789009,2049,493,1272,184,0,20789009,1.0287046347929427
20799946,2056,500,1249,184,0,20799946,1.0287046347929427
20814123,2062,477,1253,184,0,20814123,1.0287046347929427
20828622,2066,500,1255,184,0,20828622,1.0287046347929427
20838833,2076,501,1261,184,0,20838833,1.0287046347929427
20849961,2062,476,1028,184,0,20849961,1.0287046347929427
20861926,2068,482,1237,184,0,20861926,1.0287046347929427
20875280,2048,488,1201,184,0,20875280,1.0287046347929427
20889669,2050,490,1240,184,0,20889669,1.0287046347929427
20899750,2052,492,1233,184,0,20899750,1.0287046347929427
20912862,2065,484,1229,184,0,20912862,1.0287046347929427
20925588,2062,491,1274,184,0,20925588,1.0287046347929427
20936844,2044,478,1234,184,0,20936844,1.0287046347929427
20949780,2033,484,1248,184,0,20949780,1.0287046347929427
20959011,2028,482,1032,184,0,20959011,1.0287046347929427
20969828,2036,483,1248,184,0,20969828,1.0287046347929427
20984580,2022,488,1275,184,0,20984580,1.0287046347929427
20998657,2043,491,1255,184,0,20998657,1.0287046347929427
21009148,2042,488,1257,184,0,21009148,1.0287046347929427
21020621,2051,506,1056,184,0,21020621,1.0287046347929427
21032299,2043,505,1265,184,0,21032299,1.0287046347929427
21042391,2049,494,1265,184,0,21042391,1.0287046347929427
21055759,2057,497,1033,184,0,21055759,1.0287046347929427
21071252,2031,503,1234,184,0,21071252,1.0287046347929427
21086210,2057,495,1249,184,0,21086210,1.0287046347929427
21099687,2053,507,1221,184,0,21099687,1.0287046347929427
21113254,2032,502,1232,184,0,21113254,1.0287046347929427
21129005,2064,501,1213,184,0,21129005,1.0287046347929427
21138677,2072,506,1262,184,0,21138677,1.0287046347929427
21151846,2063,497,1029,184,0,21151846,1.0287046347929427
21168198,2054,499,1046,184,0,21168198,1.0287046347929427
21178063,2027,492,1276,184,0,21178063,1.0287046347929427
21190387,2020,486,1038,184,0,21190387,1.0287046347929427
21202911,2018,486,1257,184,0,21202911,1.0287046347929427
21217652,2026,484,1247,184,0,21217652,1.0287046347929427
21228880,2041,489,1244,184,0,21228880,1.0287046347929427
21238899,2050,495,1253,184,0,21238899,1.0287046347929427
21253732,2066,467,1260,184,0,21253732,1.0287046347929427
21263436,2048,497,1242,184,0,21263436,1.0287046347929427
21277235,2042,504,1244,184,0,21277235,1.0287046347929427
21291989,2059,497,1265,184,0,21291989,1.0287046347929427
21304846,2056,491,1236,184,0,21304846,1.0287046347929427
21319645,2053,500,1229,184,0,21319645,1.0287046347929427
21331805,2054,490,1242,184,0,21331805,1.0287046347929427
21340871,2043,488,1261,184,0,21340871,1.0287046347929427
21356778,2059,482,1216,184,0,21356778,1.0287046347929427
21366306,2056,487,1212,184,0,21366306,1.0287046347929427
21379497,2049,490,1227,184,0,21379497,1.0287046347929427
21395697,2052,484,1216,184,0,21395697,1.0287046347929427
21410324,2033,483,1236,184,0,21410324,1.0287046347929427
21428183,2050,490,1236,184,0,21428183,1.0287046347929427
21436774,2044,490,1217,184,0,21436774,1.0287046347929427
21449172,2054,489,1264,184,0,21449172,1.0287046347929427
21460654,2053,488,1229,184,0,21460654,1.0287046347929427
21471951,2044,493,1231,184,0,21471951,1.0287046347929427
21485569,2048,482,1244,184,0,21485569,1.0287046347929427
21499815,2048,493,1270,184,0,21499815,1.0287046347929427
21511617,2029,493,1028,184,0,21511617,1.0287046347929427
21525554,2061,492,1210,184,0,21525554,1.0287046347929427
21539824,2049,510,1251,184,0,21539824,1.0287046347929427
21552277,2057,481,1248,184,0,21552277,1.0287046347929427
21564271,2042,511,1241,184,0,21564271,1.0287046347929427
21575499,2035,482,1026,184,0,21575499,1.0287046347929427
21588385,2036,483,1243,184,0,21588385,1.0287046347929427
21598311,2029,504,1246,184,0,21598311,1.0287046347929427
21610512,2048,493,1241,184,0,21610512,1.0287046347929427
21623181,2036,483,1233,184,0,21623181,1.0287046347929427
21634719,2051,494,1205,184,0,21634719,1.0287046347929427
21649323,2048,494,1236,184,0,21649323,1.0287046347929427
21658055,2063,501,1261,184,0,21658055,1.0287046347929427
21673795,2053,492,1245,184,0,21673795,1.0287046347929427
21687745,2021,507,1201,184,0,21687745,1.0287046347929427
21698926,2064,500,1242,184,0,21698926,1.0287046347929427
21709754,2050,491,1254,184,0,21709754,1.0287046347929427
21719139,2036,509,1254,184,0,21719139,1.0287046347929427
21731281,2050,492,1223,184,0,21731281,1.0287046347929427
21741734,2048,508,1240,184,0,21741734,1.0287046347929427
21750393,2060,493,1241,184,0,21750393,1.0287046347929427
21763730,2060,502,1256,184,0,21763730,1.0287046347929427
21777161,2076,505,1197,184,0,21777161,1.0287046347929427
21789878,2050,507,1267,184,0,21789878,1.0287046347929427
21802371,2054,489,1277,184,0,21802371,1.0287046347929427
21812644,2053,490,1229,184,0,21812644,1.0287046347929427
21826185,2058,504,1227,184,0,21826185,1.0287046347929427
21841477,2044,492,1211,184,0,21841477,1.0287046347929427
21852495,2060,492,1237,184,0,21852495,1.0287046347929427
21864941,2037,504,1274,184,0,21864941,1.0287046347929427
21878769,2052,502,1222,184,0,21878769,1.0287046347929427
21890120,2049,486,1232,184,0,21890120,1.0287046347929427
21903962,2051,501,1222,184,0,21903962,1.0287046347929427
21913883,2056,505,1254,184,0,21913883,1.0287046347929427
21923698,2060,506,1232,184,0,21923698,1.0287046347929427
21941414,2054,495,1234,184,0,21941414,1.0287046347929427
21951956,2031,491,1242,184,0,21951956,1.0287046347929427
21964998,2058,506,1230,184,0,21964998,1.0287046347929427
21976028,2044,498,1256,184,0,21976028,1.0287046347929427
21988687,2054,501,1209,184,0,21988687,1.0287046347929427
21998276,2048,505,1179,184,0,21998276,1.0287046347929427
22010617,2037,501,1225,184,0,22010617,1.0287046347929427
22022125,2042,511,1258,184,0,22022125,1.0287046347929427
22036350,2045,514,1221,184,0,22036350,1.0287046347929427
22056588,2044,494,1231,184,0,22056588,1.0287046347929427
22065482,2054,505,1221,184,0,22065482,1.0287046347929427
22080867,2054,501,1246,184,0,22080867,1.0287046347929427
22093605,2043,492,1250,184,0,22093605,1.0287046347929427
22108018,2031,507,1205,184,0,22108018,1.0287046347929427
22119771,2048,495,1236,184,0,22119771,1.0287046347929427
22134815,2032,508,1254,184,0,22134815,1.0287046347929427
22148632,2053,511,1250,184,0,22148632,1.0287046347929427
22158925,2050,497,1218,184,0,22158925,1.0287046347929427
22173949,2037,511,1234,184,0,22173949,1.0287046347929427
22184111,2032,500,1217,184,0,22184111,1.0287046347929427
22193133,2049,488,1235,184,0,22193133,1.0287046347929427
22205135,2043,508,1262,184,0,22205135,1.0287046347929427
22219729,2037,507,1217,184,0,22219729,1.0287046347929427
22230809,2043,492,1237,184,0,22230809,1.0287046347929427
22243769,2050,502,1265,184,0,22243769,1.0287046347929427
22253869,2033,523,1230,184,0,22253869,1.0287046347929427
22266564,2048,509,1235,184,0,22266564,1.0287046347929427
22280433,2048,502,1214,184,0,22280433,1.0287046347929427
22290739,2050,511,1266,184,0,22290739,1.0287046347929427
22301747,2054,501,1243,184,0,22301747,1.0287046347929427
22311794,2025,520,1237,184,0,22311794,1.0287046347929427
22323546,2058,498,1224,184,0,22323546,1.0287046347929427
22337523,2038,511,1227,184,0,22337523,1.0287046347929427
22346691,2044,496,1188,184,0,22346691,1.0287046347929427
22358958,2038,484,1263,184,0,22358958,1.0287046347929427
22373679,2044,498,1257,184,0,22373679,1.0287046347929427
22385198,2052,475,1266,184,0,22385198,1.0287046347929427
22398064,2050,510,1236,184,0,22398064,1.0287046347929427
22410290,2057,507,1226,184,0,22410290,1.0287046347929427
22421786,2026,490,1276,184,0,22421786,1.0287046347929427
22434756,2044,494,1211,184,0,22434756,1.0287046347929427
22443686,2039,500,1221,184,0,22443686,1.0287046347929427
22453777,2060,494,1204,184,0,22453777,1.0287046347929427
22470330,2049,490,1262,184,0,22470330,1.0287046347929427
22481526,2052,496,1236,184,0,22481526,1.0287046347929427
22494489,2042,507,1262,184,0,22494489,1.0287046347929427
22506234,2048,490,1200,184,0,22506234,1.0287046347929427
22517730,2057,498,1198,184,0,22517730,1.0287046347929427
22530728,2044,500,1226,184,0,22530728,1.0287046347929427
22541531,2053,494,1235,184,0,22541531,1.0287046347929427
22555302,2042,483,1192,184,0,22555302,1.0287046347929427
22565597,2039,511,1220,184,0,22565597,1.0287046347929427
22578279,2048,504,1258,184,0,22578279,1.0287046347929427
22591038,2041,496,1246,184,0,22591038,1.0287046347929427
22601269,2048,491,1218,184,0,22601269,1.0287046347929427
22613231,2043,505,1197,184,0,22613231,1.0287046347929427
22624546,2056,504,1227,184,0,22624546,1.0287046347929427
22636518,2038,498,1234,184,0,22636518,1.0287046347929427
22649457,2049,511,1251,184,0,22649457,1.0287046347929427
22662717,2054,498,1211,184,0,22662717,1.0287046347929427
22675027,2073,510,1206,184,0,22675027,1.0287046347929427
22688381,2048,511,1184,184,0,22688381,1.0287046347929427
22703209,2058,498,1210,184,0,22703209,1.0287046347929427
22719550,2042,511,1250,184,0,22719550,1.0287046347929427
22730453,2044,511,1277,184,0,22730453,1.0287046347929427
22742548,2038,511,1244,184,0,22742548,1.0287046347929427
22751933,2055,504,1213,184,0,22751933,1.0287046347929427
22776084,2038,511,1241,184,0,22776084,1.0287046347929427
22787926,2075,495,1207,184,0,22787926,1.0287046347929427
22800085,2059,504,1236,184,0,22800085,1.0287046347929427
22820509,2042,495,1247,184,0,22820509,1.0287046347929427
22828860,2034,521,1225,184,0,22828860,1.0287046347929427
22838156,2000,510,1230,184,0,22838156,1.0287046347929427
22851198,2060,507,1185,184,0,22851198,1.0287046347929427
22863187,2041,511,1236,184,0,22863187,1.0287046347929427
22873414,2038,505,1197,184,0,22873414,1.0287046347929427
22885375,2053,508,1234,184,0,22885375,1.0287046347929427
22898808,2050,508,1229,184,0,22898808,1.0287046347929427
22910626,2053,511,1247,184,0,22910626,1.0287046347929427
22924356,2036,500,1206,184,0,22924356,1.0287046347929427
22936953,2059,509,1220,184,0,22936953,1.0287046347929427
22950998,2052,513,1260,184,0,22950998,1.0287046347929427
22960898,2026,511,1237,184,0,22960898,1.0287046347929427
22972542,2050,511,1240,184,0,22972542,1.0287046347929427
22982950,2049,511,1210,184,0,22982950,1.0287046347929427
22994919,2061,506,1229,184,0,22994919,1.0287046347929427
23005237,2043,501,1251,184,0,23005237,1.0287046347929427
23018168,2070,504,1185,184,0,23018168,1.0287046347929427
23029914,2051,511,1237,184,0,23029914,1.0287046347929427
23043901,2057,511,1227,184,0,23043901,1.0287046347929427
23055125,2056,511,1217,184,0,23055125,1.0287046347929427
23068773,2058,515,1244,184,0,23068773,1.0287046347929427
23085733,2040,516,1265,184,0,23085733,1.0287046347929427
23096931,2043,511,1249,184,0,23096931,1.0287046347929427
23107451,2050,511,1242,184,0,23107451,1.0287046347929427
23121762,2062,511,1229,184,0,23121762,1.0287046347929427
23135355,2053,511,1223,184,0,23135355,1.0287046347929427
23150427,2042,509,1227,184,0,23150427,1.0287046347929427
23162093,2053,503,1242,184,0,23162093,1.0287046347929427
23172076,2058,521,1251,184,0,23172076,1.0287046347929427
23183129,2045,516,1236,184,0,23183129,1.0287046347929427
23198728,2048,518,1211,184,0,23198728,1.0287046347929427
23208556,2056,513,1234,184,0,23208556,1.0287046347929427
23224081,2042,521,1247,184,0,23224081,1.0287046347929427
23232785,2049,511,1226,184,0,23232785,1.0287046347929427
23249750,2053,511,1240,184,0,23249750,1.0287046347929427
23261993,2061,512,1216,184,0,23261993,1.0287046347929427
23275230,2060,511,1238,184,0,23275230,1.0287046347929427
23285971,2061,509,1246,184,0,23285971,1.0287046347929427
23299074,2041,511,1211,184,0,23299074,1.0287046347929427
23310437,2060,511,1222,184,0,23310437,1.0287046347929427
23322799,2061,511,1232,184,0,23322799,1.0287046347929427
23337021,2044,510,1235,184,0,23337021,1.0287046347929427
23347912,2052,512,1245,184,0,23347912,1.0287046347929427
23361759,2057,511,1235,184,0,23361759,1.0287046347929427
23372252,2045,507,1217,184,0,23372252,1.0287046347929427
23384217,2027,513,1242,184,0,23384217,1.0287046347929427
23396562,2056,503,1243,184,0,23396562,1.0287046347929427
23408142,2053,505,1238,184,0,23408142,1.0287046347929427
23420497,2065,511,1273,184,0,23420497,1.0287046347929427
23434674,2050,509,1240,184,0,23434674,1.0287046347929427
23444364,2032,514,1258,184,0,23444364,1.0287046347929427
23456884,2066,511,1196,184,0,23456884,1.0287046347929427
23469738,2066,511,1237,184,0,23469738,1.0287046347929427
23480614,2058,504,1257,184,0,23480614,1.0287046347929427
23496186,2045,467,1265,184,0,23496186,1.0287046347929427
23509839,2053,507,1192,184,0,23509839,1.0287046347929427
23520846,2040,500,1242,184,0,23520846,1.0287046347929427
23531430,2040,528,1210,184,0,23531430,1.0287046347929427
23542513,2038,492,1250,184,0,23542513,1.0287046347929427
23556081,2041,511,1223,184,0,23556081,1.0287046347929427
23570606,2045,502,1221,184,0,23570606,1.0287046347929427
23580630,2060,509,1225,184,0,23580630,1.0287046347929427
23591663,2074,524,1230,184,0,23591663,1.0287046347929427
23606648,2057,497,1246,184,0,23606648,1.0287046347929427
23618589,2053,513,1270,184,0,23618589,1.0287046347929427
23631343,2042,511,1257,184,0,23631343,1.0287046347929427
23644338,2048,513,1234,184,0,23644338,1.0287046347929427
23660432,2031,510,1244,184,0,23660432,1.0287046347929427
23672695,2051,515,1241,184,0,23672695,1.0287046347929427
23687231,2043,511,1243,184,0,23687231,1.0287046347929427
23699037,2060,510,1249,184,0,23699037,1.0287046347929427
23712491,2077,515,1240,184,0,23712491,1.0287046347929427
23723505,2048,511,1235,184,0,23723505,1.0287046347929427
23738772,2036,511,1243,184,0,23738772,1.0287046347929427
23747871,2038,518,1217,184,0,23747871,1.0287046347929427
23757784,2048,511,1217,184,0,23757784,1.0287046347929427
23769342,2052,518,1241,184,0,23769342,1.0287046347929427
23779635,2062,514,1217,184,0,23779635,1.0287046347929427
23795309,2057,517,1230,184,0,23795309,1.0287046347929427
23803657,2051,518,1254,184,0,23803657,1.0287046347929427
23814632,2043,511,1211,184,0,23814632,1.0287046347929427
23824717,2050,511,1270,184,0,23824717,1.0287046347929427
23836841,2032,511,1032,184,0,23836841,1.0287046347929427
23849851,2024,511,1259,184,0,23849851,1.0287046347929427
23863032,2038,511,1266,184,0,23863032,1.0287046347929427
23874745,2043,524,1257,184,0,23874745,1.0287046347929427
23888494,2051,511,1235,184,0,23888494,1.0287046347929427
23899922,2054,514,1253,184,0,23899922,1.0287046347929427
23911510,2060,514,1238,184,0,23911510,1.0287046347929427
23923880,2042,524,1205,184,0,23923880,1.0287046347929427
23934773,2066,511,1226,184,0,23934773,1.0287046347929427
23945131,2052,517,1252,184,0,23945131,1.0287046347929427
23958892,2041,511,1248,184,0,23958892,1.0287046347929427
23972031,2052,512,1209,184,0,23972031,1.0287046347929427
23984178,2037,500,1216,184,0,23984178,1.0287046347929427
23995285,2043,511,1233,184,0,23995285,1.0287046347929427
24008252,2044,511,1229,184,0,24008252,1.0287046347929427
24019458,2041,523,1226,184,0,24019458,1.0287046347929427
24034086,2060,511,1244,184,0,24034086,1.0287046347929427
24046831,2065,511,1250,184,0,24046831,1.0287046347929427
24061203,2041,522,1042,184,0,24061203,1.0287046347929427
24072245,2042,508,1264,184,0,24072245,1.0287046347929427
24088265,2045,511,1221,184,0,24088265,1.0287046347929427
24101361,2040,513,1217,184,0,24101361,1.0287046347929427
24112442,2043,513,1209,184,0,24112442,1.0287046347929427
24126103,2048,516,1243,184,0,24126103,1.0287046347929427
24138962,2061,524,1026,184,0,24138962,1.0287046347929427
24152578,2057,511,1265,184,0,24152578,1.0287046347929427
24162950,2040,528,1224,184,0,24162950,1.0287046347929427
24175337,2044,528,1240,184,0,24175337,1.0287046347929427
24187198,2057,511,1274,184,0,24187198,1.0287046347929427
24201308,2040,510,1247,184,0,24201308,1.0287046347929427
24212303,2054,511,1249,184,0,24212303,1.0287046347929427
24225825,2056,511,1243,184,0,24225825,1.0287046347929427
24236026,2033,520,1028,184,0,24236026,1.0287046347929427
24248908,2045,511,1253,184,0,24248908,1.0287046347929427
24263871,2048,512,1240,184,0,24263871,1.0287046347929427
24272088,2041,511,1251,184,0,24272088,1.0287046347929427
24282425,2050,513,1024,184,0,24282425,1.0287046347929427
24299918,2055,518,1268,184,0,24299918,1.0287046347929427
24312882,2051,531,1240,184,0,24312882,1.0287046347929427
24327492,2039,511,1277,184,0,24327492,1.0287046347929427
24341288,2058,516,1241,184,0,24341288,1.0287046347929427
24352057,2042,525,1273,184,0,24352057,1.0287046347929427
24362672,2048,512,1227,184,0,24362672,1.0287046347929427
24372308,2054,511,1278,184,0,24372308,1.0287046347929427
24383136,2052,511,1246,184,0,24383136,1.0287046347929427
24399697,2063,516,1231,184,0,24399697,1.0287046347929427
24411973,2060,515,1254,184,0,24411973,1.0287046347929427
24422292,2057,530,1269,184,0,24422292,1.0287046347929427
24436366,2035,512,1201,184,0,24436366,1.0287046347929427
24447559,2051,511,1238,184,0,24447559,1.0287046347929427
24464292,2043,511,1195,184,0,24464292,1.0287046347929427
24476367,2036,511,1248,184,0,24476367,1.0287046347929427
24492014,2028,511,1251,184,0,24492014,1.0287046347929427
24505621,2040,525,1250,184,0,24505621,1.0287046347929427
24518517,2035,513,1229,184,0,24518517,1.0287046347929427
24528588,2043,505,1024,184,0,24528588,1.0287046347929427
24542389,2027,511,1240,184,0,24542389,1.0287046347929427
24558203,2044,511,1251,184,0,24558203,1.0287046347929427
24568345,2028,522,1274,184,0,24568345,1.0287046347929427
24581048,2036,518,1212,184,0,24581048,1.0287046347929427
24593470,2053,516,1210,184,0,24593470,1.0287046347929427
24604419,2058,511,1276,184,0,24604419,1.0287046347929427
24616812,2052,511,1270,184,0,24616812,1.0287046347929427
24629512,2056,513,1240,184,0,24629512,1.0287046347929427
24640353,2057,511,1226,184,0,24640353,1.0287046347929427
24651067,2070,511,1251,184,0,24651067,1.0287046347929427
24664305,2061,511,1242,184,0,24664305,1.0287046347929427
24678659,2034,511,1251,184,0,24678659,1.0287046347929427
24689442,2054,511,1258,184,0,24689442,1.0287046347929427
24707352,2050,521,1253,184,0,24707352,1.0287046347929427
24720519,2054,521,1212,184,0,24720519,1.0287046347929427
24730347,2042,513,1212,184,0,24730347,1.0287046347929427
24744759,2043,517,1237,184,0,24744759,1.0287046347929427
24758337,2050,518,1244,184,0,24758337,1.0287046347929427
24771370,2067,511,1261,184,0,24771370,1.0287046347929427
24781612,2059,513,1242,184,0,24781612,1.0287046347929427
24795230,2048,524,1237,184,0,24795230,1.0287046347929427
24816959,2044,512,1222,184,0,24816959,1.0287046347929427
24832358,2043,511,1259,184,0,24832358,1.0287046347929427
24843241,2058,510,1253,184,0,24843241,1.0287046347929427
24854533,2057,511,1243,184,0,24854533,1.0287046347929427
24868026,2059,510,1235,184,0,24868026,1.0287046347929427
24880170,2049,502,1228,184,0,24880170,1.0287046347929427
24892537,2056,511,1230,184,0,24892537,1.0287046347929427
24904601,2034,511,1264,184,0,24904601,1.0287046347929427
24916849,2041,527,1254,184,0,24916849,1.0287046347929427
24925753,2054,517,1252,184,0,24925753,1.0287046347929427
24939230,2048,511,1222,184,0,24939230,1.0287046347929427
24954318,2063,511,1236,184,0,24954318,1.0287046347929427
24969208,2049,507,1244,184,0,24969208,1.0287046347929427
24979190,2053,499,1267,184,0,24979190,1.0287046347929427
24994373,2045,509,1262,184,0,24994373,1.0287046347929427
25005163,2048,522,1267,184,0,25005163,1.0287046347929427
25017235,2076,594,1519,184,0,25017235,1.0287046347929427
25027537,2096,621,1344,184,0,25027537,1.0287046347929427
25039167,2089,628,1353,184,0,25039167,1.0287046347929427
25049911,2096,622,1331,184,0,25049911,1.0287046347929427
25060136,2107,630,1369,184,0,25060136,1.0287046347929427
25070068,2110,621,1366,184,0,25070068,1.0287046347929427
25083089,2101,632,1334,184,0,25083089,1.0287046347929427
25096037,2097,634,1322,184,0,25096037,1.0287046347929427
25109214,2091,600,1316,184,0,25109214,1.0287046347929427
25119552,2090,606,1349,184,0,25119552,1.0287046347929427
25129308,2083,596,1309,184,0,25129308,1.0287046347929427
25142004,2088,606,1372,184,0,25142004,1.0287046347929427
25153949,2080,613,1376,184,0,25153949,1.0287046347929427
25169760,2085,638,1320,184,0,25169760,1.0287046347929427
25179468,2088,629,1386,184,0,25179468,1.0287046347929427
25192832,2088,627,1348,184,0,25192832,1.0287046347929427
25207618,2098,634,1341,184,0,25207618,1.0287046347929427
25218549,2077,618,1336,184,0,25218549,1.0287046347929427
25228992,2085,636,1357,184,0,25228992,1.0287046347929427
25240018,2114,633,1372,184,0,25240018,1.0287046347929427
25254145,2082,635,1342,184,0,25254145,1.0287046347929427
25263734,2096,656,1347,184,0,25263734,1.0287046347929427
25277813,2081,565,1349,184,0,25277813,1.0287046347929427
25290767,2067,643,1381,184,0,25290767,1.0287046347929427
25302589,2073,635,1329,184,0,25302589,1.0287046347929427
25312054,2050,657,1352,184,0,25312054,1.0287046347929427
25322806,2170,630,1361,184,0,25322806,1.0287046347929427
25333421,2070,650,1339,184,0,25333421,1.0287046347929427
25343905,2075,643,1360,184,0,25343905,1.0287046347929427
25357784,2068,657,1368,184,0,25357784,1.0287046347929427
25368085,2086,651,1332,184,0,25368085,1.0287046347929427
25383441,2073,668,1340,184,0,25383441,1.0287046347929427
25396464,2090,670,1384,184,0,25396464,1.0287046347929427
25409923,2080,653,1353,184,0,25409923,1.0287046347929427
25423307,2070,659,1347,184,0,25423307,1.0287046347929427
25435874,2088,641,1365,184,0,25435874,1.0287046347929427
25447688,2097,649,1344,184,0,25447688,1.0287046347929427
25457755,2075,618,1320,184,0,25457755,1.0287046347929427
25467895,2084,637,1326,184,0,25467895,1.0287046347929427
25481587,2097,624,1335,184,0,25481587,1.0287046347929427
25497452,2094,622,1334,184,0,25497452,1.0287046347929427
25507160,2078,611,1366,184,0,25507160,1.0287046347929427
25521690,2072,613,1289,184,0,25521690,1.0287046347929427
25530348,2078,596,1318,184,0,25530348,1.0287046347929427
25543228,2076,603,1297,184,0,25543228,1.0287046347929427
25551633,2070,595,1532,184,0,25551633,1.0287046347929427
25562931,2067,581,1299,184,0,25562931,1.0287046347929427
25577251,2077,581,1318,184,0,25577251,1.0287046347929427
25586603,2056,560,1316,184,0,25586603,1.0287046347929427
25599835,2072,557,1288,184,0,25599835,1.0287046347929427
25612564,2051,549,1523,184,0,25612564,1.0287046347929427
25622675,2036,537,1267,184,0,25622675,1.0287046347929427
25636918,2030,517,1258,184,0,25636918,1.0287046347929427
25649562,2022,510,1244,184,0,25649562,1.0287046347929427
25661758,2020,498,1237,184,0,25661758,1.0287046347929427
25673120,2021,490,1234,184,0,25673120,1.0287046347929427
25688141,2036,440,1029,184,0,25688141,1.0287046347929427
25700268,2030,486,1248,184,0,25700268,1.0287046347929427
25709408,2011,481,1276,184,0,25709408,1.0287046347929427
25725099,2025,471,1227,184,0,25725099,1.0287046347929427
25735519,2015,496,1229,184,0,25735519,1.0287046347929427
25745544,2026,472,1237,184,0,25745544,1.0287046347929427
25759882,2037,475,1236,184,0,25759882,1.0287046347929427
25771658,2025,482,1200,184,0,25771658,1.0287046347929427
25780155,2036,461,1228,184,0,25780155,1.0287046347929427
25789568,2044,458,1227,184,0,25789568,1.0287046347929427
25801752,2040,464,1201,184,0,25801752,1.0287046347929427
25813325,2051,440,1226,184,0,25813325,1.0287046347929427
25823111,2042,448,1200,184,0,25823111,1.0287046347929427
25838972,2064,443,1226,184,0,25838972,1.0287046347929427
25852222,2037,430,1222,184,0,25852222,1.0287046347929427
25861545,2040,435,1238,184,0,25861545,1.0287046347929427
25870800,2043,426,1216,184,0,25870800,1.0287046347929427
25888089,2042,422,1234,184,0,25888089,1.0287046347929427
25898538,2056,426,1211,184,0,25898538,1.0287046347929427
25908318,2041,427,1182,184,0,25908318,1.0287046347929427
25921064,2041,436,1220,184,0,25921064,1.0287046347929427
25930882,2044,426,1184,184,0,25930882,1.0287046347929427
25940000,2028,430,1227,184,0,25940000,1.0287046347929427
25951221,2042,427,1202,184,0,25951221,1.0287046347929427
25962449,2050,435,1174,184,0,25962449,1.0287046347929427
25974910,2040,425,1208,184,0,25974910,1.0287046347929427
25987741,2035,426,1203,184,0,25987741,1.0287046347929427
26000156,2042,417,1213,184,0,26000156,1.0287046347929427
26014768,2042,412,1186,184,0,26014768,1.0287046347929427
26027000,2035,404,1204,184,0,26027000,1.0287046347929427
26038745,2049,416,1203,184,0,26038745,1.0287046347929427
26049154,2032,416,1209,184,0,26049154,1.0287046347929427
26063171,2030,420,1202,184,0,26063171,1.0287046347929427
26075372,2054,426,1147,184,0,26075372,1.0287046347929427
26088893,2049,430,1218,184,0,26088893,1.0287046347929427
26102067,2048,408,1216,184,0,26102067,1.0287046347929427
26112097,2040,410,1203,184,0,26112097,1.0287046347929427
26120792,2036,411,1195,184,0,26120792,1.0287046347929427
26131905,2044,418,1201,184,0,26131905,1.0287046347929427
26144695,2041,414,1208,184,0,26144695,1.0287046347929427
26158099,2032,445,1203,184,0,26158099,1.0287046347929427
26169323,2030,433,1182,184,0,26169323,1.0287046347929427
26178539,2028,414,1194,184,0,26178539,1.0287046347929427
26193382,2034,412,1196,184,0,26193382,1.0287046347929427
26205244,2028,402,1208,184,0,26205244,1.0287046347929427
26219147,2038,416,1220,184,0,26219147,1.0287046347929427
26232309,2034,407,1160,184,0,26232309,1.0287046347929427
26244830,2035,403,1205,184,0,26244830,1.0287046347929427
26255032,2032,401,1213,184,0,26255032,1.0287046347929427
26265418,2033,400,1234,184,0,26265418,1.0287046347929427
26277449,2051,396,1199,184,0,26277449,1.0287046347929427
26289149,2009,405,1198,184,0,26289149,1.0287046347929427
26300687,2020,391,1192,184,0,26300687,1.0287046347929427
26313262,2030,401,1182,184,0,26313262,1.0287046347929427
26323618,2030,417,1150,184,0,26323618,1.0287046347929427
26334170,2041,403,1154,184,0,26334170,1.0287046347929427
26345427,2036,394,1164,184,0,26345427,1.0287046347929427
26358554,2045,394,1189,184,0,26358554,1.0287046347929427
26371430,2043,403,1186,184,0,26371430,1.0287046347929427
26383615,2036,416,1171,184,0,26383615,1.0287046347929427
26395930,2038,381,1214,184,0,26395930,1.0287046347929427
26408237,2045,393,1201,184,0,26408237,1.0287046347929427
26421737,2053,386,1152,184,0,26421737,1.0287046347929427
26431505,2048,403,1212,184,0,26431505,1.0287046347929427
26446065,2044,411,1162,184,0,26446065,1.0287046347929427
26457341,2035,396,1178,184,0,26457341,1.0287046347929427
26468464,2029,389,1222,184,0,26468464,1.0287046347929427
26482267,2040,394,1189,184,0,26482267,1.0287046347929427
26495034,2050,403,1219,184,0,26495034,1.0287046347929427
26506560,2036,394,1159,184,0,26506560,1.0287046347929427
26517771,2038,404,1196,184,0,26517771,1.0287046347929427
26535828,2056,396,1183,184,0,26535828,1.0287046347929427
26545261,2053,406,1197,184,0,26545261,1.0287046347929427
26557699,2041,400,1179,184,0,26557699,1.0287046347929427
26569812,2042,390,1153,184,0,26569812,1.0287046347929427
26580455,2027,405,1203,184,0,26580455,1.0287046347929427
26595458,2039,399,1206,184,0,26595458,1.0287046347929427
26606847,2035,400,1186,184,0,26606847,1.0287046347929427
26621725,2036,406,1200,184,0,26621725,1.0287046347929427
26634251,2034,382,1175,184,0,26634251,1.0287046347929427
26643752,2033,398,1210,184,0,26643752,1.0287046347929427
26656644,2037,408,1217,184,0,26656644,1.0287046347929427
26666842,2043,393,1158,184,0,26666842,1.0287046347929427
26680494,2040,400,1171,184,0,26680494,1.0287046347929427
26692145,2041,402,1165,184,0,26692145,1.0287046347929427
26703913,2048,410,1186,184,0,26703913,1.0287046347929427
26715552,2037,401,1174,184,0,26715552,1.0287046347929427
26727289,2044,409,1185,184,0,26727289,1.0287046347929427
26737823,2057,406,1171,184,0,26737823,1.0287046347929427
26750202,2050,423,1209,184,0,26750202,1.0287046347929427
26762499,2097,490,1203,184,0,26762499,1.0287046347929427
26776283,2099,521,1262,184,0,26776283,1.0287046347929427
26789287,2081,551,1498,184,0,26789287,1.0287046347929427
26803674,2098,550,1291,184,0,26803674,1.0287046347929427
26815090,2101,564,1296,184,0,26815090,1.0287046347929427
26824435,2101,569,1297,184,0,26824435,1.0287046347929427
26836653,2093,582,1313,184,0,26836653,1.0287046347929427
26850164,2077,579,1497,184,0,26850164,1.0287046347929427
26860158,2083,578,1295,184,0,26860158,1.0287046347929427
26869542,2078,582,1299,184,0,26869542,1.0287046347929427
26878470,9,8,410,184,0,26878470,1.0287046347929427
26886154,0,9,1029,184,0,26886154,1.0287046347929427
26917459,2035,614,1295,185,0,26917459,1.0883078892037663
26948279,2050,616,1326,185,0,26948279,1.0883078892037663
26959132,2049,622,1327,185,0,26959132,1.0883078892037663
26937448,1985,33,1042,185,0,26937448,1.0883078892037663
26981497,2029,624,1319,185,0,26981497,1.0883078892037663
26992841,2034,625,1330,185,0,26992841,1.0883078892037663
27006345,2038,634,1357,185,0,27006345,1.0883078892037663
27018547,2025,616,1332,185,0,27018547,1.0883078892037663
27029113,2027,615,1329,185,0,27029113,1.0883078892037663
27042797,2032,610,1328,185,0,27042797,1.0883078892037663
27054409,2028,608,1314,185,0,27054409,1.0883078892037663
27066998,2020,603,1309,185,0,27066998,1.0883078892037663
27076444,2035,605,1305,185,0,27076444,1.0883078892037663
27088273,2029,617,1331,185,0,27088273,1.0883078892037663
27101022,2015,612,1314,185,0,27101022,1.0883078892037663
27112560,2011,620,1299,185,0,27112560,1.0883078892037663
27124541,2026,617,1302,185,0,27124541,1.0883078892037663
27137342,2032,621,1301,185,0,27137342,1.0883078892037663
27147189,2024,613,1353,185,0,27147189,1.0883078892037663
27158649,2033,622,1299,185,0,27158649,1.0883078892037663
27174967,2051,601,1289,185,0,27174967,1.0883078892037663
27184361,2028,619,1297,185,0,27184361,1.0883078892037663
27216911,2033,594,1283,185,0,27216911,1.0883078892037663
27229013,2014,587,1042,185,0,27229013,1.0883078892037663
27237441,1952,12,154,185,0,27237441,1.0883078892037663
27256209,2037,579,1526,185,0,27256209,1.0883078892037663
27268964,2032,584,1302,185,0,27268964,1.0883078892037663
27278609,2027,586,1517,185,0,27278609,1.0883078892037663
27293376,2022,593,1194,185,0,27293376,1.0883078892037663
27305735,2018,582,1314,185,0,27305735,1.0883078892037663
27321727,2037,595,1301,185,0,27321727,1.0883078892037663
27334774,2031,596,1040,185,0,27334774,1.0883078892037663
27347133,2019,574,1252,185,0,27347133,1.0883078892037663
27358162,2029,584,1278,185,0,27358162,1.0883078892037663
27369478,2045,598,1269,185,0,27369478,1.0883078892037663
27382045,2027,586,1283,185,0,27382045,1.0883078892037663
27392653,2020,592,1267,185,0,27392653,1.0883078892037663
27402673,2016,569,1032,185,0,27402673,1.0883078892037663
27418111,2010,573,1280,185,0,27418111,1.0883078892037663
27428992,2016,565,1283,185,0,27428992,1.0883078892037663
27442625,2008,574,1272,185,0,27442625,1.0883078892037663
27452379,2009,557,1267,185,0,27452379,1.0883078892037663
27462149,2012,571,1525,185,0,27462149,1.0883078892037663
27478121,2010,598,1294,185,0,27478121,1.0883078892037663
27489514,2005,586,1042,185,0,27489514,1.0883078892037663
27499818,2002,572,1262,185,0,27499818,1.0883078892037663
27513748,2017,557,1257,185,0,27513748,1.0883078892037663
27524215,2005,552,1248,185,0,27524215,1.0883078892037663
27534514,2001,582,1227,185,0,27534514,1.0883078892037663
27547865,2018,582,1260,185,0,27547865,1.0883078892037663
27561778,2003,572,1279,185,0,27561778,1.0883078892037663
27571856,1995,555,1258,185,0,27571856,1.0883078892037663
27584973,1985,531,1241,185,0,27584973,1.0883078892037663
27593216,1956,1,421,185,0,27593216,1.0883078892037663
27624744,2037,570,1288,186,0,27624744,1.059054758204589
27636021,1824,573,1034,186,0,27636021,1.059054758204589
27647876,2035,590,1323,186,0,27647876,1.059054758204589
27682228,2058,582,1051,186,0,27682228,1.059054758204589
27694066,2061,594,1306,186,0,27694066,1.059054758204589
27707520,2056,602,1292,186,0,27707520,1.059054758204589
27720582,2028,577,1243,186,0,27720582,1.059054758204589
27729756,2032,627,1296,186,0,27729756,1.059054758204589
27740238,2034,601,1290,186,0,27740238,1.059054758204589
27752571,2030,618,1290,186,0,27752571,1.059054758204589
27757136,1988,1,1050,186,0,27757136,1.059054758204589
27770912,8,0,288,186,0,27770912,1.059054758204589
27267072,0,33,424,186,0,27267072,1.059054758204589
27789313,17,1,424,186,0,27789313,1.059054758204589
27812130,18,33,256,186,0,27812130,1.059054758204589
27822582,6,8,1092,186,0,27822582,1.059054758204589
27844707,2058,630,1296,186,0,27844707,1.059054758204589
27855322,2042,633,1309,186,0,27855322,1.059054758204589
27869475,2044,645,1281,186,0,27869475,1.059054758204589
27875520,1776,68,1040,186,0,27875520,1.059054758204589
27885578,1960,65,297,186,0,27885578,1.059054758204589
27902976,1968,82,296,186,0,27902976,1.059054758204589
27934800,1984,40,426,186,0,27934800,1.059054758204589
25691168,1546,8,426,186,0,25691168,1.059054758204589
8389057,592,1024,426,186,0,8389057,1.059054758204589
27982640,2035,662,1324,186,0,27982640,1.059054758204589
27995021,2039,641,1328,186,0,27995021,1.059054758204589
28006402,2040,648,1297,186,0,28006402,1.059054758204589
28019561,2026,643,1308,186,0,28019561,1.059054758204589
28032165,2060,642,1343,186,0,28032165,1.059054758204589
28043750,2065,644,1310,186,0,28043750,1.059054758204589
28053506,0,72,428,186,0,28053506,1.059054758204589
28067122,1969,0,428,186,0,28067122,1.059054758204589
28051736,0,80,428,186,0,28051736,1.059054758204589
28087304,1985,113,428,186,0,28087304,1.059054758204589
28049666,1969,0,292,186,0,28049666,1.059054758204589
19464450,12,640,429,186,0,19464450,1.059054758204589
28143627,16,4,1032,186,0,28143627,1.059054758204589
28148316,232,36,429,186,0,28148316,1.059054758204589
28172683,1840,89,429,186,0,28172683,1.059054758204589
28180498,1954,101,430,186,0,28180498,1.059054758204589
28221537,2044,631,1301,186,0,28221537,1.059054758204589
28232744,2064,660,1293,186,0,28232744,1.059054758204589
28180488,16,64,298,186,0,28180488,1.059054758204589
28257420,11,8,431,186,0,28257420,1.059054758204589
28267029,0,33,1109,186,0,28267029,1.059054758204589
28290003,2065,623,1334,186,0,28290003,1.059054758204589
28295400,1968,36,431,186,0,28295400,1.059054758204589
27264165,16,8,432,187,0,27264165,1.3128256696224518
28318752,1,4,432,187,0,28318752,1.3128256696224518
28355288,0,64,432,187,0,28355288,1.3128256696224518
28364845,1,21,304,187,0,28364845,1.3128256696224518
28379336,1,21,129,187,0,28379336,1.3128256696224518
28393490,1809,16,433,187,0,28393490,1.3128256696224518
28411120,2076,661,1329,187,0,28411120,1.3128256696224518
28413440,0,0,256,187,0,28413440,1.3128256696224518
28427801,3,16,288,187,0,28427801,1.3128256696224518
28437018,16,128,385,187,0,28437018,1.3128256696224518
28451401,0,33,274,187,0,28451401,1.3128256696224518
28484509,2099,616,1298,187,0,28484509,1.3128256696224518
28492096,0,8,306,187,0,28492096,1.3128256696224518
28504065,1952,33,434,187,0,28504065,1.3128256696224518
28521947,1419,1110,435,187,0,28521947,1.3128256696224518
28532996,40,8,258,187,0,28532996,1.3128256696224518
28543570,32,33,274,187,0,28543570,1.3128256696224518
28579145,2080,612,1335,187,0,28579145,1.3128256696224518
28590890,2080,621,1329,187,0,28590890,1.3128256696224518
3408940,12,546,304,187,0,3408940,1.3128256696224518
28628832,1,40,308,187,0,28628832,1.3128256696224518
28649632,16,40,256,187,0,28649632,1.3128256696224518
28667069,2069,600,1371,187,0,28667069,1.3128256696224518
28678615,2105,608,1365,187,0,28678615,1.3128256696224518
28693688,2104,589,1340,187,0,28693688,1.3128256696224518
28573704,41,16,308,187,0,28573704,1.3128256696224518
28705285,10,0,438,187,0,28705285,1.3128256696224518
28730436,36,576,438,187,0,28730436,1.3128256696224518
28761771,2112,617,1338,187,0,28761771,1.3128256696224518
28775458,2107,630,1295,187,0,28775458,1.3128256696224518
28790082,2095,598,1526,187,0,28790082,1.3128256696224518
28799493,0,0,1056,187,0,28799493,1.3128256696224518
28803202,0,579,292,187,0,28803202,1.3128256696224518
28311696,36,0,272,187,0,28311696,1.3128256696224518
28851007,2115,559,1289,187,0,28851007,1.3128256696224518
28856330,33,17,280,187,0,28856330,1.3128256696224518
28877388,2116,574,1315,187,0,28877388,1.3128256696224518
28844417,40,6,296,187,0,28844417,1.3128256696224518
28906530,28,560,297,187,0,28906530,1.3128256696224518
28930050,8,587,441,187,0,28930050,1.3128256696224518
28949027,2082,585,1366,187,0,28949027,1.3128256696224518
28959758,2097,560,1359,187,0,28959758,1.3128256696224518
28984451,80,546,442,187,0,28984451,1.3128256696224518
28973329,72,592,258,188,0,28973329,1.042417039948807
29017487,2132,595,1310,188,0,29017487,1.042417039948807
29027037,2121,557,1520,188,0,29027037,1.042417039948807
29038583,2134,563,1318,188,0,29038583,1.042417039948807
29066337,64,32,266,188,0,29066337,1.042417039948807
29084324,2121,571,1292,188,0,29084324,1.042417039948807
29095058,2127,570,1313,188,0,29095058,1.042417039948807
29105825,2090,557,1299,188,0,29105825,1.042417039948807
29105156,21,4,292,188,0,29105156,1.042417039948807
29132354,64,12,308,188,0,29132354,1.042417039948807
29168286,2127,542,1299,188,0,29168286,1.042417039948807
29181240,2104,533,445,188,0,29181240,1.042417039948807
29200928,0,552,273,188,0,29200928,1.042417039948807
29229772,2139,573,1306,188,0,29229772,1.042417039948807
29229336,64,562,1029,188,0,29229336,1.042417039948807
29249118,2119,584,1317,188,0,29249118,1.042417039948807
29266467,17,571,446,188,0,29266467,1.042417039948807
29262608,36,578,292,188,0,29262608,1.042417039948807
29229202,25,580,262,188,0,29229202,1.042417039948807
29305275,2117,572,1329,188,0,29305275,1.042417039948807
29313168,24,516,131,188,0,29313168,1.042417039948807
29325563,2124,578,1321,188,0,29325563,1.042417039948807
29332577,68,546,275,188,0,29332577,1.042417039948807
29357525,2130,569,1322,188,0,29357525,1.042417039948807
29392914,67,512,448,188,0,29392914,1.042417039948807
29427927,2160,575,1305,188,0,29427927,1.042417039948807
29426080,64,576,257,188,0,29426080,1.042417039948807
29452808,64,556,257,188,0,29452808,1.042417039948807
320,8,576,258,188,0,320,1.042417039948807
29491200,8,1,450,188,0,29491200,1.042417039948807
29535421,2120,565,450,188,0,29535421,1.042417039948807
29545476,82,689,450,188,0,29545476,1.042417039948807
29556736,40,571,193,188,0,29556736,1.042417039948807
29592776,2134,578,1013,188,0,29592776,1.042417039948807
29605179,2120,570,1530,188,0,29605179,1.042417039948807
29615478,2154,610,1290,188,0,29615478,1.042417039948807
29648455,2122,578,1033,188,0,29648455,1.042417039948807
29661338,2110,589,1034,188,0,29661338,1.042417039948807
29655232,0,584,1067,188,0,29655232,1.042417039948807
29685416,2094,571,1260,188,0,29685416,1.042417039948807
29702085,2105,590,1030,188,0,29702085,1.042417039948807
29735382,2107,582,1234,189,0,29735382,1.111253313831246
29747281,2099,562,1265,189,0,29747281,1.111253313831246
29774117,2020,590,1245,189,0,29774117,1.111253313831246
29791237,2067,563,1250,189,0,29791237,1.111253313831246
29801778,2107,578,1229,189,0,29801778,1.111253313831246
29754475,0,0,1065,189,0,29754475,1.111253313831246
29849277,2066,582,1254,189,0,29849277,1.111253313831246
29868208,8,4,1048,189,0,29868208,1.111253313831246
29892787,2051,621,1529,189,0,29892787,1.111253313831246
29888540,2004,625,264,189,0,29888540,1.111253313831246
29918488,2032,648,1325,189,0,29918488,1.111253313831246
29944332,2,0,200,189,0,29944332,1.111253313831246
29959832,2,8,192,189,0,29959832,1.111253313831246
29976073,2064,667,1329,189,0,29976073,1.111253313831246
29983649,1988,17,193,189,0,29983649,1.111253313831246
30001306,1,0,1032,189,0,30001306,1.111253313831246
30009417,1920,15,1156,189,0,30009417,1.111253313831246
30027069,2011,673,1510,189,0,30027069,1.111253313831246
30033416,1932,16,202,189,0,30033416,1.111253313831246
30049712,2073,644,1316,189,0,30049712,1.111253313831246
30079752,256,36,459,189,0,30079752,1.111253313831246
30096914,2008,617,1275,189,0,30096914,1.111253313831246
30123406,2012,628,1331,189,0,30123406,1.111253313831246
30135562,2030,630,1315,189,0,30135562,1.111253313831246
30158861,2021,634,1369,189,0,30158861,1.111253313831246
30165105,1936,18,1040,189,0,30165105,1.111253313831246
30179398,1930,32,1030,189,0,30179398,1.111253313831246
30195846,2005,651,1338,189,0,30195846,1.111253313831246
30205783,1998,633,1332,189,0,30205783,1.111253313831246
30234037,2008,654,1533,189,0,30234037,1.111253313831246
30222595,1956,17,256,189,0,30222595,1.111253313831246
30264133,2066,651,1317,189,0,30264133,1.111253313831246
30275732,2061,670,1332,189,0,30275732,1.111253313831246
30304096,2029,649,1294,189,0,30304096,1.111253313831246
30314533,2028,644,1285,189,0,30314533,1.111253313831246
30330412,2035,632,1313,189,0,30330412,1.111253313831246
30372922,2024,641,1326,189,0,30372922,1.111253313831246
30395246,1989,619,1299,190,0,30395246,1.1015175061705824
30406350,2007,646,1303,190,0,30406350,1.1015175061705824
30416960,1934,8,448,190,0,30416960,1.1015175061705824
30428860,1992,650,1356,190,0,30428860,1.1015175061705824
30440220,2000,655,1503,190,0,30440220,1.1015175061705824
30452217,1989,649,1304,190,0,30452217,1.1015175061705824
30479304,2056,635,1320,190,0,30479304,1.1015175061705824
30494537,2076,640,1365,190,0,30494537,1.1015175061705824
30518423,2021,668,1300,190,0,30518423,1.1015175061705824
30530037,1997,617,1055,190,0,30530037,1.1015175061705824
30410241,1858,106,210,190,0,30410241,1.1015175061705824
30555085,2006,627,1032,190,0,30555085,1.1015175061705824
30565979,2042,629,1033,190,0,30565979,1.1015175061705824
30577927,1920,42,464,190,0,30577927,1.1015175061705824
30590143,2053,628,1308,190,0,30590143,1.1015175061705824
30600790,2069,659,1329,190,0,30600790,1.1015175061705824
30613993,2081,605,1323,190,0,30613993,1.1015175061705824
30646402,2043,629,1305,190,0,30646402,1.1015175061705824
30654483,1984,32,1024,190,0,30654483,1.1015175061705824
30670242,2027,618,1304,190,0,30670242,1.1015175061705824
30684376,2048,635,1520,190,0,30684376,1.1015175061705824
30696126,4,0,1026,190,0,30696126,1.1015175061705824
30711947,2029,612,1297,190,0,30711947,1.1015175061705824
30721583,2067,634,1338,190,0,30721583,1.1015175061705824
30733685,2086,634,1357,190,0,30733685,1.1015175061705824
30746640,1,600,0,190,0,30746640,1.1015175061705824
30761556,2060,644,1333,190,0,30761556,1.1015175061705824
30771220,8,40,1024,190,0,30771220,1.1015175061705824
30785939,2065,617,1325,190,0,30785939,1.1015175061705824
30795794,2059,612,1283,190,0,30795794,1.1015175061705824
30808899,2059,624,1319,190,0,30808899,1.1015175061705824
30823772,2062,606,1313,190,0,30823772,1.1015175061705824
30837775,2024,604,1329,190,0,30837775,1.1015175061705824
30852389,1995,608,1304,190,0,30852389,1.1015175061705824
30862939,2048,627,1340,190,0,30862939,1.1015175061705824
30874486,2061,638,1315,190,0,30874486,1.1015175061705824
30886362,2061,653,1328,190,0,30886362,1.1015175061705824
30896640,2075,621,1295,190,0,30896640,1.1015175061705824
30909714,2072,643,1392,190,0,30909714,1.1015175061705824
30922592,2093,620,1335,190,0,30922592,1.1015175061705824
30946602,2110,638,1330,190,0,30946602,1.1015175061705824
30959132,2075,634,1370,190,0,30959132,1.1015175061705824
30993889,2093,612,1362,190,0,30993889,1.1015175061705824
31000868,0,580,1024,190,0,31000868,1.1015175061705824
31022683,2097,601,1321,190,0,31022683,1.1015175061705824
31035192,2106,605,1330,190,0,31035192,1.1015175061705824
31064033,2099,600,1352,191,0,31064033,1.140872108967913
31064584,40,589,330,191,0,31064584,1.140872108967913
31093329,2092,607,1300,191,0,31093329,1.140872108967913
31105462,2089,596,1280,191,0,31105462,1.140872108967913
31113413,65,580,274,191,0,31113413,1.140872108967913
31126912,2118,626,1305,191,0,31126912,1.140872108967913
31136578,2118,611,1315,191,0,31136578,1.140872108967913
31146981,2146,636,1333,191,0,31146981,1.140872108967913
31159121,2158,645,1320,191,0,31159121,1.140872108967913
31164168,64,596,1028,191,0,31164168,1.140872108967913
31186338,2161,640,1357,191,0,31186338,1.140872108967913
31196420,2134,631,1299,191,0,31196420,1.140872108967913
31210869,2124,637,1309,191,0,31210869,1.140872108967913
31223403,2142,610,1290,191,0,31223403,1.140872108967913
31236851,2122,585,1307,191,0,31236851,1.140872108967913
31248598,2153,590,1267,191,0,31248598,1.140872108967913
31259370,2138,593,1523,191,0,31259370,1.140872108967913
31272572,2146,617,1331,191,0,31272572,1.140872108967913
31283534,2171,624,1285,191,0,31283534,1.140872108967913
31316433,2114,609,1330,191,0,31316433,1.140872108967913
31330739,2115,613,1305,191,0,31330739,1.140872108967913
31353030,2097,604,1285,191,0,31353030,1.140872108967913
31366106,2137,612,1341,191,0,31366106,1.140872108967913
31359616,64,600,1026,191,0,31359616,1.140872108967913
31389738,2161,620,1293,191,0,31389738,1.140872108967913
31403774,2153,619,1500,191,0,31403774,1.140872108967913
31431468,2124,601,1318,191,0,31431468,1.140872108967913
31443150,2126,592,1287,191,0,31443150,1.140872108967913
31474887,2130,586,1256,191,0,31474887,1.140872108967913
31504468,2245,590,1032,191,0,31504468,1.140872108967913
31517762,2136,610,480,191,0,31517762,1.140872108967913
31527963,2142,597,1341,191,0,31527963,1.140872108967913
31542423,2078,605,1273,191,0,31542423,1.140872108967913
31523350,4,576,1184,191,0,31523350,1.140872108967913
31567651,2066,587,1028,191,0,31567651,1.140872108967913
31581107,2110,604,1234,191,0,31581107,1.140872108967913
31588420,32,578,1120,191,0,31588420,1.140872108967913
31603691,2073,627,1268,191,0,31603691,1.140872108967913
31613798,2083,635,1035,191,0,31613798,1.140872108967913
31622719,2107,656,1253,191,0,31622719,1.140872108967913
31633457,2083,610,1286,191,0,31633457,1.140872108967913
31647029,2118,614,1281,191,0,31647029,1.140872108967913
31660595,2103,596,483,191,0,31660595,1.140872108967913
31674669,2073,601,1249,191,0,31674669,1.140872108967913
31685011,2101,634,1272,191,0,31685011,1.140872108967913
31695366,16,608,1040,191,0,31695366,1.140872108967913
31708676,2053,616,1029,191,0,31708676,1.140872108967913
31721102,2064,623,1318,191,0,31721102,1.140872108967913
31728648,2,640,260,191,0,31728648,1.140872108967913
31743732,2093,689,1296,191,0,31743732,1.140872108967913
31759132,2074,659,1297,191,0,31759132,1.140872108967913
8652353,16,516,0,192,0,8652353,1.1595666879970747
31783903,2099,664,1280,192,0,31783903,1.1595666879970747
31793988,2071,642,1297,192,0,31793988,1.1595666879970747
31823218,2129,636,1526,192,0,31823218,1.1595666879970747
31833271,2105,645,1533,192,0,31833271,1.1595666879970747
31847595,2085,609,1272,192,0,31847595,1.1595666879970747
31865031,2093,609,1224,192,0,31865031,1.1595666879970747
31888783,2102,616,1293,192,0,31888783,1.1595666879970747
31902235,2049,608,1043,192,0,31902235,1.1595666879970747
31916416,2059,628,1264,192,0,31916416,1.1595666879970747
31928053,2008,622,1043,192,0,31928053,1.1595666879970747
31936576,1954,52,6,192,0,31936576,1.1595666879970747
31954411,2045,630,1494,192,0,31954411,1.1595666879970747
31965826,2048,632,1038,192,0,31965826,1.1595666879970747
31994038,2053,637,1288,192,0,31994038,1.1595666879970747
32006324,1924,0,1066,192,0,32006324,1.1595666879970747
32022178,2060,653,1028,192,0,32022178,1.1595666879970747
32031741,1998,656,1026,192,0,32031741,1.1595666879970747
32039459,1952,32,224,192,0,32039459,1.1595666879970747
32059351,2049,637,1298,192,0,32059351,1.1595666879970747
32072443,2019,618,1291,192,0,32072443,1.1595666879970747
32085767,2026,636,1534,192,0,32085767,1.1595666879970747
32095246,1921,66,97,192,0,32095246,1.1595666879970747
32124829,1988,658,1299,192,0,32124829,1.1595666879970747
32135766,1989,654,1313,192,0,32135766,1.1595666879970747
32151582,2002,635,1319,192,0,32151582,1.1595666879970747
32171108,1978,668,1306,192,0,32171108,1.1595666879970747
32183841,1976,673,1297,192,0,32183841,1.1595666879970747
32198069,1936,657,1529,192,0,32198069,1.1595666879970747
32204800,1792,5,299,192,0,32204800,1.1595666879970747
32228272,1971,705,1522,192,0,32228272,1.1595666879970747
32236141,1920,32,1024,192,0,32236141,1.1595666879970747
32253385,1988,668,1285,192,0,32253385,1.1595666879970747
32265766,1995,680,1281,192,0,32265766,1.1595666879970747
32275994,1966,685,1350,192,0,32275994,1.1595666879970747
32287744,1954,667,1311,192,0,32287744,1.1595666879970747
32300997,2001,666,1394,192,0,32300997,1.1595666879970747
32330203,1981,699,1371,192,0,32330203,1.1595666879970747
32354270,1950,695,1372,192,0,32354270,1.1595666879970747
32360458,1793,137,1280,192,0,32360458,1.1595666879970747
32381942,1941,736,1299,192,0,32381942,1.1595666879970747
32391967,1936,703,1333,192,0,32391967,1.1595666879970747
32422009,1953,705,1328,192,0,32422009,1.1595666879970747
32424046,1824,24,1024,192,0,32424046,1.1595666879970747
32443906,1996,707,1395,192,0,32443906,1.1595666879970747
32453708,1979,708,1358,192,0,32453708,1.1595666879970747
32467864,1956,634,1357,192,0,32467864,1.1595666879970747
32479910,1961,709,1345,192,0,32479910,1.1595666879970747
32492546,1922,50,1024,192,0,32492546,1.1595666879970747
32508603,1981,710,1387,192,0,32508603,1.1595666879970747
32524467,1938,700,496,192,0,32524467,1.1595666879970747
32538407,1992,715,1363,192,0,32538407,1.1595666879970747
32548724,1986,712,1379,192,0,32548724,1.1595666879970747
32555024,1924,36,1024,192,0,32555024,1.1595666879970747
32572247,2014,665,1373,192,0,32572247,1.1595666879970747
32584159,2028,686,1376,192,0,32584159,1.1595666879970747
32597010,2034,668,1381,192,0,32597010,1.1595666879970747
32608871,2030,674,1372,192,0,32608871,1.1595666879970747
32616576,1931,20,320,192,0,32616576,1.1595666879970747
32632630,2034,649,1345,192,0,32632630,1.1595666879970747
32668677,2051,665,1368,193,0,32668677,1.0820001828320687
32678024,16,24,1072,193,0,32678024,1.0820001828320687
32688301,2073,677,1355,193,0,32688301,1.0820001828320687
32699861,2063,683,1328,193,0,32699861,1.0820001828320687
32702484,0,16,307,193,0,32702484,1.0820001828320687
32721968,2066,680,1353,193,0,32721968,1.0820001828320687
32736338,2140,689,1350,193,0,32736338,1.0820001828320687
32760752,2100,686,1323,193,0,32760752,1.0820001828320687
32506496,36,682,500,193,0,32506496,1.0820001828320687
32768512,16,684,1070,193,0,32768512,1.0820001828320687
32798531,2107,690,500,193,0,32798531,1.0820001828320687
32809769,2117,662,1301,193,0,32809769,1.0820001828320687
32821768,2090,642,1319,193,0,32821768,1.0820001828320687
32827529,13,624,1066,193,0,32827529,1.0820001828320687
32844534,2122,645,1326,193,0,32844534,1.0820001828320687
32855355,2111,625,1355,193,0,32855355,1.0820001828320687
32887838,2109,651,501,193,0,32887838,1.0820001828320687
32902132,2132,680,1354,193,0,32902132,1.0820001828320687
32916133,72,648,1035,193,0,32916133,1.0820001828320687
32927964,2127,669,1343,193,0,32927964,1.0820001828320687
32941830,2168,678,1326,193,0,32941830,1.0820001828320687
32975016,2184,672,503,193,0,32975016,1.0820001828320687
32985852,2153,662,1293,193,0,32985852,1.0820001828320687
33000564,2149,636,1302,193,0,33000564,1.0820001828320687
33026547,2179,646,1343,193,0,33026547,1.0820001828320687
33052264,2170,666,1347,193,0,33052264,1.0820001828320687
33068515,2203,678,1372,193,0,33068515,1.0820001828320687
33081064,2179,658,1316,193,0,33081064,1.0820001828320687
33087521,2048,512,288,193,0,33087521,1.0820001828320687
33103795,2221,681,1305,193,0,33103795,1.0820001828320687
33118472,2050,753,288,193,0,33118472,1.0820001828320687
33129822,2179,741,1328,193,0,33129822,1.0820001828320687
33143900,2213,755,1367,193,0,33143900,1.0820001828320687
33155230,2172,770,1390,193,0,33155230,1.0820001828320687
33167071,2124,674,1340,193,0,33167071,1.0820001828320687
33161856,2048,520,1025,193,0,33161856,1.0820001828320687
33188207,2164,619,1260,193,0,33188207,1.0820001828320687
33200594,2176,632,1277,193,0,33200594,1.0820001828320687
33210662,2187,648,1297,193,0,33210662,1.0820001828320687
33222487,2142,673,1311,193,0,33222487,1.0820001828320687
33233791,2164,700,1289,193,0,33233791,1.0820001828320687
33248888,2159,728,1320,193,0,33248888,1.0820001828320687
33226860,2052,525,1,193,0,33226860,1.0820001828320687
33270427,2168,667,1314,193,0,33270427,1.0820001828320687
33282647,2162,644,1238,193,0,33282647,1.0820001828320687
33293237,2168,650,1282,193,0,33293237,1.0820001828320687
33304114,2152,672,1253,193,0,33304114,1.0820001828320687
33312832,72,641,1232,193,0,33312832,1.0820001828320687
33328182,2143,654,1253,193,0,33328182,1.0820001828320687
33339897,2157,614,1266,193,0,33339897,1.0820001828320687
33352759,2104,588,1240,193,0,33352759,1.0820001828320687
33362243,2121,593,1273,193,0,33362243,1.0820001828320687
33385773,2155,658,1280,194,0,33385773,1.1838376451229546
33403915,2153,688,1284,194,0,33403915,1.1838376451229546
33416436,2145,689,1324,194,0,33416436,1.1838376451229546
33447948,2161,688,1321,194,0,33447948,1.1838376451229546
33459202,2161,664,1273,194,0,33459202,1.1838376451229546
33486002,2108,649,1249,194,0,33486002,1.1838376451229546
33499657,2077,645,1267,194,0,33499657,1.1838376451229546
33521756,0,659,1116,194,0,33521756,1.1838376451229546
33544465,2067,636,1274,194,0,33544465,1.1838376451229546
1808,33,648,1026,194,0,1808,1.1838376451229546
33579182,2083,689,1299,194,0,33579182,1.1838376451229546
33594713,2052,686,1093,194,0,33594713,1.1838376451229546
33605920,1992,688,0,194,0,33605920,1.1838376451229546
33619071,2035,685,1333,194,0,33619071,1.1838376451229546
33621516,8,660,1025,194,0,33621516,1.1838376451229546
33649805,2094,724,1315,194,0,33649805,1.1838376451229546
33653394,0,693,1098,194,0,33653394,1.1838376451229546
33678848,2041,694,1332,194,0,33678848,1.1838376451229546
33707336,2024,730,514,194,0,33707336,1.1838376451229546
33719434,1971,683,1336,194,0,33719434,1.1838376451229546
33732384,1978,718,1312,194,0,33732384,1.1838376451229546
33741444,1842,68,514,194,0,33741444,1.1838376451229546
33756969,2023,721,1354,194,0,33756969,1.1838376451229546
33767958,2018,708,1331,194,0,33767958,1.1838376451229546
33781546,2006,681,1331,194,0,33781546,1.1838376451229546
33808391,1954,17,1064,194,0,33808391,1.1838376451229546
33826116,2058,649,1369,194,0,33826116,1.1838376451229546
33833608,26,9,1107,194,0,33833608,1.1838376451229546
33854427,2132,695,1388,194,0,33854427,1.1838376451229546
33882642,5,646,1032,194,0,33882642,1.1838376451229546
33895286,2109,701,1368,194,0,33895286,1.1838376451229546
33907717,32,650,1040,194,0,33907717,1.1838376451229546
33917634,2105,635,1053,194,0,33917634,1.1838376451229546
33928235,2105,656,1346,194,0,33928235,1.1838376451229546
33956091,2172,685,1304,194,0,33956091,1.1838376451229546
33970549,2148,672,1314,194,0,33970549,1.1838376451229546
33981762,2138,700,518,194,0,33981762,1.1838376451229546
33996363,2145,728,1309,194,0,33996363,1.1838376451229546
34004992,2048,641,1049,194,0,34004992,1.1838376451229546
34019387,2181,690,1330,194,0,34019387,1.1838376451229546
34029568,2060,528,0,194,0,34029568,1.1838376451229546
34045783,2190,721,1348,194,0,34045783,1.1838376451229546
34054400,2049,608,1088,194,0,34054400,1.1838376451229546
34071148,2164,725,1326,194,0,34071148,1.1838376451229546
34088999,2133,674,1312,194,0,34088999,1.1838376451229546
34100690,2157,697,1302,194,0,34100690,1.1838376451229546
34112064,2064,552,0,195,0,34112064,1.1081451686625834
34142254,2120,670,1523,195,0,34142254,1.1081451686625834
34144724,2066,650,0,195,0,34144724,1.1081451686625834
34167733,2106,704,1472,195,0,34167733,1.1081451686625834
34144449,72,640,1,195,0,34144449,1.1081451686625834
34191775,2147,692,1318,195,0,34191775,1.1081451686625834
34197640,2059,652,512,195,0,34197640,1.1081451686625834
34216665,2104,689,1300,195,0,34216665,1.1081451686625834
34242032,2040,860,1340,195,0,34242032,1.1081451686625834
34269997,2088,717,522,195,0,34269997,1.1081451686625834
34283424,2074,693,1306,195,0,34283424,1.1081451686625834
34293757,2034,683,1307,195,0,34293757,1.1081451686625834
34305247,2056,667,1338,195,0,34305247,1.1081451686625834
34316682,1992,0,1066,195,0,34316682,1.1081451686625834
34329680,2024,685,1341,195,0,34329680,1.1081451686625834
34340865,1984,664,8,195,0,34340865,1.1081451686625834
34352293,2027,683,1261,195,0,34352293,1.1081451686625834
34364535,2059,699,524,195,0,34364535,1.1081451686625834
34378695,2057,667,1345,195,0,34378695,1.1081451686625834
34387956,2074,678,524,195,0,34387956,1.1081451686625834
34400078,2062,666,1320,195,0,34400078,1.1081451686625834
34406400,64,641,5,195,0,34406400,1.1081451686625834
34427376,2113,722,1365,195,0,34427376,1.1081451686625834
34455638,2110,714,1368,195,0,34455638,1.1081451686625834
34468271,2079,712,1323,195,0,34468271,1.1081451686625834
34471938,0,728,0,195,0,34471938,1.1081451686625834
34490802,2045,717,1412,195,0,34490802,1.1081451686625834
34500608,1920,4,514,195,0,34500608,1.1081451686625834
34518422,1966,672,1283,195,0,34518422,1.1081451686625834
34523178,1920,8,10,195,0,34523178,1.1081451686625834
34545247,1972,668,1317,195,0,34545247,1.1081451686625834
34570101,2017,705,1451,195,0,34570101,1.1081451686625834
34582330,2048,710,1372,195,0,34582330,1.1081451686625834
34586632,17,754,1024,195,0,34586632,1.1081451686625834
34606640,2071,737,1338,195,0,34606640,1.1081451686625834
34613704,0,721,1032,195,0,34613704,1.1081451686625834
34630570,2033,729,1324,195,0,34630570,1.1081451686625834
34636290,0,16,16,195,0,34636290,1.1081451686625834
34658946,2020,717,1316,195,0,34658946,1.1081451686625834
34605093,1966,8,1040,195,0,34605093,1.1081451686625834
34668849,1955,6,16,195,0,34668849,1.1081451686625834
34700327,2060,697,1373,195,0,34700327,1.1081451686625834
34712185,2033,692,1307,195,0,34712185,1.1081451686625834
34723263,2032,699,1355,195,0,34723263,1.1081451686625834
34735152,0,74,16,196,0,34735152,1.1746046256513392
34763477,2050,701,1359,196,0,34763477,1.1746046256513392
34792417,2075,690,1363,196,0,34792417,1.1746046256513392
34804766,2091,689,1353,196,0,34804766,1.1746046256513392
34814080,2004,676,3,196,0,34814080,1.1746046256513392
34826929,2083,725,1350,196,0,34826929,1.1746046256513392
34835585,64,714,1032,196,0,34835585,1.1746046256513392
34854468,2094,742,1390,196,0,34854468,1.1746046256513392
34900355,2123,726,532,196,0,34900355,1.1746046256513392
34897938,64,657,1065,196,0,34897938,1.1746046256513392
34917456,12,721,4,196,0,34917456,1.1746046256513392
34935243,2102,692,1332,196,0,34935243,1.1746046256513392
34965049,2121,717,533,196,0,34965049,1.1746046256513392
34975429,2160,726,1522,196,0,34975429,1.1746046256513392
34984578,68,595,529,196,0,34984578,1.1746046256513392
35001848,2082,704,1334,196,0,35001848,1.1746046256513392
2048,0,0,0,196,0,2048,1.1746046256513392
35025627,2129,660,1290,196,0,35025627,1.1746046256513392
35069569,2185,750,1405,196,0,35069569,1.1746046256513392
35078955,2154,750,1377,196,0,35078955,1.1746046256513392
35090339,2179,781,1379,196,0,35090339,1.1746046256513392
35101231,2155,778,1348,196,0,35101231,1.1746046256513392
35106826,2056,584,535,196,0,35106826,1.1746046256513392
35127354,2156,765,1346,196,0,35127354,1.1746046256513392
526368,80,546,16,196,0,526368,1.1746046256513392
35153872,2109,756,1331,196,0,35153872,1.1746046256513392
35166744,2166,757,1366,196,0,35166744,1.1746046256513392
35164275,2083,608,0,196,0,35164275,1.1746046256513392
35192960,2056,640,1026,196,0,35192960,1.1746046256513392
35224142,2128,734,1328,196,0,35224142,1.1746046256513392
35234524,2139,741,1333,196,0,35234524,1.1746046256513392
35248017,2172,746,1305,196,0,35248017,1.1746046256513392
35261869,2122,724,1306,196,0,35261869,1.1746046256513392
35274832,2126,701,1304,196,0,35274832,1.1746046256513392
35289322,2152,717,1320,196,0,35289322,1.1746046256513392
35295232,2048,652,538,196,0,35295232,1.1746046256513392
35315329,2110,721,1307,196,0,35315329,1.1746046256513392
35330052,2098,733,1320,196,0,35330052,1.1746046256513392
35324513,2063,647,1132,196,0,35324513,1.1746046256513392
35356180,2155,770,1313,196,0,35356180,1.1746046256513392
35369089,2090,756,1296,196,0,35369089,1.1746046256513392
35377280,2066,640,18,196,0,35377280,1.1746046256513392
35393864,2077,737,1325,196,0,35393864,1.1746046256513392
35417717,2105,780,1342,197,0,35417717,1.151339244903556
35429294,2089,744,1357,197,0,35429294,1.151339244903556
35458316,17,704,17,197,0,35458316,1.151339244903556
35474963,2063,751,1282,197,0,35474963,1.151339244903556
35486108,2067,742,1304,197,0,35486108,1.151339244903556
35500894,2072,726,1354,197,0,35500894,1.151339244903556
35512342,2094,730,1332,197,0,35512342,1.151339244903556
35524522,2080,737,1312,197,0,35524522,1.151339244903556
35535203,2043,701,1531,197,0,35535203,1.151339244903556
35545125,2032,702,1281,197,0,35545125,1.151339244903556
35556669,2017,708,1385,197,0,35556669,1.151339244903556
35569276,2024,728,1418,197,0,35569276,1.151339244903556
35570179,1992,718,524,197,0,35570179,1.151339244903556
35592982,1995,741,1334,197,0,35592982,1.151339244903556
35590177,0,738,1,197,0,35590177,1.151339244903556
35633129,2011,724,1390,197,0,35633129,1.151339244903556
35645509,2005,728,1352,197,0,35645509,1.151339244903556
35655749,1936,64,32,197,0,35655749,1.151339244903556
35668253,1989,715,1345,197,0,35668253,1.151339244903556
35693088,1928,80,32,197,0,35693088,1.151339244903556
35710749,1976,753,1360,197,0,35710749,1.151339244903556
35733517,1936,16,1042,197,0,35733517,1.151339244903556
35752803,2014,728,545,197,0,35752803,1.151339244903556
35768845,2001,717,1381,197,0,35768845,1.151339244903556
35782733,1024,2,2,197,0,35782733,1.151339244903556
35824801,2051,765,1318,197,0,35824801,1.151339244903556
35837576,2061,769,1388,197,0,35837576,1.151339244903556
35849140,2056,752,547,197,0,35849140,1.151339244903556
35885122,12,770,1,197,0,35885122,1.151339244903556
35905536,1,738,1072,197,0,35905536,1.151339244903556
35920283,2057,763,1340,197,0,35920283,1.151339244903556
35931137,17,720,548,197,0,35931137,1.151339244903556
35943719,2090,766,1341,197,0,35943719,1.151339244903556
35956802,2083,792,1422,197,0,35956802,1.151339244903556
35981522,11,768,36,197,0,35981522,1.151339244903556
36013655,2078,739,1365,197,0,36013655,1.151339244903556
36036800,0,674,37,197,0,36036800,1.151339244903556
36055456,2092,744,1399,197,0,36055456,1.151339244903556
36068924,2126,778,1420,197,0,36068924,1.151339244903556
36044868,20,676,0,198,0,36044868,0.9976231831063168
36094088,80,786,1060,198,0,36094088,0.9976231831063168
36105837,2112,760,1414,198,0,36105837,0.9976231831063168
36113031,64,668,0,198,0,36113031,0.9976231831063168
36131200,2052,642,4,198,0,36131200,0.9976231831063168
36147913,2134,756,1337,198,0,36147913,0.9976231831063168
36158064,2140,744,1313,198,0,36158064,0.9976231831063168
36167687,2107,576,545,198,0,36167687,0.9976231831063168
36187162,2170,768,1321,198,0,36187162,0.9976231831063168
36192320,2048,769,1024,198,0,36192320,0.9976231831063168
36205733,2050,640,0,198,0,36205733,0.9976231831063168
36219664,2133,766,1363,198,0,36219664,0.9976231831063168
36242995,2153,764,553,198,0,36242995,0.9976231831063168
36253556,2155,776,1333,198,0,36253556,0.9976231831063168
36279296,2098,601,40,198,0,36279296,0.9976231831063168
36296516,2165,790,1398,198,0,36296516,0.9976231831063168
36306122,2147,797,1366,198,0,36306122,0.9976231831063168
36315648,2112,768,10,198,0,36315648,0.9976231831063168
36330921,2118,772,1342,198,0,36330921,0.9976231831063168
36352020,2105,609,512,198,0,36352020,0.9976231831063168
36307017,2084,777,0,198,0,36307017,0.9976231831063168
36389137,2150,823,1481,198,0,36389137,0.9976231831063168
36401875,2116,786,1312,198,0,36401875,0.9976231831063168
36461224,2120,761,1531,198,0,36461224,0.9976231831063168
36470057,2073,759,1315,198,0,36470057,0.9976231831063168
36479121,2048,768,524,198,0,36479121,0.9976231831063168
36512057,2056,801,1388,198,0,36512057,0.9976231831063168
36522970,2067,778,1339,198,0,36522970,0.9976231831063168
36532864,2064,624,9,198,0,36532864,0.9976231831063168
36564344,2084,762,1340,198,0,36564344,0.9976231831063168
36576896,2062,744,1360,198,0,36576896,0.9976231831063168
36586497,2048,704,46,198,0,36586497,0.9976231831063168
36604617,2066,768,1032,198,0,36604617,0.9976231831063168
36620247,2101,769,1332,198,0,36620247,0.9976231831063168
36674158,2072,768,1332,198,0,36674158,0.9976231831063168
36687870,2025,751,1328,198,0,36687870,0.9976231831063168
33554593,0,272,0,198,0,33554593,0.9976231831063168
36722964,1968,778,528,198,0,36722964,0.9976231831063168
36740683,2021,777,1509,199,0,36740683,1.030075875308529
36732944,1985,18,1024,199,0,36732944,1.030075875308529
36761067,2017,744,1349,199,0,36761067,1.030075875308529
36772335,2049,751,1358,199,0,36772335,1.030075875308529
36768896,0,773,1032,199,0,36768896,1.030075875308529
36797887,2042,749,1353,199,0,36797887,1.030075875308529
36828289,2041,814,1378,199,0,36828289,1.030075875308529
36839991,2082,794,1367,199,0,36839991,1.030075875308529
36852002,2008,769,48,199,0,36852002,1.030075875308529
36874837,2049,772,1072,199,0,36874837,1.030075875308529
36882692,2072,650,2,199,0,36882692,1.030075875308529
36903048,2105,764,1388,199,0,36903048,1.030075875308529
36897488,2076,768,1072,199,0,36897488,1.030075875308529
36937730,2072,808,547,199,0,36937730,1.030075875308529
36955712,2049,772,2,199,0,36955712,1.030075875308529
36964576,2115,584,36,199,0,36964576,1.030075875308529
36995234,2056,778,4,199,0,36995234,1.030075875308529
37024423,2154,818,1371,199,0,37024423,1.030075875308529
37027872,2050,768,4,199,0,37027872,1.030075875308529
37105150,2145,798,1323,199,0,37105150,1.030075875308529
37158928,2058,772,19,199,0,37158928,1.030075875308529
37175808,2081,809,36,199,0,37175808,1.030075875308529
37191275,2093,788,1368,199,0,37191275,1.030075875308529
37193280,2113,841,277,199,0,37193280,1.030075875308529
37209120,2081,843,52,199,0,37209120,1.030075875308529
37224522,2053,844,17,199,0,37224522,1.030075875308529
2101248,0,0,0,199,0,2101248,1.030075875308529
37257472,2080,788,32,199,0,37257472,1.030075875308529
37272584,2074,837,1329,199,0,37272584,1.030075875308529
37287317,1974,837,1336,199,0,37287317,1.030075875308529
37341264,1794,64,1050,199,0,37341264,1.030075875308529
37224600,1824,5,24,199,0,37224600,1.030075875308529
37356690,1824,58,32,199,0,37356690,1.030075875308529
37404682,1928,0,1025,200,0,37404682,0.8755827772191243
1,0,0,0,200,0,1,0.8755827772191243
37445824,1920,40,571,200,0,37445824,0.8755827772191243
37465289,3,768,1024,200,0,37465289,0.8755827772191243
37479173,2072,804,43,200,0,37479173,0.8755827772191243
37497365,2069,770,524,200,0,37497365,0.8755827772191243
4,0,0,0,200,0,4,0.8755827772191243
37539247,2145,827,1323,200,0,37539247,0.8755827772191243
37488128,2112,798,24,200,0,37488128,0.8755827772191243
37561472,2123,770,1028,200,0,37561472,0.8755827772191243
37574457,2112,833,1336,200,0,37574457,0.8755827772191243
1311488,64,0,0,200,0,1311488,0.8755827772191243
37585414,2112,768,1032,200,0,37585414,0.8755827772191243
37486996,2056,768,2,200,0,37486996,0.8755827772191243
37625858,2068,577,1092,200,0,37625858,0.8755827772191243
37635152,2060,528,1024,200,0,37635152,0.8755827772191243
37686118,2125,884,1523,200,0,37686118,0.8755827772191243
37709381,2192,528,18,200,0,37709381,0.8755827772191243
37715968,2196,523,1028,200,0,37715968,0.8755827772191243
37733009,2154,858,1256,200,0,37733009,0.8755827772191243
37782690,2104,869,1092,200,0,37782690,0.8755827772191243
37816521,2122,810,1293,200,0,37816521,0.8755827772191243
37860435,2173,879,1356,200,0,37860435,0.8755827772191243
128,0,0,0,200,0,128,0.8755827772191243
33562624,0,0,0,200,0,33562624,0.8755827772191243
37883904,2065,576,1514,200,0,37883904,0.8755827772191243
37962900,2056,608,1,200,0,37962900,0.8755827772191243
37978882,2064,800,66,200,0,37978882,0.8755827772191243
37999394,32,832,1218,200,0,37999394,0.8755827772191243
38028162,2084,801,1120,200,0,38028162,0.8755827772191243
38044044,2078,834,1234,200,0,38044044,0.8755827772191243
38055505,2022,830,1308,200,0,38055505,0.8755827772191243
38066230,1970,971,1304,200,0,38066230,0.8755827772191243
38076092,1901,842,1313,200,0,38076092,0.8755827772191243
38081330,0,0,1504,200,0,38081330,0.8755827772191243
38098351,2121,850,1350,200,0,38098351,0.8755827772191243
38081548,2080,832,581,201,0,38081548,1.046256513392449
38142398,2179,878,1326,201,0,38142398,1.046256513392449
38153843,2227,928,1328,201,0,38153843,1.046256513392449
38185874,2198,914,1246,201,0,38185874,1.046256513392449
38207525,2176,552,3,201,0,38207525,1.046256513392449
38217888,2050,582,67,201,0,38217888,1.046256513392449
38232720,2048,593,1217,201,0,38232720,1.046256513392449
38241056,9,838,1028,201,0,38241056,1.046256513392449
38266944,1994,904,1289,201,0,38266944,1.046256513392449
38277129,1988,896,0,201,0,38277129,1.046256513392449
38289668,2056,769,8,201,0,38289668,1.046256513392449
38274048,2092,640,72,201,0,38274048,1.046256513392449
38322448,2112,596,1188,201,0,38322448,1.046256513392449
38334053,2214,979,1217,201,0,38334053,1.046256513392449
38380737,2304,481,1176,201,0,38380737,1.046256513392449
38396185,2313,0,1,201,0,38396185,1.046256513392449
38411139,2315,1035,586,201,0,38411139,1.046256513392449
38424580,2368,24,72,201,0,38424580,1.046256513392449
38454989,2393,1041,1136,201,0,38454989,1.046256513392449
38469453,2344,962,1161,201,0,38469453,1.046256513392449
38482804,2243,911,1200,201,0,38482804,1.046256513392449
38496589,2165,902,1027,201,0,38496589,1.046256513392449
38555712,1984,21,1120,201,0,38555712,1.046256513392449
38568065,2092,8,64,201,0,38568065,1.046256513392449
38584882,2176,1121,1313,201,0,38584882,1.046256513392449
38594465,2176,1125,1025,201,0,38594465,1.046256513392449
38607185,2216,1112,1034,201,0,38607185,1.046256513392449
38601992,2114,656,76,201,0,38601992,1.046256513392449
38660734,2261,976,589,201,0,38660734,1.046256513392449
38669976,2278,1004,590,201,0,38669976,1.046256513392449
38681057,2294,1056,1179,201,0,38681057,1.046256513392449
38691971,2332,1110,1169,201,0,38691971,1.046256513392449
38733833,2116,644,1180,201,0,38733833,1.046256513392449
33982466,1924,5,0,202,0,33982466,1.1171039400310814
38797102,1923,852,1530,202,0,38797102,1.1171039400310814
38812305,1942,857,1237,202,0,38812305,1.1171039400310814
38825083,1992,876,1257,202,0,38825083,1.1171039400310814
38836740,1985,857,1272,202,0,38836740,1.1171039400310814
38879234,2065,848,1288,202,0,38879234,1.1171039400310814
38896136,2144,772,0,202,0,38896136,1.1171039400310814
38924300,2048,580,1312,202,0,38924300,1.1171039400310814
38937773,2173,898,1301,202,0,38937773,1.1171039400310814
38953276,2147,914,1522,202,0,38953276,1.1171039400310814
38962240,2112,648,2,202,0,38962240,1.1171039400310814
38981903,2154,919,1269,202,0,38981903,1.1171039400310814
39023586,2182,875,1027,202,0,39023586,1.1171039400310814
39033792,2153,932,1186,202,0,39033792,1.1171039400310814
39029248,2096,704,1168,202,0,39029248,1.1171039400310814
39056396,2048,560,1161,202,0,39056396,1.1171039400310814
39063780,2052,495,1026,202,0,39063780,1.1171039400310814
39076000,2052,528,4,202,0,39076000,1.1171039400310814
39092772,2192,528,1168,202,0,39092772,1.1171039400310814
39108672,2184,640,1172,202,0,39108672,1.1171039400310814
39059518,2180,565,1152,202,0,39059518,1.1171039400310814
39136510,2181,924,1181,202,0,39136510,1.1171039400310814
39151225,2212,949,1184,202,0,39151225,1.1171039400310814
39129222,2194,560,1152,202,0,39129222,1.1171039400310814
39168835,2208,644,1216,202,0,39168835,1.1171039400310814
39179550,2180,588,1225,202,0,39179550,1.1171039400310814
39193526,2197,882,598,202,0,39193526,1.1171039400310814
39291426,2048,770,1026,202,0,39291426,1.1171039400310814
39305248,2081,680,1217,202,0,39305248,1.1171039400310814
39319312,2176,564,1160,202,0,39319312,1.1171039400310814
39331988,2116,552,1153,202,0,39331988,1.1171039400310814
39354400,2176,544,1177,202,0,39354400,1.1171039400310814
39374215,2222,944,1208,202,0,39374215,1.1171039400310814
39388937,2193,974,1215,202,0,39388937,1.1171039400310814
39454336,2054,533,1156,203,0,39454336,1.2243349483499406
39469206,2074,481,1058,203,0,39469206,1.2243349483499406
39485953,2048,459,1184,203,0,39485953,1.2243349483499406
39499794,2089,450,1440,203,0,39499794,1.2243349483499406
39510560,2064,440,1153,203,0,39510560,1.2243349483499406
39526416,2080,544,1024,203,0,39526416,1.2243349483499406
39541008,2048,520,1153,203,0,39541008,1.2243349483499406
39588521,2216,568,1153,203,0,39588521,1.2243349483499406
39585840,2144,512,604,203,0,39585840,1.2243349483499406
39608770,2184,640,1203,203,0,39608770,1.2243349483499406
39636992,2128,552,1156,203,0,39636992,1.2243349483499406
39651469,2182,400,1184,203,0,39651469,1.2243349483499406
39665945,2186,644,93,203,0,39665945,1.2243349483499406
39649318,2086,640,8,203,0,39649318,1.2243349483499406
39692352,2192,562,65,203,0,39692352,1.2243349483499406
39720264,2178,608,28,203,0,39720264,1.2243349483499406
39745024,2178,576,1040,203,0,39745024,1.2243349483499406
39758417,2208,1012,1169,203,0,39758417,1.2243349483499406
39764068,2177,649,1153,203,0,39764068,1.2243349483499406
39716876,2177,642,1154,203,0,39716876,1.2243349483499406
39792744,2241,545,1153,203,0,39792744,1.2243349483499406
39804960,2179,592,1157,203,0,39804960,1.2243349483499406
39813898,2186,610,1156,203,0,39813898,1.2243349483499406
39829792,2201,0,1040,203,0,39829792,1.2243349483499406
39844468,2220,1014,1156,203,0,39844468,1.2243349483499406
39855168,2184,683,1152,203,0,39855168,1.2243349483499406
39882770,2088,684,608,203,0,39882770,1.2243349483499406
39895160,2176,660,1188,203,0,39895160,1.2243349483499406
39847778,2088,646,1176,203,0,39847778,1.2243349483499406
39921667,2176,704,1152,203,0,39921667,1.2243349483499406
39937543,2208,965,1217,203,0,39937543,1.2243349483499406
39944464,2177,641,1173,203,0,39944464,1.2243349483499406
39961361,2178,673,32,203,0,39961361,1.2243349483499406
39972521,2177,597,1090,203,0,39972521,1.2243349483499406
40001701,2120,690,838,203,0,40001701,1.2243349483499406
40020483,2158,933,1182,203,0,40020483,1.2243349483499406
40048519,2189,1013,1141,203,0,40048519,1.2243349483499406
40084005,2176,736,1216,204,0,40084005,1.1371240515586434
40092802,2210,714,1153,204,0,40092802,1.1371240515586434
40113786,2230,1025,1235,204,0,40113786,1.1371240515586434
40126537,2267,1067,1261,204,0,40126537,1.1371240515586434
40109080,2048,12,1089,204,0,40109080,1.1371240515586434
40151310,2212,36,1184,204,0,40151310,1.1371240515586434
40175632,2268,5,1195,204,0,40175632,1.1371240515586434
40175689,2056,21,1158,204,0,40175689,1.1371240515586434
40243806,2299,1113,1177,204,0,40243806,1.1371240515586434
40254870,2288,1075,1142,204,0,40254870,1.1371240515586434
40268054,2273,1054,1082,204,0,40268054,1.1371240515586434
40280064,2184,657,1088,204,0,40280064,1.1371240515586434
40288273,2176,720,1026,204,0,40288273,1.1371240515586434
40304657,2050,0,1152,204,0,40304657,1.1371240515586434
40316971,2180,776,1056,204,0,40316971,1.1371240515586434
40323312,2178,0,1154,204,0,40323312,1.1371240515586434
40338240,2248,0,1080,204,0,40338240,1.1371240515586434
40344720,2176,1,1034,204,0,40344720,1.1371240515586434
40374946,2244,1096,1212,204,0,40374946,1.1371240515586434
40403072,2052,80,1040,204,0,40403072,1.1371240515586434
40422959,2315,1122,1258,204,0,40422959,1.1371240515586434
40435398,2337,1158,1221,204,0,40435398,1.1371240515586434
40447663,2308,1127,1206,204,0,40447663,1.1371240515586434
40460068,2281,1107,1161,204,0,40460068,1.1371240515586434
40469157,2296,1064,1144,204,0,40469157,1.1371240515586434
40473088,2289,33,1152,204,0,40473088,1.1371240515586434
40494908,2308,1104,1230,204,0,40494908,1.1371240515586434
40507733,2310,1149,1172,204,0,40507733,1.1371240515586434
40521070,2239,1075,1202,204,0,40521070,1.1371240515586434
40538231,2217,1061,1169,204,0,40538231,1.1371240515586434
40549201,2256,1029,1196,204,0,40549201,1.1371240515586434
40564655,2194,965,1179,204,0,40564655,1.1371240515586434
40576048,2204,979,1179,204,0,40576048,1.1371240515586434
40591299,2169,1028,1184,204,0,40591299,1.1371240515586434
40600333,2153,1029,1209,204,0,40600333,1.1371240515586434
40612883,2151,1008,1228,204,0,40612883,1.1371240515586434
40625760,2122,985,1178,204,0,40625760,1.1371240515586434
40641785,2148,982,1190,204,0,40641785,1.1371240515586434
40654552,2189,1018,1249,204,0,40654552,1.1371240515586434
40667738,2217,1036,1253,204,0,40667738,1.1371240515586434
40677823,2217,1077,1278,204,0,40677823,1.1371240515586434
40689572,2192,1057,1252,204,0,40689572,1.1371240515586434
40702288,2213,1065,1249,204,0,40702288,1.1371240515586434
40711833,2278,1072,1252,204,0,40711833,1.1371240515586434
40722992,2299,1057,1270,204,0,40722992,1.1371240515586434
40736780,2287,1092,1250,204,0,40736780,1.1371240515586434
40748018,2293,1100,1030,204,0,40748018,1.1371240515586434
40766321,2294,1077,1235,204,0,40766321,1.1371240515586434
40778702,2298,1066,1214,204,0,40778702,1.1371240515586434
40793620,2388,1189,1237,204,0,40793620,1.1371240515586434
40798240,2350,4,1057,204,0,40798240,1.1371240515586434
40817386,2351,1189,1209,204,0,40817386,1.1371240515586434
40831838,2406,1226,1224,204,0,40831838,1.1371240515586434
40861506,2411,1264,1314,205,0,40861506,1.0887649693756285
40869971,2434,257,1345,205,0,40869971,1.0887649693756285
40880166,2438,256,1097,205,0,40880166,1.0887649693756285
39845890,2466,0,1040,205,0,39845890,1.0887649693756285
40911832,2537,1454,1454,205,0,40911832,1.0887649693756285
40936979,2693,1878,1752,205,0,40936979,1.0887649693756285
40946754,2708,0,1152,205,0,40946754,1.0887649693756285
40965305,2672,1651,1617,205,0,40965305,1.0887649693756285
40975739,2710,1674,1629,205,0,40975739,1.0887649693756285
40987255,2712,1628,1676,205,0,40987255,1.0887649693756285
40996864,2632,476,1032,205,0,40996864,1.0887649693756285
41009313,2624,473,1152,205,0,41009313,1.0887649693756285
41018369,2564,425,1158,205,0,41018369,1.0887649693756285
41025536,2576,384,1041,205,0,41025536,1.0887649693756285
41042498,2562,353,1024,205,0,41042498,1.0887649693756285
41054212,2536,272,1060,205,0,41054212,1.0887649693756285
41072320,2462,1222,1250,205,0,41072320,1.0887649693756285
41098701,2399,1198,1324,205,0,41098701,1.0887649693756285
41092384,2310,17,1024,205,0,41092384,1.0887649693756285
41137184,2611,1144,1225,205,0,41137184,1.0887649693756285
41148712,2324,1145,1321,205,0,41148712,1.0887649693756285
41161412,2421,1260,1393,205,0,41161412,1.0887649693756285
41172188,2412,1236,1370,205,0,41172188,1.0887649693756285
41184048,2379,1254,1333,205,0,41184048,1.0887649693756285
41198403,2357,1348,1432,205,0,41198403,1.0887649693756285
41211972,2349,1342,1417,205,0,41211972,1.0887649693756285
41222309,2361,1292,1390,205,0,41222309,1.0887649693756285
41235901,2305,1209,1350,205,0,41235901,1.0887649693756285
41247612,2302,1222,1357,205,0,41247612,1.0887649693756285
41260571,2385,1210,1286,205,0,41260571,1.0887649693756285
41276496,2300,1231,1334,205,0,41276496,1.0887649693756285
41284640,2057,18,1314,205,0,41284640,1.0887649693756285
41300448,2382,1240,1432,205,0,41300448,1.0887649693756285
41330209,2320,64,1120,205,0,41330209,1.0887649693756285
41349074,2370,1247,1353,205,0,41349074,1.0887649693756285
41360655,2347,1201,1377,205,0,41360655,1.0887649693756285
41373377,2421,1177,1342,205,0,41373377,1.0887649693756285
41385103,2373,1128,1273,205,0,41385103,1.0887649693756285
41399425,2337,108,1088,205,0,41399425,1.0887649693756285
41416176,2395,1157,1237,205,0,41416176,1.0887649693756285
41428136,2368,1080,1240,205,0,41428136,1.0887649693756285
41437790,2361,1156,1224,205,0,41437790,1.0887649693756285
41453648,2357,1187,1309,205,0,41453648,1.0887649693756285
41463965,2339,1217,1274,205,0,41463965,1.0887649693756285
41479438,2339,1181,1025,205,0,41479438,1.0887649693756285
41491662,2269,1121,1253,205,0,41491662,1.0887649693756285
41484928,2240,32,17,206,0,41484928,1.1774842307340707
41515003,2338,1144,1286,206,0,41515003,1.1774842307340707
41533753,2316,1169,1352,206,0,41533753,1.1774842307340707
41547988,2366,1280,1366,206,0,41547988,1.1774842307340707
41561519,2385,1315,1362,206,0,41561519,1.1774842307340707
41575178,2355,1241,1376,206,0,41575178,1.1774842307340707
41592407,2383,1228,1331,206,0,41592407,1.1774842307340707
41604700,2334,1221,1341,206,0,41604700,1.1774842307340707
41614815,2404,1280,1349,206,0,41614815,1.1774842307340707
41625135,2390,1273,1392,206,0,41625135,1.1774842307340707
41640948,2377,1237,1385,206,0,41640948,1.1774842307340707
41651261,2428,1258,1373,206,0,41651261,1.1774842307340707
41665808,2420,1209,1307,206,0,41665808,1.1774842307340707
41678679,2363,1147,1321,206,0,41678679,1.1774842307340707
41690900,2363,1146,1203,206,0,41690900,1.1774842307340707
41705513,2356,1146,1246,206,0,41705513,1.1774842307340707
41718403,2410,1159,1192,206,0,41718403,1.1774842307340707
41732243,2397,1243,1344,206,0,41732243,1.1774842307340707
41744097,2297,1206,1306,206,0,41744097,1.1774842307340707
41756927,2374,1313,1424,206,0,41756927,1.1774842307340707
41773901,2441,1361,1441,206,0,41773901,1.1774842307340707
41788504,2453,1289,1396,206,0,41788504,1.1774842307340707
41797876,2454,1363,1378,206,0,41797876,1.1774842307340707
41813449,2456,1315,1417,206,0,41813449,1.1774842307340707
41829362,2453,1357,1400,206,0,41829362,1.1774842307340707
41841104,2442,1362,1377,206,0,41841104,1.1774842307340707
41852479,2411,1263,1322,206,0,41852479,1.1774842307340707
41863738,2442,1260,1390,206,0,41863738,1.1774842307340707
41878610,2388,0,1284,206,0,41878610,1.1774842307340707
41895859,2434,1362,1456,206,0,41895859,1.1774842307340707
41912415,2524,1456,1529,206,0,41912415,1.1774842307340707
41922116,2519,1459,1553,206,0,41922116,1.1774842307340707
41938743,2563,1681,1684,206,0,41938743,1.1774842307340707
41952072,2539,1454,1769,206,0,41952072,1.1774842307340707
41961388,2516,1450,1519,206,0,41961388,1.1774842307340707
41972858,2503,1386,1486,206,0,41972858,1.1774842307340707
41983074,2484,1321,1441,206,0,41983074,1.1774842307340707
41995439,2499,1310,1369,206,0,41995439,1.1774842307340707
42006081,2530,1335,1377,206,0,42006081,1.1774842307340707
42016576,2552,1470,1779,206,0,42016576,1.1774842307340707
42026184,2434,141,1026,206,0,42026184,1.1774842307340707
42041645,2559,1571,1598,206,0,42041645,1.1774842307340707
42054193,2533,1597,1597,206,0,42054193,1.1774842307340707
42066000,2536,1513,1525,206,0,42066000,1.1774842307340707
42075212,2525,1465,1449,206,0,42075212,1.1774842307340707
42086598,2543,1419,1493,206,0,42086598,1.1774842307340707
42095399,2515,1368,1452,206,0,42095399,1.1774842307340707
42106049,2454,1357,1394,206,0,42106049,1.1774842307340707
42119342,2436,1355,1427,206,0,42119342,1.1774842307340707
42132946,2396,1317,1361,206,0,42132946,1.1774842307340707
42146192,2401,1250,1330,206,0,42146192,1.1774842307340707
42159974,2420,1262,1405,206,0,42159974,1.1774842307340707
42171749,2425,1280,1393,206,0,42171749,1.1774842307340707
42185142,2421,1325,1453,206,0,42185142,1.1774842307340707
42198122,2418,1337,1427,206,0,42198122,1.1774842307340707
42208779,2434,1286,1472,206,0,42208779,1.1774842307340707
42221419,2434,1340,1453,206,0,42221419,1.1774842307340707
42235677,2430,1289,1423,206,0,42235677,1.1774842307340707
42249660,2386,1266,1450,206,0,42249660,1.1774842307340707
42263685,2371,1240,1379,206,0,42263685,1.1774842307340707
42273880,2372,1203,1346,206,0,42273880,1.1774842307340707
42289786,2371,1165,1302,206,0,42289786,1.1774842307340707
42301591,2405,1230,1361,206,0,42301591,1.1774842307340707
42317982,2356,1214,1363,206,0,42317982,1.1774842307340707
42330941,2376,1254,1341,206,0,42330941,1.1774842307340707
42340997,2393,1317,1404,206,0,42340997,1.1774842307340707
42349743,2404,1275,1422,206,0,42349743,1.1774842307340707
331132,4627,19466,31243,207,7,42384896,0.00859310723100832
331203,32275,11275,6667,207,7,42393984,0.00859310723100832
331318,48659,29195,19467,207,7,42408704,0.00859310723100832
331409,54803,36874,58891,207,7,42420352,0.00859310723100832
331515,35347,49163,18443,207,7,42433920,0.00859310723100832
331645,37907,32778,28682,207,7,42450560,0.00859310723100832
331772,31251,13322,64523,207,7,42466816,0.00859310723100832
331872,57363,16907,19467,207,7,42479616,0.00859310723100832
331960,25619,58891,31755,207,7,42490880,0.00859310723100832
332083,19,46604,12300,207,7,42506624,0.00859310723100832
332167,51219,55819,38411,207,7,42517376,0.00859310723100832
332258,18451,33803,21002,207,7,42529024,0.00859310723100832
332355,45587,34827,10763,207,7,42541440,0.00859310723100832
332461,3603,49163,9739,207,7,42555008,0.00859310723100832
332551,42515,40970,48138,207,7,42566528,0.00859310723100832
332634,39955,27146,39434,207,7,42577152,0.00859310723100832
332736,4115,46602,46091,207,7,42590208,0.00859310723100832
332809,56339,6154,52235,207,7,42599552,0.00859310723100832
332932,37907,37899,4107,207,7,42615296,0.00859310723100832
333006,55315,35850,62475,207,7,42624768,0.00859310723100832
333103,15891,15370,54283,207,7,42637184,0.00859310723100832
333199,30227,14346,37898,207,7,42649472,0.00859310723100832
333298,29715,36874,15882,207,7,42662144,0.00859310723100832
333385,45075,23562,26122,207,7,42673280,0.00859310723100832
333476,61971,14346,43530,207,7,42684928,0.00859310723100832
333564,44563,25610,25610,207,7,42696192,0.00859310723100832
333661,32787,12810,10,207,7,42708608,0.00859310723100832
333745,16915,19466,8714,207,7,42719360,0.00859310723100832
333837,49171,23562,17419,207,7,42731136,0.00859310723100832
333931,18963,14858,33803,207,7,42743168,0.00859310723100832
334022,57363,13834,45067,207,7,42754816,0.00859310723100832
334127,42515,10250,36875,207,7,42768256,0.00859310723100832
334215,43539,21514,15371,207,7,42779520,0.00859310723100832
334323,38419,26634,8202,207,7,42793344,0.00859310723100832
334420,45587,22025,57866,207,7,42805760,0.00859310723100832
334525,39955,2058,8714,207,7,42819200,0.00859310723100832
334645,17427,24586,29706,207,7,42834560,0.00859310723100832
334737,3091,32265,61963,207,7,42846336,0.00859310723100832
334822,59411,26122,9227,207,7,42857216,0.00859310723100832
334902,13331,44554,58891,207,7,42867456,0.00859310723100832
334996,1555,25610,16907,207,7,42879488,0.00859310723100832
335096,11795,2570,13322,207,7,42892288,0.00859310723100832
335174,43539,9738,17418,207,7,42902272,0.00859310723100832
335279,39954,26634,10762,207,7,42915712,0.00859310723100832
335385,33810,57865,33802,207,7,42929280,0.00859310723100832
335473,29203,16394,25611,207,7,42940544,0.00859310723100832
335685,30227,9738,44043,207,7,42967680,0.00859310723100832
335772,11795,14858,25099,207,7,42978816,0.00859310723100832
335858,59410,63497,59402,208,7,42989824,0.00850169119663589
335949,29714,50697,28682,208,7,43001472,0.00850169119663589
336063,18962,39433,7177,208,7,43016064,0.00850169119663589
336138,45586,47113,21002,208,7,43025664,0.00850169119663589
336231,530,51209,36874,208,7,43037568,0.00850169119663589
385,2064,0,1024,208,7,49280,0.00850169119663589
336446,3090,18441,8714,208,7,43065088,0.00850169119663589
336553,16914,35336,55305,208,7,43078784,0.00850169119663589
336630,52242,10760,31753,208,7,43088640,0.00850169119663589
336734,56850,10760,46603,208,7,43101952,0.00850169119663589
336836,4626,4616,50697,208,7,43115008,0.00850169119663589
336914,62993,55304,38922,208,7,43124992,0.00850169119663589
337012,42513,37384,27657,208,7,43137536,0.00850169119663589
337091,29201,38920,9225,208,7,43147648,0.00850169119663589
337175,17425,57352,25610,208,7,43158400,0.00850169119663589
337275,13330,4616,51210,208,7,43171200,0.00850169119663589
337354,17426,7177,7178,208,7,43181312,0.00850169119663589
337444,9234,5129,26122,208,7,43192832,0.00850169119663589
337580,32273,49672,51722,208,7,43210240,0.00850169119663589
337668,38418,6664,62474,208,7,43221504,0.00850169119663589
337743,6162,23049,17418,208,7,43231104,0.00850169119663589
337836,60434,25097,25610,208,7,43243008,0.00850169119663589
337926,60434,38921,57867,208,7,43254528,0.00850169119663589
338016,14866,49162,13834,208,7,43266048,0.00850169119663589
338149,23570,48649,55818,208,7,43283072,0.00850169119663589
338233,30226,41481,30730,208,7,43293824,0.00850169119663589
338350,9746,57865,23562,208,7,43308800,0.00850169119663589
338433,12306,64521,45066,208,7,43319424,0.00850169119663589
338538,35859,6153,40458,208,7,43332864,0.00850169119663589
338604,41491,7689,38922,208,7,43341312,0.00850169119663589
338699,12307,28169,62986,208,7,43353472,0.00850169119663589
338773,55316,34827,2571,208,7,43362944,0.00850169119663589
338895,7700,57867,61963,208,7,43378560,0.00850169119663589
338986,21012,35339,50699,208,7,43390208,0.00850169119663589
339110,17940,37898,53770,208,7,43406080,0.00850169119663589
339201,35860,23051,11274,208,7,43417728,0.00850169119663589
264608,2048,0,1025,208,7,33869824,0.00850169119663589
339440,65044,14348,12301,208,7,43448320,0.00850169119663589
339545,16915,39948,22540,208,7,43461760,0.00850169119663589
339662,8723,27661,18445,208,7,43476736,0.00850169119663589
339860,18962,46602,21515,208,7,43502080,0.00850169119663589
339964,27666,43018,9226,208,7,43515392,0.00850169119663589
340066,10258,55306,15371,208,7,43528448,0.00850169119663589
340148,13330,51722,25611,208,7,43538944,0.00850169119663589
340236,5138,45578,26635,208,7,43550208,0.00850169119663589
340347,49682,48137,59402,208,7,43564416,0.00850169119663589
340481,17938,34825,39434,208,7,43581568,0.00850169119663589
340586,2066,35849,17930,208,7,43595008,0.00850169119663589
340715,5650,33289,44042,208,7,43611520,0.00850169119663589
340816,34834,29193,38922,209,7,43624448,0.008867355334125606
340897,28689,50184,59402,209,7,43634816,0.008867355334125606
341011,38417,20488,4618,209,7,43649408,0.008867355334125606
341118,47121,41992,3594,209,7,43663104,0.008867355334125606
341209,59921,33287,64521,209,7,43674752,0.008867355334125606
341305,19985,17416,9225,209,7,43687040,0.008867355334125606
341408,23568,56328,34314,209,7,43700224,0.008867355334125606
341505,39441,23048,45067,209,7,43712640,0.008867355334125606
341590,5137,33800,43017,209,7,43723520,0.008867355334125606
341687,1041,37384,45064,209,7,43735936,0.008867355334125606
341777,56337,39944,47114,209,7,43747456,0.008867355334125606
79617,2066,9,8,209,7,10190976,0.008867355334125606
74848,16,0,1026,209,7,9580544,0.008867355334125606
342065,14866,39433,41483,209,7,43784320,0.008867355334125606
276648,2049,0,1032,209,7,35410944,0.008867355334125606
342302,59923,62987,24075,209,7,43814656,0.008867355334125606
342374,23059,65035,522,209,7,43823872,0.008867355334125606
342481,52243,65035,10251,209,7,43837568,0.008867355334125606
342591,43540,10,51722,209,7,43851648,0.008867355334125606
342693,6163,43018,19466,209,7,43864704,0.008867355334125606
342800,19,14858,17418,209,7,43878400,0.008867355334125606
342877,5650,49161,36362,209,7,43888256,0.008867355334125606
343043,12305,59402,5643,209,7,43909504,0.008867355334125606
343150,11794,27146,43531,209,7,43923200,0.008867355334125606
343336,4627,21515,4620,209,7,43947008,0.008867355334125606
343413,35347,26123,33292,209,7,43956864,0.008867355334125606
343515,46099,37898,58379,209,7,43969920,0.008867355334125606
343638,47122,55305,43530,209,7,43985664,0.008867355334125606
343734,62482,36873,31242,209,7,43997952,0.008867355334125606
343816,43538,25097,2059,209,7,44008448,0.008867355334125606
339200,16,521,1026,209,7,43417600,0.008867355334125606
344045,12818,41481,39946,209,7,44037760,0.008867355334125606
344240,31763,31243,43532,209,7,44062720,0.008867355334125606
344438,45586,57353,60426,209,7,44088064,0.008867355334125606
344511,64530,37897,10249,209,7,44097408,0.008867355334125606
344610,15890,2568,28681,209,7,44110080,0.008867355334125606
344732,33810,5640,28682,209,7,44125696,0.008867355334125606
344815,15890,6664,49162,209,7,44136320,0.008867355334125606
344917,48146,2568,30216,209,7,44149376,0.008867355334125606
344994,24594,16904,32776,209,7,44159232,0.008867355334125606
345094,53778,11784,51721,209,7,44172032,0.008867355334125606
345191,7186,47113,27146,209,7,44184448,0.008867355334125606
345283,12818,50185,64522,209,7,44196224,0.008867355334125606
345398,24595,20491,4107,209,7,44210944,0.008867355334125606
345485,63507,18954,44043,209,7,44222080,0.008867355334125606
345569,2067,26122,35851,209,7,44232832,0.008867355334125606
345654,37395,522,9227,209,7,44243712,0.008867355334125606
345744,53778,64521,58376,210,7,44255232,0.008775939299753177
345827,1554,41481,30730,210,7,44265856,0.008775939299753177
345916,11281,19977,24587,210,7,44277248,0.008775939299753177
346009,18449,5641,47627,210,7,44289152,0.008775939299753177
346113,51217,54281,39947,210,7,44302464,0.008775939299753177
264238,2066,513,1025,210,7,33822464,0.008775939299753177
280578,2048,515,1024,210,7,35913984,0.008775939299753177
346410,21010,29194,19467,210,7,44340480,0.008775939299753177
346539,37906,60427,28172,210,7,44356992,0.008775939299753177
346616,13843,41996,27660,210,7,44366848,0.008775939299753177
346701,5652,24588,13836,210,7,44377728,0.008775939299753177
346817,20,10,9,210,7,44392576,0.008775939299753177
346908,24084,31243,32779,210,7,44404224,0.008775939299753177
328489,532,2,1027,210,7,42046592,0.008775939299753177
347136,28692,59403,48651,210,7,44433408,0.008775939299753177
347217,27156,36875,33803,210,7,44443776,0.008775939299753177
347315,31764,21514,55818,210,7,44456320,0.008775939299753177
347426,62482,50696,61449,210,7,44470528,0.008775939299753177
347510,15888,58888,48650,210,7,44481280,0.008775939299753177
347591,46607,13833,25612,210,7,44491648,0.008775939299753177
347695,62479,42505,36876,210,7,44504960,0.008775939299753177
328320,523,1032,8,210,7,42024960,0.008775939299753177
347876,10256,17928,56331,210,7,44528128,0.008775939299753177
347965,52240,49674,26125,210,7,44539520,0.008775939299753177
348089,45585,51723,40460,210,7,44555392,0.008775939299753177
348194,39954,30219,42509,210,7,44568832,0.008775939299753177
348293,39442,53260,33805,210,7,44581504,0.008775939299753177
348421,38931,1036,47621,210,7,44597888,0.008775939299753177
348540,38931,34827,53261,210,7,44613120,0.008775939299753177
65574,19,1,4,210,7,8393472,0.008775939299753177
348829,27155,25100,4109,210,7,44650112,0.008775939299753177
348971,21523,26123,23564,210,7,44668288,0.008775939299753177
349067,3603,10762,39435,210,7,44680576,0.008775939299753177
349151,26130,50698,9227,210,7,44691328,0.008775939299753177
349249,34322,31241,21002,210,7,44703872,0.008775939299753177
349430,28689,31752,42504,210,7,44727040,0.008775939299753177
349635,61457,13831,56330,210,7,44753280,0.008775939299753177
349725,25105,519,50698,210,7,44764800,0.008775939299753177
349822,46608,61959,43528,210,7,44777216,0.008775939299753177
350007,39440,62983,52234,210,7,44800896,0.008775939299753177
350103,38417,15368,33802,210,7,44813184,0.008775939299753177
350181,64529,21512,55306,210,7,44823168,0.008775939299753177
350309,25106,11273,58890,210,7,44839552,0.008775939299753177
350401,11794,31242,34827,210,7,44851328,0.008775939299753177
350497,64530,35338,54283,210,7,44863616,0.008775939299753177
268321,2066,11,3,210,7,34345088,0.008775939299753177
350695,48658,41995,3083,211,7,44888960,0.009233019471615322
350765,20498,8714,8714,211,7,44897920,0.009233019471615322
350880,38930,39945,58378,211,7,44912640,0.009233019471615322
350971,22035,2059,15372,211,7,44924288,0.009233019471615322
351061,18450,58378,40971,211,7,44935808,0.009233019471615322
351166,64019,11275,31756,211,7,44949248,0.009233019471615322
351278,29203,30220,1548,211,7,44963584,0.009233019471615322
351358,28179,6155,26636,211,7,44973824,0.009233019471615322
351475,57875,16395,5643,211,7,44988800,0.009233019471615322
351562,7699,6154,9738,211,7,44999936,0.009233019471615322
351691,26643,521,58890,211,7,45016448,0.009233019471615322
351791,38931,6666,13835,211,7,45029248,0.009233019471615322
351912,19474,49673,65035,211,7,45044736,0.009233019471615322
352016,36370,40969,21002,211,7,45058048,0.009233019471615322
352124,17938,24584,62474,211,7,45071872,0.009233019471615322
346016,2,8,10,211,7,44290048,0.009233019471615322
20,3074,512,1024,211,7,2560,0.009233019471615322
352427,49682,15369,15881,211,7,45110656,0.009233019471615322
352501,64018,25097,44040,211,7,45120128,0.009233019471615322
352607,64530,45065,47114,211,7,45133696,0.009233019471615322
352704,39442,38922,12298,211,7,45146112,0.009233019471615322
352809,14354,43530,5130,211,7,45159552,0.009233019471615322
73737,2048,521,5,211,7,9438336,0.009233019471615322
352981,24594,27145,61451,211,7,45181568,0.009233019471615322
353086,30738,27657,35850,211,7,45195008,0.009233019471615322
353197,23058,51210,35851,211,7,45209216,0.009233019471615322
353283,56338,60427,18443,211,7,45220224,0.009233019471615322
353395,34834,63499,11,211,7,45234560,0.009233019471615322
24868,2064,514,2,211,7,3183104,0.009233019471615322
353667,44051,21003,523,211,7,45269376,0.009233019471615322
353910,6675,19466,13834,211,7,45300480,0.009233019471615322
353994,28179,12810,12810,211,7,45311232,0.009233019471615322
67149,18,10,1024,211,7,8595072,0.009233019471615322
354215,3603,27146,34826,211,7,45339520,0.009233019471615322
354316,54803,7177,62986,211,7,45352448,0.009233019471615322
354412,43538,59913,39946,211,7,45364736,0.009233019471615322
354505,4626,61449,21001,211,7,45376640,0.009233019471615322
354597,11794,51721,34825,211,7,45388416,0.009233019471615322
354699,60946,23561,15369,211,7,45401472,0.009233019471615322
354798,41490,48137,1545,211,7,45414144,0.009233019471615322
354904,64530,30728,43019,211,7,45427712,0.009233019471615322
355005,4626,29193,521,211,7,45440640,0.009233019471615322
355102,43538,23049,11275,211,7,45453056,0.009233019471615322
338692,2048,521,0,211,7,43352576,0.009233019471615322
355269,16,9,1024,211,7,45474432,0.009233019471615322
355411,23058,17928,59401,211,7,45492608,0.009233019471615322
355514,13842,31241,6666,211,7,45505792,0.009233019471615322
355658,58898,29705,32778,212,7,45524224,0.008684523265380748
278537,2050,0,1034,212,7,35652736,0.008684523265380748
355852,57362,44042,12810,212,7,45549056,0.008684523265380748
355941,49682,34313,46602,212,7,45560448,0.008684523265380748
356065,7186,45577,49162,212,7,45576320,0.008684523265380748
327937,2050,8,1028,212,7,41975936,0.008684523265380748
339072,0,9,1032,212,7,43401216,0.008684523265380748
356332,23570,6665,33802,212,7,45610496,0.008684523265380748
356416,63506,21513,26123,212,7,45621248,0.008684523265380748
356530,11794,10761,2058,212,7,45635840,0.008684523265380748
356698,8210,31241,1034,212,7,45657344,0.008684523265380748
356819,57874,14345,16906,212,7,45672832,0.008684523265380748
356920,28178,20489,49162,212,7,45685760,0.008684523265380748
357013,37393,64521,522,212,7,45697664,0.008684523265380748
357104,49681,55304,35337,212,7,45709312,0.008684523265380748
357199,19985,48136,12809,212,7,45721472,0.008684523265380748
357294,47633,46600,5641,212,7,45733632,0.008684523265380748
357366,49681,33800,13322,212,7,45742848,0.008684523265380748
357456,16401,51209,4616,212,7,45754368,0.008684523265380748
20642,2049,520,8,212,7,2642176,0.008684523265380748
357661,51729,49160,44555,212,7,45780608,0.008684523265380748
357764,30737,54280,51721,212,7,45793792,0.008684523265380748
357859,34322,2056,48650,212,7,45805952,0.008684523265380748
357976,8722,14857,30218,212,7,45820928,0.008684523265380748
358062,9746,22537,51210,212,7,45831936,0.008684523265380748
358144,18,18953,49162,212,7,45842432,0.008684523265380748
358240,53266,20489,46602,212,7,45854720,0.008684523265380748
358335,37906,27657,38410,212,7,45866880,0.008684523265380748
358422,23058,38409,40458,212,7,45878016,0.008684523265380748
276609,2048,512,3,212,7,35405952,0.008684523265380748
358623,7186,41481,62475,212,7,45903744,0.008684523265380748
358753,10771,9226,17931,212,7,45920384,0.008684523265380748
358859,24083,9226,33290,212,7,45933952,0.008684523265380748
358948,55315,6666,14346,212,7,45945344,0.008684523265380748
359047,35346,51210,4618,212,7,45958016,0.008684523265380748
359155,57362,38921,47114,212,7,45971840,0.008684523265380748
359251,12818,12297,34826,212,7,45984128,0.008684523265380748
359353,56338,18440,64008,212,7,45997184,0.008684523265380748
359444,46098,13320,55305,212,7,46008832,0.008684523265380748
359528,60946,12296,54794,212,7,46019584,0.008684523265380748
359632,12305,50697,29194,212,7,46032896,0.008684523265380748
359742,60434,4617,48138,212,7,46046976,0.008684523265380748
280840,2064,0,1024,212,7,35947520,0.008684523265380748
359919,9234,24585,42506,212,7,46069632,0.008684523265380748
360001,64018,30729,56843,212,7,46080128,0.008684523265380748
360094,4115,1034,13323,212,7,46092032,0.008684523265380748
360178,35346,56330,35851,212,7,46102784,0.008684523265380748
360285,45587,4106,59403,212,7,46116480,0.008684523265380748
360361,19475,5642,40458,212,7,46126208,0.008684523265380748
360490,24594,49162,8714,213,7,46142720,0.008775939299753177
360583,29202,49161,50186,213,7,46154624,0.008775939299753177
360677,22546,42505,46602,213,7,46166656,0.008775939299753177
360761,51218,37897,57866,213,7,46177408,0.008775939299753177
360848,7186,58890,17930,213,7,46188544,0.008775939299753177
360937,16914,44042,12298,213,7,46199936,0.008775939299753177
361012,56850,50185,23562,213,7,46209536,0.008775939299753177
361096,49682,32777,35850,213,7,46220288,0.008775939299753177
361207,9233,63496,64010,213,7,46234496,0.008775939299753177
361317,42001,55816,56329,213,7,46248576,0.008775939299753177
361445,12305,39432,19466,213,7,46264960,0.008775939299753177
361550,22545,62984,34313,213,7,46278400,0.008775939299753177
361660,43025,54792,32778,213,7,46292480,0.008775939299753177
361729,55825,58376,45577,213,7,46301312,0.008775939299753177
361899,36369,40969,6155,213,7,46323072,0.008775939299753177
361975,35857,61449,18954,213,7,46332800,0.008775939299753177
362090,41489,62473,16392,213,7,46347520,0.008775939299753177
362170,14354,15369,36874,213,7,46357760,0.008775939299753177
362270,14354,19465,33290,213,7,46370560,0.008775939299753177
362375,47122,15369,34314,213,7,46384000,0.008775939299753177
362473,42002,37898,6666,213,7,46396544,0.008775939299753177
362567,36882,61450,3083,213,7,46408576,0.008775939299753177
362670,19986,31241,38410,213,7,46421760,0.008775939299753177
362770,42514,23561,13834,213,7,46434560,0.008775939299753177
362863,42514,31241,5130,213,7,46446464,0.008775939299753177
362942,9234,27145,11274,213,7,46456576,0.008775939299753177
363030,8722,34825,24586,213,7,46467840,0.008775939299753177
363139,18,57865,42506,213,7,46481792,0.008775939299753177
363210,19474,52233,37898,213,7,46490880,0.008775939299753177
361216,0,513,1024,213,7,46235648,0.008775939299753177
363422,14867,2057,55818,213,7,46518016,0.008775939299753177
363504,61459,11274,21002,213,7,46528512,0.008775939299753177
363619,24595,522,29195,213,7,46543232,0.008775939299753177
363720,33811,14858,27658,213,7,46556160,0.008775939299753177
363819,21523,61452,8204,213,7,46568832,0.008775939299753177
363904,22035,56332,22028,213,7,46579712,0.008775939299753177
364009,28179,55308,28684,213,7,46593152,0.008775939299753177
364109,43540,26124,37900,213,7,46605952,0.008775939299753177
364205,33300,8716,30733,213,7,46618240,0.008775939299753177
364297,1044,29197,1037,213,7,46630016,0.008775939299753177
364517,30229,9229,35341,213,7,46658176,0.008775939299753177
364592,49172,48141,37389,213,7,46667776,0.008775939299753177
1,2580,513,1025,213,7,128,0.008775939299753177
364808,48148,30220,2060,213,7,46695424,0.008775939299753177
364895,15892,11275,46604,213,7,46706560,0.008775939299753177
365003,23572,30219,57866,213,7,46720384,0.008775939299753177
365102,15380,523,43532,213,7,46733056,0.008775939299753177
365191,19476,6155,47116,213,7,46744448,0.008775939299753177
365295,4627,59915,21003,213,7,46757760,0.008775939299753177
365401,7700,1034,33290,214,7,46771328,0.008867355334125606
365493,49171,49162,30219,214,7,46783104,0.008867355334125606
365586,28691,16906,19466,214,7,46795008,0.008867355334125606
365690,19,4617,59402,214,7,46808320,0.008867355334125606
365781,17426,14345,59914,214,7,46819968,0.008867355334125606
365892,16402,37385,62474,214,7,46834176,0.008867355334125606
365995,36882,44041,57354,214,7,46847360,0.008867355334125606
366076,43026,59401,55307,214,7,46857728,0.008867355334125606
366207,16402,25610,2059,214,7,46874496,0.008867355334125606
366313,24082,46602,42507,214,7,46888064,0.008867355334125606
366384,64018,41994,64523,214,7,46897152,0.008867355334125606
366499,10770,26634,21515,214,7,46911872,0.008867355334125606
366594,34322,47626,9227,214,7,46924032,0.008867355334125606
366675,30738,54281,61451,214,7,46934400,0.008867355334125606
366754,5138,31242,14859,214,7,46944512,0.008867355334125606
366916,38930,35850,41995,214,7,46965248,0.008867355334125606
367016,50194,17929,56330,214,7,46978048,0.008867355334125606
367128,6162,31241,34827,214,7,46992384,0.008867355334125606
367206,13842,61961,47627,214,7,47002368,0.008867355334125606
367311,29203,12298,1547,214,7,47015808,0.008867355334125606
367392,35859,26122,25098,214,7,47026176,0.008867355334125606
367527,13331,42506,40971,214,7,47043456,0.008867355334125606
367605,37395,43530,29195,214,7,47053440,0.008867355334125606
367706,46611,31754,12298,214,7,47066368,0.008867355334125606
367810,45587,14345,49162,214,7,47079680,0.008867355334125606
367907,60435,29193,52235,214,7,47092096,0.008867355334125606
368030,60434,9736,62475,214,7,47107840,0.008867355334125606
368154,12818,27145,15370,214,7,47123712,0.008867355334125606
368242,30226,50186,16906,214,7,47134976,0.008867355334125606
368323,1042,26633,46602,214,7,47145344,0.008867355334125606
368405,33298,26121,38410,214,7,47155840,0.008867355334125606
368482,27666,17929,54794,214,7,47165696,0.008867355334125606
368618,52242,44042,1034,214,7,47183104,0.008867355334125606
368726,17938,46602,12299,214,7,47196928,0.008867355334125606
368841,10258,50185,58891,214,7,47211648,0.008867355334125606
368945,64018,46090,34827,214,7,47224960,0.008867355334125606
369040,48146,46090,63499,214,7,47237120,0.008867355334125606
369129,19986,59402,57355,214,7,47248512,0.008867355334125606
369222,13842,42506,37899,214,7,47260416,0.008867355334125606
369326,65042,59915,26124,214,7,47273728,0.008867355334125606
98818,2064,512,0,214,7,12648704,0.008867355334125606
369520,14355,9739,11788,214,7,47298560,0.008867355334125606
369607,52243,6667,11277,214,7,47309696,0.008867355334125606
369726,25619,28682,31755,214,7,47324928,0.008867355334125606
369790,18963,10249,53258,214,7,47333120,0.008867355334125606
369880,35858,53769,5643,214,7,47344640,0.008867355334125606
369983,63506,49673,522,214,7,47357824,0.008867355334125606
370086,41490,42505,29706,214,7,47371008,0.008867355334125606
370177,40978,52233,49674,214,7,47382656,0.008867355334125606
370258,2578,53257,42506,214,7,47393024,0.008867355334125606
370338,59410,38409,29706,215,7,47403264,0.009050187402870464
370440,21010,40969,16392,215,7,47416320,0.009050187402870464
370515,50707,10249,57354,215,7,47425920,0.009050187402870464
370626,12819,7690,22027,215,7,47440128,0.009050187402870464
370715,39955,6154,43531,215,7,47451520,0.009050187402870464
370831,48147,2570,16394,215,7,47466368,0.009050187402870464
370927,13842,64522,2570,215,7,47478656,0.009050187402870464
371032,47635,5130,19466,215,7,47492096,0.009050187402870464
371123,54291,3081,53770,215,7,47503744,0.009050187402870464
371208,34834,63498,33291,215,7,47514624,0.009050187402870464
371306,21011,14346,31242,215,7,47527168,0.009050187402870464
371403,36371,8202,35851,215,7,47539584,0.009050187402870464
371505,50195,13323,23051,215,7,47552640,0.009050187402870464
371588,13331,31243,24076,215,7,47563264,0.009050187402870464
371673,43027,38411,60940,215,7,47574144,0.009050187402870464
371775,17939,58380,30732,215,7,47587200,0.009050187402870464
371871,65044,2572,10764,215,7,47599488,0.009050187402870464
371977,63507,45580,29708,215,7,47613056,0.009050187402870464
372061,52755,41995,13323,215,7,47623808,0.009050187402870464
372163,43027,41994,48651,215,7,47636864,0.009050187402870464
372298,61459,24074,57355,215,7,47654144,0.009050187402870464
372394,37395,46090,59403,215,7,47666432,0.009050187402870464
372494,50195,47627,18956,215,7,47679232,0.009050187402870464
372608,25107,46604,45068,215,7,47693824,0.009050187402870464
372719,3091,53772,34317,215,7,47708032,0.009050187402870464
372818,35859,43531,17931,215,7,47720704,0.009050187402870464
372915,52243,45579,4107,215,7,47733120,0.009050187402870464
373014,7699,40458,46091,215,7,47745792,0.009050187402870464
373109,54291,16394,26634,215,7,47757952,0.009050187402870464
373194,6163,10250,17931,215,7,47768832,0.009050187402870464
373280,51218,54793,61962,215,7,47779840,0.009050187402870464
373406,54290,34825,54794,215,7,47795968,0.009050187402870464
373480,24594,38409,61450,215,7,47805440,0.009050187402870464
373588,18962,56329,61962,215,7,47819264,0.009050187402870464
373694,26131,10,31243,215,7,47832832,0.009050187402870464
373888,59410,60426,45579,215,7,47857664,0.009050187402870464
373998,3091,4618,57355,215,7,47871744,0.009050187402870464
374097,39955,8202,28683,215,7,47884416,0.009050187402870464
374202,42002,57354,13322,215,7,47897856,0.009050187402870464
374286,13843,1546,12298,215,7,47908608,0.009050187402870464
374362,24594,40969,62475,215,7,47918336,0.009050187402870464
374467,3602,50697,55818,215,7,47931776,0.009050187402870464
374566,19986,25097,47114,215,7,47944448,0.009050187402870464
374665,9234,49161,28683,215,7,47957120,0.009050187402870464
374771,33298,57865,64522,215,7,47970688,0.009050187402870464
374923,26642,49161,55818,215,7,47990144,0.009050187402870464
375015,58898,59914,21514,215,7,48001920,0.009050187402870464
375094,9235,10,30731,215,7,48012032,0.009050187402870464
375222,1555,2570,13835,215,7,48028416,0.009050187402870464
375314,18963,29707,525,216,7,48040192,0.00859310723100832
375394,45587,23050,34315,216,7,48050432,0.00859310723100832
375473,33811,34315,9740,216,7,48060544,0.00859310723100832
375566,19475,8203,29709,216,7,48072448,0.00859310723100832
375638,53779,18443,523,216,7,48081664,0.00859310723100832
375731,56851,12810,29707,216,7,48093568,0.00859310723100832
375886,8723,21515,15882,216,7,48113408,0.00859310723100832
375962,28179,35851,9739,216,7,48123136,0.00859310723100832
376080,11283,21515,33292,216,7,48138240,0.00859310723100832
376153,31251,40971,64524,216,7,48147584,0.00859310723100832
376246,31763,40459,50188,216,7,48159488,0.00859310723100832
376336,60435,33291,50188,216,7,48171008,0.00859310723100832
376427,57875,21003,24075,216,7,48182656,0.00859310723100832
376521,41491,22026,58891,216,7,48194688,0.00859310723100832
376609,5651,12298,59403,216,7,48205952,0.00859310723100832
376694,4627,24075,6155,216,7,48216832,0.00859310723100832
376788,25107,25098,18955,216,7,48228864,0.00859310723100832
376879,60947,33290,30219,216,7,48240512,0.00859310723100832
377078,17939,23563,4619,216,7,48265984,0.00859310723100832
377174,14867,22539,5643,216,7,48278272,0.00859310723100832
377293,17427,12810,39435,216,7,48293504,0.00859310723100832
377389,4626,59914,7178,216,7,48305792,0.00859310723100832
377467,55827,4617,61450,216,7,48315776,0.00859310723100832
377554,531,10761,50698,216,7,48326912,0.00859310723100832
377673,29203,5642,14858,216,7,48342144,0.00859310723100832
377807,19,19466,36362,216,7,48359296,0.00859310723100832
377876,62995,16394,18955,216,7,48368128,0.00859310723100832
377999,48659,521,63499,216,7,48383872,0.00859310723100832
378092,52243,10762,14347,216,7,48395776,0.00859310723100832
378195,52242,63498,41483,216,7,48408960,0.00859310723100832
378302,22547,6154,48651,216,7,48422656,0.00859310723100832
378382,8211,5642,52747,216,7,48432896,0.00859310723100832
378544,14354,64522,22027,216,7,48453632,0.00859310723100832
378623,34323,5130,2570,216,7,48463744,0.00859310723100832
378721,43027,21001,51723,216,7,48476288,0.00859310723100832
378821,53779,5642,9227,216,7,48489088,0.00859310723100832
378912,57363,9738,12810,216,7,48500736,0.00859310723100832
379007,56851,12809,63498,216,7,48512896,0.00859310723100832
379090,39443,7177,55819,216,7,48523520,0.00859310723100832
379195,45075,25611,1547,216,7,48536960,0.00859310723100832
379295,32787,9226,23050,216,7,48549760,0.00859310723100832
379391,10258,59913,64010,216,7,48562048,0.00859310723100832
379491,5650,55817,64522,216,7,48574848,0.00859310723100832
379572,60435,3593,43019,216,7,48585216,0.00859310723100832
379670,25619,14858,34826,216,7,48597760,0.00859310723100832
379741,24083,13834,57354,216,7,48606848,0.00859310723100832
379872,31762,59402,28165,216,7,48623616,0.00859310723100832
379968,20498,59402,33291,216,7,48635904,0.00859310723100832
380074,12818,55818,19466,216,7,48649472,0.00859310723100832
380163,64018,57865,31242,217,7,48660864,0.009050187402870464
380276,10770,47625,9738,217,7,48675328,0.009050187402870464
380391,56850,46601,18954,217,7,48690048,0.009050187402870464
380489,23058,53257,53258,217,7,48702592,0.009050187402870464
380589,46610,39433,50698,217,7,48715392,0.009050187402870464
380689,19474,38921,34314,217,7,48728192,0.009050187402870464
380777,26641,63497,16394,217,7,48739456,0.009050187402870464
380864,17938,10249,23562,217,7,48750592,0.009050187402870464
380984,51218,14345,9226,217,7,48765952,0.009050187402870464
381091,61457,51208,48136,217,7,48779648,0.009050187402870464
381201,45585,11272,21001,217,7,48793728,0.009050187402870464
381276,16913,13832,9737,217,7,48803328,0.009050187402870464
381386,62481,39944,17930,217,7,48817408,0.009050187402870464
381485,40466,1032,61963,217,7,48830080,0.009050187402870464
381577,49682,12809,36874,217,7,48841856,0.009050187402870464
381661,48146,21001,48650,217,7,48852608,0.009050187402870464
381766,42514,23049,58378,217,7,48866048,0.009050187402870464
381884,18,27145,39434,217,7,48881152,0.009050187402870464
381969,33810,60425,52235,217,7,48892032,0.009050187402870464
382062,48146,63497,44042,217,7,48903936,0.009050187402870464
382147,8210,59402,4618,217,7,48914816,0.009050187402870464
382223,6162,61962,38411,217,7,48924544,0.009050187402870464
382330,32787,6154,37899,217,7,48938240,0.009050187402870464
382435,49171,9225,59402,217,7,48951680,0.009050187402870464
382519,25107,13834,18443,217,7,48962432,0.009050187402870464
70657,2048,10,1033,217,7,9044096,0.009050187402870464
81929,2052,8,1033,217,7,10486912,0.009050187402870464
382799,42004,20491,21515,217,7,48998272,0.009050187402870464
382920,47124,18443,58379,217,7,49013760,0.009050187402870464
383026,6675,65035,6154,217,7,49027328,0.009050187402870464
383111,6675,49674,35338,217,7,49038208,0.009050187402870464
383223,63507,5130,2570,217,7,49052544,0.009050187402870464
383416,530,60426,24586,217,7,49077248,0.009050187402870464
383491,18450,48650,30219,217,7,49086848,0.009050187402870464
383592,34835,29195,2058,217,7,49099776,0.009050187402870464
383704,11283,26124,37901,217,7,49114112,0.009050187402870464
383789,13331,34828,49165,217,7,49124992,0.009050187402870464
383882,21011,33804,42508,217,7,49136896,0.009050187402870464
383972,22547,39948,15372,217,7,49148416,0.009050187402870464
384068,52755,38923,43532,217,7,49160704,0.009050187402870464
384157,12819,4618,49163,217,7,49172096,0.009050187402870464
384257,5138,31241,37386,217,7,49184896,0.009050187402870464
384328,34322,29193,10250,217,7,49193984,0.009050187402870464
384407,50706,6665,9738,217,7,49204096,0.009050187402870464
384533,31762,3593,23562,217,7,49220224,0.009050187402870464
384636,9234,28681,25610,217,7,49233408,0.009050187402870464
384725,34834,3080,59402,217,7,49244800,0.009050187402870464
384798,2065,49672,40970,217,7,49254144,0.009050187402870464
384920,28689,50184,51210,217,7,49269760,0.009050187402870464
385003,40977,50696,36362,218,7,49280384,0.00850169119663589
385077,36881,26120,24586,218,7,49289856,0.00850169119663589
385189,1554,24584,4104,218,7,49304192,0.00850169119663589
385270,40465,8,25608,218,7,49314560,0.00850169119663589
385375,3601,42504,34825,218,7,49328000,0.00850169119663589
385460,32273,30216,35338,218,7,49338880,0.00850169119663589
385550,64529,39945,25610,218,7,49350400,0.00850169119663589
82049,2050,520,1033,218,7,10502272,0.00850169119663589
385790,54290,33290,25611,218,7,49381120,0.00850169119663589
385862,18962,53258,27659,218,7,49390336,0.00850169119663589
385992,10259,39435,65036,218,7,49406976,0.00850169119663589
1025,2051,515,1029,218,7,131200,0.00850169119663589
386202,45075,26123,9228,218,7,49433856,0.00850169119663589
386302,11283,33291,10763,218,7,49446656,0.00850169119663589
386378,3603,24586,25611,218,7,49456384,0.00850169119663589
386474,41490,57865,40970,218,7,49468672,0.00850169119663589
386574,61458,26121,64523,218,7,49481472,0.00850169119663589
386647,21522,36874,17930,218,7,49490816,0.00850169119663589
386761,27154,4617,59403,218,7,49505408,0.00850169119663589
386842,11793,42505,50186,218,7,49515776,0.00850169119663589
386929,7697,46601,36874,218,7,49526912,0.00850169119663589
387001,54290,16394,523,218,7,49536128,0.00850169119663589
387117,50195,7691,17420,218,7,49550976,0.00850169119663589
387194,28691,8714,41995,218,7,49560832,0.00850169119663589
387292,36371,3082,32779,218,7,49573376,0.00850169119663589
387384,24082,58378,7690,218,7,49585152,0.00850169119663589
387501,52243,6665,45578,218,7,49600128,0.00850169119663589
387587,2578,41992,59402,218,7,49611136,0.00850169119663589
387673,62482,52233,1034,218,7,49622144,0.00850169119663589
387805,22034,58889,39434,218,7,49639040,0.00850169119663589
387884,5139,12810,2058,218,7,49649152,0.00850169119663589
387970,8723,5130,27658,218,7,49660160,0.00850169119663589
388083,44563,9739,6155,218,7,49674624,0.00850169119663589
388194,53779,22539,18955,218,7,49688832,0.00850169119663589
388269,28179,3081,54794,218,7,49698432,0.00850169119663589
388372,36369,61961,4105,218,7,49711616,0.00850169119663589
388483,12817,63497,5128,218,7,49725824,0.00850169119663589
388550,27666,521,23050,218,7,49734400,0.00850169119663589
388659,12817,61961,4618,218,7,49748352,0.00850169119663589
388771,64018,2569,3082,218,7,49762688,0.00850169119663589
388852,40466,10248,48139,218,7,49773056,0.00850169119663589
388940,4626,6153,28682,218,7,49784320,0.00850169119663589
389039,28690,51722,46091,218,7,49796992,0.00850169119663589
389152,46099,21515,59916,218,7,49811456,0.00850169119663589
389241,21522,63499,524,218,7,49822848,0.00850169119663589
389320,52755,13834,32267,218,7,49832960,0.00850169119663589
389413,53267,16907,12812,218,7,49844864,0.00850169119663589
389531,61970,57866,33803,218,7,49859968,0.00850169119663589
389631,39442,23049,59914,218,7,49872768,0.00850169119663589
389760,45072,52745,26635,218,7,49889280,0.00850169119663589
389835,50705,18954,6155,219,7,49898880,0.008867355334125606
48,17,8,0,219,7,6144,0.008867355334125606
114976,16,8,1026,219,7,14716928,0.008867355334125606
390376,40467,65036,27661,219,7,49968128,0.008867355334125606
390469,38932,30732,36876,219,7,49980032,0.008867355334125606
49547,2064,0,524,219,7,6342016,0.008867355334125606
390631,5141,4107,59397,219,7,50000768,0.008867355334125606
390728,3605,40460,8204,219,7,50013184,0.008867355334125606
390842,52757,13837,19468,219,7,50027776,0.008867355334125606
95488,2560,0,1024,219,7,12222464,0.008867355334125606
391038,30229,4619,61963,219,7,50052864,0.008867355334125606
391116,29716,24586,61962,219,7,50062848,0.008867355334125606
391231,16915,18953,32778,219,7,50077568,0.008867355334125606
280709,1552,2,1029,219,7,35930752,0.008867355334125606
391410,20496,43017,63493,219,7,50100480,0.008867355334125606
315520,2,0,8,219,7,40386560,0.008867355334125606
391715,29199,46602,10764,219,7,50139520,0.008867355334125606
391821,47632,33290,55820,219,7,50153088,0.008867355334125606
391910,13841,37387,9229,219,7,50164480,0.008867355334125606
391995,60946,25611,64013,219,7,50175360,0.008867355334125606
392112,47122,44044,57358,219,7,50190336,0.008867355334125606
392212,21522,56844,27150,219,7,50203136,0.008867355334125606
392389,45075,11275,54286,219,7,50225792,0.008867355334125606
392479,15379,18955,58381,219,7,50237312,0.008867355334125606
392593,62483,26123,65037,219,7,50251904,0.008867355334125606
392696,42515,41483,37901,219,7,50265088,0.008867355334125606
392781,49683,28683,23053,219,7,50275968,0.008867355334125606
392866,5139,35851,524,219,7,50286848,0.008867355334125606
392964,27155,14858,12811,219,7,50299392,0.008867355334125606
393038,64530,38921,52746,219,7,50308864,0.008867355334125606
393114,18962,23561,29706,219,7,50318592,0.008867355334125606
393226,14353,52232,38922,219,7,50332928,0.008867355334125606
393341,30224,62471,51210,219,7,50347648,0.008867355334125606
393418,26640,38919,32779,219,7,50357504,0.008867355334125606
393518,53777,16391,35338,219,7,50370304,0.008867355334125606
393593,58384,52231,44042,219,7,50379904,0.008867355334125606
393697,53776,46087,54794,219,7,50393216,0.008867355334125606
393794,50704,51208,10250,219,7,50405632,0.008867355334125606
393883,36880,57864,30218,219,7,50417024,0.008867355334125606
394076,41490,30729,39946,219,7,50441728,0.008867355334125606
394204,9746,30730,27659,219,7,50458112,0.008867355334125606
394315,14354,33290,46603,219,7,50472320,0.008867355334125606
394392,4626,42506,36875,219,7,50482176,0.008867355334125606
394525,28690,29193,27658,219,7,50499200,0.008867355334125606
394609,54803,50697,46090,219,7,50509952,0.008867355334125606
394717,63506,48138,3083,220,7,50523776,0.008410275162263461
394801,30226,50186,26123,220,7,50534528,0.008410275162263461
394892,12818,52234,50189,220,7,50546176,0.008410275162263461
395003,1554,50698,30731,220,7,50560384,0.008410275162263461
395095,13330,55818,14347,220,7,50572160,0.008410275162263461
395215,12306,33801,37898,220,7,50587520,0.008410275162263461
395309,13842,25097,3082,220,7,50599552,0.008410275162263461
395395,60434,37385,21514,220,7,50610560,0.008410275162263461
395500,45586,59913,27658,220,7,50624000,0.008410275162263461
395585,38930,40969,21514,220,7,50634880,0.008410275162263461
395693,22546,54793,45579,220,7,50648704,0.008410275162263461
395778,55314,64522,17931,220,7,50659584,0.008410275162263461
395873,17426,55305,45579,220,7,50671744,0.008410275162263461
395950,21010,57865,65034,220,7,50681600,0.008410275162263461
396067,5138,51722,10250,220,7,50696576,0.008410275162263461
396148,37394,57866,12298,220,7,50706944,0.008410275162263461
396251,16402,55305,64522,220,7,50720128,0.008410275162263461
396329,58387,3082,5130,220,7,50730112,0.008410275162263461
396420,31762,49161,57866,220,7,50741760,0.008410275162263461
396506,18,54282,3082,220,7,50752768,0.008410275162263461
396621,18,50698,22538,220,7,50767488,0.008410275162263461
396701,43538,54794,9227,220,7,50777728,0.008410275162263461
396791,15890,56330,9226,220,7,50789248,0.008410275162263461
395280,19,8,1033,220,7,50595840,0.008410275162263461
394752,0,514,10,220,7,50528256,0.008410275162263461
397083,49170,51210,31243,220,7,50826624,0.008410275162263461
397193,37395,4106,32267,220,7,50840704,0.008410275162263461
397278,19475,16906,63499,220,7,50851584,0.008410275162263461
397375,47635,21514,43531,220,7,50864000,0.008410275162263461
77,2,512,3,220,7,9856,0.008410275162263461
31,2066,0,0,220,7,3968,0.008410275162263461
4488,2064,520,10,220,7,574464,0.008410275162263461
397806,48659,10250,14346,220,7,50919168,0.008410275162263461
4116,0,521,10,220,7,526848,0.008410275162263461
398217,2579,10250,2054,220,7,50971776,0.008410275162263461
398335,20498,61961,52744,220,7,50986880,0.008410275162263461
398416,19986,45577,27146,220,7,50997248,0.008410275162263461
398506,42514,37384,60424,220,7,51008768,0.008410275162263461
398605,18450,36872,52744,220,7,51021440,0.008410275162263461
398721,10258,33800,59401,220,7,51036288,0.008410275162263461
132233,0,0,1,220,7,16925824,0.008410275162263461
398936,31760,14857,54794,220,7,51063808,0.008410275162263461
399014,54802,36873,33802,220,7,51073792,0.008410275162263461
399127,12818,30217,37386,220,7,51088256,0.008410275162263461
399251,28178,31753,17418,220,7,51104128,0.008410275162263461
399368,39442,20489,55818,220,7,51119104,0.008410275162263461
399470,16914,33289,54794,220,7,51132160,0.008410275162263461
399612,58386,40969,47626,220,7,51150336,0.008410275162263461
399716,14866,43529,41482,221,7,51163648,0.009050187402870464
399811,65042,26633,40458,221,7,51175808,0.009050187402870464
399915,37394,33801,41482,221,7,51189120,0.009050187402870464
400017,49682,21001,35850,221,7,51202176,0.009050187402870464
400108,61970,8201,23050,221,7,51213824,0.009050187402870464
400217,11282,8713,3594,221,7,51227776,0.009050187402870464
400295,26130,19465,22538,221,7,51237760,0.009050187402870464
400384,47122,30217,40970,221,7,51249152,0.009050187402870464
400472,63506,30217,56843,221,7,51260416,0.009050187402870464
400575,64018,13833,63499,221,7,51273600,0.009050187402870464
400668,22546,5129,19978,221,7,51285504,0.009050187402870464
400752,54289,59400,45576,221,7,51296256,0.009050187402870464
400851,35857,52232,32266,221,7,51308928,0.009050187402870464
396320,2049,512,8,221,7,50728960,0.009050187402870464
401007,18449,47624,57353,221,7,51328896,0.009050187402870464
401119,54289,47625,5642,221,7,51343232,0.009050187402870464
401228,52241,27144,56331,221,7,51357184,0.009050187402870464
401299,45073,45064,57866,221,7,51366272,0.009050187402870464
401376,24593,41480,62474,221,7,51376128,0.009050187402870464
401511,61457,41992,59914,221,7,51393408,0.009050187402870464
401623,50705,61961,34826,221,7,51407744,0.009050187402870464
401735,4626,8713,40458,221,7,51422080,0.009050187402870464
401839,43538,14345,21002,221,7,51435392,0.009050187402870464
401939,5650,8201,6154,221,7,51448192,0.009050187402870464
402045,35346,27145,26122,221,7,51461760,0.009050187402870464
402148,13842,12809,31243,221,7,51474944,0.009050187402870464
402253,1042,19465,49163,221,7,51488384,0.009050187402870464
402331,61970,23561,58890,221,7,51498368,0.009050187402870464
402445,42002,53770,8203,221,7,51512960,0.009050187402870464
402559,37394,59402,51211,221,7,51527552,0.009050187402870464
402648,15890,44554,19467,221,7,51538944,0.009050187402870464
402744,8722,35850,30218,221,7,51551232,0.009050187402870464
402828,49682,23562,2570,221,7,51561984,0.009050187402870464
402919,16914,16905,26122,221,7,51573632,0.009050187402870464
403004,61969,59913,8202,221,7,51584512,0.009050187402870464
403099,20498,12297,31754,221,7,51596672,0.009050187402870464
403204,12305,64521,33802,221,7,51610112,0.009050187402870464
403319,48658,13321,60427,221,7,51624832,0.009050187402870464
403417,62482,32778,38923,221,7,51637376,0.009050187402870464
403504,22546,50698,50699,221,7,51648512,0.009050187402870464
403585,55315,2571,25611,221,7,51658880,0.009050187402870464
403704,61971,6154,48138,221,7,51674112,0.009050187402870464
403795,29202,64522,50187,221,7,51685760,0.009050187402870464
403908,45586,49674,49675,221,7,51700224,0.009050187402870464
403996,18962,43018,16906,221,7,51711488,0.009050187402870464
404079,26130,41481,50186,221,7,51722112,0.009050187402870464
404167,7698,47625,30218,221,7,51733376,0.009050187402870464
404281,1042,53769,32778,221,7,51747968,0.009050187402870464
404395,39443,4618,8202,221,7,51762560,0.009050187402870464
404494,37394,51722,8203,221,7,51775232,0.009050187402870464
404559,9234,36873,49162,222,7,51783552,0.009141603437242893
404678,23570,28681,32266,222,7,51798784,0.009141603437242893
404779,4626,23561,12810,222,7,51811712,0.009141603437242893
404916,51729,55816,45066,222,7,51829248,0.009141603437242893
405009,64017,59401,6154,222,7,51841152,0.009141603437242893
405100,53777,47113,4106,222,7,51852800,0.009141603437242893
405211,20497,32776,38922,222,7,51867008,0.009141603437242893
405324,51217,39944,36874,222,7,51881472,0.009141603437242893
405423,50705,61961,9738,222,7,51894144,0.009141603437242893
405502,1554,8201,58379,222,7,51904256,0.009141603437242893
405610,64018,1545,35339,222,7,51918080,0.009141603437242893
405687,45074,17929,44043,222,7,51927936,0.009141603437242893
405806,8722,5129,53259,222,7,51943168,0.009141603437242893
262144,0,0,0,222,7,33554432,0.009141603437242893
405987,1042,11273,32779,222,7,51966336,0.009141603437242893
406084,15890,31241,56331,222,7,51978752,0.009141603437242893
406176,17426,22537,44043,222,7,51990528,0.009141603437242893
406266,64018,7689,12298,222,7,52002048,0.009141603437242893
406352,53266,19465,8715,222,7,52013056,0.009141603437242893
406428,40466,30729,11786,222,7,52022784,0.009141603437242893
406559,52242,43017,27146,222,7,52039552,0.009141603437242893
406643,48658,32777,41995,222,7,52050304,0.009141603437242893
406744,52754,38409,27658,222,7,52063232,0.009141603437242893
406874,42514,25609,12810,222,7,52079872,0.009141603437242893
406957,22034,52233,44555,222,7,52090496,0.009141603437242893
407058,531,1546,2059,222,7,52103424,0.009141603437242893
407136,20499,16906,53259,222,7,52113408,0.009141603437242893
407220,15379,26123,15371,222,7,52124160,0.009141603437242893
407324,50195,11275,15883,222,7,52137472,0.009141603437242893
407406,9235,27147,9739,222,7,52147968,0.009141603437242893
407506,6163,65036,32774,222,7,52160768,0.009141603437242893
407600,18963,59915,52237,222,7,52172800,0.009141603437242893
407708,51219,58379,61964,222,7,52186624,0.009141603437242893
407806,53779,63500,1036,222,7,52199168,0.009141603437242893
407958,10771,61964,22028,222,7,52218624,0.009141603437242893
408064,43540,28685,26638,222,7,52232192,0.009141603437242893
408158,64020,31757,13326,222,7,52244224,0.009141603437242893
408276,41492,54798,26638,222,7,52259328,0.009141603437242893
408384,33813,9230,26638,222,7,52273152,0.009141603437242893
408469,8725,10253,51718,222,7,52284032,0.009141603437242893
408562,23060,40973,33293,222,7,52295936,0.009141603437242893
408667,28692,12299,16395,222,7,52309376,0.009141603437242893
408761,46612,6154,64011,222,7,52321408,0.009141603437242893
393232,2065,514,1036,222,7,50333696,0.009141603437242893
408979,27667,65035,16907,222,7,52349312,0.009141603437242893
409131,7700,5643,9227,222,7,52368768,0.009141603437242893
409232,62484,8714,53259,222,7,52381696,0.009141603437242893
409332,1555,48138,53771,222,7,52394496,0.009141603437242893
409438,29715,48650,52235,222,7,52408064,0.009141603437242893
409559,34323,34825,64522,222,7,52423552,0.009141603437242893
409657,27666,34313,24586,223,7,52436096,0.008227443093518604
409722,34322,12297,35850,223,7,52444416,0.008227443093518604
409804,30738,51209,54282,223,7,52454912,0.008227443093518604
409898,23058,61962,10251,223,7,52466944,0.008227443093518604
409981,34835,30730,49163,223,7,52477568,0.008227443093518604
410071,52754,56842,31755,223,7,52489088,0.008227443093518604
410191,53778,52234,32267,223,7,52504448,0.008227443093518604
410292,48146,60426,29195,223,7,52517376,0.008227443093518604
410372,18962,34826,42507,223,7,52527616,0.008227443093518604
410453,2066,10762,50699,223,7,52537984,0.008227443093518604
410564,48658,41994,42507,223,7,52552192,0.008227443093518604
410656,28690,29194,26123,223,7,52563968,0.008227443093518604
410743,38418,15371,10764,223,7,52575104,0.008227443093518604
410833,43026,1546,26636,223,7,52586624,0.008227443093518604
410922,56338,40458,25100,223,7,52598016,0.008227443093518604
410995,57874,45067,2572,223,7,52607360,0.008227443093518604
411116,49171,33803,38924,223,7,52622848,0.008227443093518604
411206,11284,5643,28684,223,7,52634368,0.008227443093518604
411280,35347,65035,41996,223,7,52643840,0.008227443093518604
411383,15892,18954,60427,223,7,52657024,0.008227443093518604
411482,62995,65035,26124,223,7,52669696,0.008227443093518604
411570,12819,59915,30219,223,7,52680960,0.008227443093518604
411670,25619,53770,46091,223,7,52693760,0.008227443093518604
411751,21011,53769,51210,223,7,52704128,0.008227443093518604
411838,14355,27145,34314,223,7,52715264,0.008227443093518604
411931,59923,15881,39946,223,7,52727168,0.008227443093518604
412078,3091,34826,54283,223,7,52745984,0.008227443093518604
412162,16915,5642,55307,223,7,52756736,0.008227443093518604
412255,14867,15370,44043,223,7,52768640,0.008227443093518604
412326,48147,15882,42507,223,7,52777728,0.008227443093518604
412409,42003,26634,57867,223,7,52788352,0.008227443093518604
412520,26131,1034,11787,223,7,52802560,0.008227443093518604
412596,50195,12298,7179,223,7,52812288,0.008227443093518604
412695,62994,64010,26635,223,7,52824960,0.008227443093518604
412780,24595,10,46091,223,7,52835840,0.008227443093518604
412869,11283,41995,23564,223,7,52847232,0.008227443093518604
412986,30227,8203,6155,223,7,52862208,0.008227443093518604
413095,21010,43019,16396,223,7,52876160,0.008227443093518604
413195,19474,62475,18444,223,7,52888960,0.008227443093518604
413281,59411,8715,49676,223,7,52899968,0.008227443093518604
413393,45587,22027,61965,223,7,52914304,0.008227443093518604
413486,59923,65036,7181,223,7,52926208,0.008227443093518604
413561,22547,63499,18956,223,7,52935808,0.008227443093518604
413663,26131,41995,8204,223,7,52948864,0.008227443093518604
413773,59411,57354,58891,223,7,52962944,0.008227443093518604
413857,38419,17418,1034,223,7,52973696,0.008227443093518604
413948,63506,51721,22538,223,7,52985344,0.008227443093518604
414081,34323,8201,41995,223,7,53002368,0.008227443093518604
414163,58898,53257,44042,223,7,53012864,0.008227443093518604
414277,49682,30217,62474,223,7,53027456,0.008227443093518604
414359,8210,50698,18955,224,7,53037952,0.009141603437242893
414464,64531,52234,26635,224,7,53051392,0.009141603437242893
414551,7187,37386,41483,224,7,53062528,0.009141603437242893
414649,46099,21002,28683,224,7,53075072,0.009141603437242893
414730,57363,13834,44043,224,7,53085440,0.009141603437242893
414860,48147,38410,50187,224,7,53102080,0.009141603437242893
414955,50195,14858,13835,224,7,53114240,0.009141603437242893
415042,1043,25098,23051,224,7,53125376,0.009141603437242893
415137,61971,32778,57867,224,7,53137536,0.009141603437242893
415254,22547,30218,47627,224,7,53152512,0.009141603437242893
415355,6675,27147,32266,224,7,53165440,0.009141603437242893
415453,41491,48651,56844,224,7,53177984,0.009141603437242893
415577,6164,18444,18957,224,7,53193856,0.009141603437242893
415659,59412,37901,15373,224,7,53204352,0.009141603437242893
415750,6164,21004,8205,224,7,53216000,0.009141603437242893
415824,64020,31244,17421,224,7,53225472,0.009141603437242893
415936,10260,12812,35853,224,7,53239808,0.009141603437242893
416004,17427,65036,4620,224,7,53248512,0.009141603437242893
416133,21012,5132,14348,224,7,53265024,0.009141603437242893
416249,39955,59915,26122,224,7,53279872,0.009141603437242893
416365,60948,16908,11277,224,7,53294720,0.009141603437242893
416503,55316,14349,28685,224,7,53312384,0.009141603437242893
416719,35348,5644,18444,224,7,53340032,0.009141603437242893
416820,14355,59403,22027,224,7,53352960,0.009141603437242893
416911,7187,47115,3595,224,7,53364608,0.009141603437242893
417011,48147,25098,51723,224,7,53377408,0.009141603437242893
417120,63506,57354,25611,224,7,53391360,0.009141603437242893
417228,13843,7177,57355,224,7,53405184,0.009141603437242893
417356,33299,4106,19467,224,7,53421568,0.009141603437242893
417472,43027,2058,45067,224,7,53436416,0.009141603437242893
417589,8723,1034,64011,224,7,53451392,0.009141603437242893
417678,31251,16394,45579,224,7,53462784,0.009141603437242893
417751,21011,16906,55820,224,7,53472128,0.009141603437242893
417859,54803,26634,57868,224,7,53485952,0.009141603437242893
417969,43027,15882,64524,224,7,53500032,0.009141603437242893
418052,44563,24075,12301,224,7,53510656,0.009141603437242893
418151,9747,18442,53260,224,7,53523328,0.009141603437242893
418233,15379,5130,43531,224,7,53533824,0.009141603437242893
418353,58387,522,11,224,7,53549184,0.009141603437242893
8322,2,0,3,224,7,1065216,0.009141603437242893
418538,18451,1546,30219,224,7,53572864,0.009141603437242893
418614,64019,5130,46603,224,7,53582592,0.009141603437242893
418704,31763,13834,36875,224,7,53594112,0.009141603437242893
418778,23059,14858,36875,224,7,53603584,0.009141603437242893
418887,19,13322,21515,224,7,53617536,0.009141603437242893
418992,2067,14858,33803,224,7,53630976,0.009141603437242893
419082,35859,27146,53261,224,7,53642496,0.009141603437242893
419163,20499,41483,4621,224,7,53652864,0.009141603437242893
419270,24595,29194,46603,224,7,53666560,0.009141603437242893
419354,34835,56842,34827,225,7,53677312,0.008684523265380748
419484,43027,56331,65036,225,7,53693952,0.008684523265380748
419568,55827,46603,28684,225,7,53704704,0.008684523265380748
419676,57363,59403,35852,225,7,53718528,0.008684523265380748
419760,33299,59915,23563,225,7,53729280,0.008684523265380748
419871,27667,37386,49675,225,7,53743488,0.008684523265380748
419964,6163,60428,10252,225,7,53755392,0.008684523265380748
420056,46612,8715,65036,225,7,53767168,0.008684523265380748
420126,52755,53772,20492,225,7,53776128,0.008684523265380748
420245,59412,23052,23564,225,7,53791360,0.008684523265380748
420354,39955,41484,12,225,7,53805312,0.008684523265380748
420433,7699,51723,23563,225,7,53815424,0.008684523265380748
420532,31763,48138,48139,225,7,53828096,0.008684523265380748
420611,65043,42506,58379,225,7,53838208,0.008684523265380748
420725,8211,52235,14346,225,7,53852800,0.008684523265380748
420820,531,39946,59403,225,7,53864960,0.008684523265380748
420892,31251,46603,17419,225,7,53874176,0.008684523265380748
421006,56339,50698,62987,225,7,53888768,0.008684523265380748
421089,26643,65035,11275,225,7,53899392,0.008684523265380748
421204,46099,48138,63499,225,7,53914112,0.008684523265380748
421291,48147,53258,53771,225,7,53925248,0.008684523265380748
421402,54803,13834,34314,225,7,53939456,0.008684523265380748
421494,63507,8202,1546,225,7,53951232,0.008684523265380748
421606,19987,14858,523,225,7,53965568,0.008684523265380748
421722,9235,34826,38923,225,7,53980416,0.008684523265380748
421825,32787,51210,58891,225,7,53993600,0.008684523265380748
421975,31763,53259,38924,225,7,54012800,0.008684523265380748
422039,40467,32779,12810,225,7,54020992,0.008684523265380748
422151,59923,57867,54796,225,7,54035328,0.008684523265380748
422235,25107,29195,20491,225,7,54046080,0.008684523265380748
28672,2049,0,1034,225,7,3670016,0.008684523265380748
422518,2067,22026,56331,225,7,54082304,0.008684523265380748
422601,36883,17930,15370,225,7,54092928,0.008684523265380748
422713,56851,23562,27659,225,7,54107264,0.008684523265380748
422810,21523,35850,13835,225,7,54119680,0.008684523265380748
422905,56851,18442,35339,225,7,54131840,0.008684523265380748
422981,55315,32266,48651,225,7,54141568,0.008684523265380748
423127,11283,21002,54795,225,7,54160256,0.008684523265380748
423218,39443,27146,52235,225,7,54171904,0.008684523265380748
423302,13843,8714,13834,225,7,54182656,0.008684523265380748
423408,14867,2569,60426,225,7,54196224,0.008684523265380748
423505,15379,6666,27147,225,7,54208640,0.008684523265380748
423591,42515,7690,7178,225,7,54219648,0.008684523265380748
423697,57363,22026,522,225,7,54233216,0.008684523265380748
423826,60947,28682,60427,225,7,54249728,0.008684523265380748
423910,58387,13834,50699,225,7,54260480,0.008684523265380748
424000,19475,1546,51211,225,7,54272000,0.008684523265380748
424085,6674,56330,31243,225,7,54282880,0.008684523265380748
424178,52755,10762,18954,225,7,54294784,0.008684523265380748
424308,12819,9,45578,226,7,54311424,0.008958771368498035
424412,27154,60425,32266,226,7,54324736,0.008958771368498035
424486,38931,2057,63498,226,7,54334208,0.008958771368498035
424581,60946,52234,1546,226,7,54346368,0.008958771368498035
424665,52754,44553,63498,226,7,54357120,0.008958771368498035
424773,57362,23561,48138,226,7,54370944,0.008958771368498035
424886,18962,9225,9226,226,7,54385408,0.008958771368498035
424982,61970,19464,54282,226,7,54397696,0.008958771368498035
425079,12817,60424,64522,226,7,54410112,0.008958771368498035
425159,52242,10249,13322,226,7,54420352,0.008958771368498035
425258,25618,13833,21002,226,7,54433024,0.008958771368498035
425363,4114,11785,10762,226,7,54446464,0.008958771368498035
425440,12818,6664,60426,226,7,54456320,0.008958771368498035
425526,1554,10760,54795,226,7,54467328,0.008958771368498035
425618,17938,4616,57867,226,7,54479104,0.008958771368498035
425716,57874,34825,29707,226,7,54491648,0.008958771368498035
425825,18450,48137,57867,226,7,54505600,0.008958771368498035
425908,39954,40969,33802,226,7,54516224,0.008958771368498035
426017,37394,58889,37386,226,7,54530176,0.008958771368498035
426103,3091,18442,10763,226,7,54541184,0.008958771368498035
426228,15891,21002,55818,226,7,54557184,0.008958771368498035
426334,53267,50187,35339,226,7,54570752,0.008958771368498035
426438,31763,59403,20491,226,7,54584064,0.008958771368498035
426566,11283,65035,6,226,7,54600448,0.008958771368498035
426657,23060,26635,47627,226,7,54612096,0.008958771368498035
426782,35860,57867,21515,226,7,54628096,0.008958771368498035
426857,34324,32780,1034,226,7,54637696,0.008958771368498035
426965,29716,14860,12300,226,7,54651520,0.008958771368498035
427060,59924,8715,59403,226,7,54663680,0.008958771368498035
427153,30226,53258,32779,226,7,54675584,0.008958771368498035
427269,26642,53259,36876,226,7,54690432,0.008958771368498035
427449,26642,9,62475,226,7,54713472,0.008958771368498035
427564,23058,28171,18956,226,7,54728192,0.008958771368498035
427652,27155,18955,48653,226,7,54739456,0.008958771368498035
427773,38419,34317,22541,226,7,54754944,0.008958771368498035
427865,43539,26124,27660,226,7,54766720,0.008958771368498035
428002,22547,57356,5132,226,7,54784256,0.008958771368498035
428069,35347,53771,37899,226,7,54792832,0.008958771368498035
428179,48658,62985,59402,226,7,54806912,0.008958771368498035
428268,30226,47625,26634,226,7,54818304,0.008958771368498035
428370,24594,51721,3082,226,7,54831360,0.008958771368498035
428456,19474,38409,14346,226,7,54842368,0.008958771368498035
428544,28178,27657,22026,226,7,54853632,0.008958771368498035
428624,28690,40969,18954,226,7,54863872,0.008958771368498035
428727,37394,6153,522,226,7,54877056,0.008958771368498035
428836,43538,7176,43018,226,7,54891008,0.008958771368498035
428926,54289,61960,32266,226,7,54902528,0.008958771368498035
429027,28177,29192,6153,226,7,54915456,0.008958771368498035
429127,48656,37384,25098,226,7,54928256,0.008958771368498035
429207,7697,15880,38410,227,7,54938496,0.008318859127891032
429317,18449,43529,18442,227,7,54952576,0.008318859127891032
429422,52242,2569,33803,227,7,54966016,0.008318859127891032
429520,25617,44042,20491,227,7,54978560,0.008318859127891032
429611,62995,1547,524,227,7,54990208,0.008318859127891032
429705,52243,4619,45068,227,7,55002240,0.008318859127891032
429792,31763,41484,2572,227,7,55013376,0.008318859127891032
429863,34835,43020,2060,227,7,55022464,0.008318859127891032
430082,1043,46603,64524,227,7,55050496,0.008318859127891032
430153,53267,33803,21516,227,7,55059584,0.008318859127891032
430274,11795,29194,42507,227,7,55075072,0.008318859127891032
430384,14354,62986,25099,227,7,55089152,0.008318859127891032
430485,32786,6666,44042,227,7,55102080,0.008318859127891032
430567,26642,37898,45579,227,7,55112576,0.008318859127891032
4176,2048,513,1026,227,7,534528,0.008318859127891032
430770,10769,31241,37899,227,7,55138560,0.008318859127891032
430853,21010,16393,61451,227,7,55149184,0.008318859127891032
430954,31250,47114,37899,227,7,55162112,0.008318859127891032
431042,25106,51210,39435,227,7,55173376,0.008318859127891032
431131,5138,51210,13835,227,7,55184768,0.008318859127891032
431243,1043,522,23051,227,7,55199104,0.008318859127891032
431360,51219,6154,523,227,7,55214080,0.008318859127891032
431449,62995,8201,56330,227,7,55225472,0.008318859127891032
431537,33810,60425,26122,227,7,55236736,0.008318859127891032
431632,13842,55817,32778,227,7,55248896,0.008318859127891032
431723,51731,10761,52746,227,7,55260544,0.008318859127891032
431803,50195,25610,31754,227,7,55270784,0.008318859127891032
431895,37395,39434,35850,227,7,55282560,0.008318859127891032
431973,48659,38923,13835,227,7,55292544,0.008318859127891032
432083,1043,14347,26123,227,7,55306624,0.008318859127891032
432182,19986,57354,14346,227,7,55319296,0.008318859127891032
432292,37906,45065,31754,227,7,55333376,0.008318859127891032
432389,35346,31753,35338,227,7,55345792,0.008318859127891032
432476,4114,25609,5642,227,7,55356928,0.008318859127891032
432580,31250,39433,28682,227,7,55370240,0.008318859127891032
432694,53778,27657,46602,227,7,55384832,0.008318859127891032
432802,16914,24073,47626,227,7,55398656,0.008318859127891032
432888,33810,48138,18955,227,7,55409664,0.008318859127891032
433023,13331,16396,12812,227,7,55426944,0.008318859127891032
433095,50195,32779,56332,227,7,55436160,0.008318859127891032
433177,39955,17931,24588,227,7,55446656,0.008318859127891032
433258,44563,22027,17421,227,7,55457024,0.008318859127891032
433333,26131,10251,25611,227,7,55466624,0.008318859127891032
433453,40466,63498,29707,227,7,55481984,0.008318859127891032
430187,2064,10,0,227,7,55063936,0.008318859127891032
433659,56849,18441,25094,227,7,55508352,0.008318859127891032
433744,50705,20489,63494,227,7,55519232,0.008318859127891032
433834,17426,4618,29706,227,7,55530752,0.008318859127891032
433920,51730,33291,15884,227,7,55541760,0.008318859127891032
434008,8210,4107,41996,228,7,55553024,0.009050187402870464
434121,45075,25613,31245,228,7,55567488,0.009050187402870464
434220,45588,4620,45069,228,7,55580160,0.009050187402870464
434351,5651,65035,26124,228,7,55596928,0.009050187402870464
434441,7700,42507,57356,228,7,55608448,0.009050187402870464
434520,47637,2059,61452,228,7,55618560,0.009050187402870464
434620,44565,42508,26124,228,7,55631360,0.009050187402870464
434709,40469,26124,58380,228,7,55642752,0.009050187402870464
434798,52245,38924,15371,228,7,55654144,0.009050187402870464
434918,64021,4107,54283,228,7,55669504,0.009050187402870464
434994,23060,39435,33291,228,7,55679232,0.009050187402870464
435097,46611,18441,54794,228,7,55692416,0.009050187402870464
435186,31762,10761,29706,228,7,55703808,0.009050187402870464
435279,42512,40969,63500,228,7,55715712,0.009050187402870464
435381,17935,13833,52237,228,7,55728768,0.009050187402870464
435498,23567,13832,55307,228,7,55743744,0.009050187402870464
435622,39951,52233,18444,228,7,55759616,0.009050187402870464
435725,37392,49675,50701,228,7,55772800,0.009050187402870464
435828,55826,59406,59919,228,7,55785984,0.009050187402870464
435957,54803,15373,15886,228,7,55802496,0.009050187402870464
436054,40466,63500,48142,228,7,55814912,0.009050187402870464
436159,32787,13836,47110,228,7,55828352,0.009050187402870464
436277,29203,60940,27661,228,7,55843456,0.009050187402870464
436352,16403,23563,14861,228,7,55853056,0.009050187402870464
436462,39443,49164,33807,228,7,55867136,0.009050187402870464
436537,17939,59916,38413,228,7,55876736,0.009050187402870464
436626,56851,41484,27661,228,7,55888128,0.009050187402870464
436726,49683,35340,16909,228,7,55900928,0.009050187402870464
436811,32787,33803,56332,228,7,55911808,0.009050187402870464
264706,2,512,3,228,7,33882368,0.009050187402870464
436975,49170,27145,43531,228,7,55932800,0.009050187402870464
437099,49169,46601,1035,228,7,55948672,0.009050187402870464
294924,1,0,2,228,7,37750272,0.009050187402870464
437282,64017,6664,26634,228,7,55972096,0.009050187402870464
437384,45585,14856,37386,228,7,55985152,0.009050187402870464
437671,7185,25608,33290,228,7,56021888,0.009050187402870464
437755,45585,43017,14346,228,7,56032640,0.009050187402870464
437840,3602,11274,1547,228,7,56043520,0.009050187402870464
437921,18,35850,29707,228,7,56053888,0.009050187402870464
438010,7186,12810,37899,228,7,56065280,0.009050187402870464
438209,1043,10251,30732,228,7,56090752,0.009050187402870464
438312,22034,60426,43018,228,7,56103936,0.009050187402870464
8290,2048,10,1025,228,7,1061120,0.009050187402870464
438478,9747,7178,48140,228,7,56125184,0.009050187402870464
438574,39443,2059,10764,228,7,56137472,0.009050187402870464
438673,56851,22026,49675,228,7,56150144,0.009050187402870464
438755,42002,64522,37899,228,7,56160640,0.009050187402870464
438882,5138,61450,21515,229,7,56176896,0.00859310723100832
438976,35346,54794,19979,229,7,56188928,0.00859310723100832
439061,50194,45577,64010,229,7,56199808,0.00859310723100832
439167,31762,41481,54282,229,7,56213376,0.00859310723100832
439251,48146,46089,32778,229,7,56224128,0.00859310723100832
439323,37394,48137,40970,229,7,56233344,0.00859310723100832
144512,2066,512,1026,229,7,18497536,0.00859310723100832
439562,20498,50697,45579,229,7,56263936,0.00859310723100832
439641,16402,52234,8714,229,7,56274048,0.00859310723100832
439741,29202,61961,52234,229,7,56286848,0.00859310723100832
439851,46610,53254,54282,229,7,56300928,0.00859310723100832
439955,40467,14858,47115,229,7,56314240,0.00859310723100832
440049,10259,13322,31243,229,7,56326272,0.00859310723100832
440136,10770,59402,38923,229,7,56337408,0.00859310723100832
440242,50706,51210,20490,229,7,56350976,0.00859310723100832
440329,4114,61961,53770,229,7,56362112,0.00859310723100832
440432,18962,51721,64010,229,7,56375296,0.00859310723100832
440521,7187,24586,52747,229,7,56386688,0.00859310723100832
296988,20,512,1033,229,7,38014464,0.00859310723100832
440737,6675,19467,23050,229,7,56414336,0.00859310723100832
440846,53267,17419,30732,229,7,56428288,0.00859310723100832
440932,45075,4619,1549,229,7,56439296,0.00859310723100832
441060,59411,19466,62987,229,7,56455680,0.00859310723100832
441142,6163,31754,58374,229,7,56466176,0.00859310723100832
295296,1,8,3,229,7,37797888,0.00859310723100832
441325,14867,18955,4619,229,7,56489600,0.00859310723100832
441410,45075,31754,55814,229,7,56500480,0.00859310723100832
395400,16,522,8,229,7,50611200,0.00859310723100832
441608,18451,30218,64523,229,7,56525824,0.00859310723100832
441695,14355,23050,22539,229,7,56536960,0.00859310723100832
441779,42515,7690,16395,229,7,56547712,0.00859310723100832
441871,38931,5642,17930,229,7,56559488,0.00859310723100832
404485,18,0,1024,229,7,51774080,0.00859310723100832
442070,30226,36873,23562,229,7,56584960,0.00859310723100832
442200,42514,39432,64522,229,7,56601600,0.00859310723100832
442280,57874,44041,7178,229,7,56611840,0.00859310723100832
442364,43538,47625,32778,229,7,56622592,0.00859310723100832
442476,59922,58889,37898,229,7,56636928,0.00859310723100832
442553,13330,27657,29706,229,7,56646784,0.00859310723100832
442641,10258,39433,25611,229,7,56658048,0.00859310723100832
442721,33298,37385,10250,229,7,56668288,0.00859310723100832
442815,45074,52233,52234,229,7,56680320,0.00859310723100832
442915,22546,39433,57354,229,7,56693120,0.00859310723100832
443023,64530,61450,43531,229,7,56706944,0.00859310723100832
443117,29203,1034,49675,229,7,56718976,0.00859310723100832
443194,29202,49162,17419,229,7,56728832,0.00859310723100832
443290,23570,59914,30218,229,7,56741120,0.00859310723100832
443385,28178,54282,6667,229,7,56753280,0.00859310723100832
443494,51730,57354,13323,229,7,56767232,0.00859310723100832
443592,35346,57354,15370,229,7,56779776,0.00859310723100832
443796,29714,47625,59402,230,7,56805888,0.008958771368498035
443876,55826,42505,35850,230,7,56816128,0.008958771368498035
443958,50194,14857,4618,230,7,56826624,0.008958771368498035
444036,52753,60937,522,230,7,56836608,0.008958771368498035
444142,4114,2569,18954,230,7,56850176,0.008958771368498035
444242,22034,18441,26634,230,7,56862976,0.008958771368498035
444322,49170,13321,9226,230,7,56873216,0.008958771368498035
444412,22034,24585,15370,230,7,56884736,0.008958771368498035
444520,30738,25609,15882,230,7,56898560,0.008958771368498035
444646,64018,4105,2570,230,7,56914688,0.008958771368498035
444754,12818,1032,58378,230,7,56928512,0.008958771368498035
444842,27666,1033,10250,230,7,56939776,0.008958771368498035
444940,52755,38920,45066,230,7,56952320,0.008958771368498035
445011,31249,47112,33289,230,7,56961408,0.008958771368498035
445118,41489,35336,36874,230,7,56975104,0.008958771368498035
445210,1553,18441,22026,230,7,56986880,0.008958771368498035
445296,60433,52233,43530,230,7,56997888,0.008958771368498035
445396,46609,54281,41994,230,7,57010688,0.008958771368498035
445496,55313,61961,31754,230,7,57023488,0.008958771368498035
445604,18,27657,51211,230,7,57037312,0.008958771368498035
445732,54802,38409,33291,230,7,57053696,0.008958771368498035
445813,51730,29705,34826,230,7,57064064,0.008958771368498035
445913,49682,46089,47626,230,7,57076864,0.008958771368498035
446012,58898,49161,34315,230,7,57089536,0.008958771368498035
446084,6674,38921,23562,230,7,57098752,0.008958771368498035
446201,49170,45065,28682,230,7,57113728,0.008958771368498035
446279,46610,39945,38922,230,7,57123712,0.008958771368498035
446483,46610,43530,3594,230,7,57149824,0.008958771368498035
446570,50706,48137,51210,230,7,57160960,0.008958771368498035
446686,47634,50185,33290,230,7,57175808,0.008958771368498035
446782,30226,41481,22538,230,7,57188096,0.008958771368498035
446898,21522,25097,23050,230,7,57202944,0.008958771368498035
446992,9745,59913,27658,230,7,57214976,0.008958771368498035
447105,63505,60937,43018,230,7,57229440,0.008958771368498035
447185,56338,13321,45579,230,7,57239680,0.008958771368498035
447275,6674,38922,33803,230,7,57251200,0.008958771368498035
447370,55314,46602,23051,230,7,57263360,0.008958771368498035
447471,14866,41994,55308,230,7,57276288,0.008958771368498035
447567,11282,64523,47116,230,7,57288576,0.008958771368498035
447692,19,23563,29196,230,7,57304576,0.008958771368498035
447793,23571,25099,37387,230,7,57317504,0.008958771368498035
447878,27155,19466,43531,230,7,57328384,0.008958771368498035
447967,18963,13834,41995,230,7,57339776,0.008958771368498035
448037,36370,54282,26635,230,7,57348736,0.008958771368498035
448119,38930,46090,31755,230,7,57359232,0.008958771368498035
448240,38930,57865,42506,230,7,57374720,0.008958771368498035
448346,2578,51721,33802,230,7,57388288,0.008958771368498035
448461,38418,46601,31754,230,7,57403008,0.008958771368498035
448570,1042,35337,30218,231,7,57416960,0.008958771368498035
448672,29202,21001,33802,231,7,57430016,0.008958771368498035
448761,4626,14857,5130,231,7,57441408,0.008958771368498035
448881,14354,9736,48650,231,7,57456768,0.008958771368498035
448980,16402,18440,63498,231,7,57469440,0.008958771368498035
449120,49682,21513,37386,231,7,57487360,0.008958771368498035
449193,50194,4617,46090,231,7,57496704,0.008958771368498035
449275,48146,12809,61962,231,7,57507200,0.008958771368498035
449349,28178,9,39946,231,7,57516672,0.008958771368498035
449437,64530,16905,24586,231,7,57527936,0.008958771368498035
449539,8210,13833,26635,231,7,57540992,0.008958771368498035
449637,4114,12297,49162,231,7,57553536,0.008958771368498035
449729,53778,26122,1035,231,7,57565312,0.008958771368498035
449812,3602,17417,57867,231,7,57575936,0.008958771368498035
449907,40466,5129,31754,231,7,57588096,0.008958771368498035
450030,37906,27657,50698,231,7,57603840,0.008958771368498035
450105,25618,47625,60938,231,7,57613440,0.008958771368498035
450219,37906,62474,10,231,7,57628032,0.008958771368498035
450321,60434,62473,63498,231,7,57641088,0.008958771368498035
450405,56850,53257,53258,231,7,57651840,0.008958771368498035
449305,2050,1,1032,231,7,57511040,0.008958771368498035
450616,36882,38921,12298,231,7,57678848,0.008958771368498035
450719,15378,55817,25098,231,7,57692032,0.008958771368498035
450812,46098,53769,47626,231,7,57703936,0.008958771368498035
450911,62482,45577,59402,231,7,57716608,0.008958771368498035
450999,23058,53257,35338,231,7,57727872,0.008958771368498035
451097,58386,59401,41482,231,7,57740416,0.008958771368498035
451216,40467,26634,61963,231,7,57755648,0.008958771368498035
451305,33299,17419,21002,231,7,57767040,0.008958771368498035
451395,46611,35339,50700,231,7,57778560,0.008958771368498035
451506,13331,27147,58892,231,7,57792768,0.008958771368498035
451643,45587,49675,48140,231,7,57810304,0.008958771368498035
451762,18963,42508,4620,231,7,57825536,0.008958771368498035
156928,17,2,12,231,7,20086784,0.008958771368498035
451949,60435,56331,44044,231,7,57849472,0.008958771368498035
452045,59411,43532,27148,231,7,57861760,0.008958771368498035
452231,45076,10766,6157,231,7,57885568,0.008958771368498035
452378,31764,34829,57358,231,7,57904384,0.008958771368498035
452465,10260,13838,6158,231,7,57915520,0.008958771368498035
452545,31764,46093,51725,231,7,57925760,0.008958771368498035
452623,48148,29709,11277,231,7,57935744,0.008958771368498035
452711,32276,11276,12,231,7,57947008,0.008958771368498035
452833,54291,59915,37900,231,7,57962624,0.008958771368498035
452910,32787,53259,14861,231,7,57972480,0.008958771368498035
453035,61459,15883,37900,231,7,57988480,0.008958771368498035
453136,6163,42507,65036,231,7,58001408,0.008958771368498035
453248,46099,55307,47116,231,7,58015744,0.008958771368498035
453365,46099,43531,3084,231,7,58030720,0.008958771368498035
453458,4627,58890,59916,231,7,58042624,0.008958771368498035
453558,26643,35339,3083,232,7,58055424,0.008318859127891032
453633,10259,26122,63499,232,7,58065024,0.008318859127891032
453729,1555,12810,35851,232,7,58077312,0.008318859127891032
453841,60946,55818,15371,232,7,58091648,0.008318859127891032
453912,5139,1034,23051,232,7,58100736,0.008318859127891032
454023,40979,21002,10251,232,7,58114944,0.008318859127891032
454102,3603,43018,42506,232,7,58125056,0.008318859127891032
454280,30227,12810,17930,232,7,58147840,0.008318859127891032
454380,5139,24586,8714,232,7,58160640,0.008318859127891032
454467,12307,15370,42507,232,7,58171776,0.008318859127891032
454576,51730,47626,36875,232,7,58185728,0.008318859127891032
454662,10258,34826,32779,232,7,58196736,0.008318859127891032
454761,59410,45578,26123,232,7,58209408,0.008318859127891032
454860,61458,19466,32779,232,7,58222080,0.008318859127891032
454964,8722,48138,51211,232,7,58235392,0.008318859127891032
455038,14867,22538,55819,232,7,58244864,0.008318859127891032
455142,48658,55307,24588,232,7,58258176,0.008318859127891032
455231,64019,28683,65037,232,7,58269568,0.008318859127891032
455350,31763,35340,11276,232,7,58284800,0.008318859127891032
455451,50195,50187,45580,232,7,58297728,0.008318859127891032
455529,17427,58891,56332,232,7,58307712,0.008318859127891032
455630,10772,522,63499,232,7,58320640,0.008318859127891032
455718,30739,43530,40971,232,7,58331904,0.008318859127891032
455799,25107,37386,45067,232,7,58342272,0.008318859127891032
455923,2067,57354,61963,232,7,58358144,0.008318859127891032
456046,25619,59915,26635,232,7,58373888,0.008318859127891032
456137,33811,57355,37899,232,7,58385536,0.008318859127891032
456237,36371,51723,41995,232,7,58398336,0.008318859127891032
148108,2051,10,0,232,7,18957824,0.008318859127891032
456449,4627,19466,14347,232,7,58425472,0.008318859127891032
456543,59410,44041,38922,232,7,58437504,0.008318859127891032
456652,27666,47114,13323,232,7,58451456,0.008318859127891032
456735,52754,60426,16395,232,7,58462080,0.008318859127891032
456836,37394,51210,57356,232,7,58475008,0.008318859127891032
456913,46610,50187,29194,232,7,58484864,0.008318859127891032
457130,15891,7179,65036,232,7,58512640,0.008318859127891032
457204,46098,28682,59916,232,7,58522112,0.008318859127891032
457371,57874,41482,56844,232,7,58543488,0.008318859127891032
457455,39442,41994,54284,232,7,58554240,0.008318859127891032
457533,12819,6667,25100,232,7,58564224,0.008318859127891032
457609,61459,39435,43020,232,7,58573952,0.008318859127891032
457682,32275,36875,23564,232,7,58583296,0.008318859127891032
457770,8723,42506,52235,232,7,58594560,0.008318859127891032
457851,10259,29194,34827,232,7,58604928,0.008318859127891032
457929,63507,46090,18955,232,7,58614912,0.008318859127891032
458017,4627,21001,63498,232,7,58626176,0.008318859127891032
458113,50195,4105,31755,232,7,58638464,0.008318859127891032
458203,15891,16905,35850,232,7,58649984,0.008318859127891032
458296,10259,10761,51722,232,7,58661888,0.008318859127891032
458377,10258,27145,59402,233,7,58672256,0.009141603437242893
458483,19987,5130,36362,233,7,58685824,0.009141603437242893
458556,34323,8202,44043,233,7,58695168,0.009141603437242893
458694,14355,6154,32779,233,7,58712832,0.009141603437242893
458759,19,8202,59915,233,7,58721152,0.009141603437242893
458984,55827,13322,45579,233,7,58749952,0.009141603437242893
459090,33811,27658,59915,233,7,58763520,0.009141603437242893
459164,30227,9738,56331,233,7,58772992,0.009141603437242893
459308,31763,23051,7179,233,7,58791424,0.009141603437242893
459407,42003,35339,11,233,7,58804096,0.009141603437242893
459495,50707,35339,29196,233,7,58815360,0.009141603437242893
459593,35347,38411,65036,233,7,58827904,0.009141603437242893
459693,5140,3596,27149,233,7,58840704,0.009141603437242893
459795,26132,6668,13836,233,7,58853760,0.009141603437242893
459886,60948,22540,41485,233,7,58865408,0.009141603437242893
459978,19476,12811,44045,233,7,58877184,0.009141603437242893
460085,14355,53771,45068,233,7,58890880,0.009141603437242893
460189,50196,3083,46092,233,7,58904192,0.009141603437242893
460295,21523,61451,26124,233,7,58917760,0.009141603437242893
460384,17939,61452,39948,233,7,58929152,0.009141603437242893
460482,53779,61451,53772,233,7,58941696,0.009141603437242893
460606,8723,58892,40972,233,7,58957568,0.009141603437242893
460687,26131,53261,35341,233,7,58967936,0.009141603437242893
460793,58898,37389,25613,233,7,58981504,0.009141603437242893
460904,30739,54795,57356,233,7,58995712,0.009141603437242893
460991,63507,57355,62988,233,7,59006848,0.009141603437242893
461135,24595,35851,10252,233,7,59025280,0.009141603437242893
461257,56339,25611,25101,233,7,59040896,0.009141603437242893
461356,13843,53771,1546,233,7,59053568,0.009141603437242893
461468,38931,45067,42508,233,7,59067904,0.009141603437242893
461558,27667,26122,65034,233,7,59079424,0.009141603437242893
461668,54291,36875,17932,233,7,59093504,0.009141603437242893
461778,14355,16907,21004,233,7,59107584,0.009141603437242893
461860,15379,20490,55308,233,7,59118080,0.009141603437242893
461953,59411,27146,28683,233,7,59129984,0.009141603437242893
462034,53779,24074,37899,233,7,59140352,0.009141603437242893
462146,33811,33802,30219,233,7,59154688,0.009141603437242893
462257,41491,5642,44043,233,7,59168896,0.009141603437242893
462357,63507,18954,46090,233,7,59181696,0.009141603437242893
462436,9747,29194,37899,233,7,59191808,0.009141603437242893
462523,48146,63498,4619,233,7,59202944,0.009141603437242893
462643,32275,9737,61450,233,7,59218304,0.009141603437242893
462726,65043,14857,56843,233,7,59228928,0.009141603437242893
462797,54802,64010,5643,233,7,59238016,0.009141603437242893
462900,39443,12298,29195,233,7,59251200,0.009141603437242893
463009,14355,1034,9739,233,7,59265152,0.009141603437242893
463106,11795,14346,5131,233,7,59277568,0.009141603437242893
463216,4115,14857,59915,233,7,59291648,0.009141603437242893
463298,31763,1546,9227,233,7,59302144,0.009141603437242893
463407,17427,39434,60426,234,7,59316096,0.008044611024773746
463483,2067,33291,8204,234,7,59325824,0.008044611024773746
463600,5651,32778,48139,234,7,59340800,0.008044611024773746
463691,29203,41995,2060,234,7,59352448,0.008044611024773746
463778,22035,43019,8204,234,7,59363584,0.008044611024773746
463850,46611,33803,25612,234,7,59372800,0.008044611024773746
463943,64019,49675,29708,234,7,59384704,0.008044611024773746
464020,1043,35851,20492,234,7,59394560,0.008044611024773746
464117,47123,42507,23052,234,7,59406976,0.008044611024773746
464223,53267,59915,65036,234,7,59420544,0.008044611024773746
464324,18963,46091,35852,234,7,59433472,0.008044611024773746
464403,13331,35339,49164,234,7,59443584,0.008044611024773746
464502,55315,35340,1548,234,7,59456256,0.008044611024773746
464575,29715,37900,8716,234,7,59465600,0.008044611024773746
464680,35859,35339,27147,234,7,59479040,0.008044611024773746
464759,43027,46091,9741,234,7,59489152,0.008044611024773746
464856,39443,58890,52235,234,7,59501568,0.008044611024773746
464934,49171,30730,61963,234,7,59511552,0.008044611024773746
465041,21011,47627,2058,234,7,59525248,0.008044611024773746
465127,49683,22026,63499,234,7,59536256,0.008044611024773746
465220,8211,24586,60427,234,7,59548160,0.008044611024773746
465292,60435,39435,61964,234,7,59557376,0.008044611024773746
465372,5139,31243,16908,234,7,59567616,0.008044611024773746
465484,2579,10251,10762,234,7,59581952,0.008044611024773746
465574,38931,42507,18957,234,7,59593472,0.008044611024773746
465659,57363,25610,64525,234,7,59604352,0.008044611024773746
465732,38419,10762,46603,234,7,59613696,0.008044611024773746
465845,38931,31242,47627,234,7,59628160,0.008044611024773746
465939,9747,21002,20491,234,7,59640192,0.008044611024773746
466014,22547,42506,54795,234,7,59649792,0.008044611024773746
466092,57363,36875,4621,234,7,59659776,0.008044611024773746
466186,28691,35851,9228,234,7,59671808,0.008044611024773746
466259,13843,30731,2571,234,7,59681152,0.008044611024773746
466362,44051,28682,52236,234,7,59694336,0.008044611024773746
466459,56339,57867,22540,234,7,59706752,0.008044611024773746
466540,4115,25098,22029,234,7,59717120,0.008044611024773746
466612,45075,17930,22539,234,7,59726336,0.008044611024773746
466695,4627,9738,35851,234,7,59736960,0.008044611024773746
466943,21011,18954,28683,234,7,59768704,0.008044611024773746
467042,46611,29194,26123,234,7,59781376,0.008044611024773746
467130,531,27146,38411,234,7,59792640,0.008044611024773746
467208,19,31242,58379,234,7,59802624,0.008044611024773746
467310,44051,23051,3084,234,7,59815680,0.008044611024773746
467397,38419,17418,38923,234,7,59826816,0.008044611024773746
467489,49683,30730,50699,234,7,59838592,0.008044611024773746
467598,6163,4618,11274,234,7,59852544,0.008044611024773746
467663,34835,15370,8715,234,7,59860864,0.008044611024773746
467768,40979,13834,36363,234,7,59874304,0.008044611024773746
467841,5139,13834,50699,234,7,59883648,0.008044611024773746
467932,60947,14346,17931,235,7,59895296,0.008958771368498035
468018,50707,16906,5131,235,7,59906304,0.008958771368498035
468109,57363,35850,36875,235,7,59917952,0.008958771368498035
468206,35347,23050,21003,235,7,59930368,0.008958771368498035
468304,19986,58890,24587,235,7,59942912,0.008958771368498035
468389,21010,51210,10250,235,7,59953792,0.008958771368498035
468474,17426,42505,45066,235,7,59964672,0.008958771368498035
468591,41490,39433,7690,235,7,59979648,0.008958771368498035
468697,53778,46601,51723,235,7,59993216,0.008958771368498035
468792,53266,38409,31243,235,7,60005376,0.008958771368498035
468907,50706,15369,26634,235,7,60020096,0.008958771368498035
468990,63506,14857,40970,235,7,60030720,0.008958771368498035
469099,32786,20489,17418,235,7,60044672,0.008958771368498035
469178,63506,8201,1034,235,7,60054784,0.008958771368498035
469292,46610,3080,49162,235,7,60069376,0.008958771368498035
469376,27666,6152,61450,235,7,60080128,0.008958771368498035
469480,31762,16393,22026,235,7,60093440,0.008958771368498035
469590,3090,11273,9226,235,7,60107520,0.008958771368498035
469697,23058,5641,9226,235,7,60121216,0.008958771368498035
469795,38930,45065,28683,235,7,60133760,0.008958771368498035
469908,59410,23049,36875,235,7,60148224,0.008958771368498035
469994,62994,45065,64011,235,7,60159232,0.008958771368498035
470082,6162,57866,18955,235,7,60170496,0.008958771368498035
470164,21011,10250,26635,235,7,60180992,0.008958771368498035
470268,10771,13322,26123,235,7,60194304,0.008958771368498035
470344,29203,50186,59915,235,7,60204032,0.008958771368498035
470445,26643,63498,29707,235,7,60216960,0.008958771368498035
470530,34323,54794,22539,235,7,60227840,0.008958771368498035
470648,26131,54794,31243,235,7,60242944,0.008958771368498035
470775,34323,57866,50187,235,7,60259200,0.008958771368498035
470861,46612,523,25100,235,7,60270208,0.008958771368498035
470955,8723,65035,27147,235,7,60282240,0.008958771368498035
471056,59923,16906,46090,235,7,60295168,0.008958771368498035
471173,2578,32266,55307,235,7,60310144,0.008958771368498035
471286,21522,46602,62987,235,7,60324608,0.008958771368498035
471400,4625,14345,29195,235,7,60339200,0.008958771368498035
471485,30225,55306,17418,235,7,60350080,0.008958771368498035
471561,42002,41482,15884,235,7,60359808,0.008958771368498035
471668,35858,53771,43532,235,7,60373504,0.008958771368498035
471756,10259,2572,16909,235,7,60384768,0.008958771368498035
471857,4115,37900,48141,235,7,60397696,0.008958771368498035
471969,49683,17931,14348,235,7,60412032,0.008958771368498035
472049,6675,23562,25099,235,7,60422272,0.008958771368498035
472166,15891,12297,61961,235,7,60437248,0.008958771368498035
472245,3091,521,51723,235,7,60447360,0.008958771368498035
472319,18451,2570,25611,235,7,60456832,0.008958771368498035
472434,24083,1546,7691,235,7,60471552,0.008958771368498035
472534,1042,23561,44554,235,7,60484352,0.008958771368498035
472662,21521,58888,48138,235,7,60500736,0.008958771368498035
472743,47122,8,61450,235,7,60511104,0.008958771368498035
472821,2578,6153,5642,236,7,60521088,0.008867355334125606
472931,26129,21000,39947,236,7,60535168,0.008867355334125606
473010,46097,13320,35338,236,7,60545280,0.008867355334125606
473112,9745,50184,40970,236,7,60558336,0.008867355334125606
473212,62994,3081,16394,236,7,60571136,0.008867355334125606
268513,16,8,8,236,7,34369664,0.008867355334125606
473423,21522,45577,58379,236,7,60598144,0.008867355334125606
473533,53778,56330,64523,236,7,60612224,0.008867355334125606
473638,19475,30731,27660,236,7,60625664,0.008867355334125606
473739,16915,60940,64013,236,7,60638592,0.008867355334125606
473834,2580,524,3085,236,7,60650752,0.008867355334125606
474040,531,55308,1548,236,7,60677120,0.008867355334125606
474106,9235,39435,27660,236,7,60685568,0.008867355334125606
474196,34835,7178,24587,236,7,60697088,0.008867355334125606
474286,50194,39434,20491,236,7,60708608,0.008867355334125606
474379,57874,14346,38922,236,7,60720512,0.008867355334125606
474464,11282,12810,53260,236,7,60731392,0.008867355334125606
397314,17,514,1026,236,7,50856192,0.008867355334125606
460810,0,9,0,236,7,58983680,0.008867355334125606
474769,31761,57865,35339,236,7,60770432,0.008867355334125606
474849,49682,29194,30221,236,7,60780672,0.008867355334125606
474941,7186,41482,39435,236,7,60792448,0.008867355334125606
475040,22546,24074,523,236,7,60805120,0.008867355334125606
475113,25618,21513,57867,236,7,60814464,0.008867355334125606
475221,47122,25098,2571,236,7,60828288,0.008867355334125606
475310,54802,59402,5131,236,7,60839680,0.008867355334125606
475392,64018,55305,37899,236,7,60850176,0.008867355334125606
475608,19475,12298,30731,236,7,60877824,0.008867355334125606
475690,65043,38411,28684,236,7,60888320,0.008867355334125606
475788,46611,31243,39947,236,7,60900864,0.008867355334125606
475860,64531,21515,50700,236,7,60910080,0.008867355334125606
475961,11795,18955,44044,236,7,60923008,0.008867355334125606
476066,23571,30220,7180,236,7,60936448,0.008867355334125606
476165,12306,54794,39435,236,7,60949120,0.008867355334125606
476240,13842,35338,18955,236,7,60958720,0.008867355334125606
476344,43538,25098,31755,236,7,60972032,0.008867355334125606
476452,30226,54282,37387,236,7,60985856,0.008867355334125606
476543,4114,59914,18955,236,7,60997504,0.008867355334125606
476626,37394,64009,55307,236,7,61008128,0.008867355334125606
476741,25617,6153,28683,236,7,61022848,0.008867355334125606
476826,55313,61962,35853,236,7,61033728,0.008867355334125606
214624,0,512,2,236,7,27471872,0.008867355334125606
477011,53267,65037,38926,236,7,61057408,0.008867355334125606
477126,9235,47627,38924,236,7,61072128,0.008867355334125606
477231,57363,65036,54796,236,7,61085568,0.008867355334125606
477318,12307,34827,37389,236,7,61096704,0.008867355334125606
477415,50194,48138,54285,236,7,61109120,0.008867355334125606
477532,11281,3081,50187,236,7,61124096,0.008867355334125606
477614,19473,40457,22027,237,7,61134592,0.008958771368498035
477715,49681,51209,41483,237,7,61147520,0.008958771368498035
477823,28690,37899,16908,237,7,61161344,0.008958771368498035
477950,3602,53259,16396,237,7,61177600,0.008958771368498035
478019,15891,37387,36364,237,7,61186432,0.008958771368498035
478125,54291,52235,53260,237,7,61200000,0.008958771368498035
478218,45075,65035,65036,237,7,61211904,0.008958771368498035
478333,52244,41485,5133,237,7,61226624,0.008958771368498035
478406,14868,46092,52236,237,7,61235968,0.008958771368498035
478492,9237,6155,58892,237,7,61246976,0.008958771368498035
478601,47125,15372,7181,237,7,61260928,0.008958771368498035
478705,25109,17932,4108,237,7,61274240,0.008958771368498035
478813,22036,45067,26634,237,7,61288064,0.008958771368498035
478891,38932,22538,57354,237,7,61298048,0.008958771368498035
478993,59923,51209,57354,237,7,61311104,0.008958771368498035
479102,3601,21001,19979,237,7,61325056,0.008958771368498035
479206,47631,24586,2572,237,7,61338368,0.008958771368498035
4162,16,1024,11,237,7,532736,0.008958771368498035
4233,528,1032,1032,237,7,541824,0.008958771368498035
479477,25615,39433,23563,237,7,61373056,0.008958771368498035
479583,23056,58378,40460,237,7,61386624,0.008958771368498035
479696,29713,62475,25101,237,7,61401088,0.008958771368498035
479781,23570,31756,31246,237,7,61411968,0.008958771368498035
479901,58386,33293,21518,237,7,61427328,0.008958771368498035
479982,42515,1036,54798,237,7,61437696,0.008958771368498035
480060,16915,34831,17422,237,7,61447680,0.008958771368498035
480154,39955,16395,50701,237,7,61459712,0.008958771368498035
480274,59411,17419,49165,237,7,61475072,0.008958771368498035
480365,26131,30732,14861,237,7,61486720,0.008958771368498035
480471,33299,22028,19471,237,7,61500288,0.008958771368498035
480568,29715,31243,57869,237,7,61512704,0.008958771368498035
480654,25619,14347,23564,237,7,61523712,0.008958771368498035
480733,12819,6154,23051,237,7,61533824,0.008958771368498035
480831,55313,55305,47626,237,7,61546368,0.008958771368498035
480949,1553,30729,27146,237,7,61561472,0.008958771368498035
481028,24593,7176,48650,237,7,61571584,0.008958771368498035
481157,18448,10247,63498,237,7,61588096,0.008958771368498035
481243,13840,38919,38410,237,7,61599104,0.008958771368498035
266244,16,6,8,237,7,34079232,0.008958771368498035
278689,2048,512,0,237,7,35672192,0.008958771368498035
481579,2065,22536,29194,237,7,61642112,0.008958771368498035
481697,51730,9,20490,237,7,61657216,0.008958771368498035
481767,51218,12297,40458,237,7,61666176,0.008958771368498035
481847,21522,45577,53771,237,7,61676416,0.008958771368498035
481965,17426,29706,40459,237,7,61691520,0.008958771368498035
482058,51218,41994,53771,237,7,61703424,0.008958771368498035
482160,53778,30218,2570,237,7,61716480,0.008958771368498035
482246,60434,6665,42507,237,7,61727488,0.008958771368498035
482332,62994,23561,34315,237,7,61738496,0.008958771368498035
482430,58387,4618,43019,237,7,61751040,0.008958771368498035
482555,1554,64522,46091,238,7,61767040,0.009050187402870464
482643,531,2059,2059,238,7,61778304,0.009050187402870464
482739,2066,61450,56331,238,7,61790592,0.009050187402870464
482808,63507,10,46091,238,7,61799424,0.009050187402870464
482921,38930,53770,10763,238,7,61813888,0.009050187402870464
483017,60946,55305,24586,238,7,61826176,0.009050187402870464
483137,18,39945,32778,238,7,61841536,0.009050187402870464
483409,21523,4106,20491,238,7,61876352,0.009050187402870464
483491,50195,33291,21515,238,7,61886848,0.009050187402870464
483612,19475,46091,18955,238,7,61902336,0.009050187402870464
483705,22036,523,30731,238,7,61914240,0.009050187402870464
483787,24595,27147,13323,238,7,61924736,0.009050187402870464
483903,33299,15370,57867,238,7,61939584,0.009050187402870464
483997,23059,29194,30218,238,7,61951616,0.009050187402870464
484115,61971,17930,10,238,7,61966720,0.009050187402870464
484206,8722,61961,51210,238,7,61978368,0.009050187402870464
484322,2579,3082,37387,238,7,61993216,0.009050187402870464
484433,31763,22026,64523,238,7,62007424,0.009050187402870464
148672,2064,0,1035,238,7,19030016,0.009050187402870464
484637,59923,34315,27661,238,7,62033536,0.009050187402870464
484736,22035,29195,27661,238,7,62046208,0.009050187402870464
484828,26131,19467,28683,238,7,62057984,0.009050187402870464
484911,28691,35339,46092,238,7,62068608,0.009050187402870464
485047,61971,4106,55819,238,7,62086016,0.009050187402870464
485193,61458,62985,51722,238,7,62104704,0.009050187402870464
485294,15891,5642,22027,238,7,62117632,0.009050187402870464
485398,19,11274,22535,238,7,62130944,0.009050187402870464
485483,531,15882,51719,238,7,62141824,0.009050187402870464
485646,65043,5642,33291,238,7,62162688,0.009050187402870464
485755,56850,62474,14347,238,7,62176640,0.009050187402870464
485872,55315,1034,5130,238,7,62191616,0.009050187402870464
485975,2578,56329,64010,238,7,62204800,0.009050187402870464
486086,19474,50186,1034,238,7,62219008,0.009050187402870464
486182,58898,39945,31754,238,7,62231296,0.009050187402870464
486282,39954,39433,7178,238,7,62244096,0.009050187402870464
486366,52242,37384,60938,238,7,62254848,0.009050187402870464
486617,54802,51210,30218,238,7,62286976,0.009050187402870464
486697,12306,45066,39434,238,7,62297216,0.009050187402870464
486804,11282,37898,11275,238,7,62310912,0.009050187402870464
486899,61971,3082,19467,238,7,62323072,0.009050187402870464
486993,47635,2570,33803,238,7,62335104,0.009050187402870464
487104,60947,1034,54283,238,7,62349312,0.009050187402870464
487199,36370,53258,32779,238,7,62361472,0.009050187402870464
487324,14354,43018,10,238,7,62377472,0.009050187402870464
487401,6674,46089,39434,238,7,62387328,0.009050187402870464
487490,47122,36361,20491,238,7,62398720,0.009050187402870464
487596,5650,27145,38411,238,7,62412288,0.009050187402870464
487681,8210,32778,1547,238,7,62423168,0.009050187402870464
487785,51730,33802,41995,239,7,62436480,0.00859310723100832
487905,36882,47114,18443,239,7,62451840,0.00859310723100832
487997,24082,46090,5131,239,7,62463616,0.00859310723100832
488113,21522,53257,39947,239,7,62478464,0.00859310723100832
488187,18450,35849,26122,239,7,62487936,0.00859310723100832
488275,14354,38921,30730,239,7,62499200,0.00859310723100832
488394,35346,25097,29194,239,7,62514432,0.00859310723100832
488487,29202,11273,16395,239,7,62526336,0.00859310723100832
488557,40466,6664,64010,239,7,62535296,0.00859310723100832
488697,55313,43016,31242,239,7,62553216,0.00859310723100832
488781,59921,29704,59402,239,7,62563968,0.00859310723100832
488865,18961,38921,9226,239,7,62574720,0.00859310723100832
488954,5137,38409,9226,239,7,62586112,0.00859310723100832
489038,33297,47625,14346,239,7,62596864,0.00859310723100832
489126,53778,8713,41995,239,7,62608128,0.00859310723100832
489228,10770,38410,13323,239,7,62621184,0.00859310723100832
489355,35346,46602,3083,239,7,62637440,0.00859310723100832
489434,23570,51722,1035,239,7,62647552,0.00859310723100832
489523,13330,34314,2571,239,7,62658944,0.00859310723100832
489601,4626,36873,54283,239,7,62668928,0.00859310723100832
489677,42002,41481,49163,239,7,62678656,0.00859310723100832
489782,33298,53769,62987,239,7,62692096,0.00859310723100832
489876,52754,63498,17931,239,7,62704128,0.00859310723100832
489970,531,1546,45579,239,7,62716160,0.00859310723100832
490037,51731,3083,16907,239,7,62724736,0.00859310723100832
490146,10258,59402,30731,239,7,62738688,0.00859310723100832
490264,4114,35849,61450,239,7,62753792,0.00859310723100832
490400,55826,21001,26122,239,7,62771200,0.00859310723100832
490486,26130,27145,44043,239,7,62782208,0.00859310723100832
490575,28178,21001,37386,239,7,62793600,0.00859310723100832
490707,9746,5641,27146,239,7,62810496,0.00859310723100832
490837,31250,37386,1546,239,7,62827136,0.00859310723100832
490910,48658,36874,28683,239,7,62836480,0.00859310723100832
491011,50194,56842,54282,239,7,62849408,0.00859310723100832
491107,40467,11787,14346,239,7,62861696,0.00859310723100832
491192,7186,58891,11,239,7,62872576,0.00859310723100832
491300,18451,23563,2059,239,7,62886400,0.00859310723100832
491375,39443,33291,52236,239,7,62896000,0.00859310723100832
491487,33811,21002,62987,239,7,62910336,0.00859310723100832
491597,17427,5642,18442,239,7,62924416,0.00859310723100832
491682,54290,49674,29195,239,7,62935296,0.00859310723100832
491769,54803,10762,26123,239,7,62946432,0.00859310723100832
491865,42002,47114,17931,239,7,62958720,0.00859310723100832
491974,15379,4618,19467,239,7,62972672,0.00859310723100832
492093,62994,26634,13834,239,7,62987904,0.00859310723100832
492194,53266,55306,22538,239,7,63000832,0.00859310723100832
492291,37394,16905,47114,239,7,63013248,0.00859310723100832
492383,47634,2057,20490,239,7,63025024,0.00859310723100832
492481,29714,16905,3082,239,7,63037568,0.00859310723100832
492567,17938,38409,21515,239,7,63048576,0.00859310723100832
492660,18962,21001,38923,240,7,63060480,0.008958771368498035
492775,2066,27658,4106,240,7,63075200,0.008958771368498035
492865,8210,21002,10250,240,7,63086720,0.008958771368498035
492948,13842,51722,522,240,7,63097344,0.008958771368498035
493062,53778,26633,62475,240,7,63111936,0.008958771368498035
493179,13330,10249,29194,240,7,63126912,0.008958771368498035
493249,45074,20489,49674,240,7,63135872,0.008958771368498035
493338,31762,9737,58379,240,7,63147264,0.008958771368498035
493449,5650,57866,1547,240,7,63161472,0.008958771368498035
493534,64530,58889,61451,240,7,63172352,0.008958771368498035
493656,39442,56330,10762,240,7,63187968,0.008958771368498035
493771,47635,1034,14859,240,7,63202688,0.008958771368498035
493856,19986,53258,22027,240,7,63213568,0.008958771368498035
493935,50194,40970,8203,240,7,63223680,0.008958771368498035
494021,62482,44041,49675,240,7,63234688,0.008958771368498035
494118,51218,55817,53259,240,7,63247104,0.008958771368498035
494190,50194,55305,54282,240,7,63256320,0.008958771368498035
494285,21010,45065,23562,240,7,63268480,0.008958771368498035
494397,65043,2570,8714,240,7,63282816,0.008958771368498035
494511,4626,53258,27658,240,7,63297408,0.008958771368498035
494630,13330,57865,54794,240,7,63312640,0.008958771368498035
494732,11282,59913,61450,240,7,63325696,0.008958771368498035
494855,33810,59402,21515,240,7,63341440,0.008958771368498035
494965,6163,4618,64523,240,7,63355520,0.008958771368498035
495046,15379,6667,16395,240,7,63365888,0.008958771368498035
495154,16403,25099,24076,240,7,63379712,0.008958771368498035
495244,30739,43020,6156,240,7,63391232,0.008958771368498035
495345,33811,38411,23052,240,7,63404160,0.008958771368498035
495424,44563,44043,38412,240,7,63414272,0.008958771368498035
495533,44051,36875,23564,240,7,63428224,0.008958771368498035
495631,57363,57866,55819,240,7,63440768,0.008958771368498035
495793,23571,62988,33805,240,7,63461504,0.008958771368498035
495876,52755,60940,35340,240,7,63472128,0.008958771368498035
496061,15892,21516,524,240,7,63495808,0.008958771368498035
496148,11796,9741,13,240,7,63506944,0.008958771368498035
496244,532,3084,38413,240,7,63519232,0.008958771368498035
496352,59924,15372,22028,240,7,63533056,0.008958771368498035
496465,27155,61451,28684,240,7,63547520,0.008958771368498035
496543,13331,49675,4106,240,7,63557504,0.008958771368498035
496662,31763,14859,13323,240,7,63572736,0.008958771368498035
496763,22547,41995,19467,240,7,63585664,0.008958771368498035
496846,61971,30219,13322,240,7,63596288,0.008958771368498035
496960,62995,25611,10251,240,7,63610880,0.008958771368498035
497048,64531,30730,60427,240,7,63622144,0.008958771368498035
497152,61459,19466,60426,240,7,63635456,0.008958771368498035
497241,52755,10250,61451,240,7,63646848,0.008958771368498035
497345,40467,14858,47627,240,7,63660160,0.008958771368498035
497436,4627,18442,15883,240,7,63671808,0.008958771368498035
497521,64019,15370,8203,240,7,63682688,0.008958771368498035
497608,13330,57865,64523,241,7,63693824,0.008684523265380748
497688,9235,1034,3083,241,7,63704064,0.008684523265380748
497800,40979,16906,13835,241,7,63718400,0.008684523265380748
497886,22547,51722,14859,241,7,63729408,0.008684523265380748
498031,35347,38921,47114,241,7,63747968,0.008684523265380748
498108,47123,23561,54794,241,7,63757824,0.008684523265380748
498219,35347,25098,40971,241,7,63772032,0.008684523265380748
498306,60435,16394,34314,241,7,63783168,0.008684523265380748
498423,46610,55304,38923,241,7,63798144,0.008684523265380748
498501,22546,61450,25098,241,7,63808128,0.008684523265380748
498605,45586,5130,25611,241,7,63821440,0.008684523265380748
498685,21009,24586,48652,241,7,63831680,0.008684523265380748
498775,48658,25098,61964,241,7,63843200,0.008684523265380748
498881,6162,35338,59916,241,7,63856768,0.008684523265380748
498961,15890,51211,39948,241,7,63867008,0.008684523265380748
499114,16915,43532,61453,241,7,63886592,0.008684523265380748
499219,15379,39947,63501,241,7,63900032,0.008684523265380748
499343,7699,38412,15373,241,7,63915904,0.008684523265380748
499423,37907,53260,17933,241,7,63926144,0.008684523265380748
499557,25619,41995,21004,241,7,63943296,0.008684523265380748
499658,61459,47114,51723,241,7,63956224,0.008684523265380748
499742,28180,522,46604,241,7,63966976,0.008684523265380748
499853,31763,52747,31244,241,7,63981184,0.008684523265380748
499972,28691,54795,65036,241,7,63996416,0.008684523265380748
500069,14867,64523,53772,241,7,64008832,0.008684523265380748
500153,30739,47627,1035,241,7,64019584,0.008684523265380748
500259,30739,7690,5643,241,7,64033152,0.008684523265380748
500345,60435,16394,13834,241,7,64044160,0.008684523265380748
500436,24595,5130,23563,241,7,64055808,0.008684523265380748
500528,5651,14858,19467,241,7,64067584,0.008684523265380748
500612,32275,31242,16395,241,7,64078336,0.008684523265380748
500706,56339,26634,48139,241,7,64090368,0.008684523265380748
500820,4627,16394,56332,241,7,64104960,0.008684523265380748
500906,40467,15883,27148,241,7,64115968,0.008684523265380748
500987,1043,1035,10251,241,7,64126336,0.008684523265380748
501102,59410,64522,53771,241,7,64141056,0.008684523265380748
501179,42514,50698,33805,241,7,64150912,0.008684523265380748
501274,19475,14347,17932,241,7,64163072,0.008684523265380748
501345,3091,27658,59916,241,7,64172160,0.008684523265380748
501448,10259,18955,36876,241,7,64185344,0.008684523265380748
501525,33299,23563,41996,241,7,64195200,0.008684523265380748
501606,22547,28683,8715,241,7,64205568,0.008684523265380748
501706,56851,54794,16395,241,7,64218368,0.008684523265380748
501806,51731,24585,43530,241,7,64231168,0.008684523265380748
501901,34835,11273,36874,241,7,64243328,0.008684523265380748
501993,61971,20490,9226,241,7,64255104,0.008684523265380748
502088,24595,8714,45579,241,7,64267264,0.008684523265380748
502192,50195,34827,10763,241,7,64280576,0.008684523265380748
502309,28179,33290,25611,241,7,64295552,0.008684523265380748
502410,10259,30218,16395,241,7,64308480,0.008684523265380748
502509,13843,18442,43531,242,7,64321152,0.008684523265380748
502596,45075,14858,61963,242,7,64332288,0.008684523265380748
502666,47635,8715,8715,242,7,64341248,0.008684523265380748
502761,62483,25098,57867,242,7,64353408,0.008684523265380748
502886,55315,46091,37900,242,7,64369408,0.008684523265380748
502999,61459,28682,59403,242,7,64383872,0.008684523265380748
503078,28179,22026,40970,242,7,64393984,0.008684523265380748
503188,60947,24075,3083,242,7,64408064,0.008684523265380748
503260,9747,44042,53259,242,7,64417280,0.008684523265380748
503358,33299,37387,11,242,7,64429824,0.008684523265380748
503459,55315,63500,54284,242,7,64442752,0.008684523265380748
503559,27156,21516,51725,242,7,64455552,0.008684523265380748
503644,51220,10253,7181,242,7,64466432,0.008684523265380748
503747,7188,9229,5645,242,7,64479616,0.008684523265380748
503848,38931,65036,22028,242,7,64492544,0.008684523265380748
503933,31252,8716,23564,242,7,64503424,0.008684523265380748
504018,13331,59403,2571,242,7,64514304,0.008684523265380748
33079,2049,10,8,242,7,4234112,0.008684523265380748
504219,531,34827,33804,242,7,64540032,0.008684523265380748
504423,15891,62988,27149,242,7,64566144,0.008684523265380748
504594,24084,18445,16909,242,7,64588032,0.008684523265380748
504677,1556,3597,4109,242,7,64598656,0.008684523265380748
504779,10771,43020,54285,242,7,64611712,0.008684523265380748
504872,10259,45580,47628,242,7,64623616,0.008684523265380748
504948,9235,38411,65036,242,7,64633344,0.008684523265380748
505050,2579,27147,21002,242,7,64646400,0.008684523265380748
505152,12307,26123,18444,242,7,64659456,0.008684523265380748
505242,56851,23051,17420,242,7,64670976,0.008684523265380748
505326,62483,23563,26124,242,7,64681728,0.008684523265380748
505418,40467,13323,30732,242,7,64693504,0.008684523265380748
505488,2579,25611,22028,242,7,64702464,0.008684523265380748
505605,26643,34315,21004,242,7,64717440,0.008684523265380748
505695,30227,38923,8204,242,7,64728960,0.008684523265380748
505831,41491,30219,37900,242,7,64746368,0.008684523265380748
505918,1043,25099,39948,242,7,64757504,0.008684523265380748
506024,9747,36363,18957,242,7,64771072,0.008684523265380748
506128,19,13322,36877,242,7,64784384,0.008684523265380748
506217,40467,30218,31243,242,7,64795776,0.008684523265380748
506322,6163,10762,18955,242,7,64809216,0.008684523265380748
506443,32786,57866,18955,242,7,64824704,0.008684523265380748
506516,23059,1034,22539,242,7,64834048,0.008684523265380748
506627,17427,14345,58891,242,7,64848256,0.008684523265380748
506698,28691,10249,57355,242,7,64857344,0.008684523265380748
506823,1043,16906,3595,242,7,64873344,0.008684523265380748
506912,64531,14346,48139,242,7,64884736,0.008684523265380748
506996,14867,4618,46091,242,7,64895488,0.008684523265380748
507086,25619,8202,25099,242,7,64907008,0.008684523265380748
507200,56851,12810,40970,242,7,64921600,0.008684523265380748
507305,42515,14859,5131,242,7,64935040,0.008684523265380748
507408,47123,30219,14347,243,7,64948224,0.009507267574732609
507512,15379,29195,17421,243,7,64961536,0.009507267574732609
507636,531,50187,14860,243,7,64977408,0.009507267574732609
507751,47123,45579,52236,243,7,64992128,0.009507267574732609
507823,52243,57868,1036,243,7,65001344,0.009507267574732609
507915,48659,49163,17932,243,7,65013120,0.009507267574732609
507995,12819,32779,51724,243,7,65023360,0.009507267574732609
508117,46100,1036,13324,243,7,65038976,0.009507267574732609
508183,52755,65035,65036,243,7,65047424,0.009507267574732609
508315,3091,50188,48653,243,7,65064320,0.009507267574732609
508404,48147,55307,53260,243,7,65075712,0.009507267574732609
508511,4115,27147,15372,243,7,65089408,0.009507267574732609
508622,64531,40459,27659,243,7,65103616,0.009507267574732609
508734,44051,44554,56331,243,7,65117952,0.009507267574732609
508843,50195,25610,22027,243,7,65131904,0.009507267574732609
508959,11283,25098,46603,243,7,65146752,0.009507267574732609
509076,50195,26122,45067,243,7,65161728,0.009507267574732609
509182,43539,12811,11275,243,7,65175296,0.009507267574732609
509286,62995,45579,1034,243,7,65188608,0.009507267574732609
509376,29203,30730,63499,243,7,65200128,0.009507267574732609
509506,50707,34314,47627,243,7,65216768,0.009507267574732609
509616,24083,22026,37387,243,7,65230848,0.009507267574732609
509701,56339,17930,38923,243,7,65241728,0.009507267574732609
509781,47123,30731,1035,243,7,65251968,0.009507267574732609
509878,21011,17418,26123,243,7,65264384,0.009507267574732609
509948,24083,22026,17931,243,7,65273344,0.009507267574732609
510034,56851,39435,2571,243,7,65284352,0.009507267574732609
510191,49683,15371,1548,243,7,65304448,0.009507267574732609
510297,12819,21515,5131,243,7,65318016,0.009507267574732609
510375,6163,21514,46091,243,7,65328000,0.009507267574732609
510470,59923,32778,39947,243,7,65340160,0.009507267574732609
510594,33811,27658,25610,243,7,65356032,0.009507267574732609
510718,64531,4617,55819,243,7,65371904,0.009507267574732609
510819,37907,7178,24587,243,7,65384832,0.009507267574732609
510931,53267,14345,63499,243,7,65399168,0.009507267574732609
511008,15379,28681,49675,243,7,65409024,0.009507267574732609
511091,5139,11786,5131,243,7,65419648,0.009507267574732609
511171,14867,22026,29707,243,7,65429888,0.009507267574732609
511293,51219,28682,49675,243,7,65445504,0.009507267574732609
511372,6163,21002,41483,243,7,65455616,0.009507267574732609
511485,4115,14346,31243,243,7,65470080,0.009507267574732609
511577,57363,5642,19466,243,7,65481856,0.009507267574732609
511692,55315,47626,61962,243,7,65496576,0.009507267574732609
511791,5651,16906,10251,243,7,65509248,0.009507267574732609
511895,48147,10250,25611,243,7,65522560,0.009507267574732609
511974,31250,61962,52747,243,7,65532672,0.009507267574732609
512083,64530,59402,25099,243,7,65546624,0.009507267574732609
512156,64531,1034,10250,243,7,65555968,0.009507267574732609
512257,9746,57866,18443,243,7,65568896,0.009507267574732609
512352,62994,57353,34315,243,7,65581056,0.009507267574732609
512461,1042,34825,41994,244,7,65595008,0.008775939299753177
512559,27666,55305,37899,244,7,65607552,0.008775939299753177
512641,14866,61449,40970,244,7,65618048,0.008775939299753177
512721,14866,35849,35851,244,7,65628288,0.008775939299753177
512820,57874,48137,53259,244,7,65640960,0.008775939299753177
102537,16,512,1026,244,7,13124736,0.008775939299753177
512996,54802,16905,16395,244,7,65663488,0.008775939299753177
513096,39441,59401,4618,244,7,65676288,0.008775939299753177
513207,55314,4616,50698,244,7,65690496,0.008775939299753177
513293,3602,7176,51722,244,7,65701504,0.008775939299753177
513404,10770,37385,33802,244,7,65715712,0.008775939299753177
513499,55826,24585,36874,244,7,65727872,0.008775939299753177
513587,58386,38409,59915,244,7,65739136,0.008775939299753177
513691,38418,29705,54795,244,7,65752448,0.008775939299753177
513761,37906,41481,41483,244,7,65761408,0.008775939299753177
513874,23570,51722,1546,244,7,65775872,0.008775939299753177
513978,43027,31754,50699,244,7,65789184,0.008775939299753177
514060,62483,39946,54283,244,7,65799680,0.008775939299753177
514133,49171,47627,1035,244,7,65809024,0.008775939299753177
514229,64019,56331,25099,244,7,65821312,0.008775939299753177
514323,5140,2058,56843,244,7,65833344,0.008775939299753177
514410,10259,51210,45579,244,7,65844480,0.008775939299753177
514624,19,65034,62475,244,7,65871872,0.008775939299753177
514720,39443,33291,1035,244,7,65884160,0.008775939299753177
514804,2066,48138,50699,244,7,65894912,0.008775939299753177
514902,45586,11274,25099,244,7,65907456,0.008775939299753177
515008,44050,25098,29707,244,7,65921024,0.008775939299753177
515102,60946,9737,13322,244,7,65933056,0.008775939299753177
515209,9233,44552,53258,244,7,65946752,0.008775939299753177
515317,17425,55817,6667,244,7,65960576,0.008775939299753177
515407,14866,15369,41483,244,7,65972096,0.008775939299753177
515516,10771,10,12811,244,7,65986048,0.008775939299753177
515600,28179,23050,36363,244,7,65996800,0.008775939299753177
515724,3603,14345,28170,244,7,66012672,0.008775939299753177
515819,64531,2569,53771,244,7,66024832,0.008775939299753177
515922,19987,21001,52234,244,7,66038016,0.008775939299753177
516018,55314,61961,22538,244,7,66050304,0.008775939299753177
516134,26642,51208,54794,244,7,66065152,0.008775939299753177
516230,49682,50696,38921,244,7,66077440,0.008775939299753177
516337,27154,43529,10,244,7,66091136,0.008775939299753177
516421,36370,46601,21000,244,7,66101888,0.008775939299753177
516546,9234,46601,53770,244,7,66117888,0.008775939299753177
516651,55826,2057,23562,244,7,66131328,0.008775939299753177
516725,26642,16393,37386,244,7,66140800,0.008775939299753177
516841,13330,33290,1546,244,7,66155648,0.008775939299753177
516909,6673,63497,63498,244,7,66164352,0.008775939299753177
517025,62994,38922,6666,244,7,66179200,0.008775939299753177
517108,53266,48138,28683,244,7,66189824,0.008775939299753177
517188,11283,20491,14347,244,7,66200064,0.008775939299753177
517299,20500,7181,5644,245,7,66214272,0.008684523265380748
517366,45075,61965,1549,245,7,66222848,0.008684523265380748
517489,19988,4109,1037,245,7,66238592,0.008684523265380748
517575,30740,30221,14351,245,7,66249600,0.008684523265380748
517690,4628,9740,43532,245,7,66264320,0.008684523265380748
517770,44563,65035,61964,245,7,66274560,0.008684523265380748
517878,47635,65034,35851,245,7,66288384,0.008684523265380748
517962,50707,26633,64011,245,7,66299136,0.008684523265380748
518048,11281,22538,22028,245,7,66310144,0.008684523265380748
518137,53265,57866,53772,245,7,66321536,0.008684523265380748
518244,38416,50697,1035,245,7,66335232,0.008684523265380748
518353,28176,34312,56330,245,7,66349184,0.008684523265380748
518447,25105,55818,18955,245,7,66361216,0.008684523265380748
518530,23058,53771,9739,245,7,66371840,0.008684523265380748
518644,36370,47114,62987,245,7,66386432,0.008684523265380748
518789,55826,38922,18955,245,7,66404992,0.008684523265380748
518875,55826,49673,51722,245,7,66416000,0.008684523265380748
518957,25106,38409,35851,245,7,66426496,0.008684523265380748
519083,14355,16394,57355,245,7,66442624,0.008684523265380748
519158,7698,20488,54282,245,7,66452224,0.008684523265380748
519248,36882,8712,27657,245,7,66463744,0.008684523265380748
519346,38418,37898,14347,245,7,66476288,0.008684523265380748
519447,58899,34315,52236,245,7,66489216,0.008684523265380748
519553,57875,37900,44044,245,7,66502784,0.008684523265380748
519639,28179,51724,38925,245,7,66513792,0.008684523265380748
519725,43539,2059,51724,245,7,66524800,0.008684523265380748
519812,11794,40971,34316,245,7,66535936,0.008684523265380748
519897,22035,5643,2060,245,7,66546816,0.008684523265380748
520008,24082,36874,60941,245,7,66561024,0.008684523265380748
520119,28690,54794,31756,245,7,66575232,0.008684523265380748
520233,20499,29195,33293,245,7,66589824,0.008684523265380748
520329,17426,51210,4619,245,7,66602112,0.008684523265380748
520429,43026,11786,45580,245,7,66614912,0.008684523265380748
520526,39954,45066,51212,245,7,66627328,0.008684523265380748
520621,32274,55307,15373,245,7,66639488,0.008684523265380748
520699,56851,7180,7181,245,7,66649472,0.008684523265380748
520800,5139,58381,9231,245,7,66662400,0.008684523265380748
520892,42003,57867,46092,245,7,66674176,0.008684523265380748
520986,3603,22538,59403,245,7,66686208,0.008684523265380748
521075,4114,46602,49675,245,7,66697600,0.008684523265380748
521180,28690,35850,38923,245,7,66711040,0.008684523265380748
521286,51729,16393,34827,245,7,66724608,0.008684523265380748
521380,20498,7177,61451,245,7,66736640,0.008684523265380748
521479,46610,2057,57355,245,7,66749312,0.008684523265380748
521576,31251,5643,25100,245,7,66761728,0.008684523265380748
521656,42515,45579,47116,245,7,66771968,0.008684523265380748
33557512,0,0,0,245,7,4295361536,0.008684523265380748
521862,53780,5131,48140,245,7,66798336,0.008684523265380748
521981,43029,2060,21004,245,7,66813568,0.008684523265380748
522057,7188,55819,10763,245,7,66823296,0.008684523265380748
522191,59412,61452,9740,246,7,66840448,0.009141603437242893
522280,18965,13324,17932,246,7,66851840,0.009141603437242893
522370,53269,7179,46599,246,7,66863360,0.009141603437242893
522458,26644,46090,49163,246,7,66874624,0.009141603437242893
522586,46611,65034,10,246,7,66891008,0.009141603437242893
522653,21011,38409,45066,246,7,66899584,0.009141603437242893
522745,58899,10761,27147,246,7,66911360,0.009141603437242893
522853,36880,8714,1036,246,7,66925184,0.009141603437242893
522946,37904,42505,57867,246,7,66937088,0.009141603437242893
523062,2577,26633,39431,246,7,66951936,0.009141603437242893
523185,18961,27146,33292,246,7,66967680,0.009141603437242893
523266,15378,2571,29708,246,7,66978048,0.009141603437242893
523396,29202,38924,38413,246,7,66994688,0.009141603437242893
523499,44050,57356,58893,246,7,67007872,0.009141603437242893
523595,18,43532,43023,246,7,67020160,0.009141603437242893
523696,21010,64523,59917,246,7,67033088,0.009141603437242893
523799,29714,59403,43533,246,7,67046272,0.009141603437242893
523903,60435,34828,7693,246,7,67059584,0.009141603437242893
524002,31251,49676,46605,246,7,67072256,0.009141603437242893
524100,13331,30732,2061,246,7,67084800,0.009141603437242893
524207,51731,35852,6156,246,7,67098496,0.009141603437242893
524297,17939,22538,51212,246,7,67110016,0.009141603437242893
524429,4114,13834,8203,246,7,67126912,0.009141603437242893
524519,25617,55817,47115,246,7,67138432,0.009141603437242893
524632,59920,63496,45066,246,7,67152896,0.009141603437242893
524755,10768,59400,5130,246,7,67168640,0.009141603437242893
524864,39440,47623,48650,246,7,67182592,0.009141603437242893
524960,45584,53767,43530,246,7,67194880,0.009141603437242893
525047,23568,64520,10,246,7,67206016,0.009141603437242893
525135,59921,1031,59914,246,7,67217280,0.009141603437242893
525230,11793,29192,29194,246,7,67229440,0.009141603437242893
525316,16913,58376,59402,246,7,67240448,0.009141603437242893
525439,19986,31241,32778,246,7,67256192,0.009141603437242893
525542,61970,35849,51722,246,7,67269376,0.009141603437242893
525647,57874,53770,39434,246,7,67282816,0.009141603437242893
525738,43538,45578,18955,246,7,67294464,0.009141603437242893
525852,20498,37385,34826,246,7,67309056,0.009141603437242893
525955,8210,45065,35339,246,7,67322240,0.009141603437242893
526059,1042,52233,52747,246,7,67335552,0.009141603437242893
526164,50706,61962,4107,246,7,67348992,0.009141603437242893
526237,19986,53770,22027,246,7,67358336,0.009141603437242893
526321,4115,13322,54283,246,7,67369088,0.009141603437242893
526421,44563,5130,27659,246,7,67381888,0.009141603437242893
526548,13842,53257,49163,246,7,67398144,0.009141603437242893
526647,46610,54793,18442,246,7,67410816,0.009141603437242893
526753,10259,4105,35850,246,7,67424384,0.009141603437242893
526983,52243,27146,23051,246,7,67453824,0.009141603437242893
527066,43539,60427,46604,246,7,67464448,0.009141603437242893
527159,51731,54795,41484,246,7,67476352,0.009141603437242893
527244,64531,47115,45066,247,7,67487232,0.008775939299753177
527347,65043,38923,39947,247,7,67500416,0.008775939299753177
527430,59411,16394,60426,247,7,67511040,0.008775939299753177
527537,11283,26634,38411,247,7,67524736,0.008775939299753177
527631,24083,30219,9739,247,7,67536768,0.008775939299753177
527738,24082,63498,34827,247,7,67550464,0.008775939299753177
527822,54802,54282,42507,247,7,67561216,0.008775939299753177
527941,62995,12811,31242,247,7,67576448,0.008775939299753177
528030,42515,11275,64524,247,7,67587840,0.008775939299753177
528106,31762,64011,29196,247,7,67597568,0.008775939299753177
528215,53779,11,65036,247,7,67611520,0.008775939299753177
528294,2067,10763,26124,247,7,67621632,0.008775939299753177
528369,31251,23563,6156,247,7,67631232,0.008775939299753177
528453,9747,18955,43021,247,7,67641984,0.008775939299753177
528560,43539,27147,46604,247,7,67655680,0.008775939299753177
528659,23059,24586,62986,247,7,67668352,0.008775939299753177
528761,62995,9738,45067,247,7,67681408,0.008775939299753177
528857,28691,16394,28683,247,7,67693696,0.008775939299753177
528958,15379,27658,14347,247,7,67706624,0.008775939299753177
529032,2067,7178,17931,247,7,67716096,0.008775939299753177
529133,31763,6666,12299,247,7,67729024,0.008775939299753177
529225,24595,10761,53258,247,7,67740800,0.008775939299753177
529315,33811,6665,46603,247,7,67752320,0.008775939299753177
529475,8211,17417,49675,247,7,67772800,0.008775939299753177
529585,57362,62474,7179,247,7,67786880,0.008775939299753177
529672,3602,53258,8715,247,7,67798016,0.008775939299753177
529759,31762,37385,50186,247,7,67809152,0.008775939299753177
529877,15378,46089,28682,247,7,67824256,0.008775939299753177
529968,53778,39945,7690,247,7,67835904,0.008775939299753177
530061,60946,36873,17930,247,7,67847808,0.008775939299753177
530134,43538,36361,40970,247,7,67857152,0.008775939299753177
530249,26130,57354,32779,247,7,67871872,0.008775939299753177
530334,25106,61962,47627,247,7,67882752,0.008775939299753177
530434,55314,61963,6155,247,7,67895552,0.008775939299753177
530527,42003,17419,30220,247,7,67907456,0.008775939299753177
530643,58899,10,64522,247,7,67922304,0.008775939299753177
530754,31251,1546,29195,247,7,67936512,0.008775939299753177
530859,49171,10,1546,247,7,67949952,0.008775939299753177
530949,18450,53257,35338,247,7,67961472,0.008775939299753177
531072,43538,44041,25610,247,7,67977216,0.008775939299753177
531170,36370,43529,28682,247,7,67989760,0.008775939299753177
531310,64530,31754,8202,247,7,68007680,0.008775939299753177
531409,13330,48138,19466,247,7,68020352,0.008775939299753177
531501,49170,54282,17931,247,7,68032128,0.008775939299753177
531627,3603,12809,50186,247,7,68048256,0.008775939299753177
531710,50194,58889,1546,247,7,68058880,0.008775939299753177
525416,2050,512,1032,247,7,67253248,0.008775939299753177
531906,36370,16905,10250,247,7,68083968,0.008775939299753177
532000,20498,28681,23562,247,7,68096000,0.008775939299753177
532091,38930,26121,18954,247,7,68107648,0.008775939299753177
532203,61969,57352,49162,248,7,68121984,0.009141603437242893
532300,64017,21001,5642,248,7,68134400,0.009141603437242893
532406,45073,60425,57867,248,7,68147968,0.009141603437242893
532507,4113,50697,46603,248,7,68160896,0.009141603437242893
532627,55825,62985,36874,248,7,68176256,0.009141603437242893
532733,14866,16905,57867,248,7,68189824,0.009141603437242893
532820,3090,49162,523,248,7,68200960,0.009141603437242893
532894,22034,60426,10763,248,7,68210432,0.009141603437242893
533002,530,35849,60426,248,7,68224256,0.009141603437242893
533086,62994,57866,3083,248,7,68235008,0.009141603437242893
533216,44563,3593,58891,248,7,68251648,0.009141603437242893
533298,47123,2570,3083,248,7,68262144,0.009141603437242893
533405,60947,1546,1035,248,7,68275840,0.009141603437242893
533552,58899,12810,47627,248,7,68294656,0.009141603437242893
533652,14355,2058,22538,248,7,68307456,0.009141603437242893
533741,64530,47625,49674,248,7,68318848,0.009141603437242893
533884,4114,40969,12810,248,7,68337152,0.009141603437242893
534014,10258,15369,12810,248,7,68353792,0.009141603437242893
534124,50193,64521,45578,248,7,68367872,0.009141603437242893
534221,16402,9,55818,248,7,68380288,0.009141603437242893
534334,53778,24073,37386,248,7,68394752,0.009141603437242893
534414,31250,39946,17419,248,7,68404992,0.009141603437242893
534515,28690,39945,64011,248,7,68417920,0.009141603437242893
534619,9746,54282,64011,248,7,68431232,0.009141603437242893
534703,3603,21515,24588,248,7,68441984,0.009141603437242893
534795,65043,47115,45068,248,7,68453760,0.009141603437242893
534901,40467,34828,8716,248,7,68467328,0.009141603437242893
535010,531,28682,50187,248,7,68481280,0.009141603437242893
535100,53266,61963,33803,248,7,68492800,0.009141603437242893
535193,34322,33290,25610,248,7,68504704,0.009141603437242893
535291,59922,44554,30219,248,7,68517248,0.009141603437242893
535386,18962,56330,10762,248,7,68529408,0.009141603437242893
535489,59922,51209,57866,248,7,68542592,0.009141603437242893
535594,38931,6154,23051,248,7,68556032,0.009141603437242893
535688,46610,64522,53773,248,7,68568064,0.009141603437242893
535763,14354,53258,59403,248,7,68577664,0.009141603437242893
535875,37906,54794,26635,248,7,68592000,0.009141603437242893
535951,64018,58377,16907,248,7,68601728,0.009141603437242893
536065,45586,28681,14346,248,7,68616320,0.009141603437242893
536182,64530,46601,45067,248,7,68631296,0.009141603437242893
536274,29714,53770,11275,248,7,68643072,0.009141603437242893
536373,30738,39946,6667,248,7,68655744,0.009141603437242893
536463,1554,42506,7179,248,7,68667264,0.009141603437242893
536574,60946,48138,5642,248,7,68681472,0.009141603437242893
536656,40978,43530,6666,248,7,68691968,0.009141603437242893
536758,51730,15369,46602,248,7,68705024,0.009141603437242893
536848,57874,61962,9226,248,7,68716544,0.009141603437242893
536970,51218,45578,24587,248,7,68732160,0.009141603437242893
537064,10258,46601,59914,248,7,68744192,0.009141603437242893
537161,59410,50185,65035,248,7,68756608,0.009141603437242893
537242,26643,2569,58379,249,7,68766976,0.008775939299753177
537339,65042,58377,53258,249,7,68779392,0.008775939299753177
537466,21522,59401,49674,249,7,68795648,0.008775939299753177
537571,16914,50185,36362,249,7,68809088,0.008775939299753177
537682,7186,58377,37386,249,7,68823296,0.008775939299753177
537780,7699,1545,30219,249,7,68835840,0.008775939299753177
537869,16403,9,40970,249,7,68847232,0.008775939299753177
537988,7186,56329,55306,249,7,68862464,0.008775939299753177
538083,15890,50185,45578,249,7,68874624,0.008775939299753177
538196,19987,1033,37386,249,7,68889088,0.008775939299753177
538325,3090,57353,58378,249,7,68905600,0.008775939299753177
538424,48658,46090,10250,249,7,68918272,0.008775939299753177
538514,40978,57866,39947,249,7,68929792,0.008775939299753177
538592,62482,39434,57355,249,7,68939776,0.008775939299753177
538717,24082,45578,5131,249,7,68955776,0.008775939299753177
538807,44563,10251,523,249,7,68967296,0.008775939299753177
538877,11795,7690,58891,249,7,68976256,0.008775939299753177
536835,17,514,8,249,7,68714880,0.008775939299753177
539130,44051,65036,12812,249,7,69008640,0.008775939299753177
539230,38419,42507,20491,249,7,69021440,0.008775939299753177
539323,29715,52235,39435,249,7,69033344,0.008775939299753177
539401,33299,51723,4107,249,7,69043328,0.008775939299753177
539505,3091,47114,47115,249,7,69056640,0.008775939299753177
539601,33811,43018,61451,249,7,69068928,0.008775939299753177
539697,64019,20491,24587,249,7,69081216,0.008775939299753177
539817,62995,65035,31756,249,7,69096576,0.008775939299753177
539885,21523,61964,8204,249,7,69105280,0.008775939299753177
539970,28691,48651,51213,249,7,69116160,0.008775939299753177
540087,50195,31243,29195,249,7,69131136,0.008775939299753177
540172,16404,1035,39946,249,7,69142016,0.008775939299753177
540269,14867,26122,58379,249,7,69154432,0.008775939299753177
540346,17939,2058,13322,249,7,69164288,0.008775939299753177
540438,41490,51210,15883,249,7,69176064,0.008775939299753177
540532,47635,10,50188,249,7,69188096,0.008775939299753177
540623,31251,3083,6668,249,7,69199744,0.008775939299753177
540730,46098,59914,47627,249,7,69213440,0.008775939299753177
540825,18451,2058,28683,249,7,69225600,0.008775939299753177
540950,23059,7179,25100,249,7,69241600,0.008775939299753177
541057,46099,1034,41995,249,7,69255296,0.008775939299753177
16516,2064,512,0,249,7,2114048,0.008775939299753177
541261,65042,50698,52747,249,7,69281408,0.008775939299753177
541378,23570,42505,31754,249,7,69296384,0.008775939299753177
541478,50194,40969,45067,249,7,69309184,0.008775939299753177
541553,9746,49673,60939,249,7,69318784,0.008775939299753177
541685,44050,58889,35851,249,7,69335680,0.008775939299753177
541775,49170,62474,10,249,7,69347200,0.008775939299753177
541868,32274,55306,35850,249,7,69359104,0.008775939299753177
541977,27667,7178,39435,249,7,69373056,0.008775939299753177
542064,41490,45578,522,249,7,69384192,0.008775939299753177
542158,30738,30729,61963,249,7,69396224,0.008775939299753177
542252,54290,33802,26123,250,7,69408256,0.008318859127891032
542347,62994,23562,8715,250,7,69420416,0.008318859127891032
542453,14353,41481,38411,250,7,69433984,0.008318859127891032
542531,34322,22025,60939,250,7,69443968,0.008318859127891032
542620,59411,35851,61453,250,7,69455360,0.008318859127891032
542712,49683,8715,35341,250,7,69467136,0.008318859127891032
542837,26131,27148,24589,250,7,69483136,0.008318859127891032
542904,43027,51212,64525,250,7,69491712,0.008318859127891032
543017,43539,49164,29708,250,7,69506176,0.008318859127891032
543099,21011,39436,1548,250,7,69516672,0.008318859127891032
543185,22035,65036,15372,250,7,69527680,0.008318859127891032
543276,59411,50698,45067,250,7,69539328,0.008318859127891032
543377,2067,47115,1035,250,7,69552256,0.008318859127891032
543475,34323,65035,19979,250,7,69564800,0.008318859127891032
543563,23571,46603,34316,250,7,69576064,0.008318859127891032
543635,24595,50187,33292,250,7,69585280,0.008318859127891032
543720,4627,55819,50189,250,7,69596160,0.008318859127891032
543861,22547,32779,39949,250,7,69614208,0.008318859127891032
543946,28179,26634,54795,250,7,69625088,0.008318859127891032
544037,58387,16394,30219,250,7,69636736,0.008318859127891032
544146,61970,53769,47626,250,7,69650688,0.008318859127891032
544268,31762,59913,55307,250,7,69666304,0.008318859127891032
544356,64531,10762,5131,250,7,69677568,0.008318859127891032
544471,21010,57354,27147,250,7,69692288,0.008318859127891032
544541,2577,57354,55819,250,7,69701248,0.008318859127891032
544628,60435,22026,56331,250,7,69712384,0.008318859127891032
544715,41491,4106,58379,250,7,69723520,0.008318859127891032
544816,40466,62986,56331,250,7,69736448,0.008318859127891032
544931,3603,10250,38411,250,7,69751168,0.008318859127891032
545096,2067,28684,1548,250,7,69772288,0.008318859127891032
545191,9747,10251,65036,250,7,69784448,0.008318859127891032
545272,42003,30732,13836,250,7,69794816,0.008318859127891032
545373,16915,14347,10762,250,7,69807744,0.008318859127891032
545458,46099,23050,47115,250,7,69818624,0.008318859127891032
545563,37907,28682,21003,250,7,69832064,0.008318859127891032
545641,51219,14858,1034,250,7,69842048,0.008318859127891032
545747,42514,55306,9739,250,7,69855616,0.008318859127891032
545832,52242,40970,14347,250,7,69866496,0.008318859127891032
545923,49170,36361,59915,250,7,69878144,0.008318859127891032
546039,39442,54794,23051,250,7,69892992,0.008318859127891032
546127,17426,55306,48651,250,7,69904256,0.008318859127891032
546218,44563,5130,50699,250,7,69915904,0.008318859127891032
546313,21011,43018,46091,250,7,69928064,0.008318859127891032
546391,56851,43530,35339,250,7,69938048,0.008318859127891032
546490,25619,43530,44043,250,7,69950720,0.008318859127891032
546562,15891,56842,59403,250,7,69959936,0.008318859127891032
546676,54291,50187,8714,250,7,69974528,0.008318859127891032
546765,59923,46090,48138,250,7,69985920,0.008318859127891032
546862,64019,52746,14859,250,7,69998336,0.008318859127891032
546948,58387,53770,40971,250,7,70009344,0.008318859127891032
547027,16915,39434,41483,251,7,70019456,0.008684523265380748
547127,31251,17931,1034,251,7,70032256,0.008684523265380748
547224,30227,22539,30732,251,7,70044672,0.008684523265380748
547333,52243,28683,64012,251,7,70058624,0.008684523265380748
547426,54291,65037,18957,251,7,70070528,0.008684523265380748
547552,44564,8716,14348,251,7,70086656,0.008684523265380748
547658,2068,6156,15885,251,7,70100224,0.008684523265380748
547733,49684,21004,44045,251,7,70109824,0.008684523265380748
547821,14355,65037,1548,251,7,70121088,0.008684523265380748
547908,58387,62476,30220,251,7,70132224,0.008684523265380748
548006,51220,2060,15884,251,7,70144768,0.008684523265380748
548115,13843,48139,33292,251,7,70158720,0.008684523265380748
548196,531,56332,524,251,7,70169088,0.008684523265380748
548292,25619,57356,21004,251,7,70181376,0.008684523265380748
548399,35859,56844,40973,251,7,70195072,0.008684523265380748
548475,40979,58380,6668,251,7,70204800,0.008684523265380748
548594,55827,59403,64524,251,7,70220032,0.008684523265380748
548698,63507,35339,44044,251,7,70233344,0.008684523265380748
548778,48659,27659,48140,251,7,70243584,0.008684523265380748
548874,54291,25099,14859,251,7,70255872,0.008684523265380748
548986,28691,24586,57867,251,7,70270208,0.008684523265380748
549063,1555,39946,43019,251,7,70280064,0.008684523265380748
549159,48659,15370,18955,251,7,70292352,0.008684523265380748
549243,46611,3082,25099,251,7,70303104,0.008684523265380748
549358,10771,2571,24588,251,7,70317824,0.008684523265380748
549436,46099,37899,36876,251,7,70327808,0.008684523265380748
549519,50707,19467,23564,251,7,70338432,0.008684523265380748
549596,39443,51212,38413,251,7,70348288,0.008684523265380748
549687,24083,31756,16909,251,7,70359936,0.008684523265380748
549790,13843,33803,56845,251,7,70373120,0.008684523265380748
549869,40979,30731,55308,251,7,70383232,0.008684523265380748
549978,44563,28683,4107,251,7,70397184,0.008684523265380748
550073,46611,14858,8203,251,7,70409344,0.008684523265380748
550158,4627,21001,61450,251,7,70420224,0.008684523265380748
550253,34835,1033,57355,251,7,70432384,0.008684523265380748
550376,31251,16906,26123,251,7,70448128,0.008684523265380748
550450,59411,16394,44043,251,7,70457600,0.008684523265380748
550537,531,8715,522,251,7,70468736,0.008684523265380748
550618,47635,35851,17420,251,7,70479104,0.008684523265380748
550707,64019,56843,20491,251,7,70490496,0.008684523265380748
550823,10259,26122,53259,251,7,70505344,0.008684523265380748
550909,46611,48139,13836,251,7,70516352,0.008684523265380748
551011,36371,29195,13325,251,7,70529408,0.008684523265380748
551079,47123,18442,57868,251,7,70538112,0.008684523265380748
551181,5651,43018,32267,251,7,70551168,0.008684523265380748
551286,52243,55307,41484,251,7,70564608,0.008684523265380748
551384,56339,41994,48651,251,7,70577152,0.008684523265380748
551467,21523,33291,10252,251,7,70587776,0.008684523265380748
551567,57363,45067,47628,251,7,70600576,0.008684523265380748
551657,64531,29195,33804,251,7,70612096,0.008684523265380748
551733,45075,30731,35338,252,7,70621824,0.008684523265380748
551821,9747,65036,31757,252,7,70633088,0.008684523265380748
551903,7187,59915,39948,252,7,70643584,0.008684523265380748
552026,32275,37387,59404,252,7,70659328,0.008684523265380748
552140,13843,29195,33804,252,7,70673920,0.008684523265380748
552220,61459,42507,13322,252,7,70684160,0.008684523265380748
552317,43539,43019,46092,252,7,70696576,0.008684523265380748
552437,63507,59402,62988,252,7,70711936,0.008684523265380748
552522,52755,39435,23052,252,7,70722816,0.008684523265380748
552608,16403,53771,46092,252,7,70733824,0.008684523265380748
552690,50195,43531,54284,252,7,70744320,0.008684523265380748
552786,64019,35851,26636,252,7,70756608,0.008684523265380748
552876,3603,26634,55819,252,7,70768128,0.008684523265380748
552951,26643,39434,27147,252,7,70777728,0.008684523265380748
553053,39443,21002,26635,252,7,70790784,0.008684523265380748
553132,40979,21514,28683,252,7,70800896,0.008684523265380748
553252,42003,32778,40971,252,7,70816256,0.008684523265380748
553350,47123,42506,42507,252,7,70828800,0.008684523265380748
553437,62995,46603,22028,252,7,70839936,0.008684523265380748
553541,52243,23050,43020,252,7,70853248,0.008684523265380748
553636,32275,24586,60427,252,7,70865408,0.008684523265380748
553737,47123,8714,48139,252,7,70878336,0.008684523265380748
553824,1043,34314,41483,252,7,70889472,0.008684523265380748
553944,11795,54794,54283,252,7,70904832,0.008684523265380748
554024,22547,21002,41995,252,7,70915072,0.008684523265380748
554105,10259,22026,30731,252,7,70925440,0.008684523265380748
554207,36883,16906,39947,252,7,70938496,0.008684523265380748
554303,4627,21514,34827,252,7,70950784,0.008684523265380748
554392,57363,26122,17419,252,7,70962176,0.008684523265380748
554483,13843,28682,30731,252,7,70973824,0.008684523265380748
554579,51219,14858,6667,252,7,70986112,0.008684523265380748
554704,47123,4106,23051,252,7,71002112,0.008684523265380748
554821,9235,27146,44043,252,7,71017088,0.008684523265380748
554913,35347,18442,21003,252,7,71028864,0.008684523265380748
555009,11795,16906,3083,252,7,71041152,0.008684523265380748
555122,38931,5641,59914,252,7,71055616,0.008684523265380748
555220,56851,9737,61963,252,7,71068160,0.008684523265380748
555324,32275,21514,19979,252,7,71081472,0.008684523265380748
555451,45587,4106,26635,252,7,71097728,0.008684523265380748
555545,18963,17418,12811,252,7,71109760,0.008684523265380748
555647,29203,32266,48650,252,7,71122816,0.008684523265380748
555737,25619,6666,2059,252,7,71134336,0.008684523265380748
555825,55826,57354,12811,252,7,71145600,0.008684523265380748
555916,44562,64010,33803,252,7,71157248,0.008684523265380748
556006,53779,20490,33291,252,7,71168768,0.008684523265380748
556125,49171,10762,45067,252,7,71184000,0.008684523265380748
556216,38931,21002,54283,252,7,71195648,0.008684523265380748
556344,18451,10762,49163,252,7,71212032,0.008684523265380748
556420,52755,8714,46091,252,7,71221760,0.008684523265380748
556495,37395,3082,10250,252,7,71231360,0.008684523265380748
556651,10770,48137,25098,253,7,71251328,0.00859310723100832
556741,59922,35337,12810,253,7,71262848,0.00859310723100832
556870,10770,45065,20490,253,7,71279360,0.00859310723100832
556945,28178,24585,32778,253,7,71288960,0.00859310723100832
557059,12818,11273,47626,253,7,71303552,0.00859310723100832
557167,58898,28681,41482,253,7,71317376,0.00859310723100832
557268,19986,15368,59914,253,7,71330304,0.00859310723100832
557361,57874,2569,12810,253,7,71342208,0.00859310723100832
557431,28177,53256,58378,253,7,71351168,0.00859310723100832
557521,55314,5641,12298,253,7,71362688,0.00859310723100832
557654,52242,2568,61962,253,7,71379712,0.00859310723100832
557767,43026,25097,4107,253,7,71394176,0.00859310723100832
557845,18,27145,21514,253,7,71404160,0.00859310723100832
558016,14354,54793,50699,253,7,71426048,0.00859310723100832
558110,58386,62474,6667,253,7,71438080,0.00859310723100832
558216,3091,14857,58379,253,7,71451648,0.00859310723100832
558317,16914,61449,47114,253,7,71464576,0.00859310723100832
558389,51219,12298,25099,253,7,71473792,0.00859310723100832
558482,5651,39946,45067,253,7,71485696,0.00859310723100832
558564,45075,46603,23563,253,7,71496192,0.00859310723100832
558669,7188,22539,41995,253,7,71509632,0.00859310723100832
558778,54291,50699,22027,253,7,71523584,0.00859310723100832
33283,1,8,0,253,7,4260224,0.00859310723100832
558975,14356,11,15371,253,7,71548800,0.00859310723100832
559066,42003,65034,57867,253,7,71560448,0.00859310723100832
559149,20499,57867,1547,253,7,71571072,0.00859310723100832
559255,11795,12811,1035,253,7,71584640,0.00859310723100832
559330,46610,47627,2571,253,7,71594240,0.00859310723100832
559427,29202,41995,5643,253,7,71606656,0.00859310723100832
559513,5138,34826,39947,253,7,71617664,0.00859310723100832
559603,42514,8201,30219,253,7,71629184,0.00859310723100832
559690,37906,7689,41483,253,7,71640320,0.00859310723100832
559799,14354,51722,50189,253,7,71654272,0.00859310723100832
560003,7187,48139,44044,253,7,71680384,0.00859310723100832
560098,58388,4620,25612,253,7,71692544,0.00859310723100832
560179,14867,59915,5132,253,7,71702912,0.00859310723100832
560284,55315,52746,57867,253,7,71716352,0.00859310723100832
560372,41491,51210,62987,253,7,71727616,0.00859310723100832
560462,25619,51722,47115,253,7,71739136,0.00859310723100832
560565,26131,49162,12298,253,7,71752320,0.00859310723100832
560656,47123,16905,56330,253,7,71763968,0.00859310723100832
560767,49682,47113,5130,253,7,71778176,0.00859310723100832
560885,61458,36873,33290,253,7,71793280,0.00859310723100832
560976,52242,36873,51210,253,7,71804928,0.00859310723100832
561062,65042,15880,61962,253,7,71815936,0.00859310723100832
561152,32785,5640,25610,253,7,71827456,0.00859310723100832
561262,45073,11272,16906,253,7,71841536,0.00859310723100832
561359,28689,16392,25610,253,7,71853952,0.00859310723100832
561453,14865,18440,41482,253,7,71865984,0.00859310723100832
561541,26641,51720,57866,254,7,71877248,0.009141603437242893
561639,52754,35337,42507,254,7,71889792,0.009141603437242893
561731,10770,50698,43531,254,7,71901568,0.009141603437242893
561806,38931,27659,35848,254,7,71911168,0.009141603437242893
561938,64531,33804,12812,254,7,71928064,0.009141603437242893
562023,22035,23052,35341,254,7,71938944,0.009141603437242893
562141,12307,45068,16909,254,7,71954048,0.009141603437242893
562234,35347,45579,35852,254,7,71965952,0.009141603437242893
562317,15379,31243,30732,254,7,71976576,0.009141603437242893
562413,53267,10,23563,254,7,71988864,0.009141603437242893
562513,8722,52234,41483,254,7,72001664,0.009141603437242893
562641,3601,45067,26124,254,7,72018048,0.009141603437242893
562737,16913,35850,25099,254,7,72030336,0.009141603437242893
562855,9745,51209,43531,254,7,72045440,0.009141603437242893
562936,19474,9738,6668,254,7,72055808,0.009141603437242893
563061,9746,54794,36876,254,7,72071808,0.009141603437242893
563145,9746,42506,27147,254,7,72082560,0.009141603437242893
563248,41490,35850,17931,254,7,72095744,0.009141603437242893
563362,530,45065,43019,254,7,72110336,0.009141603437242893
526404,0,512,8,254,7,67379712,0.009141603437242893
563534,58898,53769,36875,254,7,72132352,0.009141603437242893
563615,64530,39432,32778,254,7,72142720,0.009141603437242893
563747,11282,49162,10251,254,7,72159616,0.009141603437242893
563821,55315,13322,46603,254,7,72169088,0.009141603437242893
563903,59411,38411,18955,254,7,72179584,0.009141603437242893
564038,3603,29195,61452,254,7,72196864,0.009141603437242893
564141,47123,4107,14347,254,7,72210048,0.009141603437242893
564221,15378,49675,11,254,7,72220288,0.009141603437242893
564316,24595,10762,64011,254,7,72232448,0.009141603437242893
564441,3602,24586,22026,254,7,72248448,0.009141603437242893
564538,10770,48138,13835,254,7,72260864,0.009141603437242893
564639,36370,61450,13835,254,7,72273792,0.009141603437242893
564740,40466,50697,38410,254,7,72286720,0.009141603437242893
564854,60434,9737,37898,254,7,72301312,0.009141603437242893
564968,49170,45578,54796,254,7,72315904,0.009141603437242893
565101,44051,33292,10252,254,7,72332928,0.009141603437242893
565204,10259,48140,17420,254,7,72346112,0.009141603437242893
565280,43539,54795,61964,254,7,72355840,0.009141603437242893
565365,61971,19467,9228,254,7,72366720,0.009141603437242893
565442,35859,28682,55307,254,7,72376576,0.009141603437242893
565526,2578,62987,5131,254,7,72387328,0.009141603437242893
565629,1041,40970,24587,254,7,72400512,0.009141603437242893
565730,61457,39946,4107,254,7,72413440,0.009141603437242893
565814,21010,1034,10763,254,7,72424192,0.009141603437242893
565912,2578,2569,49163,254,7,72436736,0.009141603437242893
566033,65043,4618,58891,254,7,72452224,0.009141603437242893
566148,65043,21003,12813,254,7,72466944,0.009141603437242893
566248,59411,33803,53772,254,7,72479744,0.009141603437242893
566361,4116,32780,63501,254,7,72494208,0.009141603437242893
566432,39444,28683,21004,254,7,72503296,0.009141603437242893
566533,38932,29707,24076,255,7,72516224,0.008867355334125606
566632,51221,7691,54284,255,7,72528896,0.008867355334125606
566723,36373,10764,16394,255,7,72540544,0.008867355334125606
566809,21525,1036,23564,255,7,72551552,0.008867355334125606
566905,23572,53259,13835,255,7,72563840,0.008867355334125606
566981,41492,43531,523,255,7,72573568,0.008867355334125606
567061,9748,8202,14346,255,7,72583808,0.008867355334125606
567162,39955,4104,62474,255,7,72596736,0.008867355334125606
567262,46609,10249,9226,255,7,72609536,0.008867355334125606
567347,1040,38921,20491,255,7,72620416,0.008867355334125606
567422,50192,58889,54795,255,7,72630016,0.008867355334125606
567549,39441,52233,61451,255,7,72646272,0.008867355334125606
567645,57361,8714,19468,255,7,72658560,0.008867355334125606
567741,6161,13323,31757,255,7,72670848,0.008867355334125606
567840,24082,21003,59917,255,7,72683520,0.008867355334125606
567952,5650,40972,12301,255,7,72697856,0.008867355334125606
568060,7698,35341,17422,255,7,72711680,0.008867355334125606
568151,39954,46092,525,255,7,72723328,0.008867355334125606
568248,9234,61451,49165,255,7,72735744,0.008867355334125606
568342,28179,13835,58381,255,7,72747776,0.008867355334125606
568430,19475,36876,7693,255,7,72759040,0.008867355334125606
568528,5651,32779,49165,255,7,72771584,0.008867355334125606
568617,48147,27659,30220,255,7,72782976,0.008867355334125606
568733,19474,58890,50187,255,7,72797824,0.008867355334125606
568832,18450,15370,40972,255,7,72810496,0.008867355334125606
568912,36882,27146,14859,255,7,72820736,0.008867355334125606
569018,60433,10248,61962,255,7,72834304,0.008867355334125606
569127,10768,46600,7178,255,7,72848256,0.008867355334125606
569211,5648,45575,35338,255,7,72859008,0.008867355334125606
569332,22544,45063,35338,255,7,72874496,0.008867355334125606
569410,22032,47111,52234,255,7,72884480,0.008867355334125606
569502,46096,52232,1546,255,7,72896256,0.008867355334125606
569608,24592,62984,25098,255,7,72909824,0.008867355334125606
569722,56849,12296,13322,255,7,72924416,0.008867355334125606
569818,18449,40456,29194,255,7,72936704,0.008867355334125606
569971,5138,18441,12298,255,7,72956288,0.008867355334125606
570044,23058,40457,48650,255,7,72965632,0.008867355334125606
570179,62994,20490,16907,255,7,72982912,0.008867355334125606
570259,62994,29194,5131,255,7,72993152,0.008867355334125606
570349,9746,33289,45578,255,7,73004672,0.008867355334125606
570434,49170,18441,1034,255,7,73015552,0.008867355334125606
570535,8210,34825,28682,255,7,73028480,0.008867355334125606
570634,60434,38410,5131,255,7,73041152,0.008867355334125606
570750,27154,37385,62474,255,7,73056000,0.008867355334125606
570860,44050,51210,522,255,7,73070080,0.008867355334125606
570975,40466,59402,40459,255,7,73084800,0.008867355334125606
571064,19987,5130,16907,255,7,73096192,0.008867355334125606
571167,37394,56842,30219,255,7,73109376,0.008867355334125606
571275,4114,63498,44043,255,7,73123200,0.008867355334125606
571358,8723,12298,26635,255,7,73133824,0.008867355334125606
571455,51219,25098,36875,256,7,73146240,0.008684523265380748
571537,34835,64523,31244,256,7,73156736,0.008684523265380748
571648,50707,58379,22029,256,7,73170944,0.008684523265380748
571720,15891,55819,38412,256,7,73180160,0.008684523265380748
571845,32275,53772,15884,256,7,73196160,0.008684523265380748
571937,5139,45579,42507,256,7,73207936,0.008684523265380748
572026,43027,39947,14859,256,7,73219328,0.008684523265380748
572129,11283,27147,43019,256,7,73232512,0.008684523265380748
572249,11283,7178,47627,256,7,73247872,0.008684523265380748
572322,47635,6666,51723,256,7,73257216,0.008684523265380748
572433,46611,15370,54283,256,7,73271424,0.008684523265380748
572517,30226,58890,24075,256,7,73282176,0.008684523265380748
538640,2064,522,0,256,7,68945920,0.008684523265380748
572759,43539,5642,40971,256,7,73313152,0.008684523265380748
572863,33298,62474,42507,256,7,73326464,0.008684523265380748
572975,19986,55818,36875,256,7,73340800,0.008684523265380748
573095,21010,37897,47626,256,7,73356160,0.008684523265380748
573245,22546,22024,62986,256,7,73375360,0.008684523265380748
573352,30738,33801,23562,256,7,73389056,0.008684523265380748
573432,1554,32265,33802,256,7,73399296,0.008684523265380748
66,2064,9,8,256,7,8448,0.008684523265380748
573638,2578,21513,11786,256,7,73425664,0.008684523265380748
573728,47122,31240,64010,256,7,73437184,0.008684523265380748
573813,55826,45065,7178,256,7,73448064,0.008684523265380748
573908,1042,46089,10250,256,7,73460224,0.008684523265380748
573995,63506,50185,51722,256,7,73471360,0.008684523265380748
574096,10258,59913,59402,256,7,73484288,0.008684523265380748
574224,33298,17929,16393,256,7,73500672,0.008684523265380748
574331,2066,6664,33803,256,7,73514368,0.008684523265380748
574409,22546,22536,28682,256,7,73524352,0.008684523265380748
574522,57874,18441,14858,256,7,73538816,0.008684523265380748
574614,48658,49673,62986,256,7,73550592,0.008684523265380748
574709,41491,522,36875,256,7,73562752,0.008684523265380748
574814,17938,55819,6155,256,7,73576192,0.008684523265380748
574917,4114,62474,64011,256,7,73589376,0.008684523265380748
575003,64531,522,32779,256,7,73600384,0.008684523265380748
575093,58386,58890,10251,256,7,73611904,0.008684523265380748
575173,20498,45577,59402,256,7,73622144,0.008684523265380748
575265,15890,48138,7178,256,7,73633920,0.008684523265380748
575364,18962,55305,57867,256,7,73646592,0.008684523265380748
575439,33298,56330,8202,256,7,73656192,0.008684523265380748
575547,24083,4106,5130,256,7,73670016,0.008684523265380748
575667,8210,61962,22539,256,7,73685376,0.008684523265380748
575766,38418,37386,19467,256,7,73698048,0.008684523265380748
575868,50194,47625,39434,256,7,73711104,0.008684523265380748
575950,49682,45065,33802,256,7,73721600,0.008684523265380748
576039,48146,24584,57866,256,7,73732992,0.008684523265380748
576152,52754,15369,13834,256,7,73747456,0.008684523265380748
576237,34322,11273,47114,256,7,73758336,0.008684523265380748
576329,23570,16905,48139,256,7,73770112,0.008684523265380748
576490,21522,10761,51210,257,7,73790720,0.008867355334125606
576566,62994,18954,522,257,7,73800448,0.008867355334125606
576659,49170,36874,3083,257,7,73812352,0.008867355334125606
576768,39442,31242,25099,257,7,73826304,0.008867355334125606
576880,53266,37898,43531,257,7,73840640,0.008867355334125606
576963,34322,48650,50699,257,7,73851264,0.008867355334125606
577058,18962,41994,9227,257,7,73863424,0.008867355334125606
577143,35858,42506,6154,257,7,73874304,0.008867355334125606
577237,530,44553,56331,257,7,73886336,0.008867355334125606
577331,37906,37386,6667,257,7,73898368,0.008867355334125606
577421,1042,58378,31243,257,7,73909888,0.008867355334125606
577527,1555,9738,49675,257,7,73923456,0.008867355334125606
577637,26130,64010,32267,257,7,73937536,0.008867355334125606
577745,23571,10762,57867,257,7,73951360,0.008867355334125606
577852,11794,45578,22539,257,7,73965056,0.008867355334125606
577940,51730,40969,54794,257,7,73976320,0.008867355334125606
578033,58386,8713,29706,257,7,73988224,0.008867355334125606
578196,50706,23561,11274,257,7,74009088,0.008867355334125606
578295,43026,35849,50187,257,7,74021760,0.008867355334125606
578392,4114,14857,37899,257,7,74034176,0.008867355334125606
578469,17938,14857,53771,257,7,74044032,0.008867355334125606
578572,17938,44042,11275,257,7,74057216,0.008867355334125606
578672,7698,55818,17931,257,7,74070016,0.008867355334125606
578772,61459,7690,60429,257,7,74082816,0.008867355334125606
578862,18450,64010,41995,257,7,74094336,0.008867355334125606
578954,12307,522,31754,257,7,74106112,0.008867355334125606
579088,9235,10,56331,257,7,74123264,0.008867355334125606
579191,39954,44042,10250,257,7,74136448,0.008867355334125606
579284,35858,53769,32778,257,7,74148352,0.008867355334125606
579384,42003,6154,3083,257,7,74161152,0.008867355334125606
579497,27154,57865,62987,257,7,74175616,0.008867355334125606
579612,39954,62474,25099,257,7,74190336,0.008867355334125606
579722,40466,57354,27659,257,7,74204416,0.008867355334125606
579819,4626,58377,54794,257,7,74216832,0.008867355334125606
579892,23570,38921,26634,257,7,74226176,0.008867355334125606
580010,27666,12808,61962,257,7,74241280,0.008867355334125606
580094,60434,26121,4106,257,7,74252032,0.008867355334125606
580181,59410,19465,14346,257,7,74263168,0.008867355334125606
580297,35858,521,7178,257,7,74278016,0.008867355334125606
580374,64018,2569,6154,257,7,74287872,0.008867355334125606
573712,2048,9,1024,257,7,73435136,0.008867355334125606
580577,26642,10249,18954,257,7,74313856,0.008867355334125606
580713,5650,32778,2571,257,7,74331264,0.008867355334125606
580814,52242,50698,23563,257,7,74344192,0.008867355334125606
580926,27154,34825,59915,257,7,74358528,0.008867355334125606
581006,25618,29705,51723,257,7,74368768,0.008867355334125606
581095,53778,50697,63499,257,7,74380160,0.008867355334125606
581177,31762,53258,21003,257,7,74390656,0.008867355334125606
581283,61970,47626,30219,257,7,74404224,0.008867355334125606
581372,60434,57866,15882,257,7,74415616,0.008867355334125606
581482,11794,53257,34314,258,7,74429696,0.00859310723100832
581583,3090,57865,35338,258,7,74442624,0.00859310723100832
581675,44050,51721,38411,258,7,74454400,0.00859310723100832
581794,22034,54793,57354,258,7,74469632,0.00859310723100832
581907,50194,53258,4618,258,7,74484096,0.00859310723100832
582004,13843,2570,18954,258,7,74496512,0.00859310723100832
582090,3091,5642,14858,258,7,74507520,0.00859310723100832
582202,65042,62986,2571,258,7,74521856,0.00859310723100832
582275,40467,4106,45067,258,7,74531200,0.00859310723100832
582364,6675,2058,63499,258,7,74542592,0.00859310723100832
582452,58899,8715,16395,258,7,74553856,0.00859310723100832
582574,11283,35339,21003,258,7,74569472,0.00859310723100832
582655,44563,33292,18445,258,7,74579840,0.00859310723100832
582812,52755,37899,52236,258,7,74599936,0.00859310723100832
582892,57364,2060,8716,258,7,74610176,0.00859310723100832
582985,3604,2572,10,258,7,74622080,0.00859310723100832
583139,33812,7691,55820,258,7,74641792,0.00859310723100832
583235,41492,17933,61453,258,7,74654080,0.00859310723100832
583344,34835,65036,27149,258,7,74668032,0.00859310723100832
583446,8724,29709,525,258,7,74681088,0.00859310723100832
583540,22036,18957,8205,258,7,74693120,0.00859310723100832
583615,30740,24588,25612,258,7,74702720,0.00859310723100832
583719,23571,60427,18443,258,7,74716032,0.00859310723100832
583808,54291,58379,41483,258,7,74727424,0.00859310723100832
583906,62483,53771,54796,258,7,74739968,0.00859310723100832
584005,29715,46603,22539,258,7,74752640,0.00859310723100832
584106,45586,46602,27659,258,7,74765568,0.00859310723100832
584218,55827,4618,52234,258,7,74779904,0.00859310723100832
584333,14355,15883,34316,258,7,74794624,0.00859310723100832
584448,62482,54282,8715,258,7,74809344,0.00859310723100832
584548,38931,7178,21515,258,7,74822144,0.00859310723100832
584628,52755,18442,38923,258,7,74832384,0.00859310723100832
584733,2066,45578,29195,258,7,74845824,0.00859310723100832
584832,34835,1546,12811,258,7,74858496,0.00859310723100832
584922,60435,9226,17419,258,7,74870016,0.00859310723100832
585015,24082,55306,1035,258,7,74881920,0.00859310723100832
585108,64018,36873,62986,258,7,74893824,0.00859310723100832
585204,56851,522,5642,258,7,74906112,0.00859310723100832
585292,531,13834,12299,258,7,74917376,0.00859310723100832
585375,49683,45578,35851,258,7,74928000,0.00859310723100832
585466,36883,22537,53259,258,7,74939648,0.00859310723100832
585555,17939,9737,57866,258,7,74951040,0.00859310723100832
585629,56851,10762,40971,258,7,74960512,0.00859310723100832
585713,53779,14859,10251,258,7,74971264,0.00859310723100832
585859,10258,47114,13323,258,7,74989952,0.00859310723100832
585940,24594,58378,13835,258,7,75000320,0.00859310723100832
586032,27154,11273,64011,258,7,75012096,0.00859310723100832
586156,12817,11274,28684,258,7,75027968,0.00859310723100832
586248,44562,5642,30218,258,7,75039744,0.00859310723100832
586339,12306,17418,57356,258,7,75051392,0.00859310723100832
586430,41490,63501,8717,259,7,75063040,0.008867355334125606
586521,21011,18956,9229,259,7,75074688,0.008867355334125606
586605,53779,16907,53773,259,7,75085440,0.008867355334125606
586718,40467,25611,31244,259,7,75099904,0.008867355334125606
586825,55827,35851,40972,259,7,75113600,0.008867355334125606
586920,37395,62475,21004,259,7,75125760,0.008867355334125606
587028,38932,9739,17932,259,7,75139584,0.008867355334125606
587144,29203,51210,38411,259,7,75154432,0.008867355334125606
587233,43540,2059,26124,259,7,75165824,0.008867355334125606
587336,32276,5644,12813,259,7,75179008,0.008867355334125606
537088,2065,512,1032,259,7,68747264,0.008867355334125606
587599,42003,48139,37387,259,7,75212672,0.008867355334125606
587679,9747,26122,32779,259,7,75222912,0.008867355334125606
587759,32275,1546,27147,259,7,75233152,0.008867355334125606
587929,30739,21002,14346,259,7,75254912,0.008867355334125606
588048,2067,26123,523,259,7,75270144,0.008867355334125606
588129,60435,18954,25099,259,7,75280512,0.008867355334125606
588232,61459,4618,8203,259,7,75293696,0.008867355334125606
588320,24595,4106,54283,259,7,75304960,0.008867355334125606
588395,19986,59403,31244,259,7,75314560,0.008867355334125606
588522,46098,64523,24588,259,7,75330816,0.008867355334125606
588634,17939,1035,36364,259,7,75345152,0.008867355334125606
588734,3091,1547,17420,259,7,75357952,0.008867355334125606
588852,39443,12299,43020,259,7,75373056,0.008867355334125606
588943,33299,22027,23564,259,7,75384704,0.008867355334125606
589035,54291,26122,51211,259,7,75396480,0.008867355334125606
589175,53779,44042,18955,259,7,75414400,0.008867355334125606
589264,5651,23049,35338,259,7,75425792,0.008867355334125606
589380,15379,1546,4618,259,7,75440640,0.008867355334125606
589446,26131,13322,35339,259,7,75449088,0.008867355334125606
589544,42003,29706,62475,259,7,75461632,0.008867355334125606
589637,49683,8714,56331,259,7,75473536,0.008867355334125606
589719,4115,28683,2571,259,7,75484032,0.008867355334125606
589812,8211,30730,34315,259,7,75495936,0.008867355334125606
589909,23059,40459,19468,259,7,75508352,0.008867355334125606
590006,45075,42507,55820,259,7,75520768,0.008867355334125606
590088,44563,49675,46092,259,7,75531264,0.008867355334125606
590198,23059,46603,14860,259,7,75545344,0.008867355334125606
590292,11283,50699,17419,259,7,75557376,0.008867355334125606
590402,61971,40458,49675,259,7,75571456,0.008867355334125606
590513,53267,22026,35338,259,7,75585664,0.008867355334125606
590601,6163,25098,61451,259,7,75596928,0.008867355334125606
590703,2579,30219,24586,259,7,75609984,0.008867355334125606
590814,2067,38411,26125,259,7,75624192,0.008867355334125606
590908,41491,45067,15373,259,7,75636224,0.008867355334125606
591013,29715,30219,62988,259,7,75649664,0.008867355334125606
591139,35859,47628,15373,259,7,75665792,0.008867355334125606
591244,12819,64524,2061,259,7,75679232,0.008867355334125606
591327,27668,12,43020,259,7,75689856,0.008867355334125606
591405,50708,12,3084,259,7,75699840,0.008867355334125606
591490,52243,54795,62476,260,7,75710720,0.009050187402870464
591639,43540,8204,4620,260,7,75729792,0.009050187402870464
591718,44563,56332,3596,260,7,75739904,0.009050187402870464
591823,12307,54283,65036,260,7,75753344,0.009050187402870464
591891,55828,13836,31757,260,7,75762048,0.009050187402870464
591990,5651,53771,50701,260,7,75774720,0.009050187402870464
592073,21523,52748,7692,260,7,75785344,0.009050187402870464
592165,33299,38412,24076,260,7,75797120,0.009050187402870464
592251,12819,45579,52747,260,7,75808128,0.009050187402870464
592352,29715,45067,523,260,7,75821056,0.009050187402870464
592459,18963,23050,47115,260,7,75834752,0.009050187402870464
592561,58387,17930,20491,260,7,75847808,0.009050187402870464
592657,8211,39434,41483,260,7,75860096,0.009050187402870464
592746,8723,22026,63499,260,7,75871488,0.009050187402870464
592870,26131,32778,57867,260,7,75887360,0.009050187402870464
592950,31763,14859,523,260,7,75897600,0.009050187402870464
593072,36371,19466,50186,260,7,75913216,0.009050187402870464
593171,8723,26635,6155,260,7,75925888,0.009050187402870464
593264,26131,9227,21002,260,7,75937792,0.009050187402870464
593415,60947,29707,16396,260,7,75957120,0.009050187402870464
593530,33299,50699,30732,260,7,75971840,0.009050187402870464
593715,4115,6666,23051,260,7,75995520,0.009050187402870464
593820,42515,21514,31755,260,7,76008960,0.009050187402870464
593914,28179,6154,23051,260,7,76020992,0.009050187402870464
593985,32275,4618,27659,260,7,76030080,0.009050187402870464
594132,17427,21514,54795,260,7,76048896,0.009050187402870464
594235,53267,17931,4619,260,7,76062080,0.009050187402870464
594337,47123,24075,38412,260,7,76075136,0.009050187402870464
594430,61459,34315,32780,260,7,76087040,0.009050187402870464
594507,24595,40459,8204,260,7,76096896,0.009050187402870464
594601,36883,34827,16396,260,7,76108928,0.009050187402870464
594691,19987,41995,524,260,7,76120448,0.009050187402870464
594807,45587,27658,61452,260,7,76135296,0.009050187402870464
594892,52755,28683,33804,260,7,76146176,0.009050187402870464
524320,2,1,3,260,7,67112960,0.009050187402870464
595084,47635,35851,5131,260,7,76170752,0.009050187402870464
595200,26131,45067,9739,260,7,76185600,0.009050187402870464
595279,26643,25610,55818,260,7,76195712,0.009050187402870464
595385,31251,25611,523,260,7,76209280,0.009050187402870464
595476,6675,19978,64011,260,7,76220928,0.009050187402870464
595576,59923,47627,8203,260,7,76233728,0.009050187402870464
595676,5139,37387,49676,260,7,76246528,0.009050187402870464
595780,42003,46091,17420,260,7,76259840,0.009050187402870464
595884,36883,24587,10764,260,7,76273152,0.009050187402870464
595979,60435,16395,22540,260,7,76285312,0.009050187402870464
596094,56851,44043,4107,260,7,76300032,0.009050187402870464
596166,5139,40459,20492,260,7,76309248,0.009050187402870464
596262,61459,45580,4620,260,7,76321536,0.009050187402870464
596394,22547,46091,34316,260,7,76338432,0.009050187402870464
596465,531,35339,32780,261,7,76347520,0.00859310723100832
596544,33811,30731,48139,261,7,76357632,0.00859310723100832
596630,11795,34826,35851,261,7,76368640,0.00859310723100832
596724,24595,35850,31756,261,7,76380672,0.00859310723100832
596818,43027,17419,12811,261,7,76392704,0.00859310723100832
596907,7187,25098,52235,261,7,76404096,0.00859310723100832
596984,15379,35338,52235,261,7,76413952,0.00859310723100832
597067,7699,13834,60427,261,7,76424576,0.00859310723100832
597141,38931,13835,4106,261,7,76434048,0.00859310723100832
597235,35347,35850,53259,261,7,76446080,0.00859310723100832
597348,27155,21002,32779,261,7,76460544,0.00859310723100832
597424,46611,18442,25611,261,7,76470272,0.00859310723100832
597536,2067,2058,34315,261,7,76484608,0.00859310723100832
597619,37907,8202,27659,261,7,76495232,0.00859310723100832
597741,7187,9,54794,261,7,76510848,0.00859310723100832
597840,46099,15369,46091,261,7,76523520,0.00859310723100832
597920,60947,11786,21003,261,7,76533760,0.00859310723100832
598027,1043,17418,9739,261,7,76547456,0.00859310723100832
598111,57875,19466,17931,261,7,76558208,0.00859310723100832
598225,36883,1546,17419,261,7,76572800,0.00859310723100832
598328,44562,55818,6667,261,7,76585984,0.00859310723100832
598428,44563,9738,3083,261,7,76598784,0.00859310723100832
598506,51219,41994,8203,261,7,76608768,0.00859310723100832
598589,47635,8714,15883,261,7,76619392,0.00859310723100832
598689,63507,27146,53771,261,7,76632192,0.00859310723100832
598779,33299,12810,17419,261,7,76643712,0.00859310723100832
598924,43026,56329,57354,261,7,76662272,0.00859310723100832
598995,34835,8201,50187,261,7,76671360,0.00859310723100832
599076,23059,9737,62987,261,7,76681728,0.00859310723100832
599187,54291,17930,24075,261,7,76695936,0.00859310723100832
599287,37394,62986,30731,261,7,76708736,0.00859310723100832
599375,59411,22026,34827,261,7,76720000,0.00859310723100832
599452,12819,21002,12298,261,7,76729856,0.00859310723100832
599588,22547,13834,20490,261,7,76747264,0.00859310723100832
599663,14355,21514,13322,261,7,76756864,0.00859310723100832
599762,19,20490,27146,261,7,76769536,0.00859310723100832
599867,23570,59401,61451,261,7,76782976,0.00859310723100832
599954,20498,61449,49675,261,7,76794112,0.00859310723100832
600031,16915,1545,31754,261,7,76803968,0.00859310723100832
600112,55315,9,28683,261,7,76814336,0.00859310723100832
600224,27666,52745,31242,261,7,76828672,0.00859310723100832
600321,22546,33801,39946,261,7,76841088,0.00859310723100832
600428,54290,32265,18442,261,7,76854784,0.00859310723100832
600521,21010,9225,8714,261,7,76866688,0.00859310723100832
600626,8210,24585,15370,261,7,76880128,0.00859310723100832
600712,44562,31753,10762,261,7,76891136,0.00859310723100832
600812,42002,6153,22538,261,7,76903936,0.00859310723100832
600902,44562,22025,45066,261,7,76915456,0.00859310723100832
601019,33810,12809,22026,261,7,76930432,0.00859310723100832
601115,6674,6665,2570,261,7,76942720,0.00859310723100832
601213,4626,15369,5130,262,7,76955264,0.008684523265380748
601309,33298,23049,522,262,7,76967552,0.008684523265380748
601420,13842,20489,38410,262,7,76981760,0.008684523265380748
601495,12818,18441,41995,262,7,76991360,0.008684523265380748
601574,13842,32777,49162,262,7,77001472,0.008684523265380748
601682,4114,43529,39435,262,7,77015296,0.008684523265380748
601782,2578,54281,37898,262,7,77028096,0.008684523265380748
601878,50706,56841,47114,262,7,77040384,0.008684523265380748
601970,8211,8714,13835,262,7,77052160,0.008684523265380748
602069,35347,1034,36875,262,7,77064832,0.008684523265380748
602168,18451,6154,45067,262,7,77077504,0.008684523265380748
602255,43027,28682,49163,262,7,77088640,0.008684523265380748
602358,27667,53259,10250,262,7,77101824,0.008684523265380748
602434,5139,52234,56331,262,7,77111552,0.008684523265380748
602534,56339,39434,44041,262,7,77124352,0.008684523265380748
602624,14355,42506,53771,262,7,77135872,0.008684523265380748
602709,55315,32778,58379,262,7,77146752,0.008684523265380748
602820,23059,37386,54795,262,7,77160960,0.008684523265380748
602914,47123,21002,45579,262,7,77172992,0.008684523265380748
603004,64530,62986,34827,262,7,77184512,0.008684523265380748
603096,41490,40971,523,262,7,77196288,0.008684523265380748
603184,1554,42506,57355,262,7,77207552,0.008684523265380748
603305,2065,59401,62987,262,7,77223040,0.008684523265380748
603419,11281,33801,16906,262,7,77237632,0.008684523265380748
603493,23058,13833,54285,262,7,77247104,0.008684523265380748
603602,27667,17419,4108,262,7,77261056,0.008684523265380748
603702,7699,49163,46092,262,7,77273856,0.008684523265380748
603818,55827,33291,20492,262,7,77288704,0.008684523265380748
603933,23059,47115,39436,262,7,77303424,0.008684523265380748
604019,57363,65036,4620,262,7,77314432,0.008684523265380748
604134,27667,50186,27147,262,7,77329152,0.008684523265380748
604229,57875,23562,9739,262,7,77341312,0.008684523265380748
604312,2579,25609,64010,262,7,77351936,0.008684523265380748
604408,28690,61961,41483,262,7,77364224,0.008684523265380748
604530,26131,6665,29706,262,7,77379840,0.008684523265380748
604633,31250,46600,64522,262,7,77393024,0.008684523265380748
604708,5138,11272,47626,262,7,77402624,0.008684523265380748
604805,42513,37385,16906,262,7,77415040,0.008684523265380748
604888,37393,26121,5642,262,7,77425664,0.008684523265380748
604982,35345,34824,63498,262,7,77437696,0.008684523265380748
605061,51217,24072,57866,262,7,77447808,0.008684523265380748
605141,25617,64521,9225,262,7,77458048,0.008684523265380748
605229,52754,18953,65035,262,7,77469312,0.008684523265380748
605320,48146,45578,26123,262,7,77480960,0.008684523265380748
605418,35346,47627,45580,262,7,77493504,0.008684523265380748
605539,44051,33804,47629,262,7,77508992,0.008684523265380748
605605,12819,33804,33805,262,7,77517440,0.008684523265380748
605681,22035,41484,24589,262,7,77527168,0.008684523265380748
605805,5652,22541,14349,262,7,77543040,0.008684523265380748
605889,41492,12299,59404,262,7,77553792,0.008684523265380748
606000,46611,57355,22027,263,7,77568000,0.008958771368498035
606080,15379,26123,17421,263,7,77578240,0.008958771368498035
606203,1043,17931,32778,263,7,77593984,0.008958771368498035
606275,43026,53771,1036,263,7,77603200,0.008958771368498035
606380,16913,44041,39947,263,7,77616640,0.008958771368498035
606500,61457,50697,26123,263,7,77632000,0.008958771368498035
606592,30738,16393,57355,263,7,77643776,0.008958771368498035
606695,5138,31753,60427,263,7,77656960,0.008958771368498035
606790,6162,28681,44043,263,7,77669120,0.008958771368498035
606877,30226,21001,42507,263,7,77680256,0.008958771368498035
606961,35858,33801,28170,263,7,77691008,0.008958771368498035
607064,11282,25609,40971,263,7,77704192,0.008958771368498035
607151,50194,35338,5131,263,7,77715328,0.008958771368498035
607256,8210,28681,41482,263,7,77728768,0.008958771368498035
607470,13842,24585,22539,263,7,77756160,0.008958771368498035
607571,59411,9226,5131,263,7,77769088,0.008958771368498035
607669,46099,12810,54283,263,7,77781632,0.008958771368498035
607770,39955,6155,2571,263,7,77794560,0.008958771368498035
607849,47122,61963,6155,263,7,77804672,0.008958771368498035
607957,42003,10762,31242,263,7,77818496,0.008958771368498035
608063,13843,30730,4618,263,7,77832064,0.008958771368498035
608166,22546,59913,46603,263,7,77845248,0.008958771368498035
608243,18963,521,62987,263,7,77855104,0.008958771368498035
608350,6162,46090,9227,263,7,77868800,0.008958771368498035
608462,17938,41481,51722,263,7,77883136,0.008958771368498035
608542,7185,65034,523,263,7,77893376,0.008958771368498035
608645,19986,45067,18956,263,7,77906560,0.008958771368498035
608741,50194,48650,58892,263,7,77918848,0.008958771368498035
608827,33298,56331,50188,263,7,77929856,0.008958771368498035
608942,46099,22028,18957,263,7,77944576,0.008958771368498035
609037,19987,15883,46604,263,7,77956736,0.008958771368498035
609108,12306,64522,62475,263,7,77965824,0.008958771368498035
609193,6674,48138,39435,263,7,77976704,0.008958771368498035
609311,8210,9737,39435,263,7,77991808,0.008958771368498035
609396,45073,35849,45067,263,7,78002688,0.008958771368498035
609478,60433,29193,59403,263,7,78013184,0.008958771368498035
609602,37906,21002,21003,263,7,78029056,0.008958771368498035
609710,1042,30731,10252,263,7,78042880,0.008958771368498035
609803,7699,14859,65037,263,7,78054784,0.008958771368498035
609920,11795,33291,27660,263,7,78069760,0.008958771368498035
609986,20499,58379,9228,263,7,78078208,0.008958771368498035
610129,27155,51723,16909,263,7,78096512,0.008958771368498035
610218,45588,11,36876,263,7,78107904,0.008958771368498035
610288,23060,39435,55308,263,7,78116864,0.008958771368498035
610414,2580,18442,28683,263,7,78132992,0.008958771368498035
610587,23060,3082,28682,263,7,78155136,0.008958771368498035
610711,58388,12299,28171,263,7,78171008,0.008958771368498035
610778,53267,48138,30218,263,7,78179584,0.008958771368498035
610900,33810,46089,522,264,7,78195200,0.008958771368498035
611013,60432,37896,58890,264,7,78209664,0.008958771368498035
611086,39441,24585,17418,264,7,78219008,0.008958771368498035
611218,9233,37897,37386,264,7,78235904,0.008958771368498035
611321,38416,54793,63499,264,7,78249088,0.008958771368498035
611484,5138,33803,51212,264,7,78269952,0.008958771368498035
611552,530,43531,50700,264,7,78278656,0.008958771368498035
611653,26642,29195,50189,264,7,78291584,0.008958771368498035
611754,51730,51723,51212,264,7,78304512,0.008958771368498035
611838,5651,8716,13,264,7,78315264,0.008958771368498035
611938,1042,64523,61965,264,7,78328064,0.008958771368498035
612036,22035,29196,45581,264,7,78340608,0.008958771368498035
612124,49683,36875,59404,264,7,78351872,0.008958771368498035
612206,10259,9227,10765,264,7,78362368,0.008958771368498035
612356,7186,38923,18956,264,7,78381568,0.008958771368498035
612433,46098,30731,13322,264,7,78391424,0.008958771368498035
612536,58897,64522,17931,264,7,78404608,0.008958771368498035
612648,6673,55305,31755,264,7,78418944,0.008958771368498035
612755,8209,45576,56842,264,7,78432640,0.008958771368498035
612846,9233,25096,29704,264,7,78444288,0.008958771368498035
612942,11280,49672,14858,264,7,78456576,0.008958771368498035
613094,19472,61959,58890,264,7,78476032,0.008958771368498035
613175,40976,59911,57866,264,7,78486400,0.008958771368498035
613264,47121,4615,43017,264,7,78497792,0.008958771368498035
613375,62481,7,56842,264,7,78512000,0.008958771368498035
613453,7697,35336,2058,264,7,78521984,0.008958771368498035
613545,30225,52232,37387,264,7,78533760,0.008958771368498035
613651,21010,4105,6664,264,7,78547328,0.008958771368498035
613749,27666,43017,38922,264,7,78559872,0.008958771368498035
614014,49682,53258,13322,264,7,78593792,0.008958771368498035
614091,44050,54281,65034,264,7,78603648,0.008958771368498035
614197,18962,39433,30730,264,7,78617216,0.008958771368498035
614300,2578,53257,50186,264,7,78630400,0.008958771368498035
614372,25107,5130,27147,264,7,78639616,0.008958771368498035
614478,24083,27658,4107,264,7,78653184,0.008958771368498035
614567,44051,33290,38411,264,7,78664576,0.008958771368498035
614695,6163,58379,26635,264,7,78680960,0.008958771368498035
614784,6163,59403,17419,264,7,78692352,0.008958771368498035
614889,29203,64523,52235,264,7,78705792,0.008958771368498035
65578,2,514,1,264,7,8393984,0.008958771368498035
615062,16915,45578,61963,264,7,78727936,0.008958771368498035
615170,65043,65035,30731,264,7,78741760,0.008958771368498035
615268,9747,47115,25099,264,7,78754304,0.008958771368498035
615349,44563,41483,6155,264,7,78764672,0.008958771368498035
615552,16403,42507,36875,264,7,78790656,0.008958771368498035
615649,24595,51211,10251,264,7,78803072,0.008958771368498035
615734,32275,18443,30731,264,7,78813952,0.008958771368498035
615838,17939,26123,30731,264,7,78827264,0.008958771368498035
615913,36371,25099,4619,265,7,78836864,0.008775939299753177
616006,44563,12299,2571,265,7,78848768,0.008775939299753177
616113,57363,40972,6668,265,7,78862464,0.008775939299753177
616214,36883,31755,37386,265,7,78875392,0.008775939299753177
616323,30739,23562,61962,265,7,78889344,0.008775939299753177
616405,38419,3082,31754,265,7,78899840,0.008775939299753177
2048,18,514,8,265,7,262144,0.008775939299753177
616598,56338,26121,10248,265,7,78924544,0.008775939299753177
616693,35346,32776,51723,265,7,78936704,0.008775939299753177
616775,12306,29705,9225,265,7,78947200,0.008775939299753177
616863,52754,45065,44554,265,7,78958464,0.008775939299753177
616977,18451,2570,20490,265,7,78973056,0.008775939299753177
617092,2066,29193,48138,265,7,78987776,0.008775939299753177
617176,22034,17929,18954,265,7,78998528,0.008775939299753177
617286,62482,9736,44042,265,7,79012608,0.008775939299753177
617376,15377,59912,30217,265,7,79024128,0.008775939299753177
617473,55313,57864,38921,265,7,79036544,0.008775939299753177
617569,39441,64008,50699,265,7,79048832,0.008775939299753177
617679,25617,59400,46602,265,7,79062912,0.008775939299753177
617767,40977,61960,49674,265,7,79074176,0.008775939299753177
617851,13330,7176,64010,265,7,79084928,0.008775939299753177
617918,46610,15369,37898,265,7,79093504,0.008775939299753177
617994,54802,37385,58890,265,7,79103232,0.008775939299753177
618110,21010,39946,9739,265,7,79118080,0.008775939299753177
618213,9234,57354,8714,265,7,79131264,0.008775939299753177
618293,49170,55306,17419,265,7,79141504,0.008775939299753177
618406,65042,51210,5642,265,7,79155968,0.008775939299753177
618507,58898,30729,49674,265,7,79168896,0.008775939299753177
618611,60434,30218,2058,265,7,79182208,0.008775939299753177
618696,48658,22025,62474,265,7,79193088,0.008775939299753177
618787,62482,40969,54794,265,7,79204736,0.008775939299753177
618883,1554,58378,37899,265,7,79217024,0.008775939299753177
618978,64531,24586,54795,265,7,79229184,0.008775939299753177
619079,48147,30730,42507,265,7,79242112,0.008775939299753177
619169,28179,10762,44043,265,7,79253632,0.008775939299753177
619290,25107,5129,51210,265,7,79269120,0.008775939299753177
619380,46610,42505,12299,265,7,79280640,0.008775939299753177
619483,13842,17928,52234,265,7,79293824,0.008775939299753177
619556,29714,18441,8203,265,7,79303168,0.008775939299753177
619660,48658,4105,17418,265,7,79316480,0.008775939299753177
619849,12818,18953,49162,265,7,79340672,0.008775939299753177
619948,26642,23049,50187,265,7,79353344,0.008775939299753177
620054,62994,48138,54283,265,7,79366912,0.008775939299753177
620161,33810,58378,50699,265,7,79380608,0.008775939299753177
620282,62994,49162,44043,265,7,79396096,0.008775939299753177
620372,15378,36874,6667,265,7,79407616,0.008775939299753177
620466,3090,41993,56331,265,7,79419648,0.008775939299753177
620575,55314,33801,32266,265,7,79433600,0.008775939299753177
620663,37906,47625,44042,265,7,79444864,0.008775939299753177
620748,22034,57866,6155,266,7,79455744,0.008867355334125606
620858,28690,21514,32779,266,7,79469824,0.008867355334125606
620942,6162,61451,11,266,7,79480576,0.008867355334125606
621051,31251,5130,49675,266,7,79494528,0.008867355334125606
621142,55827,16907,1035,266,7,79506176,0.008867355334125606
621269,39954,54282,4618,266,7,79522432,0.008867355334125606
621342,12818,23561,39434,266,7,79531776,0.008867355334125606
621452,65042,19465,44554,266,7,79545856,0.008867355334125606
621522,62994,21513,24074,266,7,79554816,0.008867355334125606
621632,21522,9737,12810,266,7,79568896,0.008867355334125606
621715,40466,28681,45065,266,7,79579520,0.008867355334125606
621831,46098,22537,57867,266,7,79594368,0.008867355334125606
621927,26130,56842,56331,266,7,79606656,0.008867355334125606
622028,45075,2058,64522,266,7,79619584,0.008867355334125606
622126,4627,4106,46090,266,7,79632128,0.008867355334125606
622220,5139,7178,21515,266,7,79644160,0.008867355334125606
616648,2065,10,1033,266,7,78930944,0.008867355334125606
622440,50706,54794,28683,266,7,79672320,0.008867355334125606
622540,8210,39433,62986,266,7,79685120,0.008867355334125606
622632,7698,56329,50698,266,7,79696896,0.008867355334125606
622734,56338,57865,26122,266,7,79709952,0.008867355334125606
622817,34835,9226,35851,266,7,79720576,0.008867355334125606
622907,22547,1034,11,266,7,79732096,0.008867355334125606
623007,16914,55306,26122,266,7,79744896,0.008867355334125606
623090,29202,52234,28682,266,7,79755520,0.008867355334125606
623180,9235,2569,62986,266,7,79767040,0.008867355334125606
623305,47122,51721,45578,266,7,79783040,0.008867355334125606
623420,57874,55304,63498,266,7,79797760,0.008867355334125606
623513,13330,47625,31754,266,7,79809664,0.008867355334125606
623625,12306,36361,41995,266,7,79824000,0.008867355334125606
623712,43025,58377,25098,266,7,79835136,0.008867355334125606
623800,25618,16393,41994,266,7,79846400,0.008867355334125606
623870,530,22026,11787,266,7,79855360,0.008867355334125606
623967,27154,15881,43530,266,7,79867776,0.008867355334125606
624089,18962,4618,4106,266,7,79883392,0.008867355334125606
624190,22034,16394,31243,266,7,79896320,0.008867355334125606
624295,49682,57354,24587,266,7,79909760,0.008867355334125606
624381,39442,62474,7179,266,7,79920768,0.008867355334125606
624472,64019,16394,22027,266,7,79932416,0.008867355334125606
624553,35347,12810,2570,266,7,79942784,0.008867355334125606
624633,43027,18442,35850,266,7,79953024,0.008867355334125606
624747,12818,63498,28683,266,7,79967616,0.008867355334125606
624844,6162,46089,43530,266,7,79980032,0.008867355334125606
624927,33811,7177,34314,266,7,79990656,0.008867355334125606
625032,11283,22024,10250,266,7,80004096,0.008867355334125606
625132,64530,64009,41994,266,7,80016896,0.008867355334125606
625252,530,49674,2058,266,7,80032256,0.008867355334125606
625374,50707,2058,24074,266,7,80047872,0.008867355334125606
625471,48146,36362,2058,266,7,80060288,0.008867355334125606
625544,27154,47625,60427,266,7,80069632,0.008867355334125606
625683,27666,56330,46603,267,7,80087424,0.008775939299753177
625771,22546,59915,27659,267,7,80098688,0.008775939299753177
625875,23571,19467,27147,267,7,80112000,0.008775939299753177
625955,42003,17419,30733,267,7,80122240,0.008775939299753177
626063,63507,23052,31756,267,7,80136064,0.008775939299753177
626170,47635,43531,46092,267,7,80149760,0.008775939299753177
626258,25107,55307,1036,267,7,80161024,0.008775939299753177
626358,23572,11,65036,267,7,80173824,0.008775939299753177
626432,17939,51723,39947,267,7,80183296,0.008775939299753177
626564,5139,64523,9740,267,7,80200192,0.008775939299753177
626651,34836,8716,16396,267,7,80211328,0.008775939299753177
626737,45587,60427,51724,267,7,80222336,0.008775939299753177
626850,45587,58379,53259,267,7,80236800,0.008775939299753177
626946,62484,523,57868,267,7,80249088,0.008775939299753177
627045,31252,11,65036,267,7,80261760,0.008775939299753177
627143,38932,27148,37901,267,7,80274304,0.008775939299753177
627242,7699,53258,47115,267,7,80286976,0.008775939299753177
627327,3603,26122,38923,267,7,80297856,0.008775939299753177
627419,18963,22027,27148,267,7,80309632,0.008775939299753177
627521,20498,62987,4106,267,7,80322688,0.008775939299753177
627614,43026,21002,19467,267,7,80334592,0.008775939299753177
627695,11282,42506,29195,267,7,80344960,0.008775939299753177
627798,23059,14858,48139,267,7,80358144,0.008775939299753177
627892,50707,8202,31755,267,7,80370176,0.008775939299753177
627975,45075,4106,10,267,7,80380800,0.008775939299753177
628067,58899,15370,37387,267,7,80392576,0.008775939299753177
628152,38419,8714,41995,267,7,80403456,0.008775939299753177
628256,5651,8203,13323,267,7,80416768,0.008775939299753177
628400,22034,51210,9227,267,7,80435200,0.008775939299753177
628494,31762,63498,6154,267,7,80447232,0.008775939299753177
628590,42514,59402,14859,267,7,80459520,0.008775939299753177
628692,6675,14346,33803,267,7,80472576,0.008775939299753177
628781,12819,24587,16907,267,7,80483968,0.008775939299753177
628876,4115,6154,35851,267,7,80496128,0.008775939299753177
628944,47634,62474,59403,267,7,80504832,0.008775939299753177
629042,19,14347,8203,267,7,80517376,0.008775939299753177
629139,54291,27146,62475,267,7,80529792,0.008775939299753177
629213,17939,2570,57866,267,7,80539264,0.008775939299753177
629317,30226,62986,34315,267,7,80552576,0.008775939299753177
629422,14355,16394,52235,267,7,80566016,0.008775939299753177
629556,19474,51210,49675,267,7,80583168,0.008775939299753177
628736,0,1032,4,267,7,80478208,0.008775939299753177
629751,3090,7178,43533,267,7,80608128,0.008775939299753177
629831,1042,41482,50700,267,7,80618368,0.008775939299753177
629947,11283,22539,55308,267,7,80633216,0.008775939299753177
630057,51219,39435,35340,267,7,80647296,0.008775939299753177
630136,38931,57355,37900,267,7,80657408,0.008775939299753177
630255,60435,31755,30731,267,7,80672640,0.008775939299753177
630350,6163,56842,56331,267,7,80684800,0.008775939299753177
630436,9747,62475,25611,267,7,80695808,0.008775939299753177
630519,33811,65035,1035,268,7,80706432,0.008684523265380748
630609,31251,47626,53259,268,7,80717952,0.008684523265380748
630703,28691,41995,9739,268,7,80729984,0.008684523265380748
630791,33299,54283,43530,268,7,80741248,0.008684523265380748
630882,45075,47627,21003,268,7,80752896,0.008684523265380748
630978,47123,40971,19467,268,7,80765184,0.008684523265380748
631065,21011,53259,32779,268,7,80776320,0.008684523265380748
631144,41491,31755,30730,268,7,80786432,0.008684523265380748
631248,40467,2058,43018,268,7,80799744,0.008684523265380748
631352,21011,1034,13834,268,7,80813056,0.008684523265380748
631456,58387,521,47627,268,7,80826368,0.008684523265380748
631564,54291,26634,1034,268,7,80840192,0.008684523265380748
631672,31251,25610,9739,268,7,80854016,0.008684523265380748
631814,7187,36875,523,268,7,80872192,0.008684523265380748
631917,18451,26635,43021,268,7,80885376,0.008684523265380748
632014,22547,6667,65036,268,7,80897792,0.008684523265380748
632098,45587,14858,51723,268,7,80908544,0.008684523265380748
632220,39955,13323,24076,268,7,80924160,0.008684523265380748
41985,3,10,8,268,7,5374080,0.008684523265380748
632413,28691,17932,56332,268,7,80948864,0.008684523265380748
632498,4115,3082,53259,268,7,80959744,0.008684523265380748
632611,17427,34314,64011,268,7,80974208,0.008684523265380748
632706,58387,22538,40459,268,7,80986368,0.008684523265380748
632779,37394,53258,25099,268,7,80995712,0.008684523265380748
632859,18451,10,14347,268,7,81005952,0.008684523265380748
632954,38930,56842,26123,268,7,81018112,0.008684523265380748
633061,57875,6666,31755,268,7,81031808,0.008684523265380748
633172,48659,6154,21515,268,7,81046016,0.008684523265380748
633257,5651,25098,19467,268,7,81056896,0.008684523265380748
633339,38419,2570,57868,268,7,81067392,0.008684523265380748
633433,25619,22539,30220,268,7,81079424,0.008684523265380748
633514,63507,37387,33292,268,7,81089792,0.008684523265380748
633605,51219,53259,2571,268,7,81101440,0.008684523265380748
633691,18451,53771,32780,268,7,81112448,0.008684523265380748
633797,35860,6667,30218,268,7,81126016,0.008684523265380748
633908,58387,64523,2570,268,7,81140224,0.008684523265380748
634004,22035,40970,41995,268,7,81152512,0.008684523265380748
634081,34323,41482,10250,268,7,81162368,0.008684523265380748
634206,15891,44042,23562,268,7,81178368,0.008684523265380748
634285,53267,42506,40459,268,7,81188480,0.008684523265380748
634367,30739,6666,43019,268,7,81198976,0.008684523265380748
634476,56339,12811,46604,268,7,81212928,0.008684523265380748
634571,50707,4107,62988,268,7,81225088,0.008684523265380748
634675,61458,64523,28685,268,7,81238400,0.008684523265380748
634755,61459,10251,58892,268,7,81248640,0.008684523265380748
634848,16403,27659,27660,268,7,81260544,0.008684523265380748
634929,38931,27147,53772,268,7,81270912,0.008684523265380748
635029,34835,57868,33293,268,7,81283712,0.008684523265380748
635170,8723,56844,43021,268,7,81301760,0.008684523265380748
635270,37395,65037,36877,268,7,81314560,0.008684523265380748
635363,58899,55820,33293,269,7,81326464,0.009233019471615322
635439,21011,50187,47628,269,7,81336192,0.009233019471615322
635519,35859,57355,39437,269,7,81346432,0.009233019471615322
635630,55827,54283,35852,269,7,81360640,0.009233019471615322
635734,65043,47627,14860,269,7,81373952,0.009233019471615322
635806,58387,45067,30732,269,7,81383168,0.009233019471615322
635940,3603,50186,54283,269,7,81400320,0.009233019471615322
636027,2067,15882,23563,269,7,81411456,0.009233019471615322
636126,47635,2058,17419,269,7,81424128,0.009233019471615322
558341,16,2,1032,269,7,71467648,0.009233019471615322
636296,4627,6666,2571,269,7,81445888,0.009233019471615322
636397,25106,61962,1546,269,7,81458816,0.009233019471615322
636486,18963,19466,1547,269,7,81470208,0.009233019471615322
636606,1555,8714,52747,269,7,81485568,0.009233019471615322
636679,32275,5643,13323,269,7,81494912,0.009233019471615322
636783,25107,21002,53771,269,7,81508224,0.009233019471615322
636886,11282,61962,14858,269,7,81521408,0.009233019471615322
636974,40979,16394,60939,269,7,81532672,0.009233019471615322
637091,7698,62986,25099,269,7,81547648,0.009233019471615322
637195,22035,4618,37387,269,7,81560960,0.009233019471615322
637316,53266,62474,12299,269,7,81576448,0.009233019471615322
637420,53267,1034,3083,269,7,81589760,0.009233019471615322
637506,46099,12298,2571,269,7,81600768,0.009233019471615322
637615,38930,58377,57355,269,7,81614720,0.009233019471615322
637726,64019,9738,38411,269,7,81628928,0.009233019471615322
637819,11283,18442,27659,269,7,81640832,0.009233019471615322
637901,25107,20490,35851,269,7,81651328,0.009233019471615322
638005,36883,59403,33802,269,7,81664640,0.009233019471615322
638080,26131,62987,26635,269,7,81674240,0.009233019471615322
638194,15891,46090,59915,269,7,81688832,0.009233019471615322
638307,60435,50187,16395,269,7,81703296,0.009233019471615322
638398,32787,47115,21003,269,7,81714944,0.009233019471615322
638515,2579,61963,14858,269,7,81729920,0.009233019471615322
638642,44051,33291,5131,269,7,81746176,0.009233019471615322
638732,62483,21514,43531,269,7,81757696,0.009233019471615322
638846,14867,18954,58891,269,7,81772288,0.009233019471615322
638912,54291,17931,4107,269,7,81780736,0.009233019471615322
639019,12307,22538,33291,269,7,81794432,0.009233019471615322
639116,14355,31242,54283,269,7,81806848,0.009233019471615322
639217,21523,40971,8203,269,7,81819776,0.009233019471615322
639345,14355,17931,4619,269,7,81836160,0.009233019471615322
639412,6675,10763,2061,269,7,81844736,0.009233019471615322
639498,8211,20490,61451,269,7,81855744,0.009233019471615322
639596,29203,27658,49676,269,7,81868288,0.009233019471615322
639689,27155,29194,62475,269,7,81880192,0.009233019471615322
639793,16403,27146,40459,269,7,81893504,0.009233019471615322
639881,23059,3594,61963,269,7,81904768,0.009233019471615322
640077,14355,18954,40459,269,7,81929856,0.009233019471615322
640174,1555,30730,43531,269,7,81942272,0.009233019471615322
640260,1555,38411,30732,270,7,81953280,0.009233019471615322
640369,26131,9739,9741,270,7,81967232,0.009233019471615322
640477,17427,22538,49163,270,7,81981056,0.009233019471615322
640577,15379,8714,57355,270,7,81993856,0.009233019471615322
640667,9747,15882,18954,270,7,82005376,0.009233019471615322
640763,32275,13834,2570,270,7,82017664,0.009233019471615322
640870,8723,14858,522,270,7,82031360,0.009233019471615322
640960,39442,58890,34827,270,7,82042880,0.009233019471615322
641079,64530,64522,43531,270,7,82058112,0.009233019471615322
641163,21011,1546,12810,270,7,82068864,0.009233019471615322
641256,58898,51721,56842,270,7,82080768,0.009233019471615322
641358,12818,56329,39947,270,7,82093824,0.009233019471615322
641444,35858,61961,41483,270,7,82104832,0.009233019471615322
641591,29202,50698,6155,270,7,82123648,0.009233019471615322
641695,16914,49673,62474,270,7,82136960,0.009233019471615322
641808,50195,4105,49674,270,7,82151424,0.009233019471615322
641886,59923,1545,38410,270,7,82161408,0.009233019471615322
642016,15378,51721,34314,270,7,82178048,0.009233019471615322
642120,29202,53769,54283,270,7,82191360,0.009233019471615322
642216,42002,58889,59403,270,7,82203648,0.009233019471615322
642298,36370,54793,45578,270,7,82214144,0.009233019471615322
642401,26130,62986,13835,270,7,82227328,0.009233019471615322
642506,15378,60426,10763,270,7,82240768,0.009233019471615322
642596,16403,3082,6667,270,7,82252288,0.009233019471615322
642708,10258,43529,58890,270,7,82266624,0.009233019471615322
642789,54802,54281,60938,270,7,82276992,0.009233019471615322
642913,42002,58889,50698,270,7,82292864,0.009233019471615322
643001,35347,5130,9739,270,7,82304128,0.009233019471615322
643096,49171,3082,17419,270,7,82316288,0.009233019471615322
643188,8723,6666,44043,270,7,82328064,0.009233019471615322
643272,9746,64010,47115,270,7,82338816,0.009233019471615322
643356,4626,43530,22027,270,7,82349568,0.009233019471615322
643495,18,62473,59402,270,7,82367360,0.009233019471615322
643599,48658,48137,46090,270,7,82380672,0.009233019471615322
643696,21522,54281,58890,270,7,82393088,0.009233019471615322
643779,65042,56330,17419,270,7,82403712,0.009233019471615322
643888,12307,522,13835,270,7,82417664,0.009233019471615322
643988,62482,49673,46602,270,7,82430464,0.009233019471615322
644107,47123,5129,41482,270,7,82445696,0.009233019471615322
644192,15378,55817,36874,270,7,82456576,0.009233019471615322
644299,37394,39433,36362,270,7,82470272,0.009233019471615322
644423,9234,25609,19466,270,7,82486144,0.009233019471615322
644514,34322,24584,60426,270,7,82497792,0.009233019471615322
644654,35858,24072,61962,270,7,82515712,0.009233019471615322
644824,9746,16905,22538,270,7,82537472,0.009233019471615322
644926,62994,6665,9226,270,7,82550528,0.009233019471615322
645031,30225,55305,12810,270,7,82563968,0.009233019471615322
645110,36881,54792,46090,270,7,82574080,0.009233019471615322
645211,62482,11784,50186,270,7,82587008,0.009233019471615322
645283,30738,8,55818,271,7,82596224,0.00850169119663589
645366,12818,10760,60426,271,7,82606848,0.00850169119663589
645456,62482,36873,29194,271,7,82618368,0.00850169119663589
645537,28690,15369,29194,271,7,82628736,0.00850169119663589
645659,37394,1032,52234,271,7,82644352,0.00850169119663589
645768,60946,2057,8714,271,7,82658304,0.00850169119663589
645840,56850,14857,10,271,7,82667520,0.00850169119663589
645944,17426,21001,14346,271,7,82680832,0.00850169119663589
646023,47634,43529,50186,271,7,82690944,0.00850169119663589
646111,61458,55818,9227,271,7,82702208,0.00850169119663589
646199,30739,8202,16907,271,7,82713472,0.00850169119663589
646321,36371,28682,57867,271,7,82729088,0.00850169119663589
646405,12819,31754,52234,271,7,82739840,0.00850169119663589
646522,49683,31242,14859,271,7,82754816,0.00850169119663589
646613,53779,29194,22539,271,7,82766464,0.00850169119663589
646689,28179,14858,21003,271,7,82776192,0.00850169119663589
646788,29203,25610,33291,271,7,82788864,0.00850169119663589
646866,56851,22538,18955,271,7,82798848,0.00850169119663589
646971,35346,50186,2570,271,7,82812288,0.00850169119663589
647065,30226,25610,31754,271,7,82824320,0.00850169119663589
647145,24082,38922,44043,271,7,82834560,0.00850169119663589
647271,5650,23562,1546,271,7,82850688,0.00850169119663589
647379,2066,9,23050,271,7,82864512,0.00850169119663589
647461,47634,34825,64011,271,7,82875008,0.00850169119663589
647537,34834,52234,41995,271,7,82884736,0.00850169119663589
647655,19475,21002,41483,271,7,82899840,0.00850169119663589
647748,53267,40971,2571,271,7,82911744,0.00850169119663589
647832,54803,33803,11787,271,7,82922496,0.00850169119663589
647939,45587,27147,4107,271,7,82936192,0.00850169119663589
648028,46611,33291,22539,271,7,82947584,0.00850169119663589
648134,1043,32778,18443,271,7,82961152,0.00850169119663589
648228,9747,14857,58891,271,7,82973184,0.00850169119663589
648305,13842,54793,38922,271,7,82983040,0.00850169119663589
648381,8722,51721,28682,271,7,82992768,0.00850169119663589
648464,27666,63497,21514,271,7,83003392,0.00850169119663589
648572,45074,40457,22538,271,7,83017216,0.00850169119663589
648664,37906,1033,6666,271,7,83028992,0.00850169119663589
648779,40465,45577,29706,271,7,83043712,0.00850169119663589
648909,39953,5641,33291,271,7,83060352,0.00850169119663589
649014,28689,52745,21515,271,7,83073792,0.00850169119663589
649125,10257,62985,26635,271,7,83088000,0.00850169119663589
649230,52242,54795,13324,271,7,83101440,0.00850169119663589
649335,7187,16395,9740,271,7,83114880,0.00850169119663589
649434,41491,9228,1036,271,7,83127552,0.00850169119663589
649630,22547,65037,10765,271,7,83152640,0.00850169119663589
649735,60948,50704,12815,271,7,83166080,0.00850169119663589
649826,58388,50189,60431,271,7,83177728,0.00850169119663589
649914,32276,24075,59917,271,7,83188992,0.00850169119663589
649987,47123,65035,20492,271,7,83198336,0.00850169119663589
650084,3603,43019,52748,272,7,83210752,0.00932443550598775
650178,56339,33804,14348,272,7,83222784,0.00932443550598775
650295,19985,5130,23564,272,7,83237760,0.00932443550598775
650402,7697,56841,57867,272,7,83251456,0.00932443550598775
650499,63506,18441,58891,272,7,83263872,0.00932443550598775
650582,46610,33290,38923,272,7,83274496,0.00932443550598775
650711,29202,47626,10251,272,7,83291008,0.00932443550598775
650810,21522,20489,59914,272,7,83303680,0.00932443550598775
650912,39954,2569,12298,272,7,83316736,0.00932443550598775
650978,47122,13321,18955,272,7,83325184,0.00932443550598775
651090,17426,33289,61963,272,7,83339520,0.00932443550598775
651160,64530,27146,31755,272,7,83348480,0.00932443550598775
651302,4114,55306,26635,272,7,83366656,0.00932443550598775
651384,6674,60426,11,272,7,83377152,0.00932443550598775
651504,38419,2058,28683,272,7,83392512,0.00932443550598775
651608,11283,44042,64012,272,7,83405824,0.00932443550598775
651683,19475,35339,2571,272,7,83415424,0.00932443550598775
651764,60435,33290,50699,272,7,83425792,0.00932443550598775
651882,49171,13322,59403,272,7,83440896,0.00932443550598775
651955,37907,29194,43531,272,7,83450240,0.00932443550598775
652074,32275,11274,13322,272,7,83465472,0.00932443550598775
652172,61459,15369,52235,272,7,83478016,0.00932443550598775
652257,15891,6153,47626,272,7,83488896,0.00932443550598775
652336,36370,57865,25098,272,7,83499008,0.00932443550598775
652411,62481,64521,26122,272,7,83508608,0.00932443550598775
652527,45073,1545,49675,272,7,83523456,0.00932443550598775
652667,28178,44044,8716,272,7,83541376,0.00932443550598775
652778,32274,59403,65037,272,7,83555584,0.00932443550598775
652895,14355,10764,15885,272,7,83570560,0.00932443550598775
652988,12817,31243,61965,272,7,83582464,0.00932443550598775
653093,52242,52234,46603,272,7,83595904,0.00932443550598775
653208,45074,47114,12299,272,7,83610624,0.00932443550598775
653346,27154,1545,35851,272,7,83628288,0.00932443550598775
653453,16401,58377,53259,272,7,83641984,0.00932443550598775
653547,26641,49673,34315,272,7,83654016,0.00932443550598775
653650,46610,17418,21003,272,7,83667200,0.00932443550598775
653738,18962,47627,18956,272,7,83678464,0.00932443550598775
653829,28179,23563,47628,272,7,83690112,0.00932443550598775
653939,23059,55818,58891,272,7,83704192,0.00932443550598775
654015,3603,55818,25098,272,7,83713920,0.00932443550598775
654122,57876,30730,63499,272,7,83727616,0.00932443550598775
654214,3604,43531,47117,272,7,83739392,0.00932443550598775
654338,54804,50699,65035,272,7,83755264,0.00932443550598775
654434,11284,42507,11275,272,7,83767552,0.00932443550598775
654523,46612,41482,61963,272,7,83778944,0.00932443550598775
654625,15892,64523,26634,272,7,83792000,0.00932443550598775
654743,30739,45578,4106,272,7,83807104,0.00932443550598775
654848,17938,52744,57353,272,7,83820544,0.00932443550598775
654990,5648,59913,49163,272,7,83838720,0.00932443550598775
655062,36368,51209,40459,272,7,83847936,0.00932443550598775
655164,18449,6665,31243,273,7,83860992,0.008958771368498035
655257,10257,42506,9227,273,7,83872896,0.008958771368498035
655349,19985,34827,11276,273,7,83884672,0.008958771368498035
655464,28690,53773,51724,273,7,83899392,0.008958771368498035
655560,38418,41995,58381,273,7,83911680,0.008958771368498035
655657,46098,17419,33805,273,7,83924096,0.008958771368498035
655757,21522,49676,12813,273,7,83936896,0.008958771368498035
655833,50195,7180,2061,273,7,83946624,0.008958771368498035
655932,40979,7692,6157,273,7,83959296,0.008958771368498035
656014,44051,31756,44559,273,7,83969792,0.008958771368498035
656145,23059,34315,61452,273,7,83986560,0.008958771368498035
656228,64531,21003,32780,273,7,83997184,0.008958771368498035
656306,31250,60426,64524,273,7,84007168,0.008958771368498035
656414,59922,25099,6668,273,7,84020992,0.008958771368498035
656513,26642,53258,49675,273,7,84033664,0.008958771368498035
656634,14354,29193,45579,273,7,84049152,0.008958771368498035
656706,57361,57864,63498,273,7,84058368,0.008958771368498035
656795,62481,32776,31242,273,7,84069760,0.008958771368498035
656883,52241,6152,19466,273,7,84081024,0.008958771368498035
656981,39952,51207,43018,273,7,84093568,0.008958771368498035
657116,31760,31751,20490,273,7,84110848,0.008958771368498035
657203,54288,18439,15370,273,7,84121984,0.008958771368498035
657285,20496,46087,45066,273,7,84132480,0.008958771368498035
657384,22033,12296,15882,273,7,84145152,0.008958771368498035
657467,37393,45064,46602,273,7,84155776,0.008958771368498035
657594,7698,18954,3082,273,7,84172032,0.008958771368498035
657692,34834,49674,24587,273,7,84184576,0.008958771368498035
2048,2051,512,8,273,7,262144,0.008958771368498035
657911,20499,14858,30731,273,7,84212608,0.008958771368498035
657995,22546,61962,26635,273,7,84223360,0.008958771368498035
658084,21010,57354,34827,273,7,84234752,0.008958771368498035
658188,27155,9225,60426,273,7,84248064,0.008958771368498035
658284,29203,1033,47115,273,7,84260352,0.008958771368498035
65,19,10,1025,273,7,8320,0.008958771368498035
658484,2579,47114,37387,273,7,84285952,0.008958771368498035
658571,14868,4107,16395,273,7,84297088,0.008958771368498035
658671,62995,64523,50187,273,7,84309888,0.008958771368498035
658749,56339,64011,52235,273,7,84319872,0.008958771368498035
658856,9747,62987,58379,273,7,84333568,0.008958771368498035
658961,5139,65036,51724,273,7,84347008,0.008958771368498035
659051,38419,45578,55307,273,7,84358528,0.008958771368498035
659167,13843,24074,33802,273,7,84373376,0.008958771368498035
659295,41491,25610,48139,273,7,84389760,0.008958771368498035
659374,5139,40970,46091,273,7,84399872,0.008958771368498035
659488,31251,53260,31244,273,7,84414464,0.008958771368498035
528512,18,524,8,273,7,67649536,0.008958771368498035
659809,62483,43020,3596,273,7,84455552,0.008958771368498035
659974,33811,40970,53258,273,7,84476672,0.008958771368498035
660116,59410,63497,54282,273,7,84494848,0.008958771368498035
660219,41491,16905,48138,273,7,84508032,0.008958771368498035
660299,47122,57353,41482,274,7,84518272,0.00859310723100832
660442,10258,22025,25610,274,7,84536576,0.00859310723100832
660525,9746,36873,29706,274,7,84547200,0.00859310723100832
660619,43538,48137,3083,274,7,84559232,0.00859310723100832
660765,62994,21000,61962,274,7,84577920,0.00859310723100832
660858,25106,10761,18443,274,7,84589824,0.00859310723100832
660953,55826,18441,23562,274,7,84601984,0.00859310723100832
661065,11281,46600,56330,274,7,84616320,0.00859310723100832
661149,17426,8712,45579,274,7,84627072,0.00859310723100832
661341,21009,58888,49162,274,7,84651648,0.00859310723100832
661427,8209,56328,63498,274,7,84662656,0.00859310723100832
661499,60433,61449,17930,274,7,84671872,0.00859310723100832
661597,29202,13832,63498,274,7,84684416,0.00859310723100832
661691,44562,25609,4106,274,7,84696448,0.00859310723100832
661779,29714,42505,31243,274,7,84707712,0.00859310723100832
661858,47122,56329,51211,274,7,84717824,0.00859310723100832
528392,18,514,9,274,7,67634176,0.00859310723100832
662061,30226,49674,38923,274,7,84743808,0.00859310723100832
662148,21522,44042,14858,274,7,84754944,0.00859310723100832
662256,28178,49674,10,274,7,84768768,0.00859310723100832
662340,8211,13834,27147,274,7,84779520,0.00859310723100832
662415,21522,58890,8715,274,7,84789120,0.00859310723100832
662535,18962,50698,31755,274,7,84804480,0.00859310723100832
662606,58898,51210,19467,274,7,84813568,0.00859310723100832
662740,5651,10250,16907,274,7,84830720,0.00859310723100832
662983,22547,21514,14347,274,7,84861824,0.00859310723100832
656392,18,10,1032,274,7,84018176,0.00859310723100832
663176,53266,59914,26634,274,7,84886528,0.00859310723100832
663343,51730,55817,56842,274,7,84907904,0.00859310723100832
663465,19474,38409,57866,274,7,84923520,0.00859310723100832
663590,33810,27145,61451,274,7,84939520,0.00859310723100832
663675,42514,61962,35851,274,7,84950400,0.00859310723100832
663763,8210,58890,48651,274,7,84961664,0.00859310723100832
663839,10258,53770,51724,274,7,84971392,0.00859310723100832
663935,64018,61450,39947,274,7,84983680,0.00859310723100832
664015,25619,14859,14860,274,7,84993920,0.00859310723100832
664123,30738,57866,62989,274,7,85007744,0.00859310723100832
664219,65042,65035,15371,274,7,85020032,0.00859310723100832
664315,15379,4619,10763,274,7,85032320,0.00859310723100832
664428,35858,59914,43019,274,7,85046784,0.00859310723100832
664514,17427,10250,46604,274,7,85057792,0.00859310723100832
664600,28691,1034,47114,274,7,85068800,0.00859310723100832
664683,37394,64010,38923,274,7,85079424,0.00859310723100832
664762,58898,31242,49163,274,7,85089536,0.00859310723100832
664878,46610,44042,27147,274,7,85104384,0.00859310723100832
664957,30738,27658,7178,274,7,85114496,0.00859310723100832
665074,18,45577,60938,274,7,85129472,0.00859310723100832
665193,54802,51721,38923,274,7,85144704,0.00859310723100832
665293,65042,35849,42507,275,7,85157504,0.008775939299753177
665394,17426,43530,4619,275,7,85170432,0.008775939299753177
665501,40466,50698,13835,275,7,85184128,0.008775939299753177
665631,21522,62474,35851,275,7,85200768,0.008775939299753177
665711,530,50698,23563,275,7,85211008,0.008775939299753177
665813,60946,46602,14347,275,7,85224064,0.008775939299753177
665910,5139,3082,43531,275,7,85236480,0.008775939299753177
666003,5138,43530,29707,275,7,85248384,0.008775939299753177
666086,2578,52234,4107,275,7,85259008,0.008775939299753177
666187,65042,63499,5643,275,7,85271936,0.008775939299753177
666302,530,62986,25099,275,7,85286656,0.008775939299753177
666378,28691,1034,49675,275,7,85296384,0.008775939299753177
666458,59411,5643,9227,275,7,85306624,0.008775939299753177
666569,61970,49674,64523,275,7,85320832,0.008775939299753177
666680,19987,4618,21003,275,7,85335040,0.008775939299753177
666752,42514,58890,2058,275,7,85344256,0.008775939299753177
666868,7698,29193,38922,275,7,85359104,0.008775939299753177
666958,54802,17417,37898,275,7,85370624,0.008775939299753177
667044,2578,22025,22538,275,7,85381632,0.008775939299753177
667140,50194,16905,21514,275,7,85393920,0.008775939299753177
667234,46098,15881,17930,275,7,85405952,0.008775939299753177
667328,15890,27657,40970,275,7,85417984,0.008775939299753177
667439,60434,40970,32779,275,7,85432192,0.008775939299753177
667522,3602,26122,37387,275,7,85442816,0.008775939299753177
667635,18,30218,18954,275,7,85457280,0.008775939299753177
667725,21010,29705,63498,275,7,85468800,0.008775939299753177
667801,29202,28682,2059,275,7,85478528,0.008775939299753177
667890,55315,4106,50187,275,7,85489920,0.008775939299753177
667972,16914,62986,7179,275,7,85500416,0.008775939299753177
668057,21011,6666,9739,275,7,85511296,0.008775939299753177
668153,57362,62474,52235,275,7,85523584,0.008775939299753177
668260,28690,62986,12299,275,7,85537280,0.008775939299753177
668353,64019,521,51723,275,7,85549184,0.008775939299753177
668459,61458,43017,17418,275,7,85562752,0.008775939299753177
668637,2578,53769,55306,275,7,85585536,0.008775939299753177
668729,57362,50185,51210,275,7,85597312,0.008775939299753177
668837,19474,39433,37898,275,7,85611136,0.008775939299753177
668938,36883,2058,5130,275,7,85624064,0.008775939299753177
669006,64531,5130,14346,275,7,85632768,0.008775939299753177
669125,12818,58378,10,275,7,85648000,0.008775939299753177
669256,4626,58890,45066,275,7,85664768,0.008775939299753177
669330,58386,62986,53770,275,7,85674240,0.008775939299753177
669434,31763,24074,39434,275,7,85687552,0.008775939299753177
669544,58387,30732,10252,275,7,85701632,0.008775939299753177
669653,48147,17931,50700,275,7,85715584,0.008775939299753177
669740,62483,42507,45578,275,7,85726720,0.008775939299753177
669834,36883,34827,60428,275,7,85738752,0.008775939299753177
669912,40979,46603,44043,275,7,85748736,0.008775939299753177
670027,56851,65036,38924,275,7,85763456,0.008775939299753177
670120,39443,46603,31243,276,7,85775360,0.008775939299753177
670222,15891,64011,43019,276,7,85788416,0.008775939299753177
670302,10771,65036,17932,276,7,85798656,0.008775939299753177
670397,4115,55308,36876,276,7,85810816,0.008775939299753177
670484,32275,48651,60428,276,7,85821952,0.008775939299753177
670587,42003,65037,18957,276,7,85835136,0.008775939299753177
670673,52755,55308,48141,276,7,85846144,0.008775939299753177
670860,23571,60939,36875,276,7,85870080,0.008775939299753177
670971,32275,16907,25611,276,7,85884288,0.008775939299753177
671074,13331,35851,42506,276,7,85897472,0.008775939299753177
671165,53267,10250,38923,276,7,85909120,0.008775939299753177
671256,56338,20489,50186,276,7,85920768,0.008775939299753177
671363,50194,42506,12811,276,7,85934464,0.008775939299753177
671459,49171,23562,50699,276,7,85946752,0.008775939299753177
671537,48659,2570,17419,276,7,85956736,0.008775939299753177
671628,44563,5129,50186,276,7,85968384,0.008775939299753177
671702,4115,9737,62987,276,7,85977856,0.008775939299753177
671813,27667,45067,16395,276,7,85992064,0.008775939299753177
671894,55827,15881,34827,276,7,86002432,0.008775939299753177
671998,5651,9226,57355,276,7,86015744,0.008775939299753177
672204,30738,64522,14347,276,7,86042112,0.008775939299753177
672290,24595,13322,58379,276,7,86053120,0.008775939299753177
672365,41491,30730,29195,276,7,86062720,0.008775939299753177
672470,22035,8714,63499,276,7,86076160,0.008775939299753177
672558,60435,28683,38923,276,7,86087424,0.008775939299753177
672659,2067,12810,60427,276,7,86100352,0.008775939299753177
672826,55827,11274,33291,276,7,86121728,0.008775939299753177
672947,5138,56330,31755,276,7,86137216,0.008775939299753177
673021,44050,51210,29707,276,7,86146688,0.008775939299753177
673139,35346,54282,61451,276,7,86161792,0.008775939299753177
673214,59410,62474,62475,276,7,86171392,0.008775939299753177
673345,14866,4106,45579,276,7,86188160,0.008775939299753177
673409,38930,29194,59404,276,7,86196352,0.008775939299753177
673496,8722,56843,41996,276,7,86207488,0.008775939299753177
673589,55315,35852,12,276,7,86219392,0.008775939299753177
673695,21011,26635,40972,276,7,86232960,0.008775939299753177
673806,23571,57867,20492,276,7,86247168,0.008775939299753177
2074,2068,512,1028,276,7,265472,0.008775939299753177
673966,15891,62475,3083,276,7,86267648,0.008775939299753177
674062,35347,40971,22540,276,7,86279936,0.008775939299753177
674188,52755,50699,23050,276,7,86296064,0.008775939299753177
674304,44563,31755,19467,276,7,86310912,0.008775939299753177
674401,25619,52235,65036,276,7,86323328,0.008775939299753177
674493,36883,44043,25099,276,7,86335104,0.008775939299753177
674592,34323,34827,20491,276,7,86347776,0.008775939299753177
674694,17939,49164,40973,276,7,86360832,0.008775939299753177
674763,19,42508,23052,276,7,86369664,0.008775939299753177
674881,531,23050,57867,276,7,86384768,0.008775939299753177
675011,9235,7178,9738,277,7,86401408,0.008684523265380748
675096,2067,11274,3595,277,7,86412288,0.008684523265380748
675181,36371,8202,5131,277,7,86423168,0.008684523265380748
675282,33299,17930,27659,277,7,86436096,0.008684523265380748
675372,6163,16394,35338,277,7,86447616,0.008684523265380748
675482,18963,19979,29195,277,7,86461696,0.008684523265380748
675568,26131,16395,13323,277,7,86472704,0.008684523265380748
675663,12307,4107,11786,277,7,86484864,0.008684523265380748
675738,61971,22539,32781,277,7,86494464,0.008684523265380748
675850,59411,7691,45068,277,7,86508800,0.008684523265380748
675947,1555,33803,51724,277,7,86521216,0.008684523265380748
676032,35859,47115,44045,277,7,86532096,0.008684523265380748
676145,60947,24585,59402,277,7,86546560,0.008684523265380748
676250,53779,38410,59915,277,7,86560000,0.008684523265380748
676338,60947,35851,14347,277,7,86571264,0.008684523265380748
676429,35859,46602,57355,277,7,86582912,0.008684523265380748
676524,59923,11274,26635,277,7,86595072,0.008684523265380748
676608,23571,41483,7178,277,7,86605824,0.008684523265380748
676715,17939,14346,29707,277,7,86619520,0.008684523265380748
676821,22035,38410,58379,277,7,86633088,0.008684523265380748
676905,27667,54795,19467,277,7,86643840,0.008684523265380748
677015,13843,44043,57868,277,7,86657920,0.008684523265380748
677117,36371,62988,53260,277,7,86670976,0.008684523265380748
677234,55315,55819,65036,277,7,86685952,0.008684523265380748
677306,58899,60427,49164,277,7,86695168,0.008684523265380748
677411,54804,5643,58892,277,7,86708608,0.008684523265380748
677523,27668,22539,23563,277,7,86722944,0.008684523265380748
677636,38420,6666,48651,277,7,86737408,0.008684523265380748
677719,35347,65034,14858,277,7,86748032,0.008684523265380748
677824,9235,65034,41995,277,7,86761472,0.008684523265380748
677914,46612,6667,4619,277,7,86772992,0.008684523265380748
678009,46099,30219,2571,277,7,86785152,0.008684523265380748
678099,34323,14347,31755,277,7,86796672,0.008684523265380748
678186,34835,56332,15885,277,7,86807808,0.008684523265380748
678277,1555,34315,65036,277,7,86819456,0.008684523265380748
678445,30739,54795,38924,277,7,86840960,0.008684523265380748
678522,13843,47627,31245,277,7,86850816,0.008684523265380748
678613,19987,45580,13,277,7,86862464,0.008684523265380748
678685,23572,19468,43532,277,7,86871680,0.008684523265380748
678782,24084,57359,17934,277,7,86884096,0.008684523265380748
678918,36884,24589,4621,277,7,86901504,0.008684523265380748
679035,28180,47118,4110,277,7,86916480,0.008684523265380748
679108,59412,22029,64527,277,7,86925824,0.008684523265380748
679188,28692,15884,33292,277,7,86936064,0.008684523265380748
679307,49172,20491,49164,277,7,86951296,0.008684523265380748
679394,61460,11,27149,277,7,86962432,0.008684523265380748
679477,28691,64011,33291,277,7,86973056,0.008684523265380748
679574,46611,41483,22538,277,7,86985472,0.008684523265380748
679697,14867,29194,61963,277,7,87001216,0.008684523265380748
679769,3091,21002,38411,278,7,87010432,0.009141603437242893
679869,31763,26122,28683,278,7,87023232,0.009141603437242893
679986,46611,22538,31243,278,7,87038208,0.009141603437242893
680096,14355,36874,50699,278,7,87052288,0.009141603437242893
680281,25107,32778,43531,278,7,87075968,0.009141603437242893
680401,15379,45579,26636,278,7,87091328,0.009141603437242893
680478,62483,52747,5132,278,7,87101184,0.009141603437242893
680578,57875,41995,16908,278,7,87113984,0.009141603437242893
680662,1555,18955,13324,278,7,87124736,0.009141603437242893
680749,11283,16395,21004,278,7,87135872,0.009141603437242893
680874,11795,38410,33291,278,7,87151872,0.009141603437242893
680972,11283,19978,55819,278,7,87164416,0.009141603437242893
681054,51731,23562,31243,278,7,87174912,0.009141603437242893
681163,51731,26635,6156,278,7,87188864,0.009141603437242893
681246,57875,33291,9229,278,7,87199488,0.009141603437242893
681348,46099,32778,45579,278,7,87212544,0.009141603437242893
681448,52243,43531,36364,278,7,87225344,0.009141603437242893
681563,55827,48139,4108,278,7,87240064,0.009141603437242893
681681,38931,43531,4620,278,7,87255168,0.009141603437242893
681798,58899,58379,26124,278,7,87270144,0.009141603437242893
681888,15380,8203,32780,278,7,87281664,0.009141603437242893
681965,15379,50699,12300,278,7,87291520,0.009141603437242893
682068,50195,54795,31755,278,7,87304704,0.009141603437242893
682183,6163,46091,1035,278,7,87319424,0.009141603437242893
682278,60435,54795,39435,278,7,87331584,0.009141603437242893
682399,16915,33803,29706,278,7,87347072,0.009141603437242893
682512,4115,46091,6669,278,7,87361536,0.009141603437242893
682630,60435,43019,46604,278,7,87376640,0.009141603437242893
682700,24083,61451,30732,278,7,87385600,0.009141603437242893
682819,58387,46091,38922,278,7,87400832,0.009141603437242893
682890,4627,37387,42508,278,7,87409920,0.009141603437242893
682969,15379,49675,17420,278,7,87420032,0.009141603437242893
683062,29715,28683,17420,278,7,87431936,0.009141603437242893
683177,51731,39947,34826,278,7,87446656,0.009141603437242893
683281,44563,54283,30732,278,7,87459968,0.009141603437242893
683360,5139,44555,55820,278,7,87470080,0.009141603437242893
683479,23059,32779,60428,278,7,87485312,0.009141603437242893
683583,1555,45579,7690,278,7,87498624,0.009141603437242893
141442,2066,522,9,278,7,18104576,0.009141603437242893
683792,23571,49162,48652,278,7,87525376,0.009141603437242893
683886,3091,40971,16395,278,7,87537408,0.009141603437242893
684014,30739,46603,34316,278,7,87553792,0.009141603437242893
684117,26131,50699,21002,278,7,87566976,0.009141603437242893
684198,9235,35339,36364,278,7,87577344,0.009141603437242893
684280,54803,58891,6155,278,7,87587840,0.009141603437242893
684373,5139,37386,49163,278,7,87599744,0.009141603437242893
684479,52243,35338,55307,278,7,87613312,0.009141603437242893
684552,55315,34826,41995,278,7,87622656,0.009141603437242893
684757,4627,30218,14858,279,7,87648896,0.009141603437242893
684850,22547,33802,21515,279,7,87660800,0.009141603437242893
684931,5651,17418,33803,279,7,87671168,0.009141603437242893
685062,4627,21514,21515,279,7,87687936,0.009141603437242893
685140,16914,63498,11274,279,7,87697920,0.009141603437242893
685250,50195,15369,64010,279,7,87712000,0.009141603437242893
685371,29715,26122,48139,279,7,87727488,0.009141603437242893
685456,28179,9226,2059,279,7,87738368,0.009141603437242893
685569,31251,25098,60427,279,7,87752832,0.009141603437242893
685660,8211,26122,38923,279,7,87764480,0.009141603437242893
685760,47635,11786,10763,279,7,87777280,0.009141603437242893
685850,1043,33291,2571,279,7,87788800,0.009141603437242893
685965,37395,29706,32779,279,7,87803520,0.009141603437242893
686051,2579,29706,42507,279,7,87814528,0.009141603437242893
686179,14867,31754,62475,279,7,87830912,0.009141603437242893
686287,45075,26122,33803,279,7,87844736,0.009141603437242893
686365,34323,18954,8715,279,7,87854720,0.009141603437242893
686460,26643,33290,7691,279,7,87866880,0.009141603437242893
686557,7187,24074,6155,279,7,87879296,0.009141603437242893
686637,12819,10250,21514,279,7,87889536,0.009141603437242893
686740,17427,5642,23051,279,7,87902720,0.009141603437242893
686853,36883,16394,15371,279,7,87917184,0.009141603437242893
686942,9747,16906,10,279,7,87928576,0.009141603437242893
687048,38931,16394,22538,279,7,87942144,0.009141603437242893
687169,4627,1034,9227,279,7,87957632,0.009141603437242893
687280,7187,7178,3083,279,7,87971840,0.009141603437242893
687363,9235,14346,21514,279,7,87982464,0.009141603437242893
687452,7187,8201,56330,279,7,87993856,0.009141603437242893
687558,57363,14857,61451,279,7,88007424,0.009141603437242893
687659,57875,12809,40970,279,7,88020352,0.009141603437242893
687738,8722,62986,1546,279,7,88030464,0.009141603437242893
687847,1555,3082,9226,279,7,88044416,0.009141603437242893
687973,17938,21001,10250,279,7,88060544,0.009141603437242893
688066,34321,62985,1034,279,7,88072448,0.009141603437242893
688166,9746,9736,54794,279,7,88085248,0.009141603437242893
688241,49170,14345,10250,279,7,88094848,0.009141603437242893
688367,2066,16393,34314,279,7,88110976,0.009141603437242893
33037,16,8,8,279,7,4228736,0.009141603437242893
688601,15890,10249,12811,279,7,88140928,0.009141603437242893
688689,25618,14857,16394,279,7,88152192,0.009141603437242893
688803,43026,521,5130,279,7,88166784,0.009141603437242893
688910,2065,57865,16394,279,7,88180480,0.009141603437242893
688994,51218,13321,17418,279,7,88191232,0.009141603437242893
689078,54290,14857,12810,279,7,88201984,0.009141603437242893
689180,25618,21512,12298,279,7,88215040,0.009141603437242893
689309,29714,27145,17930,279,7,88231552,0.009141603437242893
689404,6162,33289,52235,279,7,88243712,0.009141603437242893
689525,33298,38409,31754,279,7,88259200,0.009141603437242893
689619,62482,48137,34826,279,7,88271232,0.009141603437242893
689728,45586,45577,33291,279,7,88285184,0.009141603437242893
689841,8211,36875,2059,280,7,88299648,0.008775939299753177
689935,16403,33290,33291,280,7,88311680,0.008775939299753177
690044,46611,17931,7179,280,7,88325632,0.008775939299753177
690132,57875,31755,20491,280,7,88336896,0.008775939299753177
690223,38419,12298,34314,280,7,88348544,0.008775939299753177
690327,4627,10,16394,280,7,88361856,0.008775939299753177
690418,3603,10250,42507,280,7,88373504,0.008775939299753177
690514,36370,62986,14858,280,7,88385792,0.008775939299753177
690601,27154,49162,46603,280,7,88396928,0.008775939299753177
690706,9234,41483,10763,280,7,88410368,0.008775939299753177
690801,26642,58891,17419,280,7,88422528,0.008775939299753177
690887,63506,49162,20491,280,7,88433536,0.008775939299753177
691001,35346,26121,34314,280,7,88448128,0.008775939299753177
691079,62482,27145,16394,280,7,88458112,0.008775939299753177
691163,31762,37385,8202,280,7,88468864,0.008775939299753177
691262,45074,46601,16394,280,7,88481536,0.008775939299753177
691347,56338,58377,31755,280,7,88492416,0.008775939299753177
691464,23571,8714,6154,280,7,88507392,0.008775939299753177
691573,49171,65035,36875,280,7,88521344,0.008775939299753177
691662,59923,42506,37387,280,7,88532736,0.008775939299753177
691753,28179,29194,23562,280,7,88544384,0.008775939299753177
691851,64019,23050,5642,280,7,88556928,0.008775939299753177
691943,38419,14857,59914,280,7,88568704,0.008775939299753177
692065,59410,58377,23562,280,7,88584320,0.008775939299753177
692151,39954,37384,60937,280,7,88595328,0.008775939299753177
692242,58898,6153,22538,280,7,88606976,0.008775939299753177
692345,33809,41994,5131,280,7,88620160,0.008775939299753177
692452,54801,61962,34827,280,7,88633856,0.008775939299753177
692570,62481,39944,49162,280,7,88648960,0.008775939299753177
692670,63506,1033,52747,280,7,88661760,0.008775939299753177
692801,19475,3595,13324,280,7,88678528,0.008775939299753177
692876,17427,14860,9741,280,7,88688128,0.008775939299753177
692972,33811,21517,12301,280,7,88700416,0.008775939299753177
693078,5651,64013,56335,280,7,88713984,0.008775939299753177
693175,3092,4621,29196,280,7,88726400,0.008775939299753177
693301,65044,18445,23565,280,7,88742528,0.008775939299753177
693386,51732,31755,65037,280,7,88753408,0.008775939299753177
693480,17940,11,47116,280,7,88765440,0.008775939299753177
693592,33811,61451,39436,280,7,88779776,0.008775939299753177
693692,57363,59916,5132,280,7,88792576,0.008775939299753177
693810,36883,49675,57866,280,7,88807680,0.008775939299753177
693905,18451,7179,8203,280,7,88819840,0.008775939299753177
694001,5139,36875,30220,280,7,88832128,0.008775939299753177
694084,50707,44043,15884,280,7,88842752,0.008775939299753177
694175,64019,32266,57867,280,7,88854400,0.008775939299753177
694309,7698,57865,62474,280,7,88871552,0.008775939299753177
694406,32786,29193,17930,280,7,88883968,0.008775939299753177
694489,12306,4105,13834,280,7,88894592,0.008775939299753177
694619,15890,10249,55306,280,7,88911232,0.008775939299753177
694883,54291,31242,39435,281,7,88945024,0.009050187402870464
694982,19475,58379,50186,281,7,88957696,0.009050187402870464
695097,30740,38924,2060,281,7,88972416,0.009050187402870464
695207,11284,25611,47627,281,7,88986496,0.009050187402870464
695316,54803,61451,32781,281,7,89000448,0.009050187402870464
695430,26643,54795,22539,281,7,89015040,0.009050187402870464
695514,46099,23562,18442,281,7,89025792,0.009050187402870464
695600,4627,1545,29194,281,7,89036800,0.009050187402870464
695712,62994,42504,64010,281,7,89051136,0.009050187402870464
695832,54802,8,54282,281,7,89066496,0.009050187402870464
696011,11794,18953,25098,281,7,89089408,0.009050187402870464
696116,40978,40970,8203,281,7,89102848,0.009050187402870464
696193,30226,61962,49675,281,7,89112704,0.009050187402870464
696295,56850,41482,60427,281,7,89125760,0.009050187402870464
696382,48146,53258,48651,281,7,89136896,0.009050187402870464
696448,54290,27658,30219,281,7,89145344,0.009050187402870464
696550,61970,26121,62987,281,7,89158400,0.009050187402870464
696676,1554,21514,31243,281,7,89174528,0.009050187402870464
696812,18,19466,8715,281,7,89191936,0.009050187402870464
696901,48145,2058,54796,281,7,89203328,0.009050187402870464
697026,45585,13834,13322,281,7,89219328,0.009050187402870464
697165,48658,1034,17421,281,7,89237120,0.009050187402870464
697268,55826,43532,18957,281,7,89250304,0.009050187402870464
697362,39443,18955,41996,281,7,89262336,0.009050187402870464
697553,43027,57355,18955,281,7,89286784,0.009050187402870464
697650,26644,3594,64523,281,7,89299200,0.009050187402870464
697770,29204,30219,8715,281,7,89314560,0.009050187402870464
697848,49172,21003,28682,281,7,89324544,0.009050187402870464
697958,40980,39435,59917,281,7,89338624,0.009050187402870464
698040,27156,37387,48651,281,7,89349120,0.009050187402870464
698130,532,27147,9739,281,7,89360640,0.009050187402870464
698223,58387,35850,17418,281,7,89372544,0.009050187402870464
698293,64531,26633,42506,281,7,89381504,0.009050187402870464
698398,24082,51208,60426,281,7,89394944,0.009050187402870464
698507,3600,52233,9739,281,7,89408896,0.009050187402870464
698657,23568,52234,50700,281,7,89428096,0.009050187402870464
698745,22544,39946,18443,281,7,89439360,0.009050187402870464
698830,30737,27145,56331,281,7,89450240,0.009050187402870464
698934,8721,31243,25612,281,7,89463552,0.009050187402870464
699025,16914,35341,13326,281,7,89475200,0.009050187402870464
699122,48658,31243,26125,281,7,89487616,0.009050187402870464
699218,61458,25611,26125,281,7,89499904,0.009050187402870464
699295,54802,29196,17934,281,7,89509760,0.009050187402870464
699414,24594,61452,59918,281,7,89524992,0.009050187402870464
699502,20499,54796,17421,281,7,89536256,0.009050187402870464
699622,21011,41486,24591,281,7,89551616,0.009050187402870464
699720,41491,16397,59919,281,7,89564160,0.009050187402870464
699926,9235,21003,36876,282,7,89590528,0.008958771368498035
700037,28690,22027,54285,282,7,89604736,0.008958771368498035
700143,49682,33291,64525,282,7,89618304,0.008958771368498035
700244,25106,22538,5642,282,7,89631232,0.008958771368498035
700345,19985,51721,49675,282,7,89644160,0.008958771368498035
700438,25106,6153,34314,282,7,89656064,0.008958771368498035
700532,62993,20488,47626,282,7,89668096,0.008958771368498035
700623,16400,61960,21002,282,7,89679744,0.008958771368498035
700741,36369,23560,34314,282,7,89694848,0.008958771368498035
700818,40465,33288,62986,282,7,89704704,0.008958771368498035
700938,63506,17417,58891,282,7,89720064,0.008958771368498035
692232,2,12800,40960,282,7,88605696,0.008958771368498035
701161,30227,9739,1035,282,7,89748608,0.008958771368498035
701271,57363,21003,5643,282,7,89762688,0.008958771368498035
701370,61459,37899,65036,282,7,89775360,0.008958771368498035
701448,13843,39946,46091,282,7,89785344,0.008958771368498035
701546,13331,30218,55819,282,7,89797888,0.008958771368498035
701636,45075,23562,62475,282,7,89809408,0.008958771368498035
701724,2579,30218,41483,282,7,89820672,0.008958771368498035
701810,28691,35338,50186,282,7,89831680,0.008958771368498035
701946,9235,54795,45580,282,7,89849088,0.008958771368498035
702040,54291,26123,13325,282,7,89861120,0.008958771368498035
702162,51219,43020,11275,282,7,89876736,0.008958771368498035
702250,29715,46091,18443,282,7,89888000,0.008958771368498035
702355,11795,14858,54283,282,7,89901440,0.008958771368498035
702473,13331,30730,34314,282,7,89916544,0.008958771368498035
702570,42003,31242,28683,282,7,89928960,0.008958771368498035
702643,5139,47627,16395,282,7,89938304,0.008958771368498035
702746,32787,49675,65036,282,7,89951488,0.008958771368498035
702838,37395,53260,12,282,7,89963264,0.008958771368498035
702926,7187,54795,57869,282,7,89974528,0.008958771368498035
703034,62995,46604,5132,282,7,89988352,0.008958771368498035
703133,48659,55819,9739,282,7,90001024,0.008958771368498035
703229,30739,23050,52235,282,7,90013312,0.008958771368498035
703332,42003,522,37387,282,7,90026496,0.008958771368498035
703450,12307,13322,12811,282,7,90041600,0.008958771368498035
703536,55827,17418,7178,282,7,90052608,0.008958771368498035
703623,1555,26122,26123,282,7,90063744,0.008958771368498035
703711,5651,31754,45067,282,7,90075008,0.008958771368498035
703809,65043,22026,55819,282,7,90087552,0.008958771368498035
703889,43027,9738,37899,282,7,90097792,0.008958771368498035
703981,39954,53258,15882,282,7,90109568,0.008958771368498035
704055,34322,39945,22024,282,7,90119040,0.008958771368498035
704168,31249,52232,30218,282,7,90133504,0.008958771368498035
666632,17,520,1024,282,7,85328896,0.008958771368498035
704342,40977,52232,49162,282,7,90155776,0.008958771368498035
704469,14865,60425,35338,282,7,90172032,0.008958771368498035
704612,1554,11273,57867,282,7,90190336,0.008958771368498035
704744,61458,8713,49675,282,7,90207232,0.008958771368498035
704831,11794,26121,40458,282,7,90218368,0.008958771368498035
704915,10258,35339,1034,283,7,90229120,0.008775939299753177
705013,16402,35337,32778,283,7,90241664,0.008775939299753177
705115,32274,39433,54282,283,7,90254720,0.008775939299753177
705224,47123,7178,13835,283,7,90268672,0.008775939299753177
705314,45587,5130,32779,283,7,90280192,0.008775939299753177
705405,26643,22026,37387,283,7,90291840,0.008775939299753177
705500,5139,10,51211,283,7,90304000,0.008775939299753177
705592,22546,49674,53771,283,7,90315776,0.008775939299753177
705664,59922,57354,46090,283,7,90324992,0.008775939299753177
705758,26643,9738,17418,283,7,90337024,0.008775939299753177
705846,13843,34827,6667,283,7,90348288,0.008775939299753177
705923,11283,21003,27147,283,7,90358144,0.008775939299753177
706019,19,14858,54283,283,7,90370432,0.008775939299753177
706108,60944,34314,57355,283,7,90381824,0.008775939299753177
706191,38931,14859,10251,283,7,90392448,0.008775939299753177
706295,52242,53258,27147,283,7,90405760,0.008775939299753177
706386,40466,46602,19467,283,7,90417408,0.008775939299753177
706507,35346,59402,13835,283,7,90432896,0.008775939299753177
706601,8722,43018,27147,283,7,90444928,0.008775939299753177
706683,36882,43018,51211,283,7,90455424,0.008775939299753177
706763,5138,51722,56843,283,7,90465664,0.008775939299753177
706875,14866,52234,53259,283,7,90480000,0.008775939299753177
706980,4627,1547,26635,283,7,90493440,0.008775939299753177
707066,52243,16906,61451,283,7,90504448,0.008775939299753177
707178,32274,56330,63501,283,7,90518784,0.008775939299753177
707287,47122,55818,61451,283,7,90532736,0.008775939299753177
707408,57362,61962,16395,283,7,90548224,0.008775939299753177
707514,16402,60938,8203,283,7,90561792,0.008775939299753177
707659,19987,12810,25099,283,7,90580352,0.008775939299753177
707766,20498,7690,49163,283,7,90594048,0.008775939299753177
707868,23058,53771,10251,283,7,90607104,0.008775939299753177
707958,38418,64010,40971,283,7,90618624,0.008775939299753177
708058,33810,57866,7178,283,7,90631424,0.008775939299753177
708162,34323,10,25098,283,7,90644736,0.008775939299753177
708257,36370,50185,50698,283,7,90656896,0.008775939299753177
708351,3602,64522,17931,283,7,90668928,0.008775939299753177
708449,62994,45065,59914,283,7,90681472,0.008775939299753177
708569,28178,36873,40970,283,7,90696832,0.008775939299753177
708652,14354,56330,2058,283,7,90707456,0.008775939299753177
708733,34322,55306,523,283,7,90717824,0.008775939299753177
708828,4114,45066,21515,283,7,90729984,0.008775939299753177
708933,45075,11274,45067,283,7,90743424,0.008775939299753177
709039,19,3082,59403,283,7,90756992,0.008775939299753177
709124,57363,14858,49675,283,7,90767872,0.008775939299753177
709321,60947,10,10763,283,7,90793088,0.008775939299753177
709443,36883,17418,46091,283,7,90808704,0.008775939299753177
709577,28179,3594,34315,283,7,90825856,0.008775939299753177
709685,42514,62474,11,283,7,90839680,0.008775939299753177
709770,40979,6154,14347,283,7,90850560,0.008775939299753177
709871,40978,62474,14859,284,7,90863488,0.008775939299753177
709995,49170,61450,16906,284,7,90879360,0.008775939299753177
710074,12818,50698,24586,284,7,90889472,0.008775939299753177
710160,8210,59914,10762,284,7,90900480,0.008775939299753177
710281,53266,42505,54282,284,7,90915968,0.008775939299753177
710371,44563,2570,2059,284,7,90927488,0.008775939299753177
710452,5650,46089,38410,284,7,90937856,0.008775939299753177
710541,25106,43017,62474,284,7,90949248,0.008775939299753177
710642,36882,48138,35851,284,7,90962176,0.008775939299753177
710709,32274,37386,8203,284,7,90970752,0.008775939299753177
710843,20498,37385,23562,284,7,90987904,0.008775939299753177
710945,46610,41481,27658,284,7,91000960,0.008775939299753177
711023,3090,51721,41483,284,7,91010944,0.008775939299753177
711134,12306,35338,8715,284,7,91025152,0.008775939299753177
711231,36370,54794,13323,284,7,91037568,0.008775939299753177
711329,15890,54282,12299,284,7,91050112,0.008775939299753177
711414,21010,46089,43019,284,7,91060992,0.008775939299753177
711594,32786,37897,9226,284,7,91084032,0.008775939299753177
711684,43538,39945,38410,284,7,91095552,0.008775939299753177
711779,54802,60425,43530,284,7,91107712,0.008775939299753177
711879,51730,57865,41994,284,7,91120512,0.008775939299753177
711968,60946,53769,50699,284,7,91131904,0.008775939299753177
712060,58898,60938,522,284,7,91143680,0.008775939299753177
712194,44051,2570,9738,284,7,91160832,0.008775939299753177
712269,44050,52746,13322,284,7,91170432,0.008775939299753177
712462,64019,522,4619,284,7,91195136,0.008775939299753177
712569,24083,14858,56331,284,7,91208832,0.008775939299753177
712657,13331,1546,21003,284,7,91220096,0.008775939299753177
712761,13330,39946,27659,284,7,91233408,0.008775939299753177
712843,8211,4107,5131,284,7,91243904,0.008775939299753177
712947,57874,59402,18954,284,7,91257216,0.008775939299753177
713054,19475,2570,29195,284,7,91270912,0.008775939299753177
713159,23571,22538,11787,284,7,91284352,0.008775939299753177
713245,21011,13834,26635,284,7,91295360,0.008775939299753177
713347,18963,25099,11,284,7,91308416,0.008775939299753177
713427,15379,39947,38411,284,7,91318656,0.008775939299753177
713509,50195,25099,22539,284,7,91329152,0.008775939299753177
713597,57363,43019,12300,284,7,91340416,0.008775939299753177
713712,25619,30218,39947,284,7,91355136,0.008775939299753177
713797,9747,27658,49163,284,7,91366016,0.008775939299753177
713898,40979,26635,26635,284,7,91378944,0.008775939299753177
713989,11795,18955,20491,284,7,91390592,0.008775939299753177
714085,16403,34315,14347,284,7,91402880,0.008775939299753177
714191,33811,27147,44043,284,7,91416448,0.008775939299753177
714295,29715,17930,62987,284,7,91429760,0.008775939299753177
714381,27155,17419,6155,284,7,91440768,0.008775939299753177
714482,63507,4107,13323,284,7,91453696,0.008775939299753177
714579,64019,38923,39435,284,7,91466112,0.008775939299753177
714668,20499,39435,8717,285,7,91477504,0.008867355334125606
714778,17427,49676,38925,285,7,91491584,0.008867355334125606
714855,57363,65035,55308,285,7,91501440,0.008867355334125606
714971,54803,29707,17419,285,7,91516288,0.008867355334125606
715037,48147,22027,2571,285,7,91524736,0.008867355334125606
715167,42515,30218,43019,285,7,91541376,0.008867355334125606
715236,47635,27146,63499,285,7,91550208,0.008867355334125606
715314,13331,13834,47627,285,7,91560192,0.008867355334125606
715421,41490,52234,30731,285,7,91573888,0.008867355334125606
715499,530,40970,41995,285,7,91583872,0.008867355334125606
715581,31250,51210,54283,285,7,91594368,0.008867355334125606
715708,1042,41994,16395,285,7,91610624,0.008867355334125606
715805,43538,48137,57355,285,7,91623040,0.008867355334125606
715890,53778,57865,51723,285,7,91633920,0.008867355334125606
715981,64019,4617,51211,285,7,91645568,0.008867355334125606
716109,7698,49674,523,285,7,91661952,0.008867355334125606
716198,28178,55817,57354,285,7,91673344,0.008867355334125606
716299,42515,20490,1547,285,7,91686272,0.008867355334125606
716380,54803,5130,2059,285,7,91696640,0.008867355334125606
716501,52243,3081,65035,285,7,91712128,0.008867355334125606
716578,13843,13834,12299,285,7,91721984,0.008867355334125606
716664,18,62986,34827,285,7,91732992,0.008867355334125606
716810,9235,14346,41995,285,7,91751680,0.008867355334125606
716886,52243,9738,27659,285,7,91761408,0.008867355334125606
716990,26129,64521,32778,285,7,91774720,0.008867355334125606
717098,14352,522,15372,285,7,91788544,0.008867355334125606
717198,34834,4106,64012,285,7,91801344,0.008867355334125606
717314,47634,10762,52236,285,7,91816192,0.008867355334125606
717391,60946,24586,38924,285,7,91826048,0.008867355334125606
717488,33811,3083,33292,285,7,91838464,0.008867355334125606
717600,63507,9738,51212,285,7,91852800,0.008867355334125606
717792,19475,8202,36363,285,7,91877376,0.008867355334125606
717908,16403,41994,57355,285,7,91892224,0.008867355334125606
717998,34835,47114,32267,285,7,91903744,0.008867355334125606
718084,17427,28681,58378,285,7,91914752,0.008867355334125606
718208,41491,56330,35338,285,7,91930624,0.008867355334125606
713938,18,522,0,285,7,91384064,0.008867355334125606
718419,51731,49162,41994,285,7,91957632,0.008867355334125606
718532,56851,35850,59403,285,7,91972096,0.008867355334125606
718603,15379,23563,10251,285,7,91981184,0.008867355334125606
718683,5139,10,60427,285,7,91991424,0.008867355334125606
718805,3091,39435,32267,285,7,92007040,0.008867355334125606
718909,48658,62987,34315,285,7,92020352,0.008867355334125606
719027,35347,26122,53259,285,7,92035456,0.008867355334125606
719115,47635,29195,12811,285,7,92046720,0.008867355334125606
719197,25619,16394,23051,285,7,92057216,0.008867355334125606
719317,62483,23563,17420,285,7,92072576,0.008867355334125606
719412,23059,19979,42508,285,7,92084736,0.008867355334125606
719513,46098,49676,26635,285,7,92097664,0.008867355334125606
719615,37906,57867,53260,286,7,92110720,0.008684523265380748
719728,18963,14347,39436,286,7,92125184,0.008684523265380748
719834,19475,24588,39949,286,7,92138752,0.008684523265380748
719945,62995,30220,53773,286,7,92152960,0.008684523265380748
720061,26643,39436,13836,286,7,92167808,0.008684523265380748
720145,8211,46091,61964,286,7,92178560,0.008684523265380748
720232,8212,6668,10252,286,7,92189696,0.008684523265380748
720339,60435,37386,59403,286,7,92203392,0.008684523265380748
720470,60435,10762,39435,286,7,92220160,0.008684523265380748
720550,44562,57354,48139,286,7,92230400,0.008684523265380748
720623,26642,51210,38411,286,7,92239744,0.008684523265380748
720707,5651,5642,2058,286,7,92250496,0.008684523265380748
720832,27155,17418,57868,286,7,92266496,0.008684523265380748
720933,25107,45067,53261,286,7,92279424,0.008684523265380748
721038,8724,14348,37901,286,7,92292864,0.008684523265380748
721128,3091,59916,25612,286,7,92304384,0.008684523265380748
721239,58388,13324,64013,286,7,92318592,0.008684523265380748
721327,13332,35341,19981,286,7,92329856,0.008684523265380748
721417,25107,65035,38412,286,7,92341376,0.008684523265380748
721521,28179,56331,38410,286,7,92354688,0.008684523265380748
721608,62484,1547,40459,286,7,92365824,0.008684523265380748
721716,40979,56330,53259,286,7,92379648,0.008684523265380748
721800,11795,42506,58891,286,7,92390400,0.008684523265380748
721887,24083,42506,46603,286,7,92401536,0.008684523265380748
721970,9235,25610,51212,286,7,92412160,0.008684523265380748
722109,56851,48652,16908,286,7,92429952,0.008684523265380748
722201,2579,54796,40460,286,7,92441728,0.008684523265380748
722296,51731,57356,17420,286,7,92453888,0.008684523265380748
722389,55315,54284,3597,286,7,92465792,0.008684523265380748
722502,43027,59915,28172,286,7,92480256,0.008684523265380748
722597,25619,19979,21004,286,7,92492416,0.008684523265380748
722672,63507,51723,41484,286,7,92502016,0.008684523265380748
722757,17428,5643,65037,286,7,92512896,0.008684523265380748
722895,47124,8718,32782,286,7,92530560,0.008684523265380748
722977,11284,2061,44045,286,7,92541056,0.008684523265380748
723083,45075,65036,60429,286,7,92554624,0.008684523265380748
723176,20,6156,34829,286,7,92566528,0.008684523265380748
723277,57875,54284,5644,286,7,92579456,0.008684523265380748
723382,17427,56843,14860,286,7,92592896,0.008684523265380748
723471,13843,34315,4620,286,7,92604288,0.008684523265380748
723560,39443,28170,58379,286,7,92615680,0.008684523265380748
723641,31763,12298,37387,286,7,92626048,0.008684523265380748
723758,16402,53770,55819,286,7,92641024,0.008684523265380748
723862,35859,13322,35339,286,7,92654336,0.008684523265380748
723959,14866,57354,16907,286,7,92666752,0.008684523265380748
724061,23059,10,10763,286,7,92679808,0.008684523265380748
724142,29203,2058,17420,286,7,92690176,0.008684523265380748
724219,63506,62986,43020,286,7,92700032,0.008684523265380748
724342,3091,17418,64012,286,7,92715776,0.008684523265380748
724429,9235,7690,59914,286,7,92726912,0.008684523265380748
724520,22034,60426,53258,287,7,92738560,0.008775939299753177
724616,59923,1546,30731,287,7,92750848,0.008775939299753177
724701,44562,58890,32779,287,7,92761728,0.008775939299753177
724791,61970,54282,47627,287,7,92773248,0.008775939299753177
724879,47122,49674,22027,287,7,92784512,0.008775939299753177
724986,27155,2058,22539,287,7,92798208,0.008775939299753177
725058,1555,4618,2060,287,7,92807424,0.008775939299753177
725171,33299,12298,55309,287,7,92821888,0.008775939299753177
725246,29715,21514,50188,287,7,92831488,0.008775939299753177
725350,51731,43530,62475,287,7,92844800,0.008775939299753177
725436,50196,8714,62987,287,7,92855808,0.008775939299753177
725520,12819,14346,48653,287,7,92866560,0.008775939299753177
725616,46099,40971,12300,287,7,92878848,0.008775939299753177
725713,59923,29707,21004,287,7,92891264,0.008775939299753177
725803,16915,13834,61452,287,7,92902784,0.008775939299753177
725884,1555,21003,26636,287,7,92913152,0.008775939299753177
725967,42515,38923,34316,287,7,92923776,0.008775939299753177
726034,59411,12811,29196,287,7,92932352,0.008775939299753177
726134,10259,19466,61451,287,7,92945152,0.008775939299753177
726245,47123,32779,54796,287,7,92959360,0.008775939299753177
726316,4627,30731,12812,287,7,92968448,0.008775939299753177
660583,2049,520,1032,287,7,84554624,0.008775939299753177
726481,40467,50187,62989,287,7,92989568,0.008775939299753177
726596,16915,31244,9228,287,7,93004288,0.008775939299753177
726676,3603,49163,47628,287,7,93014528,0.008775939299753177
726791,11795,51723,31756,287,7,93029248,0.008775939299753177
726883,8211,36874,36875,287,7,93041024,0.008775939299753177
726987,5139,39436,12,287,7,93054336,0.008775939299753177
727109,51219,45067,35340,287,7,93069952,0.008775939299753177
727209,52243,38923,33292,287,7,93082752,0.008775939299753177
727330,15891,54283,64524,287,7,93098240,0.008775939299753177
727530,52755,30219,45068,287,7,93123840,0.008775939299753177
727614,1555,29707,54796,287,7,93134592,0.008775939299753177
727719,65042,4619,17931,287,7,93148032,0.008775939299753177
727793,21523,36875,6155,287,7,93157504,0.008775939299753177
727915,14866,30731,58380,287,7,93173120,0.008775939299753177
727998,8211,27146,56331,287,7,93183744,0.008775939299753177
728110,43027,47115,35852,287,7,93198080,0.008775939299753177
728185,55827,41995,46092,287,7,93207680,0.008775939299753177
728336,62483,33803,1547,287,7,93227008,0.008775939299753177
728427,52243,39946,61963,287,7,93238656,0.008775939299753177
728509,15379,35850,35851,287,7,93249152,0.008775939299753177
728620,5139,11274,51211,287,7,93263360,0.008775939299753177
728719,50195,15882,64523,287,7,93276032,0.008775939299753177
728800,40467,11274,42507,287,7,93286400,0.008775939299753177
728903,64531,18954,4619,287,7,93299584,0.008775939299753177
729027,52755,16906,9227,287,7,93315456,0.008775939299753177
729133,37395,17418,7179,287,7,93329024,0.008775939299753177
729202,60947,7690,4107,287,7,93337856,0.008775939299753177
729293,15891,10762,12810,288,7,93349504,0.008958771368498035
729392,12818,41481,41483,288,7,93362176,0.008958771368498035
729468,57362,60425,29195,288,7,93371904,0.008958771368498035
729587,33810,55818,8203,288,7,93387136,0.008958771368498035
729681,10258,43530,13323,288,7,93399168,0.008958771368498035
729783,56339,8714,27147,288,7,93412224,0.008958771368498035
729889,34322,49674,35339,288,7,93425792,0.008958771368498035
730003,37394,49673,54282,288,7,93440384,0.008958771368498035
730074,14354,56330,8714,288,7,93449472,0.008958771368498035
730161,15378,58377,59403,288,7,93460608,0.008958771368498035
730254,36882,55306,10,288,7,93472512,0.008958771368498035
730330,1043,522,10251,288,7,93482240,0.008958771368498035
730430,35347,10762,25099,288,7,93495040,0.008958771368498035
730526,40978,51210,6666,288,7,93507328,0.008958771368498035
730605,49683,1034,4619,288,7,93517440,0.008958771368498035
730732,18451,2057,46090,288,7,93533696,0.008958771368498035
730871,3602,49673,45066,288,7,93551488,0.008958771368498035
730972,44561,64521,62474,288,7,93564416,0.008958771368498035
731057,27155,14857,61451,288,7,93575296,0.008958771368498035
731134,23059,4618,3083,288,7,93585152,0.008958771368498035
731225,4626,58889,53770,288,7,93596800,0.008958771368498035
731351,9746,42505,35338,288,7,93612928,0.008958771368498035
731422,1042,17929,32778,288,7,93622016,0.008958771368498035
731551,23570,24585,39947,288,7,93638528,0.008958771368498035
731667,37394,25097,23050,288,7,93653376,0.008958771368498035
731743,59922,55817,31755,288,7,93663104,0.008958771368498035
731839,46610,38921,56331,288,7,93675392,0.008958771368498035
731937,60946,31753,50186,288,7,93687936,0.008958771368498035
732058,43538,46602,5643,288,7,93703424,0.008958771368498035
732177,54290,46090,16907,288,7,93718656,0.008958771368498035
732378,2578,55306,25611,288,7,93744384,0.008958771368498035
732497,37906,30729,48139,288,7,93759616,0.008958771368498035
732593,33298,47626,19467,288,7,93771904,0.008958771368498035
732679,1042,62986,31755,288,7,93782912,0.008958771368498035
732786,3602,41482,1035,288,7,93796608,0.008958771368498035
732874,62994,30729,64011,288,7,93807872,0.008958771368498035
732950,11282,41481,55306,288,7,93817600,0.008958771368498035
733062,10258,21513,31242,288,7,93831936,0.008958771368498035
733170,50194,25097,34826,288,7,93845760,0.008958771368498035
733282,17426,41481,62987,288,7,93860096,0.008958771368498035
733404,5651,32266,26635,288,7,93875712,0.008958771368498035
733468,54803,20490,45067,288,7,93883904,0.008958771368498035
733551,27667,13833,60426,288,7,93894528,0.008958771368498035
733636,54290,59913,65034,288,7,93905408,0.008958771368498035
733751,26642,58890,17418,288,7,93920128,0.008958771368498035
733843,52242,34313,57354,288,7,93931904,0.008958771368498035
733974,35858,40457,30730,288,7,93948672,0.008958771368498035
734089,47122,60426,18443,288,7,93963392,0.008958771368498035
734182,7698,57354,18955,288,7,93975296,0.008958771368498035
734297,54802,58891,8715,289,7,93990016,0.00859310723100832
734399,62482,50699,10763,289,7,94003072,0.00859310723100832
734490,35859,522,56331,289,7,94014720,0.00859310723100832
734580,33811,6666,38411,289,7,94026240,0.00859310723100832
734669,34323,11275,10251,289,7,94037632,0.00859310723100832
734754,25107,31241,50698,289,7,94048512,0.00859310723100832
734907,14866,62986,17930,289,7,94068096,0.00859310723100832
735001,26642,40458,49675,289,7,94080128,0.00859310723100832
735120,13842,44041,43018,289,7,94095360,0.00859310723100832
735201,45074,48649,21002,289,7,94105728,0.00859310723100832
735324,24594,59913,62475,289,7,94121472,0.00859310723100832
735420,59922,37897,45579,289,7,94133760,0.00859310723100832
735542,23570,45065,49675,289,7,94149376,0.00859310723100832
735642,10770,51721,33802,289,7,94162176,0.00859310723100832
735754,25618,20488,47625,289,7,94176512,0.00859310723100832
735841,53778,5128,51211,289,7,94187648,0.00859310723100832
735948,26641,33289,21002,289,7,94201344,0.00859310723100832
736020,17937,57865,54794,289,7,94210560,0.00859310723100832
736125,17938,2569,62475,289,7,94224000,0.00859310723100832
72724,20480,1024,24577,289,7,9308672,0.00859310723100832
736424,22546,33802,2571,289,7,94262272,0.00859310723100832
736544,33810,43530,56331,289,7,94277632,0.00859310723100832
736639,48146,56331,31754,289,7,94289792,0.00859310723100832
736742,54291,7691,47628,289,7,94302976,0.00859310723100832
736821,1555,12299,55819,289,7,94313088,0.00859310723100832
736903,19987,9740,56333,289,7,94323584,0.00859310723100832
737005,54291,35852,2060,289,7,94336640,0.00859310723100832
737109,9747,6667,33292,289,7,94349952,0.00859310723100832
737190,38931,23051,40459,289,7,94360320,0.00859310723100832
737307,58899,16395,65037,289,7,94375296,0.00859310723100832
737381,10771,10763,41484,289,7,94384768,0.00859310723100832
737470,60435,34828,18957,289,7,94396160,0.00859310723100832
737571,35859,12299,21516,289,7,94409088,0.00859310723100832
737666,23059,30219,49165,289,7,94421248,0.00859310723100832
737778,26132,8716,32781,289,7,94435584,0.00859310723100832
737880,7700,16396,38924,289,7,94448640,0.00859310723100832
737960,59411,53259,46092,289,7,94458880,0.00859310723100832
738053,39955,57867,16907,289,7,94470784,0.00859310723100832
738114,61459,65034,26635,289,7,94478592,0.00859310723100832
738203,64019,47626,8715,289,7,94489984,0.00859310723100832
738326,1555,22026,27147,289,7,94505728,0.00859310723100832
738417,22547,43018,58379,289,7,94517376,0.00859310723100832
738509,61972,29707,37900,289,7,94529152,0.00859310723100832
738603,62996,27148,2573,289,7,94541184,0.00859310723100832
738840,52245,525,56333,289,7,94571520,0.00859310723100832
738919,28692,47629,35341,289,7,94581632,0.00859310723100832
739007,7700,26124,50700,289,7,94592896,0.00859310723100832
739099,16915,65035,39435,289,7,94604672,0.00859310723100832
739198,61971,5130,22539,290,7,94617344,0.008867355334125606
739309,55826,57353,51723,290,7,94631552,0.008867355334125606
739485,6673,1544,45578,290,7,94654080,0.008867355334125606
739700,14866,26634,14347,290,7,94681600,0.008867355334125606
739778,38930,56844,12301,290,7,94691584,0.008867355334125606
739889,43026,55821,10253,290,7,94705792,0.008867355334125606
739983,35858,46092,9229,290,7,94717824,0.008867355334125606
740088,35859,15371,44044,290,7,94731264,0.008867355334125606
740190,3602,53259,37900,290,7,94744320,0.008867355334125606
740275,64530,16395,26636,290,7,94755200,0.008867355334125606
740374,6162,10,46603,290,7,94767872,0.008867355334125606
740496,63504,58378,19468,290,7,94783488,0.008867355334125606
740573,7183,43531,22543,290,7,94793344,0.008867355334125606
740724,21008,21512,42507,290,7,94812672,0.008867355334125606
740799,42000,41480,4107,290,7,94822272,0.008867355334125606
740884,46609,13833,21515,290,7,94833152,0.008867355334125606
740977,8723,3596,28173,290,7,94845056,0.008867355334125606
741089,31252,25612,36877,290,7,94859392,0.008867355334125606
741172,45076,4106,63499,290,7,94870016,0.008867355334125606
741252,53268,12811,47629,290,7,94880256,0.008867355334125606
741452,31253,14347,41995,290,7,94905856,0.008867355334125606
741551,51221,23052,4108,290,7,94918528,0.008867355334125606
741650,46101,26636,13323,290,7,94931200,0.008867355334125606
741734,39957,3084,14859,290,7,94941952,0.008867355334125606
741823,46100,38411,25610,290,7,94953344,0.008867355334125606
741923,30739,17417,30218,290,7,94966144,0.008867355334125606
589875,2064,512,10,290,7,75504000,0.008867355334125606
742124,42510,61449,43532,290,7,94991872,0.008867355334125606
742292,43535,48137,27148,290,7,95013376,0.008867355334125606
742383,63504,9,47116,290,7,95025024,0.008867355334125606
742455,27152,18954,55310,290,7,95034240,0.008867355334125606
742585,7185,22541,2574,290,7,95050880,0.008867355334125606
742680,18450,18445,29710,290,7,95063040,0.008867355334125606
742766,1042,18443,58381,290,7,95074048,0.008867355334125606
742866,35858,2060,4110,290,7,95086848,0.008867355334125606
742961,6162,38412,51726,290,7,95099008,0.008867355334125606
743045,50707,22540,58382,290,7,95109760,0.008867355334125606
743155,32274,35853,31246,290,7,95123840,0.008867355334125606
743224,21524,8717,49678,290,7,95132672,0.008867355334125606
743321,54804,35342,63503,290,7,95145088,0.008867355334125606
743400,18452,13837,4622,290,7,95155200,0.008867355334125606
743519,26131,38412,18445,290,7,95170432,0.008867355334125606
743658,53267,20492,37389,290,7,95188224,0.008867355334125606
743764,53267,1547,14348,290,7,95201792,0.008867355334125606
743882,24593,57865,54795,290,7,95216896,0.008867355334125606
743997,15377,54281,5130,290,7,95231616,0.008867355334125606
744072,4113,25608,55818,291,7,95241216,0.00859310723100832
744185,4624,45064,39434,291,7,95255680,0.00859310723100832
744266,25104,11272,35850,291,7,95266048,0.00859310723100832
744378,21520,50696,14858,291,7,95280384,0.00859310723100832
744466,43537,60425,19978,291,7,95291648,0.00859310723100832
744562,12306,28682,4619,291,7,95303936,0.00859310723100832
744646,25106,43018,43531,291,7,95314688,0.00859310723100832
744967,35347,30732,7180,291,7,95355776,0.00859310723100832
745077,61971,42507,50700,291,7,95369856,0.00859310723100832
745166,36883,10762,45067,291,7,95381248,0.00859310723100832
745252,39443,15370,36363,291,7,95392256,0.00859310723100832
745345,17427,27146,54794,291,7,95404160,0.00859310723100832
745432,24083,31242,49162,291,7,95415296,0.00859310723100832
745514,59411,22538,48139,291,7,95425792,0.00859310723100832
745621,26131,51211,10764,291,7,95439488,0.00859310723100832
745705,49171,60427,47116,291,7,95450240,0.00859310723100832
745792,62483,34315,36876,291,7,95461376,0.00859310723100832
745884,57875,24075,21002,291,7,95473152,0.00859310723100832
745971,9747,27146,60427,291,7,95484288,0.00859310723100832
746093,57363,48138,37899,291,7,95499904,0.00859310723100832
746209,52243,56332,1036,291,7,95514752,0.00859310723100832
746294,63507,53259,44045,291,7,95525632,0.00859310723100832
746366,43539,45579,64012,291,7,95534848,0.00859310723100832
746461,23059,47116,13325,291,7,95547008,0.00859310723100832
746605,1555,18955,31756,291,7,95565440,0.00859310723100832
746692,38931,24586,52234,291,7,95576576,0.00859310723100832
746778,1043,35850,64012,291,7,95587584,0.00859310723100832
746877,19,58378,32267,291,7,95600256,0.00859310723100832
746983,27155,37898,33803,291,7,95613824,0.00859310723100832
747086,14355,43530,50187,291,7,95627008,0.00859310723100832
747198,12307,41994,44043,291,7,95641344,0.00859310723100832
747290,5139,51722,59403,291,7,95653120,0.00859310723100832
747395,50707,11785,58378,291,7,95666560,0.00859310723100832
747474,51218,44041,24074,291,7,95676672,0.00859310723100832
747582,60946,35849,12810,291,7,95690496,0.00859310723100832
747669,21010,3080,58891,291,7,95701632,0.00859310723100832
747792,9745,57864,31754,291,7,95717376,0.00859310723100832
747982,24593,60424,41482,291,7,95741696,0.00859310723100832
748095,27154,6665,22026,291,7,95756160,0.00859310723100832
748182,5650,2569,33290,291,7,95767296,0.00859310723100832
748276,60434,12809,49162,291,7,95779328,0.00859310723100832
748375,43026,26121,31242,291,7,95792000,0.00859310723100832
748470,45074,32777,45579,291,7,95804160,0.00859310723100832
748564,34322,44553,46603,291,7,95816192,0.00859310723100832
748649,8210,49674,9739,291,7,95827072,0.00859310723100832
748852,27155,7691,13835,291,7,95853056,0.00859310723100832
748966,49683,9739,1547,291,7,95867648,0.00859310723100832
749047,49683,16394,58379,292,7,95878016,0.008867355334125606
749152,57362,56842,20490,292,7,95891456,0.008867355334125606
749255,12307,10,26123,292,7,95904640,0.008867355334125606
749350,25106,57354,19467,292,7,95916800,0.008867355334125606
749445,49682,47626,8714,292,7,95928960,0.008867355334125606
749557,6675,14859,523,292,7,95943296,0.008867355334125606
749648,63507,21002,38411,292,7,95954944,0.008867355334125606
749780,3602,59402,1547,292,7,95971840,0.008867355334125606
749903,39442,50185,48650,292,7,95987584,0.008867355334125606
750039,8722,21512,64010,292,7,96004992,0.008867355334125606
750119,49682,35337,12298,292,7,96015232,0.008867355334125606
750198,50194,12296,54795,292,7,96025344,0.008867355334125606
750324,36370,2057,33802,292,7,96041472,0.008867355334125606
750419,38417,64522,5131,292,7,96053632,0.008867355334125606
750525,43538,5642,41995,292,7,96067200,0.008867355334125606
750602,17938,13322,30731,292,7,96077056,0.008867355334125606
750689,19986,35338,62477,292,7,96088192,0.008867355334125606
750811,60947,10251,523,292,7,96103808,0.008867355334125606
750891,55315,26635,7179,292,7,96114048,0.008867355334125606
751004,37907,25610,55819,292,7,96128512,0.008867355334125606
751097,30739,26634,8202,292,7,96140416,0.008867355334125606
751207,19,21001,55306,292,7,96154496,0.008867355334125606
751304,18451,36362,35339,292,7,96166912,0.008867355334125606
751383,46611,32266,27659,292,7,96177024,0.008867355334125606
751470,61971,34314,56843,292,7,96188160,0.008867355334125606
751593,61459,29195,11,292,7,96203904,0.008867355334125606
751711,31763,3082,39946,292,7,96219008,0.008867355334125606
751791,45587,26122,39434,292,7,96229248,0.008867355334125606
751902,49682,38409,11274,292,7,96243456,0.008867355334125606
751983,64018,25097,12810,292,7,96253824,0.008867355334125606
752103,50706,11785,25610,292,7,96269184,0.008867355334125606
596004,2066,8,1026,292,7,76288512,0.008867355334125606
752290,12306,30729,26634,292,7,96293120,0.008867355334125606
752410,9234,22537,40971,292,7,96308480,0.008867355334125606
752493,37394,26633,38410,292,7,96319104,0.008867355334125606
752579,59410,39434,14346,292,7,96330112,0.008867355334125606
752673,31250,59915,4107,292,7,96342144,0.008867355334125606
752762,27155,17419,9229,292,7,96353536,0.008867355334125606
752870,7187,17931,10252,292,7,96367360,0.008867355334125606
752992,8211,11275,18957,292,7,96382976,0.008867355334125606
675201,16,514,1024,292,7,86425728,0.008867355334125606
753194,25107,12810,14346,292,7,96408832,0.008867355334125606
753295,65042,57866,6154,292,7,96421760,0.008867355334125606
753382,34834,53257,29194,292,7,96432896,0.008867355334125606
753464,26642,32265,12811,292,7,96443392,0.008867355334125606
753583,50706,58377,46602,292,7,96458624,0.008867355334125606
753764,44562,35338,44555,292,7,96481792,0.008867355334125606
753858,61458,50698,54795,292,7,96493824,0.008867355334125606
753990,31762,41482,49675,292,7,96510720,0.008867355334125606
754095,65042,51722,6155,293,7,96524160,0.008958771368498035
754205,14866,48138,12299,293,7,96538240,0.008958771368498035
754286,3602,51210,21002,293,7,96548608,0.008958771368498035
754382,48658,44042,9739,293,7,96560896,0.008958771368498035
754493,28178,52233,46602,293,7,96575104,0.008958771368498035
754599,10770,55818,24587,293,7,96588672,0.008958771368498035
754687,18451,6666,33802,293,7,96599936,0.008958771368498035
754793,44562,61450,43533,293,7,96613504,0.008958771368498035
754890,49170,61963,523,293,7,96625920,0.008958771368498035
754996,1555,2058,51211,293,7,96639488,0.008958771368498035
755073,29714,49162,31243,293,7,96649344,0.008958771368498035
755157,32786,64522,25611,293,7,96660096,0.008958771368498035
755244,30226,49673,51723,293,7,96671232,0.008958771368498035
755346,52242,39946,14346,293,7,96684288,0.008958771368498035
755454,38418,60426,19467,293,7,96698112,0.008958771368498035
755567,44562,31753,51722,293,7,96712576,0.008958771368498035
755673,58386,51209,59403,293,7,96726144,0.008958771368498035
755767,52242,61961,54283,293,7,96738176,0.008958771368498035
755850,2578,52746,17931,293,7,96748800,0.008958771368498035
755925,43027,9226,33803,293,7,96758400,0.008958771368498035
756038,23059,10,45579,293,7,96772864,0.008958771368498035
756136,47634,47114,13323,293,7,96785408,0.008958771368498035
756325,530,64009,34315,293,7,96809600,0.008958771368498035
756423,17426,49161,43531,293,7,96822144,0.008958771368498035
756535,39954,52233,56331,293,7,96836480,0.008958771368498035
756658,8210,48137,34824,293,7,96852224,0.008958771368498035
756765,54290,53257,41482,293,7,96865920,0.008958771368498035
756847,12818,53769,51211,293,7,96876416,0.008958771368498035
756953,52754,42505,60427,293,7,96889984,0.008958771368498035
757024,37394,47626,17418,293,7,96899072,0.008958771368498035
757150,29714,52745,56330,293,7,96915200,0.008958771368498035
757233,32786,58889,48138,293,7,96925824,0.008958771368498035
757311,11282,59402,13323,293,7,96935808,0.008958771368498035
757384,38419,13834,24587,293,7,96945152,0.008958771368498035
757483,36883,2058,46603,293,7,96957824,0.008958771368498035
757563,5139,18954,57355,293,7,96968064,0.008958771368498035
757665,48659,13835,27148,293,7,96981120,0.008958771368498035
757745,48147,6667,16395,293,7,96991360,0.008958771368498035
757848,9747,23052,16396,293,7,97004544,0.008958771368498035
757933,17427,30219,50188,293,7,97015424,0.008958771368498035
758023,44051,14859,46604,293,7,97026944,0.008958771368498035
758147,19475,38411,38412,293,7,97042816,0.008958771368498035
758232,49683,22539,35339,293,7,97053696,0.008958771368498035
758336,16915,25611,5643,293,7,97067008,0.008958771368498035
758438,49683,1546,26635,293,7,97080064,0.008958771368498035
758516,63506,57865,44042,293,7,97090048,0.008958771368498035
758636,8722,30730,30731,293,7,97105408,0.008958771368498035
758723,49170,41482,58379,293,7,97116544,0.008958771368498035
758838,37907,10763,14349,293,7,97131264,0.008958771368498035
758936,3091,15372,1548,294,7,97143808,0.00850169119663589
759036,37395,24587,25100,294,7,97156608,0.00850169119663589
759131,14867,19467,10763,294,7,97168768,0.00850169119663589
759204,21011,34827,7178,294,7,97178112,0.00850169119663589
759300,55827,10,53259,294,7,97190400,0.00850169119663589
759409,53779,5641,51210,294,7,97204352,0.00850169119663589
759508,12307,3081,53771,294,7,97217024,0.00850169119663589
759580,16403,8714,28683,294,7,97226240,0.00850169119663589
759684,65042,59914,13323,294,7,97239552,0.00850169119663589
759787,34834,31242,37899,294,7,97252736,0.00850169119663589
759875,15890,53770,38923,294,7,97264000,0.00850169119663589
759973,39954,53258,33803,294,7,97276544,0.00850169119663589
760070,5651,13835,20492,294,7,97288960,0.00850169119663589
760155,57363,30218,57868,294,7,97299840,0.00850169119663589
760264,45075,40458,61963,294,7,97313792,0.00850169119663589
760357,55827,32779,2059,294,7,97325696,0.00850169119663589
760452,28179,27146,61451,294,7,97337856,0.00850169119663589
760539,28691,26123,9227,294,7,97348992,0.00850169119663589
760632,53779,33290,30219,294,7,97360896,0.00850169119663589
760738,22034,62474,25611,294,7,97374464,0.00850169119663589
760833,61459,39435,9739,294,7,97386624,0.00850169119663589
760911,4115,31755,6155,294,7,97396608,0.00850169119663589
760999,30227,21515,8715,294,7,97407872,0.00850169119663589
761098,27155,18442,22027,294,7,97420544,0.00850169119663589
761196,53266,53770,28171,294,7,97433088,0.00850169119663589
761287,52754,40970,33291,294,7,97444736,0.00850169119663589
761376,43026,31242,522,294,7,97456128,0.00850169119663589
761455,31758,56328,22539,294,7,97466240,0.00850169119663589
761581,57360,33289,9739,294,7,97482368,0.00850169119663589
761669,52754,45067,18444,294,7,97493632,0.00850169119663589
761796,16402,57868,10253,294,7,97509888,0.00850169119663589
761871,37907,12301,6157,294,7,97519488,0.00850169119663589
761963,55315,42509,20492,294,7,97531264,0.00850169119663589
762065,15379,30220,6157,294,7,97544320,0.00850169119663589
762156,50707,34316,51212,294,7,97555968,0.00850169119663589
762275,56852,12300,4620,294,7,97571200,0.00850169119663589
762382,531,62986,64523,294,7,97584896,0.00850169119663589
762468,54291,48138,55307,294,7,97595904,0.00850169119663589
762553,25619,59403,1035,294,7,97606784,0.00850169119663589
762632,1043,54794,62474,294,7,97616896,0.00850169119663589
762748,34323,42506,41995,294,7,97631744,0.00850169119663589
762837,14355,32266,37387,294,7,97643136,0.00850169119663589
762931,60947,16906,48139,294,7,97655168,0.00850169119663589
763022,23570,50186,63501,294,7,97666816,0.00850169119663589
763102,530,38923,6154,294,7,97677056,0.00850169119663589
763217,65043,2058,44555,294,7,97691776,0.00850169119663589
763308,10771,6154,47629,294,7,97703424,0.00850169119663589
763383,24083,14346,61451,294,7,97713024,0.00850169119663589
763476,29715,38411,19468,294,7,97724928,0.00850169119663589
763612,64531,12811,55820,294,7,97742336,0.00850169119663589
763681,57364,11,56332,295,7,97751168,0.009141603437242893
763783,39443,44044,33806,295,7,97764224,0.009141603437242893
763888,38419,44043,61452,295,7,97777664,0.009141603437242893
763968,21523,34315,59917,295,7,97787904,0.009141603437242893
764068,6164,1036,52236,295,7,97800704,0.009141603437242893
764213,17939,33805,39438,295,7,97819264,0.009141603437242893
764318,21523,48140,17421,295,7,97832704,0.009141603437242893
764413,5651,55308,47629,295,7,97844864,0.009141603437242893
764525,33299,38411,53260,295,7,97859200,0.009141603437242893
764611,38419,65035,64524,295,7,97870208,0.009141603437242893
764684,19,47627,65036,295,7,97879552,0.009141603437242893
764764,8723,36875,24587,295,7,97889792,0.009141603437242893
764894,4115,29195,54284,295,7,97906432,0.009141603437242893
764968,62995,22027,34316,295,7,97915904,0.009141603437242893
765066,53778,28682,49676,295,7,97928448,0.009141603437242893
765168,22034,62475,12,295,7,97941504,0.009141603437242893
765245,14355,24587,65037,295,7,97951360,0.009141603437242893
765359,42003,60941,30734,295,7,97965952,0.009141603437242893
765449,45076,12815,27151,295,7,97977472,0.009141603437242893
765527,34324,20493,7693,295,7,97987456,0.009141603437242893
765612,58387,53772,28173,295,7,97998336,0.009141603437242893
765695,44563,48140,35341,295,7,98008960,0.009141603437242893
765802,45076,5132,47629,295,7,98022656,0.009141603437242893
765898,36883,55307,41484,295,7,98034944,0.009141603437242893
765998,6675,55819,51724,295,7,98047744,0.009141603437242893
766100,48147,62987,21516,295,7,98060800,0.009141603437242893
766175,17427,46091,35852,295,7,98070400,0.009141603437242893
766302,60947,34828,3596,295,7,98086656,0.009141603437242893
766434,24595,48140,43021,295,7,98103552,0.009141603437242893
766515,1555,61965,41998,295,7,98113920,0.009141603437242893
766621,61459,51213,5133,295,7,98127488,0.009141603437242893
766726,48660,13,9231,295,7,98140928,0.009141603437242893
766828,54291,53261,525,295,7,98153984,0.009141603437242893
766941,60435,65036,28685,295,7,98168448,0.009141603437242893
767030,47124,14860,9228,295,7,98179840,0.009141603437242893
767243,62483,65036,23053,295,7,98207104,0.009141603437242893
767364,18964,2573,10254,295,7,98222592,0.009141603437242893
767434,24595,49165,50190,295,7,98231552,0.009141603437242893
767550,50196,16910,28174,295,7,98246400,0.009141603437242893
767641,6164,9742,41998,295,7,98258048,0.009141603437242893
767748,5140,13324,23564,295,7,98271744,0.009141603437242893
767846,9747,46091,57356,295,7,98284288,0.009141603437242893
767952,40467,41483,35852,295,7,98297856,0.009141603437242893
768016,33811,24587,15371,295,7,98306048,0.009141603437242893
768093,45075,3595,525,295,7,98315904,0.009141603437242893
768232,29203,28683,11788,295,7,98333696,0.009141603437242893
768341,56851,16394,54796,295,7,98347648,0.009141603437242893
768446,31251,39435,36876,295,7,98361088,0.009141603437242893
768522,49171,35851,54797,295,7,98370816,0.009141603437242893
768617,46611,7691,37900,296,7,98382976,0.00859310723100832
768764,36883,41483,55309,296,7,98401792,0.00859310723100832
768848,35859,23050,62476,296,7,98412544,0.00859310723100832
768970,24083,12299,22028,296,7,98428160,0.00859310723100832
769079,43027,21003,34317,296,7,98442112,0.00859310723100832
669824,2065,8,0,296,7,85737472,0.00859310723100832
769260,43539,25099,13324,296,7,98465280,0.00859310723100832
769373,29203,21514,49165,296,7,98479744,0.00859310723100832
769477,57363,18443,23052,296,7,98493056,0.00859310723100832
769569,51731,27659,21516,296,7,98504832,0.00859310723100832
769641,51731,22027,14348,296,7,98514048,0.00859310723100832
769768,31251,13322,39948,296,7,98530304,0.00859310723100832
769882,24595,14858,55821,296,7,98544896,0.00859310723100832
769997,4627,17930,59916,296,7,98559616,0.00859310723100832
770092,45075,21003,5644,296,7,98571776,0.00859310723100832
770169,60435,29707,27661,296,7,98581632,0.00859310723100832
770247,41491,16394,53771,296,7,98591616,0.00859310723100832
770330,7187,34315,15372,296,7,98602240,0.00859310723100832
770439,32787,35338,48653,296,7,98616192,0.00859310723100832
770521,63507,10763,2572,296,7,98626688,0.00859310723100832
770613,19,34827,28685,296,7,98638464,0.00859310723100832
770707,39955,39435,40460,296,7,98650496,0.00859310723100832
770780,16915,27147,33804,296,7,98659840,0.00859310723100832
770889,60947,42508,49677,296,7,98673792,0.00859310723100832
770979,36371,47115,41996,296,7,98685312,0.00859310723100832
771104,6163,45067,33804,296,7,98701312,0.00859310723100832
771211,52243,34315,37900,296,7,98715008,0.00859310723100832
771295,43539,52235,37900,296,7,98725760,0.00859310723100832
771389,52243,32779,522,296,7,98737792,0.00859310723100832
771472,6163,33803,6666,296,7,98748416,0.00859310723100832
771548,64019,46091,5642,296,7,98758144,0.00859310723100832
771635,33811,41995,23564,296,7,98769280,0.00859310723100832
771726,16914,54795,49164,296,7,98780928,0.00859310723100832
771823,40467,22539,38922,296,7,98793344,0.00859310723100832
771924,10259,53259,6155,296,7,98806272,0.00859310723100832
772013,24595,32779,12300,296,7,98817664,0.00859310723100832
772118,9235,56331,7691,296,7,98831104,0.00859310723100832
772212,59923,27659,8714,296,7,98843136,0.00859310723100832
772318,2067,30219,23564,296,7,98856704,0.00859310723100832
772397,28179,33803,4619,296,7,98866816,0.00859310723100832
772502,60947,33290,43019,296,7,98880256,0.00859310723100832
772706,28691,31242,54795,296,7,98906368,0.00859310723100832
98593,0,522,1032,296,7,12619904,0.00859310723100832
773052,46099,10250,2570,296,7,98950656,0.00859310723100832
773156,27155,6665,55307,296,7,98963968,0.00859310723100832
773249,58387,5130,523,296,7,98975872,0.00859310723100832
773330,59923,13322,33291,296,7,98986240,0.00859310723100832
773412,21011,16906,54795,296,7,98996736,0.00859310723100832
773505,24595,10250,44043,297,7,99008640,0.008775939299753177
773577,64531,16906,31755,297,7,99017856,0.008775939299753177
773702,13331,1545,58891,297,7,99033856,0.008775939299753177
773809,47123,7177,51723,297,7,99047552,0.008775939299753177
773931,28690,61450,18443,297,7,99063168,0.008775939299753177
774038,4114,54793,61450,297,7,99076864,0.008775939299753177
774126,47635,16394,12811,297,7,99088128,0.008775939299753177
774220,9747,5642,27147,297,7,99100160,0.008775939299753177
774316,31763,8714,13323,297,7,99112448,0.008775939299753177
774383,52243,4106,31755,297,7,99121024,0.008775939299753177
774483,31250,59914,8202,297,7,99133824,0.008775939299753177
774611,48146,49673,37898,297,7,99150208,0.008775939299753177
774687,18451,7177,35338,297,7,99159936,0.008775939299753177
774804,60946,57865,47626,297,7,99174912,0.008775939299753177
774910,56339,9,46090,297,7,99188480,0.008775939299753177
775006,44050,54794,8203,297,7,99200768,0.008775939299753177
775096,52754,57866,22539,297,7,99212288,0.008775939299753177
775198,3602,40457,53258,297,7,99225344,0.008775939299753177
775285,18,42505,29707,297,7,99236480,0.008775939299753177
775371,25107,14346,42507,297,7,99247488,0.008775939299753177
775453,25618,59913,62987,297,7,99257984,0.008775939299753177
775538,8722,62474,9227,297,7,99268864,0.008775939299753177
775629,23571,20490,57867,297,7,99280512,0.008775939299753177
775722,31763,11275,9739,297,7,99292416,0.008775939299753177
775814,49683,22026,51211,297,7,99304192,0.008775939299753177
775921,55315,21002,30218,297,7,99317888,0.008775939299753177
776024,8211,25098,5131,297,7,99331072,0.008775939299753177
776138,9235,20490,18443,297,7,99345664,0.008775939299753177
776227,32275,25098,37899,297,7,99357056,0.008775939299753177
776339,55315,34826,38411,297,7,99371392,0.008775939299753177
776449,31251,45579,15371,297,7,99385472,0.008775939299753177
776545,62995,24075,2571,297,7,99397760,0.008775939299753177
776633,14867,27146,62987,297,7,99409024,0.008775939299753177
776715,11283,61963,21003,297,7,99419520,0.008775939299753177
776955,42003,13835,2059,297,7,99450240,0.008775939299753177
777157,29715,44043,50700,297,7,99476096,0.008775939299753177
657436,19,513,1,297,7,84151808,0.008775939299753177
777332,6675,15371,49674,297,7,99498496,0.008775939299753177
777447,5137,43018,48650,297,7,99513216,0.008775939299753177
777552,28690,31243,47117,297,7,99526656,0.008775939299753177
777641,48659,14860,43533,297,7,99538048,0.008775939299753177
777725,23570,40971,31244,297,7,99548800,0.008775939299753177
777808,29202,12810,60428,297,7,99559424,0.008775939299753177
777908,11282,38411,49676,297,7,99572224,0.008775939299753177
778008,11794,60939,21004,297,7,99585024,0.008775939299753177
778098,7187,9738,44043,297,7,99596544,0.008775939299753177
778180,6675,10762,39947,297,7,99607040,0.008775939299753177
778277,30738,58890,10251,297,7,99619456,0.008775939299753177
778370,54803,4106,11787,298,7,99631360,0.008318859127891032
778449,19475,15882,23563,298,7,99641472,0.008318859127891032
778522,28179,14346,40459,298,7,99650816,0.008318859127891032
778646,15890,52234,27147,298,7,99666688,0.008318859127891032
778724,40466,58889,43018,298,7,99676672,0.008318859127891032
778811,58386,45576,64522,298,7,99687808,0.008318859127891032
778927,56338,9737,6154,298,7,99702656,0.008318859127891032
779001,14354,29705,45066,298,7,99712128,0.008318859127891032
779129,47634,17417,29706,298,7,99728512,0.008318859127891032
779217,4625,55304,56330,298,7,99739776,0.008318859127891032
779321,30737,45576,62986,298,7,99753088,0.008318859127891032
779417,2577,29705,9226,298,7,99765376,0.008318859127891032
779507,25105,56329,43530,298,7,99776896,0.008318859127891032
779587,62993,59914,523,298,7,99787136,0.008318859127891032
779680,50193,53257,46602,298,7,99799040,0.008318859127891032
779793,39441,49673,9226,298,7,99813504,0.008318859127891032
779871,27666,8201,20490,298,7,99823488,0.008318859127891032
779962,59922,12297,56331,298,7,99835136,0.008318859127891032
780059,35858,48651,4108,298,7,99847552,0.008318859127891032
780143,12307,13835,38924,298,7,99858304,0.008318859127891032
780221,23059,30220,3596,298,7,99868288,0.008318859127891032
780356,64531,48139,57356,298,7,99885568,0.008318859127891032
780461,51732,8204,27149,298,7,99899008,0.008318859127891032
780546,3092,2059,38412,298,7,99909888,0.008318859127891032
780636,1043,46603,44044,298,7,99921408,0.008318859127891032
780729,48659,38923,34314,298,7,99933312,0.008318859127891032
780834,52755,33802,60939,298,7,99946752,0.008318859127891032
780920,37907,36874,37387,298,7,99957760,0.008318859127891032
781087,49683,36875,54285,298,7,99979136,0.008318859127891032
107321,2067,8,12,298,7,13737088,0.008318859127891032
781269,17940,18445,13325,298,7,100002432,0.008318859127891032
781373,8211,54285,21517,298,7,100015744,0.008318859127891032
781464,11283,23052,17420,298,7,100027392,0.008318859127891032
156810,3,515,1032,298,7,20071680,0.008318859127891032
781678,41491,48138,62987,298,7,100054784,0.008318859127891032
781764,64019,57355,25100,298,7,100065792,0.008318859127891032
781844,51220,25611,39436,298,7,100076032,0.008318859127891032
782043,17429,15373,43533,298,7,100101504,0.008318859127891032
782195,63509,12814,41998,298,7,100120960,0.008318859127891032
782286,22549,5132,38413,298,7,100132608,0.008318859127891032
782403,46100,30733,22029,298,7,100147584,0.008318859127891032
782542,5651,65037,28685,298,7,100165376,0.008318859127891032
782624,57363,50699,65036,298,7,100175872,0.008318859127891032
782704,5651,13322,37899,298,7,100186112,0.008318859127891032
782784,38930,51722,7179,298,7,100196352,0.008318859127891032
782890,5650,21001,41994,298,7,100209920,0.008318859127891032
783027,32786,37897,16394,298,7,100227456,0.008318859127891032
783109,17938,36362,11,298,7,100237952,0.008318859127891032
783222,61458,7180,6157,298,7,100252416,0.008318859127891032
783324,27155,1550,18447,299,7,100265472,0.008227443093518604
783406,32787,13324,1549,299,7,100275968,0.008227443093518604
783526,32274,44555,49677,299,7,100291328,0.008227443093518604
783628,37394,32780,24077,299,7,100304384,0.008227443093518604
783703,55313,41483,34316,299,7,100313984,0.008227443093518604
783793,28176,49672,56331,299,7,100325504,0.008227443093518604
783910,15888,42506,27660,299,7,100340480,0.008227443093518604
783993,56848,24586,61965,299,7,100351104,0.008227443093518604
784091,10769,5130,26124,299,7,100363648,0.008227443093518604
784174,30737,54281,13835,299,7,100374272,0.008227443093518604
784295,56338,32779,18444,299,7,100389760,0.008227443093518604
784385,34835,26124,61453,299,7,100401280,0.008227443093518604
784483,46101,47631,61965,299,7,100413824,0.008227443093518604
784569,9749,20491,62477,299,7,100424832,0.008227443093518604
784666,29716,50187,15373,299,7,100437248,0.008227443093518604
784738,38421,21515,35852,299,7,100446464,0.008227443093518604
784856,22549,46091,29708,299,7,100461568,0.008227443093518604
784931,38934,6667,22027,299,7,100471168,0.008227443093518604
785027,64022,17931,1035,299,7,100483456,0.008227443093518604
785114,46614,37899,18443,299,7,100494592,0.008227443093518604
785217,55318,18443,55821,299,7,100507776,0.008227443093518604
785295,40981,50187,23051,299,7,100517760,0.008227443093518604
785370,2580,64522,12811,299,7,100527360,0.008227443093518604
785451,8722,9737,45068,299,7,100537728,0.008227443093518604
785529,62992,55817,38412,299,7,100547712,0.008227443093518604
785610,49168,36360,47117,299,7,100558080,0.008227443093518604
785737,53262,44041,3085,299,7,100574336,0.008227443093518604
785840,15374,45066,22543,299,7,100587520,0.008227443093518604
785937,25616,5643,1038,299,7,100599936,0.008227443093518604
786043,34321,30218,37389,299,7,100613504,0.008227443093518604
786282,5652,1037,15375,299,7,100644096,0.008227443093518604
786372,21012,18956,49166,299,7,100655616,0.008227443093518604
786488,39444,50700,31758,299,7,100670464,0.008227443093518604
786598,44565,9739,49677,299,7,100684544,0.008227443093518604
786710,58388,50187,10765,299,7,100698880,0.008227443093518604
786816,28693,1036,525,299,7,100712448,0.008227443093518604
786903,5652,28682,56332,299,7,100723584,0.008227443093518604
786981,45588,33290,51212,299,7,100733568,0.008227443093518604
787076,53267,61962,21004,299,7,100745728,0.008227443093518604
787144,47635,43529,63499,299,7,100754432,0.008227443093518604
787278,37907,37897,11,299,7,100771584,0.008227443093518604
787376,44051,25096,29707,299,7,100784128,0.008227443093518604
787459,57363,8,14346,299,7,100794752,0.008227443093518604
787535,50194,26631,55306,299,7,100804480,0.008227443093518604
787613,24594,4615,33801,299,7,100814464,0.008227443093518604
787696,34321,53255,9737,299,7,100825088,0.008227443093518604
787806,22545,45574,48651,299,7,100839168,0.008227443093518604
787887,26130,9735,21003,299,7,100849536,0.008227443093518604
787977,50195,31240,25098,299,7,100861056,0.008227443093518604
788059,42515,25608,53258,300,7,100871552,0.00850169119663589
788160,26131,50698,20491,300,7,100884480,0.00850169119663589
788244,30228,24587,16396,300,7,100895232,0.00850169119663589
788331,35860,50187,47628,300,7,100906368,0.00850169119663589
788461,17428,51212,41485,300,7,100923008,0.00850169119663589
788544,63508,60427,44044,300,7,100933632,0.00850169119663589
788633,30740,22026,16396,300,7,100945024,0.00850169119663589
788735,55316,25610,29707,300,7,100958080,0.00850169119663589
788848,47124,42506,54796,300,7,100972544,0.00850169119663589
788930,39956,32778,30219,300,7,100983040,0.00850169119663589
789017,22548,19466,20490,300,7,100994176,0.00850169119663589
789127,4628,40970,15883,300,7,101008256,0.00850169119663589
789212,14868,53770,30731,300,7,101019136,0.00850169119663589
789312,4628,57866,33805,300,7,101031936,0.00850169119663589
789398,16916,59914,26125,300,7,101042944,0.00850169119663589
789490,14356,46090,30731,300,7,101054720,0.00850169119663589
789612,44564,37899,32780,300,7,101070336,0.00850169119663589
789691,24084,25099,32780,300,7,101080448,0.00850169119663589
789782,28180,22027,36876,300,7,101092096,0.00850169119663589
789904,22548,31755,34316,300,7,101107712,0.00850169119663589
790010,15892,23563,10252,300,7,101121280,0.00850169119663589
790103,52756,41994,48140,300,7,101133184,0.00850169119663589
790214,23572,58890,30221,300,7,101147392,0.00850169119663589
790311,53780,56842,2059,300,7,101159808,0.00850169119663589
790424,1556,50698,13835,300,7,101174272,0.00850169119663589
790549,39444,41994,38411,300,7,101190272,0.00850169119663589
790629,55316,25609,52235,300,7,101200512,0.00850169119663589
790747,19988,31241,30730,300,7,101215616,0.00850169119663589
790884,40468,2057,13834,300,7,101233152,0.00850169119663589
790971,3603,51721,2058,300,7,101244288,0.00850169119663589
791046,48659,10760,56842,300,7,101253888,0.00850169119663589
791157,19987,20488,47114,300,7,101268096,0.00850169119663589
791239,2579,18952,26120,300,7,101278592,0.00850169119663589
791356,25619,19464,9738,300,7,101293568,0.00850169119663589
791443,51731,24584,26122,300,7,101304704,0.00850169119663589
791533,19987,35337,6667,300,7,101316224,0.00850169119663589
791659,40979,55305,39434,300,7,101332352,0.00850169119663589
791742,30227,65033,40459,300,7,101342976,0.00850169119663589
791825,29716,1033,15883,300,7,101353600,0.00850169119663589
791929,6676,9738,2059,300,7,101366912,0.00850169119663589
792020,62996,29706,22539,300,7,101378560,0.00850169119663589
792109,42004,17418,31755,300,7,101389952,0.00850169119663589
792289,7188,14345,54283,300,7,101412992,0.00850169119663589
792390,21524,26121,35339,300,7,101425920,0.00850169119663589
792465,15892,32777,52235,300,7,101435520,0.00850169119663589
792585,42516,21002,14347,300,7,101450880,0.00850169119663589
792684,4116,9738,19467,300,7,101463552,0.00850169119663589
792775,60948,5642,7690,300,7,101475200,0.00850169119663589
792880,5139,58377,20490,300,7,101488640,0.00850169119663589
792961,22035,50185,4618,301,7,101499008,0.008684523265380748
793055,10771,54793,18954,301,7,101511040,0.008684523265380748
793161,19987,56329,11274,301,7,101524608,0.008684523265380748
793249,2067,65033,43530,301,7,101535872,0.008684523265380748
793343,47635,65033,57355,301,7,101547904,0.008684523265380748
793441,33299,65033,23563,301,7,101560448,0.008684523265380748
793554,18451,55817,20490,301,7,101574912,0.008684523265380748
793638,40980,3081,10250,301,7,101585664,0.008684523265380748
793724,62483,40968,50699,301,7,101596672,0.008684523265380748
793838,44051,51721,12298,301,7,101611264,0.008684523265380748
793956,53779,18441,24586,301,7,101626368,0.008684523265380748
794052,42515,55305,21514,301,7,101638656,0.008684523265380748
794153,25619,47113,19466,301,7,101651584,0.008684523265380748
794255,21011,47113,22026,301,7,101664640,0.008684523265380748
794343,42515,43529,46090,301,7,101675904,0.008684523265380748
794439,49683,56841,61451,301,7,101688192,0.008684523265380748
794534,34835,65033,44043,301,7,101700352,0.008684523265380748
794657,9236,37385,58379,301,7,101716096,0.008684523265380748
794761,58900,49674,3083,301,7,101729408,0.008684523265380748
794853,15892,19465,49163,301,7,101741184,0.008684523265380748
794949,39956,36873,51722,301,7,101753472,0.008684523265380748
795054,52244,10249,48138,301,7,101766912,0.008684523265380748
795133,57876,37897,48140,301,7,101777024,0.008684523265380748
795256,16917,8201,55307,301,7,101792768,0.008684523265380748
795348,62997,2569,52235,301,7,101804544,0.008684523265380748
795431,37396,47114,5131,301,7,101815168,0.008684523265380748
795529,19988,36362,38411,301,7,101827712,0.008684523265380748
795604,59412,14346,7691,301,7,101837312,0.008684523265380748
795701,43027,50697,37898,301,7,101849728,0.008684523265380748
795785,55827,29193,6666,301,7,101860480,0.008684523265380748
795872,56339,15880,18954,301,7,101871616,0.008684523265380748
795989,54290,34312,40970,301,7,101886592,0.008684523265380748
796087,33299,2057,8202,301,7,101899136,0.008684523265380748
796168,45587,25098,4619,301,7,101909504,0.008684523265380748
796255,47123,35850,54796,301,7,101920640,0.008684523265380748
796363,57364,15371,56332,301,7,101934464,0.008684523265380748
796467,17940,16395,18957,301,7,101947776,0.008684523265380748
796578,52756,32779,23053,301,7,101961984,0.008684523265380748
796663,62484,41995,16908,301,7,101972864,0.008684523265380748
796824,15892,29705,56331,301,7,101993472,0.008684523265380748
796902,50708,29193,16907,301,7,102003456,0.008684523265380748
796986,4628,13320,45066,301,7,102014208,0.008684523265380748
797073,59411,64520,44042,301,7,102025344,0.008684523265380748
797158,35859,57352,59402,301,7,102036224,0.008684523265380748
797249,21523,16904,43530,301,7,102047872,0.008684523265380748
797335,53779,22536,48138,301,7,102058880,0.008684523265380748
797439,48147,35848,43018,301,7,102072192,0.008684523265380748
797530,26643,34824,25610,301,7,102083840,0.008684523265380748
797611,50195,26632,18954,301,7,102094208,0.008684523265380748
797727,17939,43017,5642,301,7,102109056,0.008684523265380748
797797,46099,53257,16907,302,7,102118016,0.009141603437242893
797886,6163,49673,2571,302,7,102129408,0.009141603437242893
797985,52243,62985,28683,302,7,102142080,0.009141603437242893
798081,33811,58377,7691,302,7,102154368,0.009141603437242893
798180,61460,3081,43531,302,7,102167040,0.009141603437242893
798285,56340,7178,6155,302,7,102180480,0.009141603437242893
798375,18964,16906,12811,302,7,102192000,0.009141603437242893
798487,29716,27145,62987,302,7,102206336,0.009141603437242893
798622,7188,20490,51723,302,7,102223616,0.009141603437242893
798726,27668,16906,38410,302,7,102236928,0.009141603437242893
798813,14868,16906,41995,302,7,102248064,0.009141603437242893
798896,19988,10762,5131,302,7,102258688,0.009141603437242893
798975,45075,65033,29194,302,7,102268800,0.009141603437242893
799054,32788,9225,3594,302,7,102278912,0.009141603437242893
799163,7699,65033,8202,302,7,102292864,0.009141603437242893
799246,14356,7176,62986,302,7,102303488,0.009141603437242893
799346,34324,13833,24586,302,7,102316288,0.009141603437242893
799462,50195,65033,34314,302,7,102331136,0.009141603437242893
799573,19476,14345,20490,302,7,102345344,0.009141603437242893
799674,37907,65033,36874,302,7,102358272,0.009141603437242893
799756,58899,60425,32778,302,7,102368768,0.009141603437242893
799867,7700,10,30731,302,7,102382976,0.009141603437242893
799973,2068,43531,9739,302,7,102396544,0.009141603437242893
800098,57876,4105,37387,302,7,102412544,0.009141603437242893
800177,30228,11273,40459,302,7,102422656,0.009141603437242893
800262,16915,36361,10,302,7,102433536,0.009141603437242893
800392,18963,47624,61962,302,7,102450176,0.009141603437242893
800481,1043,58889,17418,302,7,102461568,0.009141603437242893
800584,15379,65033,9226,302,7,102474752,0.009141603437242893
800686,65043,64009,8202,302,7,102487808,0.009141603437242893
800785,6163,62985,16906,302,7,102500480,0.009141603437242893
800854,9748,5641,47114,302,7,102509312,0.009141603437242893
800978,27156,13833,62475,302,7,102525184,0.009141603437242893
801086,51220,2057,39435,302,7,102539008,0.009141603437242893
801158,49172,17417,19466,302,7,102548224,0.009141603437242893
801253,31764,9,21514,302,7,102560384,0.009141603437242893
801333,54292,29194,20491,302,7,102570624,0.009141603437242893
801450,27155,60425,44043,302,7,102585600,0.009141603437242893
801528,13844,2057,34314,302,7,102595584,0.009141603437242893
801603,44051,64521,31754,302,7,102605184,0.009141603437242893
801733,6675,65033,26634,302,7,102621824,0.009141603437242893
801833,29203,64009,20490,302,7,102634624,0.009141603437242893
801960,10772,7177,7178,302,7,102650880,0.009141603437242893
802050,62483,62985,25099,302,7,102662400,0.009141603437242893
802183,64019,57865,11274,302,7,102679424,0.009141603437242893
802300,61459,54792,17930,302,7,102694400,0.009141603437242893
802408,23059,64008,50186,302,7,102708224,0.009141603437242893
802523,61971,46601,5130,302,7,102722944,0.009141603437242893
802657,64531,65033,51723,302,7,102740096,0.009141603437242893
802730,27155,65034,2571,302,7,102749440,0.009141603437242893
802843,60947,59401,53771,303,7,102763904,0.008775939299753177
802916,27156,2570,11275,303,7,102773248,0.008775939299753177
803032,49172,18442,4619,303,7,102788096,0.008775939299753177
803117,25619,64522,14347,303,7,102798976,0.008775939299753177
803220,63507,55818,12811,303,7,102812160,0.008775939299753177
803302,5652,5642,9227,303,7,102822656,0.008775939299753177
803402,12820,38409,61451,303,7,102835456,0.008775939299753177
803497,33812,51722,36364,303,7,102847616,0.008775939299753177
803598,53780,49161,64523,303,7,102860544,0.008775939299753177
803695,47636,27145,56331,303,7,102872960,0.008775939299753177
803818,35348,8713,26122,303,7,102888704,0.008775939299753177
803919,21012,22025,50698,303,7,102901632,0.008775939299753177
804047,6164,47626,43019,303,7,102918016,0.008775939299753177
804136,29716,17417,21002,303,7,102929408,0.008775939299753177
804232,16404,4106,29707,303,7,102941696,0.008775939299753177
804336,14356,30219,5133,303,7,102955008,0.008775939299753177
804404,24596,45579,7181,303,7,102963712,0.008775939299753177
804483,37908,17930,6667,303,7,102973824,0.008775939299753177
804559,15892,31242,13323,303,7,102983552,0.008775939299753177
804632,47124,31753,45067,303,7,102992896,0.008775939299753177
804765,7188,9,51723,303,7,103009920,0.008775939299753177
804846,37908,14345,44042,303,7,103020288,0.008775939299753177
804944,55828,30217,40970,303,7,103032832,0.008775939299753177
805062,52244,36873,65035,303,7,103047936,0.008775939299753177
805142,23572,55306,39435,303,7,103058176,0.008775939299753177
805241,1556,36874,21515,303,7,103070848,0.008775939299753177
805336,58900,41995,14860,303,7,103083008,0.008775939299753177
805409,45076,29194,61963,303,7,103092352,0.008775939299753177
805507,56340,6666,37387,303,7,103104896,0.008775939299753177
805586,35859,64522,24587,303,7,103115008,0.008775939299753177
805709,58387,44041,58379,303,7,103130752,0.008775939299753177
805805,2066,53257,8203,303,7,103143040,0.008775939299753177
805907,1554,49673,61451,303,7,103156096,0.008775939299753177
805988,35347,1034,32266,303,7,103166464,0.008775939299753177
806085,31763,60426,62476,303,7,103178880,0.008775939299753177
806181,61972,37388,7181,303,7,103191168,0.008775939299753177
806269,24596,38411,41484,303,7,103202432,0.008775939299753177
806373,25620,34314,64012,303,7,103215744,0.008775939299753177
806482,59924,27659,32780,303,7,103229696,0.008775939299753177
806555,39956,18955,14349,303,7,103239040,0.008775939299753177
806663,16404,38410,36364,303,7,103252864,0.008775939299753177
806737,51732,39434,52236,303,7,103262336,0.008775939299753177
806847,17940,21001,54283,303,7,103276416,0.008775939299753177
806953,8212,13833,46603,303,7,103289984,0.008775939299753177
807042,41492,8201,50187,303,7,103301376,0.008775939299753177
807148,30740,18441,36875,303,7,103314944,0.008775939299753177
807242,2579,65033,49675,303,7,103326976,0.008775939299753177
807317,53779,61961,26122,303,7,103336576,0.008775939299753177
807411,1044,9737,22027,303,7,103348608,0.008775939299753177
807516,62996,7177,48139,303,7,103362048,0.008775939299753177
807622,55827,65033,44042,304,7,103375616,0.008958771368498035
807695,17940,2057,19467,304,7,103384960,0.008958771368498035
807800,5652,31242,523,304,7,103398400,0.008958771368498035
807886,36884,57355,22540,304,7,103409408,0.008958771368498035
807985,22036,54794,61964,304,7,103422080,0.008958771368498035
808059,3604,50699,17420,304,7,103431552,0.008958771368498035
808139,40981,13323,49676,304,7,103441792,0.008958771368498035
808262,9749,5131,65036,304,7,103457536,0.008958771368498035
808345,60949,6668,11277,304,7,103468160,0.008958771368498035
808424,32789,21004,30733,304,7,103478272,0.008958771368498035
808524,8212,47626,63500,304,7,103491072,0.008958771368498035
808632,18965,17931,46092,304,7,103504896,0.008958771368498035
808748,9236,38923,17930,304,7,103519744,0.008958771368498035
808835,16404,41482,20491,304,7,103530880,0.008958771368498035
808919,45077,36875,1035,304,7,103541632,0.008958771368498035
809030,5140,60426,26123,304,7,103555840,0.008958771368498035
809147,11796,24074,23563,304,7,103570816,0.008958771368498035
809251,36884,22537,65035,304,7,103584128,0.008958771368498035
809340,32787,61961,62987,304,7,103595520,0.008958771368498035
809463,42516,21514,22027,304,7,103611264,0.008958771368498035
809566,16403,47624,34314,304,7,103624448,0.008958771368498035
809645,5651,64521,33803,304,7,103634560,0.008958771368498035
809835,43541,46092,51213,304,7,103658880,0.008958771368498035
809935,50197,26124,8205,304,7,103671680,0.008958771368498035
810028,60949,27148,30221,304,7,103683584,0.008958771368498035
810127,55829,55819,27148,304,7,103696256,0.008958771368498035
810226,533,14347,33804,304,7,103708928,0.008958771368498035
810306,533,10763,4108,304,7,103719168,0.008958771368498035
810446,25109,4106,39947,304,7,103737088,0.008958771368498035
810529,62996,48138,35851,304,7,103747712,0.008958771368498035
810627,13844,47627,23564,304,7,103760256,0.008958771368498035
810704,53268,53771,1036,304,7,103770112,0.008958771368498035
810811,47125,12299,36364,304,7,103783808,0.008958771368498035
810904,50196,61963,60428,304,7,103795712,0.008958771368498035
811002,5140,55307,49677,304,7,103808256,0.008958771368498035
811076,12821,20492,12813,304,7,103817728,0.008958771368498035
811182,35861,6667,62476,304,7,103831296,0.008958771368498035
811296,52245,5643,35852,304,7,103845888,0.008958771368498035
811377,62484,56843,43020,304,7,103856256,0.008958771368498035
811455,50196,59915,21516,304,7,103866240,0.008958771368498035
8,2049,10,1028,304,7,1024,0.008958771368498035
811677,59924,54282,47116,304,7,103894656,0.008958771368498035
811760,21524,58890,51212,304,7,103905280,0.008958771368498035
811893,7700,49163,33293,304,7,103922304,0.008958771368498035
811979,32789,9740,18957,304,7,103933312,0.008958771368498035
812121,42005,48140,17933,304,7,103951488,0.008958771368498035
812211,60437,17932,39949,304,7,103963008,0.008958771368498035
812322,5653,21515,19981,304,7,103977216,0.008958771368498035
812423,21012,44042,39948,304,7,103990144,0.008958771368498035
812498,55316,35338,15883,305,7,103999744,0.009050187402870464
812600,44052,9737,25610,305,7,104012800,0.009050187402870464
812690,18451,62473,2058,305,7,104024320,0.009050187402870464
812764,65043,47113,27659,305,7,104033792,0.009050187402870464
812863,37396,16905,45067,305,7,104046464,0.009050187402870464
812982,53268,4106,28683,305,7,104061696,0.009050187402870464
813084,48660,25098,55820,305,7,104074752,0.009050187402870464
813188,38420,23562,47628,305,7,104088064,0.009050187402870464
813295,3092,17930,29195,305,7,104101760,0.009050187402870464
813377,22036,17929,51723,305,7,104112256,0.009050187402870464
813473,51731,64521,58379,305,7,104124544,0.009050187402870464
813599,15891,65034,10251,305,7,104140672,0.009050187402870464
813700,31764,20489,55819,305,7,104153600,0.009050187402870464
813797,11283,65033,44043,305,7,104166016,0.009050187402870464
813898,13844,6665,34827,305,7,104178944,0.009050187402870464
813976,52755,65033,21515,305,7,104188928,0.009050187402870464
814059,62995,60937,30731,305,7,104199552,0.009050187402870464
814170,65044,11273,33803,305,7,104213760,0.009050187402870464
814296,2580,13321,41995,305,7,104229888,0.009050187402870464
814379,30228,28170,13324,305,7,104240512,0.009050187402870464
814478,21012,17417,45067,305,7,104253184,0.009050187402870464
814570,32788,11273,43531,305,7,104264960,0.009050187402870464
814650,10772,16393,43531,305,7,104275200,0.009050187402870464
814759,38932,9,49163,305,7,104289152,0.009050187402870464
814850,54292,14345,29195,305,7,104300800,0.009050187402870464
814975,54292,37898,17420,305,7,104316800,0.009050187402870464
815085,6676,15369,64523,305,7,104330880,0.009050187402870464
815180,12820,15370,16395,305,7,104343040,0.009050187402870464
815275,65044,9225,64011,305,7,104355200,0.009050187402870464
815400,60436,2569,5642,305,7,104371200,0.009050187402870464
815492,62484,17417,44043,305,7,104382976,0.009050187402870464
815580,46100,22025,25611,305,7,104394240,0.009050187402870464
815684,33812,2569,51211,305,7,104407552,0.009050187402870464
815792,8212,6153,59915,305,7,104421376,0.009050187402870464
815919,48148,13321,45067,305,7,104437632,0.009050187402870464
816012,53780,4617,56843,305,7,104449536,0.009050187402870464
816119,38932,17417,38923,305,7,104463232,0.009050187402870464
816202,52756,26633,55819,305,7,104473856,0.009050187402870464
816296,8724,25610,2059,305,7,104485888,0.009050187402870464
816401,37396,25098,16907,305,7,104499328,0.009050187402870464
816512,20500,43529,62475,305,7,104513536,0.009050187402870464
816646,9748,30730,50188,305,7,104530688,0.009050187402870464
816854,34324,23049,61451,305,7,104557312,0.009050187402870464
816927,33300,28682,1035,305,7,104566656,0.009050187402870464
817040,2068,11785,59915,305,7,104581120,0.009050187402870464
817132,53780,28682,22539,305,7,104592896,0.009050187402870464
817208,47636,15882,13835,305,7,104602624,0.009050187402870464
817293,53268,2057,31243,305,7,104613504,0.009050187402870464
817413,34834,63497,45579,305,7,104628864,0.009050187402870464
817496,61972,35337,43019,306,7,104639488,0.008867355334125606
817595,31764,8201,18443,306,7,104652160,0.008867355334125606
817682,50196,1545,30219,306,7,104663296,0.008867355334125606
817801,45075,65033,6666,306,7,104678528,0.008867355334125606
817918,15891,65033,20490,306,7,104693504,0.008867355334125606
818041,52756,10249,41995,306,7,104709248,0.008867355334125606
818134,60436,5129,8715,306,7,104721152,0.008867355334125606
818210,50708,16393,31243,306,7,104730880,0.008867355334125606
818312,49684,17930,11275,306,7,104743936,0.008867355334125606
818419,45588,12809,61453,306,7,104757632,0.008867355334125606
818529,20500,30218,27659,306,7,104771712,0.008867355334125606
818624,35348,45066,22539,306,7,104783872,0.008867355334125606
818735,42516,25098,12811,306,7,104798080,0.008867355334125606
818827,32276,20490,23563,306,7,104809856,0.008867355334125606
818946,35860,22025,55307,306,7,104825088,0.008867355334125606
819033,45588,11786,523,306,7,104836224,0.008867355334125606
819141,18964,19978,11275,306,7,104850048,0.008867355334125606
819222,45076,26634,23051,306,7,104860416,0.008867355334125606
819323,18452,46602,42508,306,7,104873344,0.008867355334125606
819420,62485,17419,18444,306,7,104885760,0.008867355334125606
819501,57365,7178,64012,306,7,104896128,0.008867355334125606
819591,51733,4619,9740,306,7,104907648,0.008867355334125606
819725,53269,19467,27660,306,7,104924800,0.008867355334125606
819833,31764,53258,50189,306,7,104938624,0.008867355334125606
819917,50196,62986,31242,306,7,104949376,0.008867355334125606
820001,64021,31755,14860,306,7,104960128,0.008867355334125606
820096,20,61962,50699,306,7,104972288,0.008867355334125606
820206,24084,44042,62987,306,7,104986368,0.008867355334125606
820298,36372,49674,42507,306,7,104998144,0.008867355334125606
820415,25620,33290,39435,306,7,105013120,0.008867355334125606
820521,5140,14858,34315,306,7,105026688,0.008867355334125606
820626,36883,63498,18955,306,7,105040128,0.008867355334125606
820733,36884,30218,18955,306,7,105053824,0.008867355334125606
820818,14868,4617,58891,306,7,105064704,0.008867355334125606
820909,28179,57865,23050,306,7,105076352,0.008867355334125606
821004,13331,53769,21002,306,7,105088512,0.008867355334125606
821086,64531,60425,14347,306,7,105099008,0.008867355334125606
821171,10259,43529,42507,306,7,105109888,0.008867355334125606
821321,45075,17417,43019,306,7,105129088,0.008867355334125606
821398,49171,3081,43531,306,7,105138944,0.008867355334125606
821495,11283,36873,10762,306,7,105151360,0.008867355334125606
821568,15891,23560,47626,306,7,105160704,0.008867355334125606
821649,16403,13320,31242,306,7,105171072,0.008867355334125606
821744,36883,3080,17418,306,7,105183232,0.008867355334125606
821878,27155,14856,33802,306,7,105200384,0.008867355334125606
821987,13843,13832,41483,306,7,105214336,0.008867355334125606
822092,56338,43527,57354,306,7,105227776,0.008867355334125606
822204,11794,63495,46090,306,7,105242112,0.008867355334125606
822325,58899,37896,2058,306,7,105257600,0.008867355334125606
822408,12307,34823,61962,306,7,105268224,0.008867355334125606
822515,13843,27656,25097,307,7,105281920,0.009050187402870464
822690,36883,40968,21512,307,7,105304320,0.009050187402870464
822767,33811,18951,59401,307,7,105314176,0.009050187402870464
822886,25619,17415,45577,307,7,105329408,0.009050187402870464
822983,25619,28679,54792,307,7,105341824,0.009050187402870464
823066,59411,33287,64521,307,7,105352448,0.009050187402870464
823270,53779,33800,25098,307,7,105378560,0.009050187402870464
823370,61459,50185,18443,307,7,105391360,0.009050187402870464
823487,10772,1034,4107,307,7,105406336,0.009050187402870464
823563,14868,2058,21003,307,7,105416064,0.009050187402870464
823684,28692,35850,52236,307,7,105431552,0.009050187402870464
823776,1556,54795,16908,307,7,105443328,0.009050187402870464
823852,38932,57866,54284,307,7,105453056,0.009050187402870464
528907,2048,513,1024,307,7,67700096,0.009050187402870464
824045,5141,38411,524,307,7,105477760,0.009050187402870464
824146,7701,21003,31756,307,7,105490688,0.009050187402870464
824229,21013,27660,16396,307,7,105501312,0.009050187402870464
824351,51220,56843,62476,307,7,105516928,0.009050187402870464
824444,47124,28684,9229,307,7,105528832,0.009050187402870464
824553,58901,26637,59406,307,7,105542784,0.009050187402870464
824653,48149,31756,37389,307,7,105555584,0.009050187402870464
824732,56853,35851,62476,307,7,105565696,0.009050187402870464
558544,17,512,0,307,7,71493632,0.009050187402870464
824945,63509,25098,28683,307,7,105592960,0.009050187402870464
825022,57877,32778,39435,307,7,105602816,0.009050187402870464
825134,17942,22540,21516,307,7,105617152,0.009050187402870464
825214,13845,46091,12811,307,7,105627392,0.009050187402870464
825318,11797,26635,21003,307,7,105640704,0.009050187402870464
825416,55829,46603,33291,307,7,105653248,0.009050187402870464
825496,8725,21514,51723,307,7,105663488,0.009050187402870464
825602,7188,58890,23050,307,7,105677056,0.009050187402870464
825707,58388,37897,41482,307,7,105690496,0.009050187402870464
825806,50707,54793,4618,307,7,105703168,0.009050187402870464
825905,64531,8201,6666,307,7,105715840,0.009050187402870464
826012,12306,55304,33290,307,7,105729536,0.009050187402870464
826096,33298,17415,63498,307,7,105740288,0.009050187402870464
826202,19474,33287,23048,307,7,105753856,0.009050187402870464
826289,29714,57863,39434,307,7,105764992,0.009050187402870464
826400,26130,37895,31752,307,7,105779200,0.009050187402870464
826502,39952,46600,4618,307,7,105792256,0.009050187402870464
826708,12818,36872,39435,307,7,105818624,0.009050187402870464
826800,49682,32777,27657,307,7,105830400,0.009050187402870464
826900,15379,14345,30731,307,7,105843200,0.009050187402870464
827025,31763,14345,18954,307,7,105859200,0.009050187402870464
827111,4114,37897,11274,307,7,105870208,0.009050187402870464
827190,37393,61449,30219,307,7,105880320,0.009050187402870464
827311,13843,1545,12811,307,7,105895808,0.009050187402870464
827390,30739,16905,60427,308,7,105905920,0.009141603437242893
827496,62995,9737,53771,308,7,105919488,0.009141603437242893
827588,23059,55818,19980,308,7,105931264,0.009141603437242893
32832,2064,1025,12,308,7,4202496,0.009141603437242893
827840,10772,15883,10252,308,7,105963520,0.009141603437242893
827952,18964,32267,31244,308,7,105977856,0.009141603437242893
828053,37396,57354,48140,308,7,105990784,0.009141603437242893
828140,24085,22538,39435,308,7,106001920,0.009141603437242893
828247,3606,34826,54283,308,7,106015616,0.009141603437242893
828342,57366,30731,54283,308,7,106027776,0.009141603437242893
828435,2070,46604,50188,308,7,106039680,0.009141603437242893
828522,4630,30221,26636,308,7,106050816,0.009141603437242893
828636,17429,42506,11786,308,7,106065408,0.009141603437242893
828740,41491,14344,48650,308,7,106078720,0.009141603437242893
828842,10256,63497,23050,308,7,106091776,0.009141603437242893
828949,38415,24584,27660,308,7,106105472,0.009141603437242893
829065,7693,54792,47629,308,7,106120320,0.009141603437242893
829180,56846,64010,29198,308,7,106135040,0.009141603437242893
829304,45584,10763,23567,308,7,106150912,0.009141603437242893
829392,48658,9739,18957,308,7,106162176,0.009141603437242893
829477,39442,22539,65038,308,7,106173056,0.009141603437242893
829572,59411,1549,19471,308,7,106185216,0.009141603437242893
829674,35348,39952,6672,308,7,106198272,0.009141603437242893
829776,49684,20492,33294,308,7,106211328,0.009141603437242893
829874,20500,38411,42509,308,7,106223872,0.009141603437242893
829971,47637,20491,1036,308,7,106236288,0.009141603437242893
830082,22548,59914,33290,308,7,106250496,0.009141603437242893
830201,7700,55306,13835,308,7,106265728,0.009141603437242893
830301,48660,58377,61963,308,7,106278528,0.009141603437242893
830394,43028,25609,53259,308,7,106290432,0.009141603437242893
830500,47635,65034,15884,308,7,106304000,0.009141603437242893
830600,44563,61962,9738,308,7,106316800,0.009141603437242893
830711,13843,49673,11274,308,7,106331008,0.009141603437242893
830818,36883,9736,34826,308,7,106344704,0.009141603437242893
830956,38930,25607,26121,308,7,106362368,0.009141603437242893
831048,46610,4615,6665,308,7,106374144,0.009141603437242893
831147,36882,6151,30217,308,7,106386816,0.009141603437242893
831251,62994,35335,51720,308,7,106400128,0.009141603437242893
831329,64530,55815,64522,308,7,106410112,0.009141603437242893
831404,24594,62472,27146,308,7,106419712,0.009141603437242893
831521,63507,31753,44555,308,7,106434688,0.009141603437242893
831591,56851,65034,14348,308,7,106443648,0.009141603437242893
831708,15380,6667,6156,308,7,106458624,0.009141603437242893
831793,39444,16395,4620,308,7,106469504,0.009141603437242893
831883,39444,6666,34315,308,7,106481024,0.009141603437242893
831980,4116,4106,8715,308,7,106493440,0.009141603437242893
832074,26132,27658,15883,308,7,106505472,0.009141603437242893
832151,56340,21513,24586,308,7,106515328,0.009141603437242893
832226,24596,14345,24075,308,7,106524928,0.009141603437242893
832338,52244,1033,26123,308,7,106539264,0.009141603437242893
832418,7188,12297,23050,309,7,106549504,0.00850169119663589
832541,62484,24585,20490,309,7,106565248,0.00850169119663589
832625,10260,21001,13322,309,7,106576000,0.00850169119663589
529408,16,0,1024,309,7,67764224,0.00850169119663589
832829,15892,1033,43531,309,7,106602112,0.00850169119663589
832915,61971,65034,15371,309,7,106613120,0.00850169119663589
833008,21011,56330,17423,309,7,106625024,0.00850169119663589
833087,28692,8714,14859,309,7,106635136,0.00850169119663589
833164,60948,13835,27148,309,7,106644992,0.00850169119663589
833261,11796,8202,64012,309,7,106657408,0.00850169119663589
833347,36884,18954,39948,309,7,106668416,0.00850169119663589
833452,15892,35338,26122,309,7,106681856,0.00850169119663589
833533,34836,20490,21515,309,7,106692224,0.00850169119663589
833653,49172,41994,2059,309,7,106707584,0.00850169119663589
833833,55316,31241,58891,309,7,106730624,0.00850169119663589
833925,7188,13833,49675,309,7,106742400,0.00850169119663589
833999,14868,9737,60427,309,7,106751872,0.00850169119663589
834093,2579,61961,58379,309,7,106763904,0.00850169119663589
834203,20499,54793,4618,309,7,106777984,0.00850169119663589
834288,49171,27656,43530,309,7,106788864,0.00850169119663589
834380,19474,63496,25098,309,7,106800640,0.00850169119663589
834475,61971,12808,39946,309,7,106812800,0.00850169119663589
834561,29203,16904,50186,309,7,106823808,0.00850169119663589
834656,33298,61448,24074,309,7,106835968,0.00850169119663589
834739,47635,10248,25098,309,7,106846592,0.00850169119663589
834849,31251,37896,47114,309,7,106860672,0.00850169119663589
834969,22547,61961,22027,309,7,106876032,0.00850169119663589
835042,32787,64009,24074,309,7,106885376,0.00850169119663589
835133,22035,59401,52747,309,7,106897024,0.00850169119663589
835234,38420,12810,10763,309,7,106909952,0.00850169119663589
835357,24084,24074,12299,309,7,106925696,0.00850169119663589
835437,46612,34314,14859,309,7,106935936,0.00850169119663589
835521,52756,16394,35851,309,7,106946688,0.00850169119663589
835623,19476,14345,37899,309,7,106959744,0.00850169119663589
835723,18452,30730,1035,309,7,106972544,0.00850169119663589
835837,3092,15370,13323,309,7,106987136,0.00850169119663589
835937,32788,21001,56331,309,7,106999936,0.00850169119663589
836046,4116,7689,23050,309,7,107013888,0.00850169119663589
836129,52756,9,3082,309,7,107024512,0.00850169119663589
836220,54803,58889,10762,309,7,107036160,0.00850169119663589
836306,21011,62473,29706,309,7,107047168,0.00850169119663589
836392,22035,63497,23562,309,7,107058176,0.00850169119663589
836512,37395,65033,43020,309,7,107073536,0.00850169119663589
836612,29715,54793,40971,309,7,107086336,0.00850169119663589
836689,32787,65033,51211,309,7,107096192,0.00850169119663589
836803,5651,65033,39435,309,7,107110784,0.00850169119663589
836905,27155,54793,26123,309,7,107123840,0.00850169119663589
837033,22547,54792,42506,309,7,107140224,0.00850169119663589
837124,2067,49672,52234,309,7,107151872,0.00850169119663589
837246,39955,58377,31754,310,7,107167488,0.008867355334125606
837334,5651,57353,37899,310,7,107178752,0.008867355334125606
837438,61459,65034,11,310,7,107192064,0.008867355334125606
837541,54803,65034,5131,310,7,107205248,0.008867355334125606
837659,47636,2057,13323,310,7,107220352,0.008867355334125606
837741,18964,5641,52235,310,7,107230848,0.008867355334125606
837862,2580,26121,63498,310,7,107246336,0.008867355334125606
837985,64020,40970,35339,310,7,107262080,0.008867355334125606
838079,55828,39434,33803,310,7,107274112,0.008867355334125606
838161,532,35337,61451,310,7,107284608,0.008867355334125606
838244,31764,6665,8202,310,7,107295232,0.008867355334125606
838351,5139,65033,22538,310,7,107308928,0.008867355334125606
838415,8724,12809,23563,310,7,107317120,0.008867355334125606
838490,27668,35850,23563,310,7,107326720,0.008867355334125606
838576,35348,38923,13836,310,7,107337728,0.008867355334125606
838704,13333,7691,51212,310,7,107354112,0.008867355334125606
838799,22037,10763,45068,310,7,107366272,0.008867355334125606
838918,52245,12812,25613,310,7,107381504,0.008867355334125606
838996,55317,26635,6156,310,7,107391488,0.008867355334125606
839132,13844,46602,13834,310,7,107408896,0.008867355334125606
839239,59412,4617,21002,310,7,107422592,0.008867355334125606
839307,46099,63497,14858,310,7,107431296,0.008867355334125606
839410,531,25608,55819,310,7,107444480,0.008867355334125606
839525,24595,36873,36875,310,7,107459200,0.008867355334125606
839638,25619,46090,4619,310,7,107473664,0.008867355334125606
839737,49683,65035,2061,310,7,107486336,0.008867355334125606
839817,38420,5643,26124,310,7,107496576,0.008867355334125606
839958,35860,36876,23565,310,7,107514624,0.008867355334125606
840035,62484,44043,56844,310,7,107524480,0.008867355334125606
840107,13332,20490,11276,310,7,107533696,0.008867355334125606
840212,36372,2569,35850,310,7,107547136,0.008867355334125606
840327,42515,40969,26635,310,7,107561856,0.008867355334125606
840452,14867,25096,30730,310,7,107577856,0.008867355334125606
840528,62995,10248,18443,310,7,107587584,0.008867355334125606
840637,41491,21512,51210,310,7,107601536,0.008867355334125606
840734,50195,23049,12298,310,7,107613952,0.008867355334125606
840821,61459,34313,37387,310,7,107625088,0.008867355334125606
840925,5139,51721,57355,310,7,107638400,0.008867355334125606
840991,33299,62985,47116,310,7,107646848,0.008867355334125606
841113,30739,53256,53771,310,7,107662464,0.008867355334125606
841198,43539,49672,27658,310,7,107673344,0.008867355334125606
841287,25619,29704,23050,310,7,107684736,0.008867355334125606
841381,51219,26632,14858,310,7,107696768,0.008867355334125606
841471,36883,30728,28682,310,7,107708288,0.008867355334125606
841566,56339,31752,29706,310,7,107720448,0.008867355334125606
841675,55315,49161,22539,310,7,107734400,0.008867355334125606
841778,55827,57865,18442,310,7,107747584,0.008867355334125606
841858,20500,5641,43531,310,7,107757824,0.008867355334125606
842058,38420,5129,33291,310,7,107783424,0.008867355334125606
842136,12307,65033,14859,311,7,107793408,0.008775939299753177
842242,46612,16905,3082,311,7,107806976,0.008775939299753177
842335,11796,5641,10762,311,7,107818880,0.008775939299753177
842430,60436,25609,28682,311,7,107831040,0.008775939299753177
842509,27156,11273,11274,311,7,107841152,0.008775939299753177
842637,27155,65032,48650,311,7,107857536,0.008775939299753177
842727,12307,63496,33290,311,7,107869056,0.008775939299753177
842804,36884,17417,14858,311,7,107878912,0.008775939299753177
842890,47635,65033,53258,311,7,107889920,0.008775939299753177
842992,22547,49162,11275,311,7,107902976,0.008775939299753177
843100,43540,10,35339,311,7,107916800,0.008775939299753177
843192,60436,26122,31243,311,7,107928576,0.008775939299753177
843310,42517,11275,33292,311,7,107943680,0.008775939299753177
843388,30741,8202,34315,311,7,107953664,0.008775939299753177
843511,7188,37386,26635,311,7,107969408,0.008775939299753177
843590,38932,30729,60426,311,7,107979520,0.008775939299753177
843676,40980,29705,48650,311,7,107990528,0.008775939299753177
843800,10260,21512,55306,311,7,108006400,0.008775939299753177
843896,12819,62984,55306,311,7,108018688,0.008775939299753177
843990,62995,39433,18954,311,7,108030720,0.008775939299753177
844066,24595,65033,41483,311,7,108040448,0.008775939299753177
844181,15891,42505,33802,311,7,108055168,0.008775939299753177
844252,16403,53257,27659,311,7,108064256,0.008775939299753177
844337,6676,10762,4619,311,7,108075136,0.008775939299753177
844481,17940,18953,51211,311,7,108093568,0.008775939299753177
844557,43538,40969,58379,311,7,108103296,0.008775939299753177
844657,2068,6153,51211,311,7,108116096,0.008775939299753177
844769,4115,56328,61962,311,7,108130432,0.008775939299753177
844866,17427,31752,29706,311,7,108142848,0.008775939299753177
844942,52755,49672,27658,311,7,108152576,0.008775939299753177
845038,20499,37384,16906,311,7,108164864,0.008775939299753177
845132,23571,35336,48138,311,7,108176896,0.008775939299753177
845231,22035,33800,42506,311,7,108189568,0.008775939299753177
845312,47635,53256,32778,311,7,108199936,0.008775939299753177
845427,10259,40968,43530,311,7,108214656,0.008775939299753177
845529,3603,50696,35850,311,7,108227712,0.008775939299753177
845639,53779,36872,62986,311,7,108241792,0.008775939299753177
845748,30739,27145,8202,311,7,108255744,0.008775939299753177
845828,19987,32776,58890,311,7,108265984,0.008775939299753177
845924,59923,54280,51722,311,7,108278272,0.008775939299753177
846030,18963,55305,15370,311,7,108291840,0.008775939299753177
846106,3603,62985,4106,311,7,108301568,0.008775939299753177
846231,52755,54793,22026,311,7,108317568,0.008775939299753177
846348,25619,53769,41483,311,7,108332544,0.008775939299753177
846461,1043,54793,10250,311,7,108347008,0.008775939299753177
846547,64019,63497,25610,311,7,108358016,0.008775939299753177
846631,62995,61961,29194,311,7,108368768,0.008775939299753177
846754,34836,10762,7691,311,7,108384512,0.008775939299753177
846877,29716,13834,35851,311,7,108400256,0.008775939299753177
846956,28179,65033,50187,311,7,108410368,0.008775939299753177
847056,63507,60425,37387,312,7,108423168,0.008684523265380748
847182,43027,59401,23050,312,7,108439296,0.008684523265380748
847265,531,50697,24074,312,7,108449920,0.008684523265380748
262144,20,520,1032,312,7,33554432,0.008684523265380748
847465,37396,12298,6667,312,7,108475520,0.008684523265380748
847579,10772,6154,11,312,7,108490112,0.008684523265380748
847696,532,1546,48139,312,7,108505088,0.008684523265380748
847773,34836,7177,53771,312,7,108514944,0.008684523265380748
847871,49171,50185,25099,312,7,108527488,0.008684523265380748
847958,19475,33289,33802,312,7,108538624,0.008684523265380748
848079,23059,61962,17419,312,7,108554112,0.008684523265380748
848184,44563,37385,26123,312,7,108567552,0.008684523265380748
848367,27667,61961,57355,312,7,108590976,0.008684523265380748
848441,12819,59402,29196,312,7,108600448,0.008684523265380748
848546,2067,42505,53771,312,7,108613888,0.008684523265380748
848632,43539,65033,24074,312,7,108624896,0.008684523265380748
848780,54291,65035,31244,312,7,108643840,0.008684523265380748
848874,48148,4618,37901,312,7,108655872,0.008684523265380748
848948,36371,65034,31245,312,7,108665344,0.008684523265380748
849075,47636,27658,53772,312,7,108681600,0.008684523265380748
849170,1044,55306,47627,312,7,108693760,0.008684523265380748
849368,33813,17930,44043,312,7,108719104,0.008684523265380748
849442,43540,53258,39435,312,7,108728576,0.008684523265380748
849558,43028,51210,24075,312,7,108743424,0.008684523265380748
849658,28692,17929,65034,312,7,108756224,0.008684523265380748
849796,61971,59402,523,312,7,108773888,0.008684523265380748
849902,43539,1544,54282,312,7,108787456,0.008684523265380748
849992,20498,5129,33291,312,7,108798976,0.008684523265380748
850103,16914,55818,49676,312,7,108813184,0.008684523265380748
850191,8211,53259,16908,312,7,108824448,0.008684523265380748
850286,53780,29195,43533,312,7,108836608,0.008684523265380748
850370,35860,33292,4109,312,7,108847360,0.008684523265380748
850460,4116,39434,43020,312,7,108858880,0.008684523265380748
850566,52757,7178,51724,312,7,108872448,0.008684523265380748
850637,1045,24587,31244,312,7,108881536,0.008684523265380748
850759,9237,22538,62989,312,7,108897152,0.008684523265380748
850854,24085,5642,58381,312,7,108909312,0.008684523265380748
850935,51733,13835,10253,312,7,108919680,0.008684523265380748
851040,29717,4618,22027,312,7,108933120,0.008684523265380748
851115,38420,4618,4107,312,7,108942720,0.008684523265380748
851195,8210,50186,11276,312,7,108952960,0.008684523265380748
851294,8723,31754,523,312,7,108965632,0.008684523265380748
851394,26131,26121,14346,312,7,108978432,0.008684523265380748
851507,24082,43016,51722,312,7,108992896,0.008684523265380748
851585,46099,12296,45578,312,7,109002880,0.008684523265380748
851696,58899,24073,46603,312,7,109017088,0.008684523265380748
851790,42515,63498,12811,312,7,109029120,0.008684523265380748
851874,50196,49674,42507,312,7,109039872,0.008684523265380748
851983,33812,59403,40460,313,7,109053824,0.009141603437242893
852084,50708,62475,41996,313,7,109066752,0.009141603437242893
852161,41493,15371,48141,313,7,109076608,0.009141603437242893
852261,22549,9740,22028,313,7,109089408,0.009141603437242893
852332,56341,6668,37901,313,7,109098496,0.009141603437242893
852431,51732,48139,39436,313,7,109111168,0.009141603437242893
852532,3092,54795,2059,313,7,109124096,0.009141603437242893
852620,46100,39434,30219,313,7,109135360,0.009141603437242893
852719,5652,30729,63499,313,7,109148032,0.009141603437242893
852824,59924,16393,61962,313,7,109161472,0.009141603437242893
852910,22548,10762,12811,313,7,109172480,0.009141603437242893
853032,51732,20490,1547,313,7,109188096,0.009141603437242893
853146,57876,26635,4620,313,7,109202688,0.009141603437242893
853233,28692,10249,41995,313,7,109213824,0.009141603437242893
853321,24083,65033,59915,313,7,109225088,0.009141603437242893
853423,48148,12810,33291,313,7,109238144,0.009141603437242893
853518,13331,64522,1035,313,7,109250304,0.009141603437242893
853623,45076,42508,9741,313,7,109263744,0.009141603437242893
853710,11796,51723,47629,313,7,109274880,0.009141603437242893
853827,23061,17419,34316,313,7,109289856,0.009141603437242893
853921,46101,39948,13325,313,7,109301888,0.009141603437242893
854024,28693,28683,64524,313,7,109315072,0.009141603437242893
854130,54293,30218,61451,313,7,109328640,0.009141603437242893
854230,5140,57866,3083,313,7,109341440,0.009141603437242893
854361,61972,56329,37899,313,7,109358208,0.009141603437242893
854461,53780,59913,58379,313,7,109371008,0.009141603437242893
854566,13844,23049,47626,313,7,109384448,0.009141603437242893
854654,26644,37386,522,313,7,109395712,0.009141603437242893
854752,51732,53258,33292,313,7,109408256,0.009141603437242893
854824,4116,54283,13836,313,7,109417472,0.009141603437242893
854963,44565,11275,33804,313,7,109435264,0.009141603437242893
855047,2069,8204,524,313,7,109446016,0.009141603437242893
855163,44052,55308,25101,313,7,109460864,0.009141603437242893
855249,56853,39437,37902,313,7,109471872,0.009141603437242893
855320,36373,41485,28685,313,7,109480960,0.009141603437242893
855448,42516,51723,49165,313,7,109497344,0.009141603437242893
855533,7701,12811,51724,313,7,109508224,0.009141603437242893
855616,38932,59915,48652,313,7,109518848,0.009141603437242893
855688,50196,61963,18956,313,7,109528064,0.009141603437242893
855795,47637,12811,22540,313,7,109541760,0.009141603437242893
855909,52245,5643,26124,313,7,109556352,0.009141603437242893
855985,4628,58379,40973,313,7,109566080,0.009141603437242893
856073,42004,55819,50188,313,7,109577344,0.009141603437242893
856177,31764,55820,5645,313,7,109590656,0.009141603437242893
856260,46613,11276,22541,313,7,109601280,0.009141603437242893
856351,4117,31757,65039,313,7,109612928,0.009141603437242893
856460,1045,3084,1549,313,7,109626880,0.009141603437242893
856564,57365,8715,17420,313,7,109640192,0.009141603437242893
856690,22036,36874,38410,313,7,109656320,0.009141603437242893
856805,64020,21002,22539,313,7,109671040,0.009141603437242893
856911,49172,23050,16395,314,7,109684608,0.00932443550598775
857004,23060,23049,63499,314,7,109696512,0.00932443550598775
857108,30740,13322,7691,314,7,109709824,0.00932443550598775
857231,5140,33290,21515,314,7,109725568,0.00932443550598775
857304,26132,15882,32780,314,7,109734912,0.00932443550598775
857423,54804,18442,18443,314,7,109750144,0.00932443550598775
857507,58388,51723,22540,314,7,109760896,0.00932443550598775
857594,46100,27658,21004,314,7,109772032,0.00932443550598775
857696,1556,6154,29708,314,7,109785088,0.00932443550598775
857813,13332,13834,28684,314,7,109800064,0.00932443550598775
857924,63508,2057,54795,314,7,109814272,0.00932443550598775
858041,5140,24585,49163,314,7,109829248,0.00932443550598775
858130,51220,10761,46603,314,7,109840640,0.00932443550598775
858217,8212,7690,2059,314,7,109851776,0.00932443550598775
858401,5652,25609,64011,314,7,109875328,0.00932443550598775
858511,38932,5129,32267,314,7,109889408,0.00932443550598775
858624,12308,3081,24587,314,7,109903872,0.00932443550598775
858707,52244,14857,17419,314,7,109914496,0.00932443550598775
858800,36883,64521,30218,314,7,109926400,0.00932443550598775
858885,30739,65033,37387,314,7,109937280,0.00932443550598775
858992,12819,65033,10251,314,7,109950976,0.00932443550598775
859098,37908,3081,21003,314,7,109964544,0.00932443550598775
859206,37396,12809,30219,314,7,109978368,0.00932443550598775
859283,32788,11273,37387,314,7,109988224,0.00932443550598775
859370,41492,8201,55307,314,7,109999360,0.00932443550598775
859490,51219,57353,52235,314,7,110014720,0.00932443550598775
859606,32788,13321,28171,314,7,110029568,0.00932443550598775
859711,532,21002,39947,314,7,110043008,0.00932443550598775
859814,18964,6153,50187,314,7,110056192,0.00932443550598775
859914,25620,18442,1035,314,7,110068992,0.00932443550598775
859992,37908,13322,16395,314,7,110078976,0.00932443550598775
860070,7700,12810,3083,314,7,110088960,0.00932443550598775
860188,54292,36874,61964,314,7,110104064,0.00932443550598775
860273,47636,14346,1035,314,7,110114944,0.00932443550598775
860355,44052,17929,42507,314,7,110125440,0.00932443550598775
860454,15380,30730,10763,314,7,110138112,0.00932443550598775
860581,17428,37386,28684,314,7,110154368,0.00932443550598775
860700,35860,51722,12811,314,7,110169600,0.00932443550598775
860801,40468,33290,19467,314,7,110182528,0.00932443550598775
860891,59924,30217,49675,314,7,110194048,0.00932443550598775
860998,12308,20490,5131,314,7,110207744,0.00932443550598775
861097,59924,22538,5643,314,7,110220416,0.00932443550598775
861202,46612,8713,55307,314,7,110233856,0.00932443550598775
861292,56340,21002,1547,314,7,110245376,0.00932443550598775
861397,32276,18954,23051,314,7,110258816,0.00932443550598775
861505,53268,21514,6155,314,7,110272640,0.00932443550598775
861582,60948,6154,3083,314,7,110282496,0.00932443550598775
861706,63508,8713,39435,314,7,110298368,0.00932443550598775
861791,7700,42505,36875,314,7,110309248,0.00932443550598775
861889,52756,23561,43531,315,7,110321792,0.009141603437242893
861990,34324,30217,58891,315,7,110334720,0.009141603437242893
862091,46612,18441,56843,315,7,110347648,0.009141603437242893
862166,61972,22026,8715,315,7,110357248,0.009141603437242893
862280,20500,14345,64523,315,7,110371840,0.009141603437242893
862357,21012,23561,3595,315,7,110381696,0.009141603437242893
862429,6676,19466,12811,315,7,110390912,0.009141603437242893
862504,18452,12810,19467,315,7,110400512,0.009141603437242893
862601,57876,35850,33290,315,7,110412928,0.009141603437242893
862678,48148,31242,61964,315,7,110422784,0.009141603437242893
862803,26644,46603,3596,315,7,110438784,0.009141603437242893
862909,12821,8202,63500,315,7,110452352,0.009141603437242893
862988,27668,61451,38410,315,7,110462464,0.009141603437242893
863105,3604,56330,27147,315,7,110477440,0.009141603437242893
863223,57876,43530,20491,315,7,110492544,0.009141603437242893
863307,50196,42506,26123,315,7,110503296,0.009141603437242893
863404,32788,49162,14859,315,7,110515712,0.009141603437242893
863486,9748,53770,13323,315,7,110526208,0.009141603437242893
863595,6677,12298,60428,315,7,110540160,0.009141603437242893
863698,58388,50186,8715,315,7,110553344,0.009141603437242893
863817,26644,45578,5131,315,7,110568576,0.009141603437242893
863921,61460,26633,47115,315,7,110581888,0.009141603437242893
864023,37908,13321,24586,315,7,110594944,0.009141603437242893
864142,6163,54793,15882,315,7,110610176,0.009141603437242893
864241,45075,33801,44043,315,7,110622848,0.009141603437242893
864353,63507,57866,4107,315,7,110637184,0.009141603437242893
864442,24083,64522,21515,315,7,110648576,0.009141603437242893
864545,63507,56842,1547,315,7,110661760,0.009141603437242893
864628,63508,4617,46603,315,7,110672384,0.009141603437242893
864714,7700,22026,15372,315,7,110683392,0.009141603437242893
864826,16404,8713,57867,315,7,110697728,0.009141603437242893
864925,2067,55306,10251,315,7,110710400,0.009141603437242893
865010,20499,42505,63499,315,7,110721280,0.009141603437242893
865130,25106,65032,54282,315,7,110736640,0.009141603437242893
865238,57363,25096,31242,315,7,110750464,0.009141603437242893
865335,35347,33800,25610,315,7,110762880,0.009141603437242893
865442,43026,50184,24586,315,7,110776576,0.009141603437242893
865531,44050,41480,38922,315,7,110787968,0.009141603437242893
865640,15891,10248,47626,315,7,110801920,0.009141603437242893
865736,60946,62472,9226,315,7,110814208,0.009141603437242893
865815,47123,1543,59914,315,7,110824320,0.009141603437242893
865939,11283,14856,5642,315,7,110840192,0.009141603437242893
866002,33811,30728,22538,315,7,110848256,0.009141603437242893
866104,27667,34312,47626,315,7,110861312,0.009141603437242893
866204,34323,30728,33802,315,7,110874112,0.009141603437242893
866438,43539,27144,30730,315,7,110904064,0.009141603437242893
866540,11795,27144,25610,315,7,110917120,0.009141603437242893
866622,32787,25608,61450,315,7,110927616,0.009141603437242893
866718,44563,20488,59402,315,7,110939904,0.009141603437242893
866798,19987,17416,22538,316,7,110950144,0.008867355334125606
866888,16915,7687,42505,316,7,110961664,0.008867355334125606
866994,1555,13320,12808,316,7,110975232,0.008867355334125606
867088,37395,35848,55306,316,7,110987264,0.008867355334125606
867187,57875,41481,31754,316,7,110999936,0.008867355334125606
867281,55827,62474,5131,316,7,111011968,0.008867355334125606
867386,60436,37386,55308,316,7,111025408,0.008867355334125606
867478,24597,26635,15372,316,7,111037184,0.008867355334125606
867598,19989,10761,11274,316,7,111052544,0.008867355334125606
867704,38421,1545,40971,316,7,111066112,0.008867355334125606
794709,517,522,1034,316,7,101722752,0.008867355334125606
867888,28693,41995,65036,316,7,111089664,0.008867355334125606
867968,4629,13836,4108,316,7,111099904,0.008867355334125606
868057,23571,64012,11277,316,7,111111296,0.008867355334125606
868159,13332,7692,57357,316,7,111124352,0.008867355334125606
868254,61972,35339,53773,316,7,111136512,0.008867355334125606
868338,34324,39436,2573,316,7,111147264,0.008867355334125606
868425,53781,31756,22541,316,7,111158400,0.008867355334125606
868536,31765,45579,44556,316,7,111172608,0.008867355334125606
868661,19989,41995,7692,316,7,111188608,0.008867355334125606
868741,30741,46091,47628,316,7,111198848,0.008867355334125606
868855,15381,47114,51724,316,7,111213440,0.008867355334125606
868939,55317,41483,2572,316,7,111224192,0.008867355334125606
869021,21,26123,18444,316,7,111234688,0.008867355334125606
869133,53781,35338,61451,316,7,111249024,0.008867355334125606
869216,53269,1034,6667,316,7,111259648,0.008867355334125606
869340,8211,6666,18954,316,7,111275520,0.008867355334125606
869430,53779,63497,64011,316,7,111287040,0.008867355334125606
869559,28691,43529,21003,316,7,111303552,0.008867355334125606
869651,531,11271,7690,316,7,111315328,0.008867355334125606
869734,45074,45575,53256,316,7,111325952,0.008867355334125606
869837,26642,40967,31243,316,7,111339136,0.008867355334125606
869934,63506,23047,3081,316,7,111351552,0.008867355334125606
870039,24594,23559,4107,316,7,111364992,0.008867355334125606
870127,20498,5638,54795,316,7,111376256,0.008867355334125606
870246,9234,29703,9225,316,7,111391488,0.008867355334125606
870345,24594,32263,32265,316,7,111404160,0.008867355334125606
870496,33299,41992,56330,316,7,111423488,0.008867355334125606
870596,19,35337,10762,316,7,111436288,0.008867355334125606
870685,64531,32265,43530,316,7,111447680,0.008867355334125606
870773,32275,37897,62475,316,7,111458944,0.008867355334125606
870866,38419,7178,8203,316,7,111470848,0.008867355334125606
870962,55825,58378,37388,316,7,111483136,0.008867355334125606
871060,6162,17417,10,316,7,111495680,0.008867355334125606
871167,4626,65032,57867,316,7,111509376,0.008867355334125606
871264,49171,30729,62477,316,7,111521792,0.008867355334125606
871377,5652,45067,52237,316,7,111536256,0.008867355334125606
871489,42516,31754,32779,316,7,111550592,0.008867355334125606
871595,64020,59916,4620,316,7,111564160,0.008867355334125606
871674,59925,21515,18957,316,7,111574272,0.008867355334125606
871757,31764,47625,30730,317,7,111584896,0.00941585154036018
871831,61461,11785,37389,317,7,111594368,0.00941585154036018
280588,1,512,1033,317,7,35915264,0.00941585154036018
329217,512,8,1,317,7,42139776,0.00941585154036018
344732,2070,522,1032,317,7,44125696,0.00941585154036018
872216,10774,57869,36877,317,7,111643648,0.00941585154036018
872303,2582,48140,56330,317,7,111654784,0.00941585154036018
872434,11285,13834,50187,317,7,111671552,0.00941585154036018
872534,29712,51209,11276,317,7,111684352,0.00941585154036018
872639,55311,32776,60429,317,7,111697792,0.00941585154036018
872885,16908,26631,42508,317,7,111729280,0.00941585154036018
873007,3087,24073,22028,317,7,111744896,0.00941585154036018
873090,21521,12299,55823,317,7,111755520,0.00941585154036018
873173,11795,14862,45583,317,7,111766144,0.00941585154036018
873278,17939,23565,55823,317,7,111779584,0.00941585154036018
873376,32788,6673,31247,317,7,111792128,0.00941585154036018
873458,5651,38411,36878,317,7,111802624,0.00941585154036018
873569,60436,10,61453,317,7,111816832,0.00941585154036018
873643,19988,33804,1548,317,7,111826304,0.00941585154036018
873761,43540,56332,61966,317,7,111841408,0.00941585154036018
873880,27157,35340,40973,317,7,111856640,0.00941585154036018
873984,58389,36876,41997,317,7,111869952,0.00941585154036018
874087,12309,27147,16908,317,7,111883136,0.00941585154036018
874191,15380,61450,55820,317,7,111896448,0.00941585154036018
874375,5652,29194,25099,317,7,111920000,0.00941585154036018
874459,63508,15369,62987,317,7,111930752,0.00941585154036018
874546,7700,12297,23050,317,7,111941888,0.00941585154036018
874629,46611,27656,19978,317,7,111952512,0.00941585154036018
874713,11794,41479,21001,317,7,111963264,0.00941585154036018
874796,21521,52230,50697,317,7,111973888,0.00941585154036018
874885,5649,39430,35337,317,7,111985280,0.00941585154036018
874993,8721,61446,33801,317,7,111999104,0.00941585154036018
875092,35346,12807,24073,317,7,112011776,0.00941585154036018
875174,2578,46600,16906,317,7,112022272,0.00941585154036018
875382,12819,47626,40973,317,7,112048896,0.00941585154036018
875501,42004,3083,35340,317,7,112064128,0.00941585154036018
875597,28179,58379,23564,317,7,112076416,0.00941585154036018
875679,53268,18443,16396,317,7,112086912,0.00941585154036018
875781,37908,58891,38412,317,7,112099968,0.00941585154036018
875874,45588,23561,48651,317,7,112111872,0.00941585154036018
1751958,43048,12306,24596,317,7,224250624,0.00941585154036018
1752153,31784,20498,34837,317,7,224275584,0.00941585154036018
1752338,57384,33810,30742,317,7,224299264,0.00941585154036018
1752532,20520,8211,12310,317,7,224324096,0.00941585154036018
1752720,35880,57363,60438,317,7,224348160,0.00941585154036018
1752885,32808,34835,12310,317,7,224369280,0.00941585154036018
1753133,36903,64532,29717,317,7,224401024,0.00941585154036018
1753298,51241,1044,19478,318,6,112211072,0.018100374805740928
1753498,33832,63508,17430,318,6,112223872,0.018100374805740928
1753752,7209,29718,18456,318,6,112240128,0.018100374805740928
1753947,33833,47125,58392,318,6,112252608,0.018100374805740928
1754228,34857,61462,16408,318,6,112270592,0.018100374805740928
1754376,30761,36885,27671,318,6,112280064,0.018100374805740928
1754591,60457,11284,53271,318,6,112293824,0.018100374805740928
1754753,61481,12308,37910,318,6,112304192,0.018100374805740928
1754992,31785,53267,14359,318,6,112319488,0.018100374805740928
1755456,51240,45076,11286,318,6,112349184,0.018100374805740928
1755650,58408,61460,10261,318,6,112361600,0.018100374805740928
1755973,23591,13329,62485,318,6,112382272,0.018100374805740928
1756234,3111,28690,25621,318,6,112398976,0.018100374805740928
1756416,8230,35857,42005,318,6,112410624,0.018100374805740928
1756677,36902,63505,31765,318,6,112427328,0.018100374805740928
1756891,22566,49169,11290,318,6,112441024,0.018100374805740928
1757058,31783,26640,58388,318,6,112451712,0.018100374805740928
1757247,40999,38928,56341,318,6,112463808,0.018100374805740928
1757445,26663,64529,60437,318,6,112476480,0.018100374805740928
1757639,34856,8211,52247,318,6,112488896,0.018100374805740928
1757797,18472,30741,22551,318,6,112499008,0.018100374805740928
1758026,3112,19475,51221,318,6,112513664,0.018100374805740928
1758209,44072,45075,18453,318,6,112525376,0.018100374805740928
1758405,22568,47122,33812,318,6,112537920,0.018100374805740928
1758628,48168,47122,18452,318,6,112552192,0.018100374805740928
1758896,11304,60435,43029,318,6,112569344,0.018100374805740928
1759110,18472,11284,42005,318,6,112583040,0.018100374805740928
1759322,22568,32787,59413,318,6,112596608,0.018100374805740928
1759483,57384,46099,22,318,6,112606912,0.018100374805740928
1759711,12328,15378,11285,318,6,112621504,0.018100374805740928
1759931,18472,15378,23,318,6,112635584,0.018100374805740928
1760132,46119,64530,25620,318,6,112648448,0.018100374805740928
1760308,40999,64531,21525,318,6,112659712,0.018100374805740928
1760501,29736,1043,16405,318,6,112672064,0.018100374805740928
1760708,2088,22548,25622,318,6,112685312,0.018100374805740928
1760884,49192,26643,54294,318,6,112696576,0.018100374805740928
1761082,47144,49171,54294,318,6,112709248,0.018100374805740928
1761309,17448,40980,40982,318,6,112723776,0.018100374805740928
1761487,23592,14355,44053,318,6,112735168,0.018100374805740928
1761674,58408,6163,23572,318,6,112747136,0.018100374805740928
1761891,63527,54290,51221,318,6,112761024,0.018100374805740928
1762239,20520,19,21526,318,6,112783296,0.018100374805740928
1762430,17449,21525,2070,318,6,112795520,0.018100374805740928
1762652,47145,13333,8214,318,6,112809728,0.018100374805740928
1762828,15401,33812,50199,318,6,112820992,0.018100374805740928
1763022,16425,45077,32790,318,6,112833408,0.018100374805740928
1763185,34857,43028,39958,318,6,112843840,0.018100374805740928
1763355,51241,33812,36887,319,6,112854720,0.01709479842764421
1763516,20520,44052,1046,319,6,112865024,0.01709479842764421
1763669,13352,30739,26645,319,6,112874816,0.01709479842764421
1763856,29736,59410,27669,319,6,112886784,0.01709479842764421
1764043,62504,13330,17428,319,6,112898752,0.01709479842764421
1764229,59432,5139,9237,319,6,112910656,0.01709479842764421
549896,32769,47104,16384,319,6,35193344,0.01709479842764421
1764631,9256,29717,57367,319,6,112936384,0.01709479842764421
1764833,19497,20502,28696,319,6,112949312,0.01709479842764421
1765023,14377,43030,17431,319,6,112961472,0.01709479842764421
1765242,48169,50200,14361,319,6,112975488,0.01709479842764421
1765443,53290,22550,13336,319,6,112988352,0.01709479842764421
1765670,30761,31764,51223,319,6,113002880,0.01709479842764421
1765904,59433,13332,62486,319,6,113017856,0.01709479842764421
1766080,63529,8211,45077,319,6,113029120,0.01709479842764421
1766324,22568,18451,43030,319,6,113044736,0.01709479842764421
1766523,56359,37907,33814,319,6,113057472,0.01709479842764421
1766729,4134,37908,2071,319,6,113070656,0.01709479842764421
1766895,14375,19,52246,319,6,113081280,0.01709479842764421
1767114,11303,52243,43031,319,6,113095296,0.01709479842764421
1767295,5160,26643,18454,319,6,113106880,0.01709479842764421
1767457,18472,27667,25621,319,6,113117248,0.01709479842764421
1767675,43048,33809,36884,319,6,113131200,0.01709479842764421
1767869,40999,64530,4117,319,6,113143616,0.01709479842764421
1768083,47144,5138,62485,319,6,113157312,0.01709479842764421
1768280,11303,42002,27668,319,6,113169920,0.01709479842764421
1768428,19495,26641,26644,319,6,113179392,0.01709479842764421
1768645,38951,3088,32789,319,6,113193280,0.01709479842764421
1768841,23591,8208,17427,319,6,113205824,0.01709479842764421
1769023,50215,1040,60436,319,6,113217472,0.01709479842764421
1769201,23590,34833,45076,319,6,113228864,0.01709479842764421
1769409,36902,37905,40980,319,6,113242176,0.01709479842764421
1769593,25638,34833,48148,319,6,113253952,0.01709479842764421
1769751,10278,58386,14357,319,6,113264064,0.01709479842764421
1769960,55335,20498,26645,319,6,113277440,0.01709479842764421
1770141,52262,29713,21524,319,6,113289024,0.01709479842764421
1770322,36902,3088,18452,319,6,113300608,0.01709479842764421
1770505,12326,3087,57364,319,6,113312320,0.01709479842764421
1770649,35877,45071,29712,319,6,113321536,0.01709479842764421
589826,59392,34824,1032,319,6,37748864,0.01709479842764421
1771041,18470,42000,43027,319,6,113346624,0.01709479842764421
1771214,46118,43025,55316,319,6,113357696,0.01709479842764421
1771414,56358,53267,6166,319,6,113370496,0.01709479842764421
1771586,59430,34835,21524,319,6,113381504,0.01709479842764421
1771766,53286,49169,45077,319,6,113393024,0.01709479842764421
589856,34820,2048,11,319,6,37750784,0.01709479842764421
1772162,18470,11279,30736,319,6,113418368,0.01709479842764421
1772322,19493,38927,6164,319,6,113428608,0.01709479842764421
1772509,25638,21519,23572,319,6,113440576,0.01709479842764421
1772728,45094,4111,17428,319,6,113454592,0.01709479842764421
1772870,59429,53262,53264,320,6,113463680,0.01709479842764421
1773075,60454,45071,24599,320,6,113476800,0.01709479842764421
1773284,39974,59407,28691,320,6,113490176,0.01709479842764421
1773491,58406,49168,38928,320,6,113503424,0.01709479842764421
1773659,59431,26641,4117,320,6,113514176,0.01709479842764421
1773880,5160,16401,12308,320,6,113528320,0.01709479842764421
1774089,16423,64529,6163,320,6,113541696,0.01709479842764421
1774288,21544,11281,13331,320,6,113554432,0.01709479842764421
1774500,31783,64529,49172,320,6,113568000,0.01709479842764421
1774659,20520,9234,18452,320,6,113578176,0.01709479842764421
1774824,5160,18,11282,320,6,113588736,0.01709479842764421
1775035,27687,29713,6161,320,6,113602240,0.01709479842764421
1775248,15399,64530,37908,320,6,113615872,0.01709479842764421
1775438,57383,64530,9236,320,6,113628032,0.01709479842764421
1775770,20520,8212,6166,320,6,113649280,0.01709479842764421
1775960,15401,4117,27671,320,6,113661440,0.01709479842764421
1776147,45097,6165,24599,320,6,113673408,0.01709479842764421
1776347,48169,55320,61466,320,6,113686208,0.01709479842764421
1776528,23594,16406,57368,320,6,113697792,0.01709479842764421
1776710,26665,33813,36884,320,6,113709440,0.01709479842764421
592984,1024,14340,11,320,6,37950976,0.01709479842764421
1777026,44072,24595,45077,320,6,113729664,0.01709479842764421
1777286,37928,32786,59413,320,6,113746304,0.01709479842764421
1777472,18472,36883,24597,320,6,113758208,0.01709479842764421
1777668,7208,29714,60437,320,6,113770752,0.01709479842764421
1777851,52263,58386,44053,320,6,113782464,0.01709479842764421
1778048,23591,33810,60438,320,6,113795072,0.01709479842764421
1778206,49190,58386,34837,320,6,113805184,0.01709479842764421
1778404,7206,18448,60436,320,6,113817856,0.01709479842764421
1778549,5158,34832,11283,320,6,113827136,0.01709479842764421
1778727,14379,5135,51217,320,6,113838528,0.01709479842764421
1778898,64550,40976,14359,320,6,113849472,0.01709479842764421
1779108,3110,42001,19479,320,6,113862912,0.01709479842764421
1779248,37926,35857,55316,320,6,113871872,0.01709479842764421
1779477,49190,37905,20499,320,6,113886528,0.01709479842764421
1779647,28710,17425,3088,320,6,113897408,0.01709479842764421
1779818,4134,57360,58388,320,6,113908352,0.01709479842764421
1779984,20518,35856,7188,320,6,113918976,0.01709479842764421
1780184,33830,35856,51219,320,6,113931776,0.01709479842764421
1780317,35878,46097,22548,320,6,113940288,0.01709479842764421
1780545,57383,2065,44053,320,6,113954880,0.01709479842764421
1780679,55335,22545,37909,320,6,113963456,0.01709479842764421
1780835,35879,11282,13333,320,6,113973440,0.01709479842764421
1781057,27687,31762,20502,320,6,113987648,0.01709479842764421
1781201,36903,32786,49174,320,6,113996864,0.01709479842764421
1781385,14375,30738,58390,320,6,114008640,0.01709479842764421
1781570,64552,8210,47126,320,6,114020480,0.01709479842764421
1781788,55336,14354,62485,320,6,114034432,0.01709479842764421
1781933,17448,34836,13335,320,6,114043712,0.01709479842764421
1782154,4136,29716,22551,321,6,114057856,0.017369046530761496
1782396,7209,40982,13339,321,6,114073344,0.017369046530761496
1782583,21545,10261,54299,321,6,114085312,0.017369046530761496
1782753,37928,29717,9239,321,6,114096192,0.017369046530761496
1782942,52265,8213,63511,321,6,114108288,0.017369046530761496
1783160,43048,43028,11286,321,6,114122240,0.017369046530761496
1783327,37928,40980,15383,321,6,114132928,0.017369046530761496
1783509,16425,18452,52246,321,6,114144576,0.017369046530761496
1783677,38953,1044,38934,321,6,114155328,0.017369046530761496
1783825,51240,40979,35862,321,6,114164800,0.017369046530761496
1784069,48168,16402,63509,321,6,114180416,0.017369046530761496
1784216,31783,59410,60437,321,6,114189824,0.017369046530761496
1784388,17447,40978,46101,321,6,114200832,0.017369046530761496
1784538,62502,36882,20501,321,6,114210432,0.017369046530761496
1784770,6183,19474,59414,321,6,114225280,0.017369046530761496
1785006,7208,1043,61463,321,6,114240384,0.017369046530761496
1785223,36903,58388,1046,321,6,114254272,0.017369046530761496
1785414,24615,61459,53271,321,6,114266496,0.017369046530761496
1785572,29736,8212,26647,321,6,114276608,0.017369046530761496
1785772,14376,3092,20503,321,6,114289408,0.017369046530761496
1785926,19495,64531,35863,321,6,114299264,0.017369046530761496
1786135,3111,52242,17430,321,6,114312640,0.017369046530761496
1786294,4135,53265,37910,321,6,114322816,0.017369046530761496
1786526,43047,63505,31765,321,6,114337664,0.017369046530761496
1786792,33833,27667,62486,321,6,114354688,0.017369046530761496
1786990,2090,20,6166,321,6,114367360,0.017369046530761496
589842,0,45058,32768,321,6,37749888,0.017369046530761496
1787421,64553,52242,32791,321,6,114394944,0.017369046530761496
1787611,57386,33811,13333,321,6,114407104,0.017369046530761496
1787843,45098,9235,14356,321,6,114421952,0.017369046530761496
1787981,39977,1042,33808,321,6,114430784,0.017369046530761496
1788157,16424,25618,43031,321,6,114442048,0.017369046530761496
1788400,2087,40978,27668,321,6,114457600,0.017369046530761496
1788565,24610,62480,62486,321,6,114468160,0.017369046530761496
1788765,38948,57361,22549,321,6,114480960,0.017369046530761496
1788948,10277,42003,22551,321,6,114492672,0.017369046530761496
1789118,54311,10261,40984,321,6,114503552,0.017369046530761496
1789319,16424,51223,2074,321,6,114516416,0.017369046530761496
1789516,30761,60441,17436,321,6,114529024,0.017369046530761496
1789719,2089,1046,34842,321,6,114542016,0.017369046530761496
1789919,13353,17430,16409,321,6,114554816,0.017369046530761496
1790146,23595,15383,36889,321,6,114569344,0.017369046530761496
1790305,11306,51222,59417,321,6,114579520,0.017369046530761496
1790475,42,49174,27672,321,6,114590400,0.017369046530761496
1790644,17451,40985,42010,321,6,114601216,0.017369046530761496
1790852,41002,46103,4119,321,6,114614528,0.017369046530761496
1790993,54312,49174,1044,321,6,114623552,0.017369046530761496
1791252,20519,42005,28696,321,6,114640128,0.017369046530761496
1791406,49191,42006,43032,321,6,114649984,0.017369046530761496
1791600,44072,14356,62487,321,6,114662400,0.017369046530761496
1791821,60455,31763,18454,322,6,114676544,0.0180089587713685
1792046,26662,47122,38934,322,6,114690944,0.0180089587713685
1792187,63527,20499,6167,322,6,114699968,0.0180089587713685
1792395,4135,63508,40987,322,6,114713280,0.0180089587713685
1792581,9256,61460,61464,322,6,114725184,0.0180089587713685
1792772,52264,63508,36884,322,6,114737408,0.0180089587713685
1792930,13354,13334,32793,322,6,114747520,0.0180089587713685
1793166,31785,50198,15385,322,6,114762624,0.0180089587713685
1793381,18474,34839,61465,322,6,114776384,0.0180089587713685
1793528,15402,35865,3098,322,6,114785792,0.0180089587713685
1793702,35882,33816,30746,322,6,114796928,0.0180089587713685
1793868,13354,3094,60441,322,6,114807552,0.0180089587713685
1794072,40,60436,12310,322,6,114820608,0.0180089587713685
1794207,48168,17426,42006,322,6,114829248,0.0180089587713685
1794412,13352,36882,58390,322,6,114842368,0.0180089587713685
1794630,7207,42003,7190,322,6,114856320,0.0180089587713685
1794870,53287,51219,24599,322,6,114871680,0.0180089587713685
1795070,31784,14355,52246,322,6,114884480,0.0180089587713685
1795212,59432,17428,29719,322,6,114893568,0.0180089587713685
1795398,63528,18451,55319,322,6,114905472,0.0180089587713685
1795578,4137,1044,22551,322,6,114916992,0.0180089587713685
1795782,8232,12308,22550,322,6,114930048,0.0180089587713685
1795940,31785,11284,61463,322,6,114940160,0.0180089587713685
1796162,58409,45080,46106,322,6,114954368,0.0180089587713685
1796364,17450,2071,40986,322,6,114967296,0.0180089587713685
1796541,37929,24598,53273,322,6,114978624,0.0180089587713685
1796743,46122,28695,64538,322,6,114991552,0.0180089587713685
1796940,22570,27672,38938,322,6,115004160,0.0180089587713685
1797113,18474,25623,64537,322,6,115015232,0.0180089587713685
1797401,8233,42005,47131,322,6,115033664,0.0180089587713685
1797595,24616,55316,32790,322,6,115046080,0.0180089587713685
1797765,20521,11285,8214,322,6,115056960,0.0180089587713685
1798001,52265,3092,45079,322,6,115072064,0.0180089587713685
1798207,10281,10259,55319,322,6,115085248,0.0180089587713685
1798398,43049,24596,4119,322,6,115097472,0.0180089587713685
1798637,22569,32788,61460,322,6,115112768,0.0180089587713685
1798825,48169,37910,44056,322,6,115124800,0.0180089587713685
1798984,60458,3095,64538,322,6,115134976,0.0180089587713685
1799184,35882,63513,44059,322,6,115147776,0.0180089587713685
1799335,37931,12313,51224,322,6,115157440,0.0180089587713685
1799655,51243,3097,47130,322,6,115177920,0.0180089587713685
1799835,41002,6167,64537,322,6,115189440,0.0180089587713685
1800037,35882,13334,26648,322,6,115202368,0.0180089587713685
1800267,23593,57365,45080,322,6,115217088,0.0180089587713685
1800415,41,45078,8216,322,6,115226560,0.0180089587713685
1800641,41002,3095,51225,322,6,115241024,0.0180089587713685
1800845,56362,17430,8217,322,6,115254080,0.0180089587713685
1801074,19498,26649,4123,322,6,115268736,0.0180089587713685
1801245,26666,54297,47131,322,6,115279680,0.0180089587713685
1801425,38954,29721,59419,322,6,115291200,0.0180089587713685
1801654,46122,26652,26652,323,6,115305856,0.01791754273699607
1801842,26666,25624,18458,323,6,115317888,0.01791754273699607
1802043,42026,12311,28696,323,6,115330752,0.01791754273699607
1802210,27689,28694,27675,323,6,115341440,0.01791754273699607
1802439,51240,57365,3095,323,6,115356096,0.01791754273699607
1802620,48169,17428,36886,323,6,115367680,0.01791754273699607
1802845,40,29716,15383,323,6,115382080,0.01791754273699607
1803044,62505,25620,18452,323,6,115394816,0.01791754273699607
1803249,26664,45078,34841,323,6,115407936,0.01791754273699607
1803495,13353,3094,51225,323,6,115423680,0.01791754273699607
1803635,26665,19478,43033,323,6,115432640,0.01791754273699607
1803861,41001,17432,4121,323,6,115447104,0.01791754273699607
1804057,54313,37910,13337,323,6,115459648,0.01791754273699607
1804290,50217,17429,57369,323,6,115474560,0.01791754273699607
1804515,23593,33815,46105,323,6,115488960,0.01791754273699607
1804730,6185,31766,49176,323,6,115502720,0.01791754273699607
1805030,33833,9238,62490,323,6,115521920,0.01791754273699607
1805490,19497,32789,58395,323,6,115551360,0.01791754273699607
1805712,55335,60436,37911,323,6,115565568,0.01791754273699607
1805870,1064,11283,16406,323,6,115575680,0.01791754273699607
1806049,52264,29715,33814,323,6,115587136,0.01791754273699607
1806220,54312,19473,63509,323,6,115598080,0.01791754273699607
1806419,24616,25618,62486,323,6,115610816,0.01791754273699607
1806634,22568,28691,43030,323,6,115624576,0.01791754273699607
1806882,56360,36883,42006,323,6,115640448,0.01791754273699607
1807030,16424,23570,45078,323,6,115649920,0.01791754273699607
1807192,34856,8210,34838,323,6,115660288,0.01791754273699607
1807376,42023,47122,36886,323,6,115672064,0.01791754273699607
1807599,47144,32786,58389,323,6,115686336,0.01791754273699607
1807756,45096,1042,36886,323,6,115696384,0.01791754273699607
1807985,29736,2066,46102,323,6,115711040,0.01791754273699607
1808175,21544,21522,29718,323,6,115723200,0.01791754273699607
1808347,29736,46099,50198,323,6,115734208,0.01791754273699607
1808488,1064,1042,51223,323,6,115743232,0.01791754273699607
1808724,1064,30739,36887,323,6,115758336,0.01791754273699607
1809127,17447,61459,14358,323,6,115784128,0.01791754273699607
1809478,4137,3092,22,323,6,115806592,0.01791754273699607
1809654,33832,28690,58390,323,6,115817856,0.01791754273699607
1809816,33832,49172,2071,323,6,115828224,0.01791754273699607
1809971,15401,28693,20,323,6,115838144,0.01791754273699607
1810163,64552,58388,57366,323,6,115850432,0.01791754273699607
1810396,63528,14355,50198,323,6,115865344,0.01791754273699607
1810584,58409,7188,34838,323,6,115877376,0.01791754273699607
1810751,48168,28691,35862,323,6,115888064,0.01791754273699607
1810929,38953,20,42007,323,6,115899456,0.01791754273699607
1811155,2089,25621,18454,323,6,115913920,0.01791754273699607
1811377,10281,20,46103,323,6,115928128,0.01791754273699607
1811542,41,25622,2072,323,6,115938688,0.01791754273699607
1811770,6185,6164,8215,324,6,115953280,0.017369046530761496
1811967,12328,38932,6167,324,6,115965888,0.017369046530761496
1812119,62505,20500,29718,324,6,115975616,0.017369046530761496
1812330,55337,14356,38935,324,6,115989120,0.017369046530761496
1812475,39976,28692,28694,324,6,115998400,0.017369046530761496
1812686,15401,33814,24600,324,6,116011904,0.017369046530761496
1812835,31785,22,33816,324,6,116021440,0.017369046530761496
1813018,23593,9237,19479,324,6,116033152,0.017369046530761496
1813230,36904,63509,10263,324,6,116046720,0.017369046530761496
1813406,64552,22548,40982,324,6,116057984,0.017369046530761496
1813623,4136,64532,24598,324,6,116071872,0.017369046530761496
1813806,11305,43030,20503,324,6,116083584,0.017369046530761496
1813996,8233,3093,18452,324,6,116095744,0.017369046530761496
1814198,18473,5141,4119,324,6,116108672,0.017369046530761496
1814382,39977,54294,6168,324,6,116120448,0.017369046530761496
1814564,7209,11286,13336,324,6,116132096,0.017369046530761496
1814730,28713,11285,31764,324,6,116142720,0.017369046530761496
1814984,46121,22549,1047,324,6,116158976,0.017369046530761496
1815125,24617,25621,5142,324,6,116168000,0.017369046530761496
1815368,51240,59412,20502,324,6,116183552,0.017369046530761496
1815553,11303,48147,40982,324,6,116195392,0.017369046530761496
1815736,44071,11283,62487,324,6,116207104,0.017369046530761496
1815945,59431,62482,38933,324,6,116220480,0.017369046530761496
1816088,29735,36882,10261,324,6,116229632,0.017369046530761496
1816303,14375,29714,23574,324,6,116243392,0.017369046530761496
1816469,47143,35858,14357,324,6,116254016,0.017369046530761496
1816653,63527,47122,22549,324,6,116265792,0.017369046530761496
1816831,39,12306,25622,324,6,116277184,0.017369046530761496
1817006,27687,12305,40980,324,6,116288384,0.017369046530761496
1817225,47143,8208,61461,324,6,116302400,0.017369046530761496
1817509,42022,53264,30740,324,6,116320576,0.017369046530761496
1817714,21542,59409,54292,324,6,116333696,0.017369046530761496
1817940,47143,22545,46101,324,6,116348160,0.017369046530761496
1818088,39974,28689,30741,324,6,116357632,0.017369046530761496
1818349,22566,52241,17428,324,6,116374336,0.017369046530761496
1818504,32807,6160,57361,324,6,116384256,0.017369046530761496
1818714,31783,33809,9237,324,6,116397696,0.017369046530761496
1818935,63527,5137,20503,324,6,116411840,0.017369046530761496
1819181,37926,45072,52244,324,6,116427584,0.017369046530761496
1819385,29734,38928,8212,324,6,116440640,0.017369046530761496
1819574,2086,51216,17428,324,6,116452736,0.017369046530761496
1819789,31782,50191,57365,324,6,116466496,0.017369046530761496
1820014,63526,47120,57364,324,6,116480896,0.017369046530761496
1820243,60454,22544,19479,324,6,116495552,0.017369046530761496
1820491,57381,61455,32787,324,6,116511424,0.017369046530761496
1820694,14374,24591,55316,324,6,116524416,0.017369046530761496
1820867,38950,30736,11285,324,6,116535488,0.017369046530761496
1821044,9254,55312,53271,324,6,116546816,0.017369046530761496
1821194,35877,26640,49171,324,6,116556416,0.017369046530761496
1821362,1060,30737,15380,324,6,116567168,0.017369046530761496
1821556,19493,34832,43028,325,6,116579584,0.01700338239327178
1821751,18471,14354,21,325,6,116592064,0.01700338239327178
1821943,6183,17425,26645,325,6,116604352,0.01700338239327178
1822147,53287,42002,34837,325,6,116617408,0.01700338239327178
1822348,58408,63508,20503,325,6,116630272,0.01700338239327178
1822606,4138,17429,19479,325,6,116646784,0.01700338239327178
1822809,24617,17428,36886,325,6,116659776,0.01700338239327178
1822994,59434,23575,33816,325,6,116671616,0.01700338239327178
1823179,7209,25621,25623,325,6,116683456,0.01700338239327178
1823354,31785,28692,63515,325,6,116694656,0.01700338239327178
1823505,59433,58388,54295,325,6,116704320,0.01700338239327178
638977,9218,8196,10249,325,6,40894528,0.01700338239327178
1824267,19499,47129,27674,325,6,116753088,0.01700338239327178
639540,43011,3078,8200,325,6,40930560,0.01700338239327178
1024,0,0,0,325,6,65536,0.01700338239327178
1824931,6185,62484,40987,325,6,116795584,0.01700338239327178
1825092,30762,40978,61461,325,6,116805888,0.01700338239327178
1825269,61483,20498,35861,325,6,116817216,0.01700338239327178
1825435,51242,39954,34837,325,6,116827840,0.01700338239327178
641300,17408,49154,25605,325,6,41043200,0.01700338239327178
1825916,53288,57363,5141,325,6,116858624,0.01700338239327178
1826131,49192,32786,21524,325,6,116872384,0.01700338239327178
1826341,5159,63505,55316,325,6,116885824,0.01700338239327178
1826500,31783,18449,2069,325,6,116896000,0.01700338239327178
1826655,32805,54288,17429,325,6,116905920,0.01700338239327178
1826841,51238,2064,45076,325,6,116917824,0.01700338239327178
1827056,22566,10256,18452,325,6,116931584,0.01700338239327178
1827301,16420,63503,4116,325,6,116947264,0.01700338239327178
1827471,4133,10254,42007,325,6,116958144,0.01700338239327178
1827660,53285,17422,15379,325,6,116970240,0.01700338239327178
1827870,9253,19470,6163,325,6,116983680,0.01700338239327178
1828070,11302,11279,45075,325,6,116996480,0.01700338239327178
1828249,43047,15377,1044,325,6,117007936,0.01700338239327178
1828395,62502,50192,30739,325,6,117017280,0.01700338239327178
1828560,38,59409,18451,325,6,117027840,0.01700338239327178
1828717,26663,21523,6164,325,6,117037888,0.01700338239327178
1828977,35878,44049,40980,325,6,117054528,0.01700338239327178
1829205,59426,35856,57365,325,6,117069120,0.01700338239327178
1829340,64546,22546,6166,325,6,117077760,0.01700338239327178
1829555,15397,46099,9238,325,6,117091520,0.01700338239327178
1829705,44070,29715,46103,325,6,117101120,0.01700338239327178
1829977,27687,13333,22553,325,6,117118528,0.01700338239327178
1830194,42024,27670,36889,325,6,117132416,0.01700338239327178
1830374,24617,55319,55321,325,6,117143936,0.01700338239327178
1830565,18472,59413,36888,325,6,117156160,0.01700338239327178
1830744,60456,57364,14357,325,6,117167616,0.01700338239327178
1830947,46121,47123,62487,325,6,117180608,0.01700338239327178
1831099,56362,49172,47131,325,6,117190336,0.01700338239327178
1831419,61483,32788,34839,325,6,117210816,0.01700338239327178
1831592,14380,33813,58391,326,6,117221888,0.018191790840113357
1831755,7212,55319,64537,326,6,117232320,0.018191790840113357
1831993,10285,33817,42009,326,6,117247552,0.018191790840113357
1832277,17453,16412,62490,326,6,117265728,0.018191790840113357
1832426,62508,18456,37912,326,6,117275264,0.018191790840113357
1832615,6185,43027,58390,326,6,117287360,0.018191790840113357
1832778,34850,32788,15386,326,6,117297792,0.018191790840113357
1833039,45087,37906,14360,326,6,117314496,0.018191790840113357
653408,8,4096,4105,326,6,41818112,0.018191790840113357
1833473,44059,16402,47130,326,6,117342272,0.018191790840113357
1833692,62496,49171,10265,326,6,117356288,0.018191790840113357
1833882,18467,32789,55323,326,6,117368448,0.018191790840113357
1834112,27686,59419,63518,326,6,117383168,0.018191790840113357
1834279,27688,22556,29726,326,6,117393856,0.018191790840113357
1834469,14377,8217,38940,326,6,117406016,0.018191790840113357
1834711,41000,54296,9243,326,6,117421504,0.018191790840113357
1834918,48169,12309,6169,326,6,117434752,0.018191790840113357
1835074,8233,32788,10260,326,6,117444736,0.018191790840113357
1835318,64553,27667,28694,326,6,117460352,0.018191790840113357
1835490,56361,63507,32790,326,6,117471360,0.018191790840113357
1835677,44074,13333,27672,326,6,117483328,0.018191790840113357
1835911,28714,16408,36892,326,6,117498304,0.018191790840113357
1836128,31785,21525,55320,326,6,117512192,0.018191790840113357
1836287,9257,24597,23,326,6,117522368,0.018191790840113357
1836496,37928,35859,21526,326,6,117535744,0.018191790840113357
1836674,19495,10256,61463,326,6,117547136,0.018191790840113357
1836903,39973,44046,56339,326,6,117561792,0.018191790840113357
1837145,22564,29709,43027,326,6,117577280,0.018191790840113357
1837358,37924,2061,5138,326,6,117590912,0.018191790840113357
1837569,1060,14349,46098,326,6,117604416,0.018191790840113357
1837754,25636,22542,29712,326,6,117616256,0.018191790840113357
1838116,27686,36882,5141,326,6,117639424,0.018191790840113357
1838287,39975,2067,10261,326,6,117650368,0.018191790840113357
1838535,55335,49172,17430,326,6,117666240,0.018191790840113357
1838679,50216,10261,24599,326,6,117675456,0.018191790840113357
1839222,24617,14355,40983,326,6,117710208,0.018191790840113357
1839405,59432,29714,6164,326,6,117721920,0.018191790840113357
1839640,46119,59408,29715,326,6,117736960,0.018191790840113357
1839881,21544,16,56348,326,6,117752384,0.018191790840113357
1840047,36903,30736,27664,326,6,117763008,0.018191790840113357
1840236,36903,40976,54291,326,6,117775104,0.018191790840113357
1840435,27688,14353,49172,326,6,117787840,0.018191790840113357
1840692,55336,11282,40983,326,6,117804288,0.018191790840113357
1840828,38952,8211,15381,326,6,117812992,0.018191790840113357
1841053,48168,31763,44054,326,6,117827392,0.018191790840113357
1841240,34856,36884,56342,326,6,117839360,0.018191790840113357
1841462,9257,22549,19479,326,6,117853568,0.018191790840113357
1841612,43050,16409,50202,326,6,117863168,0.018191790840113357
788512,1026,4096,10248,326,6,50464768,0.018191790840113357
1842136,35881,19477,35863,327,6,117896704,0.01782612670262364
1842387,44073,48148,52246,327,6,117912768,0.01782612670262364
1842539,61481,53267,56342,327,6,117922496,0.01782612670262364
1842733,6185,8211,2069,327,6,117934912,0.01782612670262364
1842928,63529,18452,36885,327,6,117947392,0.01782612670262364
1843094,37929,38931,55319,327,6,117958016,0.01782612670262364
1843304,32808,24596,11286,327,6,117971456,0.01782612670262364
1843501,40999,37907,49173,327,6,117984064,0.01782612670262364
1843667,56359,38930,48149,327,6,117994688,0.01782612670262364
1843874,10279,21520,57365,327,6,118007936,0.01782612670262364
1844075,35878,61456,33815,327,6,118020800,0.01782612670262364
1844271,20519,24592,35860,327,6,118033344,0.01782612670262364
1844531,51239,64529,30741,327,6,118049984,0.01782612670262364
1844713,6183,51217,53269,327,6,118061632,0.01782612670262364
1844879,5159,51218,14357,327,6,118072256,0.01782612670262364
1845095,38952,52242,53269,327,6,118086080,0.01782612670262364
1845275,57384,22546,27668,327,6,118097600,0.01782612670262364
1845455,38952,42002,11285,327,6,118109120,0.01782612670262364
1845658,12328,61458,28700,327,6,118122112,0.01782612670262364
1845853,26664,42002,36885,327,6,118134592,0.01782612670262364
1846039,10280,24594,46102,327,6,118146496,0.01782612670262364
1846255,14377,1044,12310,327,6,118160320,0.01782612670262364
1846456,28712,64531,62485,327,6,118173184,0.01782612670262364
1846639,1065,14356,1045,327,6,118184896,0.01782612670262364
1846855,47145,17428,11286,327,6,118198720,0.01782612670262364
1847050,52264,12307,25621,327,6,118211200,0.01782612670262364
1847176,35880,22545,61461,327,6,118219264,0.01782612670262364
1847396,54312,57363,25621,327,6,118233344,0.01782612670262364
1847575,21544,49170,43029,327,6,118244800,0.01782612670262364
1847774,3112,32787,37909,327,6,118257536,0.01782612670262364
1847955,47145,19477,26646,327,6,118269120,0.01782612670262364
1848324,16425,4117,12316,327,6,118292736,0.01782612670262364
1848536,30761,6166,24599,327,6,118306304,0.01782612670262364
1848709,64553,23572,33813,327,6,118317376,0.01782612670262364
1848876,10280,37907,20501,327,6,118328064,0.01782612670262364
1849186,10279,64530,36884,327,6,118347904,0.01782612670262364
1849339,38952,18450,3092,327,6,118357696,0.01782612670262364
1849535,60456,39954,46108,327,6,118370240,0.01782612670262364
1849771,1065,18452,38934,327,6,118385344,0.01782612670262364
1850019,25640,61459,51223,327,6,118401216,0.01782612670262364
1850218,46121,35860,47127,327,6,118413952,0.01782612670262364
1850363,17449,17428,49174,327,6,118423232,0.01782612670262364
1850594,12329,19,43030,327,6,118438016,0.01782612670262364
1850759,9257,12307,17429,327,6,118448576,0.01782612670262364
1850925,31785,48148,13340,327,6,118459200,0.01782612670262364
1851129,13352,60434,46100,327,6,118472256,0.01782612670262364
1851287,10280,53268,5141,327,6,118482368,0.01782612670262364
1851494,3112,62483,46100,327,6,118495616,0.01782612670262364
1851662,42024,36882,53268,327,6,118506368,0.01782612670262364
1851870,60455,21522,20501,328,6,118519680,0.017734710668251212
1852049,24616,36884,53268,328,6,118531136,0.017734710668251212
1852276,17448,38933,38936,328,6,118545664,0.017734710668251212
1852498,48169,6165,46100,328,6,118559872,0.017734710668251212
1852646,9257,12310,32792,328,6,118569344,0.017734710668251212
1852850,8233,38934,26652,328,6,118582400,0.017734710668251212
1853029,7210,23,30748,328,6,118593856,0.017734710668251212
1853213,55337,51222,19480,328,6,118605632,0.017734710668251212
1853393,38953,9236,25622,328,6,118617152,0.017734710668251212
1853625,13353,11283,61462,328,6,118632000,0.017734710668251212
1853821,59432,38931,8213,328,6,118644544,0.017734710668251212
1853960,35879,55314,58389,328,6,118653440,0.017734710668251212
1854217,47143,45074,43029,328,6,118669888,0.017734710668251212
1854407,55336,22547,8214,328,6,118682048,0.017734710668251212
1854677,10280,6164,12311,328,6,118699328,0.017734710668251212
1854843,10280,8212,6167,328,6,118709952,0.017734710668251212
1855013,2088,12307,20503,328,6,118720832,0.017734710668251212
1855228,19495,63504,57365,328,6,118734592,0.017734710668251212
1855404,32807,56338,9237,328,6,118745856,0.017734710668251212
1855561,6184,3089,38932,328,6,118755904,0.017734710668251212
1855754,5159,38929,59412,328,6,118768256,0.017734710668251212
1855931,16424,4115,1045,328,6,118779584,0.017734710668251212
1856106,45095,45074,29718,328,6,118790784,0.017734710668251212
1856270,36903,35857,46101,328,6,118801280,0.017734710668251212
1856470,30758,57361,23573,328,6,118814080,0.017734710668251212
1856713,62504,10258,28694,328,6,118829632,0.017734710668251212
1856880,21544,3091,54294,328,6,118840320,0.017734710668251212
1857056,24616,21525,43031,328,6,118851584,0.017734710668251212
1857265,41001,6165,48151,328,6,118864960,0.017734710668251212
1857484,2088,8212,56344,328,6,118878976,0.017734710668251212
1857670,2088,19,35862,328,6,118890880,0.017734710668251212
1857875,10279,46098,6165,328,6,118904000,0.017734710668251212
1858088,6183,16,59412,328,6,118917632,0.017734710668251212
1858310,4133,36880,11280,328,6,118931840,0.017734710668251212
1858556,11302,5136,37908,328,6,118947584,0.017734710668251212
1858826,27685,20497,23572,328,6,118964864,0.017734710668251212
1858996,36900,6161,12309,328,6,118975744,0.017734710668251212
1859197,22564,55312,46101,328,6,118988608,0.017734710668251212
1859376,59429,4112,12308,328,6,119000064,0.017734710668251212
1859561,23589,25615,10261,328,6,119011904,0.017734710668251212
1859699,47141,5135,31764,328,6,119020736,0.017734710668251212
1859955,4133,25614,51220,328,6,119037120,0.017734710668251212
1860118,32805,15375,1047,328,6,119047552,0.017734710668251212
1860347,54309,11279,4119,328,6,119062208,0.017734710668251212
1860510,56356,63503,11286,328,6,119072640,0.017734710668251212
1860752,12324,61454,38932,328,6,119088128,0.017734710668251212
1860975,18469,16398,22548,328,6,119102400,0.017734710668251212
1861169,5158,5135,23568,328,6,119114816,0.017734710668251212
1861402,28711,57360,30739,328,6,119129728,0.017734710668251212
1861596,28712,25617,34836,328,6,119142144,0.017734710668251212
1861765,45096,57362,2067,329,6,119152960,0.017734710668251212
1861935,42024,60435,25621,329,6,119163840,0.017734710668251212
1862099,15400,55315,15380,329,6,119174336,0.017734710668251212
1862305,44072,25619,36885,329,6,119187520,0.017734710668251212
1862453,63528,55315,49173,329,6,119196992,0.017734710668251212
1862684,60456,26643,21,329,6,119211776,0.017734710668251212
1862899,5160,40978,35860,329,6,119225536,0.017734710668251212
1863108,61481,37908,11285,329,6,119238912,0.017734710668251212
1863282,40,58387,60437,329,6,119250048,0.017734710668251212
1863434,38952,34835,59413,329,6,119259776,0.017734710668251212
1863661,51240,54292,4118,329,6,119274304,0.017734710668251212
1863847,57384,24596,52246,329,6,119286208,0.017734710668251212
1864022,18473,20501,26646,329,6,119297408,0.017734710668251212
1864190,31786,11288,6168,329,6,119308160,0.017734710668251212
1864398,39977,37910,5144,329,6,119321472,0.017734710668251212
1864636,29737,1046,5147,329,6,119336704,0.017734710668251212
1864856,42025,27670,10263,329,6,119350784,0.017734710668251212
1865066,10280,27668,34838,329,6,119364224,0.017734710668251212
1865225,41000,38932,23,329,6,119374400,0.017734710668251212
1865425,35880,9234,19477,329,6,119387200,0.017734710668251212
1865640,20519,64531,6165,329,6,119400960,0.017734710668251212
1865793,55335,62483,27670,329,6,119410752,0.017734710668251212
1865948,1063,64531,22550,329,6,119420672,0.017734710668251212
1866187,29735,28690,32789,329,6,119435968,0.017734710668251212
1866381,30759,17,14357,329,6,119448384,0.017734710668251212
1866652,32807,1040,33813,329,6,119465728,0.017734710668251212
1866875,32805,43024,22548,329,6,119480000,0.017734710668251212
1867034,44069,44048,12307,329,6,119490176,0.017734710668251212
1867180,49190,9231,59412,329,6,119499520,0.017734710668251212
1867443,48166,25615,43028,329,6,119516352,0.017734710668251212
1867637,35877,62479,16404,329,6,119528768,0.017734710668251212
1867831,63526,3088,21524,329,6,119541184,0.017734710668251212
1868016,35878,40976,35860,329,6,119553024,0.017734710668251212
1868207,44070,34833,11285,329,6,119565248,0.017734710668251212
1868430,7206,50192,48148,329,6,119579520,0.017734710668251212
1868666,51239,59411,21,329,6,119594624,0.017734710668251212
1868787,58407,44050,5141,329,6,119602368,0.017734710668251212
1868950,10280,18,44054,329,6,119612800,0.017734710668251212
1869144,50215,64531,34838,329,6,119625216,0.017734710668251212
1869351,41000,26644,38935,329,6,119638464,0.017734710668251212
1869549,33833,9236,50199,329,6,119651136,0.017734710668251212
1869734,19497,16407,6168,329,6,119662976,0.017734710668251212
1869904,41,22550,26649,329,6,119673856,0.017734710668251212
1870122,39977,17430,44057,329,6,119687808,0.017734710668251212
1870242,50217,22,53276,329,6,119695488,0.017734710668251212
1870467,29737,26647,18457,329,6,119709888,0.017734710668251212
1870666,11306,5142,22552,329,6,119722624,0.017734710668251212
1870884,15402,10263,31768,329,6,119736576,0.017734710668251212
1871024,2089,28693,10263,329,6,119745536,0.017734710668251212
1871232,42025,5140,55318,329,6,119758848,0.017734710668251212
1871395,64553,11284,48150,330,6,119769280,0.0180089587713685
1871605,38953,14356,21526,330,6,119782720,0.0180089587713685
1871807,34857,11283,57366,330,6,119795648,0.0180089587713685
1872015,9257,12308,22548,330,6,119808960,0.0180089587713685
1872212,10280,16402,58388,330,6,119821568,0.0180089587713685
1872396,4136,3090,24597,330,6,119833344,0.0180089587713685
1872575,50215,46098,25622,330,6,119844800,0.0180089587713685
1872793,24609,34832,28694,330,6,119858752,0.0180089587713685
1872930,44062,35854,58390,330,6,119867520,0.0180089587713685
1873143,39971,60432,30742,330,6,119881152,0.0180089587713685
1873291,36901,22546,27671,330,6,119890624,0.0180089587713685
1873467,4135,51221,10264,330,6,119901888,0.0180089587713685
1873677,20520,59413,34840,330,6,119915328,0.0180089587713685
1873864,1063,64531,19478,330,6,119927296,0.0180089587713685
1874070,10279,55315,12309,330,6,119940480,0.0180089587713685
1874270,22567,64529,17429,330,6,119953280,0.0180089587713685
1874460,61479,64529,32789,330,6,119965440,0.0180089587713685
1874634,52263,13329,40980,330,6,119976576,0.0180089587713685
1874882,42024,10259,20502,330,6,119992448,0.0180089587713685
1875050,38954,17428,10262,330,6,120003200,0.0180089587713685
1875276,7209,42001,1043,330,6,120017664,0.0180089587713685
1875457,35881,16400,48144,330,6,120029248,0.0180089587713685
1875687,8234,42002,21527,330,6,120043968,0.0180089587713685
1875877,50217,59411,6165,330,6,120056128,0.0180089587713685
1876033,38953,60434,45076,330,6,120066112,0.0180089587713685
1876271,14377,39954,17427,330,6,120081344,0.0180089587713685
1876462,46122,13330,32784,330,6,120093568,0.0180089587713685
1876664,32808,58385,46099,330,6,120106496,0.0180089587713685
1876866,36899,26639,52245,330,6,120119424,0.0180089587713685
1877026,14371,49170,32791,330,6,120129664,0.0180089587713685
1877234,47143,49172,29720,330,6,120142976,0.0180089587713685
1877462,35878,57361,36885,330,6,120157568,0.0180089587713685
1877696,45095,26645,29720,330,6,120172544,0.0180089587713685
1877896,56362,28695,64538,330,6,120185344,0.0180089587713685
1878063,35883,27673,34843,330,6,120196032,0.0180089587713685
1878208,41002,31768,40987,330,6,120205312,0.0180089587713685
1878490,61484,37920,6173,330,6,120223360,0.0180089587713685
1878662,28716,21529,29723,330,6,120234368,0.0180089587713685
1878875,28715,52248,25,330,6,120248000,0.0180089587713685
1879098,36907,23577,38938,330,6,120262272,0.0180089587713685
1879261,49195,15384,56346,330,6,120272704,0.0180089587713685
1879453,30761,32789,16404,330,6,120284992,0.0180089587713685
1879605,1065,11284,62487,330,6,120294720,0.0180089587713685
1879792,64553,14357,9240,330,6,120306688,0.0180089587713685
1880000,29736,58389,17431,330,6,120320000,0.0180089587713685
1880163,48168,32788,26647,330,6,120330432,0.0180089587713685
1880323,9256,60436,5143,330,6,120340672,0.0180089587713685
1880529,53289,13333,29723,330,6,120353856,0.0180089587713685
1880749,9258,6168,3098,330,6,120367936,0.0180089587713685
1880937,54314,33814,57369,330,6,120379968,0.0180089587713685
1881152,46122,9239,1049,331,6,120393728,0.016546302221409636
1881361,25641,47126,44057,331,6,120407104,0.016546302221409636
1881644,16425,49174,62489,331,6,120425216,0.016546302221409636
1881948,8233,20501,37912,331,6,120444672,0.016546302221409636
1882110,23593,28694,29721,331,6,120455040,0.016546302221409636
1882314,10282,23,45081,331,6,120468096,0.016546302221409636
1882598,47145,4118,22553,331,6,120486272,0.016546302221409636
1882748,42025,12309,1051,331,6,120495872,0.016546302221409636
1882980,30761,13332,48151,331,6,120510720,0.016546302221409636
1883131,6184,56339,14358,331,6,120520384,0.016546302221409636
1883360,52265,16403,13334,331,6,120535040,0.016546302221409636
1883562,1065,27668,61463,331,6,120547968,0.016546302221409636
1883765,50217,22548,61460,331,6,120560960,0.016546302221409636
1883937,57385,22551,6168,331,6,120571968,0.016546302221409636
1884129,40,49173,34840,331,6,120584256,0.016546302221409636
1884294,15400,42005,35864,331,6,120594816,0.016546302221409636
1884489,3113,34836,37912,331,6,120607296,0.016546302221409636
1884657,24617,28694,16408,331,6,120618048,0.016546302221409636
1884927,38955,20503,46106,331,6,120635328,0.016546302221409636
1885079,56363,45082,20507,331,6,120645056,0.016546302221409636
1885260,33835,48151,11288,331,6,120656640,0.016546302221409636
1885423,61483,19478,16408,331,6,120667072,0.016546302221409636
1885602,63531,29718,28696,331,6,120678528,0.016546302221409636
1885791,21546,2070,25,331,6,120690624,0.016546302221409636
1886067,57386,53268,22550,331,6,120708288,0.016546302221409636
1886304,11306,22547,53270,331,6,120723456,0.016546302221409636
1886479,27689,53268,10262,331,6,120734656,0.016546302221409636
1886667,2089,29717,53272,331,6,120746688,0.016546302221409636
1886825,59433,5142,25624,331,6,120756800,0.016546302221409636
1887034,5161,46102,25624,331,6,120770176,0.016546302221409636
1887203,39978,33816,36891,331,6,120780992,0.016546302221409636
1887363,9259,24603,3099,331,6,120791232,0.016546302221409636
1887549,20523,35864,50203,331,6,120803136,0.016546302221409636
1887717,19499,51225,39963,331,6,120813888,0.016546302221409636
1887873,10283,63514,48156,331,6,120823872,0.016546302221409636
1888027,50219,3098,46107,331,6,120833728,0.016546302221409636
1888187,51244,5145,38939,331,6,120843968,0.016546302221409636
1888400,19499,22551,64537,331,6,120857600,0.016546302221409636
1888629,35882,30741,30744,331,6,120872256,0.016546302221409636
1888842,14377,55317,42008,331,6,120885888,0.016546302221409636
1889068,62505,58389,43031,331,6,120900352,0.016546302221409636
1889237,63529,57365,55320,331,6,120911168,0.016546302221409636
1889441,46122,43033,52251,331,6,120924224,0.016546302221409636
1889594,17450,24,6170,331,6,120934016,0.016546302221409636
1889755,51242,8215,2074,331,6,120944320,0.016546302221409636
1889933,1065,62486,53273,331,6,120955712,0.016546302221409636
1890113,32810,14359,34841,331,6,120967232,0.016546302221409636
1890268,14378,11287,10264,331,6,120977152,0.016546302221409636
1890492,30762,1045,42011,331,6,120991488,0.016546302221409636
1890662,27690,14359,14360,331,6,121002368,0.016546302221409636
1890909,41001,24597,18455,332,6,121018176,0.017551878599506354
1891072,22569,21524,57367,332,6,121028608,0.017551878599506354
1891297,17448,40980,49176,332,6,121043008,0.017551878599506354
1891500,32809,14356,19479,332,6,121056000,0.017551878599506354
1891652,31785,26646,8216,332,6,121065728,0.017551878599506354
1891882,25641,55317,2072,332,6,121080448,0.017551878599506354
1892071,1065,40981,30740,332,6,121092544,0.017551878599506354
1892290,64552,61461,31768,332,6,121106560,0.017551878599506354
1892475,10282,4116,58391,332,6,121118400,0.017551878599506354
1892686,63529,44052,29720,332,6,121131904,0.017551878599506354
1892892,27689,25621,26648,332,6,121145088,0.017551878599506354
1893070,5161,21525,17432,332,6,121156480,0.017551878599506354
1893234,21545,17429,30740,332,6,121166976,0.017551878599506354
1893493,42024,34836,49175,332,6,121183552,0.017551878599506354
1893683,25640,55315,34838,332,6,121195712,0.017551878599506354
1893854,17448,28691,27670,332,6,121206656,0.017551878599506354
1894032,49192,19475,14358,332,6,121218048,0.017551878599506354
1894206,43048,2067,4118,332,6,121229184,0.017551878599506354
1894437,14376,13331,23574,332,6,121243968,0.017551878599506354
1894583,2087,50194,46102,332,6,121253312,0.017551878599506354
1894807,20520,34833,58389,332,6,121267648,0.017551878599506354
1894963,13352,32786,21525,332,6,121277632,0.017551878599506354
1895190,15400,52242,53270,332,6,121292160,0.017551878599506354
1895444,49192,31763,19479,332,6,121308416,0.017551878599506354
1895608,49192,47123,40983,332,6,121318912,0.017551878599506354
1895833,32808,15378,48150,332,6,121333312,0.017551878599506354
1895999,5160,26643,22,332,6,121343936,0.017551878599506354
1896176,33832,51219,26646,332,6,121355264,0.017551878599506354
1896347,47144,13330,38934,332,6,121366208,0.017551878599506354
1896502,26664,33811,32790,332,6,121376128,0.017551878599506354
1896678,61480,36883,62486,332,6,121387392,0.017551878599506354
815297,8192,2050,40960,332,6,52179008,0.017551878599506354
1897136,56360,17427,25621,332,6,121416704,0.017551878599506354
1897323,26664,10258,30741,332,6,121428672,0.017551878599506354
1897579,41000,47122,63509,332,6,121445056,0.017551878599506354
1897738,64552,45075,48150,332,6,121455232,0.017551878599506354
1897932,54312,35859,21526,332,6,121467648,0.017551878599506354
1898136,29736,47123,9238,332,6,121480704,0.017551878599506354
1898351,38953,18452,9239,332,6,121494464,0.017551878599506354
1898543,24617,18,37910,332,6,121506752,0.017551878599506354
1898707,51241,8211,3092,332,6,121517248,0.017551878599506354
1898926,57385,2068,6167,332,6,121531264,0.017551878599506354
1899123,24616,42003,57367,332,6,121543872,0.017551878599506354
1899345,58409,22549,27675,332,6,121558080,0.017551878599506354
1899508,6184,58389,16404,332,6,121568512,0.017551878599506354
1899722,63528,11283,28694,332,6,121582208,0.017551878599506354
1899879,62504,27668,15382,332,6,121592256,0.017551878599506354
1900089,43049,22548,58391,332,6,121605696,0.017551878599506354
1900286,35880,44052,32788,332,6,121618304,0.017551878599506354
1900486,49193,20503,19481,332,6,121631104,0.017551878599506354
1900692,26665,30740,55319,333,6,121644288,0.017551878599506354
1900930,20520,61460,46100,333,6,121659520,0.017551878599506354
1901109,59432,57365,19481,333,6,121670976,0.017551878599506354
1901302,3113,25621,33819,333,6,121683328,0.017551878599506354
1901460,18473,8213,27675,333,6,121693440,0.017551878599506354
1901692,40,54292,59415,333,6,121708288,0.017551878599506354
1901884,52264,53267,59414,333,6,121720576,0.017551878599506354
1902097,42024,13332,62487,333,6,121734208,0.017551878599506354
1902294,2087,61460,46103,333,6,121746816,0.017551878599506354
1902513,44072,26643,42006,333,6,121760832,0.017551878599506354
1902706,25640,62484,22551,333,6,121773184,0.017551878599506354
1902898,25640,46101,53272,333,6,121785472,0.017551878599506354
1903055,23592,28692,4119,333,6,121795520,0.017551878599506354
1903230,43047,60436,38935,333,6,121806720,0.017551878599506354
1903413,58408,28692,20503,333,6,121818432,0.017551878599506354
1903622,13351,64531,42006,333,6,121831808,0.017551878599506354
1903780,17447,64530,50198,333,6,121841920,0.017551878599506354
1903996,29736,57364,47126,333,6,121855744,0.017551878599506354
1904197,54312,3091,7191,333,6,121868608,0.017551878599506354
1904442,7207,64532,4118,333,6,121884288,0.017551878599506354
1904598,39,34835,22550,333,6,121894272,0.017551878599506354
1904745,33831,2065,44053,333,6,121903680,0.017551878599506354
1904904,61478,25617,20,333,6,121913856,0.017551878599506354
1905094,61478,57361,21525,333,6,121926016,0.017551878599506354
1905272,18471,16400,29716,333,6,121937408,0.017551878599506354
1905480,36902,54292,28693,333,6,121950720,0.017551878599506354
1905662,51239,54290,22549,333,6,121962368,0.017551878599506354
1905843,6183,49169,51220,333,6,121973952,0.017551878599506354
1906032,24615,11280,2067,333,6,121986048,0.017551878599506354
1906295,2086,51215,9235,333,6,122002880,0.017551878599506354
1906569,11303,15,53266,333,6,122020416,0.017551878599506354
1906749,30759,20496,38931,333,6,122031936,0.017551878599506354
1906936,27687,5136,55315,333,6,122043904,0.017551878599506354
1907104,21543,1041,21527,333,6,122054656,0.017551878599506354
1907273,44071,64531,37909,333,6,122065472,0.017551878599506354
1907526,38952,11282,50198,333,6,122081664,0.017551878599506354
1907747,32808,2068,15382,333,6,122095808,0.017551878599506354
1908002,50217,1043,47125,333,6,122112128,0.017551878599506354
1908182,23592,17426,20501,333,6,122123648,0.017551878599506354
1908366,28711,38929,37908,333,6,122135424,0.017551878599506354
1908631,63527,64529,19475,333,6,122152384,0.017551878599506354
1908815,44072,3090,29716,333,6,122164160,0.017551878599506354
1909026,42023,60435,21,333,6,122177664,0.017551878599506354
1909193,59431,57362,47125,333,6,122188352,0.017551878599506354
1909377,12328,18,45076,333,6,122200128,0.017551878599506354
1909583,4135,61460,24598,333,6,122213312,0.017551878599506354
1909792,51239,1043,45078,333,6,122226688,0.017551878599506354
1909990,50215,55316,49174,333,6,122239360,0.017551878599506354
1910170,47143,3093,11287,333,6,122250880,0.017551878599506354
1910388,40999,57366,1048,333,6,122264832,0.017551878599506354
1910611,7210,17431,14361,334,6,122279104,0.01791754273699607
1910762,43,49178,13341,334,6,122288768,0.01791754273699607
1910939,16427,51223,31769,334,6,122300096,0.01791754273699607
1911157,16427,42006,56344,334,6,122314048,0.01791754273699607
1911351,21546,33815,29721,334,6,122326464,0.01791754273699607
1911527,4137,49175,40985,334,6,122337728,0.01791754273699607
1911740,27689,6166,30747,334,6,122351360,0.01791754273699607
1911904,31784,12307,45085,334,6,122361856,0.01791754273699607
1912040,27686,46098,51223,334,6,122370560,0.01791754273699607
1912435,18470,57362,13334,334,6,122395840,0.01791754273699607
1912596,26663,24594,17430,334,6,122406144,0.01791754273699607
1912861,8231,36884,10263,334,6,122423104,0.01791754273699607
1913031,15400,57367,46105,334,6,122433984,0.01791754273699607
790691,40960,4096,16392,334,6,50604224,0.01791754273699607
1913557,64553,14358,40984,334,6,122467648,0.01791754273699607
1913732,55337,5141,62484,334,6,122478848,0.01791754273699607
1913887,34857,12307,61462,334,6,122488768,0.01791754273699607
1914106,46120,19474,48150,334,6,122502784,0.01791754273699607
1914306,9255,54294,22552,334,6,122515584,0.01791754273699607
1914470,10277,60436,36890,334,6,122526080,0.01791754273699607
1914649,9254,32789,11288,334,6,122537536,0.01791754273699607
1914913,5158,57365,24600,334,6,122554432,0.01791754273699607
1915087,23591,55316,37908,334,6,122565568,0.01791754273699607
1915301,26663,20499,40983,334,6,122579264,0.01791754273699607
1915559,4135,51218,46102,334,6,122595776,0.01791754273699607
1915758,12327,35856,49173,334,6,122608512,0.01791754273699607
1915979,40998,40975,11283,334,6,122622656,0.01791754273699607
1916139,34855,15,17431,334,6,122632896,0.01791754273699607
1916363,12327,21519,3091,334,6,122647232,0.01791754273699607
1916534,37927,44047,44050,334,6,122658176,0.01791754273699607
1916690,61480,2064,48147,334,6,122668160,0.01791754273699607
1916933,58408,49172,8214,334,6,122683712,0.01791754273699607
1917139,17448,2067,40980,334,6,122696896,0.01791754273699607
1917335,9254,45075,8208,334,6,122709440,0.01791754273699607
1917514,20518,12306,25621,334,6,122720896,0.01791754273699607
1917742,57381,28690,16405,334,6,122735488,0.01791754273699607
1918126,19493,43025,59415,334,6,122760064,0.01791754273699607
1918326,62503,13333,31769,334,6,122772864,0.01791754273699607
1918525,6183,64536,59419,334,6,122785600,0.01791754273699607
1918756,57384,50201,8220,334,6,122800384,0.01791754273699607
1918978,27689,28695,9241,334,6,122814592,0.01791754273699607
1919149,17448,52243,36887,334,6,122825536,0.01791754273699607
1919342,21544,28689,36885,334,6,122837888,0.01791754273699607
1919591,12330,16403,51222,334,6,122853824,0.01791754273699607
1919745,29739,61460,8213,334,6,122863680,0.01791754273699607
1919946,64556,36886,52247,334,6,122876544,0.01791754273699607
1920129,44076,33816,50202,334,6,122888256,0.01791754273699607
1920365,32813,16408,5145,334,6,122903360,0.01791754273699607
1920519,63533,4119,58392,335,6,122913216,0.01718621446201664
787969,0,4,43020,335,6,50430016,0.01718621446201664
1920943,21543,5138,38933,335,6,122940352,0.01718621446201664
786436,62468,2,1033,335,6,50331904,0.01718621446201664
1921294,47135,28691,9242,335,6,122962816,0.01718621446201664
1921467,39962,38930,46107,335,6,122973888,0.01718621446201664
1921655,63513,35857,12314,335,6,122985920,0.01718621446201664
1921890,6171,49168,40986,335,6,123000960,0.01718621446201664
1922050,20513,31757,26648,335,6,123011200,0.01718621446201664
1922254,56357,25623,58396,335,6,123024256,0.01718621446201664
1922442,39976,46110,9247,335,6,123036288,0.01718621446201664
1922654,56360,20503,52251,335,6,123049856,0.01718621446201664
1922798,22568,22550,2074,335,6,123059072,0.01718621446201664
1923100,41000,53270,1049,335,6,123078400,0.01718621446201664
1923278,47145,45077,48153,335,6,123089792,0.01718621446201664
1923489,17448,27668,12315,335,6,123103296,0.01718621446201664
1923668,42026,16407,14362,335,6,123114752,0.01718621446201664
1924116,18472,20502,17433,335,6,123143424,0.01718621446201664
1924239,37927,3094,32793,335,6,123151296,0.01718621446201664
1924415,30759,64533,40984,335,6,123162560,0.01718621446201664
1924635,34855,50194,53270,335,6,123176640,0.01718621446201664
1924810,31782,61457,46101,335,6,123187840,0.01718621446201664
1924993,7206,57361,12317,335,6,123199552,0.01718621446201664
1925175,56358,18448,1045,335,6,123211200,0.01718621446201664
1925328,1061,57360,28692,335,6,123220992,0.01718621446201664
1925543,9252,52239,19,335,6,123234752,0.01718621446201664
1925733,55332,34830,19,335,6,123246912,0.01718621446201664
1925944,8228,36877,61459,335,6,123260416,0.01718621446201664
1926102,51237,17423,4115,335,6,123270528,0.01718621446201664
1926325,9254,22545,6164,335,6,123284800,0.01718621446201664
1926489,30759,9234,43029,335,6,123295296,0.01718621446201664
1926650,32807,49172,10262,335,6,123305600,0.01718621446201664
1926911,59431,61460,54295,335,6,123322304,0.01718621446201664
1927075,19496,61462,4119,335,6,123332800,0.01718621446201664
1927262,17450,21,33814,335,6,123344768,0.01718621446201664
1927480,10281,19474,45078,335,6,123358720,0.01718621446201664
1927684,10281,46099,46101,335,6,123371776,0.01718621446201664
1927893,5161,31763,33813,335,6,123385152,0.01718621446201664
1928128,3113,2066,30743,335,6,123400192,0.01718621446201664
1928305,37927,52241,9236,335,6,123411520,0.01718621446201664
1928493,31783,64529,23,335,6,123423552,0.01718621446201664
1928706,22568,43025,45076,335,6,123437184,0.01718621446201664
1928883,17448,18450,16404,335,6,123448512,0.01718621446201664
1929045,30760,43027,40981,335,6,123458880,0.01718621446201664
1929259,62505,1045,38932,335,6,123472576,0.01718621446201664
1929450,13354,4121,6173,335,6,123484800,0.01718621446201664
1929686,19498,35863,25625,335,6,123499904,0.01718621446201664
1929914,26667,17430,37912,335,6,123514496,0.01718621446201664
1930100,51242,35861,48151,335,6,123526400,0.01718621446201664
1930314,41002,8211,47125,336,6,123540096,0.01700338239327178
1930463,16426,12306,61461,336,6,123549632,0.01700338239327178
1930648,13354,21523,56342,336,6,123561472,0.01700338239327178
1930865,58409,61460,2070,336,6,123575360,0.01700338239327178
1931056,46120,63508,48151,336,6,123587584,0.01700338239327178
1931233,40,51221,28695,336,6,123598912,0.01700338239327178
1931403,22568,33813,19478,336,6,123609792,0.01700338239327178
1931592,59432,1043,44053,336,6,123621888,0.01700338239327178
1931869,1064,35858,63509,336,6,123639616,0.01700338239327178
1932061,21543,33808,43028,336,6,123651904,0.01700338239327178
1932212,31783,28689,10260,336,6,123661568,0.01700338239327178
1932455,19495,40977,38933,336,6,123677120,0.01700338239327178
1932587,37927,27665,58397,336,6,123685568,0.01700338239327178
1932844,33831,29713,10260,336,6,123702016,0.01700338239327178
1933055,24615,64529,36885,336,6,123715520,0.01700338239327178
1933210,35880,10258,5141,336,6,123725440,0.01700338239327178
1933442,22568,53267,58390,336,6,123740288,0.01700338239327178
1933622,50217,19476,26646,336,6,123751808,0.01700338239327178
1933837,27689,27668,6173,336,6,123765568,0.01700338239327178
1934005,12329,14356,6173,336,6,123776320,0.01700338239327178
1934163,29737,10260,38934,336,6,123786432,0.01700338239327178
1934348,34857,17427,52246,336,6,123798272,0.01700338239327178
1934580,33833,4116,29718,336,6,123813120,0.01700338239327178
1934755,57385,16404,20501,336,6,123824320,0.01700338239327178
1934908,52265,1043,22549,336,6,123834112,0.01700338239327178
1935101,21545,7186,27669,336,6,123846464,0.01700338239327178
1935258,52264,52242,16407,336,6,123856512,0.01700338239327178
1935472,47145,8211,2069,336,6,123870208,0.01700338239327178
1935663,6184,49171,60438,336,6,123882432,0.01700338239327178
1935842,38952,17428,43030,336,6,123893888,0.01700338239327178
1936005,1064,37909,12310,336,6,123904320,0.01700338239327178
1936172,11305,35860,29725,336,6,123915008,0.01700338239327178
1936347,3113,45078,9238,336,6,123926208,0.01700338239327178
1936505,17448,63509,4119,336,6,123936320,0.01700338239327178
1936744,53288,53268,13334,336,6,123951616,0.01700338239327178
1936930,51240,40979,58389,336,6,123963520,0.01700338239327178
1937150,14376,30740,11286,336,6,123977600,0.01700338239327178
1937344,2088,43027,26653,336,6,123990016,0.01700338239327178
1937555,62505,27668,32790,336,6,124003520,0.01700338239327178
1937752,48169,57363,49174,336,6,124016128,0.01700338239327178
1937924,50218,4116,46102,336,6,124027136,0.01700338239327178
1938183,36906,11285,54295,336,6,124043712,0.01700338239327178
1938342,34858,13332,47126,336,6,124053888,0.01700338239327178
819205,34816,2,13312,336,6,52429120,0.01700338239327178
1938928,55337,3089,62484,336,6,124091392,0.01700338239327178
1939159,54313,18,28692,336,6,124106176,0.01700338239327178
1939414,47144,19474,20500,336,6,124122496,0.01700338239327178
1939580,40999,64530,40981,336,6,124133120,0.01700338239327178
1939761,4136,30740,47126,336,6,124144704,0.01700338239327178
1939963,43048,44052,55319,337,6,124157632,0.01691196635889935
1940131,39977,26645,5143,337,6,124168384,0.01691196635889935
1940310,20520,37909,20503,337,6,124179840,0.01691196635889935
1940459,30760,62485,47127,337,6,124189376,0.01691196635889935
1940619,44072,55316,50199,337,6,124199616,0.01691196635889935
1940828,53289,19477,30747,337,6,124212992,0.01691196635889935
1940997,50217,49175,8216,337,6,124223808,0.01691196635889935
1941205,38952,47124,2071,337,6,124237120,0.01691196635889935
1941378,23592,37908,16406,337,6,124248192,0.01691196635889935
1941594,2087,59411,30741,337,6,124262016,0.01691196635889935
1941795,45094,37906,49173,337,6,124274880,0.01691196635889935
1941978,48166,54290,55318,337,6,124286592,0.01691196635889935
1942164,40999,9234,17428,337,6,124298496,0.01691196635889935
1942359,8231,46099,42006,337,6,124310976,0.01691196635889935
1942518,13352,3091,30743,337,6,124321152,0.01691196635889935
1942680,3112,21523,52247,337,6,124331520,0.01691196635889935
1942903,62503,64530,26646,337,6,124345792,0.01691196635889935
1943036,61479,45073,43029,337,6,124354304,0.01691196635889935
1943273,31783,47121,17,337,6,124369472,0.01691196635889935
1943425,25639,43024,56336,337,6,124379200,0.01691196635889935
1943633,36903,8209,30740,337,6,124392512,0.01691196635889935
1943818,53287,45074,10260,337,6,124404352,0.01691196635889935
1944022,36903,30737,50196,337,6,124417408,0.01691196635889935
1944183,54311,46097,43029,337,6,124427712,0.01691196635889935
1944345,25639,63508,6166,337,6,124438080,0.01691196635889935
1944588,20520,27667,56342,337,6,124453632,0.01691196635889935
1944802,54312,48148,55319,337,6,124467328,0.01691196635889935
1945052,55337,10262,6167,337,6,124483328,0.01691196635889935
1945219,23593,6165,23,337,6,124494016,0.01691196635889935
1945420,31784,25620,10262,337,6,124506880,0.01691196635889935
1945587,64551,64529,55317,337,6,124517568,0.01691196635889935
823328,2049,16384,9,337,6,52692992,0.01691196635889935
1945983,12326,36880,57364,337,6,124542912,0.01691196635889935
1946234,20518,17425,9236,337,6,124558976,0.01691196635889935
1946424,40999,36883,60438,337,6,124571136,0.01691196635889935
1946583,18471,40979,20503,337,6,124581312,0.01691196635889935
1946797,29734,61458,13334,337,6,124595008,0.01691196635889935
1946978,31782,44050,14356,337,6,124606592,0.01691196635889935
1947148,51238,46097,36885,337,6,124617472,0.01691196635889935
1947359,3110,4113,10260,337,6,124630976,0.01691196635889935
1947543,11301,11279,35856,337,6,124642752,0.01691196635889935
1947721,19491,21518,48148,337,6,124654144,0.01691196635889935
1947865,20516,17423,18452,337,6,124663360,0.01691196635889935
1948064,62500,38927,59408,337,6,124676096,0.01691196635889935
1948212,62501,35856,12308,337,6,124685568,0.01691196635889935
1948418,26661,22544,33812,337,6,124698752,0.01691196635889935
1948842,35878,26639,42004,337,6,124725888,0.01691196635889935
1949067,25638,8207,58388,337,6,124740288,0.01691196635889935
1949274,36902,27664,26640,337,6,124753536,0.01691196635889935
1949417,59430,38928,24596,338,6,124762688,0.01700338239327178
1949596,52263,64528,27666,338,6,124774144,0.01700338239327178
1949846,32808,1040,1043,338,6,124790144,0.01700338239327178
1950055,6183,51215,22546,338,6,124803520,0.01700338239327178
1950218,22567,64531,38931,338,6,124813952,0.01700338239327178
1950375,10280,36882,14359,338,6,124824000,0.01700338239327178
1950592,26663,64530,25620,338,6,124837888,0.01700338239327178
1950870,51240,27668,47126,338,6,124855680,0.01700338239327178
1951013,48168,26644,20502,338,6,124864832,0.01700338239327178
1951237,26664,42005,2070,338,6,124879168,0.01700338239327178
1951406,60457,5141,25623,338,6,124889984,0.01700338239327178
1951632,44072,49173,37911,338,6,124904448,0.01700338239327178
1951822,45096,33812,11286,338,6,124916608,0.01700338239327178
1952021,3112,46099,60438,338,6,124929344,0.01700338239327178
1952258,43048,53268,18454,338,6,124944512,0.01700338239327178
1952487,63528,40981,17431,338,6,124959168,0.01700338239327178
1952629,61480,27670,1047,338,6,124968256,0.01700338239327178
1952834,19497,8214,54296,338,6,124981376,0.01700338239327178
1953019,17449,57367,53273,338,6,124993216,0.01700338239327178
1953224,62505,8213,32791,338,6,125006336,0.01700338239327178
1953394,18472,60436,8215,338,6,125017216,0.01700338239327178
1953535,12328,54291,62486,338,6,125026240,0.01700338239327178
1953788,18472,34835,53270,338,6,125042432,0.01700338239327178
1953947,57384,8211,1046,338,6,125052608,0.01700338239327178
1954161,37927,57362,6164,338,6,125066304,0.01700338239327178
1954324,39976,10258,5140,338,6,125076736,0.01700338239327178
1954512,45095,45073,37908,338,6,125088768,0.01700338239327178
1954689,4135,33809,25620,338,6,125100096,0.01700338239327178
1954825,5159,37905,3092,338,6,125108800,0.01700338239327178
1955067,5153,51211,18455,338,6,125124288,0.01700338239327178
1955239,28,12301,26646,338,6,125135296,0.01700338239327178
1955405,22561,12,34837,338,6,125145920,0.01700338239327178
1955568,7203,24589,56340,338,6,125156352,0.01700338239327178
1955754,34854,38928,6163,338,6,125168256,0.01700338239327178
1956020,6182,45074,24596,338,6,125185280,0.01700338239327178
1956168,9254,37905,47127,338,6,125194752,0.01700338239327178
1956367,40999,25617,13331,338,6,125207488,0.01700338239327178
1956541,13350,62479,51218,338,6,125218624,0.01700338239327178
1956756,39975,9232,18451,338,6,125232384,0.01700338239327178
1956882,57383,21520,25619,338,6,125240448,0.01700338239327178
1957051,16424,14353,63511,338,6,125251264,0.01700338239327178
1957216,9256,42003,43029,338,6,125261824,0.01700338239327178
1957473,19497,33814,4118,338,6,125278272,0.01700338239327178
1957716,48169,40980,7190,338,6,125293824,0.01700338239327178
1957902,60457,16405,27670,338,6,125305728,0.01700338239327178
1958109,39978,23,16404,338,6,125318976,0.01700338239327178
1958281,33834,34838,53271,338,6,125329984,0.01700338239327178
1958494,27689,31767,55321,338,6,125343616,0.01700338239327178
1958623,19497,55320,27672,338,6,125351872,0.01700338239327178
1958893,3113,9237,1046,338,6,125369152,0.01700338239327178
1959027,54313,13332,9237,339,6,125377728,0.01718621446201664
1959282,9257,10260,11286,339,6,125394048,0.01718621446201664
1959498,22569,17427,54294,339,6,125407872,0.01718621446201664
1959728,9257,44052,30742,339,6,125422592,0.01718621446201664
1959874,19497,25619,29717,339,6,125431936,0.01718621446201664
1960051,48169,15380,10262,339,6,125443264,0.01718621446201664
1960211,63529,30742,18455,339,6,125453504,0.01718621446201664
1960405,5160,52246,22,339,6,125465920,0.01718621446201664
1960631,15401,10259,61461,339,6,125480384,0.01718621446201664
1960846,22568,26644,8213,339,6,125494144,0.01718621446201664
1960988,14376,12308,22,339,6,125503232,0.01718621446201664
1961192,51239,4115,6165,339,6,125516288,0.01718621446201664
1961341,40995,57361,45078,339,6,125525824,0.01718621446201664
1961557,31782,17426,11285,339,6,125539648,0.01718621446201664
1961720,19495,63507,32791,339,6,125550080,0.01718621446201664
1961893,28712,22549,14360,339,6,125561152,0.01718621446201664
1962092,22567,64530,51222,339,6,125573888,0.01718621446201664
1962247,55335,55315,53271,339,6,125583808,0.01718621446201664
1962464,63527,22548,24599,339,6,125597696,0.01718621446201664
1962660,11304,6163,51221,339,6,125610240,0.01718621446201664
1962822,20520,6162,49173,339,6,125620608,0.01718621446201664
1963020,29736,31764,12311,339,6,125633280,0.01718621446201664
1963210,5160,34835,8214,339,6,125645440,0.01718621446201664
1963391,22568,33811,58391,339,6,125657024,0.01718621446201664
1963548,10280,35859,62486,339,6,125667072,0.01718621446201664
1963754,11305,18451,22548,339,6,125680256,0.01718621446201664
1963911,5161,5137,49172,339,6,125690304,0.01718621446201664
1964399,5160,18449,47124,339,6,125721536,0.01718621446201664
1964617,59432,20498,33811,339,6,125735488,0.01718621446201664
1964794,32808,11282,63509,339,6,125746816,0.01718621446201664
1964947,22568,47123,4116,339,6,125756608,0.01718621446201664
1965143,11304,46098,21524,339,6,125769152,0.01718621446201664
1965460,18472,10259,29717,339,6,125789440,0.01718621446201664
1965619,58409,13332,61462,339,6,125799616,0.01718621446201664
1965807,33833,61463,7192,339,6,125811648,0.01718621446201664
1966070,53289,62487,64536,339,6,125828480,0.01718621446201664
1966253,14379,17435,34842,339,6,125840192,0.01718621446201664
1966494,52267,25623,12313,339,6,125855616,0.01718621446201664
1966659,14379,12311,53273,339,6,125866176,0.01718621446201664
1966866,36907,52248,56345,339,6,125879424,0.01718621446201664
1967122,38955,30744,61465,339,6,125895808,0.01718621446201664
1967307,12331,59423,58397,339,6,125907648,0.01718621446201664
1967506,64555,51227,18458,339,6,125920384,0.01718621446201664
1967685,43050,46105,3098,339,6,125931840,0.01718621446201664
1967859,5161,21524,25621,339,6,125942976,0.01718621446201664
1968039,64553,45076,59415,339,6,125954496,0.01718621446201664
1968213,9257,58390,18457,339,6,125965632,0.01718621446201664
1968383,5162,63513,60443,339,6,125976512,0.01718621446201664
1968609,47144,61459,33812,339,6,125990976,0.01718621446201664
1968809,9255,43025,32787,340,6,126003776,0.01718621446201664
1968978,43048,17427,12310,340,6,126014592,0.01718621446201664
1969219,11306,7191,44057,340,6,126030016,0.01718621446201664
1969425,34857,42007,64537,340,6,126043200,0.01718621446201664
1969600,28714,35864,37914,340,6,126054400,0.01718621446201664
1969788,54314,26647,33819,340,6,126066432,0.01718621446201664
1969988,54313,11288,49179,340,6,126079232,0.01718621446201664
1970165,61480,4119,13337,340,6,126090560,0.01718621446201664
1970377,7209,17428,8215,340,6,126104128,0.01718621446201664
1970536,48169,21526,18456,340,6,126114304,0.01718621446201664
1970712,30762,53275,31,340,6,126125568,0.01718621446201664
1970861,50218,37912,30746,340,6,126135104,0.01718621446201664
1971071,6185,36887,59418,340,6,126148544,0.01718621446201664
1971243,28713,23,53273,340,6,126159552,0.01718621446201664
1971471,9257,43029,27668,340,6,126174144,0.01718621446201664
1971651,47144,56340,12310,340,6,126185664,0.01718621446201664
1971795,43048,27667,61463,340,6,126194880,0.01718621446201664
1972030,17449,51219,49175,340,6,126209920,0.01718621446201664
1972220,31784,42005,54296,340,6,126222080,0.01718621446201664
1972378,11304,61463,53274,340,6,126232192,0.01718621446201664
1972599,17449,7191,9242,340,6,126246336,0.01718621446201664
1972792,49192,48151,10266,340,6,126258688,0.01718621446201664
1972950,52265,25624,11289,340,6,126268800,0.01718621446201664
1973094,44073,17430,29721,340,6,126278016,0.01718621446201664
1973339,39977,43030,50201,340,6,126293696,0.01718621446201664
1973572,24618,24599,59418,340,6,126308608,0.01718621446201664
1973752,14378,45079,62489,340,6,126320128,0.01718621446201664
1973958,44074,59415,27671,340,6,126333312,0.01718621446201664
1974179,4138,10260,5142,340,6,126347456,0.01718621446201664
1974357,58410,13331,13333,340,6,126358848,0.01718621446201664
1974599,57385,62484,4118,340,6,126374336,0.01718621446201664
1974784,28714,19,36886,340,6,126386176,0.01718621446201664
1974984,36905,54291,59413,340,6,126398976,0.01718621446201664
1975213,35881,18451,49173,340,6,126413632,0.01718621446201664
1975390,36906,4116,38934,340,6,126424960,0.01718621446201664
1975596,12330,50198,23575,340,6,126438144,0.01718621446201664
1975760,50218,26647,20506,340,6,126448640,0.01718621446201664
1975983,6187,17432,25625,340,6,126462912,0.01718621446201664
1976166,14379,35870,28701,340,6,126474624,0.01718621446201664
1976402,14379,45080,51224,340,6,126489728,0.01718621446201664
1976584,1067,57369,12315,340,6,126501376,0.01718621446201664
1976810,45098,29720,60441,340,6,126515840,0.01718621446201664
1976936,22570,19479,45080,340,6,126523904,0.01718621446201664
1977362,55338,43032,52249,340,6,126551168,0.01718621446201664
1977537,7210,18454,56344,340,6,126562368,0.01718621446201664
1977775,35882,62487,54297,340,6,126577600,0.01718621446201664
1977961,58411,19481,17434,340,6,126589504,0.01718621446201664
1978159,19499,34842,20506,340,6,126602176,0.01718621446201664
1978343,8235,15388,24603,340,6,126613952,0.01718621446201664
1978572,34858,3094,36887,341,6,126628608,0.01791754273699607
1978784,12330,11285,14358,341,6,126642176,0.01791754273699607
1978935,2089,9236,40982,341,6,126651840,0.01791754273699607
1979198,3113,24596,28694,341,6,126668672,0.01791754273699607
1979354,17449,62484,50198,341,6,126678656,0.01791754273699607
1979541,6186,38935,13336,341,6,126690624,0.01791754273699607
1979716,32810,21525,45083,341,6,126701824,0.01791754273699607
1979919,17450,1045,59416,341,6,126714816,0.01791754273699607
1980118,34857,45077,47124,341,6,126727552,0.01791754273699607
1980321,5161,19477,2070,341,6,126740544,0.01791754273699607
1980474,61481,27668,21,341,6,126750336,0.01791754273699607
923720,1025,8195,0,341,6,59118080,0.01791754273699607
1980851,43048,58387,4117,341,6,126774464,0.01791754273699607
1981064,37928,63508,45078,341,6,126788096,0.01791754273699607
1981252,19497,28693,8214,341,6,126800128,0.01791754273699607
1981438,60456,58388,62486,341,6,126812032,0.01791754273699607
1981616,23593,33815,34840,341,6,126823424,0.01791754273699607
1981814,15401,35861,35863,341,6,126836096,0.01791754273699607
1982010,27689,14357,36887,341,6,126848640,0.01791754273699607
1982218,40,60437,32792,341,6,126861952,0.01791754273699607
1982374,54313,28693,20503,341,6,126871936,0.01791754273699607
1982548,18472,51220,14359,341,6,126883072,0.01791754273699607
1982776,18472,38931,50198,341,6,126897664,0.01791754273699607
1982935,19496,27667,14358,341,6,126907840,0.01791754273699607
1983097,17448,58387,42006,341,6,126918208,0.01791754273699607
1983294,22568,18451,54294,341,6,126930816,0.01791754273699607
1983504,21544,15379,44053,341,6,126944256,0.01791754273699607
1983658,34856,47123,16406,341,6,126954112,0.01791754273699607
1983963,26665,31765,42007,341,6,126973632,0.01791754273699607
1984125,45097,13331,11286,341,6,126984000,0.01791754273699607
1984339,35880,46099,50198,341,6,126997696,0.01791754273699607
1984486,29736,34835,62487,341,6,127007104,0.01791754273699607
1984682,46120,57363,24598,341,6,127019648,0.01791754273699607
1984871,35880,36883,20502,341,6,127031744,0.01791754273699607
1985058,40,53267,12310,341,6,127043712,0.01791754273699607
1985291,1065,16403,11286,341,6,127058624,0.01791754273699607
1985497,32808,43027,32789,341,6,127071808,0.01791754273699607
1985711,11304,8210,54295,341,6,127085504,0.01791754273699607
1985899,10280,24594,34837,341,6,127097536,0.01791754273699607
1986100,46120,27666,22548,341,6,127110400,0.01791754273699607
1986321,62505,8210,37908,341,6,127124544,0.01791754273699607
1986493,34856,57363,34838,341,6,127135552,0.01791754273699607
1986651,57384,60435,28693,341,6,127145664,0.01791754273699607
1986898,36904,17427,27669,341,6,127161472,0.01791754273699607
917568,8192,2050,16384,341,6,58724352,0.01791754273699607
1987317,10280,52243,11286,341,6,127188288,0.01791754273699607
1987604,8232,46099,14358,341,6,127206656,0.01791754273699607
1987781,62504,21523,2069,341,6,127217984,0.01791754273699607
1988024,23592,57362,59413,341,6,127233536,0.01791754273699607
1988177,7208,61458,43029,341,6,127243328,0.01791754273699607
1988420,17449,24597,21527,342,6,127258880,0.01791754273699607
1988559,29737,30739,42005,342,6,127267776,0.01791754273699607
1988741,42024,49172,2071,342,6,127279424,0.01791754273699607
1988951,31785,11285,8215,342,6,127292864,0.01791754273699607
1989130,45097,16404,33814,342,6,127304320,0.01791754273699607
1989298,21544,57363,54294,342,6,127315072,0.01791754273699607
1989462,24617,14356,33814,342,6,127325568,0.01791754273699607
1989658,48169,35859,54294,342,6,127338112,0.01791754273699607
1989852,15400,63508,3095,342,6,127350528,0.01791754273699607
1990057,41000,58388,58391,342,6,127363648,0.01791754273699607
1990211,33832,38932,57366,342,6,127373504,0.01791754273699607
1990448,22568,46099,36885,342,6,127388672,0.01791754273699607
1990637,38952,53268,36886,342,6,127400768,0.01791754273699607
1990835,23591,52242,37910,342,6,127413440,0.01791754273699607
1991067,58407,17427,46102,342,6,127428288,0.01791754273699607
1991217,50215,1043,58390,342,6,127437888,0.01791754273699607
1991411,15399,62483,22549,342,6,127450304,0.01791754273699607
1991598,35879,31762,44055,342,6,127462272,0.01791754273699607
1991857,8231,29714,42006,342,6,127478848,0.01791754273699607
1991994,15399,62482,9237,342,6,127487616,0.01791754273699607
1992250,34855,45074,28693,342,6,127504000,0.01791754273699607
1992396,17447,29714,4117,342,6,127513344,0.01791754273699607
1992627,42023,24593,16405,342,6,127528128,0.01791754273699607
1992791,26663,32785,40981,342,6,127538624,0.01791754273699607
1993055,47143,21521,27669,342,6,127555520,0.01791754273699607
1993250,56358,60433,36885,342,6,127568000,0.01791754273699607
1993478,38951,17424,45077,342,6,127582592,0.01791754273699607
1993672,16423,9233,26645,342,6,127595008,0.01791754273699607
1993842,10279,17424,46100,342,6,127605888,0.01791754273699607
1994081,11303,7184,59412,342,6,127621184,0.01791754273699607
1994215,17447,40976,27668,342,6,127629760,0.01791754273699607
1994451,15400,22546,54293,342,6,127644864,0.01791754273699607
1994723,42024,20499,37909,342,6,127662272,0.01791754273699607
1994920,38952,26642,50196,342,6,127674880,0.01791754273699607
1995126,60456,25619,27669,342,6,127688064,0.01791754273699607
1995342,30761,43027,1045,342,6,127701888,0.01791754273699607
1995540,10281,36883,9237,342,6,127714560,0.01791754273699607
1995723,36905,1043,30740,342,6,127726272,0.01791754273699607
1995925,11305,14355,42004,342,6,127739200,0.01791754273699607
1996161,13352,29714,46099,342,6,127754304,0.01791754273699607
1996319,35880,32786,18452,342,6,127764416,0.01791754273699607
1996529,24616,53266,28693,342,6,127777856,0.01791754273699607
1996749,33833,58388,22,342,6,127791936,0.01791754273699607
1996940,53290,20500,43029,342,6,127804160,0.01791754273699607
1997179,31785,51220,40981,342,6,127819456,0.01791754273699607
1997434,17449,61463,46105,342,6,127835776,0.01791754273699607
1997644,47145,9238,8215,342,6,127849216,0.01791754273699607
1997832,51240,53269,62491,342,6,127861248,0.01791754273699607
1997991,47145,28694,23576,342,6,127871424,0.01791754273699607
1998184,5162,1047,39962,342,6,127883776,0.01791754273699607
933409,36867,17408,16393,343,6,59738176,0.0180089587713685
1998634,29742,38942,9245,343,6,127912576,0.0180089587713685
1998852,56365,3100,46106,343,6,127926528,0.0180089587713685
1999077,32812,29723,27674,343,6,127940928,0.0180089587713685
1999304,53291,28697,37914,343,6,127955456,0.0180089587713685
1999531,49192,35861,31771,343,6,127969984,0.0180089587713685
1999757,27689,17429,10263,343,6,127984448,0.0180089587713685
1999909,47144,61460,30742,343,6,127994176,0.0180089587713685
2000161,26664,51220,54295,343,6,128010304,0.0180089587713685
2000585,64554,3092,59415,343,6,128037440,0.0180089587713685
918412,1024,0,0,343,6,58778368,0.0180089587713685
2001287,52264,55316,63511,343,6,128082368,0.0180089587713685
2001448,12328,39956,59415,343,6,128092672,0.0180089587713685
2001628,27688,23572,14359,343,6,128104192,0.0180089587713685
2001836,64552,55315,33814,343,6,128117504,0.0180089587713685
2002041,37928,25620,26647,343,6,128130624,0.0180089587713685
2002223,26665,6164,37911,343,6,128142272,0.0180089587713685
2002423,62504,52244,25623,343,6,128155072,0.0180089587713685
2002635,62503,64532,9239,343,6,128168640,0.0180089587713685
2002787,10279,51219,11285,343,6,128178368,0.0180089587713685
2002949,7206,45072,50199,343,6,128188736,0.0180089587713685
2003142,60453,34831,50195,343,6,128201088,0.0180089587713685
2003329,11301,29710,63506,343,6,128213056,0.0180089587713685
2003516,48166,1039,30736,343,6,128225024,0.0180089587713685
2003696,28711,1040,13333,343,6,128236544,0.0180089587713685
2003918,46119,3089,25621,343,6,128250752,0.0180089587713685
2004112,8231,36881,31763,343,6,128263168,0.0180089587713685
2004305,52262,54290,2069,343,6,128275520,0.0180089587713685
2004495,39975,57363,2069,343,6,128287680,0.0180089587713685
2004746,31783,20500,36886,343,6,128303744,0.0180089587713685
919552,17409,4096,40962,343,6,58851328,0.0180089587713685
2005222,28710,45076,11287,343,6,128334208,0.0180089587713685
2005452,39975,24595,31774,343,6,128348928,0.0180089587713685
2005649,64551,63507,13334,343,6,128361536,0.0180089587713685
2005817,33831,17428,45076,343,6,128372288,0.0180089587713685
2005994,61481,3095,28698,343,6,128383616,0.0180089587713685
920649,59392,25607,13321,343,6,58921536,0.0180089587713685
2006453,35882,27671,55321,343,6,128412992,0.0180089587713685
2006718,28713,15379,29717,343,6,128429952,0.0180089587713685
2006957,61480,44051,42005,343,6,128445248,0.0180089587713685
2007177,49193,11282,25630,343,6,128459328,0.0180089587713685
2007378,57385,24594,54298,343,6,128472192,0.0180089587713685
2007567,42027,12309,20502,343,6,128484288,0.0180089587713685
2007800,30764,40985,29720,343,6,128499200,0.0180089587713685
2008050,47149,39959,2071,343,6,128515200,0.0180089587713685
2008215,7214,10266,42010,343,6,128525760,0.0180089587713685
2008403,47148,25627,26,343,6,128537792,0.0180089587713685
2008590,41,18454,21524,343,6,128549760,0.0180089587713685
2008810,33829,20,22555,344,6,128563840,0.017551878599506354
2008992,24607,51220,6168,344,6,128575488,0.017551878599506354
2009221,26650,25619,12315,344,6,128590144,0.017551878599506354
2009372,13337,45073,44057,344,6,128599808,0.017551878599506354
2009612,25625,43023,63513,344,6,128615168,0.017551878599506354
2009821,36893,24590,34840,344,6,128628544,0.017551878599506354
2010007,62498,27666,19480,344,6,128640448,0.017551878599506354
2010178,49189,52249,7196,344,6,128651392,0.017551878599506354
2010368,51240,43033,19484,344,6,128663552,0.017551878599506354
2010557,36905,35864,50203,344,6,128675648,0.017551878599506354
2010767,2089,3096,14362,344,6,128689088,0.017551878599506354
2010962,55337,57366,52249,344,6,128701568,0.017551878599506354
2011123,12330,21526,13337,344,6,128711872,0.017551878599506354
2011297,57386,26649,42009,344,6,128723008,0.017551878599506354
2011563,31784,63510,19482,344,6,128740032,0.017551878599506354
2011741,49191,64535,6170,344,6,128751424,0.017551878599506354
2011927,23591,64535,26,344,6,128763328,0.017551878599506354
2012119,53286,57366,24601,344,6,128775616,0.017551878599506354
2012338,29735,29717,25627,344,6,128789632,0.017551878599506354
2012517,29736,11284,55320,344,6,128801088,0.017551878599506354
2012759,2088,20499,38934,344,6,128816576,0.017551878599506354
2012960,56359,32786,28693,344,6,128829440,0.017551878599506354
2013188,46118,53265,43028,344,6,128844032,0.017551878599506354
2013380,39974,3087,55315,344,6,128856320,0.017551878599506354
2013616,26662,19472,55316,344,6,128871424,0.017551878599506354
2013824,46119,9233,63509,344,6,128884736,0.017551878599506354
2014029,38951,32788,20502,344,6,128897856,0.017551878599506354
2014286,47143,64534,50201,344,6,128914304,0.017551878599506354
2014521,12329,1047,12314,344,6,128929344,0.017551878599506354
2014689,37929,38935,5145,344,6,128940096,0.017551878599506354
2014918,54315,12312,12313,344,6,128954752,0.017551878599506354
2015105,63530,58389,23,344,6,128966720,0.017551878599506354
2015262,54314,36884,61462,344,6,128976768,0.017551878599506354
2015504,49193,44052,25622,344,6,128992256,0.017551878599506354
2015671,26665,51219,23,344,6,129002944,0.017551878599506354
2015871,51241,8210,4115,344,6,129015744,0.017551878599506354
2016039,5160,40977,55319,344,6,129026496,0.017551878599506354
2016222,2089,25617,32788,344,6,129038208,0.017551878599506354
2016460,42024,47122,24596,344,6,129053440,0.017551878599506354
2016687,48169,38931,3092,344,6,129067968,0.017551878599506354
2016845,35881,14355,58389,344,6,129078080,0.017551878599506354
2017016,7210,3093,52250,344,6,129089024,0.017551878599506354
2017264,57387,29723,27674,344,6,129104896,0.017551878599506354
2017451,15403,17430,58392,344,6,129116864,0.017551878599506354
2017609,9258,40983,26648,344,6,129126976,0.017551878599506354
2017822,23595,11287,21531,344,6,129140608,0.017551878599506354
2018047,61482,11285,43031,344,6,129155008,0.017551878599506354
2018275,26666,35862,43031,344,6,129169600,0.017551878599506354
2018457,13353,63508,50198,344,6,129181248,0.017551878599506354
934924,0,1024,8192,344,6,59835136,0.017551878599506354
2018863,43048,54292,33813,345,6,129207232,0.017460462565133925
2019063,46120,38932,27670,345,6,129220032,0.017460462565133925
2019301,38952,26643,4117,345,6,129235264,0.017460462565133925
2019492,26664,6161,50196,345,6,129247488,0.017460462565133925
2019662,18472,16401,27668,345,6,129258368,0.017460462565133925
2019898,7207,37904,62485,345,6,129273472,0.017460462565133925
2020064,22567,24593,2068,345,6,129284096,0.017460462565133925
2020507,29735,40977,36884,345,6,129312448,0.017460462565133925
2020674,52264,40979,53278,345,6,129323136,0.017460462565133925
2020917,7208,43028,24598,345,6,129338688,0.017460462565133925
2021061,29736,27668,46102,345,6,129347904,0.017460462565133925
2021239,16424,53268,50199,345,6,129359296,0.017460462565133925
2021507,44073,4117,4118,345,6,129376448,0.017460462565133925
2021788,47145,43029,48148,345,6,129394432,0.017460462565133925
2021966,3114,48148,61462,345,6,129405824,0.017460462565133925
2022124,15401,32788,17430,345,6,129415936,0.017460462565133925
2022336,52265,45076,46103,345,6,129429504,0.017460462565133925
2022510,53289,32788,34838,345,6,129440640,0.017460462565133925
2022709,48168,62483,51220,345,6,129453376,0.017460462565133925
2022881,8233,21524,34837,345,6,129464384,0.017460462565133925
2023087,7209,7187,60437,345,6,129477568,0.017460462565133925
2023404,30760,24596,54294,345,6,129497856,0.017460462565133925
2023593,49192,58390,18455,345,6,129509952,0.017460462565133925
2023775,1064,23574,25623,345,6,129521600,0.017460462565133925
2023945,3112,42005,34839,345,6,129532480,0.017460462565133925
2024171,60457,16405,58395,345,6,129546944,0.017460462565133925
2024379,35880,46100,18462,345,6,129560256,0.017460462565133925
2024552,60457,62484,42007,345,6,129571328,0.017460462565133925
2024730,11304,58388,18462,345,6,129582720,0.017460462565133925
2024970,57385,18452,34838,345,6,129598080,0.017460462565133925
2025136,13354,16406,60441,345,6,129608704,0.017460462565133925
2025342,15401,53268,62486,345,6,129621888,0.017460462565133925
2025523,45097,27668,44054,345,6,129633472,0.017460462565133925
2025690,47145,52244,47126,345,6,129644160,0.017460462565133925
2025886,39976,59412,22,345,6,129656704,0.017460462565133925
2026150,24616,36883,2068,345,6,129673600,0.017460462565133925
2026323,39976,10258,37908,345,6,129684672,0.017460462565133925
2026490,51240,3090,36884,345,6,129695360,0.017460462565133925
2026695,35879,64531,4117,345,6,129708480,0.017460462565133925
2026882,34855,64530,54294,345,6,129720448,0.017460462565133925
2027043,57383,18450,32788,345,6,129730752,0.017460462565133925
2027290,46117,17,24597,345,6,129746560,0.017460462565133925
2027440,48165,60434,6164,345,6,129756160,0.017460462565133925
2027673,27686,59410,1045,345,6,129771072,0.017460462565133925
2027880,58406,57363,2070,345,6,129784320,0.017460462565133925
2028060,25638,61459,54295,345,6,129795840,0.017460462565133925
2028269,63527,8210,55318,345,6,129809216,0.017460462565133925
2028490,34854,63505,25620,345,6,129823360,0.017460462565133925
2028683,59430,26639,50195,345,6,129835712,0.017460462565133925
2028862,38950,37903,54291,346,6,129847168,0.018191790840113357
2029088,60454,37904,25620,346,6,129861632,0.018191790840113357
2029254,15398,4113,5141,346,6,129872256,0.018191790840113357
2029428,63525,44049,40980,346,6,129883392,0.018191790840113357
2029667,32807,4114,12309,346,6,129898688,0.018191790840113357
2029876,60454,47121,8212,346,6,129912064,0.018191790840113357
2030087,51238,35856,61461,346,6,129925568,0.018191790840113357
2030283,7206,43024,19472,346,6,129938112,0.018191790840113357
2030511,25638,41999,31760,346,6,129952704,0.018191790840113357
2030706,27686,60431,38931,346,6,129965184,0.018191790840113357
2030920,47142,62480,14355,346,6,129978880,0.018191790840113357
2031072,47142,60431,59411,346,6,129988608,0.018191790840113357
2031274,6183,3088,61459,346,6,130001536,0.018191790840113357
2031473,60455,14353,34836,346,6,130014272,0.018191790840113357
2031674,54310,63505,4115,346,6,130027136,0.018191790840113357
2031828,64551,14353,10259,346,6,130036992,0.018191790840113357
2032016,34856,8211,30741,346,6,130049024,0.018191790840113357
2032261,15399,45075,21525,346,6,130064704,0.018191790840113357
2032410,18472,62485,4119,346,6,130074240,0.018191790840113357
2032601,32809,47126,37915,346,6,130086464,0.018191790840113357
2032838,53289,57366,62488,346,6,130101632,0.018191790840113357
2033069,53290,24599,3095,346,6,130116416,0.018191790840113357
2033236,46121,47125,9237,346,6,130127104,0.018191790840113357
2033507,23592,49171,16405,346,6,130144448,0.018191790840113357
2033681,48168,27667,21,346,6,130155584,0.018191790840113357
2033900,15400,44050,63509,346,6,130169600,0.018191790840113357
2034074,30761,9235,62487,346,6,130180736,0.018191790840113357
2034264,31785,26646,20504,346,6,130192896,0.018191790840113357
2034425,27688,59411,47126,346,6,130203200,0.018191790840113357
2034679,49192,25619,55317,346,6,130219456,0.018191790840113357
2034915,55335,64532,21,346,6,130234560,0.018191790840113357
2035105,50215,64530,29717,346,6,130246720,0.018191790840113357
2035289,32807,61458,4116,346,6,130258496,0.018191790840113357
2035501,48167,44049,20500,346,6,130272064,0.018191790840113357
2035691,12327,51217,60436,346,6,130284224,0.018191790840113357
2035914,17446,52242,15381,346,6,130298496,0.018191790840113357
2036076,45093,50194,20501,346,6,130308864,0.018191790840113357
2036276,59429,50193,38933,346,6,130321664,0.018191790840113357
2036510,12324,29712,20501,346,6,130336640,0.018191790840113357
2036664,7203,16399,37908,346,6,130346496,0.018191790840113357
2036892,60452,31759,21524,346,6,130361088,0.018191790840113357
2037036,18468,54287,36884,346,6,130370304,0.018191790840113357
2037207,56357,50192,26644,346,6,130381248,0.018191790840113357
2037451,14374,30735,30739,346,6,130396864,0.018191790840113357
2037657,61478,3086,22546,346,6,130410048,0.018191790840113357
2037799,10277,46094,26642,346,6,130419136,0.018191790840113357
985089,24577,16390,10,346,6,63045696,0.018191790840113357
2038234,46117,12302,29714,346,6,130446976,0.018191790840113357
2038432,40997,5134,7186,346,6,130459648,0.018191790840113357
2038662,39974,17423,59412,346,6,130474368,0.018191790840113357
2038853,45094,25615,38930,347,6,130486592,0.01700338239327178
2039021,34854,24592,21523,347,6,130497344,0.01700338239327178
2039218,16422,30736,53267,347,6,130509952,0.01700338239327178
2039383,40997,62480,59411,347,6,130520512,0.01700338239327178
2039560,47142,50192,58387,347,6,130531840,0.01700338239327178
2039803,36904,42004,49174,347,6,130547392,0.01700338239327178
2039968,40,19474,48149,347,6,130557952,0.01700338239327178
2040137,52264,26644,38934,347,6,130568768,0.01700338239327178
2040320,20520,5142,19479,347,6,130580480,0.01700338239327178
2040470,2088,35862,19483,347,6,130590080,0.01700338239327178
2040649,15401,13333,13334,347,6,130601536,0.01700338239327178
2040806,13353,45079,8216,347,6,130611584,0.01700338239327178
2041030,10282,26645,26647,347,6,130625920,0.01700338239327178
2041216,62506,38933,9238,347,6,130637824,0.01700338239327178
2041397,1066,37910,42007,347,6,130649408,0.01700338239327178
2041575,18474,12310,24599,347,6,130660800,0.01700338239327178
2041773,50218,10261,17430,347,6,130673472,0.01700338239327178
2041956,37930,25620,58389,347,6,130685184,0.01700338239327178
2042185,12329,36883,28692,347,6,130699840,0.01700338239327178
2042438,14376,21522,52245,347,6,130716032,0.01700338239327178
2042703,50213,29714,22549,347,6,130732992,0.01700338239327178
2042881,15398,54290,29717,347,6,130744384,0.01700338239327178
2043069,40998,35857,43028,347,6,130756416,0.01700338239327178
2043265,4133,38928,40980,347,6,130768960,0.01700338239327178
2043458,24613,58384,56341,347,6,130781312,0.01700338239327178
2043637,12325,50193,15380,347,6,130792768,0.01700338239327178
2043846,48165,46098,3093,347,6,130806144,0.01700338239327178
2044030,46118,19474,8214,347,6,130817920,0.01700338239327178
2044193,18471,25618,3093,347,6,130828352,0.01700338239327178
2044433,19495,2065,21525,347,6,130843712,0.01700338239327178
2044626,7207,19474,10261,347,6,130856064,0.01700338239327178
2044870,44072,13330,36886,347,6,130871680,0.01700338239327178
2045084,15400,13330,49172,347,6,130885376,0.01700338239327178
2045364,1064,15379,64533,347,6,130903296,0.01700338239327178
2045551,57384,2067,35861,347,6,130915264,0.01700338239327178
2045735,8232,6164,22,347,6,130927040,0.01700338239327178
2045885,19496,27668,32789,347,6,130936640,0.01700338239327178
2046083,16424,28691,45077,347,6,130949312,0.01700338239327178
2046279,11304,11282,43030,347,6,130961856,0.01700338239327178
2046533,4136,50195,40981,347,6,130978112,0.01700338239327178
2046682,36904,30739,32790,347,6,130987648,0.01700338239327178
2046858,63528,25619,61463,347,6,130998912,0.01700338239327178
2047074,42024,6163,40982,347,6,131012736,0.01700338239327178
2047273,49192,44052,24598,347,6,131025472,0.01700338239327178
2047450,27688,54294,8215,347,6,131036800,0.01700338239327178
2047628,46120,8212,16405,347,6,131048192,0.01700338239327178
2047800,10280,40980,54294,347,6,131059200,0.01700338239327178
2048009,37929,27669,6167,347,6,131072576,0.01700338239327178
2048151,61481,43029,1046,347,6,131081664,0.01700338239327178
2048374,3113,2068,59414,347,6,131095936,0.01700338239327178
2048558,19497,11286,37911,348,6,131107712,0.01782612670262364
2048737,26665,60438,22,348,6,131119168,0.01782612670262364
2049113,46120,19477,18455,348,6,131143232,0.01782612670262364
2049252,46119,64533,26647,348,6,131152128,0.01782612670262364
2049453,23591,57364,55318,348,6,131164992,0.01782612670262364
2049620,52263,64533,9238,348,6,131175680,0.01782612670262364
2049866,8230,19475,16406,348,6,131191424,0.01782612670262364
2050128,46119,11284,4119,348,6,131208192,0.01782612670262364
2050323,35880,44053,16404,348,6,131220672,0.01782612670262364
2050530,42023,53268,1046,348,6,131233920,0.01782612670262364
2050724,4136,30742,43032,348,6,131246336,0.01782612670262364
2050930,32808,42004,62487,348,6,131259520,0.01782612670262364
2051341,18472,2068,4118,348,6,131285824,0.01782612670262364
2051526,26664,2067,14358,348,6,131297664,0.01782612670262364
2051765,32808,27666,42006,348,6,131312960,0.01782612670262364
2051955,47144,44052,13334,348,6,131325120,0.01782612670262364
2052154,45096,8210,5142,348,6,131337856,0.01782612670262364
2052375,21544,47122,58389,348,6,131352000,0.01782612670262364
2052601,15399,54289,50196,348,6,131366464,0.01782612670262364
2052782,10279,20496,59408,348,6,131378048,0.01782612670262364
2052996,6183,9232,19,348,6,131391744,0.01782612670262364
2053231,2086,5136,11283,348,6,131406784,0.01782612670262364
2053427,39973,35857,11284,348,6,131419328,0.01782612670262364
2053609,22566,32786,2069,348,6,131430976,0.01782612670262364
2053830,43046,55313,54293,348,6,131445120,0.01782612670262364
2054010,33831,59413,4119,348,6,131456640,0.01782612670262364
2054171,31784,9237,30743,348,6,131466944,0.01782612670262364
2054400,43049,46102,46105,348,6,131481600,0.01782612670262364
2054626,39978,30745,7194,348,6,131496064,0.01782612670262364
2054768,29738,46106,29723,348,6,131505152,0.01782612670262364
2054985,54315,32794,48155,348,6,131519040,0.01782612670262364
2055123,52267,33821,43036,348,6,131527872,0.01782612670262364
2055310,4138,53271,64537,348,6,131539840,0.01782612670262364
2055483,51242,50197,60440,348,6,131550912,0.01782612670262364
2055771,29740,23,12312,348,6,131569344,0.01782612670262364
2055953,50220,4120,22553,348,6,131580992,0.01782612670262364
2056128,7212,36889,55323,348,6,131592192,0.01782612670262364
2056363,47148,54303,1052,348,6,131607232,0.01782612670262364
2056545,32810,22550,64536,348,6,131618880,0.01782612670262364
2056688,38953,35860,57367,348,6,131628032,0.01782612670262364
2056864,45098,2071,54297,348,6,131639296,0.01782612670262364
2057051,17451,17431,61465,348,6,131651264,0.01782612670262364
2057257,64554,3094,25623,348,6,131664448,0.01782612670262364
2057475,55337,40983,50200,348,6,131678400,0.01782612670262364
2057682,29736,24596,58395,348,6,131691648,0.01782612670262364
2057888,12330,25621,26649,348,6,131704832,0.01782612670262364
2058060,43050,23,50202,348,6,131715840,0.01782612670262364
2058232,4138,3097,2075,348,6,131726848,0.01782612670262364
2058386,38953,50200,14362,348,6,131736704,0.01782612670262364
2058606,41002,30745,18459,349,6,131750784,0.0180089587713685
2058800,28713,4120,29723,349,6,131763200,0.0180089587713685
2058947,42024,40984,64539,349,6,131772608,0.0180089587713685
2059207,58408,63511,3097,349,6,131789248,0.0180089587713685
2059361,52265,13334,33812,349,6,131799104,0.0180089587713685
2059596,17449,48153,2074,349,6,131814144,0.0180089587713685
2059758,20521,53272,28697,349,6,131824512,0.0180089587713685
2059969,21545,4119,20505,349,6,131838016,0.0180089587713685
2060167,12329,22549,59416,349,6,131850688,0.0180089587713685
2060388,64554,17428,14358,349,6,131864832,0.0180089587713685
2060612,24617,26644,12311,349,6,131879168,0.0180089587713685
2060837,38953,30741,57368,349,6,131893568,0.0180089587713685
2061015,29737,30740,45079,349,6,131904960,0.0180089587713685
2061197,8233,20,59419,349,6,131916608,0.0180089587713685
2061400,15401,5140,18454,349,6,131929600,0.0180089587713685
2061597,46120,60435,50198,349,6,131942208,0.0180089587713685
2061802,27689,28694,6168,349,6,131955328,0.0180089587713685
2061999,5161,37910,20504,349,6,131967936,0.0180089587713685
2062181,63529,59414,49177,349,6,131979584,0.0180089587713685
2062436,35882,11286,13336,349,6,131995904,0.0180089587713685
2062586,58410,19481,32793,349,6,132005504,0.0180089587713685
2062771,32810,32790,20,349,6,132017344,0.0180089587713685
2062982,2090,63511,6168,349,6,132030848,0.0180089587713685
2063164,57387,1043,52246,349,6,132042496,0.0180089587713685
2063440,18474,3090,43028,349,6,132060160,0.0180089587713685
2063639,64553,32787,14356,349,6,132072896,0.0180089587713685
2063809,49193,40978,44055,349,6,132083776,0.0180089587713685
2064031,52264,62482,22548,349,6,132097984,0.0180089587713685
2064316,55336,29714,45076,349,6,132116224,0.0180089587713685
2064471,48169,35859,12309,349,6,132126144,0.0180089587713685
2064648,32809,26643,40981,349,6,132137472,0.0180089587713685
2064845,43048,58387,27669,349,6,132150080,0.0180089587713685
2065066,38953,52244,3094,349,6,132164224,0.0180089587713685
2065224,23594,47127,9240,349,6,132174336,0.0180089587713685
2065404,58410,29719,5140,349,6,132185856,0.0180089587713685
2065601,34857,62485,49175,349,6,132198464,0.0180089587713685
2065824,42,42005,60438,349,6,132212736,0.0180089587713685
2066023,13353,42004,34837,349,6,132225472,0.0180089587713685
2066237,63529,62483,38933,349,6,132239168,0.0180089587713685
2066399,63529,46098,58388,349,6,132249536,0.0180089587713685
2066569,14377,52242,59412,349,6,132260416,0.0180089587713685
2066726,36905,42003,40981,349,6,132270464,0.0180089587713685
2066960,32810,6164,25622,349,6,132285440,0.0180089587713685
2067185,63530,29717,43031,349,6,132299840,0.0180089587713685
2067366,41001,24596,29718,349,6,132311424,0.0180089587713685
2067539,5162,49174,64535,349,6,132322496,0.0180089587713685
2067714,29738,49172,38934,349,6,132333696,0.0180089587713685
2067871,12330,20499,59414,349,6,132343744,0.0180089587713685
2068063,29737,45075,40982,349,6,132356032,0.0180089587713685
2068233,5162,26644,38934,349,6,132366912,0.0180089587713685
2068435,27689,55314,50196,350,6,132379840,0.017643294633878783
2068665,37929,27666,29716,350,6,132394560,0.017643294633878783
2068831,62504,60433,51220,350,6,132405184,0.017643294633878783
2069019,21544,48145,40976,350,6,132417216,0.017643294633878783
2069232,35880,8209,22548,350,6,132430848,0.017643294633878783
2069444,34855,34833,18,350,6,132444416,0.017643294633878783
2069682,51239,40976,30739,350,6,132459648,0.017643294633878783
2069885,24615,52240,33808,350,6,132472640,0.017643294633878783
2070017,52264,38929,30740,350,6,132481088,0.017643294633878783
2070206,60455,34832,60436,350,6,132493184,0.017643294633878783
2070387,5159,60433,27671,350,6,132504768,0.017643294633878783
2070574,53287,60433,33808,350,6,132516736,0.017643294633878783
2070827,57383,55312,15379,350,6,132532928,0.017643294633878783
2071027,63527,61456,8208,350,6,132545728,0.017643294633878783
2071178,10280,4111,55319,350,6,132555392,0.017643294633878783
2071338,47144,37904,35860,350,6,132565632,0.017643294633878783
2071500,32808,40977,36885,350,6,132576000,0.017643294633878783
2071713,52265,51218,18452,350,6,132589632,0.017643294633878783
2071873,22569,57362,8212,350,6,132599872,0.017643294633878783
2072138,46121,11278,61457,350,6,132616832,0.017643294633878783
2072286,34856,6157,38929,350,6,132626304,0.017643294633878783
2072490,33832,18444,57361,350,6,132639360,0.017643294633878783
2072688,14375,52236,62480,350,6,132652032,0.017643294633878783
2072881,10280,3085,46097,350,6,132664384,0.017643294633878783
2073090,30760,1037,49169,350,6,132677760,0.017643294633878783
2073266,12327,45069,18448,350,6,132689024,0.017643294633878783
2073441,39,3084,61456,350,6,132700224,0.017643294633878783
2073698,18471,9227,55313,350,6,132716672,0.017643294633878783
2073852,5158,21516,1041,350,6,132726528,0.017643294633878783
2074064,48166,43020,10258,350,6,132740096,0.017643294633878783
2074265,32806,28684,6161,350,6,132752960,0.017643294633878783
2074425,47142,32780,3089,350,6,132763200,0.017643294633878783
2074611,26662,49163,40977,350,6,132775104,0.017643294633878783
2074809,45094,10251,45073,350,6,132787776,0.017643294633878783
2075002,8230,19467,58384,350,6,132800128,0.017643294633878783
2075214,53285,40972,4112,350,6,132813696,0.017643294633878783
2075426,10277,30732,28689,350,6,132827264,0.017643294633878783
2075598,64549,37899,63505,350,6,132838272,0.017643294633878783
2075798,10277,28683,20497,350,6,132851072,0.017643294633878783
2076020,42021,28683,33809,350,6,132865280,0.017643294633878783
2076200,50213,59403,58385,350,6,132876800,0.017643294633878783
2076426,17445,37900,24592,350,6,132891264,0.017643294633878783
2076586,51237,61452,42001,350,6,132901504,0.017643294633878783
2076820,9253,5132,17425,350,6,132916480,0.017643294633878783
2077022,38948,50187,33809,350,6,132929408,0.017643294633878783
2077216,15396,19466,32785,350,6,132941824,0.017643294633878783
2077399,45092,20490,11282,350,6,132953536,0.017643294633878783
2077546,51236,28682,34833,350,6,132962944,0.017643294633878783
2077730,19492,29707,21521,350,6,132974720,0.017643294633878783
2077898,38948,36875,53265,350,6,132985472,0.017643294633878783
2078131,10276,20491,29713,351,6,133000384,0.018100374805740928
2078325,22564,28683,4114,351,6,133012800,0.018100374805740928
2078550,27683,46090,50194,351,6,133027200,0.018100374805740928
2078724,35875,29706,24594,351,6,133038336,0.018100374805740928
2078866,43043,27658,28690,351,6,133047424,0.018100374805740928
2079083,50212,44042,56338,351,6,133061312,0.018100374805740928
2079350,35,60427,4114,351,6,133078400,0.018100374805740928
2079554,54307,46090,57362,351,6,133091456,0.018100374805740928
2079759,62499,37898,18450,351,6,133104576,0.018100374805740928
2079976,26659,13321,59409,351,6,133118464,0.018100374805740928
2080152,60451,25610,5138,351,6,133129728,0.018100374805740928
2080349,8226,54282,32786,351,6,133142336,0.018100374805740928
2080547,32803,19466,18450,351,6,133155008,0.018100374805740928
2080726,11299,34826,26642,351,6,133166464,0.018100374805740928
2080933,6179,40970,5138,351,6,133179712,0.018100374805740928
2081171,11299,44042,18,351,6,133194944,0.018100374805740928
2081351,45091,41994,40978,351,6,133206464,0.018100374805740928
2081519,24610,54282,33810,351,6,133217216,0.018100374805740928
2081744,21538,51210,30739,351,6,133231616,0.018100374805740928
2081904,25635,17418,31763,351,6,133241856,0.018100374805740928
2082054,58403,30730,4115,351,6,133251456,0.018100374805740928
2082238,11299,30729,36883,351,6,133263232,0.018100374805740928
2082434,35,54281,47123,351,6,133275776,0.018100374805740928
2082597,61476,6153,33811,351,6,133286208,0.018100374805740928
2082769,60452,3082,32787,351,6,133297216,0.018100374805740928
2083011,39972,34827,37907,351,6,133312704,0.018100374805740928
2083183,16420,53259,28691,351,6,133323712,0.018100374805740928
2083378,43045,3082,60434,351,6,133336192,0.018100374805740928
2083557,29733,52234,13330,351,6,133347648,0.018100374805740928
2083729,59429,21513,33810,351,6,133358656,0.018100374805740928
2083936,44068,34825,21521,351,6,133371904,0.018100374805740928
2084122,32805,9225,45074,351,6,133383808,0.018100374805740928
2084324,17444,30730,8210,351,6,133396736,0.018100374805740928
2084562,6180,51210,61457,351,6,133411968,0.018100374805740928
2084809,36901,16395,4114,351,6,133427776,0.018100374805740928
2085008,50213,38922,25618,351,6,133440512,0.018100374805740928
2085216,51236,62474,2065,351,6,133453824,0.018100374805740928
2085439,38949,17417,30738,351,6,133468096,0.018100374805740928
2085665,62501,29705,53266,351,6,133482560,0.018100374805740928
2085874,33829,22538,13330,351,6,133495936,0.018100374805740928
2086079,54309,40970,32786,351,6,133509056,0.018100374805740928
2086281,37925,54283,18,351,6,133521984,0.018100374805740928
2086468,39974,61451,52241,351,6,133533952,0.018100374805740928
2086633,35879,35852,3089,351,6,133544512,0.018100374805740928
2086856,5159,29708,32785,351,6,133558784,0.018100374805740928
2087044,3111,54284,51217,351,6,133570816,0.018100374805740928
2087212,37929,11276,59409,351,6,133581568,0.018100374805740928
2087421,19496,63501,4111,351,6,133594944,0.018100374805740928
2087632,24615,64524,10256,351,6,133608448,0.018100374805740928
2087787,1064,45069,13331,351,6,133618368,0.018100374805740928
2087953,59431,64524,34828,352,6,133628992,0.017460462565133925
2088180,46119,11275,32784,352,6,133643520,0.017460462565133925
2088420,62503,2059,28688,352,6,133658880,0.017460462565133925
2088603,30759,6155,28688,352,6,133670592,0.017460462565133925
2088795,18470,63500,9232,352,6,133682880,0.017460462565133925
2088942,10279,11,39952,352,6,133692288,0.017460462565133925
2089184,51239,10251,43024,352,6,133707776,0.017460462565133925
2089328,17446,50187,15376,352,6,133716992,0.017460462565133925
2089592,25638,58378,53265,352,6,133733888,0.017460462565133925
2089779,54311,13323,18449,352,6,133745856,0.017460462565133925
2090000,14375,19468,20497,352,6,133760000,0.017460462565133925
2090200,8231,60428,24593,352,6,133772800,0.017460462565133925
2090415,17446,49163,18448,352,6,133786560,0.017460462565133925
2090556,39973,34826,17425,352,6,133795584,0.017460462565133925
2090786,35876,36873,16401,352,6,133810304,0.017460462565133925
2090952,38947,63497,57362,352,6,133820928,0.017460462565133925
2091127,27682,62474,43026,352,6,133832128,0.017460462565133925
2091321,5156,20490,51217,352,6,133844544,0.017460462565133925
2091514,19492,62475,16401,352,6,133856896,0.017460462565133925
2091669,9252,35851,57361,352,6,133866816,0.017460462565133925
2091849,55333,11275,52241,352,6,133878336,0.017460462565133925
2092046,27684,22539,9233,352,6,133890944,0.017460462565133925
2092252,19491,25610,1043,352,6,133904128,0.017460462565133925
2092419,19490,6153,54291,352,6,133914816,0.017460462565133925
2092599,11298,6153,24595,352,6,133926336,0.017460462565133925
2092757,32801,59401,24595,352,6,133936448,0.017460462565133925
2093036,52254,63497,30741,352,6,133954304,0.017460462565133925
2093228,21533,16394,33815,352,6,133966592,0.017460462565133925
2093407,55324,28682,61462,352,6,133978048,0.017460462565133925
2093625,54298,43019,30740,352,6,133992000,0.017460462565133925
2093807,40986,29707,53271,352,6,134003648,0.017460462565133925
2093962,36892,25610,50198,352,6,134013568,0.017460462565133925
2094152,45086,47114,6167,352,6,134025728,0.017460462565133925
2094369,43040,62473,61461,352,6,134039616,0.017460462565133925
2094575,32802,12297,58388,352,6,134052800,0.017460462565133925
2094758,47137,60426,27668,352,6,134064512,0.017460462565133925
2094995,62498,5129,30740,352,6,134079680,0.017460462565133925
2095167,60449,50185,20499,352,6,134090688,0.017460462565133925
2095322,11298,13321,1047,352,6,134100608,0.017460462565133925
2095602,17442,5128,28692,352,6,134118528,0.017460462565133925
2095793,54305,49160,28692,352,6,134130752,0.017460462565133925
2095991,7201,58376,37908,352,6,134143424,0.017460462565133925
2096156,39970,7176,52244,352,6,134153984,0.017460462565133925
2096347,59427,24585,1040,352,6,134166208,0.017460462565133925
2096502,53284,5129,2067,352,6,134176128,0.017460462565133925
2096690,24611,61449,52243,352,6,134188160,0.017460462565133925
2096896,1060,22538,11283,352,6,134201344,0.017460462565133925
2097082,56356,2057,28691,352,6,134213248,0.017460462565133925
2097315,38946,34825,11282,352,6,134228160,0.017460462565133925
2097592,25632,52233,18448,352,6,134245888,0.017460462565133925
2097796,40992,41992,59411,353,6,134258944,0.01782612670262364
2097974,64545,44040,46101,353,6,134270336,0.01782612670262364
2098122,59426,63496,52247,353,6,134279808,0.01782612670262364
2098308,5154,64520,55316,353,6,134291712,0.01782612670262364
2098494,35875,9224,58387,353,6,134303616,0.01782612670262364
2098673,25636,18441,28690,353,6,134315072,0.01782612670262364
2098831,50213,14345,58386,353,6,134325184,0.01782612670262364
2099001,29733,3081,27666,353,6,134336064,0.01782612670262364
2099217,43044,49161,26641,353,6,134349888,0.01782612670262364
2099394,15396,61449,18,353,6,134361216,0.01782612670262364
2099547,32805,24584,63505,353,6,134371008,0.01782612670262364
2099708,37925,16392,34833,353,6,134381312,0.01782612670262364
2099923,13349,18440,13330,353,6,134395072,0.01782612670262364
2100096,36,3080,20498,353,6,134406144,0.01782612670262364
2100318,48163,48136,51217,353,6,134420352,0.01782612670262364
2100515,7203,62472,50194,353,6,134432960,0.01782612670262364
2100738,20512,64520,46100,353,6,134447232,0.01782612670262364
2101022,16414,29705,51221,353,6,134465408,0.01782612670262364
2101183,32798,16393,50197,353,6,134475712,0.01782612670262364
2101362,58396,51209,54295,353,6,134487168,0.01782612670262364
2101571,62492,25610,16406,353,6,134500544,0.01782612670262364
2101780,16413,21514,8214,353,6,134513920,0.01782612670262364
2101958,13342,59401,25622,353,6,134525312,0.01782612670262364
2102160,27680,13321,46101,353,6,134538240,0.01782612670262364
2102342,48160,36874,2070,353,6,134549888,0.01782612670262364
2102582,61473,19465,22549,353,6,134565248,0.01782612670262364
2102775,43042,49160,52247,353,6,134577600,0.01782612670262364
2102974,48163,6152,14359,353,6,134590336,0.01782612670262364
2103214,53283,13320,20496,353,6,134605696,0.01782612670262364
2103392,57379,18439,64528,353,6,134617088,0.01782612670262364
2103613,27683,34824,2067,353,6,134631232,0.01782612670262364
2103834,8227,8200,26643,353,6,134645376,0.01782612670262364
2104001,50211,19464,43027,353,6,134656064,0.01782612670262364
2104196,47139,34824,52243,353,6,134668544,0.01782612670262364
2104426,63523,18440,49171,353,6,134683264,0.01782612670262364
2104633,24609,54280,55315,353,6,134696512,0.01782612670262364
2104843,27680,46088,46103,353,6,134709952,0.01782612670262364
2105039,38944,12296,58388,353,6,134722496,0.01782612670262364
2105279,39969,2056,26644,353,6,134737856,0.01782612670262364
2105480,46113,18440,28692,353,6,134750720,0.01782612670262364
2105692,57376,30728,52243,353,6,134764288,0.01782612670262364
2105851,56353,16392,29719,353,6,134774464,0.01782612670262364
2106032,46114,4104,51220,353,6,134786048,0.01782612670262364
2106183,34850,41992,52244,353,6,134795712,0.01782612670262364
2106412,48161,63497,5136,353,6,134810368,0.01782612670262364
2106624,34850,5128,62483,353,6,134823936,0.01782612670262364
2106864,47137,27656,59411,353,6,134839296,0.01782612670262364
2107039,61473,13320,61458,353,6,134850496,0.01782612670262364
2107212,59424,28680,55314,353,6,134861568,0.01782612670262364
2107355,34848,56328,53266,353,6,134870720,0.01782612670262364
2107530,60449,6152,25616,354,6,134881920,0.017734710668251212
2107727,20513,36872,18451,354,6,134894528,0.017734710668251212
2107927,4130,10248,21523,354,6,134907328,0.017734710668251212
2108106,1059,9224,25618,354,6,134918784,0.017734710668251212
2108266,6179,27656,16402,354,6,134929024,0.017734710668251212
2108468,11299,37896,36882,354,6,134941952,0.017734710668251212
2108642,62499,24584,52242,354,6,134953088,0.017734710668251212
2108827,28707,17416,46098,354,6,134964928,0.017734710668251212
2109021,60451,35849,17426,354,6,134977344,0.017734710668251212
2109224,49187,52233,10258,354,6,134990336,0.017734710668251212
2109430,38947,21512,45073,354,6,135003520,0.017734710668251212
2109578,32803,8200,26641,354,6,135012992,0.017734710668251212
2109764,62498,55304,20497,354,6,135024896,0.017734710668251212
2109964,6178,12295,64529,354,6,135037696,0.017734710668251212
2110189,34850,1032,6162,354,6,135052096,0.017734710668251212
2110426,64546,14344,4114,354,6,135067264,0.017734710668251212
2110627,35874,35848,32785,354,6,135080128,0.017734710668251212
2110776,36898,20488,20498,354,6,135089664,0.017734710668251212
2110999,13346,59400,40978,354,6,135103936,0.017734710668251212
2111168,24611,13320,11282,354,6,135114752,0.017734710668251212
2111367,62499,28680,6162,354,6,135127488,0.017734710668251212
2111508,24610,43016,10258,354,6,135136512,0.017734710668251212
2111732,38946,57351,59410,354,6,135150848,0.017734710668251212
2111953,6179,29703,55314,354,6,135164992,0.017734710668251212
2112104,64547,18440,16401,354,6,135174656,0.017734710668251212
2112247,19491,13320,17425,354,6,135183808,0.017734710668251212
2112475,20515,25608,40977,354,6,135198400,0.017734710668251212
2112660,7203,26632,53265,354,6,135210240,0.017734710668251212
2112830,4131,59400,12304,354,6,135221120,0.017734710668251212
2113073,23587,29703,62481,354,6,135236672,0.017734710668251212
2113224,11299,40967,64528,354,6,135246336,0.017734710668251212
2113383,46114,60423,54288,354,6,135256512,0.017734710668251212
2113591,54306,34823,15377,354,6,135269824,0.017734710668251212
2113820,62498,24582,17426,354,6,135284480,0.017734710668251212
2113991,14370,41990,20497,354,6,135295424,0.017734710668251212
2114172,5154,26630,37905,354,6,135307008,0.017734710668251212
2114375,56354,50183,28690,354,6,135320000,0.017734710668251212
2114550,37922,32775,49169,354,6,135331200,0.017734710668251212
2114713,21538,8199,64530,354,6,135341632,0.017734710668251212
2115019,20515,7,64529,354,6,135361216,0.017734710668251212
2115165,23586,14343,33809,354,6,135370560,0.017734710668251212
2115407,14370,19463,4113,354,6,135386048,0.017734710668251212
2115587,12322,24582,27665,354,6,135397568,0.017734710668251212
2115770,17441,25606,6161,354,6,135409280,0.017734710668251212
2115952,6177,51206,17426,354,6,135420928,0.017734710668251212
2116148,30754,17414,40977,354,6,135433472,0.017734710668251212
2116337,36898,21510,42001,354,6,135445568,0.017734710668251212
2116563,54306,36871,1041,354,6,135460032,0.017734710668251212
2116760,23586,29702,51217,354,6,135472640,0.017734710668251212
2116954,48162,6,32786,354,6,135485056,0.017734710668251212
2117174,50209,58374,14353,355,6,135499136,0.01791754273699607
2117357,19490,4102,4113,355,6,135510848,0.01791754273699607
2117525,20514,9222,2066,355,6,135521600,0.01791754273699607
2117702,53282,18438,44050,355,6,135532928,0.01791754273699607
2117873,23586,31751,18450,355,6,135543872,0.01791754273699607
2118151,48162,24583,21522,355,6,135561664,0.01791754273699607
2118349,49186,32775,6162,355,6,135574336,0.01791754273699607
2118494,57378,2054,60433,355,6,135583616,0.01791754273699607
2118726,5154,9222,19473,355,6,135598464,0.01791754273699607
2118924,7202,38918,17,355,6,135611136,0.01791754273699607
2119106,57378,51206,12305,355,6,135622784,0.01791754273699607
2119271,51234,43014,22546,355,6,135633344,0.01791754273699607
2119485,19490,9222,58386,355,6,135647040,0.01791754273699607
2119690,46114,3079,8210,355,6,135660160,0.01791754273699607
2119916,47138,2054,53266,355,6,135674624,0.01791754273699607
2120092,29729,46086,63507,355,6,135685888,0.01791754273699607
2120302,10274,5126,37905,355,6,135699328,0.01791754273699607
2120479,62498,8198,27666,355,6,135710656,0.01791754273699607
2120709,5155,24583,5138,355,6,135725376,0.01791754273699607
2120951,2082,56327,44050,355,6,135740864,0.01791754273699607
2121149,43042,57351,14354,355,6,135753536,0.01791754273699607
2121347,32802,63495,8210,355,6,135766208,0.01791754273699607
2121546,17442,26630,46097,355,6,135778944,0.01791754273699607
2121743,8226,3077,62481,355,6,135791552,0.01791754273699607
2121906,3105,53253,15377,355,6,135801984,0.01791754273699607
2122092,35874,6148,61458,355,6,135813888,0.01791754273699607
2122279,55330,41989,9234,355,6,135825856,0.01791754273699607
2122469,23586,30725,27666,355,6,135838016,0.01791754273699607
2122648,11298,28677,63506,355,6,135849472,0.01791754273699607
2122844,24610,34822,37906,355,6,135862016,0.01791754273699607
2123054,46114,26630,64530,355,6,135875456,0.01791754273699607
2123239,62498,4102,38931,355,6,135887296,0.01791754273699607
2123402,62498,2054,10258,355,6,135897728,0.01791754273699607
2123598,11298,5,55314,355,6,135910272,0.01791754273699607
2123816,28706,11270,12306,355,6,135924224,0.01791754273699607
2124038,54306,10246,44050,355,6,135938432,0.01791754273699607
2124216,15394,9222,44050,355,6,135949824,0.01791754273699607
2124372,6178,21510,37906,355,6,135959808,0.01791754273699607
2124580,13346,30725,30737,355,6,135973120,0.01791754273699607
2124742,34850,4100,62482,355,6,135983488,0.01791754273699607
2124947,64545,61445,13330,355,6,135996608,0.01791754273699607
2125183,3105,63493,48146,355,6,136011712,0.01791754273699607
2125349,11298,15365,46098,355,6,136022336,0.01791754273699607
2125508,54306,20485,59411,355,6,136032512,0.01791754273699607
2125736,4130,19461,18449,355,6,136047104,0.01791754273699607
2125946,34,22532,63505,355,6,136060544,0.01791754273699607
2126147,26658,10245,12306,355,6,136073408,0.01791754273699607
2126300,50210,19461,25618,355,6,136083200,0.01791754273699607
2126510,21538,4101,37906,355,6,136096640,0.01791754273699607
2126693,14370,4101,29713,355,6,136108352,0.01791754273699607
2126895,24610,17413,5138,356,6,136121280,0.01691196635889935
2127086,15394,9220,56337,356,6,136133504,0.01691196635889935
2127268,13345,60420,61457,356,6,136145152,0.01691196635889935
2127437,19489,60420,47121,356,6,136155968,0.01691196635889935
2127659,31777,55301,8210,356,6,136170176,0.01691196635889935
2127836,39969,55301,29714,356,6,136181504,0.01691196635889935
2128010,63521,25605,24593,356,6,136192640,0.01691196635889935
2128266,8225,22533,29714,356,6,136209024,0.01691196635889935
2128432,38945,35844,53265,356,6,136219648,0.01691196635889935
2128617,48161,13317,10259,356,6,136231488,0.01691196635889935
2128810,59425,32773,26642,356,6,136243840,0.01691196635889935
2129034,39969,26629,59410,356,6,136258176,0.01691196635889935
2129194,43041,22533,50194,356,6,136268416,0.01691196635889935
2129386,45088,41989,35859,356,6,136280704,0.01691196635889935
2129591,49184,47109,47123,356,6,136293824,0.01691196635889935
2129752,21536,33797,34834,356,6,136304128,0.01691196635889935
2129985,42016,14341,42002,356,6,136319040,0.01691196635889935
2130138,56352,16389,34835,356,6,136328832,0.01691196635889935
2130304,3104,26629,17427,356,6,136339456,0.01691196635889935
2130462,36896,18437,33810,356,6,136349568,0.01691196635889935
2130633,52256,17413,29715,356,6,136360512,0.01691196635889935
2130845,31,52229,53267,356,6,136374080,0.01691196635889935
2131051,53279,17414,38935,356,6,136387264,0.01691196635889935
2131230,52255,7175,25620,356,6,136398720,0.01691196635889935
2131402,21535,9223,51216,356,6,136409728,0.01691196635889935
2131581,35871,20487,50199,356,6,136421184,0.01691196635889935
2131778,31,50183,25620,356,6,136433792,0.01691196635889935
2131963,25631,54279,24596,356,6,136445632,0.01691196635889935
2132148,26655,57351,26644,356,6,136457472,0.01691196635889935
2132330,24607,38919,18452,356,6,136469120,0.01691196635889935
2132492,17439,13319,20500,356,6,136479488,0.01691196635889935
2132648,19486,45063,21524,356,6,136489472,0.01691196635889935
2132845,8222,25607,30741,356,6,136502080,0.01691196635889935
2133077,27678,6151,64533,356,6,136516928,0.01691196635889935
2133262,17438,28679,42005,356,6,136528768,0.01691196635889935
2133505,1054,8199,47125,356,6,136544320,0.01691196635889935
2133699,36894,21511,64533,356,6,136556736,0.01691196635889935
2133844,38941,58375,64533,356,6,136566016,0.01691196635889935
2134085,19485,37895,64533,356,6,136581440,0.01691196635889935
2134297,30749,40968,21,356,6,136595008,0.01691196635889935
2134513,30749,15367,60437,356,6,136608832,0.01691196635889935
2134700,14365,17415,64533,356,6,136620800,0.01691196635889935
2134922,7196,63495,64534,356,6,136635008,0.01691196635889935
2135105,27676,63496,3094,356,6,136646720,0.01691196635889935
2135310,11292,54280,8213,356,6,136659840,0.01691196635889935
2135473,62492,29704,27670,356,6,136670272,0.01691196635889935
2135628,57372,47112,22549,356,6,136680192,0.01691196635889935
2135842,20509,8,9238,356,6,136693888,0.01691196635889935
2136075,13340,50184,30741,356,6,136708800,0.01691196635889935
2136250,26652,40968,28693,356,6,136720000,0.01691196635889935
2136469,26652,38920,14357,357,6,136734016,0.016820550324526923
2136677,29724,49160,39957,357,6,136747328,0.016820550324526923
2136855,43037,6152,7190,357,6,136758720,0.016820550324526923
2137059,29,10248,34838,357,6,136771776,0.016820550324526923
2137200,4125,30728,25621,357,6,136780800,0.016820550324526923
2137390,43037,49160,26645,357,6,136792960,0.016820550324526923
2137575,24605,30727,64533,357,6,136804800,0.016820550324526923
2137849,51229,47111,64534,357,6,136822336,0.016820550324526923
2138102,26653,40967,61462,357,6,136838528,0.016820550324526923
2138301,10269,40967,64533,357,6,136851264,0.016820550324526923
2138516,37917,52231,64533,357,6,136865024,0.016820550324526923
2138708,52253,53255,60438,357,6,136877312,0.016820550324526923
2138855,64541,40967,52246,357,6,136886720,0.016820550324526923
2139055,56349,37895,62485,357,6,136899520,0.016820550324526923
2139257,20509,54279,58390,357,6,136912448,0.016820550324526923
2139441,18461,54279,52246,357,6,136924224,0.016820550324526923
2139595,56350,15368,10262,357,6,136934080,0.016820550324526923
2139753,49182,8199,64534,357,6,136944192,0.016820550324526923
2139975,9246,19463,64533,357,6,136958400,0.016820550324526923
2140165,7198,19464,6165,357,6,136970560,0.016820550324526923
2140326,40990,18440,16405,357,6,136980864,0.016820550324526923
2140533,15390,32776,1046,357,6,136994112,0.016820550324526923
2140691,34846,24583,64533,357,6,137004224,0.016820550324526923
2140849,18462,35848,5141,357,6,137014336,0.016820550324526923
2141073,9246,33799,53269,357,6,137028672,0.016820550324526923
2141249,33822,24583,54294,357,6,137039936,0.016820550324526923
2141435,1054,35847,52246,357,6,137051840,0.016820550324526923
2141581,20510,21511,54293,357,6,137061184,0.016820550324526923
2141757,32798,19463,38934,357,6,137072448,0.016820550324526923
2141970,38942,27655,27670,357,6,137086080,0.016820550324526923
2142182,10270,34823,34837,357,6,137099648,0.016820550324526923
2142357,39966,34823,7188,357,6,137110848,0.016820550324526923
2142600,24606,50183,33813,357,6,137126400,0.016820550324526923
2142774,62494,55303,39957,357,6,137137536,0.016820550324526923
2142925,10270,37895,40981,357,6,137147200,0.016820550324526923
2143207,61470,32775,45077,357,6,137165248,0.016820550324526923
2143408,42014,26631,38933,357,6,137178112,0.016820550324526923
2143584,55326,47111,13334,357,6,137189376,0.016820550324526923
2143767,19486,21511,38933,357,6,137201088,0.016820550324526923
2143931,7198,25607,27670,357,6,137211584,0.016820550324526923
2144112,61470,37895,55318,357,6,137223168,0.016820550324526923
2144260,13342,49160,3092,357,6,137232640,0.016820550324526923
2144423,47134,41991,64533,357,6,137243072,0.016820550324526923
2144618,5150,41991,46102,357,6,137255552,0.016820550324526923
2144802,26654,26631,38934,357,6,137267328,0.016820550324526923
2144958,7198,4103,42006,357,6,137277312,0.016820550324526923
2145158,46110,7,28693,357,6,137290112,0.016820550324526923
2145350,36894,33799,19477,357,6,137302400,0.016820550324526923
2145525,53278,24583,53269,357,6,137313600,0.016820550324526923
2145703,43038,57351,47126,357,6,137324992,0.016820550324526923
2145904,2078,62471,53270,358,6,137337856,0.017643294633878783
2146088,40990,35847,37910,358,6,137349632,0.017643294633878783
2146266,29726,32775,27670,358,6,137361024,0.017643294633878783
2146426,46110,5127,28693,358,6,137371264,0.017643294633878783
2146586,42014,10247,22549,358,6,137381504,0.017643294633878783
2146751,44062,19463,29717,358,6,137392064,0.017643294633878783
2146955,9246,43015,47125,358,6,137405120,0.017643294633878783
2147142,19486,40967,44052,358,6,137417088,0.017643294633878783
2147359,31774,49159,21,358,6,137430976,0.017643294633878783
2147540,51230,37895,33813,358,6,137442560,0.017643294633878783
2147750,54302,33799,45077,358,6,137456000,0.017643294633878783
2147975,52254,27655,45078,358,6,137470400,0.017643294633878783
2148125,56350,31751,44053,358,6,137480000,0.017643294633878783
2148318,7198,38919,44053,358,6,137492352,0.017643294633878783
2148482,9246,43015,45077,358,6,137502848,0.017643294633878783
2148657,35871,11271,36885,358,6,137514048,0.017643294633878783
2148888,36894,49159,27669,358,6,137528832,0.017643294633878783
2149047,9246,53255,36885,358,6,137539008,0.017643294633878783
2149268,8222,40967,50197,358,6,137553152,0.017643294633878783
2149458,61470,43015,50197,358,6,137565312,0.017643294633878783
2149657,18462,45063,30741,358,6,137578048,0.017643294633878783
2149833,14366,49159,23573,358,6,137589312,0.017643294633878783
2150043,57374,54279,18453,358,6,137602752,0.017643294633878783
2150236,62495,2055,27669,358,6,137615104,0.017643294633878783
2150386,27678,54279,31765,358,6,137624704,0.017643294633878783
2150582,29726,60423,35861,358,6,137637248,0.017643294633878783
2150768,49183,3079,42005,358,6,137649152,0.017643294633878783
2150936,44062,46087,26646,358,6,137659904,0.017643294633878783
2151159,35870,40967,15381,358,6,137674176,0.017643294633878783
2151383,39966,46087,14358,358,6,137688512,0.017643294633878783
2151603,23582,49159,10261,358,6,137702592,0.017643294633878783
2151810,11294,26631,43029,358,6,137715840,0.017643294633878783
2151961,33822,49159,20501,358,6,137725504,0.017643294633878783
2152130,35870,55303,1045,358,6,137736320,0.017643294633878783
2152326,44063,6151,16405,358,6,137748864,0.017643294633878783
2152499,26654,40967,4117,358,6,137759936,0.017643294633878783
2152728,14366,54279,19477,358,6,137774592,0.017643294633878783
2152942,30,54279,15381,358,6,137788288,0.017643294633878783
2153165,23582,49159,26645,358,6,137802560,0.017643294633878783
2153371,23582,37895,8213,358,6,137815744,0.017643294633878783
2153568,44062,54279,9236,358,6,137828352,0.017643294633878783
2153812,21534,48135,4117,358,6,137843968,0.017643294633878783
2153989,64542,63495,22549,358,6,137855296,0.017643294633878783
2154185,20510,53255,26645,358,6,137867840,0.017643294633878783
2154387,26654,54279,14357,358,6,137880768,0.017643294633878783
2154677,33822,58375,17430,358,6,137899328,0.017643294633878783
2154849,34846,61447,21525,358,6,137910336,0.017643294633878783
2155061,30750,60423,12309,358,6,137923904,0.017643294633878783
2155250,46110,51207,24597,358,6,137936000,0.017643294633878783
2155436,52255,7,35861,358,6,137947904,0.017643294633878783
2155586,32798,57351,21525,359,6,137957504,0.01718621446201664
2155774,36894,59399,17429,359,6,137969536,0.01718621446201664
2155935,34846,49159,18453,359,6,137979840,0.01718621446201664
2156184,58399,1031,11285,359,6,137995776,0.01718621446201664
2156392,64542,59399,18453,359,6,138009088,0.01718621446201664
2156605,46111,14343,20501,359,6,138022720,0.01718621446201664
2156844,63518,45063,24596,359,6,138038016,0.01718621446201664
2156985,19486,54279,15381,359,6,138047040,0.01718621446201664
2157145,42014,55303,17430,359,6,138057280,0.01718621446201664
2157345,7198,51207,28694,359,6,138070080,0.01718621446201664
2157585,31774,55303,8213,359,6,138085440,0.01718621446201664
2157827,36894,52231,20502,359,6,138100928,0.01718621446201664
2158007,22558,51207,29718,359,6,138112448,0.01718621446201664
2158176,44063,7,16406,359,6,138123264,0.01718621446201664
2158345,2078,33799,22549,359,6,138134080,0.01718621446201664
2158517,13342,63495,20501,359,6,138145088,0.01718621446201664
2158701,52254,52231,25621,359,6,138156864,0.01718621446201664
2158905,36894,63495,12309,359,6,138169920,0.01718621446201664
2159129,34846,52230,59413,359,6,138184256,0.01718621446201664
2159273,48159,6,50198,359,6,138193472,0.01718621446201664
2159509,49183,4102,39957,359,6,138208576,0.01718621446201664
2159693,39967,1030,19477,359,6,138220352,0.01718621446201664
2159873,62495,2054,10261,359,6,138231872,0.01718621446201664
2160062,42014,61446,12309,359,6,138243968,0.01718621446201664
2160229,39966,53254,25621,359,6,138254656,0.01718621446201664
2160420,61471,5125,62484,359,6,138266880,0.01718621446201664
2160648,46111,4101,59412,359,6,138281472,0.01718621446201664
2160812,47134,56325,59412,359,6,138291968,0.01718621446201664
2161003,52255,4101,54292,359,6,138304192,0.01718621446201664
2161223,50206,34821,59413,359,6,138318272,0.01718621446201664
2161418,11295,6,5140,359,6,138330752,0.01718621446201664
2161587,62494,54277,63509,359,6,138341568,0.01718621446201664
2161757,35871,6,4116,359,6,138352448,0.01718621446201664
2161924,45087,6,6164,359,6,138363136,0.01718621446201664
2162126,9246,51206,17428,359,6,138376064,0.01718621446201664
2162283,34847,8198,4116,359,6,138386112,0.01718621446201664
2162468,52254,62469,55316,359,6,138397952,0.01718621446201664
2162615,28702,62470,3093,359,6,138407360,0.01718621446201664
2162850,21534,62470,17429,359,6,138422400,0.01718621446201664
2163027,40990,49157,63508,359,6,138433728,0.01718621446201664
2163234,56350,57350,19476,359,6,138446976,0.01718621446201664
2163382,54302,52230,10260,359,6,138456448,0.01718621446201664
2163630,56350,61445,42004,359,6,138472320,0.01718621446201664
2163772,34847,6149,53269,359,6,138481408,0.01718621446201664
2163929,39967,3078,14357,359,6,138491456,0.01718621446201664
2164084,45087,9221,61461,359,6,138501376,0.01718621446201664
2164295,15390,59397,57364,359,6,138514880,0.01718621446201664
2164514,33822,52230,3093,359,6,138528896,0.01718621446201664
2164717,48158,37893,59413,359,6,138541888,0.01718621446201664
2164948,36894,54277,60437,359,6,138556672,0.01718621446201664
2165118,17438,61445,58389,360,6,138567552,0.017734710668251212
2165334,64542,57349,59412,360,6,138581376,0.017734710668251212
2165545,3102,54277,54292,360,6,138594880,0.017734710668251212
2165729,15390,53253,60437,360,6,138606656,0.017734710668251212
2165958,2079,14342,10260,360,6,138621312,0.017734710668251212
2166142,19486,40966,9236,360,6,138633088,0.017734710668251212
2166315,15390,58374,5140,360,6,138644160,0.017734710668251212
2166481,23582,45062,15381,360,6,138654784,0.017734710668251212
2166659,3102,58374,4117,360,6,138666176,0.017734710668251212
2166859,47134,53254,15381,360,6,138678976,0.017734710668251212
2167034,26654,49158,2069,360,6,138690176,0.017734710668251212
2167282,27678,50182,5141,360,6,138706048,0.017734710668251212
2167483,30750,60422,1045,360,6,138718912,0.017734710668251212
2167626,16414,52230,11285,360,6,138728064,0.017734710668251212
2167849,42014,49158,13333,360,6,138742336,0.017734710668251212
2168013,52255,1030,4117,360,6,138752832,0.017734710668251212
2168195,33823,4102,14357,360,6,138764480,0.017734710668251212
2168368,4127,1030,22,360,6,138775552,0.017734710668251212
2168574,36895,43013,58389,360,6,138788736,0.017734710668251212
2168787,61471,3078,10261,360,6,138802368,0.017734710668251212
2169038,18463,11270,13333,360,6,138818432,0.017734710668251212
2169218,45087,22534,10261,360,6,138829952,0.017734710668251212
2169385,5150,63494,21525,360,6,138840640,0.017734710668251212
2169590,27679,4102,6165,360,6,138853760,0.017734710668251212
2169786,62495,6150,2069,360,6,138866304,0.017734710668251212
2169971,21535,10245,62485,360,6,138878144,0.017734710668251212
2170157,60447,11270,2069,360,6,138890048,0.017734710668251212
2170383,26654,63494,8213,360,6,138904512,0.017734710668251212
2170585,63519,14342,2069,360,6,138917440,0.017734710668251212
2170779,42014,63493,54293,360,6,138929856,0.017734710668251212
2171063,13343,5,62486,360,6,138948032,0.017734710668251212
2171214,59423,9222,18453,360,6,138957696,0.017734710668251212
2171440,58399,12293,63509,360,6,138972160,0.017734710668251212
2171641,5151,14342,7189,360,6,138985024,0.017734710668251212
2171810,31775,23558,14358,360,6,138995840,0.017734710668251212
2172009,53279,16390,8213,360,6,139008576,0.017734710668251212
2172167,44063,14342,10261,360,6,139018688,0.017734710668251212
2172331,4126,60422,3094,360,6,139029184,0.017734710668251212
2172565,29726,61446,21525,360,6,139044160,0.017734710668251212
2172723,31,8198,5140,360,6,139054272,0.017734710668251212
2172881,52255,9222,8213,360,6,139064384,0.017734710668251212
2173096,15391,14342,24597,360,6,139078144,0.017734710668251212
2173270,25631,4102,21525,360,6,139089280,0.017734710668251212
2173448,3103,24582,12308,360,6,139100672,0.017734710668251212
2173686,33823,26630,9237,360,6,139115904,0.017734710668251212
2173888,48159,11270,4117,360,6,139128832,0.017734710668251212
2174079,51231,10246,8213,360,6,139141056,0.017734710668251212
2174287,10271,9222,16404,360,6,139154368,0.017734710668251212
2174490,2079,6,19476,360,6,139167360,0.017734710668251212
2174681,34846,62469,53269,360,6,139179584,0.017734710668251212
2174848,6175,2054,11285,361,6,139190272,0.018100374805740928
2175031,13343,3078,19477,361,6,139201984,0.018100374805740928
2175287,7198,60422,9237,361,6,139218368,0.018100374805740928
2175486,10270,62470,19477,361,6,139231104,0.018100374805740928
2175684,36894,51206,25621,361,6,139243776,0.018100374805740928
2175825,61471,1030,17429,361,6,139252800,0.018100374805740928
2176025,56350,59398,11285,361,6,139265600,0.018100374805740928
2176241,51231,5126,14357,361,6,139279424,0.018100374805740928
2176394,35871,10246,22549,361,6,139289216,0.018100374805740928
2176589,30751,5126,19477,361,6,139301696,0.018100374805740928
2176757,56351,1030,19477,361,6,139312448,0.018100374805740928
2176930,28703,2054,22549,361,6,139323520,0.018100374805740928
2177152,61470,49158,31765,361,6,139337728,0.018100374805740928
2177333,14366,46086,22549,361,6,139349312,0.018100374805740928
2177540,36894,50182,28693,361,6,139362560,0.018100374805740928
2177738,8222,63494,10261,361,6,139375232,0.018100374805740928
2178009,8223,19462,21525,361,6,139392576,0.018100374805740928
2178283,26655,9222,23573,361,6,139410112,0.018100374805740928
2178500,24607,25606,23572,361,6,139424000,0.018100374805740928
2178702,36895,17414,44053,361,6,139436928,0.018100374805740928
2178903,62495,3078,22548,361,6,139449792,0.018100374805740928
2179095,6175,5126,40981,361,6,139462080,0.018100374805740928
2179272,52255,17414,35861,361,6,139473408,0.018100374805740928
2179444,13342,44038,19477,361,6,139484416,0.018100374805740928
2179650,62495,14342,9236,361,6,139497600,0.018100374805740928
2179858,20510,60422,35860,361,6,139510912,0.018100374805740928
2180053,33822,57350,8213,361,6,139523392,0.018100374805740928
2180222,61470,53254,44053,361,6,139534208,0.018100374805740928
2180409,8223,4102,12309,361,6,139546176,0.018100374805740928
2180613,45087,2054,23572,361,6,139559232,0.018100374805740928
2180780,25631,3078,9236,361,6,139569920,0.018100374805740928
2181030,63518,63494,24597,361,6,139585920,0.018100374805740928
2181235,60446,54278,13333,361,6,139599040,0.018100374805740928
2181422,32798,36870,14357,361,6,139611008,0.018100374805740928
2181622,49182,50182,37909,361,6,139623808,0.018100374805740928
2181779,48158,54278,17428,361,6,139633856,0.018100374805740928
2181981,60446,27654,24597,361,6,139646784,0.018100374805740928
2182169,25630,45062,2068,361,6,139658816,0.018100374805740928
2182435,34846,55302,25621,361,6,139675840,0.018100374805740928
2182575,64542,29702,17429,361,6,139684800,0.018100374805740928
2182780,13342,55302,34836,361,6,139697920,0.018100374805740928
2182967,49182,58374,40981,361,6,139709888,0.018100374805740928
2183160,35871,9222,22549,361,6,139722240,0.018100374805740928
2183341,5150,50182,14357,361,6,139733824,0.018100374805740928
2183619,64542,62470,25621,361,6,139751616,0.018100374805740928
2183792,8222,58374,28693,361,6,139762688,0.018100374805740928
2184050,59422,51206,19476,361,6,139779200,0.018100374805740928
2184238,56350,57350,30741,361,6,139791232,0.018100374805740928
2184446,10270,34822,30741,361,6,139804544,0.018100374805740928
2184659,52254,62470,19477,361,6,139818176,0.018100374805740928
2184828,43039,1030,24597,362,6,139828992,0.017734710668251212
2185095,12319,10246,19477,362,6,139846080,0.017734710668251212
2185269,47135,5126,38933,362,6,139857216,0.017734710668251212
2185436,4127,1030,25621,362,6,139867904,0.017734710668251212
2185647,26655,10246,10262,362,6,139881408,0.017734710668251212
2185852,57374,57350,18453,362,6,139894528,0.017734710668251212
2186072,7199,8198,23573,362,6,139908608,0.017734710668251212
2186213,22558,62470,13333,362,6,139917632,0.017734710668251212
2186404,4126,55302,29717,362,6,139929856,0.017734710668251212
2186638,51230,59398,12309,362,6,139944832,0.017734710668251212
2186836,34846,62470,27669,362,6,139957504,0.017734710668251212
2186988,42015,5126,8213,362,6,139967232,0.017734710668251212
2187201,40991,11270,25620,362,6,139980864,0.017734710668251212
2187438,47135,11270,14357,362,6,139996032,0.017734710668251212
2187632,64543,4102,7189,362,6,140008448,0.017734710668251212
2187785,30751,4102,29717,362,6,140018240,0.017734710668251212
2188033,28702,36870,33812,362,6,140034112,0.017734710668251212
2188192,1054,63494,24597,362,6,140044288,0.017734710668251212
2188412,21534,50182,9238,362,6,140058368,0.017734710668251212
2188583,19486,40966,19477,362,6,140069312,0.017734710668251212
2188761,54302,32774,33813,362,6,140080704,0.017734710668251212
2188997,29726,55302,31765,362,6,140095808,0.017734710668251212
2189182,10270,21510,5141,362,6,140107648,0.017734710668251212
2189428,58399,3078,8214,362,6,140123392,0.017734710668251212
2189574,22559,5126,10261,362,6,140132736,0.017734710668251212
2189733,63519,9222,16405,362,6,140142912,0.017734710668251212
2189960,21535,6,9237,362,6,140157440,0.017734710668251212
2190101,16414,62470,15380,362,6,140166464,0.017734710668251212
2190258,56351,1030,10261,362,6,140176512,0.017734710668251212
2190469,38943,1030,8213,362,6,140190016,0.017734710668251212
2190676,36894,52230,21524,362,6,140203264,0.017734710668251212
2190895,63518,48134,23573,362,6,140217280,0.017734710668251212
2191105,4127,1030,11285,362,6,140230720,0.017734710668251212
2191284,45086,39942,12309,362,6,140242176,0.017734710668251212
2191455,30750,60422,12309,362,6,140253120,0.017734710668251212
2191662,31774,49158,18453,362,6,140266368,0.017734710668251212
2191817,25630,63494,27669,362,6,140276288,0.017734710668251212
2192069,23582,58374,20501,362,6,140292416,0.017734710668251212
2192253,30750,54278,33813,362,6,140304192,0.017734710668251212
2192456,27679,5126,17429,362,6,140317184,0.017734710668251212
2192632,59423,21510,30740,362,6,140328448,0.017734710668251212
2192826,46111,20486,14357,362,6,140340864,0.017734710668251212
2193014,15391,12294,12309,362,6,140352896,0.017734710668251212
2193187,47134,60422,19477,362,6,140363968,0.017734710668251212
2193349,49183,13318,4116,362,6,140374336,0.017734710668251212
2193554,37918,52230,19477,362,6,140387456,0.017734710668251212
2193774,31775,18438,17430,362,6,140401536,0.017734710668251212
2193940,16415,6150,34837,362,6,140412160,0.017734710668251212
2194093,34847,1030,40981,362,6,140421952,0.017734710668251212
2194322,29727,10246,25621,362,6,140436608,0.017734710668251212
2194579,56351,11270,26645,363,6,140453056,0.017551878599506354
2194795,32798,61446,26645,363,6,140466880,0.017551878599506354
2194975,8222,64518,17429,363,6,140478400,0.017551878599506354
2195149,12319,4102,22549,363,6,140489536,0.017551878599506354
2195372,19486,60422,30741,363,6,140503808,0.017551878599506354
2195543,16415,1030,14357,363,6,140514752,0.017551878599506354
2195786,13342,32774,24596,363,6,140530304,0.017551878599506354
2195993,3102,51206,19477,363,6,140543552,0.017551878599506354
2196228,12318,50182,8215,363,6,140558592,0.017551878599506354
2196396,29726,54278,21525,363,6,140569344,0.017551878599506354
2196682,25630,50182,18453,363,6,140587648,0.017551878599506354
2196892,16414,54278,16405,363,6,140601088,0.017551878599506354
2197053,21535,6,26645,363,6,140611392,0.017551878599506354
2197250,45086,62470,21524,363,6,140624000,0.017551878599506354
2197411,64543,5126,18452,363,6,140634304,0.017551878599506354
2197623,45087,9222,17429,363,6,140647872,0.017551878599506354
2197798,20511,3078,13333,363,6,140659072,0.017551878599506354
2197991,27678,60422,36885,363,6,140671424,0.017551878599506354
2198161,49183,5126,11285,363,6,140682304,0.017551878599506354
2198379,1054,59398,23573,363,6,140696256,0.017551878599506354
2198564,43038,62470,21525,363,6,140708096,0.017551878599506354
2198748,28702,53254,16405,363,6,140719872,0.017551878599506354
2198955,49182,48134,12310,363,6,140733120,0.017551878599506354
2199143,21535,2054,4117,363,6,140745152,0.017551878599506354
2199306,40990,53254,18453,363,6,140755584,0.017551878599506354
2199547,29726,52230,21525,363,6,140771008,0.017551878599506354
2199707,58398,57350,25621,363,6,140781248,0.017551878599506354
2199917,6174,61446,26645,363,6,140794688,0.017551878599506354
2200081,32798,60422,6166,363,6,140805184,0.017551878599506354
2200318,45087,6,13333,363,6,140820352,0.017551878599506354
2200532,11294,63494,1045,363,6,140834048,0.017551878599506354
2200708,57374,62470,11285,363,6,140845312,0.017551878599506354
2200895,40991,5126,8213,363,6,140857280,0.017551878599506354
2201073,20510,60422,14357,363,6,140868672,0.017551878599506354
2201321,50207,8198,8213,363,6,140884544,0.017551878599506354
2201513,55326,58374,21,363,6,140896832,0.017551878599506354
2201700,63518,60422,21525,363,6,140908800,0.017551878599506354
2201892,20510,63494,25621,363,6,140921088,0.017551878599506354
2202111,29727,3078,16405,363,6,140935104,0.017551878599506354
2202271,57375,2054,11285,363,6,140945344,0.017551878599506354
2202493,37918,53254,22549,363,6,140959552,0.017551878599506354
2202663,33822,52230,18453,363,6,140970432,0.017551878599506354
2202882,63518,58374,22549,363,6,140984448,0.017551878599506354
2203026,58399,6,19477,363,6,140993664,0.017551878599506354
2203275,27679,4102,19477,363,6,141009600,0.017551878599506354
2203474,21535,1030,19476,363,6,141022336,0.017551878599506354
2203662,21535,6150,14357,363,6,141034368,0.017551878599506354
2203924,47135,14342,10261,363,6,141051136,0.017551878599506354
2204072,1055,3078,18453,363,6,141060608,0.017551878599506354
2204265,56350,37894,13333,363,6,141072960,0.017551878599506354
2204477,56350,54278,10261,364,6,141086528,0.018466038943230643
2204629,33822,51205,50197,364,6,141096256,0.018466038943230643
2204836,27678,52230,12309,364,6,141109504,0.018466038943230643
2205005,25630,58373,59413,364,6,141120320,0.018466038943230643
2205235,29726,59398,14357,364,6,141135040,0.018466038943230643
2205513,56351,11270,29716,364,6,141152832,0.018466038943230643
2205695,46110,60422,11285,364,6,141164480,0.018466038943230643
2205923,19487,9222,21525,364,6,141179072,0.018466038943230643
2206089,38943,20486,26645,364,6,141189696,0.018466038943230643
2206289,7199,2054,21525,364,6,141202496,0.018466038943230643
2206451,44062,59398,20501,364,6,141212864,0.018466038943230643
2206698,54302,63494,9237,364,6,141228672,0.018466038943230643
2206894,13342,60422,17429,364,6,141241216,0.018466038943230643
2207088,26654,59398,10261,364,6,141253632,0.018466038943230643
2207295,9246,64518,18453,364,6,141266880,0.018466038943230643
2207475,51230,62470,26645,364,6,141278400,0.018466038943230643
2207695,5151,5126,18453,364,6,141292480,0.018466038943230643
2207875,37919,6150,27669,364,6,141304000,0.018466038943230643
2208059,3103,10246,22550,364,6,141315776,0.018466038943230643
2208245,24607,10246,14356,364,6,141327680,0.018466038943230643
2208477,8222,62470,12309,364,6,141342528,0.018466038943230643
2208674,49182,64518,16404,364,6,141355136,0.018466038943230643
2208893,29727,13318,24597,364,6,141369152,0.018466038943230643
2209070,4127,8198,21525,364,6,141380480,0.018466038943230643
2209265,8222,59398,11285,364,6,141392960,0.018466038943230643
2209467,55326,45062,12309,364,6,141405888,0.018466038943230643
2209708,48158,58374,3093,364,6,141421312,0.018466038943230643
2209888,26654,57350,22549,364,6,141432832,0.018466038943230643
2210037,10270,53254,25621,364,6,141442368,0.018466038943230643
2210258,22558,59398,6165,364,6,141456512,0.018466038943230643
2210457,22559,5126,32789,364,6,141469248,0.018466038943230643
2210605,34846,63494,17429,364,6,141478720,0.018466038943230643
2210797,55327,1030,24596,364,6,141491008,0.018466038943230643
2211017,15390,52230,30741,364,6,141505088,0.018466038943230643
2211218,27679,12294,25621,364,6,141517952,0.018466038943230643
2211499,16415,4102,8213,364,6,141535936,0.018466038943230643
2211702,64543,14342,17428,364,6,141548928,0.018466038943230643
2211912,48159,18438,26645,364,6,141562368,0.018466038943230643
2212134,46111,10246,22548,364,6,141576576,0.018466038943230643
2212366,53279,5126,18454,364,6,141591424,0.018466038943230643
2212616,38943,23558,8213,364,6,141607424,0.018466038943230643
2212874,46110,59398,24597,364,6,141623936,0.018466038943230643
2213024,61470,32774,33812,364,6,141633536,0.018466038943230643
2213256,50206,60422,33813,364,6,141648384,0.018466038943230643
2213459,47135,12294,24597,364,6,141661376,0.018466038943230643
2213707,4127,6,24597,364,6,141677248,0.018466038943230643
2213959,24607,9222,32789,364,6,141693376,0.018466038943230643
2214167,9247,38918,20501,364,6,141706688,0.018466038943230643
2214337,42015,21510,26645,364,6,141717568,0.018466038943230643
2214517,26655,35846,16405,364,6,141729088,0.018466038943230643
2214688,40991,21510,9237,365,6,141740032,0.017369046530761496
2214924,46111,30726,16405,365,6,141755136,0.017369046530761496
2215102,22559,29702,42005,365,6,141766528,0.017369046530761496
2215293,42015,14342,16405,365,6,141778752,0.017369046530761496
2215539,55327,6150,6165,365,6,141794496,0.017369046530761496
2215702,6174,49158,18453,365,6,141804928,0.017369046530761496
2215887,4126,53254,23573,365,6,141816768,0.017369046530761496
2216132,51231,2054,16404,365,6,141832448,0.017369046530761496
2216294,62495,31750,5140,365,6,141842816,0.017369046530761496
2216526,44063,24581,64533,365,6,141857664,0.017369046530761496
2216692,32799,9222,26645,365,6,141868288,0.017369046530761496
2216961,38942,60422,10261,365,6,141885504,0.017369046530761496
2217151,28702,38918,16406,365,6,141897664,0.017369046530761496
2217385,28702,15366,5141,365,6,141912640,0.017369046530761496
2217592,35870,21510,12309,365,6,141925888,0.017369046530761496
2217786,13342,21510,20501,365,6,141938304,0.017369046530761496
2217970,29726,1030,19477,365,6,141950080,0.017369046530761496
2218118,4126,24582,17429,365,6,141959552,0.017369046530761496
2218374,43038,39942,18453,365,6,141975936,0.017369046530761496
2218524,59422,38918,23572,365,6,141985536,0.017369046530761496
2218757,60446,45062,29717,365,6,142000448,0.017369046530761496
2218923,40990,25606,37909,365,6,142011072,0.017369046530761496
2219087,38942,40966,34837,365,6,142021568,0.017369046530761496
2219277,25630,40966,6165,365,6,142033728,0.017369046530761496
2219455,63518,53254,22550,365,6,142045120,0.017369046530761496
2219663,34846,24582,3094,365,6,142058432,0.017369046530761496
2219911,14366,24582,45077,365,6,142074304,0.017369046530761496
2220051,6174,13318,6166,365,6,142083264,0.017369046530761496
2220254,11294,24582,16405,365,6,142096256,0.017369046530761496
2220444,43038,25606,28693,365,6,142108416,0.017369046530761496
2220691,56350,22534,42005,365,6,142124224,0.017369046530761496
2220839,5150,46086,16405,365,6,142133696,0.017369046530761496
2221056,39967,3078,48149,365,6,142147584,0.017369046530761496
2221267,4127,3078,38933,365,6,142161088,0.017369046530761496
2221422,47135,9222,26644,365,6,142171008,0.017369046530761496
2221654,19487,4102,29716,365,6,142185856,0.017369046530761496
2221842,37918,28678,22549,365,6,142197888,0.017369046530761496
2222031,28702,61446,21524,365,6,142209984,0.017369046530761496
2222214,30750,50182,13332,365,6,142221696,0.017369046530761496
2222444,34846,46086,20500,365,6,142236416,0.017369046530761496
2222581,39966,44038,13332,365,6,142245184,0.017369046530761496
2222847,21534,46086,20500,365,6,142262208,0.017369046530761496
2223025,62494,46086,25621,365,6,142273600,0.017369046530761496
2223261,34847,6,25621,365,6,142288704,0.017369046530761496
2223474,11294,57350,17429,365,6,142302336,0.017369046530761496
2223688,25631,2054,15380,365,6,142316032,0.017369046530761496
2223874,33822,58374,33812,365,6,142327936,0.017369046530761496
2224034,62494,61446,6164,365,6,142338176,0.017369046530761496
2224214,63518,55302,16404,365,6,142349696,0.017369046530761496
2224408,24606,61446,17428,365,6,142362112,0.017369046530761496
2224569,15390,47110,10261,366,6,142372416,0.018466038943230643
2224734,12318,46086,17429,366,6,142382976,0.018466038943230643
2224950,62494,49158,21525,366,6,142396800,0.018466038943230643
2225095,48158,40966,3092,366,6,142406080,0.018466038943230643
2225307,31774,43014,3093,366,6,142419648,0.018466038943230643
2225518,63518,39942,4117,366,6,142433152,0.018466038943230643
2225752,17438,51206,6165,366,6,142448128,0.018466038943230643
2225994,52254,57350,9236,366,6,142463616,0.018466038943230643
2226223,13342,47110,9236,366,6,142478272,0.018466038943230643
2226393,45086,38918,1045,366,6,142489152,0.018466038943230643
2226581,14366,43014,20501,366,6,142501184,0.018466038943230643
2226779,53278,37894,12309,366,6,142513856,0.018466038943230643
2226948,27678,35846,13333,366,6,142524672,0.018466038943230643
2227108,32798,14342,7189,366,6,142534912,0.018466038943230643
2227314,60446,28677,59413,366,6,142548096,0.018466038943230643
2227459,46110,17414,14357,366,6,142557376,0.018466038943230643
2227630,10270,3078,19477,366,6,142568320,0.018466038943230643
2227874,26654,29702,9236,366,6,142583936,0.018466038943230643
2228034,40990,35846,9236,366,6,142594176,0.018466038943230643
2228250,14366,24582,10262,366,6,142608000,0.018466038943230643
2228405,5150,34822,7189,366,6,142617920,0.018466038943230643
2228621,3102,37894,25621,366,6,142631744,0.018466038943230643
2228802,1054,44038,12309,366,6,142643328,0.018466038943230643
2228969,58398,49158,8213,366,6,142654016,0.018466038943230643
2229249,35870,51206,3093,366,6,142671936,0.018466038943230643
2229421,59422,37894,11285,366,6,142682944,0.018466038943230643
2229698,56350,21510,15381,366,6,142700672,0.018466038943230643
2229897,44062,37894,8213,366,6,142713408,0.018466038943230643
2230050,18462,34822,7189,366,6,142723200,0.018466038943230643
2230255,47134,47110,16405,366,6,142736320,0.018466038943230643
2230504,20510,40966,13333,366,6,142752256,0.018466038943230643
2230664,35870,50182,4117,366,6,142762496,0.018466038943230643
2230877,17438,50182,13333,366,6,142776128,0.018466038943230643
2231029,3102,50182,13333,366,6,142785856,0.018466038943230643
2231332,18462,44038,11285,366,6,142805248,0.018466038943230643
2231534,40990,4102,8213,366,6,142818176,0.018466038943230643
2231726,3102,24582,3093,366,6,142830464,0.018466038943230643
2231920,23582,44037,63509,366,6,142842880,0.018466038943230643
2232151,5150,26630,5141,366,6,142857664,0.018466038943230643
2232367,42014,53254,3093,366,6,142871488,0.018466038943230643
2232543,9246,27654,20501,366,6,142882752,0.018466038943230643
2232795,1054,37894,14357,366,6,142898880,0.018466038943230643
2233016,43038,45062,25621,366,6,142913024,0.018466038943230643
2233230,14366,45062,17429,366,6,142926720,0.018466038943230643
2233386,40991,6,19477,366,6,142936704,0.018466038943230643
2233592,36894,63494,21524,366,6,142949888,0.018466038943230643
2233793,8222,45062,2068,366,6,142962752,0.018466038943230643
2233957,30751,3078,16404,366,6,142973248,0.018466038943230643
2234173,10270,40966,8213,366,6,142987072,0.018466038943230643
2234375,1054,26630,13333,366,6,143000000,0.018466038943230643
2234654,46110,36870,19476,367,6,143017856,0.017277630496389067
2234822,44062,34822,36885,367,6,143028608,0.017277630496389067
2235043,12318,38918,18453,367,6,143042752,0.017277630496389067
2235188,62494,23558,16404,367,6,143052032,0.017277630496389067
2235432,19486,50182,13333,367,6,143067648,0.017277630496389067
2235575,60446,37894,14357,367,6,143076800,0.017277630496389067
2235790,43038,38918,24597,367,6,143090560,0.017277630496389067
2235968,27678,43013,54293,367,6,143101952,0.017277630496389067
2236154,64542,33798,2070,367,6,143113856,0.017277630496389067
2236318,18462,36870,6164,367,6,143124352,0.017277630496389067
2236626,49182,37894,16405,367,6,143144064,0.017277630496389067
2236784,62494,16389,62485,367,6,143154176,0.017277630496389067
2237034,56350,34822,18453,367,6,143170176,0.017277630496389067
2237184,58398,40966,28693,367,6,143179776,0.017277630496389067
2237443,18462,44038,17429,367,6,143196352,0.017277630496389067
2237629,40990,32774,13333,367,6,143208256,0.017277630496389067
2237801,15390,40966,19477,367,6,143219264,0.017277630496389067
2238024,60446,63494,24596,367,6,143233536,0.017277630496389067
2238217,35870,44038,9237,367,6,143245888,0.017277630496389067
2238392,57374,58374,25621,367,6,143257088,0.017277630496389067
2238581,1054,43014,20501,367,6,143269184,0.017277630496389067
2238759,24606,35846,22549,367,6,143280576,0.017277630496389067
2238966,61470,38918,21525,367,6,143293824,0.017277630496389067
2239151,60446,61446,18453,367,6,143305664,0.017277630496389067
2239361,43038,44038,15381,367,6,143319104,0.017277630496389067
2239543,2078,33798,19477,367,6,143330752,0.017277630496389067
2239766,55326,51206,37909,367,6,143345024,0.017277630496389067
2239950,49182,50182,19477,367,6,143356800,0.017277630496389067
2240180,6174,54278,18453,367,6,143371520,0.017277630496389067
2240354,63518,43014,12309,367,6,143382656,0.017277630496389067
2240545,14366,38918,17429,367,6,143394880,0.017277630496389067
2240696,57374,51206,16405,367,6,143404544,0.017277630496389067
2240930,59422,60422,17429,367,6,143419520,0.017277630496389067
2241110,4126,41990,13333,367,6,143431040,0.017277630496389067
2241281,20510,46086,27669,367,6,143441984,0.017277630496389067
2241478,51230,47110,20501,367,6,143454592,0.017277630496389067
2241684,28702,46086,12309,367,6,143467776,0.017277630496389067
2241898,8222,54278,12309,367,6,143481472,0.017277630496389067
2242095,30750,52229,57365,367,6,143494080,0.017277630496389067
2242272,25630,51206,10262,367,6,143505408,0.017277630496389067
2242489,62494,57349,57365,367,6,143519296,0.017277630496389067
2242713,22558,47110,5141,367,6,143533632,0.017277630496389067
2242879,46110,49158,11285,367,6,143544256,0.017277630496389067
2243124,11294,54278,9237,367,6,143559936,0.017277630496389067
2243276,30,49158,14357,367,6,143569664,0.017277630496389067
2243496,39966,48134,8213,367,6,143583744,0.017277630496389067
2243679,61470,44038,9237,367,6,143595456,0.017277630496389067
2243849,39966,39942,8213,367,6,143606336,0.017277630496389067
2244039,46110,43014,9237,367,6,143618496,0.017277630496389067
2244292,43038,32774,17429,367,6,143634688,0.017277630496389067
2244508,32798,41990,10261,368,6,143648512,0.017369046530761496
2244687,29726,52230,11284,368,6,143659968,0.017369046530761496
2244892,53278,32774,10261,368,6,143673088,0.017369046530761496
2245069,3102,31750,20501,368,6,143684416,0.017369046530761496
2245286,17438,44038,8213,368,6,143698304,0.017369046530761496
2245466,19486,22534,17429,368,6,143709824,0.017369046530761496
2245704,26654,32774,4117,368,6,143725056,0.017369046530761496
2245907,8222,52230,2069,368,6,143738048,0.017369046530761496
2246070,22558,52230,11285,368,6,143748480,0.017369046530761496
2246313,25630,44038,8213,368,6,143764032,0.017369046530761496
2246519,39966,40966,3093,368,6,143777216,0.017369046530761496
2246708,4126,38918,21,368,6,143789312,0.017369046530761496
2246886,15390,43014,7188,368,6,143800704,0.017369046530761496
2247095,4126,49158,14357,368,6,143814080,0.017369046530761496
2247291,45086,38918,8213,368,6,143826624,0.017369046530761496
2247472,22558,3078,5141,368,6,143838208,0.017369046530761496
2247656,43038,38918,22549,368,6,143849984,0.017369046530761496
2247880,57374,18438,25621,368,6,143864320,0.017369046530761496
2248034,19486,50182,29717,368,6,143874176,0.017369046530761496
2248273,16414,35846,15381,368,6,143889472,0.017369046530761496
2248480,61470,11270,19477,368,6,143902720,0.017369046530761496
2248635,33822,50182,17429,368,6,143912640,0.017369046530761496
2248870,64542,51206,11285,368,6,143927680,0.017369046530761496
2249048,12318,36870,27669,368,6,143939072,0.017369046530761496
2249261,46110,55302,17429,368,6,143952704,0.017369046530761496
2249457,54302,53254,4117,368,6,143965248,0.017369046530761496
2249625,38942,50182,16405,368,6,143976000,0.017369046530761496
2249816,34846,53254,31765,368,6,143988224,0.017369046530761496
2249991,43038,47110,10261,368,6,143999424,0.017369046530761496
2250181,61470,35846,18453,368,6,144011584,0.017369046530761496
2250360,20510,59398,12309,368,6,144023040,0.017369046530761496
2250538,14366,36869,56341,368,6,144034432,0.017369046530761496
2250716,4126,45062,21525,368,6,144045824,0.017369046530761496
2250892,48158,53254,43029,368,6,144057088,0.017369046530761496
2251036,50206,50182,14357,368,6,144066304,0.017369046530761496
2251205,58398,49158,3093,368,6,144077120,0.017369046530761496
2251445,17438,37894,18453,368,6,144092480,0.017369046530761496
2251611,61470,45062,21525,368,6,144103104,0.017369046530761496
2251844,56350,57350,6165,368,6,144118016,0.017369046530761496
2252067,3102,46086,1045,368,6,144132288,0.017369046530761496
2252214,2078,49158,2069,368,6,144141696,0.017369046530761496
2252423,16415,6,19477,368,6,144155072,0.017369046530761496
2252615,34847,11270,20501,368,6,144167360,0.017369046530761496
2252797,2078,44038,19476,368,6,144179008,0.017369046530761496
2252956,17438,59398,15381,368,6,144189184,0.017369046530761496
2253177,29726,49158,16404,368,6,144203328,0.017369046530761496
2253378,15390,44038,12309,368,6,144216192,0.017369046530761496
2253608,17438,57350,16404,368,6,144230912,0.017369046530761496
2253795,57374,53254,30741,368,6,144242880,0.017369046530761496
2254046,18462,56326,14356,368,6,144258944,0.017369046530761496
2254196,46110,63494,11285,369,6,144268544,0.017551878599506354
2254377,11294,59398,19477,369,6,144280128,0.017551878599506354
2254592,18463,4102,25620,369,6,144293888,0.017551878599506354
2254780,43038,57350,33813,369,6,144305920,0.017551878599506354
2254983,47134,53254,20501,369,6,144318912,0.017551878599506354
2255172,35870,37894,26645,369,6,144331008,0.017551878599506354
2255324,23583,8198,11285,369,6,144340736,0.017551878599506354
2255525,14366,46086,10260,369,6,144353600,0.017551878599506354
2255694,5150,51206,21525,369,6,144364416,0.017551878599506354
2255889,19486,51206,8212,369,6,144376896,0.017551878599506354
2256114,31774,52230,16405,369,6,144391296,0.017551878599506354
2256290,32798,47110,10260,369,6,144402560,0.017551878599506354
2256487,42014,47110,13333,369,6,144415168,0.017551878599506354
2256664,47134,59398,14356,369,6,144426496,0.017551878599506354
2256812,21534,45062,20501,369,6,144435968,0.017551878599506354
2256984,63518,46086,12308,369,6,144446976,0.017551878599506354
2257183,4126,49158,17429,369,6,144459712,0.017551878599506354
2257363,18462,40966,30741,369,6,144471232,0.017551878599506354
2257548,34846,53254,22549,369,6,144483072,0.017551878599506354
2257759,50206,46086,19476,369,6,144496576,0.017551878599506354
2257945,53278,59398,25621,369,6,144508480,0.017551878599506354
2258142,53278,62470,27668,369,6,144521088,0.017551878599506354
2258341,18462,58374,18453,369,6,144533824,0.017551878599506354
2258554,20510,57350,18453,369,6,144547456,0.017551878599506354
2258732,46110,54278,25621,369,6,144558848,0.017551878599506354
2258958,46110,52230,26645,369,6,144573312,0.017551878599506354
2259130,45086,38918,6164,369,6,144584320,0.017551878599506354
2259347,64542,41990,38933,369,6,144598208,0.017551878599506354
2259589,32798,36870,7189,369,6,144613696,0.017551878599506354
2259818,9246,34822,20501,369,6,144628352,0.017551878599506354
2260024,29726,54278,16404,369,6,144641536,0.017551878599506354
2260263,2078,51206,18453,369,6,144656832,0.017551878599506354
2260444,5150,50182,6165,369,6,144668416,0.017551878599506354
2260701,56350,46086,12309,369,6,144684864,0.017551878599506354
2260893,18462,52230,5142,369,6,144697152,0.017551878599506354
2261100,48158,64518,11284,369,6,144710400,0.017551878599506354
2261279,11294,57350,10261,369,6,144721856,0.017551878599506354
2261459,3102,48134,10261,369,6,144733376,0.017551878599506354
2261647,15391,4102,17429,369,6,144745408,0.017551878599506354
2261829,4126,48134,13333,369,6,144757056,0.017551878599506354
2262038,29726,51206,11285,369,6,144770432,0.017551878599506354
2262215,30750,53254,17429,369,6,144781760,0.017551878599506354
2262448,48158,43014,29717,369,6,144796672,0.017551878599506354
2262635,14366,41990,8213,369,6,144808640,0.017551878599506354
2262778,62494,54278,26646,369,6,144817792,0.017551878599506354
2262942,25630,41990,8213,369,6,144828288,0.017551878599506354
2263168,32798,54278,16405,369,6,144842752,0.017551878599506354
2263366,20510,44038,20501,369,6,144855424,0.017551878599506354
2263533,48158,44038,19476,369,6,144866112,0.017551878599506354
2263742,7198,44038,10261,369,6,144879488,0.017551878599506354
2263924,33822,43014,16405,370,6,144891136,0.01700338239327178
2264112,8222,48134,21525,370,6,144903168,0.01700338239327178
2264280,47134,35846,10261,370,6,144913920,0.01700338239327178
2264506,60446,40966,19476,370,6,144928384,0.01700338239327178
2264682,36894,25606,28692,370,6,144939648,0.01700338239327178
2264874,13342,52230,20500,370,6,144951936,0.01700338239327178
2265054,26654,45062,32789,370,6,144963456,0.01700338239327178
2265224,28702,61446,18453,370,6,144974336,0.01700338239327178
2265391,49182,54278,13333,370,6,144985024,0.01700338239327178
2265597,22558,54278,23573,370,6,144998208,0.01700338239327178
2265788,12318,61446,29716,370,6,145010432,0.01700338239327178
2265970,49182,46086,21525,370,6,145022080,0.01700338239327178
2266128,60446,48134,17429,370,6,145032192,0.01700338239327178
2266272,46110,57350,17429,370,6,145041408,0.01700338239327178
2266447,14366,52230,29717,370,6,145052608,0.01700338239327178
2266627,2078,52230,26645,370,6,145064128,0.01700338239327178
2266838,15390,45062,13332,370,6,145077632,0.01700338239327178
2267011,36894,32774,5141,370,6,145088704,0.01700338239327178
2267218,30,43013,58389,370,6,145101952,0.01700338239327178
2267397,7198,45062,9239,370,6,145113408,0.01700338239327178
2267634,8222,50182,12309,370,6,145128576,0.01700338239327178
2267845,30750,59398,19477,370,6,145142080,0.01700338239327178
2268048,58398,43014,17429,370,6,145155072,0.01700338239327178
2268328,34846,53254,32789,370,6,145172992,0.01700338239327178
2268476,9246,41990,36885,370,6,145182464,0.01700338239327178
2268662,11294,44038,20,370,6,145194368,0.01700338239327178
2268879,29726,56326,10261,370,6,145208256,0.01700338239327178
2269047,30,62470,20501,370,6,145219008,0.01700338239327178
2269212,4126,38918,27669,370,6,145229568,0.01700338239327178
2269422,11294,52230,18453,370,6,145243008,0.01700338239327178
2269606,5150,44038,28693,370,6,145254784,0.01700338239327178
2269826,33822,41990,5141,370,6,145268864,0.01700338239327178
2270020,30750,46086,5141,370,6,145281280,0.01700338239327178
2270252,16414,53254,9237,370,6,145296128,0.01700338239327178
2270413,60446,35846,18453,370,6,145306432,0.01700338239327178
2270640,24606,63494,24597,370,6,145320960,0.01700338239327178
2270846,15390,51206,18453,370,6,145334144,0.01700338239327178
2271020,40990,47110,13333,370,6,145345280,0.01700338239327178
2271184,58398,43014,15381,370,6,145355776,0.01700338239327178
2271341,63518,43014,20501,370,6,145365824,0.01700338239327178
2271573,25630,57350,21525,370,6,145380672,0.01700338239327178
2271821,64542,40966,31765,370,6,145396544,0.01700338239327178
2272001,49182,54278,14357,370,6,145408064,0.01700338239327178
2272203,27678,52230,20501,370,6,145420992,0.01700338239327178
2272403,51230,54278,15382,370,6,145433792,0.01700338239327178
2272585,29726,41990,16405,370,6,145445440,0.01700338239327178
2272803,22558,61446,20501,370,6,145459392,0.01700338239327178
2272962,6174,52230,17429,370,6,145469568,0.01700338239327178
2273222,55326,45062,21525,370,6,145486208,0.01700338239327178
2273374,58398,49158,29717,370,6,145495936,0.01700338239327178
2273574,5150,50182,17428,371,6,145508736,0.01718621446201664
2273750,33822,51206,17428,371,6,145520000,0.01718621446201664
2273988,25630,49158,26645,371,6,145535232,0.01718621446201664
2274169,31774,36870,29717,371,6,145546816,0.01718621446201664
2274411,10270,44038,27669,371,6,145562304,0.01718621446201664
2274561,47134,17414,11285,371,6,145571904,0.01718621446201664
2274755,59422,58374,9237,371,6,145584320,0.01718621446201664
2275049,43038,50182,18452,371,6,145603136,0.01718621446201664
2275221,30750,26630,22549,371,6,145614144,0.01718621446201664
2275374,21534,49158,24597,371,6,145623936,0.01718621446201664
2275567,31774,40966,12308,371,6,145636288,0.01718621446201664
2275776,28702,44038,22549,371,6,145649664,0.01718621446201664
2275937,17438,44038,23572,371,6,145659968,0.01718621446201664
2276109,46110,44038,29717,371,6,145670976,0.01718621446201664
2276379,57374,53254,19477,371,6,145688256,0.01718621446201664
2276536,45086,43014,28693,371,6,145698304,0.01718621446201664
2276748,44062,45062,17429,371,6,145711872,0.01718621446201664
2276948,16414,38918,9237,371,6,145724672,0.01718621446201664
2277133,3102,49158,13333,371,6,145736512,0.01718621446201664
2277295,46110,55302,35861,371,6,145746880,0.01718621446201664
2277533,45086,57350,26644,371,6,145762112,0.01718621446201664
2277699,39966,47110,25621,371,6,145772736,0.01718621446201664
2277904,38942,46086,29717,371,6,145785856,0.01718621446201664
2278074,11294,60422,26645,371,6,145796736,0.01718621446201664
2278299,30,25606,22549,371,6,145811136,0.01718621446201664
2278461,4126,51206,18453,371,6,145821504,0.01718621446201664
2278695,14366,38918,13333,371,6,145836480,0.01718621446201664
2278865,45086,28678,9237,371,6,145847360,0.01718621446201664
2279037,62494,34822,21525,371,6,145858368,0.01718621446201664
2279190,39966,49158,18453,371,6,145868160,0.01718621446201664
2279403,44062,41990,11285,371,6,145881792,0.01718621446201664
2279533,12318,26630,27668,371,6,145890112,0.01718621446201664
2279721,33822,44038,14356,371,6,145902144,0.01718621446201664
2279905,12318,45062,25621,371,6,145913920,0.01718621446201664
2280117,45086,51206,10261,371,6,145927488,0.01718621446201664
2280294,23582,43014,13333,371,6,145938816,0.01718621446201664
2280450,51230,29702,28693,371,6,145948800,0.01718621446201664
2280638,44062,58374,19477,371,6,145960832,0.01718621446201664
2280835,19486,49158,4117,371,6,145973440,0.01718621446201664
2281029,62494,52230,4118,371,6,145985856,0.01718621446201664
2281208,56350,48134,29717,371,6,145997312,0.01718621446201664
2281398,25630,51205,64533,371,6,146009472,0.01718621446201664
2281627,58398,36870,5142,371,6,146024128,0.01718621446201664
2281760,59422,18438,4116,371,6,146032640,0.01718621446201664
2281915,52254,51206,20501,371,6,146042560,0.01718621446201664
2282132,45086,53254,14357,371,6,146056448,0.01718621446201664
2282317,9246,53254,5140,371,6,146068288,0.01718621446201664
2282529,52254,43014,13332,371,6,146081856,0.01718621446201664
2282727,18462,53254,14358,371,6,146094528,0.01718621446201664
2282937,13342,37894,14357,371,6,146107968,0.01718621446201664
2283110,2078,62470,17429,372,6,146119040,0.018557454977603072
2283319,40990,52230,26645,372,6,146132416,0.018557454977603072
2283522,39966,46086,16405,372,6,146145408,0.018557454977603072
2283679,1054,50182,14357,372,6,146155456,0.018557454977603072
2283855,10270,61446,14357,372,6,146166720,0.018557454977603072
2284108,9246,50182,8213,372,6,146182912,0.018557454977603072
2284251,39966,53254,11285,372,6,146192064,0.018557454977603072
2284439,42014,41990,15381,372,6,146204096,0.018557454977603072
2284672,25630,43014,11285,372,6,146219008,0.018557454977603072
2284890,47134,43014,16405,372,6,146232960,0.018557454977603072
2285063,55326,50182,20501,372,6,146244032,0.018557454977603072
2285248,20510,46086,21525,372,6,146255872,0.018557454977603072
2285400,13342,49158,21525,372,6,146265600,0.018557454977603072
2285595,63518,57350,26645,372,6,146278080,0.018557454977603072
2285779,30750,57350,36884,372,6,146289856,0.018557454977603072
2285982,29726,53254,10261,372,6,146302848,0.018557454977603072
2286218,39966,54278,6165,372,6,146317952,0.018557454977603072
2286373,11294,45062,33813,372,6,146327872,0.018557454977603072
2286629,37918,49157,59413,372,6,146344256,0.018557454977603072
2286772,45086,55302,26645,372,6,146353408,0.018557454977603072
2287039,33822,56326,34837,372,6,146370496,0.018557454977603072
2287263,42014,49158,18453,372,6,146384832,0.018557454977603072
2287488,50206,55302,31766,372,6,146399232,0.018557454977603072
2287685,43038,54278,22549,372,6,146411840,0.018557454977603072
2287921,8222,64518,21525,372,6,146426944,0.018557454977603072
2288062,22558,43014,19477,372,6,146435968,0.018557454977603072
2288322,36895,5126,23573,372,6,146452608,0.018557454977603072
2288497,11294,50182,15381,372,6,146463808,0.018557454977603072
2288745,1054,47110,26645,372,6,146479680,0.018557454977603072
2288895,64542,35846,17430,372,6,146489280,0.018557454977603072
2289070,13342,52230,36885,372,6,146500480,0.018557454977603072
2289293,4126,40966,17429,372,6,146514752,0.018557454977603072
2289522,63518,47110,16405,372,6,146529408,0.018557454977603072
2289698,49182,55302,19477,372,6,146540672,0.018557454977603072
2289868,30,58374,25621,372,6,146551552,0.018557454977603072
2290084,24606,45062,15381,372,6,146565376,0.018557454977603072
2290313,58398,55302,26645,372,6,146580032,0.018557454977603072
2290493,15390,41990,42005,372,6,146591552,0.018557454977603072
2290667,60446,43014,26645,372,6,146602688,0.018557454977603072
2290880,51230,50182,11285,372,6,146616320,0.018557454977603072
2291131,58398,33798,22548,372,6,146632384,0.018557454977603072
2291346,18462,37894,27669,372,6,146646144,0.018557454977603072
2291490,21534,53254,18453,372,6,146655360,0.018557454977603072
2291697,21535,4102,19477,372,6,146668608,0.018557454977603072
2291875,52254,46086,33813,372,6,146680000,0.018557454977603072
2292071,30,46086,16405,372,6,146692544,0.018557454977603072
2292272,50206,43014,25621,372,6,146705408,0.018557454977603072
2292495,21534,41990,17429,372,6,146719680,0.018557454977603072
2292710,29726,60422,31765,372,6,146733440,0.018557454977603072
2292915,63518,46086,21525,372,6,146746560,0.018557454977603072
2293098,32799,6,24597,373,6,146758272,0.018191790840113357
2293341,33822,49158,18453,373,6,146773824,0.018191790840113357
2293517,42014,50182,21525,373,6,146785088,0.018191790840113357
2293720,64542,35846,29717,373,6,146798080,0.018191790840113357
2293901,52254,50182,11285,373,6,146809664,0.018191790840113357
2294116,20510,37894,15381,373,6,146823424,0.018191790840113357
2294249,27678,29702,10261,373,6,146831936,0.018191790840113357
2294436,28702,31750,19477,373,6,146843904,0.018191790840113357
2294638,55326,50182,11285,373,6,146856832,0.018191790840113357
2294812,7198,25606,13333,373,6,146867968,0.018191790840113357
2295056,31774,60422,18453,373,6,146883584,0.018191790840113357
2295278,42014,50182,11285,373,6,146897792,0.018191790840113357
2295513,12318,63494,18453,373,6,146912832,0.018191790840113357
2295687,34847,3078,21525,373,6,146923968,0.018191790840113357
2295921,20510,63494,11285,373,6,146938944,0.018191790840113357
2296137,30750,57350,13333,373,6,146952768,0.018191790840113357
2296280,18462,62470,6165,373,6,146961920,0.018191790840113357
2296479,52254,41990,6165,373,6,146974656,0.018191790840113357
2296647,62494,41990,14357,373,6,146985408,0.018191790840113357
2296830,16414,29702,27669,373,6,146997120,0.018191790840113357
2297056,13342,55302,9237,373,6,147011584,0.018191790840113357
2297272,42014,62470,20501,373,6,147025408,0.018191790840113357
2297478,11294,45062,20501,373,6,147038592,0.018191790840113357
2297648,46111,13318,10261,373,6,147049472,0.018191790840113357
2297828,56350,60422,18453,373,6,147060992,0.018191790840113357
2298010,45086,56326,9236,373,6,147072640,0.018191790840113357
2298226,39966,61446,10261,373,6,147086464,0.018191790840113357
2298370,21534,52230,32789,373,6,147095680,0.018191790840113357
2298616,52254,40966,22549,373,6,147111424,0.018191790840113357
2298812,31774,43014,9237,373,6,147123968,0.018191790840113357
2298985,2078,58374,15381,373,6,147135040,0.018191790840113357
2299125,46110,51206,20501,373,6,147144000,0.018191790840113357
2299350,55326,52230,19477,373,6,147158400,0.018191790840113357
2299578,59422,46086,12309,373,6,147172992,0.018191790840113357
2299782,27678,41990,14357,373,6,147186048,0.018191790840113357
2300011,17438,59398,16405,373,6,147200704,0.018191790840113357
2300235,15390,59398,26645,373,6,147215040,0.018191790840113357
2300461,8222,50182,11285,373,6,147229504,0.018191790840113357
2300654,62494,49158,19476,373,6,147241856,0.018191790840113357
2300862,21534,63494,10261,373,6,147255168,0.018191790840113357
2301037,62494,45062,28693,373,6,147266368,0.018191790840113357
2301218,30750,32774,19476,373,6,147277952,0.018191790840113357
2301461,54302,46086,17429,373,6,147293504,0.018191790840113357
2301659,14366,57350,18453,373,6,147306176,0.018191790840113357
2301827,45086,51206,24597,373,6,147316928,0.018191790840113357
2302028,13343,3078,24596,373,6,147329792,0.018191790840113357
2302187,61470,35846,14356,373,6,147339968,0.018191790840113357
2302332,20510,49158,20501,373,6,147349248,0.018191790840113357
2302483,30750,46086,3092,373,6,147358912,0.018191790840113357
2302710,45086,55302,16405,373,6,147373440,0.018191790840113357
2302919,61470,57350,23573,374,6,147386816,0.018374622908858215
2303147,46110,38918,22549,374,6,147401408,0.018374622908858215
2303365,50206,49158,11285,374,6,147415360,0.018374622908858215
2303576,57374,44038,33812,374,6,147428864,0.018374622908858215
2303722,19486,28678,17429,374,6,147438208,0.018374622908858215
2303882,13342,33798,6165,374,6,147448448,0.018374622908858215
2304099,53278,36870,12309,374,6,147462336,0.018374622908858215
2304291,33822,48134,14357,374,6,147474624,0.018374622908858215
2304439,55326,60422,18453,374,6,147484096,0.018374622908858215
2304634,19486,33798,16405,374,6,147496576,0.018374622908858215
2304792,49182,34822,21525,374,6,147506688,0.018374622908858215
2305023,2078,37894,20501,374,6,147521472,0.018374622908858215
2305226,59422,44038,20501,374,6,147534464,0.018374622908858215
2305434,51230,44038,13333,374,6,147547776,0.018374622908858215
2305703,35870,40966,11285,374,6,147564992,0.018374622908858215
2305991,45086,34822,12309,374,6,147583424,0.018374622908858215
2306199,1054,26630,27669,374,6,147596736,0.018374622908858215
2306394,59422,38918,20501,374,6,147609216,0.018374622908858215
2306538,42014,45062,8213,374,6,147618432,0.018374622908858215
2306740,11294,45062,19477,374,6,147631360,0.018374622908858215
2306899,40990,48134,25621,374,6,147641536,0.018374622908858215
2307062,14366,44038,27669,374,6,147651968,0.018374622908858215
2307252,58398,62470,21525,374,6,147664128,0.018374622908858215
2307410,10270,43014,21525,374,6,147674240,0.018374622908858215
2307564,28702,52230,11285,374,6,147684096,0.018374622908858215
2307796,62494,55302,25621,374,6,147698944,0.018374622908858215
2307974,49182,50182,6164,374,6,147710336,0.018374622908858215
2308150,61470,43014,15381,374,6,147721600,0.018374622908858215
2308358,28702,36870,19477,374,6,147734912,0.018374622908858215
2308559,20510,49158,20501,374,6,147747776,0.018374622908858215
2308748,63518,51206,25620,374,6,147759872,0.018374622908858215
2308950,51230,44037,47124,374,6,147772800,0.018374622908858215
2309160,28702,47110,16405,374,6,147786240,0.018374622908858215
2309483,9246,36870,13333,374,6,147806912,0.018374622908858215
2309648,31774,52230,16405,374,6,147817472,0.018374622908858215
2309918,57374,30726,5141,374,6,147834752,0.018374622908858215
2310142,35870,50182,12309,374,6,147849088,0.018374622908858215
2310315,11294,34822,21525,374,6,147860160,0.018374622908858215
2310521,45086,35846,14357,374,6,147873344,0.018374622908858215
2310737,45086,58373,52245,374,6,147887168,0.018374622908858215
2310917,56350,58374,35862,374,6,147898688,0.018374622908858215
2311110,55326,50182,10261,374,6,147911040,0.018374622908858215
2311278,57374,41990,21525,374,6,147921792,0.018374622908858215
2311469,38942,45062,17429,374,6,147934016,0.018374622908858215
2311683,7198,58374,20501,374,6,147947712,0.018374622908858215
2311871,52254,41989,57364,374,6,147959744,0.018374622908858215
2312079,32798,51206,10261,374,6,147973056,0.018374622908858215
2312283,34847,6,25620,374,6,147986112,0.018374622908858215
2312469,51230,61446,33813,374,6,147998016,0.018374622908858215
2312689,5150,58374,18453,374,6,148012096,0.018374622908858215
2312984,19486,41990,12309,375,6,148030976,0.01791754273699607
2313157,12318,47110,15381,375,6,148042048,0.01791754273699607
2313364,37918,43014,31765,375,6,148055296,0.01791754273699607
2313574,15390,58374,24596,375,6,148068736,0.01791754273699607
2313728,64542,34822,22549,375,6,148078592,0.01791754273699607
2313893,29726,40966,18453,375,6,148089152,0.01791754273699607
2314087,62494,46086,18452,375,6,148101568,0.01791754273699607
2314260,62494,49157,36884,375,6,148112640,0.01791754273699607
2314452,43038,54278,22549,375,6,148124928,0.01791754273699607
2314635,17438,44038,19477,375,6,148136640,0.01791754273699607
2314793,53278,59398,35860,375,6,148146752,0.01791754273699607
2315058,63518,52230,5141,375,6,148163712,0.01791754273699607
2315292,50206,51205,61461,375,6,148178688,0.01791754273699607
2315500,47134,43014,21525,375,6,148192000,0.01791754273699607
2315720,13342,46086,29717,375,6,148206080,0.01791754273699607
2315936,29726,51206,13333,375,6,148219904,0.01791754273699607
2316160,9246,53254,17429,375,6,148234240,0.01791754273699607
2316340,8222,58374,16405,375,6,148245760,0.01791754273699607
2316571,16414,38918,6165,375,6,148260544,0.01791754273699607
2316767,17438,47110,20500,375,6,148273088,0.01791754273699607
2316987,23582,36870,25621,375,6,148287168,0.01791754273699607
2317153,64542,47110,25620,375,6,148297792,0.01791754273699607
2317368,26654,43014,34837,375,6,148311552,0.01791754273699607
2317538,54302,51206,9237,375,6,148322432,0.01791754273699607
2317698,7198,45062,14357,375,6,148332672,0.01791754273699607
2317854,60446,52230,25621,375,6,148342656,0.01791754273699607
2318058,21534,46086,22548,375,6,148355712,0.01791754273699607
2318257,31774,37894,26645,375,6,148368448,0.01791754273699607
2318419,48158,59398,19476,375,6,148378816,0.01791754273699607
2318634,24606,56326,26644,375,6,148392576,0.01791754273699607
2318820,14366,52230,18453,375,6,148404480,0.01791754273699607
2319013,43038,41990,7189,375,6,148416832,0.01791754273699607
2319211,13342,58374,22549,375,6,148429504,0.01791754273699607
2319412,62494,49158,21525,375,6,148442368,0.01791754273699607
2319620,53278,49158,21525,375,6,148455680,0.01791754273699607
2319788,6174,35846,14357,375,6,148466432,0.01791754273699607
2320071,58398,60422,22549,375,6,148484544,0.01791754273699607
2320322,32798,59398,20501,375,6,148500608,0.01791754273699607
2320478,4126,53254,9237,375,6,148510592,0.01791754273699607
2320694,40990,45062,32788,375,6,148524416,0.01791754273699607
2320883,30,47110,30741,375,6,148536512,0.01791754273699607
2321064,56350,40966,11285,375,6,148548096,0.01791754273699607
2321245,46110,19462,19477,375,6,148559680,0.01791754273699607
2321466,7198,48134,13333,375,6,148573824,0.01791754273699607
2321687,42014,40966,16405,375,6,148587968,0.01791754273699607
2321859,64542,41990,18452,375,6,148598976,0.01791754273699607
2322123,54302,16390,21525,375,6,148615872,0.01791754273699607
2322356,43038,48134,17429,375,6,148630784,0.01791754273699607
2322518,7198,47110,12308,375,6,148641152,0.01791754273699607
2322700,30750,59398,23573,375,6,148652800,0.01791754273699607
2323003,25630,52230,37909,376,6,148672192,0.017734710668251212
2323211,12318,52230,13333,376,6,148685504,0.017734710668251212
2323404,3102,57350,19477,376,6,148697856,0.017734710668251212
2323617,54302,53254,18453,376,6,148711488,0.017734710668251212
2323779,40990,50182,5141,376,6,148721856,0.017734710668251212
2324014,15390,49158,12309,376,6,148736896,0.017734710668251212
2324234,13342,44038,9237,376,6,148750976,0.017734710668251212
2324404,63518,45062,19477,376,6,148761856,0.017734710668251212
2324606,47134,36870,20501,376,6,148774784,0.017734710668251212
2324811,18462,48134,21525,376,6,148787904,0.017734710668251212
2325072,13342,51206,28693,376,6,148804608,0.017734710668251212
2325260,6174,11270,34836,376,6,148816640,0.017734710668251212
2325470,5150,62470,39957,376,6,148830080,0.017734710668251212
2325695,2078,51206,16405,376,6,148844480,0.017734710668251212
2325847,3102,44038,27669,376,6,148854208,0.017734710668251212
2325995,23582,59398,21524,376,6,148863680,0.017734710668251212
2326211,34846,32774,25620,376,6,148877504,0.017734710668251212
2326435,4126,57350,18452,376,6,148891840,0.017734710668251212
2326651,42014,51206,22548,376,6,148905664,0.017734710668251212
2326859,4126,24582,24597,376,6,148918976,0.017734710668251212
2327018,36894,49158,19477,376,6,148929152,0.017734710668251212
2327228,46110,37894,42005,376,6,148942592,0.017734710668251212
2327422,2078,32774,15381,376,6,148955008,0.017734710668251212
2327583,13342,44038,28693,376,6,148965312,0.017734710668251212
2327860,56350,38918,44053,376,6,148983040,0.017734710668251212
2328016,32799,13318,19476,376,6,148993024,0.017734710668251212
2328174,18462,45062,16405,376,6,149003136,0.017734710668251212
2328349,62494,38917,62485,376,6,149014336,0.017734710668251212
2328520,40990,45062,1045,376,6,149025280,0.017734710668251212
2328731,31774,50182,11285,376,6,149038784,0.017734710668251212
2328891,19486,41990,10262,376,6,149049024,0.017734710668251212
2329055,44062,41990,26645,376,6,149059520,0.017734710668251212
2329241,18462,39942,34837,376,6,149071424,0.017734710668251212
2329433,60446,53254,26645,376,6,149083712,0.017734710668251212
2329620,50206,62470,28693,376,6,149095680,0.017734710668251212
2329855,39966,54278,16405,376,6,149110720,0.017734710668251212
2330124,18462,51206,20501,376,6,149127936,0.017734710668251212
2330269,54302,41990,18452,376,6,149137216,0.017734710668251212
2330541,30750,50182,29716,376,6,149154624,0.017734710668251212
2330694,31774,55302,17429,376,6,149164416,0.017734710668251212
2330904,51230,46086,19476,376,6,149177856,0.017734710668251212
2331061,59422,52230,17428,376,6,149187904,0.017734710668251212
2331247,26654,52230,14357,376,6,149199808,0.017734710668251212
2331458,37918,40966,3092,376,6,149213312,0.017734710668251212
2331603,48158,32774,49173,376,6,149222592,0.017734710668251212
2331847,17438,32774,25621,376,6,149238208,0.017734710668251212
2332033,30,36870,33813,376,6,149250112,0.017734710668251212
2332244,5150,37894,17429,376,6,149263616,0.017734710668251212
2332422,51230,37894,3092,376,6,149275008,0.017734710668251212
2332681,55326,43014,16405,376,6,149291584,0.017734710668251212
2332817,31774,41990,11285,377,6,149300288,0.017369046530761496
2333045,21534,38918,17429,377,6,149314880,0.017369046530761496
2333222,15390,46086,13333,377,6,149326208,0.017369046530761496
2333396,5150,58374,20501,377,6,149337344,0.017369046530761496
2333543,2078,4102,29717,377,6,149346752,0.017369046530761496
2333717,47134,50182,19477,377,6,149357888,0.017369046530761496
2333881,3102,51206,18453,377,6,149368384,0.017369046530761496
2334094,1054,61446,24597,377,6,149382016,0.017369046530761496
2334284,3102,63494,12309,377,6,149394176,0.017369046530761496
2334454,21535,5126,17429,377,6,149405056,0.017369046530761496
2334639,3103,6,21524,377,6,149416896,0.017369046530761496
2334859,45086,46086,36885,377,6,149430976,0.017369046530761496
2335062,30,61446,59412,377,6,149443968,0.017369046530761496
2335188,46110,59398,11285,377,6,149452032,0.017369046530761496
2335355,24606,59398,12309,377,6,149462720,0.017369046530761496
2335602,38943,8198,23573,377,6,149478528,0.017369046530761496
2335745,62494,57350,29717,377,6,149487680,0.017369046530761496
2335946,43039,2054,17428,377,6,149500544,0.017369046530761496
2336134,21534,29702,9237,377,6,149512576,0.017369046530761496
2336326,58399,2054,11285,377,6,149524864,0.017369046530761496
2336546,61471,21510,2070,377,6,149538944,0.017369046530761496
2336729,28703,11270,26645,377,6,149550656,0.017369046530761496
2336910,21535,6,12309,377,6,149562240,0.017369046530761496
2337059,51231,3078,21525,377,6,149571776,0.017369046530761496
2337237,59422,43014,14357,377,6,149583168,0.017369046530761496
2337435,61470,64518,21,377,6,149595840,0.017369046530761496
2337592,54302,55302,2069,377,6,149605888,0.017369046530761496
2337779,40990,56326,12309,377,6,149617856,0.017369046530761496
2337993,29726,61446,8213,377,6,149631552,0.017369046530761496
2338149,27679,3078,8213,377,6,149641536,0.017369046530761496
2338372,16415,11270,6165,377,6,149655808,0.017369046530761496
2338552,56351,5126,29718,377,6,149667328,0.017369046530761496
2338735,31,6,10261,377,6,149679040,0.017369046530761496
2338981,22558,63493,63509,377,6,149694784,0.017369046530761496
2339149,18462,49158,21525,377,6,149705536,0.017369046530761496
2339373,57374,61446,13333,377,6,149719872,0.017369046530761496
2339633,55327,19462,26645,377,6,149736512,0.017369046530761496
2339857,63519,5126,19477,377,6,149750848,0.017369046530761496
2340048,26655,6150,17428,377,6,149763072,0.017369046530761496
2340201,54302,58374,19476,377,6,149772864,0.017369046530761496
2340459,5151,5126,13333,377,6,149789376,0.017369046530761496
2340636,3102,57350,14357,377,6,149800704,0.017369046530761496
2340836,54302,59398,8213,377,6,149813504,0.017369046530761496
2341120,20510,57350,21524,377,6,149831680,0.017369046530761496
2341342,5150,61446,14357,377,6,149845888,0.017369046530761496
2341503,19486,46086,14357,377,6,149856192,0.017369046530761496
2341759,16415,2054,4117,377,6,149872576,0.017369046530761496
2341964,5150,52229,62484,377,6,149885696,0.017369046530761496
2342223,7198,49158,1045,377,6,149902272,0.017369046530761496
2342428,13342,43014,13333,377,6,149915392,0.017369046530761496
2342675,55326,52230,2069,378,6,149931200,0.017643294633878783
2342898,55327,5126,18452,378,6,149945472,0.017643294633878783
2343105,59423,12294,2069,378,6,149958720,0.017643294633878783
2343260,43039,28678,18453,378,6,149968640,0.017643294633878783
2343413,19487,49158,12309,378,6,149978432,0.017643294633878783
2343664,52255,12294,5140,378,6,149994496,0.017643294633878783
2343837,19486,41990,22549,378,6,150005568,0.017643294633878783
2344075,11294,61446,20500,378,6,150020800,0.017643294633878783
2344313,42015,16390,13333,378,6,150036032,0.017643294633878783
2344489,31775,21510,11284,378,6,150047296,0.017643294633878783
2344654,36895,29701,60436,378,6,150057856,0.017643294633878783
2344838,31775,18438,13333,378,6,150069632,0.017643294633878783
2345032,22559,8198,14359,378,6,150082048,0.017643294633878783
2345194,40990,59398,28692,378,6,150092416,0.017643294633878783
2345371,21534,50182,24596,378,6,150103744,0.017643294633878783
2345542,16414,49158,11285,378,6,150114688,0.017643294633878783
2345755,32798,50182,4117,378,6,150128320,0.017643294633878783
2345951,53278,45062,16405,378,6,150140864,0.017643294633878783
2346192,31774,54278,3093,378,6,150156288,0.017643294633878783
2346393,28702,49158,3093,378,6,150169152,0.017643294633878783
2346574,33822,38918,4117,378,6,150180736,0.017643294633878783
2346745,26654,40966,17429,378,6,150191680,0.017643294633878783
2346947,26654,49158,14357,378,6,150204608,0.017643294633878783
2347116,58398,21510,8213,378,6,150215424,0.017643294633878783
2347290,1054,28678,16405,378,6,150226560,0.017643294633878783
2347483,40990,30726,32789,378,6,150238912,0.017643294633878783
2347706,63518,30726,28693,378,6,150253184,0.017643294633878783
2347897,30750,32774,20501,378,6,150265408,0.017643294633878783
2348079,60446,50182,33813,378,6,150277056,0.017643294633878783
2348260,37918,32774,17429,378,6,150288640,0.017643294633878783
2348604,49182,54278,26645,378,6,150310656,0.017643294633878783
2348742,9246,58374,28692,378,6,150319488,0.017643294633878783
2348958,23582,44038,32789,378,6,150333312,0.017643294633878783
2349112,31774,61446,29716,378,6,150343168,0.017643294633878783
2349328,10270,46086,27669,378,6,150356992,0.017643294633878783
2349521,61470,55302,15380,378,6,150369344,0.017643294633878783
2349747,47134,51206,13333,378,6,150383808,0.017643294633878783
2349943,33822,57350,23572,378,6,150396352,0.017643294633878783
2350094,16414,60422,12309,378,6,150406016,0.017643294633878783
2350314,45086,45062,34836,378,6,150420096,0.017643294633878783
2350533,38942,59398,10260,378,6,150434112,0.017643294633878783
2350817,37919,4102,8213,378,6,150452288,0.017643294633878783
2351021,30,61446,3093,378,6,150465344,0.017643294633878783
2351190,49183,5126,17429,378,6,150476160,0.017643294633878783
2351341,39966,55302,11285,378,6,150485824,0.017643294633878783
2351517,9246,62470,4116,378,6,150497088,0.017643294633878783
2351691,35870,58374,17429,378,6,150508224,0.017643294633878783
2351948,64542,37894,4117,378,6,150524672,0.017643294633878783
2352159,17438,53253,62485,378,6,150538176,0.017643294633878783
2352367,23582,48134,18452,378,6,150551488,0.017643294633878783
2352504,48158,45062,22549,379,6,150560256,0.0180089587713685
2352720,4126,40966,13334,379,6,150574080,0.0180089587713685
2352950,28702,46086,16405,379,6,150588800,0.0180089587713685
2353096,34846,45062,12309,379,6,150598144,0.0180089587713685
2353288,30,43014,21,379,6,150610432,0.0180089587713685
2353505,14366,46086,24597,379,6,150624320,0.0180089587713685
2353719,52254,60422,19476,379,6,150638016,0.0180089587713685
2353872,14366,37894,24597,379,6,150647808,0.0180089587713685
2354069,7198,38918,8215,379,6,150660416,0.0180089587713685
2354228,26654,12294,4117,379,6,150670592,0.0180089587713685
2354420,59422,33798,19479,379,6,150682880,0.0180089587713685
2354680,15390,38918,14356,379,6,150699520,0.0180089587713685
2354856,10270,53254,20500,379,6,150710784,0.0180089587713685
2355048,61471,8197,51220,379,6,150723072,0.0180089587713685
2355196,24606,49158,20501,379,6,150732544,0.0180089587713685
2355396,6174,25606,13333,379,6,150745344,0.0180089587713685
2355575,61470,44038,8212,379,6,150756800,0.0180089587713685
2355810,11294,55302,14358,379,6,150771840,0.0180089587713685
2356035,6174,55302,26645,379,6,150786240,0.0180089587713685
2356221,37918,62470,38932,379,6,150798144,0.0180089587713685
2356424,24607,14342,20501,379,6,150811136,0.0180089587713685
2356651,44062,60422,21525,379,6,150825664,0.0180089587713685
2356781,30750,54278,21524,379,6,150833984,0.0180089587713685
2356963,11294,57350,20500,379,6,150845632,0.0180089587713685
2357201,46110,63494,28693,379,6,150860864,0.0180089587713685
2357372,52254,54278,20500,379,6,150871808,0.0180089587713685
2357606,64542,35846,43029,379,6,150886784,0.0180089587713685
2357766,42015,22534,28692,379,6,150897024,0.0180089587713685
2357974,36894,49158,25621,379,6,150910336,0.0180089587713685
2358125,52254,57350,34837,379,6,150920000,0.0180089587713685
2358276,37918,49158,8212,379,6,150929664,0.0180089587713685
2358519,12318,54278,22549,379,6,150945216,0.0180089587713685
2358767,43038,60422,22549,379,6,150961088,0.0180089587713685
2359016,48158,52230,13333,379,6,150977024,0.0180089587713685
2359182,23582,51206,13332,379,6,150987648,0.0180089587713685
2359342,34846,37894,28693,379,6,150997888,0.0180089587713685
2359536,46110,46086,33813,379,6,151010304,0.0180089587713685
2359730,48159,6,15381,379,6,151022720,0.0180089587713685
2359953,54302,44038,5140,379,6,151036992,0.0180089587713685
2360121,27678,36870,20501,379,6,151047744,0.0180089587713685
2360301,48158,55302,6165,379,6,151059264,0.0180089587713685
2360514,26654,43014,14357,379,6,151072896,0.0180089587713685
2360721,35870,38918,12309,379,6,151086144,0.0180089587713685
2360925,14366,54278,21524,379,6,151099200,0.0180089587713685
2361094,60446,50182,19477,379,6,151110016,0.0180089587713685
2361311,6174,40966,13335,379,6,151123904,0.0180089587713685
2361459,43038,53254,19477,379,6,151133376,0.0180089587713685
2361760,33822,44038,24597,379,6,151152640,0.0180089587713685
2361981,17438,40966,29717,379,6,151166784,0.0180089587713685
2362230,9246,61446,22548,379,6,151182720,0.0180089587713685
2362416,39966,61446,22549,380,6,151194624,0.01791754273699607
2362574,46110,48134,15381,380,6,151204736,0.01791754273699607
2362735,60446,58374,27669,380,6,151215040,0.01791754273699607
2362905,37918,53254,21525,380,6,151225920,0.01791754273699607
2363093,17438,55302,30741,380,6,151237952,0.01791754273699607
2363395,54302,41990,34837,380,6,151257280,0.01791754273699607
2363616,24606,55302,18453,380,6,151271424,0.01791754273699607
2363772,7198,54278,22549,380,6,151281408,0.01791754273699607
2363983,14366,63494,24597,380,6,151294912,0.01791754273699607
2364138,9246,49158,29717,380,6,151304832,0.01791754273699607
2364338,13342,55302,9237,380,6,151317632,0.01791754273699607
2364495,63518,60422,14357,380,6,151327680,0.01791754273699607
2364770,28702,52230,34837,380,6,151345280,0.01791754273699607
2364985,56350,40966,34837,380,6,151359040,0.01791754273699607
2365181,33822,60422,22549,380,6,151371584,0.01791754273699607
2365367,14366,50182,10261,380,6,151383488,0.01791754273699607
2365553,30,32774,16405,380,6,151395392,0.01791754273699607
2365756,40990,45062,13334,380,6,151408384,0.01791754273699607
2365955,14366,51206,16405,380,6,151421120,0.01791754273699607
2366171,33822,59398,8213,380,6,151434944,0.01791754273699607
2366346,59422,63494,28692,380,6,151446144,0.01791754273699607
2366557,55326,55302,17429,380,6,151459648,0.01791754273699607
2366692,63518,51206,12308,380,6,151468288,0.01791754273699607
2366885,56350,37894,20501,380,6,151480640,0.01791754273699607
2367113,19486,44038,6164,380,6,151495232,0.01791754273699607
2367351,61470,64518,18452,380,6,151510464,0.01791754273699607
2367519,16414,54278,43029,380,6,151521216,0.01791754273699607
2367739,52254,59398,30741,380,6,151535296,0.01791754273699607
2367901,30750,53254,16405,380,6,151545664,0.01791754273699607
2368111,7198,62470,10261,380,6,151559104,0.01791754273699607
2368302,9246,60422,10261,380,6,151571328,0.01791754273699607
2368496,43039,16390,5141,380,6,151583744,0.01791754273699607
2368690,16415,8198,11285,380,6,151596160,0.01791754273699607
2368859,43039,5126,26645,380,6,151606976,0.01791754273699607
2369082,49182,41990,11285,380,6,151621248,0.01791754273699607
2369280,6174,59398,21,380,6,151633920,0.01791754273699607
2369443,35870,62470,1045,380,6,151644352,0.01791754273699607
2369800,53278,61446,13333,380,6,151667200,0.01791754273699607
2370076,4126,58374,26645,380,6,151684864,0.01791754273699607
2370221,49182,57350,27669,380,6,151694144,0.01791754273699607
2370394,53278,58374,9236,380,6,151705216,0.01791754273699607
2370589,30750,50182,15381,380,6,151717696,0.01791754273699607
2370812,21534,59398,9236,380,6,151731968,0.01791754273699607
2370969,1054,62470,6165,380,6,151742016,0.01791754273699607
2371186,35870,46086,13333,380,6,151755904,0.01791754273699607
2371410,30750,47110,11284,380,6,151770240,0.01791754273699607
2371614,60447,3078,24596,380,6,151783296,0.01791754273699607
2371783,11294,57350,11285,380,6,151794112,0.01791754273699607
2371995,50207,4102,18453,380,6,151807680,0.01791754273699607
2372193,22558,50182,21,380,6,151820352,0.01791754273699607
2372394,51230,58374,16405,381,6,151833216,0.01883170308072036
2372530,17438,58374,16405,381,6,151841920,0.01883170308072036
2372736,3103,1030,3093,381,6,151855104,0.01883170308072036
2372938,38942,60422,12309,381,6,151868032,0.01883170308072036
2373178,37918,60422,10260,381,6,151883392,0.01883170308072036
2373359,46110,51206,23573,381,6,151894976,0.01883170308072036
2373553,32799,6150,16405,381,6,151907392,0.01883170308072036
2373778,10270,55302,26645,381,6,151921792,0.01883170308072036
2373996,20510,64518,10260,381,6,151935744,0.01883170308072036
2374144,42014,60422,9236,381,6,151945216,0.01883170308072036
2374360,28702,56326,27669,381,6,151959040,0.01883170308072036
2374517,61471,3078,36885,381,6,151969088,0.01883170308072036
2374767,30750,55302,21524,381,6,151985088,0.01883170308072036
2374987,50206,55302,23573,381,6,151999168,0.01883170308072036
2375175,46110,49158,19477,381,6,152011200,0.01883170308072036
2375405,54302,64518,18453,381,6,152025920,0.01883170308072036
2375626,20511,11270,13333,381,6,152040064,0.01883170308072036
2375826,47135,12294,22548,381,6,152052864,0.01883170308072036
2376078,24606,55302,16405,381,6,152068992,0.01883170308072036
2376290,26655,6150,24597,381,6,152082560,0.01883170308072036
2376496,30,47110,26645,381,6,152095744,0.01883170308072036
2376665,49183,8198,4116,381,6,152106560,0.01883170308072036
2376908,20510,58374,16405,381,6,152122112,0.01883170308072036
2377103,64543,3078,28693,381,6,152134592,0.01883170308072036
2377294,18463,12294,24597,381,6,152146816,0.01883170308072036
2377460,12318,55302,28693,381,6,152157440,0.01883170308072036
2377690,45087,8198,11285,381,6,152172160,0.01883170308072036
2377994,34846,60422,9237,381,6,152191616,0.01883170308072036
2378197,24607,37894,11285,381,6,152204608,0.01883170308072036
2378386,5150,58373,60436,381,6,152216704,0.01883170308072036
2378601,35871,5125,61461,381,6,152230464,0.01883170308072036
2378800,64543,4102,5141,381,6,152243200,0.01883170308072036
2379053,59422,60422,21525,381,6,152259392,0.01883170308072036
2379269,15390,61446,7189,381,6,152273216,0.01883170308072036
2379479,62494,61446,10261,381,6,152286656,0.01883170308072036
2379676,45086,40966,21525,381,6,152299264,0.01883170308072036
2379817,40990,50182,9237,381,6,152308288,0.01883170308072036
2380091,46110,64518,18453,381,6,152325824,0.01883170308072036
2380273,56350,52230,12309,381,6,152337472,0.01883170308072036
2380492,42015,10246,12309,381,6,152351488,0.01883170308072036
2380675,47134,53254,4117,381,6,152363200,0.01883170308072036
2380863,46110,20486,8212,381,6,152375232,0.01883170308072036
2381004,40990,62470,11285,381,6,152384256,0.01883170308072036
2381216,38942,62470,21524,381,6,152397824,0.01883170308072036
2381448,43038,49158,18453,381,6,152412672,0.01883170308072036
2381656,37919,5126,19477,381,6,152425984,0.01883170308072036
2381841,56350,59398,18453,381,6,152437824,0.01883170308072036
2382054,23582,52230,19477,381,6,152451456,0.01883170308072036
2382261,30,60422,10261,381,6,152464704,0.01883170308072036
2382422,56350,63494,24597,381,6,152475008,0.01883170308072036
2382627,54302,46086,20501,382,6,152488128,0.017734710668251212
2382813,62494,57350,20501,382,6,152500032,0.017734710668251212
2382990,49182,53254,25620,382,6,152511360,0.017734710668251212
2383220,27678,61446,20501,382,6,152526080,0.017734710668251212
2383380,52254,51206,42004,382,6,152536320,0.017734710668251212
2383554,62494,55302,10261,382,6,152547456,0.017734710668251212
2383780,6174,63494,29717,382,6,152561920,0.017734710668251212
2383976,12318,60422,24597,382,6,152574464,0.017734710668251212
2384197,29726,62470,17429,382,6,152588608,0.017734710668251212
2384433,45086,51206,8213,382,6,152603712,0.017734710668251212
2384682,64542,54277,38933,382,6,152619648,0.017734710668251212
2384851,20510,58373,59412,382,6,152630464,0.017734710668251212
2385033,36895,4102,14357,382,6,152642112,0.017734710668251212
2385227,44062,57350,14357,382,6,152654528,0.017734710668251212
2385477,31775,4102,30741,382,6,152670528,0.017734710668251212
2385689,29726,45062,14357,382,6,152684096,0.017734710668251212
2385899,49182,60422,11285,382,6,152697536,0.017734710668251212
2386072,57375,6150,11285,382,6,152708608,0.017734710668251212
2386252,12318,61446,6165,382,6,152720128,0.017734710668251212
2386496,44062,61446,7189,382,6,152735744,0.017734710668251212
2386664,26654,55302,22549,382,6,152746496,0.017734710668251212
2386841,38943,6150,20501,382,6,152757824,0.017734710668251212
2387037,47134,54278,29717,382,6,152770368,0.017734710668251212
2387241,51230,58374,26645,382,6,152783424,0.017734710668251212
2387483,55327,5126,21525,382,6,152798912,0.017734710668251212
2387649,32799,6150,2069,382,6,152809536,0.017734710668251212
2387822,14367,1030,25620,382,6,152820608,0.017734710668251212
2388095,3102,54278,18453,382,6,152838080,0.017734710668251212
2388288,4127,10246,12308,382,6,152850432,0.017734710668251212
2388516,26654,60421,60437,382,6,152865024,0.017734710668251212
2388757,38943,4102,24596,382,6,152880448,0.017734710668251212
2389006,3102,51206,18454,382,6,152896384,0.017734710668251212
2389181,42014,53254,21525,382,6,152907584,0.017734710668251212
2389385,56350,59398,32789,382,6,152920640,0.017734710668251212
2389546,40990,60422,20501,382,6,152930944,0.017734710668251212
2389705,23582,63494,17428,382,6,152941120,0.017734710668251212
2389878,12318,62470,32789,382,6,152952192,0.017734710668251212
2390048,12318,57350,20501,382,6,152963072,0.017734710668251212
2390203,11294,59398,19476,382,6,152972992,0.017734710668251212
2390437,25630,50182,15382,382,6,152987968,0.017734710668251212
2390627,12318,49158,22549,382,6,153000128,0.017734710668251212
2390830,8222,64518,27668,382,6,153013120,0.017734710668251212
2390985,46110,48134,10260,382,6,153023040,0.017734710668251212
2391199,8222,57350,24597,382,6,153036736,0.017734710668251212
2391371,53278,44038,19476,382,6,153047744,0.017734710668251212
2391548,5150,44038,4117,382,6,153059072,0.017734710668251212
2391757,20510,58374,23573,382,6,153072448,0.017734710668251212
2391949,11294,36870,38933,382,6,153084736,0.017734710668251212
2392164,38942,46086,15381,382,6,153098496,0.017734710668251212
2392376,16414,55302,46101,382,6,153112064,0.017734710668251212
2392570,33822,53254,9237,383,6,153124480,0.0180089587713685
2392760,45086,58374,12309,383,6,153136640,0.0180089587713685
2392929,31774,49158,26645,383,6,153147456,0.0180089587713685
2393128,57374,59398,31765,383,6,153160192,0.0180089587713685
2393308,37918,57350,24597,383,6,153171712,0.0180089587713685
2393549,63518,50182,45077,383,6,153187136,0.0180089587713685
2393715,15390,45062,6165,383,6,153197760,0.0180089587713685
2394008,38942,47110,16404,383,6,153216512,0.0180089587713685
2394185,8222,57350,14357,383,6,153227840,0.0180089587713685
2394373,40990,51206,18453,383,6,153239872,0.0180089587713685
2394570,24606,61446,13333,383,6,153252480,0.0180089587713685
2394804,20510,61446,22548,383,6,153267456,0.0180089587713685
2394956,2078,50182,6165,383,6,153277184,0.0180089587713685
2395142,63518,45062,24596,383,6,153289088,0.0180089587713685
2395380,57374,61446,29717,383,6,153304320,0.0180089587713685
2395592,37918,53254,11285,383,6,153317888,0.0180089587713685
2395784,35870,56326,17428,383,6,153330176,0.0180089587713685
2395996,5150,58374,6164,383,6,153343744,0.0180089587713685
2396166,14366,54278,8213,383,6,153354624,0.0180089587713685
2396312,53278,61446,24596,383,6,153363968,0.0180089587713685
2396467,36895,24582,24597,383,6,153373888,0.0180089587713685
2396637,64542,33798,9237,383,6,153384768,0.0180089587713685
2396875,35870,63494,16405,383,6,153400000,0.0180089587713685
2397056,18463,2054,32789,383,6,153411584,0.0180089587713685
2397248,8223,2054,19476,383,6,153423872,0.0180089587713685
2397444,7198,53254,18453,383,6,153436416,0.0180089587713685
2397605,11294,58374,22549,383,6,153446720,0.0180089587713685
2397808,36894,50182,10261,383,6,153459712,0.0180089587713685
2397977,63518,39942,26644,383,6,153470528,0.0180089587713685
2398208,55327,5,61461,383,6,153485312,0.0180089587713685
2398428,48159,6150,26645,383,6,153499392,0.0180089587713685
2398624,62494,58374,29717,383,6,153511936,0.0180089587713685
2398820,1054,47110,4117,383,6,153524480,0.0180089587713685
2399051,4126,60422,16404,383,6,153539264,0.0180089587713685
2399303,15390,57350,31765,383,6,153555392,0.0180089587713685
2399535,47134,59398,24597,383,6,153570240,0.0180089587713685
2399759,29727,5126,16405,383,6,153584576,0.0180089587713685
2399910,32798,60422,1045,383,6,153594240,0.0180089587713685
2400195,35870,50182,27669,383,6,153612480,0.0180089587713685
2400399,33822,52230,10261,383,6,153625536,0.0180089587713685
2400622,25630,44038,14357,383,6,153639808,0.0180089587713685
2400797,3102,37894,11285,383,6,153651008,0.0180089587713685
2401027,11294,25606,21525,383,6,153665728,0.0180089587713685
2401200,12318,61446,14357,383,6,153676800,0.0180089587713685
2401429,25630,41990,18452,383,6,153691456,0.0180089587713685
2401649,63518,40966,18453,383,6,153705536,0.0180089587713685
2401895,19486,48134,8213,383,6,153721280,0.0180089587713685
2402083,4126,44038,26644,383,6,153733312,0.0180089587713685
2402280,63518,54278,19477,383,6,153745920,0.0180089587713685
2402488,19486,46086,19477,383,6,153759232,0.0180089587713685
2402685,64542,49158,28693,384,6,153771840,0.017369046530761496
2402926,26654,60422,20501,384,6,153787264,0.017369046530761496
2403128,54302,52230,21524,384,6,153800192,0.017369046530761496
2403292,17439,6150,24597,384,6,153810688,0.017369046530761496
2403497,21534,56326,15381,384,6,153823808,0.017369046530761496
2403675,17438,46086,24597,384,6,153835200,0.017369046530761496
2403836,50206,51206,19477,384,6,153845504,0.017369046530761496
2404057,9246,50182,20501,384,6,153859648,0.017369046530761496
2404245,8222,53254,15381,384,6,153871680,0.017369046530761496
2404454,61470,62470,45077,384,6,153885056,0.017369046530761496
2404610,52254,63494,16405,384,6,153895040,0.017369046530761496
2404814,31,5126,17429,384,6,153908096,0.017369046530761496
2404986,58398,51206,21524,384,6,153919104,0.017369046530761496
2405147,13342,34822,17428,384,6,153929408,0.017369046530761496
2405334,17438,41990,29717,384,6,153941376,0.017369046530761496
2405519,26654,35845,60437,384,6,153953216,0.017369046530761496
2405737,54302,52230,17429,384,6,153967168,0.017369046530761496
2405907,54303,12294,36884,384,6,153978048,0.017369046530761496
2406095,19487,3078,34837,384,6,153990080,0.017369046530761496
2406266,63518,46086,14356,384,6,154001024,0.017369046530761496
2406446,62494,33798,25621,384,6,154012544,0.017369046530761496
2406695,26654,34822,32789,384,6,154028480,0.017369046530761496
2406838,26654,46086,23573,384,6,154037632,0.017369046530761496
2407058,63518,41990,14356,384,6,154051712,0.017369046530761496
2407241,57374,48134,18453,384,6,154063424,0.017369046530761496
2407473,30750,48134,19476,384,6,154078272,0.017369046530761496
2407651,47134,38918,13333,384,6,154089664,0.017369046530761496
2407868,53278,45062,31765,384,6,154103552,0.017369046530761496
2408093,63518,44038,24597,384,6,154117952,0.017369046530761496
2408327,35870,54278,43029,384,6,154132928,0.017369046530761496
2408506,44063,8198,20501,384,6,154144384,0.017369046530761496
2408691,14366,55302,29717,384,6,154156224,0.017369046530761496
2408889,46110,41990,21524,384,6,154168896,0.017369046530761496
2409089,9246,33798,27669,384,6,154181696,0.017369046530761496
2409280,47134,34822,38933,384,6,154193920,0.017369046530761496
2409449,49182,41990,30741,384,6,154204736,0.017369046530761496
2409645,39966,46086,21525,384,6,154217280,0.017369046530761496
2410053,31774,51206,25620,384,6,154243392,0.017369046530761496
2410232,64542,58374,19477,384,6,154254848,0.017369046530761496
2410430,64542,51206,19477,384,6,154267520,0.017369046530761496
2410622,21534,43014,11284,384,6,154279808,0.017369046530761496
2410812,33822,46086,19476,384,6,154291968,0.017369046530761496
2411039,21534,57350,19476,384,6,154306496,0.017369046530761496
2411240,54302,47110,22549,384,6,154319360,0.017369046530761496
2411407,2078,50182,27669,384,6,154330048,0.017369046530761496
2411629,62494,62470,30740,384,6,154344256,0.017369046530761496
2411789,36894,57350,8213,384,6,154354496,0.017369046530761496
2411972,1054,41990,11285,384,6,154366208,0.017369046530761496
2412204,31774,43014,21525,384,6,154381056,0.017369046530761496
2412377,12318,26630,16405,384,6,154392128,0.017369046530761496
2412613,10270,36870,24597,385,6,154407232,0.01791754273699607
2412773,58398,26630,20501,385,6,154417472,0.01791754273699607
2413029,38942,49158,6165,385,6,154433856,0.01791754273699607
2413207,9246,37894,17429,385,6,154445248,0.01791754273699607
2413372,30750,43014,20501,385,6,154455808,0.01791754273699607
2413531,50206,49158,22549,385,6,154465984,0.01791754273699607
2413727,49182,37894,26645,385,6,154478528,0.01791754273699607
2413916,60446,51206,17428,385,6,154490624,0.01791754273699607
2414204,29726,52230,20501,385,6,154509056,0.01791754273699607
2414366,64542,47110,10260,385,6,154519424,0.01791754273699607
2414564,15390,60422,22549,385,6,154532096,0.01791754273699607
2414742,1054,45062,20501,385,6,154543488,0.01791754273699607
2414970,23582,52230,16405,385,6,154558080,0.01791754273699607
2415143,34846,58374,31764,385,6,154569152,0.01791754273699607
2415310,26654,57350,24597,385,6,154579840,0.01791754273699607
2415530,11294,46086,20501,385,6,154593920,0.01791754273699607
2415693,32798,50182,25621,385,6,154604352,0.01791754273699607
2415951,2078,53254,36885,385,6,154620864,0.01791754273699607
2416118,28702,57350,27668,385,6,154631552,0.01791754273699607
2416378,21535,6150,37909,385,6,154648192,0.01791754273699607
2416575,25630,44038,24596,385,6,154660800,0.01791754273699607
2416784,44062,28678,13333,385,6,154674176,0.01791754273699607
2416949,7198,58374,9236,385,6,154684736,0.01791754273699607
2417173,22559,17414,18453,385,6,154699072,0.01791754273699607
2417401,22558,55302,29718,385,6,154713664,0.01791754273699607
2417614,22558,45062,19477,385,6,154727296,0.01791754273699607
2417804,50206,28678,17429,385,6,154739456,0.01791754273699607
2417966,14366,52230,32789,385,6,154749824,0.01791754273699607
2418146,29726,52230,29716,385,6,154761344,0.01791754273699607
2418348,34847,2054,17429,385,6,154774272,0.01791754273699607
2418555,15390,49158,19476,385,6,154787520,0.01791754273699607
2418773,10270,57350,12309,385,6,154801472,0.01791754273699607
2418910,13342,50182,11285,385,6,154810240,0.01791754273699607
2419147,33822,55302,17429,385,6,154825408,0.01791754273699607
2419299,45086,50182,17429,385,6,154835136,0.01791754273699607
2419465,21534,40966,22548,385,6,154845760,0.01791754273699607
2419674,61470,38918,17429,385,6,154859136,0.01791754273699607
2419872,35870,43013,59413,385,6,154871808,0.01791754273699607
2420074,1054,58374,29716,385,6,154884736,0.01791754273699607
2420277,30750,62470,13332,385,6,154897728,0.01791754273699607
2420491,7198,52230,58389,385,6,154911424,0.01791754273699607
2420644,55326,55302,10261,385,6,154921216,0.01791754273699607
2420850,57374,60422,27668,385,6,154934400,0.01791754273699607
2420988,30,53254,21525,385,6,154943232,0.01791754273699607
2421146,8222,58374,20500,385,6,154953344,0.01791754273699607
2421343,61471,13318,20501,385,6,154965952,0.01791754273699607
2421526,35870,61446,19476,385,6,154977664,0.01791754273699607
2421700,58398,54278,16405,385,6,154988800,0.01791754273699607
2421891,18462,25606,28693,385,6,155001024,0.01791754273699607
2422120,11294,49158,36885,385,6,155015680,0.01791754273699607
2422308,34846,46086,15381,386,6,155027712,0.017460462565133925
2422487,59422,54278,18452,386,6,155039168,0.017460462565133925
2422728,6174,59398,20500,386,6,155054592,0.017460462565133925
2422879,8222,56326,18453,386,6,155064256,0.017460462565133925
2423079,52255,11270,33813,386,6,155077056,0.017460462565133925
2423259,55325,61446,34837,386,6,155088576,0.017460462565133925
2423453,47134,58374,21525,386,6,155100992,0.017460462565133925
2423655,3102,59398,14357,386,6,155113920,0.017460462565133925
2423829,6174,51206,20501,386,6,155125056,0.017460462565133925
2424052,5151,1030,29717,386,6,155139328,0.017460462565133925
2424261,31774,52230,20501,386,6,155152704,0.017460462565133925
2424460,49182,50182,26645,386,6,155165440,0.017460462565133925
2424651,28702,64518,13333,386,6,155177664,0.017460462565133925
2424836,37918,55302,19477,386,6,155189504,0.017460462565133925
2425027,27679,3078,30741,386,6,155201728,0.017460462565133925
2425211,32799,3078,24597,386,6,155213504,0.017460462565133925
2425448,33822,50182,18453,386,6,155228672,0.017460462565133925
2425628,52254,57350,22548,386,6,155240192,0.017460462565133925
2425856,56350,51206,13332,386,6,155254784,0.017460462565133925
2426043,39966,52230,22548,386,6,155266752,0.017460462565133925
2426217,2078,44038,22549,386,6,155277888,0.017460462565133925
2426472,47134,40966,19476,386,6,155294208,0.017460462565133925
2426659,22558,51206,28693,386,6,155306176,0.017460462565133925
2426821,9246,34822,8213,386,6,155316544,0.017460462565133925
2427071,15390,48134,24597,386,6,155332544,0.017460462565133925
2427246,21534,37894,2068,386,6,155343744,0.017460462565133925
2427390,17438,40966,18453,386,6,155352960,0.017460462565133925
2427581,1054,41990,23572,386,6,155365184,0.017460462565133925
2427836,8222,62470,21525,386,6,155381504,0.017460462565133925
2428012,6174,49158,12308,386,6,155392768,0.017460462565133925
2428217,3102,48134,12309,386,6,155405888,0.017460462565133925
2428376,53278,55302,19477,386,6,155416064,0.017460462565133925
2428598,25630,45062,39957,386,6,155430272,0.017460462565133925
2428831,53278,52230,25621,386,6,155445184,0.017460462565133925
2429016,26654,47110,10261,386,6,155457024,0.017460462565133925
2429205,17438,60422,21525,386,6,155469120,0.017460462565133925
2429492,9247,3078,17429,386,6,155487488,0.017460462565133925
2429681,45086,59398,22549,386,6,155499584,0.017460462565133925
2429888,48158,56326,27669,386,6,155512832,0.017460462565133925
2430054,46110,46086,27669,386,6,155523456,0.017460462565133925
2430219,19486,59398,27669,386,6,155534016,0.017460462565133925
2430461,33822,57350,43029,386,6,155549504,0.017460462565133925
2430663,6174,58374,29717,386,6,155562432,0.017460462565133925
2430843,55326,57350,25621,386,6,155573952,0.017460462565133925
2431088,2078,50182,18453,386,6,155589632,0.017460462565133925
2431268,16414,45062,35860,386,6,155601152,0.017460462565133925
2431498,51230,43014,27669,386,6,155615872,0.017460462565133925
2431684,57374,27654,26645,386,6,155627776,0.017460462565133925
2431936,32798,52230,23572,386,6,155643904,0.017460462565133925
2432081,9246,53254,12309,386,6,155653184,0.017460462565133925
2432299,20510,64518,22548,387,6,155667136,0.017460462565133925
2432489,10270,60422,17429,387,6,155679296,0.017460462565133925
2432668,9246,45062,18453,387,6,155690752,0.017460462565133925
2432904,36895,1030,26645,387,6,155705856,0.017460462565133925
2433072,12318,59398,47124,387,6,155716608,0.017460462565133925
2433345,14367,6,32789,387,6,155734080,0.017460462565133925
2433565,50206,40966,18453,387,6,155748160,0.017460462565133925
2433755,64542,59398,26644,387,6,155760320,0.017460462565133925
2433986,35870,53254,28692,387,6,155775104,0.017460462565133925
2434174,13343,3078,26644,387,6,155787136,0.017460462565133925
2434413,14366,48134,28692,387,6,155802432,0.017460462565133925
2434585,50206,60422,30741,387,6,155813440,0.017460462565133925
2434744,34846,53254,29717,387,6,155823616,0.017460462565133925
2434914,22559,1030,31764,387,6,155834496,0.017460462565133925
2435145,23582,63494,32789,387,6,155849280,0.017460462565133925
2435335,27678,49158,27668,387,6,155861440,0.017460462565133925
2435493,64542,60422,28692,387,6,155871552,0.017460462565133925
2435674,11294,40966,23573,387,6,155883136,0.017460462565133925
2435907,8222,64518,32789,387,6,155898048,0.017460462565133925
2436054,58398,45062,25620,387,6,155907456,0.017460462565133925
2436211,24606,50182,17429,387,6,155917504,0.017460462565133925
2436403,2078,53254,22548,387,6,155929792,0.017460462565133925
2436637,35870,53254,21524,387,6,155944768,0.017460462565133925
2436863,7198,44038,24596,387,6,155959232,0.017460462565133925
2437036,62494,32774,20501,387,6,155970304,0.017460462565133925
2437239,2078,41990,1045,387,6,155983296,0.017460462565133925
2437452,32798,50182,24597,387,6,155996928,0.017460462565133925
2437592,52254,53254,16405,387,6,156005888,0.017460462565133925
2437783,51230,51206,20501,387,6,156018112,0.017460462565133925
2438052,45086,47110,21525,387,6,156035328,0.017460462565133925
2438202,58398,53254,24596,387,6,156044928,0.017460462565133925
2438433,30750,54278,30740,387,6,156059712,0.017460462565133925
2438594,44063,1030,26645,387,6,156070016,0.017460462565133925
2438751,50206,58374,9237,387,6,156080064,0.017460462565133925
2438959,50206,61446,22548,387,6,156093376,0.017460462565133925
2439176,54302,46086,21525,387,6,156107264,0.017460462565133925
2439397,54302,44038,24596,387,6,156121408,0.017460462565133925
2439592,45086,55302,18453,387,6,156133888,0.017460462565133925
2439751,2078,41990,20501,387,6,156144064,0.017460462565133925
2439951,1054,45062,40981,387,6,156156864,0.017460462565133925
2440114,52254,53254,25621,387,6,156167296,0.017460462565133925
2440341,25630,50182,32789,387,6,156181824,0.017460462565133925
2440603,33822,45062,32789,387,6,156198592,0.017460462565133925
2440772,63518,61446,22549,387,6,156209408,0.017460462565133925
2441005,54302,45062,34837,387,6,156224320,0.017460462565133925
2441159,6174,62470,33813,387,6,156234176,0.017460462565133925
2441312,19486,62470,29717,387,6,156243968,0.017460462565133925
2441536,36895,4101,53269,387,6,156258304,0.017460462565133925
2441678,5150,62470,21525,387,6,156267392,0.017460462565133925
2441887,17438,47110,26645,387,6,156280768,0.017460462565133925
2442097,48158,40966,35861,388,6,156294208,0.017460462565133925
2442259,63518,57350,30740,388,6,156304576,0.017460462565133925
2442440,49182,49158,38933,388,6,156316160,0.017460462565133925
2442655,13342,26630,50197,388,6,156329920,0.017460462565133925
2442869,46110,43014,27669,388,6,156343616,0.017460462565133925
2443027,63518,58374,19476,388,6,156353728,0.017460462565133925
2443228,44062,44038,17429,388,6,156366592,0.017460462565133925
2443429,46110,39942,32789,388,6,156379456,0.017460462565133925
2443609,12318,55302,21525,388,6,156390976,0.017460462565133925
2443790,1054,48134,38933,388,6,156402560,0.017460462565133925
2443952,51230,62470,36884,388,6,156412928,0.017460462565133925
2444113,32798,59398,25621,388,6,156423232,0.017460462565133925
2444380,54302,24582,27669,388,6,156440320,0.017460462565133925
2444583,38942,45062,21525,388,6,156453312,0.017460462565133925
2444795,62494,50182,30741,388,6,156466880,0.017460462565133925
2444986,64542,59398,36885,388,6,156479104,0.017460462565133925
2445206,23582,60422,20500,388,6,156493184,0.017460462565133925
2445429,25631,6150,33812,388,6,156507456,0.017460462565133925
2445628,13342,61446,40982,388,6,156520192,0.017460462565133925
2445855,48159,9222,35861,388,6,156534720,0.017460462565133925
2446030,16414,61446,51220,388,6,156545920,0.017460462565133925
2446285,15390,60422,34837,388,6,156562240,0.017460462565133925
2446456,12318,55302,30741,388,6,156573184,0.017460462565133925
2446636,8222,54278,54293,388,6,156584704,0.017460462565133925
2446801,30,51206,44053,388,6,156595264,0.017460462565133925
2446974,9246,46086,22549,388,6,156606336,0.017460462565133925
2447141,42014,54278,29717,388,6,156617024,0.017460462565133925
2447344,33822,49158,26645,388,6,156630016,0.017460462565133925
2447529,44062,46086,25620,388,6,156641856,0.017460462565133925
2447692,27678,54278,16405,388,6,156652288,0.017460462565133925
2447919,18462,47110,2069,388,6,156666816,0.017460462565133925
2448089,30750,47110,38933,388,6,156677696,0.017460462565133925
2448240,63518,51206,24597,388,6,156687360,0.017460462565133925
2448443,5150,43014,14357,388,6,156700352,0.017460462565133925
2448592,53278,41990,38933,388,6,156709888,0.017460462565133925
2448771,34846,47110,22549,388,6,156721344,0.017460462565133925
2449107,61470,53254,24597,388,6,156742848,0.017460462565133925
2449280,35870,55302,28693,388,6,156753920,0.017460462565133925
2449511,20511,1030,29717,388,6,156768704,0.017460462565133925
2449674,30,54278,23573,388,6,156779136,0.017460462565133925
2449868,62494,53254,38933,388,6,156791552,0.017460462565133925
2450089,18462,60422,40980,388,6,156805696,0.017460462565133925
2450305,20510,51206,32789,388,6,156819520,0.017460462565133925
2450530,31774,53254,37909,388,6,156833920,0.017460462565133925
2450666,20510,63494,38933,388,6,156842624,0.017460462565133925
2450887,45087,4102,34836,388,6,156856768,0.017460462565133925
2451059,7199,10246,30740,388,6,156867776,0.017460462565133925
2451255,39966,49158,32789,388,6,156880320,0.017460462565133925
2451445,34846,62470,38932,388,6,156892480,0.017460462565133925
2451672,19487,6,40980,388,6,156907008,0.017460462565133925
2451846,12318,63494,34836,389,6,156918144,0.017734710668251212
2452084,42014,58374,13332,389,6,156933376,0.017734710668251212
2452261,37918,63494,37908,389,6,156944704,0.017734710668251212
2452422,52254,57350,57365,389,6,156955008,0.017734710668251212
2452638,64543,3078,32790,389,6,156968832,0.017734710668251212
2452893,42014,63494,33813,389,6,156985152,0.017734710668251212
2453064,38942,61446,27669,389,6,156996096,0.017734710668251212
2453272,28702,55302,29716,389,6,157009408,0.017734710668251212
2453447,11294,60422,30743,389,6,157020608,0.017734710668251212
2453648,19486,51206,22549,389,6,157033472,0.017734710668251212
2453891,45086,40966,24597,389,6,157049024,0.017734710668251212
2454034,14366,46086,35861,389,6,157058176,0.017734710668251212
2454195,22558,49158,26644,389,6,157068480,0.017734710668251212
2454413,26654,53254,32788,389,6,157082432,0.017734710668251212
2454560,45086,60422,44052,389,6,157091840,0.017734710668251212
2454732,23582,57350,30741,389,6,157102848,0.017734710668251212
2454983,52254,54278,29717,389,6,157118912,0.017734710668251212
2455177,47134,54278,26645,389,6,157131328,0.017734710668251212
2455345,28702,61446,28693,389,6,157142080,0.017734710668251212
2455565,29726,50182,25621,389,6,157156160,0.017734710668251212
2455786,51230,59398,24596,389,6,157170304,0.017734710668251212
2455987,12318,38918,31765,389,6,157183168,0.017734710668251212
2456138,64542,35846,39957,389,6,157192832,0.017734710668251212
2456377,53278,35846,38933,389,6,157208128,0.017734710668251212
2456518,49182,47110,47125,389,6,157217152,0.017734710668251212
2456700,60446,48134,30740,389,6,157228800,0.017734710668251212
2456958,53278,53254,28693,389,6,157245312,0.017734710668251212
2457144,57374,34822,34836,389,6,157257216,0.017734710668251212
2457300,33822,45062,42005,389,6,157267200,0.017734710668251212
2457522,57374,63494,35860,389,6,157281408,0.017734710668251212
2457716,37918,61446,32788,389,6,157293824,0.017734710668251212
2457884,5151,4102,30740,389,6,157304576,0.017734710668251212
2458093,2078,60422,42004,389,6,157317952,0.017734710668251212
2458266,25630,55302,36884,389,6,157329024,0.017734710668251212
2458506,27678,55302,31764,389,6,157344384,0.017734710668251212
2458702,17438,43014,42004,389,6,157356928,0.017734710668251212
2458916,40990,62470,38933,389,6,157370624,0.017734710668251212
2459083,64542,51206,21524,389,6,157381312,0.017734710668251212
2459217,9246,44038,30741,389,6,157389888,0.017734710668251212
2459398,53279,13318,42005,389,6,157401472,0.017734710668251212
2459613,60446,54278,35861,389,6,157415232,0.017734710668251212
2459795,44062,51206,29716,389,6,157426880,0.017734710668251212
2459985,45086,55302,33812,389,6,157439040,0.017734710668251212
2460178,40990,54278,33813,389,6,157451392,0.017734710668251212
2460399,32798,55302,16405,389,6,157465536,0.017734710668251212
2460620,36894,53254,40981,389,6,157479680,0.017734710668251212
2460802,32798,59398,43029,389,6,157491328,0.017734710668251212
2461010,55326,40966,28693,389,6,157504640,0.017734710668251212
2461187,18462,36870,37908,389,6,157515968,0.017734710668251212
2461402,17438,52230,28693,389,6,157529728,0.017734710668251212
2461596,62494,51206,35861,390,6,157542144,0.016729134290154494
2461761,6174,50182,42004,390,6,157552704,0.016729134290154494
2461921,4126,47110,32788,390,6,157562944,0.016729134290154494
2462162,15390,55302,25621,390,6,157578368,0.016729134290154494
2462378,40991,2054,39956,390,6,157592192,0.016729134290154494
2462561,64542,59398,30740,390,6,157603904,0.016729134290154494
2462780,49182,59398,43029,390,6,157617920,0.016729134290154494
2462930,55326,58374,45077,390,6,157627520,0.016729134290154494
2463126,44062,43014,6165,390,6,157640064,0.016729134290154494
2463317,63518,57350,42004,390,6,157652288,0.016729134290154494
2463482,57374,59398,36885,390,6,157662848,0.016729134290154494
2463662,32798,40966,52245,390,6,157674368,0.016729134290154494
2463905,14366,51206,32789,390,6,157689920,0.016729134290154494
2464066,20510,48134,31764,390,6,157700224,0.016729134290154494
2464331,10270,54278,38933,390,6,157717184,0.016729134290154494
2464483,46110,57350,31765,390,6,157726912,0.016729134290154494
2464713,60446,51206,37909,390,6,157741632,0.016729134290154494
2464968,48158,52229,47124,390,6,157757952,0.016729134290154494
2465133,9246,45062,50197,390,6,157768512,0.016729134290154494
2465339,13342,44038,28693,390,6,157781696,0.016729134290154494
2465507,55326,51206,25621,390,6,157792448,0.016729134290154494
2465662,31,1030,38933,390,6,157802368,0.016729134290154494
2465850,58398,44038,17428,390,6,157814400,0.016729134290154494
2466058,57374,54278,33812,390,6,157827712,0.016729134290154494
2466216,44062,57350,25621,390,6,157837824,0.016729134290154494
2466446,40990,50182,34836,390,6,157852544,0.016729134290154494
2466615,21534,55302,30740,390,6,157863360,0.016729134290154494
2466792,53278,53254,29717,390,6,157874688,0.016729134290154494
2466973,37918,51206,29718,390,6,157886272,0.016729134290154494
2467155,3103,15366,32788,390,6,157897920,0.016729134290154494
2467315,30,37894,32788,390,6,157908160,0.016729134290154494
2467539,36894,60422,32788,390,6,157922496,0.016729134290154494
2467710,3102,49158,32789,390,6,157933440,0.016729134290154494
2467864,61470,52230,24597,390,6,157943296,0.016729134290154494
2468104,4126,55302,29717,390,6,157958656,0.016729134290154494
2468296,49183,2054,27669,390,6,157970944,0.016729134290154494
2468447,51230,55302,33812,390,6,157980608,0.016729134290154494
2468687,9246,61446,37909,390,6,157995968,0.016729134290154494
2468887,56350,41990,43029,390,6,158008768,0.016729134290154494
2469067,14366,47110,36884,390,6,158020288,0.016729134290154494
2469248,43038,58374,47125,390,6,158031872,0.016729134290154494
2469476,34846,45062,21525,390,6,158046464,0.016729134290154494
2469681,50206,56326,36884,390,6,158059584,0.016729134290154494
2469923,37919,22534,21,390,6,158075072,0.016729134290154494
2470077,54302,63494,34837,390,6,158084928,0.016729134290154494
2470249,18462,55302,33813,390,6,158095936,0.016729134290154494
2470542,49182,52230,20500,390,6,158114688,0.016729134290154494
2470695,47134,46086,51221,390,6,158124480,0.016729134290154494
2470918,34846,45062,24596,390,6,158138752,0.016729134290154494
2471115,39966,47110,31765,390,6,158151360,0.016729134290154494
2471291,13342,52230,18453,391,6,158162624,0.016637718255782065
2471496,25630,63494,22548,391,6,158175744,0.016637718255782065
2471685,25630,53254,35860,391,6,158187840,0.016637718255782065
2471828,29726,57350,22549,391,6,158196992,0.016637718255782065
2472041,42014,54278,20501,391,6,158210624,0.016637718255782065
2472217,35870,53254,21525,391,6,158221888,0.016637718255782065
2472398,44063,6,15381,391,6,158233472,0.016637718255782065
2472596,24607,6150,20501,391,6,158246144,0.016637718255782065
2472757,13342,63494,19477,391,6,158256448,0.016637718255782065
2472920,44063,3078,18452,391,6,158266880,0.016637718255782065
2473133,23582,63494,22549,391,6,158280512,0.016637718255782065
2473324,22558,29702,21525,391,6,158292736,0.016637718255782065
2473493,18462,16390,30741,391,6,158303552,0.016637718255782065
2473678,6174,14342,47124,391,6,158315392,0.016637718255782065
2473818,36894,29702,34837,391,6,158324352,0.016637718255782065
2474042,29726,49158,21525,391,6,158338688,0.016637718255782065
2474214,24607,3078,15381,391,6,158349696,0.016637718255782065
2474367,1054,47110,12308,391,6,158359488,0.016637718255782065
2474591,44062,36870,17429,391,6,158373824,0.016637718255782065
2474792,58398,27654,27669,391,6,158386688,0.016637718255782065
2474967,58398,17414,42005,391,6,158397888,0.016637718255782065
2475117,47134,40966,34837,391,6,158407488,0.016637718255782065
2475340,24606,52230,32790,391,6,158421760,0.016637718255782065
2475519,35870,61446,48148,391,6,158433216,0.016637718255782065
2475701,36894,57350,45077,391,6,158444864,0.016637718255782065
2475959,14366,58374,40980,391,6,158461376,0.016637718255782065
2476145,61470,43014,40981,391,6,158473280,0.016637718255782065
2476331,16414,49158,53269,391,6,158485184,0.016637718255782065
2476577,31,10246,30740,391,6,158500928,0.016637718255782065
2476725,63519,10246,35861,391,6,158510400,0.016637718255782065
2476972,30750,59398,34836,391,6,158526208,0.016637718255782065
2477150,29726,52230,21525,391,6,158537600,0.016637718255782065
2477333,21534,41990,25621,391,6,158549312,0.016637718255782065
2477569,49182,29702,38932,391,6,158564416,0.016637718255782065
2477738,30,36870,43028,391,6,158575232,0.016637718255782065
2477980,62494,59398,59412,391,6,158590720,0.016637718255782065
2478156,58398,57350,46101,391,6,158601984,0.016637718255782065
2478316,34847,5126,44054,391,6,158612224,0.016637718255782065
2478510,21534,55302,33813,391,6,158624640,0.016637718255782065
2478649,25630,47110,33813,391,6,158633536,0.016637718255782065
2478851,22558,45062,36884,391,6,158646464,0.016637718255782065
2479079,14366,36870,46101,391,6,158661056,0.016637718255782065
2479244,54303,5126,26645,391,6,158671616,0.016637718255782065
2479409,39966,46086,28693,391,6,158682176,0.016637718255782065
2479644,62494,16390,34836,391,6,158697216,0.016637718255782065
2479852,26654,32774,11285,391,6,158710528,0.016637718255782065
2480005,54302,23558,11285,391,6,158720320,0.016637718255782065
2480174,44062,40966,23573,391,6,158731136,0.016637718255782065
2480331,15390,35846,25621,391,6,158741184,0.016637718255782065
2480476,6174,53254,40981,391,6,158750464,0.016637718255782065
2480641,14366,49158,27669,392,6,158761024,0.01691196635889935
2480885,48158,54278,29717,392,6,158776640,0.01691196635889935
2481050,20510,54278,27669,392,6,158787200,0.01691196635889935
2481251,42014,26630,38933,392,6,158800064,0.01691196635889935
2481403,10270,57350,29717,392,6,158809792,0.01691196635889935
2481589,6174,45062,21525,392,6,158821696,0.01691196635889935
2481740,2078,46086,29717,392,6,158831360,0.01691196635889935
2481924,12318,50182,24597,392,6,158843136,0.01691196635889935
2482157,29726,47110,28693,392,6,158858048,0.01691196635889935
2482380,6174,44038,24597,392,6,158872320,0.01691196635889935
2482560,22558,47110,24597,392,6,158883840,0.01691196635889935
2482742,50206,54278,34837,392,6,158895488,0.01691196635889935
2482978,7198,51206,26644,392,6,158910592,0.01691196635889935
2483105,54302,59398,22549,392,6,158918720,0.01691196635889935
2483326,61471,17414,35861,392,6,158932864,0.01691196635889935
2483534,50207,25606,40981,392,6,158946176,0.01691196635889935
2483711,5150,33798,47124,392,6,158957504,0.01691196635889935
2483900,40990,59398,29717,392,6,158969600,0.01691196635889935
2484103,35870,54278,36885,392,6,158982592,0.01691196635889935
2484327,30750,53254,42005,392,6,158996928,0.01691196635889935
2484565,1054,44038,35861,392,6,159012160,0.01691196635889935
2484767,49182,47110,21525,392,6,159025088,0.01691196635889935
2484910,43038,52230,5140,392,6,159034240,0.01691196635889935
2485131,55326,51206,34837,392,6,159048384,0.01691196635889935
2485297,31774,37894,37908,392,6,159059008,0.01691196635889935
2485485,4126,44038,22548,392,6,159071040,0.01691196635889935
2485642,58398,47110,36885,392,6,159081088,0.01691196635889935
2485824,21534,58374,22549,392,6,159092736,0.01691196635889935
2485995,33822,44038,20502,392,6,159103680,0.01691196635889935
2486191,59422,50182,29716,392,6,159116224,0.01691196635889935
2486355,40990,54278,26646,392,6,159126720,0.01691196635889935
2486548,50206,46086,21525,392,6,159139072,0.01691196635889935
2486787,28702,25606,29717,392,6,159154368,0.01691196635889935
2486955,2078,25606,29717,392,6,159165120,0.01691196635889935
2487140,33822,47110,33812,392,6,159176960,0.01691196635889935
2487325,45086,38918,25621,392,6,159188800,0.01691196635889935
2487518,7198,35846,27669,392,6,159201152,0.01691196635889935
2487710,2078,12294,43028,392,6,159213440,0.01691196635889935
2487880,52254,36870,32789,392,6,159224320,0.01691196635889935
2488060,12318,52230,27669,392,6,159235840,0.01691196635889935
2488306,63518,55302,29717,392,6,159251584,0.01691196635889935
2488505,19486,24582,26645,392,6,159264320,0.01691196635889935
2488665,62494,37894,28693,392,6,159274560,0.01691196635889935
2488838,4126,45062,46100,392,6,159285632,0.01691196635889935
2489083,47134,49158,42004,392,6,159301312,0.01691196635889935
2489259,5150,47110,26644,392,6,159312576,0.01691196635889935
2489447,2078,37894,46101,392,6,159324608,0.01691196635889935
2489627,16414,46086,33812,392,6,159336128,0.01691196635889935
2489797,34846,39942,31764,392,6,159347008,0.01691196635889935
2489969,36894,43014,33813,392,6,159358016,0.01691196635889935
2490211,40990,54278,34837,393,6,159373504,0.017551878599506354
2490394,25630,57350,32789,393,6,159385216,0.017551878599506354
2490743,63518,60422,47125,393,6,159407552,0.017551878599506354
2490935,25630,43014,27669,393,6,159419840,0.017551878599506354
2491103,24606,54278,29717,393,6,159430592,0.017551878599506354
2491365,39966,36870,26645,393,6,159447360,0.017551878599506354
2491530,29726,27654,25621,393,6,159457920,0.017551878599506354
2491729,62494,44038,30740,393,6,159470656,0.017551878599506354
2491948,38942,35846,28693,393,6,159484672,0.017551878599506354
2492120,4126,45062,28693,393,6,159495680,0.017551878599506354
2492310,59422,38918,34837,393,6,159507840,0.017551878599506354
2492523,4126,33798,25621,393,6,159521472,0.017551878599506354
2492760,22558,37894,25621,393,6,159536640,0.017551878599506354
2492951,35870,45062,20501,393,6,159548864,0.017551878599506354
2493207,49182,50182,35861,393,6,159565248,0.017551878599506354
2493425,47134,40966,34837,393,6,159579200,0.017551878599506354
2493611,40990,49158,34837,393,6,159591104,0.017551878599506354
2493819,30750,49158,21525,393,6,159604416,0.017551878599506354
2494022,61470,58374,40981,393,6,159617408,0.017551878599506354
2494270,6175,5126,39956,393,6,159633280,0.017551878599506354
2494435,26654,59398,30741,393,6,159643840,0.017551878599506354
2494625,31774,53254,34837,393,6,159656000,0.017551878599506354
2494804,9246,17414,35861,393,6,159667456,0.017551878599506354
2494996,40990,54278,35860,393,6,159679744,0.017551878599506354
2495182,15390,51206,49173,393,6,159691648,0.017551878599506354
2495489,12318,41990,19477,393,6,159711296,0.017551878599506354
2495646,15390,45062,34836,393,6,159721344,0.017551878599506354
2495867,8222,45062,16405,393,6,159735488,0.017551878599506354
2496008,46110,49158,48149,393,6,159744512,0.017551878599506354
2496236,53278,53254,44053,393,6,159759104,0.017551878599506354
2496395,31774,49158,32789,393,6,159769280,0.017551878599506354
2496581,6174,54278,37908,393,6,159781184,0.017551878599506354
2496763,39966,47110,30741,393,6,159792832,0.017551878599506354
2496945,30750,53254,33813,393,6,159804480,0.017551878599506354
2497111,17438,59398,34836,393,6,159815104,0.017551878599506354
2497312,32798,57350,42005,393,6,159827968,0.017551878599506354
2497508,6174,52230,29717,393,6,159840512,0.017551878599506354
2497690,49182,48134,38932,393,6,159852160,0.017551878599506354
2497900,3103,2054,27669,393,6,159865600,0.017551878599506354
2498051,13342,41990,21525,393,6,159875264,0.017551878599506354
2498243,18462,48134,49173,393,6,159887552,0.017551878599506354
2498395,46110,49158,45076,393,6,159897280,0.017551878599506354
2498632,55326,49158,46101,393,6,159912448,0.017551878599506354
2498839,17438,55302,29717,393,6,159925696,0.017551878599506354
2499046,42014,61446,34836,393,6,159938944,0.017551878599506354
2499187,53278,51206,32789,393,6,159947968,0.017551878599506354
2499404,48158,57350,33813,393,6,159961856,0.017551878599506354
2499577,62494,35846,23573,393,6,159972928,0.017551878599506354
2499784,50206,48134,19477,393,6,159986176,0.017551878599506354
2499997,26654,50182,43028,393,6,159999808,0.017551878599506354
2500142,44062,56326,34837,394,6,160009088,0.017460462565133925
2500315,31774,54278,34837,394,6,160020160,0.017460462565133925
2500480,29726,37894,34837,394,6,160030720,0.017460462565133925
2500728,60446,54278,27669,394,6,160046592,0.017460462565133925
2500891,59422,50182,36885,394,6,160057024,0.017460462565133925
2501076,30,52230,21524,394,6,160068864,0.017460462565133925
2501239,52254,45062,43029,394,6,160079296,0.017460462565133925
2501409,48158,45062,16405,394,6,160090176,0.017460462565133925
2501605,15390,58373,62485,394,6,160102720,0.017460462565133925
2501800,37918,49158,29717,394,6,160115200,0.017460462565133925
2501970,57374,58374,30742,394,6,160126080,0.017460462565133925
2502166,24606,41990,27669,394,6,160138624,0.017460462565133925
2502321,61470,59398,36885,394,6,160148544,0.017460462565133925
2502494,42014,37894,28693,394,6,160159616,0.017460462565133925
2502671,33822,36870,29717,394,6,160170944,0.017460462565133925
2502882,2078,44038,25621,394,6,160184448,0.017460462565133925
2503084,34846,56326,31765,394,6,160197376,0.017460462565133925
2503246,6174,46086,22549,394,6,160207744,0.017460462565133925
2503400,37918,44038,28692,394,6,160217600,0.017460462565133925
2503581,5150,44038,33813,394,6,160229184,0.017460462565133925
2503794,56350,38918,22548,394,6,160242816,0.017460462565133925
2503990,18462,53254,34837,394,6,160255360,0.017460462565133925
2504198,40990,45062,38932,394,6,160268672,0.017460462565133925
2504377,53278,45062,17428,394,6,160280128,0.017460462565133925
2504592,47134,52230,27669,394,6,160293888,0.017460462565133925
2504742,47134,46086,24597,394,6,160303488,0.017460462565133925
2504889,12318,48134,28692,394,6,160312896,0.017460462565133925
2505048,39966,52230,28693,394,6,160323072,0.017460462565133925
2505281,46111,21510,22549,394,6,160337984,0.017460462565133925
2505450,23582,51206,22549,394,6,160348800,0.017460462565133925
2505642,27678,49158,16405,394,6,160361088,0.017460462565133925
2505833,58398,50182,33813,394,6,160373312,0.017460462565133925
2506026,61470,51206,21525,394,6,160385664,0.017460462565133925
2506236,13342,58374,30741,394,6,160399104,0.017460462565133925
2506441,19486,38918,28693,394,6,160412224,0.017460462565133925
2506609,21534,46086,20501,394,6,160422976,0.017460462565133925
2506780,10270,58374,32788,394,6,160433920,0.017460462565133925
2507065,5150,49158,42004,394,6,160452160,0.017460462565133925
2507266,9246,48134,39957,394,6,160465024,0.017460462565133925
2507432,29726,51206,36885,394,6,160475648,0.017460462565133925
2507636,5150,38918,33812,394,6,160488704,0.017460462565133925
2507900,45086,47110,24597,394,6,160505600,0.017460462565133925
2508095,12319,4102,35861,394,6,160518080,0.017460462565133925
2508273,46110,48134,22549,394,6,160529472,0.017460462565133925
2508471,56350,56326,44053,394,6,160542144,0.017460462565133925
2508673,38942,47110,36885,394,6,160555072,0.017460462565133925
2508876,24606,45062,37910,394,6,160568064,0.017460462565133925
2509026,54302,53254,36884,394,6,160577664,0.017460462565133925
2509238,14366,56326,19477,394,6,160591232,0.017460462565133925
2509388,39966,46086,44053,394,6,160600832,0.017460462565133925
2509539,50206,44038,26644,395,6,160610496,0.0180089587713685
2509773,22558,52230,45077,395,6,160625472,0.0180089587713685
2509958,29726,55302,33813,395,6,160637312,0.0180089587713685
2510166,23582,49158,34836,395,6,160650624,0.0180089587713685
2510337,9246,62470,22549,395,6,160661568,0.0180089587713685
2510557,17438,52230,21525,395,6,160675648,0.0180089587713685
2510784,35870,44038,26645,395,6,160690176,0.0180089587713685
2510980,55326,50182,43028,395,6,160702720,0.0180089587713685
2511157,42014,38918,24597,395,6,160714048,0.0180089587713685
2511357,60446,44038,34837,395,6,160726848,0.0180089587713685
2511612,26654,41990,38933,395,6,160743168,0.0180089587713685
2511753,37918,45062,24597,395,6,160752192,0.0180089587713685
2511911,18462,46086,22549,395,6,160762304,0.0180089587713685
2512165,45086,50182,30741,395,6,160778560,0.0180089587713685
2512333,19487,6,32789,395,6,160789312,0.0180089587713685
2512559,13342,33798,20501,395,6,160803776,0.0180089587713685
2512746,3102,34822,23573,395,6,160815744,0.0180089587713685
2512936,58398,51206,21525,395,6,160827904,0.0180089587713685
2513132,61470,48134,40981,395,6,160840448,0.0180089587713685
2513378,16414,48134,29717,395,6,160856192,0.0180089587713685
2513533,56350,35846,45076,395,6,160866112,0.0180089587713685
2513708,23582,41990,22549,395,6,160877312,0.0180089587713685
2513860,1054,51206,18452,395,6,160887040,0.0180089587713685
2514027,26654,28678,32789,395,6,160897728,0.0180089587713685
2514226,59422,49158,28693,395,6,160910464,0.0180089587713685
2514404,30750,59398,34837,395,6,160921856,0.0180089587713685
2514617,21534,44038,24597,395,6,160935488,0.0180089587713685
2514776,20510,36870,32789,395,6,160945664,0.0180089587713685
2515010,44062,47110,31765,395,6,160960640,0.0180089587713685
2515252,47134,49158,47125,395,6,160976128,0.0180089587713685
2515396,53279,6,53269,395,6,160985344,0.0180089587713685
2515577,17438,60422,12308,395,6,160996928,0.0180089587713685
2515755,12318,57350,38933,395,6,161008320,0.0180089587713685
2515908,46110,54278,37909,395,6,161018112,0.0180089587713685
2516124,14366,61446,26645,395,6,161031936,0.0180089587713685
2516341,52255,8198,28692,395,6,161045824,0.0180089587713685
2516541,32798,55302,26645,395,6,161058624,0.0180089587713685
2516780,32798,52230,37909,395,6,161073920,0.0180089587713685
2516975,2078,53254,19479,395,6,161086400,0.0180089587713685
2517197,24606,45062,38933,395,6,161100608,0.0180089587713685
2517395,46110,55302,36885,395,6,161113280,0.0180089587713685
2517577,25630,60422,28693,395,6,161124928,0.0180089587713685
2517798,5150,54278,29716,395,6,161139072,0.0180089587713685
2517995,38942,46086,46101,395,6,161151680,0.0180089587713685
2518218,49182,53254,27669,395,6,161165952,0.0180089587713685
2518392,61471,4102,29717,395,6,161177088,0.0180089587713685
2518621,39966,57350,20501,395,6,161191744,0.0180089587713685
2518816,14366,61446,34837,395,6,161204224,0.0180089587713685
2519022,64542,47110,28693,395,6,161217408,0.0180089587713685
2519257,37918,63494,28693,395,6,161232448,0.0180089587713685
2519441,1054,8198,49172,396,6,161244224,0.017460462565133925
2519602,33822,50182,52246,396,6,161254528,0.017460462565133925
2519814,4126,61446,27669,396,6,161268096,0.017460462565133925
2519996,42014,49158,25620,396,6,161279744,0.017460462565133925
2520155,14367,4102,16404,396,6,161289920,0.017460462565133925
2520410,32799,4102,33813,396,6,161306240,0.017460462565133925
2520588,4126,61446,26644,396,6,161317632,0.017460462565133925
2520765,3102,50182,25621,396,6,161328960,0.017460462565133925
2520995,16415,6150,34837,396,6,161343680,0.017460462565133925
2521218,62494,47110,32788,396,6,161357952,0.017460462565133925
2521447,30750,53254,25620,396,6,161372608,0.017460462565133925
2521655,20510,50182,28693,396,6,161385920,0.017460462565133925
2521829,31774,44038,28692,396,6,161397056,0.017460462565133925
2522035,35870,55302,19477,396,6,161410240,0.017460462565133925
2522253,2078,51206,27669,396,6,161424192,0.017460462565133925
2522427,1054,61446,22549,396,6,161435328,0.017460462565133925
2522640,43038,55302,29716,396,6,161448960,0.017460462565133925
2522824,17438,54278,10260,396,6,161460736,0.017460462565133925
2523053,2078,50182,38932,396,6,161475392,0.017460462565133925
2523210,46110,44038,29717,396,6,161485440,0.017460462565133925
2523373,42014,51206,37909,396,6,161495872,0.017460462565133925
2523609,14366,46086,32790,396,6,161510976,0.017460462565133925
2523844,44062,53254,36885,396,6,161526016,0.017460462565133925
2524031,38942,50182,27669,396,6,161537984,0.017460462565133925
2524192,57374,52230,34836,396,6,161548288,0.017460462565133925
2524428,31774,49158,38933,396,6,161563392,0.017460462565133925
2524770,30,48134,51221,396,6,161585280,0.017460462565133925
2524925,20510,37894,29716,396,6,161595200,0.017460462565133925
2525104,53278,52230,35861,396,6,161606656,0.017460462565133925
2525300,20510,26630,28693,396,6,161619200,0.017460462565133925
2525491,58399,6,36885,396,6,161631424,0.017460462565133925
2525690,18463,6,32789,396,6,161644160,0.017460462565133925
2525826,20510,45062,33812,396,6,161652864,0.017460462565133925
2526140,38942,45062,20500,396,6,161672960,0.017460462565133925
2526291,62494,41990,36885,396,6,161682624,0.017460462565133925
2526547,52254,50182,26644,396,6,161699008,0.017460462565133925
2526721,31774,57350,29717,396,6,161710144,0.017460462565133925
2526934,12318,51206,36885,396,6,161723776,0.017460462565133925
2527151,3102,58374,42005,396,6,161737664,0.017460462565133925
2527375,64543,2054,38933,396,6,161752000,0.017460462565133925
2527557,28702,57350,28693,396,6,161763648,0.017460462565133925
2527708,64542,45062,31765,396,6,161773312,0.017460462565133925
2527885,62494,52230,30741,396,6,161784640,0.017460462565133925
2528053,54302,52230,36885,396,6,161795392,0.017460462565133925
2528214,14366,44038,26645,396,6,161805696,0.017460462565133925
2528369,7198,46086,37909,396,6,161815616,0.017460462565133925
2528549,21534,50182,19476,396,6,161827136,0.017460462565133925
2528755,25630,58374,22548,396,6,161840320,0.017460462565133925
2528955,57374,44038,34837,396,6,161853120,0.017460462565133925
2529148,17438,46086,16404,396,6,161865472,0.017460462565133925
2529338,13342,47110,42005,397,6,161877632,0.01791754273699607
2529619,30,52230,49173,397,6,161895616,0.01791754273699607
2529840,24606,47110,32788,397,6,161909760,0.01791754273699607
2530045,16414,51206,24596,397,6,161922880,0.01791754273699607
2530250,30751,1030,47124,397,6,161936000,0.01791754273699607
2530405,40990,57350,36885,397,6,161945920,0.01791754273699607
2530589,47134,51206,32789,397,6,161957696,0.01791754273699607
2530798,49182,58374,20501,397,6,161971072,0.01791754273699607
2530999,35871,7174,26644,397,6,161983936,0.01791754273699607
2531160,1054,31750,19477,397,6,161994240,0.01791754273699607
2531364,46110,43014,36885,397,6,162007296,0.01791754273699607
2531528,1054,54278,38933,397,6,162017792,0.01791754273699607
2531745,40990,38918,35860,397,6,162031680,0.01791754273699607
2531941,6174,47110,40980,397,6,162044224,0.01791754273699607
2532175,15390,57350,33813,397,6,162059200,0.01791754273699607
2532399,4126,56326,27669,397,6,162073536,0.01791754273699607
2532554,20510,55302,21525,397,6,162083456,0.01791754273699607
2532779,15390,47110,38933,397,6,162097856,0.01791754273699607
2532978,9246,35846,34837,397,6,162110592,0.01791754273699607
2533195,8222,60422,29717,397,6,162124480,0.01791754273699607
2533405,27678,57350,36884,397,6,162137920,0.01791754273699607
2533592,37919,3078,24597,397,6,162149888,0.01791754273699607
2533748,13342,61446,32789,397,6,162159872,0.01791754273699607
2533961,23582,60422,11284,397,6,162173504,0.01791754273699607
2534205,13342,58374,26645,397,6,162189120,0.01791754273699607
2534364,45086,56326,33813,397,6,162199296,0.01791754273699607
2534577,3102,41990,42004,397,6,162212928,0.01791754273699607
2534751,59422,41990,19477,397,6,162224064,0.01791754273699607
2534947,40990,46086,29717,397,6,162236608,0.01791754273699607
2535123,30,61446,29717,397,6,162247872,0.01791754273699607
2535326,7198,38918,31765,397,6,162260864,0.01791754273699607
2535489,37918,57350,28693,397,6,162271296,0.01791754273699607
2535708,16414,46086,14357,397,6,162285312,0.01791754273699607
2535868,28702,52230,30741,397,6,162295552,0.01791754273699607
2536084,64542,40966,30740,397,6,162309376,0.01791754273699607
2536255,61470,50182,31765,397,6,162320320,0.01791754273699607
2536423,21534,46086,43029,397,6,162331072,0.01791754273699607
2536614,51230,44038,44053,397,6,162343296,0.01791754273699607
2536807,63518,46086,40981,397,6,162355648,0.01791754273699607
2537009,2078,51206,36885,397,6,162368576,0.01791754273699607
2537178,28702,58374,30741,397,6,162379392,0.01791754273699607
2537331,26654,60422,32788,397,6,162389184,0.01791754273699607
2537503,28702,50182,32789,397,6,162400192,0.01791754273699607
2537761,29726,54278,33812,397,6,162416704,0.01791754273699607
2537922,60446,63494,35861,397,6,162427008,0.01791754273699607
2538077,31774,54278,28693,397,6,162436928,0.01791754273699607
2538280,7198,52230,29717,397,6,162449920,0.01791754273699607
2538423,44063,6,33812,397,6,162459072,0.01791754273699607
2538633,31774,55302,50197,397,6,162472512,0.01791754273699607
2538806,42015,2054,34837,397,6,162483584,0.01791754273699607
2538964,59422,47110,37909,398,6,162493696,0.01791754273699607
2539183,55327,6,32789,398,6,162507712,0.01791754273699607
2539415,61470,61446,26644,398,6,162522560,0.01791754273699607
2539562,32798,54278,28693,398,6,162531968,0.01791754273699607
2539743,44062,54278,21525,398,6,162543552,0.01791754273699607
2539925,32798,52230,33813,398,6,162555200,0.01791754273699607
2540137,18462,43014,50197,398,6,162568768,0.01791754273699607
2540351,10270,43014,48149,398,6,162582464,0.01791754273699607
2540552,48158,44038,37909,398,6,162595328,0.01791754273699607
2540701,53278,38918,12309,398,6,162604864,0.01791754273699607
2540922,60446,41990,28693,398,6,162619008,0.01791754273699607
2541112,6174,61446,29717,398,6,162631168,0.01791754273699607
2541291,7198,58374,51220,398,6,162642624,0.01791754273699607
2541537,25630,63494,28693,398,6,162658368,0.01791754273699607
2541737,25630,37894,53269,398,6,162671168,0.01791754273699607
2541905,49182,53254,38933,398,6,162681920,0.01791754273699607
2542118,30750,44038,40980,398,6,162695552,0.01791754273699607
2542321,34846,59398,32789,398,6,162708544,0.01791754273699607
2542503,10270,57350,26645,398,6,162720192,0.01791754273699607
2542650,5151,2054,38933,398,6,162729600,0.01791754273699607
2542886,12318,52230,37909,398,6,162744704,0.01791754273699607
2543061,38942,46086,39957,398,6,162755904,0.01791754273699607
2543210,40990,55302,24596,398,6,162765440,0.01791754273699607
2543384,43039,5126,36884,398,6,162776576,0.01791754273699607
2543577,33822,51206,24597,398,6,162788928,0.01791754273699607
2543755,29727,8198,35861,398,6,162800320,0.01791754273699607
2543939,56350,52230,32789,398,6,162812096,0.01791754273699607
2544096,27678,57350,40981,398,6,162822144,0.01791754273699607
2544340,47135,4102,46101,398,6,162837760,0.01791754273699607
2544484,22559,4102,28693,398,6,162846976,0.01791754273699607
2544690,56350,59398,33813,398,6,162860160,0.01791754273699607
2544961,3102,57350,37908,398,6,162877504,0.01791754273699607
2545121,35871,3078,43028,398,6,162887744,0.01791754273699607
2545326,17438,58374,29716,398,6,162900864,0.01791754273699607
2545545,7198,50182,21525,398,6,162914880,0.01791754273699607
2545755,6175,5126,38933,398,6,162928320,0.01791754273699607
2545910,25630,60422,36885,398,6,162938240,0.01791754273699607
2546122,55327,5126,40981,398,6,162951808,0.01791754273699607
2546305,62494,59398,42005,398,6,162963520,0.01791754273699607
2546505,44062,49158,50197,398,6,162976320,0.01791754273699607
2546701,40990,59398,31765,398,6,162988864,0.01791754273699607
2546927,25630,43014,37909,398,6,163003328,0.01791754273699607
2547087,34846,57350,29716,398,6,163013568,0.01791754273699607
2547251,44062,57350,49173,398,6,163024064,0.01791754273699607
2547464,4126,53254,49173,398,6,163037696,0.01791754273699607
2547718,21535,3078,38933,398,6,163053952,0.01791754273699607
2547889,4127,4102,45077,398,6,163064896,0.01791754273699607
2548065,11294,57350,43029,398,6,163076160,0.01791754273699607
2548350,54303,26630,34837,398,6,163094400,0.01791754273699607
2548627,1075,45103,31785,398,6,163112128,0.01791754273699607
