timestamp,strain_gauge_7,strain_gauge_8,strain_gauge_9,chunk_id,bit_shift_detected,corrected_timestamp,rate_ratio
214414,1345,1010,956,51,0,214414,1.0414445873920235
225942,1350,1000,958,51,0,225942,1.0414445873920235
237280,1350,1010,952,51,0,237280,1.0414445873920235
250065,1355,989,958,51,0,250065,1.0414445873920235
259810,1358,1011,962,51,0,259810,1.0414445873920235
271225,1363,1003,958,51,0,271225,1.0414445873920235
282129,1352,1001,963,51,0,282129,1.0414445873920235
292247,1348,997,952,51,0,292247,1.0414445873920235
303516,1361,992,954,51,0,303516,1.0414445873920235
315605,1347,1027,950,51,0,315605,1.0414445873920235
326509,1346,997,952,51,0,326509,1.0414445873920235
341069,1350,1001,970,51,0,341069,1.0414445873920235
350739,1354,1014,957,51,0,350739,1.0414445873920235
361630,1342,1008,954,51,0,361630,1.0414445873920235
373170,1343,1028,953,51,0,373170,1.0414445873920235
383788,1332,1014,957,51,0,383788,1.0414445873920235
395598,1363,993,956,51,0,395598,1.0414445873920235
405272,1337,1028,959,51,0,405272,1.0414445873920235
416254,1345,997,954,51,0,416254,1.0414445873920235
427240,1349,995,961,51,0,427240,1.0414445873920235
437656,1355,971,954,51,0,437656,1.0414445873920235
447899,1343,1000,950,51,0,447899,1.0414445873920235
458224,1342,1009,955,51,0,458224,1.0414445873920235
470028,1349,998,953,51,0,470028,1.0414445873920235
480189,1345,1016,950,51,0,480189,1.0414445873920235
490016,1340,1004,955,51,0,490016,1.0414445873920235
499314,1344,977,952,51,0,499314,1.0414445873920235
510157,1354,1002,963,51,0,510157,1.0414445873920235
519887,1341,995,964,51,0,519887,1.0414445873920235
532013,1334,1008,955,51,0,532013,1.0414445873920235
542017,1346,1030,949,51,0,542017,1.0414445873920235
552283,1371,995,957,51,0,552283,1.0414445873920235
562873,1342,997,956,51,0,562873,1.0414445873920235
573802,1352,988,958,51,0,573802,1.0414445873920235
587855,1351,1008,964,51,0,587855,1.0414445873920235
609961,1362,995,948,51,0,609961,1.0414445873920235
626164,1337,1028,955,51,0,626164,1.0414445873920235
637094,1334,997,952,51,0,637094,1.0414445873920235
660815,1352,997,962,51,0,660815,1.0414445873920235
669665,1343,1004,955,51,0,669665,1.0414445873920235
678712,1356,1009,963,51,0,678712,1.0414445873920235
689868,1349,1008,956,51,0,689868,1.0414445873920235
700793,1338,1002,961,51,0,700793,1.0414445873920235
712672,1322,989,956,51,0,712672,1.0414445873920235
722516,1361,1009,955,51,0,722516,1.0414445873920235
731802,1346,1004,958,51,0,731802,1.0414445873920235
742437,1331,1008,957,51,0,742437,1.0414445873920235
754244,1346,1011,961,51,0,754244,1.0414445873920235
765709,1349,1016,950,51,0,765709,1.0414445873920235
775310,1353,1007,965,51,0,775310,1.0414445873920235
785800,1343,989,947,51,0,785800,1.0414445873920235
796709,1325,995,957,51,0,796709,1.0414445873920235
808337,1331,1011,954,51,0,808337,1.0414445873920235
818653,1323,990,956,51,0,818653,1.0414445873920235
829065,1332,1001,957,51,0,829065,1.0414445873920235
839407,1328,1010,958,51,0,839407,1.0414445873920235
849030,1329,995,953,51,0,849030,1.0414445873920235
860395,1332,1016,958,51,0,860395,1.0414445873920235
872416,1327,983,961,51,0,872416,1.0414445873920235
883980,1333,1012,954,51,0,883980,1.0414445873920235
895373,1339,1002,963,51,0,895373,1.0414445873920235
904923,1330,981,958,51,0,904923,1.0414445873920235
917391,1345,997,961,51,0,917391,1.0414445873920235
927089,1334,1000,963,51,0,927089,1.0414445873920235
937425,1327,1002,960,51,0,937425,1.0414445873920235
948245,1330,1003,953,51,0,948245,1.0414445873920235
958527,1334,995,962,51,0,958527,1.0414445873920235
968329,1331,1003,958,51,0,968329,1.0414445873920235
980435,1344,1009,964,51,0,980435,1.0414445873920235
991339,1345,1014,949,51,0,991339,1.0414445873920235
1001596,1325,1004,950,51,0,1001596,1.0414445873920235
1011305,1306,1018,948,51,0,1011305,1.0414445873920235
1022312,1337,997,948,51,0,1022312,1.0414445873920235
1033565,1328,1010,953,51,0,1033565,1.0414445873920235
1043556,1340,1010,955,51,0,1043556,1.0414445873920235
1052874,1333,1009,958,51,0,1052874,1.0414445873920235
1062354,1361,1016,954,51,0,1062354,1.0414445873920235
1072127,1336,1001,955,51,0,1072127,1.0414445873920235
1081701,1336,1030,960,51,0,1081701,1.0414445873920235
1091139,1337,1019,951,51,0,1091139,1.0414445873920235
1102111,1325,999,956,51,0,1102111,1.0414445873920235
1113101,1326,998,955,51,0,1113101,1.0414445873920235
1123176,1321,998,962,51,0,1123176,1.0414445873920235
1133824,1339,980,955,51,0,1133824,1.0414445873920235
1144865,1333,1017,961,51,0,1144865,1.0414445873920235
1153819,1330,1002,957,51,0,1153819,1.0414445873920235
1164966,1325,1015,958,51,0,1164966,1.0414445873920235
1177018,1374,1005,955,51,0,1177018,1.0414445873920235
1186935,1347,997,958,51,0,1186935,1.0414445873920235
1197518,1337,986,963,51,0,1197518,1.0414445873920235
1206747,1324,1001,952,51,0,1206747,1.0414445873920235
1216178,1310,1010,947,51,0,1216178,1.0414445873920235
1226286,1334,1002,954,51,0,1226286,1.0414445873920235
1237363,1333,998,952,51,0,1237363,1.0414445873920235
1246487,1355,1011,957,51,0,1246487,1.0414445873920235
1256322,1326,1003,953,51,0,1256322,1.0414445873920235
1267424,1353,1022,952,51,0,1267424,1.0414445873920235
1277607,1333,1003,953,51,0,1277607,1.0414445873920235
1287858,1331,1002,956,51,0,1287858,1.0414445873920235
1297407,1347,987,953,51,0,1297407,1.0414445873920235
1308567,1347,1000,965,51,0,1308567,1.0414445873920235
1319454,1330,1003,958,51,0,1319454,1.0414445873920235
1329628,1310,1026,949,51,0,1329628,1.0414445873920235
1341083,1329,979,945,51,0,1341083,1.0414445873920235
1352395,1353,994,946,51,0,1352395,1.0414445873920235
1363635,1326,1019,961,51,0,1363635,1.0414445873920235
1373535,1354,1004,957,51,0,1373535,1.0414445873920235
1383752,1338,1018,951,51,0,1383752,1.0414445873920235
1395144,1368,1010,952,51,0,1395144,1.0414445873920235
1406869,1329,1020,953,51,0,1406869,1.0414445873920235
1416919,1329,1008,957,51,0,1416919,1.0414445873920235
1426572,1346,1004,962,51,0,1426572,1.0414445873920235
1438263,1334,983,964,51,0,1438263,1.0414445873920235
1449983,1341,997,961,51,0,1449983,1.0414445873920235
1459346,1347,1009,970,51,0,1459346,1.0414445873920235
1469395,1342,1025,956,51,0,1469395,1.0414445873920235
1479638,1345,1001,947,51,0,1479638,1.0414445873920235
1491705,1339,1010,952,51,0,1491705,1.0414445873920235
1501975,1329,995,960,51,0,1501975,1.0414445873920235
1511606,1345,995,956,51,0,1511606,1.0414445873920235
1523493,1352,1000,955,51,0,1523493,1.0414445873920235
1534415,1340,1018,959,51,0,1534415,1.0414445873920235
1544422,1337,1008,966,51,0,1544422,1.0414445873920235
1554895,1311,1018,955,51,0,1554895,1.0414445873920235
1565882,1365,1008,956,51,0,1565882,1.0414445873920235
1580038,1375,975,952,51,0,1580038,1.0414445873920235
1589641,1363,990,952,51,0,1589641,1.0414445873920235
1599966,1360,1001,960,51,0,1599966,1.0414445873920235
1610911,1355,1000,961,51,0,1610911,1.0414445873920235
1620556,1372,996,949,51,0,1620556,1.0414445873920235
1630932,1371,995,950,51,0,1630932,1.0414445873920235
1641590,1369,993,953,51,0,1641590,1.0414445873920235
1651265,1356,1004,956,51,0,1651265,1.0414445873920235
1661224,1357,993,953,51,0,1661224,1.0414445873920235
1672660,1366,983,964,51,0,1672660,1.0414445873920235
1682786,1359,988,950,51,0,1682786,1.0414445873920235
1693927,1356,992,961,51,0,1693927,1.0414445873920235
1703269,1360,972,956,51,0,1703269,1.0414445873920235
1715796,1355,1005,957,51,0,1715796,1.0414445873920235
1727324,1365,993,965,51,0,1727324,1.0414445873920235
1737625,1369,988,950,51,0,1737625,1.0414445873920235
1747959,1356,1012,956,51,0,1747959,1.0414445873920235
1758435,1350,1022,955,51,0,1758435,1.0414445873920235
1767507,1356,1033,965,51,0,1767507,1.0414445873920235
1777713,1353,1003,957,51,0,1777713,1.0414445873920235
1787902,1372,1002,949,51,0,1787902,1.0414445873920235
1797890,1373,1001,953,51,0,1797890,1.0414445873920235
1807799,1363,986,959,51,0,1807799,1.0414445873920235
1818829,1370,1004,960,51,0,1818829,1.0414445873920235
1828549,1355,998,956,51,0,1828549,1.0414445873920235
1839814,1375,994,957,51,0,1839814,1.0414445873920235
1849884,1385,1004,955,51,0,1849884,1.0414445873920235
1860260,1364,990,956,51,0,1860260,1.0414445873920235
1871268,1360,1011,958,51,0,1871268,1.0414445873920235
1882101,1377,993,954,51,0,1882101,1.0414445873920235
1892881,1371,996,947,51,0,1892881,1.0414445873920235
1902659,1366,1004,958,51,0,1902659,1.0414445873920235
1912577,1374,998,946,51,0,1912577,1.0414445873920235
1922082,1345,1014,959,51,0,1922082,1.0414445873920235
1932986,1379,1003,946,51,0,1932986,1.0414445873920235
1942705,1374,1002,948,51,0,1942705,1.0414445873920235
1952530,1360,988,960,51,0,1952530,1.0414445873920235
1961500,1360,1022,958,51,0,1961500,1.0414445873920235
1972187,1376,1017,964,51,0,1972187,1.0414445873920235
1981527,1365,1001,955,51,0,1981527,1.0414445873920235
1991349,1356,1000,956,51,0,1991349,1.0414445873920235
2001822,1363,1010,960,51,0,2001822,1.0414445873920235
2012480,1373,997,955,51,0,2012480,1.0414445873920235
2022991,1371,1032,946,51,0,2022991,1.0414445873920235
2033204,1373,995,960,51,0,2033204,1.0414445873920235
2044951,1370,1002,950,51,0,2044951,1.0414445873920235
2054456,1372,1000,951,51,0,2054456,1.0414445873920235
2066565,1373,1006,953,51,0,2066565,1.0414445873920235
2077821,1371,1013,957,51,0,2077821,1.0414445873920235
2087800,1387,997,957,51,0,2087800,1.0414445873920235
2097588,1331,1018,960,51,0,2097588,1.0414445873920235
2107437,1363,996,961,51,0,2107437,1.0414445873920235
2118085,1363,1000,956,51,0,2118085,1.0414445873920235
2128664,1368,1004,957,51,0,2128664,1.0414445873920235
2139065,1365,1006,955,51,0,2139065,1.0414445873920235
2150301,1337,1014,963,51,0,2150301,1.0414445873920235
2162215,1365,1018,950,51,0,2162215,1.0414445873920235
2172048,1339,1008,964,51,0,2172048,1.0414445873920235
2183353,1355,1002,962,51,0,2183353,1.0414445873920235
2194017,1339,1013,953,51,0,2194017,1.0414445873920235
2204367,1345,999,955,51,0,2204367,1.0414445873920235
2214215,1326,1006,963,51,0,2214215,1.0414445873920235
2225393,1332,1022,960,51,0,2225393,1.0414445873920235
2235898,1340,1009,957,51,0,2235898,1.0414445873920235
2246885,1352,1005,962,51,0,2246885,1.0414445873920235
2257508,1381,1002,953,51,0,2257508,1.0414445873920235
2269177,1345,990,957,51,0,2269177,1.0414445873920235
2279328,1340,1034,955,51,0,2279328,1.0414445873920235
2290258,1349,999,948,51,0,2290258,1.0414445873920235
2299484,1339,998,963,51,0,2299484,1.0414445873920235
2310361,1357,1011,958,51,0,2310361,1.0414445873920235
2320699,1328,1013,960,51,0,2320699,1.0414445873920235
2330837,1336,996,948,51,0,2330837,1.0414445873920235
2342026,1336,1008,960,51,0,2342026,1.0414445873920235
2351852,1334,999,946,51,0,2351852,1.0414445873920235
2362507,1368,1019,958,51,0,2362507,1.0414445873920235
2372476,1342,1005,960,51,0,2372476,1.0414445873920235
2382774,1331,1010,960,51,0,2382774,1.0414445873920235
2392851,1348,1012,945,51,0,2392851,1.0414445873920235
2403280,1341,1014,963,51,0,2403280,1.0414445873920235
2413215,1347,1019,955,51,0,2413215,1.0414445873920235
2423285,1335,1002,964,51,0,2423285,1.0414445873920235
2433641,1337,1001,953,51,0,2433641,1.0414445873920235
2447055,1353,1014,961,51,0,2447055,1.0414445873920235
2456321,1345,1003,950,51,0,2456321,1.0414445873920235
2466187,1335,1014,965,51,0,2466187,1.0414445873920235
2477646,1340,993,958,51,0,2477646,1.0414445873920235
2488506,1340,1028,960,51,0,2488506,1.0414445873920235
2497864,1337,1000,957,51,0,2497864,1.0414445873920235
2507142,1331,1018,961,51,0,2507142,1.0414445873920235
2517836,1337,1010,955,51,0,2517836,1.0414445873920235
2528529,1347,1013,957,51,0,2528529,1.0414445873920235
2539554,1341,1005,948,51,0,2539554,1.0414445873920235
2549975,1331,1021,953,51,0,2549975,1.0414445873920235
2561046,1340,1000,957,51,0,2561046,1.0414445873920235
2572390,1334,1026,950,51,0,2572390,1.0414445873920235
2583931,1337,1007,957,51,0,2583931,1.0414445873920235
2594172,1339,1004,963,51,0,2594172,1.0414445873920235
2605826,1362,1010,959,51,0,2605826,1.0414445873920235
2615945,1342,998,961,51,0,2615945,1.0414445873920235
2625277,1357,1010,953,51,0,2625277,1.0414445873920235
2636308,1338,981,959,51,0,2636308,1.0414445873920235
2646294,1324,1017,964,51,0,2646294,1.0414445873920235
2659594,1341,1010,963,51,0,2659594,1.0414445873920235
2670362,1340,1022,954,51,0,2670362,1.0414445873920235
2680278,1314,1005,950,51,0,2680278,1.0414445873920235
2690582,1334,1035,950,51,0,2690582,1.0414445873920235
2701048,1342,1009,962,51,0,2701048,1.0414445873920235
2710819,1323,1044,960,51,0,2710819,1.0414445873920235
2720967,1339,1015,961,51,0,2720967,1.0414445873920235
2732035,1333,1004,962,51,0,2732035,1.0414445873920235
2741203,1319,1020,955,51,0,2741203,1.0414445873920235
2753210,1348,1014,962,51,0,2753210,1.0414445873920235
2763388,1358,1021,950,51,0,2763388,1.0414445873920235
2772844,1335,1018,948,51,0,2772844,1.0414445873920235
2782565,1326,1009,956,51,0,2782565,1.0414445873920235
2792526,1353,1005,955,51,0,2792526,1.0414445873920235
2802289,1354,1010,954,51,0,2802289,1.0414445873920235
2813337,1334,1017,966,51,0,2813337,1.0414445873920235
2823926,1348,1021,961,51,0,2823926,1.0414445873920235
2835178,1340,1033,964,51,0,2835178,1.0414445873920235
2845934,1344,984,958,51,0,2845934,1.0414445873920235
2857151,1342,996,951,51,0,2857151,1.0414445873920235
2868237,1338,993,957,51,0,2868237,1.0414445873920235
2877187,1349,1018,955,51,0,2877187,1.0414445873920235
2887044,1339,994,953,51,0,2887044,1.0414445873920235
2896281,1353,998,950,51,0,2896281,1.0414445873920235
2907431,1345,1034,947,51,0,2907431,1.0414445873920235
2918410,1339,998,955,51,0,2918410,1.0414445873920235
2928253,1352,1012,958,51,0,2928253,1.0414445873920235
2938056,1349,1004,958,51,0,2938056,1.0414445873920235
2949579,1354,1018,952,51,0,2949579,1.0414445873920235
2961272,1348,1002,957,51,0,2961272,1.0414445873920235
2970846,1341,1010,954,51,0,2970846,1.0414445873920235
2981839,1337,1036,948,51,0,2981839,1.0414445873920235
2992558,1348,1008,957,51,0,2992558,1.0414445873920235
3002993,1339,1018,962,51,0,3002993,1.0414445873920235
3012120,1345,990,961,51,0,3012120,1.0414445873920235
3022152,1339,1021,949,51,0,3022152,1.0414445873920235
3031171,1373,1009,958,51,0,3031171,1.0414445873920235
3041441,1349,994,942,51,0,3041441,1.0414445873920235
3051664,1355,989,952,51,0,3051664,1.0414445873920235
3061886,1349,996,958,51,0,3061886,1.0414445873920235
3071833,1332,1019,957,51,0,3071833,1.0414445873920235
3082123,1340,997,952,51,0,3082123,1.0414445873920235
3092476,1334,990,954,51,0,3092476,1.0414445873920235
3102093,1341,1012,956,51,0,3102093,1.0414445873920235
3112178,1346,1001,956,51,0,3112178,1.0414445873920235
3123562,1333,1029,955,51,0,3123562,1.0414445873920235
3134116,1347,1000,954,51,0,3134116,1.0414445873920235
3143775,1363,981,956,51,0,3143775,1.0414445873920235
3153648,1345,1009,960,51,0,3153648,1.0414445873920235
3164851,1347,995,954,51,0,3164851,1.0414445873920235
3174670,1356,1010,952,51,0,3174670,1.0414445873920235
3185433,1366,1019,952,51,0,3185433,1.0414445873920235
3196097,1350,1017,956,51,0,3196097,1.0414445873920235
3204688,1355,1007,955,51,0,3204688,1.0414445873920235
3215941,1349,989,955,51,0,3215941,1.0414445873920235
3227568,1371,1016,952,51,0,3227568,1.0414445873920235
3237210,1364,1003,957,51,0,3237210,1.0414445873920235
3247376,1362,998,956,51,0,3247376,1.0414445873920235
3257539,1342,1013,961,51,0,3257539,1.0414445873920235
3270680,1350,1000,955,51,0,3270680,1.0414445873920235
3281137,1378,1011,963,51,0,3281137,1.0414445873920235
3291593,1364,995,957,51,0,3291593,1.0414445873920235
3301525,1374,1005,960,51,0,3301525,1.0414445873920235
3311586,1358,999,957,51,0,3311586,1.0414445873920235
3322049,1354,1007,954,51,0,3322049,1.0414445873920235
3331450,1375,995,951,51,0,3331450,1.0414445873920235
3343145,1355,1010,952,51,0,3343145,1.0414445873920235
3353720,1370,1005,955,51,0,3353720,1.0414445873920235
3363591,1365,1006,947,51,0,3363591,1.0414445873920235
3374134,1354,990,953,51,0,3374134,1.0414445873920235
3388408,1360,1002,961,51,0,3388408,1.0414445873920235
3399130,1346,1028,962,51,0,3399130,1.0414445873920235
3410058,1348,998,957,51,0,3410058,1.0414445873920235
3421216,1356,1006,954,51,0,3421216,1.0414445873920235
3430591,1324,1012,953,51,0,3430591,1.0414445873920235
3439943,1356,1008,956,51,0,3439943,1.0414445873920235
3449073,1338,1011,962,51,0,3449073,1.0414445873920235
3458493,1336,1018,965,51,0,3458493,1.0414445873920235
3467930,1336,1004,955,51,0,3467930,1.0414445873920235
3477443,1357,1026,950,51,0,3477443,1.0414445873920235
3487709,1334,1006,952,51,0,3487709,1.0414445873920235
3497238,1349,1011,963,51,0,3497238,1.0414445873920235
3507585,1360,1006,956,51,0,3507585,1.0414445873920235
3516418,1339,1010,962,51,0,3516418,1.0414445873920235
3525800,1330,1034,955,51,0,3525800,1.0414445873920235
3536321,1352,989,953,51,0,3536321,1.0414445873920235
3547326,1342,1003,960,51,0,3547326,1.0414445873920235
3560897,1337,1009,964,51,0,3560897,1.0414445873920235
3571493,1351,1004,953,51,0,3571493,1.0414445873920235
3581510,1327,1022,959,51,0,3581510,1.0414445873920235
3592866,1338,1020,958,51,0,3592866,1.0414445873920235
3604931,1339,1022,956,51,0,3604931,1.0414445873920235
3614744,1342,1009,960,51,0,3614744,1.0414445873920235
3625490,1333,1033,952,51,0,3625490,1.0414445873920235
3636226,1330,1029,948,51,0,3636226,1.0414445873920235
3646175,1334,1032,960,51,0,3646175,1.0414445873920235
3656376,1347,1008,951,51,0,3656376,1.0414445873920235
3666300,1353,1005,963,51,0,3666300,1.0414445873920235
3677005,1349,1006,952,51,0,3677005,1.0414445873920235
3688641,1336,1003,961,51,0,3688641,1.0414445873920235
3699251,1353,1010,955,51,0,3699251,1.0414445873920235
3711580,1340,993,955,51,0,3711580,1.0414445873920235
3722849,1365,1001,951,51,0,3722849,1.0414445873920235
3732031,1353,1019,952,51,0,3732031,1.0414445873920235
3742291,1337,1035,958,51,0,3742291,1.0414445873920235
3752987,1350,1014,955,51,0,3752987,1.0414445873920235
3762481,1339,976,972,51,0,3762481,1.0414445873920235
3774244,1350,1006,953,51,0,3774244,1.0414445873920235
3785446,1352,1020,955,51,0,3785446,1.0414445873920235
3796394,1358,983,958,51,0,3796394,1.0414445873920235
3805761,1358,1008,947,51,0,3805761,1.0414445873920235
3815285,1356,1045,958,51,0,3815285,1.0414445873920235
3826473,1359,1017,952,51,0,3826473,1.0414445873920235
3836836,1360,1016,948,51,0,3836836,1.0414445873920235
3847829,1351,988,960,51,0,3847829,1.0414445873920235
3856873,1354,1012,959,51,0,3856873,1.0414445873920235
3866412,1379,1003,961,51,0,3866412,1.0414445873920235
3875142,1371,1001,950,51,0,3875142,1.0414445873920235
3885323,1350,1017,963,51,0,3885323,1.0414445873920235
3896576,1382,997,952,51,0,3896576,1.0414445873920235
3907837,1363,1016,954,51,0,3907837,1.0414445873920235
3918250,1357,1030,956,51,0,3918250,1.0414445873920235
3928039,1354,1012,961,51,0,3928039,1.0414445873920235
3938996,1366,1017,952,51,0,3938996,1.0414445873920235
3949316,1361,1003,956,51,0,3949316,1.0414445873920235
3960018,1360,1029,956,51,0,3960018,1.0414445873920235
3969265,1352,1012,955,51,0,3969265,1.0414445873920235
3980309,1355,1000,957,51,0,3980309,1.0414445873920235
3990232,1359,1009,961,51,0,3990232,1.0414445873920235
4001044,1368,995,963,51,0,4001044,1.0414445873920235
4013254,1364,1000,959,51,0,4013254,1.0414445873920235
4024286,1350,1020,949,51,0,4024286,1.0414445873920235
4040570,1361,996,966,51,0,4040570,1.0414445873920235
4051028,1367,990,950,51,0,4051028,1.0414445873920235
4060474,1374,1009,953,51,0,4060474,1.0414445873920235
4072537,1355,988,964,51,0,4072537,1.0414445873920235
4084082,1357,1033,948,51,0,4084082,1.0414445873920235
4093446,1331,1013,957,51,0,4093446,1.0414445873920235
4104635,1358,979,963,51,0,4104635,1.0414445873920235
4116752,1369,976,953,51,0,4116752,1.0414445873920235
4128007,1360,993,961,51,0,4128007,1.0414445873920235
4137888,1361,1009,956,51,0,4137888,1.0414445873920235
4147425,1365,1016,953,51,0,4147425,1.0414445873920235
4157256,1382,1002,949,51,0,4157256,1.0414445873920235
4167106,1365,1012,958,51,0,4167106,1.0414445873920235
4175863,1371,1001,952,51,0,4175863,1.0414445873920235
4187812,1361,988,962,51,0,4187812,1.0414445873920235
4196872,1390,1009,958,51,0,4196872,1.0414445873920235
4207482,1369,1012,964,51,0,4207482,1.0414445873920235
4217665,1381,1002,959,51,0,4217665,1.0414445873920235
4228870,1369,986,962,51,0,4228870,1.0414445873920235
4239204,1376,998,959,51,0,4239204,1.0414445873920235
4249412,1369,1001,956,51,0,4249412,1.0414445873920235
4259089,1382,1011,961,51,0,4259089,1.0414445873920235
4269011,1380,1013,952,51,0,4269011,1.0414445873920235
4282576,1355,1014,962,51,0,4282576,1.0414445873920235
4290840,1361,973,948,51,0,4290840,1.0414445873920235
4300394,1364,1006,951,51,0,4300394,1.0414445873920235
4314274,1366,995,953,51,0,4314274,1.0414445873920235
4325132,1352,1008,958,51,0,4325132,1.0414445873920235
4334556,1381,1004,956,51,0,4334556,1.0414445873920235
4346004,1363,1005,957,51,0,4346004,1.0414445873920235
4355140,1354,1008,955,51,0,4355140,1.0414445873920235
4365287,1345,1010,947,51,0,4365287,1.0414445873920235
4376154,1356,1012,956,51,0,4376154,1.0414445873920235
4387626,1365,978,950,51,0,4387626,1.0414445873920235
4397368,1351,996,955,51,0,4397368,1.0414445873920235
4408612,1363,1022,964,51,0,4408612,1.0414445873920235
4419287,1360,1006,956,51,0,4419287,1.0414445873920235
4428584,1358,1005,960,51,0,4428584,1.0414445873920235
4438535,1353,1017,949,51,0,4438535,1.0414445873920235
4448824,1376,1000,956,51,0,4448824,1.0414445873920235
4458730,1358,990,954,51,0,4458730,1.0414445873920235
4469771,1396,996,948,51,0,4469771,1.0414445873920235
4479542,1357,995,955,51,0,4479542,1.0414445873920235
4492743,1358,1002,957,51,0,4492743,1.0414445873920235
4503480,1367,1001,960,51,0,4503480,1.0414445873920235
4515080,1352,1008,953,51,0,4515080,1.0414445873920235
4525627,1362,1008,955,51,0,4525627,1.0414445873920235
4537299,1368,985,956,51,0,4537299,1.0414445873920235
4548405,1382,1018,946,51,0,4548405,1.0414445873920235
4558506,1356,985,951,51,0,4558506,1.0414445873920235
4569020,1340,1022,963,51,0,4569020,1.0414445873920235
4578785,1342,1024,953,51,0,4578785,1.0414445873920235
4589425,1361,1009,952,51,0,4589425,1.0414445873920235
4599928,1341,1006,955,51,0,4599928,1.0414445873920235
4616049,1349,1006,957,51,0,4616049,1.0414445873920235
4626164,1346,1010,961,51,0,4626164,1.0414445873920235
4635929,1344,1009,954,51,0,4635929,1.0414445873920235
4646443,1348,993,963,51,0,4646443,1.0414445873920235
4656793,1359,1003,955,51,0,4656793,1.0414445873920235
4668144,1363,1001,946,51,0,4668144,1.0414445873920235
4680236,1352,1004,951,51,0,4680236,1.0414445873920235
4691201,1344,1009,958,51,0,4691201,1.0414445873920235
4701782,1360,1001,958,51,0,4701782,1.0414445873920235
4712666,1345,1014,949,51,0,4712666,1.0414445873920235
4722726,1338,1001,954,51,0,4722726,1.0414445873920235
4732403,1339,1008,957,51,0,4732403,1.0414445873920235
4742533,1349,1000,952,51,0,4742533,1.0414445873920235
4752337,1353,1004,963,51,0,4752337,1.0414445873920235
4762879,1341,1008,959,51,0,4762879,1.0414445873920235
4772738,1360,1015,962,51,0,4772738,1.0414445873920235
4783367,1342,1004,958,51,0,4783367,1.0414445873920235
4793399,1345,1006,956,51,0,4793399,1.0414445873920235
4804759,1353,1003,961,51,0,4804759,1.0414445873920235
4814534,1354,1001,958,51,0,4814534,1.0414445873920235
4825071,1350,1011,958,51,0,4825071,1.0414445873920235
4835132,1354,1004,956,51,0,4835132,1.0414445873920235
4847945,1363,1024,955,51,0,4847945,1.0414445873920235
4859141,1358,1002,950,51,0,4859141,1.0414445873920235
4871232,1362,997,962,51,0,4871232,1.0414445873920235
4882930,1352,984,956,51,0,4882930,1.0414445873920235
4893013,1360,998,961,51,0,4893013,1.0414445873920235
4903126,1337,1009,949,51,0,4903126,1.0414445873920235
4914128,1366,1003,961,51,0,4914128,1.0414445873920235
4926595,1367,1003,953,51,0,4926595,1.0414445873920235
4938085,1369,1013,948,51,0,4938085,1.0414445873920235
4948082,1361,997,952,51,0,4948082,1.0414445873920235
4959277,1384,984,956,51,0,4959277,1.0414445873920235
4971499,1360,998,955,51,0,4971499,1.0414445873920235
4981289,1370,991,949,51,0,4981289,1.0414445873920235
4991769,1357,998,952,51,0,4991769,1.0414445873920235
5001703,1376,997,954,51,0,5001703,1.0414445873920235
5011801,1356,1005,956,51,0,5011801,1.0414445873920235
5022678,1360,989,952,51,0,5022678,1.0414445873920235
5033070,1365,987,957,51,0,5033070,1.0414445873920235
5042540,1355,1026,950,51,0,5042540,1.0414445873920235
5053494,1369,1000,952,51,0,5053494,1.0414445873920235
5063026,1362,979,962,51,0,5063026,1.0414445873920235
5072694,1373,978,949,51,0,5072694,1.0414445873920235
5081990,1360,990,955,51,0,5081990,1.0414445873920235
5094002,1344,1004,954,51,0,5094002,1.0414445873920235
5104009,1389,1010,969,51,0,5104009,1.0414445873920235
5114426,1346,1014,962,51,0,5114426,1.0414445873920235
5124661,1368,995,952,51,0,5124661,1.0414445873920235
5134815,1364,985,964,51,0,5134815,1.0414445873920235
5144238,1373,991,952,51,0,5144238,1.0414445873920235
5153750,1380,1009,954,51,0,5153750,1.0414445873920235
5163653,1369,1004,957,51,0,5163653,1.0414445873920235
5173509,1362,990,953,51,0,5173509,1.0414445873920235
5184549,1330,1028,961,51,0,5184549,1.0414445873920235
5197514,1359,1010,950,51,0,5197514,1.0414445873920235
5207578,1379,1030,961,51,0,5207578,1.0414445873920235
5218428,1349,1016,960,51,0,5218428,1.0414445873920235
5230374,1379,999,954,51,0,5230374,1.0414445873920235
5241240,1368,1013,949,51,0,5241240,1.0414445873920235
5251289,1362,1012,948,51,0,5251289,1.0414445873920235
5261673,1387,1016,961,51,0,5261673,1.0414445873920235
5272886,1363,1021,945,51,0,5272886,1.0414445873920235
5284129,1386,1003,954,51,0,5284129,1.0414445873920235
5295277,1364,985,952,51,0,5295277,1.0414445873920235
5305338,1368,1006,953,51,0,5305338,1.0414445873920235
5316706,1374,1011,958,51,0,5316706,1.0414445873920235
5326270,1378,997,965,51,0,5326270,1.0414445873920235
5336735,1380,1002,956,51,0,5336735,1.0414445873920235
5346978,1385,1002,951,51,0,5346978,1.0414445873920235
5356241,1373,996,957,51,0,5356241,1.0414445873920235
5366044,1389,1011,952,51,0,5366044,1.0414445873920235
5375439,1380,1001,952,51,0,5375439,1.0414445873920235
5385963,1372,1003,961,51,0,5385963,1.0414445873920235
5397268,1354,1009,949,51,0,5397268,1.0414445873920235
5407276,1368,1008,962,51,0,5407276,1.0414445873920235
5420498,1365,1004,957,51,0,5420498,1.0414445873920235
5431443,1366,1012,961,51,0,5431443,1.0414445873920235
5441399,1380,1027,957,51,0,5441399,1.0414445873920235
5452171,1368,1003,963,51,0,5452171,1.0414445873920235
5462392,1353,1002,956,51,0,5462392,1.0414445873920235
5473686,1386,1006,950,51,0,5473686,1.0414445873920235
5484559,1374,1011,963,51,0,5484559,1.0414445873920235
5494614,1365,1013,957,51,0,5494614,1.0414445873920235
5507316,1368,1001,945,51,0,5507316,1.0414445873920235
5517053,1363,993,955,51,0,5517053,1.0414445873920235
5528523,1338,1022,958,51,0,5528523,1.0414445873920235
5539233,1378,998,950,51,0,5539233,1.0414445873920235
5549117,1376,1014,954,51,0,5549117,1.0414445873920235
5558966,1357,1040,948,51,0,5558966,1.0414445873920235
5568174,1364,1006,954,51,0,5568174,1.0414445873920235
5579854,1361,1014,956,51,0,5579854,1.0414445873920235
5589961,1361,1027,955,51,0,5589961,1.0414445873920235
5599612,1372,1007,950,51,0,5599612,1.0414445873920235
5609015,1350,1033,949,51,0,5609015,1.0414445873920235
5620384,1357,1007,951,51,0,5620384,1.0414445873920235
5631439,1356,992,954,51,0,5631439,1.0414445873920235
5641929,1359,1008,949,51,0,5641929,1.0414445873920235
5651581,1353,1000,950,51,0,5651581,1.0414445873920235
5661765,1356,998,952,51,0,5661765,1.0414445873920235
5671552,1396,1004,959,51,0,5671552,1.0414445873920235
5681603,1362,1019,965,51,0,5681603,1.0414445873920235
5691499,1358,1011,962,51,0,5691499,1.0414445873920235
5701884,1361,1012,957,51,0,5701884,1.0414445873920235
5712705,1367,1005,958,51,0,5712705,1.0414445873920235
5723089,1358,982,954,51,0,5723089,1.0414445873920235
5733163,1356,1025,956,51,0,5733163,1.0414445873920235
5742490,1364,1007,947,51,0,5742490,1.0414445873920235
5753010,1377,998,953,51,0,5753010,1.0414445873920235
5763094,1345,1013,957,51,0,5763094,1.0414445873920235
5775016,1373,988,952,51,0,5775016,1.0414445873920235
5787228,1365,1009,952,51,0,5787228,1.0414445873920235
5796898,1337,1014,955,51,0,5796898,1.0414445873920235
5808265,1360,993,957,51,0,5808265,1.0414445873920235
5817751,1362,994,949,51,0,5817751,1.0414445873920235
5828821,1372,1001,954,51,0,5828821,1.0414445873920235
5839356,1374,995,958,51,0,5839356,1.0414445873920235
5850170,1376,1009,951,51,0,5850170,1.0414445873920235
5861415,1382,996,960,51,0,5861415,1.0414445873920235
5871077,1365,997,964,51,0,5871077,1.0414445873920235
5881591,1376,984,960,51,0,5881591,1.0414445873920235
5893951,1376,1012,960,51,0,5893951,1.0414445873920235
5907323,1386,1004,958,51,0,5907323,1.0414445873920235
5917276,1374,1000,960,51,0,5917276,1.0414445873920235
5927591,1379,1022,953,51,0,5927591,1.0414445873920235
5936991,1368,997,952,51,0,5936991,1.0414445873920235
5946968,1363,1013,958,51,0,5946968,1.0414445873920235
5957276,1364,1003,958,51,0,5957276,1.0414445873920235
5970661,1364,1013,958,51,0,5970661,1.0414445873920235
5980949,1380,1007,949,51,0,5980949,1.0414445873920235
5991466,1369,1010,953,51,0,5991466,1.0414445873920235
6001433,1356,1013,955,51,0,6001433,1.0414445873920235
6012590,1363,997,950,51,0,6012590,1.0414445873920235
6023058,1361,1014,964,51,0,6023058,1.0414445873920235
6034280,1384,998,965,51,0,6034280,1.0414445873920235
6045156,1381,1011,960,51,0,6045156,1.0414445873920235
6056759,1365,992,960,51,0,6056759,1.0414445873920235
6069566,1369,994,950,51,0,6069566,1.0414445873920235
6081739,1380,1021,965,51,0,6081739,1.0414445873920235
6093502,1389,985,961,51,0,6093502,1.0414445873920235
6104387,1395,1016,960,51,0,6104387,1.0414445873920235
6115811,1370,1007,953,51,0,6115811,1.0414445873920235
6128206,1363,1000,950,51,0,6128206,1.0414445873920235
6138645,1372,1014,955,51,0,6138645,1.0414445873920235
6150301,1370,1007,957,51,0,6150301,1.0414445873920235
6161290,1388,1001,964,51,0,6161290,1.0414445873920235
6171615,1370,1000,954,51,0,6171615,1.0414445873920235
6184512,1357,1012,961,51,0,6184512,1.0414445873920235
6194365,1347,1023,949,51,0,6194365,1.0414445873920235
6205348,1376,1027,962,51,0,6205348,1.0414445873920235
6215722,1384,1008,950,51,0,6215722,1.0414445873920235
6227259,1363,995,953,51,0,6227259,1.0414445873920235
6239213,1356,1010,965,51,0,6239213,1.0414445873920235
6250142,1374,1011,958,51,0,6250142,1.0414445873920235
6260765,1384,1029,949,51,0,6260765,1.0414445873920235
6273191,1365,1037,949,51,0,6273191,1.0414445873920235
6282633,1360,1011,960,51,0,6282633,1.0414445873920235
6294448,1377,1011,950,51,0,6294448,1.0414445873920235
6306439,1379,1001,949,51,0,6306439,1.0414445873920235
6317361,1367,995,954,51,0,6317361,1.0414445873920235
6327510,1373,1007,961,51,0,6327510,1.0414445873920235
6339262,1358,997,950,51,0,6339262,1.0414445873920235
6350765,1382,1004,963,51,0,6350765,1.0414445873920235
6361364,1346,1013,948,51,0,6361364,1.0414445873920235
6371001,1372,1002,945,51,0,6371001,1.0414445873920235
6382224,1364,993,956,51,0,6382224,1.0414445873920235
6392542,1363,1006,948,51,0,6392542,1.0414445873920235
6403609,1382,993,950,51,0,6403609,1.0414445873920235
6415140,1369,1020,967,51,0,6415140,1.0414445873920235
6426808,1366,997,957,51,0,6426808,1.0414445873920235
6435576,1340,1041,963,51,0,6435576,1.0414445873920235
6447414,1378,1002,953,51,0,6447414,1.0414445873920235
6459507,1371,1006,956,51,0,6459507,1.0414445873920235
6468673,1366,1009,958,51,0,6468673,1.0414445873920235
6480442,1366,1027,957,51,0,6480442,1.0414445873920235
6492365,1370,995,949,51,0,6492365,1.0414445873920235
6503393,1381,988,954,51,0,6503393,1.0414445873920235
6513344,1373,1003,958,51,0,6513344,1.0414445873920235
6524528,1364,1006,950,51,0,6524528,1.0414445873920235
6535079,1365,998,953,51,0,6535079,1.0414445873920235
6544902,1377,996,961,51,0,6544902,1.0414445873920235
6554129,1379,1002,944,51,0,6554129,1.0414445873920235
6565311,1394,1012,958,51,0,6565311,1.0414445873920235
6575623,1380,988,955,51,0,6575623,1.0414445873920235
6586361,1379,1006,949,51,0,6586361,1.0414445873920235
6597449,1381,1001,958,51,0,6597449,1.0414445873920235
6607157,1387,1005,957,51,0,6607157,1.0414445873920235
6618242,1385,1004,954,51,0,6618242,1.0414445873920235
6627757,1395,993,960,51,0,6627757,1.0414445873920235
6639538,1367,1016,950,51,0,6639538,1.0414445873920235
6651700,1368,1003,954,51,0,6651700,1.0414445873920235
6661733,1372,1004,954,51,0,6661733,1.0414445873920235
6671904,1378,981,956,51,0,6671904,1.0414445873920235
6681710,1403,1010,966,51,0,6681710,1.0414445873920235
6691982,1370,1017,958,51,0,6691982,1.0414445873920235
6702062,1369,992,957,51,0,6702062,1.0414445873920235
6711664,1364,1030,961,51,0,6711664,1.0414445873920235
6722270,1338,1005,958,51,0,6722270,1.0414445873920235
6733535,1348,1009,951,51,0,6733535,1.0414445873920235
6743880,1371,1014,966,51,0,6743880,1.0414445873920235
6754206,1356,1005,962,51,0,6754206,1.0414445873920235
6765305,1343,1019,958,51,0,6765305,1.0414445873920235
6777573,1358,1003,953,51,0,6777573,1.0414445873920235
6787904,1336,1027,953,51,0,6787904,1.0414445873920235
6798698,1363,1006,953,51,0,6798698,1.0414445873920235
6809528,1355,1003,960,51,0,6809528,1.0414445873920235
6819904,1340,1019,957,51,0,6819904,1.0414445873920235
6830970,1353,1018,955,51,0,6830970,1.0414445873920235
6842469,1356,1027,954,51,0,6842469,1.0414445873920235
6853607,1353,1016,956,51,0,6853607,1.0414445873920235
6863018,1384,1009,952,51,0,6863018,1.0414445873920235
6876323,1334,1026,950,51,0,6876323,1.0414445873920235
6886106,1371,1013,970,51,0,6886106,1.0414445873920235
6896610,1344,1019,961,51,0,6896610,1.0414445873920235
6905888,1352,998,958,51,0,6905888,1.0414445873920235
6920772,1363,1019,961,51,0,6920772,1.0414445873920235
6934051,1361,1022,954,51,0,6934051,1.0414445873920235
6943939,1352,1011,952,51,0,6943939,1.0414445873920235
6954415,1366,1006,958,51,0,6954415,1.0414445873920235
6971609,1353,1010,956,51,0,6971609,1.0414445873920235
6982914,1334,965,963,51,0,6982914,1.0414445873920235
6996712,1328,1029,963,51,0,6996712,1.0414445873920235
7009340,1360,998,953,51,0,7009340,1.0414445873920235
7024175,1358,1014,954,51,0,7024175,1.0414445873920235
7043485,1366,1006,958,51,0,7043485,1.0414445873920235
7055835,1356,1015,956,51,0,7055835,1.0414445873920235
7070304,1358,991,968,51,0,7070304,1.0414445873920235
7087138,1349,1034,958,51,0,7087138,1.0414445873920235
7102293,1334,1001,959,51,0,7102293,1.0414445873920235
7119293,1360,1010,957,51,0,7119293,1.0414445873920235
7144683,1356,1004,948,51,0,7144683,1.0414445873920235
7162740,1350,1000,958,51,0,7162740,1.0414445873920235
7178797,1350,1008,961,51,0,7178797,1.0414445873920235
7197074,1361,1014,956,51,0,7197074,1.0414445873920235
7213311,1350,983,960,51,0,7213311,1.0414445873920235
7233163,1357,1005,962,51,0,7233163,1.0414445873920235
7262187,1330,1021,965,51,0,7262187,1.0414445873920235
7281410,1345,1026,947,51,0,7281410,1.0414445873920235
7295983,1342,1021,952,51,0,7295983,1.0414445873920235
7315809,1372,1020,959,51,0,7315809,1.0414445873920235
7329931,1358,991,953,51,0,7329931,1.0414445873920235
7340674,1354,985,954,51,0,7340674,1.0414445873920235
7352007,1355,1018,965,51,0,7352007,1.0414445873920235
7364642,1339,1017,953,51,0,7364642,1.0414445873920235
7377663,1352,1014,954,51,0,7377663,1.0414445873920235
7389088,1372,1006,958,51,0,7389088,1.0414445873920235
7400652,1358,1005,966,51,0,7400652,1.0414445873920235
7411572,1360,1005,963,51,0,7411572,1.0414445873920235
7421952,1339,1020,971,51,0,7421952,1.0414445873920235
7434284,1369,1014,950,51,0,7434284,1.0414445873920235
7446178,1384,1022,953,51,0,7446178,1.0414445873920235
7456631,1366,1017,957,51,0,7456631,1.0414445873920235
7472657,1362,1011,961,51,0,7472657,1.0414445873920235
7484431,1381,1011,953,51,0,7484431,1.0414445873920235
7494109,1360,1041,954,51,0,7494109,1.0414445873920235
7510254,1370,998,949,51,0,7510254,1.0414445873920235
7524027,1380,1024,957,51,0,7524027,1.0414445873920235
7541629,1381,998,956,51,0,7541629,1.0414445873920235
7551512,1360,1019,958,51,0,7551512,1.0414445873920235
7563847,1368,1007,949,51,0,7563847,1.0414445873920235
7573581,1354,1003,963,51,0,7573581,1.0414445873920235
7586819,1365,1018,960,51,0,7586819,1.0414445873920235
7599099,1378,1017,953,51,0,7599099,1.0414445873920235
7610763,1388,1010,954,51,0,7610763,1.0414445873920235
7621287,1398,1008,962,51,0,7621287,1.0414445873920235
7632875,1402,1008,962,51,0,7632875,1.0414445873920235
7642592,1364,1007,955,51,0,7642592,1.0414445873920235
7652235,1372,1034,958,51,0,7652235,1.0414445873920235
7661971,1362,1012,953,51,0,7661971,1.0414445873920235
7677871,1384,989,949,51,0,7677871,1.0414445873920235
7693267,1377,986,960,51,0,7693267,1.0414445873920235
7708764,1361,1038,959,51,0,7708764,1.0414445873920235
7723125,1377,1010,961,51,0,7723125,1.0414445873920235
7737138,1382,1006,954,51,0,7737138,1.0414445873920235
7754125,1380,996,960,51,0,7754125,1.0414445873920235
7766933,1372,1019,955,51,0,7766933,1.0414445873920235
7783815,1371,1002,955,51,0,7783815,1.0414445873920235
7797774,1360,998,950,51,0,7797774,1.0414445873920235
7814501,1354,989,960,51,0,7814501,1.0414445873920235
7828985,1354,995,957,51,0,7828985,1.0414445873920235
7845330,1355,1018,952,51,0,7845330,1.0414445873920235
7860114,1329,1026,963,51,0,7860114,1.0414445873920235
7875470,1361,1008,962,51,0,7875470,1.0414445873920235
7889509,1384,1004,950,51,0,7889509,1.0414445873920235
7903708,1361,1007,952,51,0,7903708,1.0414445873920235
7918205,1349,1050,953,51,0,7918205,1.0414445873920235
7932340,1372,1019,962,51,0,7932340,1.0414445873920235
7947062,1331,1036,956,51,0,7947062,1.0414445873920235
7960521,1385,1001,956,51,0,7960521,1.0414445873920235
7973641,1362,1014,962,51,0,7973641,1.0414445873920235
7987273,1357,1018,960,51,0,7987273,1.0414445873920235
8000063,1362,1008,944,51,0,8000063,1.0414445873920235
8016202,1354,1027,962,51,0,8016202,1.0414445873920235
8029376,1334,1024,955,51,0,8029376,1.0414445873920235
8045514,1353,1003,958,51,0,8045514,1.0414445873920235
8058375,1337,1021,961,51,0,8058375,1.0414445873920235
8069965,1355,1010,953,51,0,8069965,1.0414445873920235
8085361,1369,1010,963,51,0,8085361,1.0414445873920235
8100853,1347,1011,948,51,0,8100853,1.0414445873920235
8112000,1370,1014,953,51,0,8112000,1.0414445873920235
8122904,1368,1037,955,51,0,8122904,1.0414445873920235
8130974,1368,1002,955,51,0,8130974,1.0414445873920235
8146917,1360,1015,954,51,0,8146917,1.0414445873920235
8155296,1379,1019,961,51,0,8155296,1.0414445873920235
8163359,1374,1009,950,51,0,8163359,1.0414445873920235
8173295,1376,1022,960,51,0,8173295,1.0414445873920235
8189987,1374,1018,952,51,0,8189987,1.0414445873920235
8204314,1355,1046,958,51,0,8204314,1.0414445873920235
8217024,1344,1033,958,51,0,8217024,1.0414445873920235
8229154,1350,1006,955,51,0,8229154,1.0414445873920235
8242803,1347,1014,952,51,0,8242803,1.0414445873920235
8253750,1354,1010,956,51,0,8253750,1.0414445873920235
8265374,1353,1000,955,51,0,8265374,1.0414445873920235
8275311,1368,1004,962,51,0,8275311,1.0414445873920235
8286858,1347,1011,964,51,0,8286858,1.0414445873920235
8298096,1349,995,959,51,0,8298096,1.0414445873920235
8307312,1381,1010,953,51,0,8307312,1.0414445873920235
8321258,1396,1018,963,51,0,8321258,1.0414445873920235
8333055,1379,995,960,51,0,8333055,1.0414445873920235
8344673,1352,1017,955,51,0,8344673,1.0414445873920235
8357201,1352,1011,960,51,0,8357201,1.0414445873920235
8371264,1355,1006,944,51,0,8371264,1.0414445873920235
8386898,1350,1023,955,51,0,8386898,1.0414445873920235
8403526,1360,980,953,51,0,8403526,1.0414445873920235
8419852,1352,1006,952,51,0,8419852,1.0414445873920235
8433897,1357,1002,963,51,0,8433897,1.0414445873920235
8453632,1348,1009,957,51,0,8453632,1.0414445873920235
8473918,1338,1029,965,51,0,8473918,1.0414445873920235
8496049,1382,1024,961,51,0,8496049,1.0414445873920235
8519096,1378,1037,958,51,0,8519096,1.0414445873920235
8530980,1384,1011,954,51,0,8530980,1.0414445873920235
8551053,1395,1013,954,51,0,8551053,1.0414445873920235
8568293,1392,998,956,51,0,8568293,1.0414445873920235
8582582,1373,1011,957,51,0,8582582,1.0414445873920235
8597551,1365,1009,967,51,0,8597551,1.0414445873920235
8615092,1374,1022,950,51,0,8615092,1.0414445873920235
8635854,1366,1016,956,51,0,8635854,1.0414445873920235
8646608,1388,1021,956,51,0,8646608,1.0414445873920235
8661374,1373,1016,952,51,0,8661374,1.0414445873920235
8671979,1369,1024,961,51,0,8671979,1.0414445873920235
8684234,1370,1016,952,51,0,8684234,1.0414445873920235
8695219,1389,1013,955,51,0,8695219,1.0414445873920235
8706533,1387,1029,961,51,0,8706533,1.0414445873920235
8717297,1401,1023,954,51,0,8717297,1.0414445873920235
8727661,1363,1024,946,51,0,8727661,1.0414445873920235
8737714,1384,1006,958,51,0,8737714,1.0414445873920235
8750925,1371,988,952,51,0,8750925,1.0414445873920235
8762823,1393,1020,958,51,0,8762823,1.0414445873920235
8773295,1380,1022,958,51,0,8773295,1.0414445873920235
8783586,1379,1014,954,51,0,8783586,1.0414445873920235
8793568,1374,1000,953,51,0,8793568,1.0414445873920235
8804053,1385,1026,960,51,0,8804053,1.0414445873920235
8815532,1377,1018,950,51,0,8815532,1.0414445873920235
8826111,1357,1012,954,51,0,8826111,1.0414445873920235
8838252,1378,1050,962,51,0,8838252,1.0414445873920235
8849046,1377,1010,956,51,0,8849046,1.0414445873920235
8860181,1371,1018,955,51,0,8860181,1.0414445873920235
8871577,1359,1028,955,51,0,8871577,1.0414445873920235
8880843,1374,1006,962,51,0,8880843,1.0414445873920235
8891942,1348,1019,962,51,0,8891942,1.0414445873920235
8902865,1371,1003,960,51,0,8902865,1.0414445873920235
8912557,1362,1012,958,51,0,8912557,1.0414445873920235
8922171,1373,1015,955,51,0,8922171,1.0414445873920235
8931939,1396,1025,960,51,0,8931939,1.0414445873920235
8944697,1385,1014,959,51,0,8944697,1.0414445873920235
8954744,1369,1002,953,51,0,8954744,1.0414445873920235
8966122,1382,1044,959,51,0,8966122,1.0414445873920235
8975776,1364,1021,960,51,0,8975776,1.0414445873920235
8985066,1381,997,949,51,0,8985066,1.0414445873920235
8994917,1381,1020,960,51,0,8994917,1.0414445873920235
9006565,1370,1018,958,51,0,9006565,1.0414445873920235
9017355,1374,1029,950,51,0,9017355,1.0414445873920235
9027145,1389,1013,952,51,0,9027145,1.0414445873920235
9042493,1373,1005,956,51,0,9042493,1.0414445873920235
9052827,1381,1010,963,51,0,9052827,1.0414445873920235
9063744,1374,996,956,51,0,9063744,1.0414445873920235
9075218,1372,1034,961,51,0,9075218,1.0414445873920235
9085403,1402,1009,956,51,0,9085403,1.0414445873920235
9096400,1374,1005,957,51,0,9096400,1.0414445873920235
9106864,1379,1006,957,51,0,9106864,1.0414445873920235
9116424,1379,1024,960,51,0,9116424,1.0414445873920235
9127957,1363,1020,958,51,0,9127957,1.0414445873920235
9139349,1372,1026,947,51,0,9139349,1.0414445873920235
9148969,1375,1017,961,51,0,9148969,1.0414445873920235
9161423,1405,1017,957,51,0,9161423,1.0414445873920235
9172415,1377,1014,958,51,0,9172415,1.0414445873920235
9182322,1378,1003,960,51,0,9182322,1.0414445873920235
9194233,1356,1035,965,51,0,9194233,1.0414445873920235
9211396,1368,1019,965,51,0,9211396,1.0414445873920235
9220204,1373,1013,961,51,0,9220204,1.0414445873920235
9236034,1378,990,950,51,0,9236034,1.0414445873920235
9246614,1401,1016,951,51,0,9246614,1.0414445873920235
9256440,1390,1041,960,51,0,9256440,1.0414445873920235
9267492,1384,1005,950,51,0,9267492,1.0414445873920235
9277308,1370,1003,954,51,0,9277308,1.0414445873920235
9288196,1366,1001,954,51,0,9288196,1.0414445873920235
9298907,1379,1017,965,51,0,9298907,1.0414445873920235
9310699,1374,1017,950,51,0,9310699,1.0414445873920235
9320491,1376,1012,955,51,0,9320491,1.0414445873920235
9331527,1355,1012,955,51,0,9331527,1.0414445873920235
9340086,1377,1018,961,51,0,9340086,1.0414445873920235
9351139,1374,1025,950,51,0,9351139,1.0414445873920235
9362074,1370,1021,956,51,0,9362074,1.0414445873920235
9370853,1381,1024,957,51,0,9370853,1.0414445873920235
9381938,1387,1004,964,51,0,9381938,1.0414445873920235
9390988,1378,1008,962,51,0,9390988,1.0414445873920235
9403062,1373,1029,955,51,0,9403062,1.0414445873920235
9413647,1378,1012,957,51,0,9413647,1.0414445873920235
9424696,1371,1008,952,51,0,9424696,1.0414445873920235
9436120,1386,1020,962,51,0,9436120,1.0414445873920235
9447752,1362,1023,944,51,0,9447752,1.0414445873920235
9462592,1345,1010,949,51,0,9462592,1.0414445873920235
9472822,1364,1013,953,51,0,9472822,1.0414445873920235
9484190,1376,1024,964,51,0,9484190,1.0414445873920235
9493719,1377,1033,956,51,0,9493719,1.0414445873920235
9504585,1381,1029,956,51,0,9504585,1.0414445873920235
9515568,1369,1009,961,51,0,9515568,1.0414445873920235
9527358,1361,999,953,51,0,9527358,1.0414445873920235
9537663,1366,1011,965,51,0,9537663,1.0414445873920235
9548204,1370,1011,948,51,0,9548204,1.0414445873920235
9557386,1365,1012,960,51,0,9557386,1.0414445873920235
9566800,1369,1014,960,51,0,9566800,1.0414445873920235
9579155,1352,1004,950,51,0,9579155,1.0414445873920235
9589607,1369,996,965,51,0,9589607,1.0414445873920235
9600155,1365,1008,962,51,0,9600155,1.0414445873920235
9610926,1371,1013,962,51,0,9610926,1.0414445873920235
9621859,1358,1008,956,51,0,9621859,1.0414445873920235
9633253,1394,1013,962,51,0,9633253,1.0414445873920235
9643033,1362,1012,957,51,0,9643033,1.0414445873920235
9655048,1363,1016,963,51,0,9655048,1.0414445873920235
9665621,1375,1014,961,51,0,9665621,1.0414445873920235
9679765,1383,1040,956,51,0,9679765,1.0414445873920235
9690877,1332,1030,956,51,0,9690877,1.0414445873920235
9704133,1371,1034,956,51,0,9704133,1.0414445873920235
9721775,1357,1045,952,51,0,9721775,1.0414445873920235
9736202,1379,1034,952,51,0,9736202,1.0414445873920235
9749417,1363,1033,953,51,0,9749417,1.0414445873920235
9760055,1395,1018,953,51,0,9760055,1.0414445873920235
9770400,1396,1021,955,51,0,9770400,1.0414445873920235
9783477,1366,1018,951,51,0,9783477,1.0414445873920235
9796075,1376,1022,958,51,0,9796075,1.0414445873920235
9807629,1369,1005,954,51,0,9807629,1.0414445873920235
9818993,1360,1014,954,51,0,9818993,1.0414445873920235
9830933,1369,1019,954,51,0,9830933,1.0414445873920235
9840329,1352,1013,963,51,0,9840329,1.0414445873920235
9850683,1368,1011,962,51,0,9850683,1.0414445873920235
9860483,1360,1013,964,51,0,9860483,1.0414445873920235
9870291,1376,1011,957,51,0,9870291,1.0414445873920235
9884312,1372,1022,964,51,0,9884312,1.0414445873920235
9894309,1365,1033,955,51,0,9894309,1.0414445873920235
9905314,1348,1027,953,51,0,9905314,1.0414445873920235
9916623,1358,1010,958,51,0,9916623,1.0414445873920235
9926236,1392,1017,954,51,0,9926236,1.0414445873920235
9938418,1364,1049,963,51,0,9938418,1.0414445873920235
9947699,1361,1037,957,51,0,9947699,1.0414445873920235
9957669,1364,1033,957,51,0,9957669,1.0414445873920235
9966906,1382,1013,957,51,0,9966906,1.0414445873920235
9976246,1384,1025,954,51,0,9976246,1.0414445873920235
9986954,1369,998,950,51,0,9986954,1.0414445873920235
9995849,1380,1013,960,51,0,9995849,1.0414445873920235
10007273,1384,997,953,51,0,10007273,1.0414445873920235
10017988,1376,1008,966,51,0,10017988,1.0414445873920235
10029189,1380,1021,956,51,0,10029189,1.0414445873920235
10040599,1366,1020,960,51,0,10040599,1.0414445873920235
10051902,1381,1028,958,51,0,10051902,1.0414445873920235
10063152,1378,996,962,51,0,10063152,1.0414445873920235
10073681,1368,1007,950,51,0,10073681,1.0414445873920235
10084888,1374,1004,954,51,0,10084888,1.0414445873920235
10095540,1383,1016,954,51,0,10095540,1.0414445873920235
10105514,1365,1022,956,51,0,10105514,1.0414445873920235
10117817,1384,993,956,51,0,10117817,1.0414445873920235
10128620,1369,1004,966,51,0,10128620,1.0414445873920235
10139302,1372,997,958,51,0,10139302,1.0414445873920235
10154950,1397,1019,949,51,0,10154950,1.0414445873920235
10166231,1354,1024,958,51,0,10166231,1.0414445873920235
10177800,1367,1012,953,51,0,10177800,1.0414445873920235
10188867,1354,1018,954,51,0,10188867,1.0414445873920235
10200139,1370,995,955,51,0,10200139,1.0414445873920235
10209942,1339,1010,960,51,0,10209942,1.0414445873920235
10221480,1358,1002,958,51,0,10221480,1.0414445873920235
10232478,1357,1040,954,51,0,10232478,1.0414445873920235
10242736,1364,1008,955,51,0,10242736,1.0414445873920235
10255734,1385,1002,950,51,0,10255734,1.0414445873920235
10266647,1346,1002,956,51,0,10266647,1.0414445873920235
10276586,1349,1013,957,51,0,10276586,1.0414445873920235
10286898,1347,1011,958,51,0,10286898,1.0414445873920235
10299254,1365,1010,956,51,0,10299254,1.0414445873920235
10309601,1370,987,953,51,0,10309601,1.0414445873920235
10318987,1364,1002,959,51,0,10318987,1.0414445873920235
10331883,1375,1036,954,51,0,10331883,1.0414445873920235
10343178,1358,1021,960,51,0,10343178,1.0414445873920235
10354072,1400,1000,952,51,0,10354072,1.0414445873920235
10368753,1384,1026,957,51,0,10368753,1.0414445873920235
10379203,1372,1020,965,51,0,10379203,1.0414445873920235
10391594,1398,998,955,51,0,10391594,1.0414445873920235
10402598,1372,1029,958,51,0,10402598,1.0414445873920235
10413294,1369,1014,956,51,0,10413294,1.0414445873920235
10422123,1381,997,955,51,0,10422123,1.0414445873920235
10432419,1368,1018,955,51,0,10432419,1.0414445873920235
10445126,1373,1016,951,51,0,10445126,1.0414445873920235
10456070,1374,1016,952,51,0,10456070,1.0414445873920235
10466380,1379,993,952,51,0,10466380,1.0414445873920235
10477419,1385,1008,945,51,0,10477419,1.0414445873920235
10491137,1365,1033,952,51,0,10491137,1.0414445873920235
10502122,1382,1020,953,51,0,10502122,1.0414445873920235
10513979,1402,1009,959,51,0,10513979,1.0414445873920235
10524380,1374,1022,969,51,0,10524380,1.0414445873920235
10537896,1385,1012,961,51,0,10537896,1.0414445873920235
10547547,1405,1016,961,51,0,10547547,1.0414445873920235
10558858,1411,1033,952,51,0,10558858,1.0414445873920235
10568243,1383,1014,953,51,0,10568243,1.0414445873920235
10578209,1386,1005,957,51,0,10578209,1.0414445873920235
10591411,1381,1020,958,51,0,10591411,1.0414445873920235
10602802,1388,1013,957,51,0,10602802,1.0414445873920235
10614737,1366,1003,957,51,0,10614737,1.0414445873920235
10624925,1389,1017,960,51,0,10624925,1.0414445873920235
10634897,1377,1006,956,51,0,10634897,1.0414445873920235
10645320,1390,1006,949,51,0,10645320,1.0414445873920235
10655475,1395,1037,945,51,0,10655475,1.0414445873920235
10670991,1386,1021,948,51,0,10670991,1.0414445873920235
10683920,1386,998,962,51,0,10683920,1.0414445873920235
10701831,1374,1027,956,51,0,10701831,1.0414445873920235
10717946,1376,1019,960,51,0,10717946,1.0414445873920235
10730490,1395,1016,954,51,0,10730490,1.0414445873920235
10744231,1380,1003,950,51,0,10744231,1.0414445873920235
10759580,1390,1030,958,51,0,10759580,1.0414445873920235
10771785,1394,1012,954,51,0,10771785,1.0414445873920235
10784252,1378,1036,956,51,0,10784252,1.0414445873920235
10796284,1394,1019,964,51,0,10796284,1.0414445873920235
10811986,1377,1009,958,51,0,10811986,1.0414445873920235
10824248,1383,1025,964,51,0,10824248,1.0414445873920235
10835116,1382,1023,960,51,0,10835116,1.0414445873920235
10845560,1386,1009,956,51,0,10845560,1.0414445873920235
10855463,1363,1018,950,51,0,10855463,1.0414445873920235
10867593,1381,1016,964,51,0,10867593,1.0414445873920235
10886369,1381,1016,954,51,0,10886369,1.0414445873920235
10897717,1380,1014,949,51,0,10897717,1.0414445873920235
10908269,1400,1006,956,51,0,10908269,1.0414445873920235
10920404,1381,1014,949,51,0,10920404,1.0414445873920235
10932660,1396,1025,950,51,0,10932660,1.0414445873920235
10944158,1396,996,955,51,0,10944158,1.0414445873920235
10956854,1356,1002,949,51,0,10956854,1.0414445873920235
10969518,1356,1008,956,51,0,10969518,1.0414445873920235
10980103,1374,1024,953,51,0,10980103,1.0414445873920235
10991824,1385,1008,957,51,0,10991824,1.0414445873920235
11003847,1357,989,950,51,0,11003847,1.0414445873920235
11017236,1346,1056,956,51,0,11017236,1.0414445873920235
11033358,1347,1053,955,51,0,11033358,1.0414445873920235
11044310,1355,1054,954,51,0,11044310,1.0414445873920235
11058139,1366,1018,952,51,0,11058139,1.0414445873920235
11069315,1365,1003,955,51,0,11069315,1.0414445873920235
11082020,1385,1007,954,51,0,11082020,1.0414445873920235
11099816,1373,1009,954,51,0,11099816,1.0414445873920235
11113593,1376,1020,954,51,0,11113593,1.0414445873920235
11127926,1350,1012,955,51,0,11127926,1.0414445873920235
11139874,1376,1027,958,51,0,11139874,1.0414445873920235
11153756,1381,1016,961,51,0,11153756,1.0414445873920235
11165659,1384,1018,952,51,0,11165659,1.0414445873920235
11177388,1377,1010,961,51,0,11177388,1.0414445873920235
11189721,1369,1018,960,51,0,11189721,1.0414445873920235
11203835,1377,1018,958,51,0,11203835,1.0414445873920235
11215060,1365,1021,956,51,0,11215060,1.0414445873920235
11229881,1373,1026,958,51,0,11229881,1.0414445873920235
11242828,1396,1009,957,51,0,11242828,1.0414445873920235
11255228,1370,1029,960,51,0,11255228,1.0414445873920235
11271051,1379,1000,949,51,0,11271051,1.0414445873920235
11282558,1358,1019,954,51,0,11282558,1.0414445873920235
11295510,1369,1044,960,51,0,11295510,1.0414445873920235
11311425,1369,1010,953,51,0,11311425,1.0414445873920235
11327607,1353,998,956,51,0,11327607,1.0414445873920235
11342318,1352,1008,961,51,0,11342318,1.0414445873920235
11354541,1344,989,961,51,0,11354541,1.0414445873920235
11368439,1360,1010,958,51,0,11368439,1.0414445873920235
11380898,1372,1010,956,51,0,11380898,1.0414445873920235
11393507,1362,1014,962,51,0,11393507,1.0414445873920235
11408661,1363,1003,961,51,0,11408661,1.0414445873920235
11422316,1366,1004,962,51,0,11422316,1.0414445873920235
11434809,1366,1002,948,51,0,11434809,1.0414445873920235
11445839,1360,1013,970,51,0,11445839,1.0414445873920235
11456588,1365,1004,950,51,0,11456588,1.0414445873920235
11472407,1369,1003,951,51,0,11472407,1.0414445873920235
11480494,1364,1016,960,51,0,11480494,1.0414445873920235
11492754,1366,1013,960,51,0,11492754,1.0414445873920235
11504204,1349,988,960,51,0,11504204,1.0414445873920235
11522790,1361,1016,968,51,0,11522790,1.0414445873920235
11534118,1360,1017,970,51,0,11534118,1.0414445873920235
11550896,1352,992,957,51,0,11550896,1.0414445873920235
11564988,1364,989,966,51,0,11564988,1.0414445873920235
11577058,1346,1021,953,51,0,11577058,1.0414445873920235
11589359,1380,1017,951,51,0,11589359,1.0414445873920235
11605135,1369,1036,957,51,0,11605135,1.0414445873920235
11615791,1350,1012,962,51,0,11615791,1.0414445873920235
11627657,1368,1026,956,51,0,11627657,1.0414445873920235
11641531,1360,1004,964,51,0,11641531,1.0414445873920235
11657278,1355,1018,954,51,0,11657278,1.0414445873920235
11668225,1359,1055,959,51,0,11668225,1.0414445873920235
11680866,1364,1011,957,51,0,11680866,1.0414445873920235
11693256,1364,1001,957,51,0,11693256,1.0414445873920235
11705199,1368,1011,948,51,0,11705199,1.0414445873920235
11717713,1360,1002,966,51,0,11717713,1.0414445873920235
11737379,1395,1014,953,51,0,11737379,1.0414445873920235
11752221,1362,992,957,51,0,11752221,1.0414445873920235
11763633,1353,1016,955,51,0,11763633,1.0414445873920235
11774244,1362,1014,961,51,0,11774244,1.0414445873920235
11784956,1358,1006,965,51,0,11784956,1.0414445873920235
11794999,1397,1035,965,51,0,11794999,1.0414445873920235
11807031,1386,1035,950,51,0,11807031,1.0414445873920235
11819837,1396,1025,953,51,0,11819837,1.0414445873920235
11834527,1384,1012,962,51,0,11834527,1.0414445873920235
11851346,1360,1049,947,51,0,11851346,1.0414445873920235
11867745,1378,1008,953,51,0,11867745,1.0414445873920235
11879946,1371,1034,950,51,0,11879946,1.0414445873920235
11890863,1366,1024,957,51,0,11890863,1.0414445873920235
11901334,1377,1027,953,51,0,11901334,1.0414445873920235
11911023,1394,1045,962,51,0,11911023,1.0414445873920235
11926140,1391,1021,955,51,0,11926140,1.0414445873920235
11938973,1378,1016,953,51,0,11938973,1.0414445873920235
11949843,1380,976,968,51,0,11949843,1.0414445873920235
11962150,1378,1020,961,51,0,11962150,1.0414445873920235
11982025,1387,1014,966,51,0,11982025,1.0414445873920235
11993516,1372,1018,956,51,0,11993516,1.0414445873920235
12005380,1387,1005,959,51,0,12005380,1.0414445873920235
12023423,1368,1043,958,51,0,12023423,1.0414445873920235
12039918,1369,1022,963,51,0,12039918,1.0414445873920235
12052517,1385,1041,955,51,0,12052517,1.0414445873920235
12064761,1369,1003,958,51,0,12064761,1.0414445873920235
12075651,1375,1021,955,51,0,12075651,1.0414445873920235
12088752,1357,1034,964,51,0,12088752,1.0414445873920235
12099004,1363,1006,958,51,0,12099004,1.0414445873920235
12113310,1370,1011,953,51,0,12113310,1.0414445873920235
12131676,1346,1034,955,51,0,12131676,1.0414445873920235
12142527,1385,1017,956,51,0,12142527,1.0414445873920235
12156769,1369,1016,954,51,0,12156769,1.0414445873920235
12166698,1379,1000,954,51,0,12166698,1.0414445873920235
12179343,1384,1016,966,51,0,12179343,1.0414445873920235
12192330,1393,1003,956,51,0,12192330,1.0414445873920235
12204111,1400,1013,958,51,0,12204111,1.0414445873920235
12216861,1378,1033,963,51,0,12216861,1.0414445873920235
12236133,1381,1025,956,51,0,12236133,1.0414445873920235
12250952,1390,1019,957,51,0,12250952,1.0414445873920235
12262763,1378,1042,954,51,0,12262763,1.0414445873920235
12276248,1368,1001,952,51,0,12276248,1.0414445873920235
12289130,1377,1018,961,51,0,12289130,1.0414445873920235
12299676,1373,1011,961,51,0,12299676,1.0414445873920235
12314479,1362,1030,960,51,0,12314479,1.0414445873920235
12325787,1357,1006,957,51,0,12325787,1.0414445873920235
12336978,1370,1009,962,51,0,12336978,1.0414445873920235
12349884,1360,1043,957,51,0,12349884,1.0414445873920235
12361964,1346,1001,954,51,0,12361964,1.0414445873920235
12373562,1354,1028,963,51,0,12373562,1.0414445873920235
12388419,1368,1016,960,51,0,12388419,1.0414445873920235
12399498,1365,1006,952,51,0,12399498,1.0414445873920235
12412153,1371,1016,955,51,0,12412153,1.0414445873920235
12424946,1341,1014,958,51,0,12424946,1.0414445873920235
12437432,1349,1042,961,51,0,12437432,1.0414445873920235
12448166,1348,1009,953,51,0,12448166,1.0414445873920235
12460697,1377,1011,956,51,0,12460697,1.0414445873920235
12473797,1377,1013,950,51,0,12473797,1.0414445873920235
12485874,1386,1019,957,51,0,12485874,1.0414445873920235
12497019,1347,1017,957,51,0,12497019,1.0414445873920235
12510915,1364,1005,955,51,0,12510915,1.0414445873920235
12522409,1371,1015,962,51,0,12522409,1.0414445873920235
12536392,1364,1008,951,51,0,12536392,1.0414445873920235
12545961,1350,1013,949,51,0,12545961,1.0414445873920235
12560237,1341,1041,953,51,0,12560237,1.0414445873920235
12573469,1352,1026,957,51,0,12573469,1.0414445873920235
12585623,1382,1021,965,51,0,12585623,1.0414445873920235
12599088,1371,1018,948,51,0,12599088,1.0414445873920235
12610951,1360,1014,952,51,0,12610951,1.0414445873920235
12622223,1369,1014,949,51,0,12622223,1.0414445873920235
12637065,1355,1006,959,51,0,12637065,1.0414445873920235
12649501,1366,1045,956,51,0,12649501,1.0414445873920235
12663786,1352,996,952,51,0,12663786,1.0414445873920235
12676249,1357,1012,953,51,0,12676249,1.0414445873920235
12688895,1341,1004,965,51,0,12688895,1.0414445873920235
12699894,1349,1009,964,51,0,12699894,1.0414445873920235
12711586,1352,1009,949,51,0,12711586,1.0414445873920235
12725165,1347,992,949,51,0,12725165,1.0414445873920235
12740927,1349,996,960,51,0,12740927,1.0414445873920235
12752615,1359,998,958,51,0,12752615,1.0414445873920235
12769657,1368,1023,958,51,0,12769657,1.0414445873920235
12787818,1377,1009,957,51,0,12787818,1.0414445873920235
12805907,1371,997,955,51,0,12805907,1.0414445873920235
12842415,1365,1011,961,51,0,12842415,1.0414445873920235
12859276,1360,1022,953,51,0,12859276,1.0414445873920235
12883888,1392,1013,959,51,0,12883888,1.0414445873920235
12903394,1369,1012,950,51,0,12903394,1.0414445873920235
12921442,1356,1020,958,51,0,12921442,1.0414445873920235
12935024,1350,1010,965,51,0,12935024,1.0414445873920235
12953176,1374,1028,953,51,0,12953176,1.0414445873920235
12964524,1381,1013,946,51,0,12964524,1.0414445873920235
12977280,1359,1019,948,51,0,12977280,1.0414445873920235
12989151,1386,1005,966,51,0,12989151,1.0414445873920235
12998677,1392,1012,962,51,0,12998677,1.0414445873920235
13009178,1372,998,964,51,0,13009178,1.0414445873920235
13019957,1358,1019,955,51,0,13019957,1.0414445873920235
13030427,1363,1017,957,51,0,13030427,1.0414445873920235
13040303,1350,1014,969,51,0,13040303,1.0414445873920235
13050141,1365,997,963,51,0,13050141,1.0414445873920235
13064096,1346,998,956,51,0,13064096,1.0414445873920235
13076636,1354,996,964,51,0,13076636,1.0414445873920235
13085977,1356,1014,964,51,0,13085977,1.0414445873920235
13097524,1371,1010,953,51,0,13097524,1.0414445873920235
13110111,1344,1021,952,51,0,13110111,1.0414445873920235
13119923,1359,1029,946,51,0,13119923,1.0414445873920235
13129545,1377,1004,958,51,0,13129545,1.0414445873920235
13140525,1348,1003,961,51,0,13140525,1.0414445873920235
13149599,1347,1017,962,51,0,13149599,1.0414445873920235
13161168,1368,1001,956,51,0,13161168,1.0414445873920235
13172244,1350,1000,955,51,0,13172244,1.0414445873920235
13183581,1353,1003,973,51,0,13183581,1.0414445873920235
13193047,1348,992,960,51,0,13193047,1.0414445873920235
13203545,1368,981,964,51,0,13203545,1.0414445873920235
13215098,1353,984,951,51,0,13215098,1.0414445873920235
13228470,1355,996,962,51,0,13228470,1.0414445873920235
13239163,1353,1008,958,51,0,13239163,1.0414445873920235
13251744,1354,1027,961,51,0,13251744,1.0414445873920235
13264510,1358,1022,955,51,0,13264510,1.0414445873920235
13274109,1372,1021,958,51,0,13274109,1.0414445873920235
13283879,1379,1037,954,51,0,13283879,1.0414445873920235
13295000,1374,1030,963,51,0,13295000,1.0414445873920235
13305521,1362,1011,964,51,0,13305521,1.0414445873920235
13317022,1385,1017,952,51,0,13317022,1.0414445873920235
13332637,1356,1013,963,51,0,13332637,1.0414445873920235
13344939,1395,1018,957,51,0,13344939,1.0414445873920235
13355233,1386,1019,961,51,0,13355233,1.0414445873920235
13364895,1376,1040,958,51,0,13364895,1.0414445873920235
13377790,1380,1004,948,51,0,13377790,1.0414445873920235
13389519,1392,1008,960,51,0,13389519,1.0414445873920235
13400792,1370,1004,955,51,0,13400792,1.0414445873920235
13410799,1365,1020,961,51,0,13410799,1.0414445873920235
13420370,1369,1027,955,51,0,13420370,1.0414445873920235
13429423,1380,1001,954,51,0,13429423,1.0414445873920235
13439023,1374,1003,960,51,0,13439023,1.0414445873920235
13450399,1365,1030,954,51,0,13450399,1.0414445873920235
13462371,1378,997,952,51,0,13462371,1.0414445873920235
13472740,1371,1019,960,51,0,13472740,1.0414445873920235
13484083,1371,1030,960,51,0,13484083,1.0414445873920235
13494911,1409,1020,963,51,0,13494911,1.0414445873920235
13505796,1373,1021,957,51,0,13505796,1.0414445873920235
13516876,1365,1042,953,51,0,13516876,1.0414445873920235
13527976,1363,996,961,51,0,13527976,1.0414445873920235
13538793,1373,1012,958,51,0,13538793,1.0414445873920235
13549548,1363,1009,954,51,0,13549548,1.0414445873920235
13561256,1380,1011,955,51,0,13561256,1.0414445873920235
13571416,1328,1027,963,51,0,13571416,1.0414445873920235
13581578,1381,1022,954,51,0,13581578,1.0414445873920235
13591820,1389,1032,958,51,0,13591820,1.0414445873920235
13601972,1360,1019,955,51,0,13601972,1.0414445873920235
13611152,1372,1004,952,51,0,13611152,1.0414445873920235
13622993,1401,1019,956,51,0,13622993,1.0414445873920235
13634286,1384,1012,950,51,0,13634286,1.0414445873920235
13645357,1375,1022,957,51,0,13645357,1.0414445873920235
13656241,1383,1003,960,51,0,13656241,1.0414445873920235
13667106,1365,1020,956,51,0,13667106,1.0414445873920235
13676733,1363,1018,962,51,0,13676733,1.0414445873920235
13688863,1368,1027,953,51,0,13688863,1.0414445873920235
13699425,1364,1012,957,51,0,13699425,1.0414445873920235
13709577,1380,1010,963,51,0,13709577,1.0414445873920235
13719180,1381,1030,951,51,0,13719180,1.0414445873920235
13729716,1374,1014,952,51,0,13729716,1.0414445873920235
13743154,1395,1007,960,51,0,13743154,1.0414445873920235
13754626,1378,1009,954,51,0,13754626,1.0414445873920235
13766923,1410,1016,950,51,0,13766923,1.0414445873920235
13775677,1361,1009,953,51,0,13775677,1.0414445873920235
13786411,1392,1005,966,51,0,13786411,1.0414445873920235
13797479,1386,1001,953,51,0,13797479,1.0414445873920235
13808678,1412,1017,957,51,0,13808678,1.0414445873920235
13818440,1376,1003,970,51,0,13818440,1.0414445873920235
13828017,1373,1019,948,51,0,13828017,1.0414445873920235
13838174,1411,1014,953,51,0,13838174,1.0414445873920235
13848388,1381,1002,954,51,0,13848388,1.0414445873920235
13858104,1384,1015,955,51,0,13858104,1.0414445873920235
13868046,1396,1019,954,51,0,13868046,1.0414445873920235
13878035,1389,1027,949,51,0,13878035,1.0414445873920235
13888186,1362,1013,954,51,0,13888186,1.0414445873920235
13899477,1369,1023,952,51,0,13899477,1.0414445873920235
13909966,1374,996,947,51,0,13909966,1.0414445873920235
13919586,1381,1006,955,51,0,13919586,1.0414445873920235
13929789,1366,1014,945,51,0,13929789,1.0414445873920235
13939856,1392,1029,953,51,0,13939856,1.0414445873920235
13953302,1371,1013,958,51,0,13953302,1.0414445873920235
13964228,1390,1037,963,51,0,13964228,1.0414445873920235
13975571,1366,1010,953,51,0,13975571,1.0414445873920235
13985620,1380,1034,960,51,0,13985620,1.0414445873920235
13994766,1372,1035,959,51,0,13994766,1.0414445873920235
14006124,1369,1000,955,51,0,14006124,1.0414445873920235
14015450,1368,1022,954,51,0,14015450,1.0414445873920235
14025530,1381,1014,969,51,0,14025530,1.0414445873920235
14034378,1379,1016,962,51,0,14034378,1.0414445873920235
14044608,1382,1006,957,51,0,14044608,1.0414445873920235
14054106,1367,1006,958,51,0,14054106,1.0414445873920235
14065070,1385,1002,962,51,0,14065070,1.0414445873920235
14075954,1394,1019,964,51,0,14075954,1.0414445873920235
14087627,1386,1032,950,51,0,14087627,1.0414445873920235
14098589,1382,1012,950,51,0,14098589,1.0414445873920235
14108696,1370,1042,968,51,0,14108696,1.0414445873920235
14118188,1374,1014,956,51,0,14118188,1.0414445873920235
14128115,1366,988,953,51,0,14128115,1.0414445873920235
14137705,1404,996,956,51,0,14137705,1.0414445873920235
14152943,1380,1049,956,51,0,14152943,1.0414445873920235
14162723,1379,1017,952,51,0,14162723,1.0414445873920235
14171829,1373,1006,953,51,0,14171829,1.0414445873920235
14181612,1370,1028,969,51,0,14181612,1.0414445873920235
14190797,1372,1014,955,51,0,14190797,1.0414445873920235
14201862,1376,1006,950,51,0,14201862,1.0414445873920235
14212435,1384,1008,955,51,0,14212435,1.0414445873920235
14224346,1367,993,960,51,0,14224346,1.0414445873920235
14235064,1372,1000,957,51,0,14235064,1.0414445873920235
14245431,1386,1012,955,51,0,14245431,1.0414445873920235
14256190,1376,1024,960,51,0,14256190,1.0414445873920235
14272022,1376,1011,958,51,0,14272022,1.0414445873920235
14280423,1380,1017,953,51,0,14280423,1.0414445873920235
14289453,1375,1009,959,51,0,14289453,1.0414445873920235
14300627,1376,1009,956,51,0,14300627,1.0414445873920235
14309600,1366,988,953,51,0,14309600,1.0414445873920235
14320050,1385,1011,966,51,0,14320050,1.0414445873920235
14329859,1406,1000,961,51,0,14329859,1.0414445873920235
14341573,1385,1013,958,51,0,14341573,1.0414445873920235
14351563,1397,1002,957,51,0,14351563,1.0414445873920235
14363948,1381,1014,964,51,0,14363948,1.0414445873920235
14375179,1357,1024,962,51,0,14375179,1.0414445873920235
14385944,1386,1011,961,51,0,14385944,1.0414445873920235
14396244,1378,1012,960,51,0,14396244,1.0414445873920235
14406796,1385,1005,960,51,0,14406796,1.0414445873920235
14416774,1371,1005,956,51,0,14416774,1.0414445873920235
14426550,1345,1017,968,51,0,14426550,1.0414445873920235
14435881,1331,1002,963,51,0,14435881,1.0414445873920235
14445355,1361,990,952,51,0,14445355,1.0414445873920235
14456833,1366,1019,957,51,0,14456833,1.0414445873920235
14466262,1359,998,952,51,0,14466262,1.0414445873920235
14475988,1362,1006,964,51,0,14475988,1.0414445873920235
14486300,1362,989,963,51,0,14486300,1.0414445873920235
14497915,1365,998,949,51,0,14497915,1.0414445873920235
14510152,1359,999,953,51,0,14510152,1.0414445873920235
14519665,1356,1003,949,51,0,14519665,1.0414445873920235
14528931,1365,1017,957,51,0,14528931,1.0414445873920235
14539799,1359,1005,948,51,0,14539799,1.0414445873920235
14551251,1357,1016,949,51,0,14551251,1.0414445873920235
14561874,1356,1000,956,51,0,14561874,1.0414445873920235
14573974,1364,969,950,51,0,14573974,1.0414445873920235
14583323,1341,1017,961,51,0,14583323,1.0414445873920235
14593321,1373,1025,957,51,0,14593321,1.0414445873920235
14604272,1345,1053,960,51,0,14604272,1.0414445873920235
14615487,1340,1009,960,51,0,14615487,1.0414445873920235
14627211,1369,1005,966,51,0,14627211,1.0414445873920235
14641180,1366,1009,953,51,0,14641180,1.0414445873920235
14652497,1324,1017,959,51,0,14652497,1.0414445873920235
14663030,1350,1006,959,51,0,14663030,1.0414445873920235
14675762,1376,1013,956,51,0,14675762,1.0414445873920235
14685440,1353,1037,956,51,0,14685440,1.0414445873920235
14696439,1360,1013,952,51,0,14696439,1.0414445873920235
14706422,1354,1023,957,51,0,14706422,1.0414445873920235
14718534,1364,1009,954,51,0,14718534,1.0414445873920235
14729107,1386,1016,961,51,0,14729107,1.0414445873920235
14740196,1390,1012,957,51,0,14740196,1.0414445873920235
14752002,1348,1014,960,51,0,14752002,1.0414445873920235
14762208,1346,1041,953,51,0,14762208,1.0414445873920235
14773842,1338,1034,957,51,0,14773842,1.0414445873920235
14784137,1372,1003,953,51,0,14784137,1.0414445873920235
14795527,1378,1008,956,51,0,14795527,1.0414445873920235
14806455,1349,1016,958,51,0,14806455,1.0414445873920235
14816840,1364,1011,953,51,0,14816840,1.0414445873920235
14828181,1382,1010,952,51,0,14828181,1.0414445873920235
14841466,1359,1028,954,51,0,14841466,1.0414445873920235
14851999,1368,1007,955,51,0,14851999,1.0414445873920235
14861928,1372,1019,952,51,0,14861928,1.0414445873920235
14871843,1346,1019,961,51,0,14871843,1.0414445873920235
14882203,1388,1004,960,51,0,14882203,1.0414445873920235
14892911,1376,1011,950,51,0,14892911,1.0414445873920235
14902676,1369,1019,960,51,0,14902676,1.0414445873920235
14911647,1365,990,961,51,0,14911647,1.0414445873920235
14920880,1366,1011,958,51,0,14920880,1.0414445873920235
14931588,1396,1014,956,51,0,14931588,1.0414445873920235
14941253,1402,1007,962,51,0,14941253,1.0414445873920235
14952359,1365,1042,948,51,0,14952359,1.0414445873920235
14963637,1371,1024,949,51,0,14963637,1.0414445873920235
14976418,1383,1027,956,51,0,14976418,1.0414445873920235
14988487,1384,1029,961,51,0,14988487,1.0414445873920235
14999470,1373,1028,956,51,0,14999470,1.0414445873920235
15008760,1375,1026,958,51,0,15008760,1.0414445873920235
15021816,1361,1011,956,51,0,15021816,1.0414445873920235
15042964,1357,1032,955,51,0,15042964,1.0414445873920235
15054620,1336,1036,965,51,0,15054620,1.0414445873920235
15067141,1366,1016,966,51,0,15067141,1.0414445873920235
15078802,1364,1011,950,51,0,15078802,1.0414445873920235
15107298,1354,1024,955,51,0,15107298,1.0414445873920235
15117057,1367,1004,954,51,0,15117057,1.0414445873920235
15138090,1377,989,954,51,0,15138090,1.0414445873920235
15153462,1368,1006,956,51,0,15153462,1.0414445873920235
15168510,1375,1012,962,51,0,15168510,1.0414445873920235
15183109,1350,1027,953,51,0,15183109,1.0414445873920235
15194293,1353,1029,960,51,0,15194293,1.0414445873920235
15204641,1377,1021,952,51,0,15204641,1.0414445873920235
15216346,1360,1021,960,51,0,15216346,1.0414445873920235
15226131,1353,1028,960,51,0,15226131,1.0414445873920235
15237046,1370,1035,963,51,0,15237046,1.0414445873920235
15248825,1347,1008,950,51,0,15248825,1.0414445873920235
15259097,1379,1013,957,51,0,15259097,1.0414445873920235
15269564,1364,1010,946,51,0,15269564,1.0414445873920235
15287898,1363,1008,953,51,0,15287898,1.0414445873920235
15300481,1356,965,960,51,0,15300481,1.0414445873920235
15311474,1372,1028,956,51,0,15311474,1.0414445873920235
15324375,1358,1017,961,51,0,15324375,1.0414445873920235
15335677,1376,1011,954,51,0,15335677,1.0414445873920235
15347157,1371,1020,952,51,0,15347157,1.0414445873920235
15360120,1363,996,955,51,0,15360120,1.0414445873920235
15374693,1378,1013,948,51,0,15374693,1.0414445873920235
15387306,1355,1004,964,51,0,15387306,1.0414445873920235
15398560,1365,1016,959,51,0,15398560,1.0414445873920235
15409612,1357,1014,960,51,0,15409612,1.0414445873920235
15421422,1376,1032,953,51,0,15421422,1.0414445873920235
15433884,1345,1036,955,51,0,15433884,1.0414445873920235
15449313,1356,1010,955,51,0,15449313,1.0414445873920235
15460656,1346,1016,959,51,0,15460656,1.0414445873920235
15471566,1340,1006,966,51,0,15471566,1.0414445873920235
15488670,1350,1027,960,51,0,15488670,1.0414445873920235
15505197,1355,1002,959,51,0,15505197,1.0414445873920235
15519037,1370,1018,965,51,0,15519037,1.0414445873920235
15533103,1360,1021,956,51,0,15533103,1.0414445873920235
15547205,1339,1006,950,51,0,15547205,1.0414445873920235
15559054,1394,1025,963,51,0,15559054,1.0414445873920235
15572846,1357,1034,958,51,0,15572846,1.0414445873920235
15587711,1395,1004,955,51,0,15587711,1.0414445873920235
15601301,1365,1023,956,51,0,15601301,1.0414445873920235
15614009,1363,1046,955,51,0,15614009,1.0414445873920235
15630952,1379,1002,950,51,0,15630952,1.0414445873920235
15644300,1376,1014,949,51,0,15644300,1.0414445873920235
15656984,1382,999,953,51,0,15656984,1.0414445873920235
15676930,1382,1015,956,51,0,15676930,1.0414445873920235
15693188,1382,986,956,51,0,15693188,1.0414445873920235
15708264,1392,1006,957,51,0,15708264,1.0414445873920235
15722115,1404,995,954,51,0,15722115,1.0414445873920235
15736758,1388,1016,952,51,0,15736758,1.0414445873920235
15748821,1353,1012,948,51,0,15748821,1.0414445873920235
15760901,1390,1020,954,51,0,15760901,1.0414445873920235
15772836,1373,1030,955,51,0,15772836,1.0414445873920235
15786257,1376,1049,952,51,0,15786257,1.0414445873920235
15796882,1380,994,961,51,0,15796882,1.0414445873920235
15808583,1372,1022,966,51,0,15808583,1.0414445873920235
15823176,1387,1007,954,51,0,15823176,1.0414445873920235
15843831,1403,1016,950,51,0,15843831,1.0414445873920235
15859963,1379,1042,960,51,0,15859963,1.0414445873920235
15871094,1370,1021,960,51,0,15871094,1.0414445873920235
15881946,1387,995,961,51,0,15881946,1.0414445873920235
15892359,1381,1027,962,51,0,15892359,1.0414445873920235
15901676,1409,1015,957,51,0,15901676,1.0414445873920235
15911298,1411,1009,958,51,0,15911298,1.0414445873920235
15927259,1383,1020,957,51,0,15927259,1.0414445873920235
15941064,1382,1013,961,51,0,15941064,1.0414445873920235
15954770,1386,1008,958,51,0,15954770,1.0414445873920235
15963041,1378,1058,961,51,0,15963041,1.0414445873920235
15977701,1391,1012,941,51,0,15977701,1.0414445873920235
15989612,1389,1006,956,51,0,15989612,1.0414445873920235
16012300,1362,1025,958,51,0,16012300,1.0414445873920235
16028594,1377,1016,957,51,0,16028594,1.0414445873920235
16048147,1370,1015,962,51,0,16048147,1.0414445873920235
16057719,1379,1017,957,51,0,16057719,1.0414445873920235
16082538,1379,1013,963,51,0,16082538,1.0414445873920235
16117134,1377,1018,956,51,0,16117134,1.0414445873920235
16128183,1379,1001,952,51,0,16128183,1.0414445873920235
16142971,1396,1016,961,51,0,16142971,1.0414445873920235
16160727,1372,1024,957,51,0,16160727,1.0414445873920235
16177817,1389,1001,954,51,0,16177817,1.0414445873920235
16194261,1387,1033,950,51,0,16194261,1.0414445873920235
16210032,1385,995,953,51,0,16210032,1.0414445873920235
16222764,1356,1013,958,51,0,16222764,1.0414445873920235
16242685,1405,1002,954,51,0,16242685,1.0414445873920235
16257097,1371,1021,958,51,0,16257097,1.0414445873920235
16268898,1361,1005,960,51,0,16268898,1.0414445873920235
16281352,1363,1004,960,51,0,16281352,1.0414445873920235
16292374,1364,1005,951,51,0,16292374,1.0414445873920235
16306377,1388,1000,956,51,0,16306377,1.0414445873920235
16321562,1376,986,950,51,0,16321562,1.0414445873920235
16333521,1376,992,961,51,0,16333521,1.0414445873920235
16346259,1343,1003,957,51,0,16346259,1.0414445873920235
16359990,1373,1000,954,51,0,16359990,1.0414445873920235
16372725,1370,1017,952,51,0,16372725,1.0414445873920235
16383838,1360,998,965,51,0,16383838,1.0414445873920235
16395429,1346,1003,956,51,0,16395429,1.0414445873920235
16407193,1379,1020,960,51,0,16407193,1.0414445873920235
16420273,1358,990,954,51,0,16420273,1.0414445873920235
16441901,1377,1013,952,51,0,16441901,1.0414445873920235
16454885,1376,1006,955,51,0,16454885,1.0414445873920235
16465424,1371,1010,962,51,0,16465424,1.0414445873920235
16475034,1360,1013,964,51,0,16475034,1.0414445873920235
16484818,1366,1016,960,51,0,16484818,1.0414445873920235
16494621,1376,1004,965,51,0,16494621,1.0414445873920235
16511427,1375,997,951,51,0,16511427,1.0414445873920235
16533380,1382,989,960,51,0,16533380,1.0414445873920235
16542519,1391,990,953,51,0,16542519,1.0414445873920235
16552906,1366,1021,956,51,0,16552906,1.0414445873920235
16562648,1400,1016,957,51,0,16562648,1.0414445873920235
16573691,1375,1021,960,51,0,16573691,1.0414445873920235
16583492,1386,1024,957,51,0,16583492,1.0414445873920235
16594410,1390,1010,961,51,0,16594410,1.0414445873920235
16606933,1391,1005,948,51,0,16606933,1.0414445873920235
16616363,1374,1002,953,51,0,16616363,1.0414445873920235
16626435,1382,1003,953,51,0,16626435,1.0414445873920235
16636197,1383,992,958,51,0,16636197,1.0414445873920235
16646135,1382,1004,960,51,0,16646135,1.0414445873920235
16656203,1397,987,956,51,0,16656203,1.0414445873920235
16669760,1393,1006,954,51,0,16669760,1.0414445873920235
16679768,1382,1008,957,51,0,16679768,1.0414445873920235
16689502,1387,1001,957,51,0,16689502,1.0414445873920235
16699737,1397,988,955,51,0,16699737,1.0414445873920235
16709396,1409,996,959,51,0,16709396,1.0414445873920235
16721743,1382,1021,950,51,0,16721743,1.0414445873920235
16731567,1382,994,961,51,0,16731567,1.0414445873920235
16742184,1379,1015,958,51,0,16742184,1.0414445873920235
16752283,1381,1014,950,51,0,16752283,1.0414445873920235
16762611,1395,981,948,51,0,16762611,1.0414445873920235
16773445,1387,1016,950,51,0,16773445,1.0414445873920235
16784748,1368,1018,953,51,0,16784748,1.0414445873920235
16795432,1377,1005,954,51,0,16795432,1.0414445873920235
16805459,1390,992,961,51,0,16805459,1.0414445873920235
16817289,1393,1009,948,51,0,16817289,1.0414445873920235
16828992,1405,995,958,51,0,16828992,1.0414445873920235
16838212,1389,1008,954,51,0,16838212,1.0414445873920235
16848654,1374,985,960,51,0,16848654,1.0414445873920235
16860335,1373,1006,944,51,0,16860335,1.0414445873920235
16878230,1382,1020,954,51,0,16878230,1.0414445873920235
16901915,1371,1005,957,51,0,16901915,1.0414445873920235
16913002,1380,985,955,51,0,16913002,1.0414445873920235
16926679,1374,1008,952,51,0,16926679,1.0414445873920235
16937735,1371,1005,958,51,0,16937735,1.0414445873920235
16945679,1360,1011,961,51,0,16945679,1.0414445873920235
16956014,1361,1019,950,51,0,16956014,1.0414445873920235
16966864,1373,980,959,51,0,16966864,1.0414445873920235
16977608,1373,1033,964,51,0,16977608,1.0414445873920235
16989124,1356,1021,954,51,0,16989124,1.0414445873920235
16999137,1365,990,956,51,0,16999137,1.0414445873920235
17010040,1360,1000,957,51,0,17010040,1.0414445873920235
17022850,1377,1005,957,51,0,17022850,1.0414445873920235
17032123,1404,1008,965,51,0,17032123,1.0414445873920235
17041461,1366,1013,946,51,0,17041461,1.0414445873920235
17052428,1373,992,961,51,0,17052428,1.0414445873920235
17064396,1381,995,955,51,0,17064396,1.0414445873920235
17075003,1369,1006,948,51,0,17075003,1.0414445873920235
17085660,1385,1014,960,51,0,17085660,1.0414445873920235
17095792,1390,994,962,51,0,17095792,1.0414445873920235
17107063,1356,1003,960,51,0,17107063,1.0414445873920235
17120222,1377,1007,949,51,0,17120222,1.0414445873920235
17128837,1350,1010,954,51,0,17128837,1.0414445873920235
17137776,1371,993,955,51,0,17137776,1.0414445873920235
17148517,1377,988,949,51,0,17148517,1.0414445873920235
17161048,1360,1002,948,51,0,17161048,1.0414445873920235
17171419,1350,997,950,51,0,17171419,1.0414445873920235
17181117,1369,1008,950,51,0,17181117,1.0414445873920235
17192999,1376,1019,955,51,0,17192999,1.0414445873920235
17203495,1364,1003,960,51,0,17203495,1.0414445873920235
17214559,1357,1010,956,51,0,17214559,1.0414445873920235
17225458,1374,1009,948,51,0,17225458,1.0414445873920235
17236883,1372,1018,964,51,0,17236883,1.0414445873920235
17246664,1389,995,958,51,0,17246664,1.0414445873920235
17259566,1381,1011,965,51,0,17259566,1.0414445873920235
17271221,1385,993,958,51,0,17271221,1.0414445873920235
17283586,1364,1014,957,51,0,17283586,1.0414445873920235
17294331,1392,1021,961,51,0,17294331,1.0414445873920235
17306834,1375,1014,951,51,0,17306834,1.0414445873920235
17315938,1397,1020,956,51,0,17315938,1.0414445873920235
17327010,1381,991,955,51,0,17327010,1.0414445873920235
17336325,1378,997,956,51,0,17336325,1.0414445873920235
17347197,1377,993,956,51,0,17347197,1.0414445873920235
17356696,1382,1003,959,51,0,17356696,1.0414445873920235
17367768,1402,1009,952,51,0,17367768,1.0414445873920235
17377413,1387,1010,950,51,0,17377413,1.0414445873920235
17388189,1384,1003,953,51,0,17388189,1.0414445873920235
17400662,1388,1004,947,51,0,17400662,1.0414445873920235
17411768,1387,986,957,51,0,17411768,1.0414445873920235
17422298,1387,991,948,51,0,17422298,1.0414445873920235
17433764,1377,999,960,51,0,17433764,1.0414445873920235
17449938,1385,1025,947,51,0,17449938,1.0414445873920235
17459499,1386,985,950,51,0,17459499,1.0414445873920235
17469432,1371,1008,949,51,0,17469432,1.0414445873920235
17479495,1371,1000,959,51,0,17479495,1.0414445873920235
17489552,1392,996,953,51,0,17489552,1.0414445873920235
17500231,1374,1017,955,51,0,17500231,1.0414445873920235
17511989,1413,1007,950,51,0,17511989,1.0414445873920235
17531553,1392,1011,951,51,0,17531553,1.0414445873920235
17543084,1384,1004,956,51,0,17543084,1.0414445873920235
17554999,1379,1008,956,51,0,17554999,1.0414445873920235
17566292,1395,1007,950,51,0,17566292,1.0414445873920235
17581546,1382,1004,957,51,0,17581546,1.0414445873920235
17591436,1385,995,964,51,0,17591436,1.0414445873920235
17602899,1382,1005,956,51,0,17602899,1.0414445873920235
17614832,1386,998,961,51,0,17614832,1.0414445873920235
17630004,1394,989,954,51,0,17630004,1.0414445873920235
17648244,1417,988,949,51,0,17648244,1.0414445873920235
17666605,1373,965,948,51,0,17666605,1.0414445873920235
17682572,1379,985,953,51,0,17682572,1.0414445873920235
17693909,1398,986,955,51,0,17693909,1.0414445873920235
17706525,1373,996,958,51,0,17706525,1.0414445873920235
17720161,1355,971,955,51,0,17720161,1.0414445873920235
17732483,1357,1003,963,51,0,17732483,1.0414445873920235
17745200,1369,975,953,51,0,17745200,1.0414445873920235
17757547,1360,978,956,51,0,17757547,1.0414445873920235
17774377,1379,979,949,51,0,17774377,1.0414445873920235
17787211,1365,965,955,51,0,17787211,1.0414445873920235
17800649,1365,942,947,51,0,17800649,1.0414445873920235
17811252,1377,984,950,51,0,17811252,1.0414445873920235
17824523,1365,994,956,51,0,17824523,1.0414445873920235
17839443,1340,984,956,51,0,17839443,1.0414445873920235
17851354,1390,978,951,51,0,17851354,1.0414445873920235
17863220,1403,964,946,51,0,17863220,1.0414445873920235
17876654,1353,979,949,51,0,17876654,1.0414445873920235
17887599,1373,962,958,51,0,17887599,1.0414445873920235
17900404,1371,965,954,51,0,17900404,1.0414445873920235
17914331,1360,957,952,51,0,17914331,1.0414445873920235
17926056,1376,972,958,51,0,17926056,1.0414445873920235
17938548,1353,1006,958,51,0,17938548,1.0414445873920235
17950308,1360,977,945,51,0,17950308,1.0414445873920235
17963986,1365,980,953,51,0,17963986,1.0414445873920235
17975686,1353,1011,962,51,0,17975686,1.0414445873920235
17989742,1360,998,949,51,0,17989742,1.0414445873920235
18003800,1366,998,954,51,0,18003800,1.0414445873920235
18018930,1360,985,951,51,0,18018930,1.0414445873920235
18029861,1393,979,949,51,0,18029861,1.0414445873920235
18043680,1360,984,947,51,0,18043680,1.0414445873920235
18056752,1353,997,950,51,0,18056752,1.0414445873920235
18070659,1371,1017,957,51,0,18070659,1.0414445873920235
18084759,1373,990,954,51,0,18084759,1.0414445873920235
18095999,1362,1002,957,51,0,18095999,1.0414445873920235
18107551,1338,1003,956,51,0,18107551,1.0414445873920235
18126646,1371,1013,963,51,0,18126646,1.0414445873920235
18139794,1364,1013,957,51,0,18139794,1.0414445873920235
18151352,1356,1039,958,51,0,18151352,1.0414445873920235
18163907,1356,1020,960,51,0,18163907,1.0414445873920235
18176091,1348,1010,950,51,0,18176091,1.0414445873920235
18187754,1361,1020,947,51,0,18187754,1.0414445873920235
18197908,1359,1027,954,51,0,18197908,1.0414445873920235
18208959,1382,1014,955,51,0,18208959,1.0414445873920235
18221152,1381,1033,952,51,0,18221152,1.0414445873920235
18235277,1378,1030,962,51,0,18235277,1.0414445873920235
18250201,1376,1002,949,51,0,18250201,1.0414445873920235
18268922,1364,1003,961,51,0,18268922,1.0414445873920235
18279189,1379,1004,962,51,0,18279189,1.0414445873920235
18292371,1342,1016,954,51,0,18292371,1.0414445873920235
18302262,1363,1005,956,51,0,18302262,1.0414445873920235
18312623,1360,987,953,51,0,18312623,1.0414445873920235
18323214,1387,1001,957,51,0,18323214,1.0414445873920235
18340769,1372,1009,958,51,0,18340769,1.0414445873920235
18348895,1376,1008,956,51,0,18348895,1.0414445873920235
18364211,1377,1026,966,51,0,18364211,1.0414445873920235
18378690,1369,993,953,51,0,18378690,1.0414445873920235
18391198,1378,1016,946,51,0,18391198,1.0414445873920235
18404629,1372,1016,948,51,0,18404629,1.0414445873920235
18414954,1384,1006,957,51,0,18414954,1.0414445873920235
18428620,1374,1019,956,51,0,18428620,1.0414445873920235
18441124,1366,1009,959,51,0,18441124,1.0414445873920235
18455018,1360,1010,962,51,0,18455018,1.0414445873920235
18470604,1417,1014,966,51,0,18470604,1.0414445873920235
18483189,1371,1010,956,51,0,18483189,1.0414445873920235
18493713,1363,1010,955,51,0,18493713,1.0414445873920235
18507649,1385,998,962,51,0,18507649,1.0414445873920235
18521507,1369,1022,957,51,0,18521507,1.0414445873920235
18533003,1387,1004,950,51,0,18533003,1.0414445873920235
18543988,1368,998,956,51,0,18543988,1.0414445873920235
18555868,1381,1000,957,51,0,18555868,1.0414445873920235
18567176,1360,1004,952,51,0,18567176,1.0414445873920235
18580508,1376,987,958,51,0,18580508,1.0414445873920235
18593480,1366,1035,960,51,0,18593480,1.0414445873920235
18605026,1362,1011,945,51,0,18605026,1.0414445873920235
18617507,1361,1017,952,51,0,18617507,1.0414445873920235
18628168,1379,1010,950,51,0,18628168,1.0414445873920235
18641533,1378,1012,958,51,0,18641533,1.0414445873920235
18653881,1381,1022,958,51,0,18653881,1.0414445873920235
18664123,1387,992,948,51,0,18664123,1.0414445873920235
18676283,1382,998,950,51,0,18676283,1.0414445873920235
18691310,1387,986,950,51,0,18691310,1.0414445873920235
18707080,1370,995,961,51,0,18707080,1.0414445873920235
18717589,1374,1034,963,51,0,18717589,1.0414445873920235
18731063,1387,994,958,51,0,18731063,1.0414445873920235
18745194,1384,991,962,51,0,18745194,1.0414445873920235
18759940,1370,1014,959,51,0,18759940,1.0414445873920235
18771946,1369,1021,959,51,0,18771946,1.0414445873920235
18785336,1376,1011,960,51,0,18785336,1.0414445873920235
18799239,1381,1010,959,51,0,18799239,1.0414445873920235
18808239,1387,997,955,51,0,18808239,1.0414445873920235
18819414,1373,1005,948,51,0,18819414,1.0414445873920235
18832578,1388,998,957,51,0,18832578,1.0414445873920235
18842552,1384,1013,950,51,0,18842552,1.0414445873920235
18855602,1381,1003,949,51,0,18855602,1.0414445873920235
18869454,1379,1023,960,51,0,18869454,1.0414445873920235
18879522,1382,1004,950,51,0,18879522,1.0414445873920235
18891719,1382,974,960,51,0,18891719,1.0414445873920235
18903071,1365,1016,956,51,0,18903071,1.0414445873920235
18915622,1387,1005,964,51,0,18915622,1.0414445873920235
18927141,1377,985,968,51,0,18927141,1.0414445873920235
18941624,1388,1025,958,51,0,18941624,1.0414445873920235
18955817,1386,994,948,51,0,18955817,1.0414445873920235
18968969,1396,1009,965,51,0,18968969,1.0414445873920235
18983242,1374,1012,954,51,0,18983242,1.0414445873920235
18993273,1378,1002,965,51,0,18993273,1.0414445873920235
19006026,1397,1015,954,51,0,19006026,1.0414445873920235
19016963,1373,1013,956,51,0,19016963,1.0414445873920235
19027583,1379,1001,956,51,0,19027583,1.0414445873920235
19038165,1382,1021,956,51,0,19038165,1.0414445873920235
19054714,1362,1006,961,51,0,19054714,1.0414445873920235
19065237,1365,1004,960,51,0,19065237,1.0414445873920235
19084730,1389,1020,958,51,0,19084730,1.0414445873920235
19095280,1385,987,958,51,0,19095280,1.0414445873920235
19108646,1394,1002,953,51,0,19108646,1.0414445873920235
19121579,1385,1006,968,51,0,19121579,1.0414445873920235
19136732,1379,982,954,51,0,19136732,1.0414445873920235
19149015,1368,964,954,51,0,19149015,1.0414445873920235
19159911,1386,991,947,51,0,19159911,1.0414445873920235
19172154,1389,987,957,51,0,19172154,1.0414445873920235
19185240,1386,984,960,51,0,19185240,1.0414445873920235
19202987,1387,1000,959,51,0,19202987,1.0414445873920235
19212855,1381,988,952,51,0,19212855,1.0414445873920235
19226701,1403,994,962,51,0,19226701,1.0414445873920235
19238909,1364,997,952,51,0,19238909,1.0414445873920235
19250306,1370,1019,950,51,0,19250306,1.0414445873920235
19263570,1387,1003,949,51,0,19263570,1.0414445873920235
19275576,1386,1012,958,51,0,19275576,1.0414445873920235
19288402,1385,1011,948,51,0,19288402,1.0414445873920235
19298977,1379,1006,960,51,0,19298977,1.0414445873920235
19312847,1384,995,964,51,0,19312847,1.0414445873920235
19329082,1401,1014,957,51,0,19329082,1.0414445873920235
19342819,1389,994,950,51,0,19342819,1.0414445873920235
19354799,1392,1006,960,51,0,19354799,1.0414445873920235
19367728,1394,993,959,51,0,19367728,1.0414445873920235
19382105,1389,1005,966,51,0,19382105,1.0414445873920235
19391674,1380,987,948,51,0,19391674,1.0414445873920235
19406480,1392,1014,960,51,0,19406480,1.0414445873920235
19419505,1414,1008,960,51,0,19419505,1.0414445873920235
19429579,1364,1003,948,51,0,19429579,1.0414445873920235
19440787,1389,996,955,51,0,19440787,1.0414445873920235
19451578,1392,1026,964,51,0,19451578,1.0414445873920235
19461033,1400,1008,951,51,0,19461033,1.0414445873920235
19470982,1390,1029,963,51,0,19470982,1.0414445873920235
19486088,1398,998,952,51,0,19486088,1.0414445873920235
19498893,1380,1007,959,51,0,19498893,1.0414445873920235
19512457,1368,1010,955,51,0,19512457,1.0414445873920235
19523998,1372,1002,954,51,0,19523998,1.0414445873920235
19534416,1384,1021,956,51,0,19534416,1.0414445873920235
19547042,1396,1011,959,51,0,19547042,1.0414445873920235
19560598,1418,1016,957,51,0,19560598,1.0414445873920235
19574555,1384,1014,961,51,0,19574555,1.0414445873920235
19584842,1386,1001,961,51,0,19584842,1.0414445873920235
19597287,1389,1029,947,51,0,19597287,1.0414445873920235
19608212,1417,1008,963,51,0,19608212,1.0414445873920235
19617600,1378,1002,953,51,0,19617600,1.0414445873920235
19632585,1391,1013,954,51,0,19632585,1.0414445873920235
19644551,1387,1013,957,51,0,19644551,1.0414445873920235
19656356,1390,1011,957,51,0,19656356,1.0414445873920235
19669502,1401,1022,958,51,0,19669502,1.0414445873920235
19681053,1386,997,958,51,0,19681053,1.0414445873920235
19693633,1428,1004,966,51,0,19693633,1.0414445873920235
19706393,1368,993,961,51,0,19706393,1.0414445873920235
19719351,1377,1002,960,51,0,19719351,1.0414445873920235
19731711,1393,986,958,51,0,19731711,1.0414445873920235
19748106,1363,1021,974,51,0,19748106,1.0414445873920235
19763122,1363,1029,972,51,0,19763122,1.0414445873920235
19775781,1370,1029,962,51,0,19775781,1.0414445873920235
19785639,1396,1022,955,51,0,19785639,1.0414445873920235
19797550,1373,1020,958,51,0,19797550,1.0414445873920235
19808352,1368,1044,949,51,0,19808352,1.0414445873920235
19819685,1368,1022,957,51,0,19819685,1.0414445873920235
19831340,1394,1021,950,51,0,19831340,1.0414445873920235
19844087,1357,1022,961,51,0,19844087,1.0414445873920235
19858687,1373,1011,957,51,0,19858687,1.0414445873920235
19871005,1372,1019,954,51,0,19871005,1.0414445873920235
19883760,1372,999,950,51,0,19883760,1.0414445873920235
19897825,1397,1012,958,51,0,19897825,1.0414445873920235
19908823,1369,1002,956,51,0,19908823,1.0414445873920235
19920356,1376,1006,955,51,0,19920356,1.0414445873920235
19930510,1361,982,956,51,0,19930510,1.0414445873920235
19941598,1370,992,956,51,0,19941598,1.0414445873920235
19951870,1374,1006,956,51,0,19951870,1.0414445873920235
19963692,1366,1005,962,51,0,19963692,1.0414445873920235
19980115,1360,1041,959,51,0,19980115,1.0414445873920235
19989397,1382,1028,954,51,0,19989397,1.0414445873920235
20001160,1373,1010,961,51,0,20001160,1.0414445873920235
20013145,1374,1024,958,51,0,20013145,1.0414445873920235
20023911,1388,1012,958,51,0,20023911,1.0414445873920235
20037249,1375,1030,963,51,0,20037249,1.0414445873920235
20049826,1380,1010,955,51,0,20049826,1.0414445873920235
20063902,1384,1034,957,51,0,20063902,1.0414445873920235
20077396,1370,1028,958,51,0,20077396,1.0414445873920235
20091448,1361,1056,951,51,0,20091448,1.0414445873920235
20103505,1368,1017,956,51,0,20103505,1.0414445873920235
20116875,1361,1008,954,51,0,20116875,1.0414445873920235
20129377,1370,1016,965,51,0,20129377,1.0414445873920235
20144369,1367,1021,958,51,0,20144369,1.0414445873920235
20156159,1363,1016,958,51,0,20156159,1.0414445873920235
20168005,1364,1027,958,51,0,20168005,1.0414445873920235
20181338,1387,1012,968,51,0,20181338,1.0414445873920235
20191128,1386,1010,960,51,0,20191128,1.0414445873920235
20200748,1388,1012,961,51,0,20200748,1.0414445873920235
20212186,1377,1020,965,51,0,20212186,1.0414445873920235
20223486,1374,1036,957,51,0,20223486,1.0414445873920235
20232814,1383,1049,962,51,0,20232814,1.0414445873920235
20245477,1381,1000,952,51,0,20245477,1.0414445873920235
20257423,1375,1022,957,51,0,20257423,1.0414445873920235
20269194,1387,997,960,51,0,20269194,1.0414445873920235
20278959,1365,1053,950,51,0,20278959,1.0414445873920235
20291693,1410,1027,966,51,0,20291693,1.0414445873920235
20304040,1395,1019,958,51,0,20304040,1.0414445873920235
20314312,1384,1027,960,51,0,20314312,1.0414445873920235
20324090,1370,1032,952,51,0,20324090,1.0414445873920235
20334414,1375,1022,960,51,0,20334414,1.0414445873920235
20346159,1372,1009,965,51,0,20346159,1.0414445873920235
20356557,1361,1029,955,51,0,20356557,1.0414445873920235
20367968,1385,1012,960,51,0,20367968,1.0414445873920235
20379953,1376,1012,955,51,0,20379953,1.0414445873920235
20391296,1370,1008,966,51,0,20391296,1.0414445873920235
20407509,1372,1029,958,51,0,20407509,1.0414445873920235
20419764,1370,1002,955,51,0,20419764,1.0414445873920235
20433343,1385,1025,962,51,0,20433343,1.0414445873920235
20445210,1374,1014,956,51,0,20445210,1.0414445873920235
20457333,1375,1019,963,51,0,20457333,1.0414445873920235
20473351,1371,1038,964,51,0,20473351,1.0414445873920235
20487277,1361,1013,965,51,0,20487277,1.0414445873920235
20499540,1376,1007,961,51,0,20499540,1.0414445873920235
20511209,1369,1027,956,51,0,20511209,1.0414445873920235
20522528,1369,1028,961,51,0,20522528,1.0414445873920235
20535170,1387,1026,954,51,0,20535170,1.0414445873920235
20546092,1358,1018,960,51,0,20546092,1.0414445873920235
20559582,1364,1025,959,51,0,20559582,1.0414445873920235
20577159,1361,1017,960,51,0,20577159,1.0414445873920235
20587442,1372,1028,955,51,0,20587442,1.0414445873920235
20599067,1376,1003,952,51,0,20599067,1.0414445873920235
20611667,1373,1005,954,51,0,20611667,1.0414445873920235
20623367,1382,992,961,51,0,20623367,1.0414445873920235
20634136,1355,1037,955,51,0,20634136,1.0414445873920235
20647469,1353,986,958,51,0,20647469,1.0414445873920235
20658115,1367,1010,966,51,0,20658115,1.0414445873920235
20672987,1373,1029,961,51,0,20672987,1.0414445873920235
20684723,1355,1014,961,51,0,20684723,1.0414445873920235
20697966,1377,1014,954,51,0,20697966,1.0414445873920235
20709423,1368,1018,956,51,0,20709423,1.0414445873920235
20722718,1385,1038,954,51,0,20722718,1.0414445873920235
20739570,1363,1030,956,51,0,20739570,1.0414445873920235
20753607,1357,1007,966,51,0,20753607,1.0414445873920235
20768006,1361,1020,964,51,0,20768006,1.0414445873920235
20781246,1382,1014,956,51,0,20781246,1.0414445873920235
20792737,1386,1017,966,51,0,20792737,1.0414445873920235
20804096,1349,1001,970,51,0,20804096,1.0414445873920235
20817820,1363,987,954,51,0,20817820,1.0414445873920235
20832907,1371,989,952,51,0,20832907,1.0414445873920235
20842653,1372,1001,962,51,0,20842653,1.0414445873920235
20853981,1370,1015,953,51,0,20853981,1.0414445873920235
20865597,1386,1000,951,51,0,20865597,1.0414445873920235
20879232,1388,1011,952,51,0,20879232,1.0414445873920235
20893753,1368,1007,954,51,0,20893753,1.0414445873920235
20904764,1405,1019,964,51,0,20904764,1.0414445873920235
20916644,1355,1019,957,51,0,20916644,1.0414445873920235
20929189,1385,1002,964,51,0,20929189,1.0414445873920235
20941050,1411,1013,961,51,0,20941050,1.0414445873920235
20953402,1356,1003,960,51,0,20953402,1.0414445873920235
20964108,1382,1013,950,51,0,20964108,1.0414445873920235
20976252,1386,1004,966,51,0,20976252,1.0414445873920235
20988193,1394,1005,949,51,0,20988193,1.0414445873920235
21002856,1385,1003,957,51,0,21002856,1.0414445873920235
21013675,1383,1005,965,51,0,21013675,1.0414445873920235
21025748,1408,1010,949,51,0,21025748,1.0414445873920235
21036239,1380,1033,953,51,0,21036239,1.0414445873920235
21046606,1384,1005,954,51,0,21046606,1.0414445873920235
21060440,1396,1006,957,51,0,21060440,1.0414445873920235
21074945,1400,1003,954,51,0,21074945,1.0414445873920235
21092005,1371,1026,950,51,0,21092005,1.0414445873920235
21104161,1377,1012,956,51,0,21104161,1.0414445873920235
21117260,1376,1013,957,51,0,21117260,1.0414445873920235
21132964,1378,1033,961,51,0,21132964,1.0414445873920235
21142986,1370,1014,961,51,0,21142986,1.0414445873920235
21157215,1395,1009,960,51,0,21157215,1.0414445873920235
21171809,1369,1007,961,51,0,21171809,1.0414445873920235
21182316,1375,1007,960,51,0,21182316,1.0414445873920235
21195562,1354,1022,956,51,0,21195562,1.0414445873920235
21207701,1340,1021,955,51,0,21207701,1.0414445873920235
21221242,1344,1011,955,51,0,21221242,1.0414445873920235
21232741,1356,1003,962,51,0,21232741,1.0414445873920235
21244227,1373,1018,955,51,0,21244227,1.0414445873920235
21257764,1345,1004,951,51,0,21257764,1.0414445873920235
21269531,1359,1001,954,51,0,21269531,1.0414445873920235
21281455,1370,1014,953,51,0,21281455,1.0414445873920235
21295727,1358,1015,955,51,0,21295727,1.0414445873920235
21309652,1360,992,949,51,0,21309652,1.0414445873920235
21323127,1363,996,953,51,0,21323127,1.0414445873920235
21335437,1347,1008,949,51,0,21335437,1.0414445873920235
21344951,1378,995,962,51,0,21344951,1.0414445873920235
21360612,1357,1038,961,51,0,21360612,1.0414445873920235
21373469,1373,1005,947,51,0,21373469,1.0414445873920235
21387186,1342,1018,954,51,0,21387186,1.0414445873920235
21402483,1370,1020,950,51,0,21402483,1.0414445873920235
21413760,1366,994,963,51,0,21413760,1.0414445873920235
21431321,1373,1009,948,51,0,21431321,1.0414445873920235
21441871,1376,1014,953,51,0,21441871,1.0414445873920235
21453831,1380,1009,953,51,0,21453831,1.0414445873920235
21464546,1389,1006,945,51,0,21464546,1.0414445873920235
21475995,1377,1023,963,51,0,21475995,1.0414445873920235
21489637,1384,1004,969,51,0,21489637,1.0414445873920235
21503314,1389,1017,953,51,0,21503314,1.0414445873920235
21516250,1377,997,948,51,0,21516250,1.0414445873920235
21529627,1366,1020,953,51,0,21529627,1.0414445873920235
21543464,1370,1004,954,51,0,21543464,1.0414445873920235
21556128,1375,1032,957,51,0,21556128,1.0414445873920235
21568401,1386,1026,954,51,0,21568401,1.0414445873920235
21580872,1382,1020,947,51,0,21580872,1.0414445873920235
21592673,1394,1010,962,51,0,21592673,1.0414445873920235
21604169,1384,1010,956,51,0,21604169,1.0414445873920235
21616533,1360,1021,967,51,0,21616533,1.0414445873920235
21626975,1382,1020,963,51,0,21626975,1.0414445873920235
21638739,1373,1039,961,51,0,21638739,1.0414445873920235
21652862,1378,1016,954,51,0,21652862,1.0414445873920235
21663221,1401,1012,956,51,0,21663221,1.0414445873920235
21678553,1379,1005,961,51,0,21678553,1.0414445873920235
21691306,1385,1022,961,51,0,21691306,1.0414445873920235
21702926,1385,1015,961,51,0,21702926,1.0414445873920235
21713536,1376,1013,960,51,0,21713536,1.0414445873920235
21722973,1366,1030,965,51,0,21722973,1.0414445873920235
21734952,1400,1012,958,51,0,21734952,1.0414445873920235
21745372,1394,1024,952,51,0,21745372,1.0414445873920235
21756102,1394,1019,954,51,0,21756102,1.0414445873920235
21767741,1360,1025,953,51,0,21767741,1.0414445873920235
21780689,1362,1019,957,51,0,21780689,1.0414445873920235
21793388,1368,1022,954,51,0,21793388,1.0414445873920235
21805947,1365,1022,955,51,0,21805947,1.0414445873920235
21816780,1376,1024,954,51,0,21816780,1.0414445873920235
21829770,1387,1027,953,51,0,21829770,1.0414445873920235
21845134,1368,1011,963,51,0,21845134,1.0414445873920235
21857459,1372,1021,957,51,0,21857459,1.0414445873920235
21868756,1377,1028,956,51,0,21868756,1.0414445873920235
21882526,1371,1020,966,51,0,21882526,1.0414445873920235
21894257,1381,1017,964,51,0,21894257,1.0414445873920235
21907663,1357,1022,962,51,0,21907663,1.0414445873920235
21918595,1358,1001,953,51,0,21918595,1.0414445873920235
21929800,1352,1028,965,51,0,21929800,1.0414445873920235
21944961,1373,1020,962,51,0,21944961,1.0414445873920235
21955851,1368,1017,953,51,0,21955851,1.0414445873920235
21968921,1374,1028,962,51,0,21968921,1.0414445873920235
21980090,1343,1017,953,51,0,21980090,1.0414445873920235
21992329,1341,1026,954,51,0,21992329,1.0414445873920235
22002829,1353,1043,958,51,0,22002829,1.0414445873920235
22014971,1361,1013,954,51,0,22014971,1.0414445873920235
22026265,1331,1029,949,51,0,22026265,1.0414445873920235
22039881,1380,1026,956,51,0,22039881,1.0414445873920235
22060222,1386,1022,950,51,0,22060222,1.0414445873920235
22072335,1371,1029,956,51,0,22072335,1.0414445873920235
22085221,1365,1013,954,51,0,22085221,1.0414445873920235
22099488,1367,1029,963,51,0,22099488,1.0414445873920235
22113384,1365,1029,957,51,0,22113384,1.0414445873920235
22125112,1366,1003,952,51,0,22125112,1.0414445873920235
22138552,1366,1022,957,51,0,22138552,1.0414445873920235
22152170,1382,1046,956,51,0,22152170,1.0414445873920235
22163694,1387,1018,952,51,0,22163694,1.0414445873920235
22177713,1374,1020,954,51,0,22177713,1.0414445873920235
22187712,1373,1018,956,51,0,22187712,1.0414445873920235
22199161,1399,1012,960,51,0,22199161,1.0414445873920235
22208638,1377,1009,964,51,0,22208638,1.0414445873920235
22223437,1390,1012,953,51,0,22223437,1.0414445873920235
22234989,1410,1018,964,51,0,22234989,1.0414445873920235
22247241,1382,1028,955,51,0,22247241,1.0414445873920235
22258283,1377,1004,957,51,0,22258283,1.0414445873920235
22270085,1376,1025,958,51,0,22270085,1.0414445873920235
22284449,1377,1029,957,51,0,22284449,1.0414445873920235
22295095,1386,1022,965,51,0,22295095,1.0414445873920235
22305531,1387,1019,962,51,0,22305531,1.0414445873920235
22315470,1352,1027,963,51,0,22315470,1.0414445873920235
22327429,1378,1020,954,51,0,22327429,1.0414445873920235
22341107,1375,1028,953,51,0,22341107,1.0414445873920235
22352955,1350,1030,953,51,0,22352955,1.0414445873920235
22363452,1406,1012,960,51,0,22363452,1.0414445873920235
22377473,1390,1032,965,51,0,22377473,1.0414445873920235
22388837,1382,1016,952,51,0,22388837,1.0414445873920235
22401575,1380,1013,959,51,0,22401575,1.0414445873920235
22414201,1386,1022,958,51,0,22414201,1.0414445873920235
22426900,1385,1046,955,51,0,22426900,1.0414445873920235
22438245,1379,1018,962,51,0,22438245,1.0414445873920235
22447999,1386,1024,955,51,0,22447999,1.0414445873920235
22459697,1377,982,953,51,0,22459697,1.0414445873920235
22474082,1377,1028,952,51,0,22474082,1.0414445873920235
22486382,1382,1038,961,51,0,22486382,1.0414445873920235
22498430,1382,1011,958,51,0,22498430,1.0414445873920235
22511179,1374,1033,965,51,0,22511179,1.0414445873920235
22522240,1373,1018,963,51,0,22522240,1.0414445873920235
22534540,1390,1017,952,51,0,22534540,1.0414445873920235
22545426,1389,1022,961,51,0,22545426,1.0414445873920235
22558999,1379,1020,962,51,0,22558999,1.0414445873920235
22569718,1402,1011,959,51,0,22569718,1.0414445873920235
22582393,1377,995,952,51,0,22582393,1.0414445873920235
22594738,1363,1018,958,51,0,22594738,1.0414445873920235
22604995,1376,1036,959,51,0,22604995,1.0414445873920235
22616803,1380,988,957,51,0,22616803,1.0414445873920235
22628570,1374,1026,963,51,0,22628570,1.0414445873920235
22641427,1377,1016,958,51,0,22641427,1.0414445873920235
22653592,1381,1022,960,51,0,22653592,1.0414445873920235
22668174,1386,1017,966,51,0,22668174,1.0414445873920235
22679783,1389,1022,952,51,0,22679783,1.0414445873920235
22692107,1386,1018,964,51,0,22692107,1.0414445873920235
22706759,1389,1007,956,51,0,22706759,1.0414445873920235
22724226,1377,1041,960,51,0,22724226,1.0414445873920235
22734949,1381,1027,953,51,0,22734949,1.0414445873920235
22746080,1380,1047,961,51,0,22746080,1.0414445873920235
22756018,1370,1025,967,51,0,22756018,1.0414445873920235
22779696,1381,1021,955,51,0,22779696,1.0414445873920235
22791659,1370,1018,956,51,0,22791659,1.0414445873920235
22804717,1393,1021,958,51,0,22804717,1.0414445873920235
22823713,1390,1021,959,51,0,22823713,1.0414445873920235
22832768,1369,1009,955,51,0,22832768,1.0414445873920235
22842344,1358,1014,958,51,0,22842344,1.0414445873920235
22854709,1360,1005,956,51,0,22854709,1.0414445873920235
22866924,1375,1010,960,51,0,22866924,1.0414445873920235
22877752,1365,1004,955,51,0,22877752,1.0414445873920235
22890687,1331,1019,954,51,0,22890687,1.0414445873920235
22903364,1347,1024,952,51,0,22903364,1.0414445873920235
22914293,1361,1046,955,51,0,22914293,1.0414445873920235
22927957,1360,1038,960,51,0,22927957,1.0414445873920235
22940802,1369,1007,963,51,0,22940802,1.0414445873920235
22954488,1370,1018,963,51,0,22954488,1.0414445873920235
22965642,1371,1013,947,51,0,22965642,1.0414445873920235
22976550,1382,1023,957,51,0,22976550,1.0414445873920235
22987372,1375,1009,959,51,0,22987372,1.0414445873920235
22999285,1357,1027,956,51,0,22999285,1.0414445873920235
23009807,1387,1021,956,51,0,23009807,1.0414445873920235
23022483,1363,1006,954,51,0,23022483,1.0414445873920235
23033583,1371,1011,960,51,0,23033583,1.0414445873920235
23047435,1374,1029,963,51,0,23047435,1.0414445873920235
23062179,1361,1016,957,51,0,23062179,1.0414445873920235
23073153,1405,1017,963,51,0,23073153,1.0414445873920235
23090473,1372,1018,961,51,0,23090473,1.0414445873920235
23101684,1366,1022,960,51,0,23101684,1.0414445873920235
23112510,1347,1014,955,51,0,23112510,1.0414445873920235
23125415,1386,1022,960,51,0,23125415,1.0414445873920235
23141453,1362,1013,964,51,0,23141453,1.0414445873920235
23154455,1355,1029,965,51,0,23154455,1.0414445873920235
23165802,1385,1013,947,51,0,23165802,1.0414445873920235
23176625,1374,1018,963,51,0,23176625,1.0414445873920235
23187872,1389,1040,957,51,0,23187872,1.0414445873920235
23203216,1391,1020,955,51,0,23203216,1.0414445873920235
23214074,1413,1018,956,51,0,23214074,1.0414445873920235
23227655,1362,1017,955,51,0,23227655,1.0414445873920235
23239851,1398,1030,956,51,0,23239851,1.0414445873920235
23253951,1385,978,957,51,0,23253951,1.0414445873920235
23265374,1390,1028,958,51,0,23265374,1.0414445873920235
23280742,1385,1021,954,51,0,23280742,1.0414445873920235
23292961,1403,1024,960,51,0,23292961,1.0414445873920235
23304022,1382,1040,970,51,0,23304022,1.0414445873920235
23316834,1391,1035,963,51,0,23316834,1.0414445873920235
23326327,1390,1019,954,51,0,23326327,1.0414445873920235
23340589,1398,1040,956,51,0,23340589,1.0414445873920235
23352128,1401,1044,956,51,0,23352128,1.0414445873920235
23365706,1387,1014,953,51,0,23365706,1.0414445873920235
23377621,1384,1017,966,51,0,23377621,1.0414445873920235
23388152,1366,1027,954,51,0,23388152,1.0414445873920235
23400358,1371,1029,965,51,0,23400358,1.0414445873920235
23412075,1390,1034,962,51,0,23412075,1.0414445873920235
23425268,1379,1010,957,51,0,23425268,1.0414445873920235
23438274,1362,1040,957,51,0,23438274,1.0414445873920235
23448472,1372,1035,960,51,0,23448472,1.0414445873920235
23460572,1384,1030,963,51,0,23460572,1.0414445873920235
23473230,1373,1032,962,51,0,23473230,1.0414445873920235
23485083,1360,1021,968,51,0,23485083,1.0414445873920235
23499762,1379,1038,964,51,0,23499762,1.0414445873920235
23513481,1379,1021,962,51,0,23513481,1.0414445873920235
23526018,1373,1024,960,51,0,23526018,1.0414445873920235
23536349,1368,1029,973,51,0,23536349,1.0414445873920235
23546743,1400,1017,963,51,0,23546743,1.0414445873920235
23560603,1391,1024,951,51,0,23560603,1.0414445873920235
23574095,1376,1019,954,51,0,23574095,1.0414445873920235
23584938,1386,1014,953,51,0,23584938,1.0414445873920235
23595898,1389,1018,960,51,0,23595898,1.0414445873920235
23610713,1384,1012,950,51,0,23610713,1.0414445873920235
23622126,1388,1019,971,51,0,23622126,1.0414445873920235
23635119,1371,1042,956,51,0,23635119,1.0414445873920235
23648237,1379,1012,965,51,0,23648237,1.0414445873920235
23664590,1415,1025,956,51,0,23664590,1.0414445873920235
23676525,1371,1002,953,51,0,23676525,1.0414445873920235
23690777,1389,1034,972,51,0,23690777,1.0414445873920235
23704900,1386,1013,958,51,0,23704900,1.0414445873920235
23716678,1400,1027,961,51,0,23716678,1.0414445873920235
23728192,1375,1027,955,51,0,23728192,1.0414445873920235
23742308,1378,1048,955,51,0,23742308,1.0414445873920235
23751903,1387,1043,958,51,0,23751903,1.0414445873920235
23761549,1369,1038,953,51,0,23761549,1.0414445873920235
23773131,1406,1027,950,51,0,23773131,1.0414445873920235
23783274,1380,1030,956,51,0,23783274,1.0414445873920235
23798701,1387,1024,964,51,0,23798701,1.0414445873920235
23807991,1387,1007,964,51,0,23807991,1.0414445873920235
23818287,1355,1026,950,51,0,23818287,1.0414445873920235
23830317,1384,1017,957,51,0,23830317,1.0414445873920235
23841977,1369,1024,954,51,0,23841977,1.0414445873920235
23853501,1389,1024,958,51,0,23853501,1.0414445873920235
23867002,1353,1042,961,51,0,23867002,1.0414445873920235
23878334,1374,1019,957,51,0,23878334,1.0414445873920235
23892498,1352,1033,957,51,0,23892498,1.0414445873920235
23904120,1350,1019,950,51,0,23904120,1.0414445873920235
23915931,1359,1034,952,51,0,23915931,1.0414445873920235
23927523,1352,1024,955,51,0,23927523,1.0414445873920235
23938771,1368,1061,961,51,0,23938771,1.0414445873920235
23949219,1386,1022,955,51,0,23949219,1.0414445873920235
23962448,1372,1028,960,51,0,23962448,1.0414445873920235
23976429,1398,1020,956,51,0,23976429,1.0414445873920235
23988163,1380,1016,963,51,0,23988163,1.0414445873920235
23999206,1386,1031,961,51,0,23999206,1.0414445873920235
24012155,1370,1026,953,51,0,24012155,1.0414445873920235
24023634,1381,1012,954,51,0,24023634,1.0414445873920235
24037774,1408,1048,960,51,0,24037774,1.0414445873920235
24051116,1390,1017,964,51,0,24051116,1.0414445873920235
24066161,1384,1022,954,51,0,24066161,1.0414445873920235
24078011,1376,1020,956,51,0,24078011,1.0414445873920235
24091924,1366,1000,954,51,0,24091924,1.0414445873920235
24104924,1367,1032,965,51,0,24104924,1.0414445873920235
24117409,1356,1021,968,51,0,24117409,1.0414445873920235
24131228,1363,1036,960,51,0,24131228,1.0414445873920235
24142747,1365,1013,959,51,0,24142747,1.0414445873920235
24156195,1369,1011,970,51,0,24156195,1.0414445873920235
24166713,1366,1027,962,51,0,24166713,1.0414445873920235
24178901,1353,1018,959,51,0,24178901,1.0414445873920235
24191487,1390,1027,960,51,0,24191487,1.0414445873920235
24204737,1378,1000,955,51,0,24204737,1.0414445873920235
24216840,1369,1018,958,51,0,24216840,1.0414445873920235
24229536,1377,1017,970,51,0,24229536,1.0414445873920235
24240872,1364,1030,956,51,0,24240872,1.0414445873920235
24253479,1361,1029,963,51,0,24253479,1.0414445873920235
24267212,1363,996,957,51,0,24267212,1.0414445873920235
24276633,1353,1061,970,51,0,24276633,1.0414445873920235
24289184,1377,1028,961,51,0,24289184,1.0414445873920235
24306902,1371,1003,965,51,0,24306902,1.0414445873920235
24316998,1373,1040,962,51,0,24316998,1.0414445873920235
24331623,1364,1009,965,51,0,24331623,1.0414445873920235
24345221,1355,1010,963,51,0,24345221,1.0414445873920235
24355510,1385,1008,953,51,0,24355510,1.0414445873920235
24366447,1345,1048,965,51,0,24366447,1.0414445873920235
24376620,1358,1035,955,51,0,24376620,1.0414445873920235
24388441,1376,1032,966,51,0,24388441,1.0414445873920235
24403240,1376,1043,952,51,0,24403240,1.0414445873920235
24416335,1371,1021,955,51,0,24416335,1.0414445873920235
24426272,1359,1037,961,51,0,24426272,1.0414445873920235
24440010,1365,1020,956,51,0,24440010,1.0414445873920235
24452540,1374,1041,955,51,0,24452540,1.0414445873920235
24468330,1378,1036,964,51,0,24468330,1.0414445873920235
24480388,1380,1035,961,51,0,24480388,1.0414445873920235
24496114,1358,1038,968,51,0,24496114,1.0414445873920235
24509677,1365,1020,957,51,0,24509677,1.0414445873920235
24522076,1382,1021,968,51,0,24522076,1.0414445873920235
24534955,1362,1033,966,51,0,24534955,1.0414445873920235
24547120,1377,1032,958,51,0,24547120,1.0414445873920235
24561879,1377,1020,964,51,0,24561879,1.0414445873920235
24572247,1371,1013,965,51,0,24572247,1.0414445873920235
24584856,1367,1035,962,51,0,24584856,1.0414445873920235
24597050,1361,1022,956,51,0,24597050,1.0414445873920235
24608262,1354,1018,965,51,0,24608262,1.0414445873920235
24620779,1338,1033,962,51,0,24620779,1.0414445873920235
24633264,1377,1026,963,51,0,24633264,1.0414445873920235
24644173,1370,1014,954,51,0,24644173,1.0414445873920235
24657539,1393,1029,956,51,0,24657539,1.0414445873920235
24668504,1357,996,972,51,0,24668504,1.0414445873920235
24684882,1360,1017,961,51,0,24684882,1.0414445873920235
24693857,1378,1025,955,51,0,24693857,1.0414445873920235
24711898,1365,1030,957,51,0,24711898,1.0414445873920235
24724278,1350,984,961,51,0,24724278,1.0414445873920235
24734601,1365,1014,964,51,0,24734601,1.0414445873920235
24748136,1374,970,959,51,0,24748136,1.0414445873920235
24762175,1350,1026,951,51,0,24762175,1.0414445873920235
24775689,1365,1009,950,51,0,24775689,1.0414445873920235
24785539,1368,1017,964,51,0,24785539,1.0414445873920235
24800734,1368,1034,958,51,0,24800734,1.0414445873920235
24821227,1364,1004,957,51,0,24821227,1.0414445873920235
24836143,1365,1034,958,51,0,24836143,1.0414445873920235
24847456,1373,1017,960,51,0,24847456,1.0414445873920235
24858529,1380,1030,953,51,0,24858529,1.0414445873920235
24872940,1361,1011,958,51,0,24872940,1.0414445873920235
24885060,1366,1014,965,51,0,24885060,1.0414445873920235
24896723,1343,1025,966,51,0,24896723,1.0414445873920235
24908527,1388,1013,954,51,0,24908527,1.0414445873920235
24920515,1369,1027,961,51,0,24920515,1.0414445873920235
24930292,1372,1032,953,51,0,24930292,1.0414445873920235
24944235,1375,1037,954,51,0,24944235,1.0414445873920235
24958159,1363,1033,966,51,0,24958159,1.0414445873920235
24973593,1371,1010,962,51,0,24973593,1.0414445873920235
24983520,1371,1039,967,51,0,24983520,1.0414445873920235
24997576,1409,1038,964,51,0,24997576,1.0414445873920235
25008817,1417,1077,970,51,0,25008817,1.0414445873920235
25020846,1484,1134,976,51,0,25020846,1.0414445873920235
25031765,1477,1174,986,51,0,25031765,1.0414445873920235
25043261,1485,1164,977,51,0,25043261,1.0414445873920235
25053535,1468,1172,974,51,0,25053535,1.0414445873920235
25063957,1497,1158,979,51,0,25063957,1.0414445873920235
25074757,1489,1162,980,51,0,25074757,1.0414445873920235
25086633,1479,1166,981,51,0,25086633,1.0414445873920235
25099594,1497,1171,984,51,0,25099594,1.0414445873920235
25112830,1483,1184,975,51,0,25112830,1.0414445873920235
25123609,1476,1176,975,51,0,25123609,1.0414445873920235
25136151,1499,1171,978,51,0,25136151,1.0414445873920235
25146830,1513,1188,981,51,0,25146830,1.0414445873920235
25158452,1491,1179,987,51,0,25158452,1.0414445873920235
25173133,1484,1176,982,51,0,25173133,1.0414445873920235
25184709,1509,1177,989,51,0,25184709,1.0414445873920235
25196680,1483,1178,981,51,0,25196680,1.0414445873920235
25212348,1488,1169,995,51,0,25212348,1.0414445873920235
25223037,1468,1198,973,51,0,25223037,1.0414445873920235
25233290,1490,1198,988,51,0,25233290,1.0414445873920235
25246051,1478,1201,982,51,0,25246051,1.0414445873920235
25258317,1489,1200,981,51,0,25258317,1.0414445873920235
25269188,1480,1213,992,51,0,25269188,1.0414445873920235
25281135,1481,1191,979,51,0,25281135,1.0414445873920235
25294634,1505,1186,977,51,0,25294634,1.0414445873920235
25306818,1480,1163,980,51,0,25306818,1.0414445873920235
25316952,1486,1220,974,51,0,25316952,1.0414445873920235
25328185,1467,1196,976,51,0,25328185,1.0414445873920235
25336980,1496,1206,990,51,0,25336980,1.0414445873920235
25348437,1478,1194,980,51,0,25348437,1.0414445873920235
25363220,1501,1174,984,51,0,25363220,1.0414445873920235
25375804,1464,1213,979,51,0,25375804,1.0414445873920235
25387227,1484,1190,978,51,0,25387227,1.0414445873920235
25400351,1491,1182,988,51,0,25400351,1.0414445873920235
25413782,1490,1205,980,51,0,25413782,1.0414445873920235
25427634,1501,1190,981,51,0,25427634,1.0414445873920235
25439486,1475,1186,985,51,0,25439486,1.0414445873920235
25451281,1501,1150,982,51,0,25451281,1.0414445873920235
25461730,1506,1185,976,51,0,25461730,1.0414445873920235
25473942,1514,1190,980,51,0,25473942,1.0414445873920235
25485517,1467,1171,978,51,0,25485517,1.0414445873920235
25501140,1476,1192,989,51,0,25501140,1.0414445873920235
25510980,1459,1171,974,51,0,25510980,1.0414445873920235
25525243,1466,1187,975,51,0,25525243,1.0414445873920235
25534251,1483,1171,980,51,0,25534251,1.0414445873920235
25546560,1461,1168,979,51,0,25546560,1.0414445873920235
25556029,1459,1160,980,51,0,25556029,1.0414445873920235
25568655,1436,1153,987,51,0,25568655,1.0414445873920235
25580765,1464,1164,981,51,0,25580765,1.0414445873920235
25594130,1447,1142,973,51,0,25594130,1.0414445873920235
25605470,1397,1117,974,51,0,25605470,1.0414445873920235
25616341,1440,1133,974,51,0,25616341,1.0414445873920235
25626497,1406,1116,968,51,0,25626497,1.0414445873920235
25640318,1411,1100,968,51,0,25640318,1.0414445873920235
25652953,1389,1102,969,51,0,25652953,1.0414445873920235
25665517,1396,1078,975,51,0,25665517,1.0414445873920235
25679781,1408,1078,962,51,0,25679781,1.0414445873920235
25691621,1394,1094,963,51,0,25691621,1.0414445873920235
25704313,1397,1086,960,51,0,25704313,1.0414445873920235
25715264,1393,1080,970,51,0,25715264,1.0414445873920235
25728955,1395,1078,971,51,0,25728955,1.0414445873920235
25740477,1390,1085,965,51,0,25740477,1.0414445873920235
25750578,1390,1105,970,51,0,25750578,1.0414445873920235
25763244,1408,1060,965,51,0,25763244,1.0414445873920235
25775171,1389,1051,959,51,0,25775171,1.0414445873920235
25784260,1408,1065,961,51,0,25784260,1.0414445873920235
25794280,1413,1081,957,51,0,25794280,1.0414445873920235
25805535,1409,1045,968,51,0,25805535,1.0414445873920235
25817540,1418,1060,958,51,0,25817540,1.0414445873920235
25827743,1398,1042,963,51,0,25827743,1.0414445873920235
25842921,1415,1057,961,51,0,25842921,1.0414445873920235
25855823,1396,1054,957,51,0,25855823,1.0414445873920235
25865652,1420,1060,972,51,0,25865652,1.0414445873920235
25875393,1445,1057,954,51,0,25875393,1.0414445873920235
25891642,1402,1048,962,51,0,25891642,1.0414445873920235
25902814,1416,1040,962,51,0,25902814,1.0414445873920235
25913148,1404,1042,960,51,0,25913148,1.0414445873920235
25924328,1414,1054,965,51,0,25924328,1.0414445873920235
25934838,1417,1054,968,51,0,25934838,1.0414445873920235
25944223,1412,1062,968,51,0,25944223,1.0414445873920235
25955174,1435,1050,957,51,0,25955174,1.0414445873920235
25966499,1409,1046,958,51,0,25966499,1.0414445873920235
25978564,1391,1058,963,51,0,25978564,1.0414445873920235
25991449,1396,1065,962,51,0,25991449,1.0414445873920235
26004076,1404,1059,965,51,0,26004076,1.0414445873920235
26019779,1421,1043,962,51,0,26019779,1.0414445873920235
26033258,1412,1059,963,51,0,26033258,1.0414445873920235
26043652,1402,1082,956,51,0,26043652,1.0414445873920235
26056050,1401,1088,963,51,0,26056050,1.0414445873920235
26066962,1412,1061,961,51,0,26066962,1.0414445873920235
26079723,1404,1082,960,51,0,26079723,1.0414445873920235
26092648,1420,1070,973,51,0,26092648,1.0414445873920235
26105998,1402,1068,965,51,0,26105998,1.0414445873920235
26115852,1391,1078,970,51,0,26115852,1.0414445873920235
26125674,1400,1064,962,51,0,26125674,1.0414445873920235
26135687,1392,1088,965,51,0,26135687,1.0414445873920235
26148263,1422,1067,961,51,0,26148263,1.0414445873920235
26161600,1408,1069,962,51,0,26161600,1.0414445873920235
26172993,1424,1080,960,51,0,26172993,1.0414445873920235
26183961,1442,1061,969,51,0,26183961,1.0414445873920235
26197307,1403,1093,963,51,0,26197307,1.0414445873920235
26209919,1406,1073,962,51,0,26209919,1.0414445873920235
26223256,1412,1056,968,51,0,26223256,1.0414445873920235
26235822,1428,1067,973,51,0,26235822,1.0414445873920235
26248661,1455,1051,956,51,0,26248661,1.0414445873920235
26259088,1430,1059,964,51,0,26259088,1.0414445873920235
26271621,1403,1086,969,51,0,26271621,1.0414445873920235
26281748,1437,1059,969,51,0,26281748,1.0414445873920235
26293458,1406,1056,966,51,0,26293458,1.0414445873920235
26304906,1430,1058,972,51,0,26304906,1.0414445873920235
26317353,1412,1062,965,51,0,26317353,1.0414445873920235
26327808,1423,1042,960,51,0,26327808,1.0414445873920235
26338773,1409,1051,960,51,0,26338773,1.0414445873920235
26349486,1422,1060,966,51,0,26349486,1.0414445873920235
26362181,1416,1060,971,51,0,26362181,1.0414445873920235
26375094,1427,1064,966,51,0,26375094,1.0414445873920235
26388538,1435,1068,972,51,0,26388538,1.0414445873920235
26399753,1413,1058,966,51,0,26399753,1.0414445873920235
26412310,1394,1085,972,51,0,26412310,1.0414445873920235
26425896,1403,1059,959,51,0,26425896,1.0414445873920235
26436423,1406,1073,969,51,0,26436423,1.0414445873920235
26449736,1387,1082,969,51,0,26449736,1.0414445873920235
26461630,1410,1064,973,51,0,26461630,1.0414445873920235
26472451,1417,1068,963,51,0,26472451,1.0414445873920235
26485974,1388,1052,958,51,0,26485974,1.0414445873920235
26498542,1408,1057,962,51,0,26498542,1.0414445873920235
26511569,1402,1053,960,51,0,26511569,1.0414445873920235
26521418,1414,1060,963,51,0,26521418,1.0414445873920235
26539324,1396,1062,965,51,0,26539324,1.0414445873920235
26550008,1386,1064,974,51,0,26550008,1.0414445873920235
26562380,1385,1066,964,51,0,26562380,1.0414445873920235
26574692,1397,1072,963,51,0,26574692,1.0414445873920235
26586234,1412,1040,957,51,0,26586234,1.0414445873920235
26599055,1418,1015,970,51,0,26599055,1.0414445873920235
26611207,1406,1076,964,51,0,26611207,1.0414445873920235
26625289,1404,1057,965,51,0,26625289,1.0414445873920235
26637940,1398,1058,960,51,0,26637940,1.0414445873920235
26649399,1411,1058,961,51,0,26649399,1.0414445873920235
26661205,1414,1045,972,51,0,26661205,1.0414445873920235
26672377,1411,1053,960,51,0,26672377,1.0414445873920235
26684378,1401,1084,966,51,0,26684378,1.0414445873920235
26696773,1397,1053,968,51,0,26696773,1.0414445873920235
26707855,1412,1065,960,51,0,26707855,1.0414445873920235
26720362,1409,1065,965,51,0,26720362,1.0414445873920235
26731677,1388,1078,963,51,0,26731677,1.0414445873920235
26744455,1404,1067,968,51,0,26744455,1.0414445873920235
26755941,1323,1091,968,51,0,26755941,1.0414445873920235
26767131,1385,1116,966,51,0,26767131,1.0414445873920235
26779959,1494,1171,972,51,0,26779959,1.0414445873920235
26793184,1483,1154,972,51,0,26793184,1.0414445873920235
26807213,1485,1195,979,51,0,26807213,1.0414445873920235
26819402,1482,1165,967,51,0,26819402,1.0414445873920235
26829974,1488,1187,981,51,0,26829974,1.0414445873920235
26842915,1523,1188,986,51,0,26842915,1.0414445873920235
26853816,1488,1189,981,51,0,26853816,1.0414445873920235
26864321,1498,1170,980,51,0,26864321,1.0414445873920235
26874112,1483,1192,973,51,0,26874112,1.0414445873920235
26885670,1489,1178,977,51,0,26885670,1.0414445873920235
26896607,1477,1185,978,51,0,26896607,1.0414445873920235
26908731,1448,1153,980,51,0,26908731,1.0414445873920235
26918918,1408,1045,592,51,0,26918918,1.0414445873920235
26939533,1473,1187,986,51,0,26939533,1.0414445873920235
26952104,1456,1156,972,51,0,26952104,1.0414445873920235
26962661,1455,1128,979,51,0,26962661,1.0414445873920235
26975030,1466,1146,969,51,0,26975030,1.0414445873920235
26985554,1486,1161,980,51,0,26985554,1.0414445873920235
26999078,1457,1139,971,51,0,26999078,1.0414445873920235
27010544,1474,1009,984,51,0,27010544,1.0414445873920235
27022679,1469,1144,972,51,0,27022679,1.0414445873920235
27033745,1472,1190,978,51,0,27033745,1.0414445873920235
27046582,1470,1144,968,51,0,27046582,1.0414445873920235
27058140,1435,1135,976,51,0,27058140,1.0414445873920235
27070632,1473,1169,979,51,0,27070632,1.0414445873920235
27081277,1443,1139,974,51,0,27081277,1.0414445873920235
27092253,1445,1136,976,51,0,27092253,1.0414445873920235
27104977,1448,1142,974,51,0,27104977,1.0414445873920235
27116279,1445,1124,970,51,0,27116279,1.0414445873920235
27128662,1422,1153,972,51,0,27128662,1.0414445873920235
27141174,1477,1157,974,51,0,27141174,1.0414445873920235
27151363,1451,1188,975,51,0,27151363,1.0414445873920235
27164283,1453,1134,968,51,0,27164283,1.0414445873920235
27179067,1456,1170,973,51,0,27179067,1.0414445873920235
27191064,1453,1160,978,51,0,27191064,1.0414445873920235
27209062,1434,1153,971,51,0,27209062,1.0414445873920235
27221114,1431,1177,970,51,0,27221114,1.0414445873920235
27233020,1436,1167,980,51,0,27233020,1.0414445873920235
27246177,1441,1129,973,51,0,27246177,1.0414445873920235
27259910,1440,1161,984,51,0,27259910,1.0414445873920235
27272484,1449,1153,972,51,0,27272484,1.0414445873920235
27282730,1435,1146,972,51,0,27282730,1.0414445873920235
27298068,1474,1138,974,51,0,27298068,1.0414445873920235
27311254,1435,1157,982,51,0,27311254,1.0414445873920235
27325190,1419,1157,974,51,0,27325190,1.0414445873920235
27338754,1450,1164,974,51,0,27338754,1.0414445873920235
27350967,1408,1164,985,51,0,27350967,1.0414445873920235
27363757,1466,1170,978,51,0,27363757,1.0414445873920235
27374403,1441,1153,982,51,0,27374403,1.0414445873920235
27386182,1452,1164,971,51,0,27386182,1.0414445873920235
27396454,1436,1123,973,51,0,27396454,1.0414445873920235
27408242,1459,1126,953,51,0,27408242,1.0414445873920235
27422888,1428,1171,968,51,0,27422888,1.0414445873920235
27433621,1451,1153,979,51,0,27433621,1.0414445873920235
27446220,1433,1137,949,51,0,27446220,1.0414445873920235
27456367,1448,1148,970,51,0,27456367,1.0414445873920235
27466419,1468,1142,982,51,0,27466419,1.0414445873920235
27481782,1432,1121,977,51,0,27481782,1.0414445873920235
27494153,1436,1112,981,51,0,27494153,1.0414445873920235
27505662,1438,1134,973,51,0,27505662,1.0414445873920235
27518151,1457,1132,978,51,0,27518151,1.0414445873920235
27528167,1434,1101,970,51,0,27528167,1.0414445873920235
27538519,1449,1165,974,51,0,27538519,1.0414445873920235
27551611,1444,1144,971,51,0,27551611,1.0414445873920235
27566225,1446,1140,970,51,0,27566225,1.0414445873920235
27576554,1442,1137,967,51,0,27576554,1.0414445873920235
27588524,1398,1133,970,51,0,27588524,1.0414445873920235
27601381,1429,1138,968,51,0,27601381,1.0414445873920235
27617407,1436,1139,976,51,0,27617407,1.0414445873920235
27628805,1413,1153,978,51,0,27628805,1.0414445873920235
27639659,1450,1148,976,51,0,27639659,1.0414445873920235
27649025,1456,1024,576,51,0,27649025,1.0414445873920235
27671495,1468,1181,980,51,0,27671495,1.0414445873920235
27685815,1455,1192,982,51,0,27685815,1.0414445873920235
27698289,1459,1193,980,51,0,27698289,1.0414445873920235
27711012,1466,1146,981,51,0,27711012,1.0414445873920235
27724007,1449,1181,994,51,0,27724007,1.0414445873920235
27733838,1468,1182,986,51,0,27733838,1.0414445873920235
27745230,1451,1164,985,51,0,27745230,1.0414445873920235
27756820,1448,1180,979,51,0,27756820,1.0414445873920235
27768989,1467,1196,982,51,0,27768989,1.0414445873920235
27771336,1408,1029,643,51,0,27771336,1.0414445873920235
27795151,1459,1211,977,51,0,27795151,1.0414445873920235
27808282,1476,1096,640,51,0,27808282,1.0414445873920235
27822340,1475,1187,987,51,0,27822340,1.0414445873920235
27835867,1496,1224,1000,51,0,27835867,1.0414445873920235
27848593,1448,1209,980,51,0,27848593,1.0414445873920235
27859512,1450,1198,977,51,0,27859512,1.0414445873920235
27873768,1469,1208,961,51,0,27873768,1.0414445873920235
27884084,1449,1190,947,51,0,27884084,1.0414445873920235
27894794,1426,1025,385,51,0,27894794,1.0414445873920235
27913608,1472,1205,943,51,0,27913608,1.0414445873920235
27930263,1483,1194,966,51,0,27930263,1.0414445873920235
27943496,1424,1032,386,51,0,27943496,1.0414445873920235
27952805,2043,155,400,51,0,27952805,1.0414445873920235
27977179,1509,1190,986,51,0,27977179,1.0414445873920235
27986717,1463,1202,985,51,0,27986717,1.0414445873920235
27999014,1466,1187,978,51,0,27999014,1.0414445873920235
28010578,1498,1181,987,51,0,28010578,1.0414445873920235
28023306,1462,1181,986,51,0,28023306,1.0414445873920235
28035557,1483,1201,975,51,0,28035557,1.0414445873920235
28048211,1487,1200,978,51,0,28048211,1.0414445873920235
28051107,1408,1048,576,51,0,28051107,1.0414445873920235
28074136,1440,1041,640,51,0,28074136,1.0414445873920235
28082240,1440,1102,392,51,0,28082240,1.0414445873920235
28107520,1416,1028,645,51,0,28107520,1.0414445873920235
28119315,1444,1049,393,51,0,28119315,1.0414445873920235
28140241,1467,1141,975,51,0,28140241,1.0414445873920235
28147716,1448,1104,392,51,0,28147716,1.0414445873920235
28168645,1442,1064,384,51,0,28168645,1.0414445873920235
28049542,1408,1024,388,52,0,28049542,1.2517000551369233
28192916,1432,1024,576,52,0,28192916,1.2517000551369233
28210327,1469,1168,976,52,0,28210327,1.2517000551369233
28226609,1458,1182,974,52,0,28226609,1.2517000551369233
28239260,1489,1181,970,52,0,28239260,1.2517000551369233
28247073,1474,1027,398,52,0,28247073,1.2517000551369233
28262592,1505,1024,421,52,0,28262592,1.2517000551369233
28279921,1481,1132,967,52,0,28279921,1.2517000551369233
28293542,1479,1129,976,52,0,28293542,1.2517000551369233
28302481,2034,1030,431,52,0,28302481,1.2517000551369233
28313112,1474,1040,416,52,0,28313112,1.2517000551369233
28327976,1418,1026,432,52,0,28327976,1.2517000551369233
28349145,1489,1134,972,52,0,28349145,1.2517000551369233
28363908,1473,1145,964,52,0,28363908,1.2517000551369233
28311684,1440,1024,384,52,0,28311684,1.2517000551369233
28389934,1482,1145,969,52,0,28389934,1.2517000551369233
28401227,1474,1137,975,52,0,28401227,1.2517000551369233
28415090,1465,1128,887,52,0,28415090,1.2517000551369233
28423880,1412,1100,384,52,0,28423880,1.2517000551369233
28427532,1418,1089,385,52,0,28427532,1.2517000551369233
28444081,1416,1090,577,52,0,28444081,1.2517000551369233
28463485,1493,1112,971,52,0,28463485,1.2517000551369233
28478335,1506,1140,977,52,0,28478335,1.2517000551369233
28488450,1412,1048,400,52,0,28488450,1.2517000551369233
28501473,1483,1121,931,52,0,28501473,1.2517000551369233
28512666,1493,1124,972,52,0,28512666,1.2517000551369233
28526785,1477,1067,1871,52,0,28526785,1.2517000551369233
28508957,1480,1058,640,52,0,28508957,1.2517000551369233
28554640,1442,1092,433,52,0,28554640,1.2517000551369233
28573286,1530,1174,975,52,0,28573286,1.2517000551369233
28584514,1508,1103,969,52,0,28584514,1.2517000551369233
28592132,1424,1040,384,52,0,28592132,1.2517000551369233
28612881,1495,1086,957,52,0,28612881,1.2517000551369233
28625278,1514,1121,953,52,0,28625278,1.2517000551369233
28639428,1418,1042,640,52,0,28639428,1.2517000551369233
28660434,1512,1124,978,52,0,28660434,1.2517000551369233
28672327,1508,1166,971,52,0,28672327,1.2517000551369233
28683358,1517,1122,980,52,0,28683358,1.2517000551369233
28697220,1514,1114,968,52,0,28697220,1.2517000551369233
28710941,1478,1072,979,52,0,28710941,1.2517000551369233
28721700,1480,77,532,52,0,28721700,1.2517000551369233
28706342,1418,78,390,52,0,28706342,1.2517000551369233
28754454,1476,1108,977,52,0,28754454,1.2517000551369233
28765918,1484,1115,925,52,0,28765918,1.2517000551369233
28779524,1522,1131,965,52,0,28779524,1.2517000551369233
28794455,1492,1106,951,52,0,28794455,1.2517000551369233
28806100,1545,1089,946,52,0,28806100,1.2517000551369233
28819586,1472,1024,385,52,0,28819586,1.2517000551369233
28841778,1482,1114,968,52,0,28841778,1.2517000551369233
28856174,1505,1114,940,52,0,28856174,1.2517000551369233
28869993,1496,1105,980,52,0,28869993,1.2517000551369233
28882630,1493,1121,947,52,0,28882630,1.2517000551369233
28898894,1492,1085,944,52,0,28898894,1.2517000551369233
28911493,1472,1032,385,52,0,28911493,1.2517000551369233
28927206,1490,1135,969,52,0,28927206,1.2517000551369233
28939051,1486,1129,986,52,0,28939051,1.2517000551369233
28952716,1477,1086,954,52,0,28952716,1.2517000551369233
28963679,1475,1093,963,52,0,28963679,1.2517000551369233
28980233,1473,1024,658,52,0,28980233,1.2517000551369233
28993084,1472,72,392,52,0,28993084,1.2517000551369233
29009935,1464,1092,963,52,0,29009935,1.2517000551369233
29021204,1468,1106,961,52,0,29021204,1.2517000551369233
29030816,1491,1089,972,52,0,29030816,1.2517000551369233
29041143,1476,618,395,52,0,29041143,1.2517000551369233
29032448,1408,40,425,53,0,29032448,1.2307480242602462
29078248,1494,1093,928,53,0,29078248,1.2307480242602462
29088920,1464,1062,960,53,0,29088920,1.2307480242602462
29099529,1490,1097,968,53,0,29099529,1.2307480242602462
29111359,1473,1085,963,53,0,29111359,1.2307480242602462
29125335,1569,1075,971,53,0,29125335,1.2307480242602462
29142335,1240,1078,960,53,0,29142335,1.2307480242602462
29160391,1492,1091,958,53,0,29160391,1.2307480242602462
29174725,1484,1082,969,53,0,29174725,1.2307480242602462
29180940,1448,1024,420,53,0,29180940,1.2307480242602462
29209426,1473,1094,953,53,0,29209426,1.2307480242602462
29221939,1461,1053,955,53,0,29221939,1.2307480242602462
29233433,1482,1107,979,53,0,29233433,1.2307480242602462
29243273,1484,1105,978,53,0,29243273,1.2307480242602462
29246727,1476,40,641,53,0,29246727,1.2307480242602462
29270701,1409,44,386,53,0,29270701,1.2307480242602462
29284894,1497,1080,960,53,0,29284894,1.2307480242602462
29298880,1483,1088,952,53,0,29298880,1.2307480242602462
29308854,1484,1071,953,53,0,29308854,1.2307480242602462
29320276,1497,1075,934,53,0,29320276,1.2307480242602462
29328910,1476,17,576,53,0,29328910,1.2307480242602462
29344702,1491,1077,946,53,0,29344702,1.2307480242602462
29361616,1441,1074,963,53,0,29361616,1.2307480242602462
29374534,1492,1065,961,53,0,29374534,1.2307480242602462
29390745,1481,1027,960,53,0,29390745,1.2307480242602462
29393154,1460,1,384,53,0,29393154,1.2307480242602462
29422390,1502,1046,961,53,0,29422390,1.2307480242602462
29433712,1482,1053,965,53,0,29433712,1.2307480242602462
29448590,1481,1074,961,53,0,29448590,1.2307480242602462
29459473,1409,6,385,53,0,29459473,1.2307480242602462
29484853,1478,1097,977,53,0,29484853,1.2307480242602462
29497873,1476,1088,966,53,0,29497873,1.2307480242602462
29511231,1447,1049,954,53,0,29511231,1.2307480242602462
29525627,1466,1082,973,53,0,29525627,1.2307480242602462
29539166,1434,1039,964,53,0,29539166,1.2307480242602462
29554162,1421,1057,961,53,0,29554162,1.2307480242602462
29564993,1409,13,524,53,0,29564993,1.2307480242602462
29585166,1433,1052,968,53,0,29585166,1.2307480242602462
29597288,1464,1050,965,53,0,29597288,1.2307480242602462
29609138,1460,1080,970,53,0,29609138,1.2307480242602462
29618457,1680,5,642,53,0,29618457,1.2307480242602462
29638471,1461,1073,974,53,0,29638471,1.2307480242602462
29652504,1451,1112,955,53,0,29652504,1.2307480242602462
29664829,1450,1097,962,53,0,29664829,1.2307480242602462
29677299,1466,1067,966,53,0,29677299,1.2307480242602462
29690103,1444,1085,955,53,0,29690103,1.2307480242602462
29689218,1485,89,577,53,0,29689218,1.2307480242602462
29725597,1424,1084,965,53,0,29725597,1.2307480242602462
29739200,1429,1062,970,53,0,29739200,1.2307480242602462
29752214,1464,1101,976,53,0,29752214,1.2307480242602462
29768491,1446,1113,963,53,0,29768491,1.2307480242602462
29782075,1436,1107,969,53,0,29782075,1.2307480242602462
29795503,1453,1103,958,53,0,29795503,1.2307480242602462
29823949,1442,1079,958,54,0,29823949,1.1315934570850947
29839163,1393,1093,962,54,0,29839163,1.1315934570850947
29819968,1408,1032,455,54,0,29819968,1.1315934570850947
29871106,1405,1112,945,54,0,29871106,1.1315934570850947
29884298,1435,1118,984,54,0,29884298,1.1315934570850947
29896417,1441,1117,966,54,0,29896417,1.1315934570850947
29909346,1426,1072,961,54,0,29909346,1.1315934570850947
29918266,1409,1026,581,54,0,29918266,1.1315934570850947
29940814,1446,1110,974,54,0,29940814,1.1315934570850947
29952358,1409,1090,971,54,0,29952358,1.1315934570850947
29968648,1427,1098,966,54,0,29968648,1.1315934570850947
29981795,1426,1100,969,54,0,29981795,1.1315934570850947
29995648,1401,1118,970,54,0,29995648,1.1315934570850947
30006699,1413,1117,951,54,0,30006699,1.1315934570850947
30018390,1403,1153,979,54,0,30018390,1.1315934570850947
30031802,1406,1142,979,54,0,30031802,1.1315934570850947
30043418,1400,1158,975,54,0,30043418,1.1315934570850947
30053876,1397,1125,960,54,0,30053876,1.1315934570850947
30068327,1388,1140,967,54,0,30068327,1.1315934570850947
30086775,1416,1129,971,54,0,30086775,1.1315934570850947
30100820,1418,1141,968,54,0,30100820,1.1315934570850947
30114431,1402,1154,977,54,0,30114431,1.1315934570850947
30127341,1404,1149,978,54,0,30127341,1.1315934570850947
30130565,1324,1024,640,54,0,30130565,1.1315934570850947
30153524,1412,1105,970,54,0,30153524,1.1315934570850947
30164826,1440,1156,972,54,0,30164826,1.1315934570850947
30177186,1409,1128,977,54,0,30177186,1.1315934570850947
30188583,1411,1124,968,54,0,30188583,1.1315934570850947
30199523,1384,1134,973,54,0,30199523,1.1315934570850947
30210915,1425,1153,969,54,0,30210915,1.1315934570850947
30222464,1410,0,258,54,0,30222464,1.1315934570850947
30240489,1420,1157,979,54,0,30240489,1.1315934570850947
30259368,1385,1114,962,54,0,30259368,1.1315934570850947
30268986,1415,1133,970,54,0,30268986,1.1315934570850947
30279552,1418,1032,518,54,0,30279552,1.1315934570850947
30298790,1444,1148,975,54,0,30298790,1.1315934570850947
30308589,1444,1145,971,54,0,30308589,1.1315934570850947
30321078,1451,1171,978,54,0,30321078,1.1315934570850947
30333917,1451,1160,971,54,0,30333917,1.1315934570850947
30349654,1465,1121,972,54,0,30349654,1.1315934570850947
30365343,1442,1136,970,54,0,30365343,1.1315934570850947
30376478,1432,1134,977,54,0,30376478,1.1315934570850947
30387573,1394,1112,971,54,0,30387573,1.1315934570850947
30399537,1456,1137,980,54,0,30399537,1.1315934570850947
30411457,1440,1132,987,54,0,30411457,1.1315934570850947
30423200,1434,1130,972,54,0,30423200,1.1315934570850947
30433052,1432,1113,975,54,0,30433052,1.1315934570850947
30444100,1421,1152,967,54,0,30444100,1.1315934570850947
30456163,1414,1146,972,54,0,30456163,1.1315934570850947
30470588,1461,1152,971,54,0,30470588,1.1315934570850947
30482856,1476,1164,986,54,0,30482856,1.1315934570850947
30498247,1459,1113,962,54,0,30498247,1.1315934570850947
30510144,1402,1101,961,54,0,30510144,1.1315934570850947
30522470,1447,1103,973,54,0,30522470,1.1315934570850947
30533776,1420,1105,974,54,0,30533776,1.1315934570850947
30545562,1448,1129,980,54,0,30545562,1.1315934570850947
30559109,1442,1138,975,54,0,30559109,1.1315934570850947
30569971,1413,1129,970,54,0,30569971,1.1315934570850947
30583581,1429,1152,977,54,0,30583581,1.1315934570850947
30594314,1437,1117,966,54,0,30594314,1.1315934570850947
30605281,1437,1142,971,54,0,30605281,1.1315934570850947
30618212,1460,1102,973,54,0,30618212,1.1315934570850947
30637473,1434,1107,962,54,0,30637473,1.1315934570850947
30650079,1444,1104,961,54,0,30650079,1.1315934570850947
30664082,1444,1086,978,54,0,30664082,1.1315934570850947
30676662,1432,1105,961,54,0,30676662,1.1315934570850947
30689561,1432,1075,968,54,0,30689561,1.1315934570850947
30705797,1441,1094,971,54,0,30705797,1.1315934570850947
30716186,1145,1072,963,54,0,30716186,1.1315934570850947
30726465,1451,1069,957,54,0,30726465,1.1315934570850947
30737865,1416,1091,965,54,0,30737865,1.1315934570850947
30755851,1456,1084,969,54,0,30755851,1.1315934570850947
30768606,1451,1092,966,54,0,30768606,1.1315934570850947
30779970,1433,1056,969,54,0,30779970,1.1315934570850947
30789532,1426,1105,963,54,0,30789532,1.1315934570850947
30800054,1449,1093,966,54,0,30800054,1.1315934570850947
30812435,1445,1085,953,54,0,30812435,1.1315934570850947
30827358,1417,1035,959,54,0,30827358,1.1315934570850947
30842528,1461,1098,963,54,0,30842528,1.1315934570850947
30855974,1430,1027,976,54,0,30855974,1.1315934570850947
30866700,1431,1067,968,54,0,30866700,1.1315934570850947
30878878,1443,1028,948,54,0,30878878,1.1315934570850947
30890947,1445,1033,956,54,0,30890947,1.1315934570850947
30901575,1456,1026,969,54,0,30901575,1.1315934570850947
30913358,1442,1066,965,54,0,30913358,1.1315934570850947
30926577,1456,1091,968,54,0,30926577,1.1315934570850947
30938834,1472,1097,968,54,0,30938834,1.1315934570850947
30952143,1470,1024,964,54,0,30952143,1.1315934570850947
30963239,1461,1049,968,54,0,30963239,1.1315934570850947
30983350,1450,1068,959,54,0,30983350,1.1315934570850947
30999912,1475,1074,960,54,0,30999912,1.1315934570850947
31013427,1445,1080,972,54,0,31013427,1.1315934570850947
31026941,1462,1077,962,54,0,31026941,1.1315934570850947
31038819,1489,1088,966,54,0,31038819,1.1315934570850947
31053997,1429,1051,964,54,0,31053997,1.1315934570850947
31071589,1353,1047,955,54,0,31071589,1.1315934570850947
31085056,1457,1016,973,54,0,31085056,1.1315934570850947
31097825,1468,1028,966,54,0,31097825,1.1315934570850947
31108968,1465,1031,963,54,0,31108968,1.1315934570850947
31120146,1461,1453,953,54,0,31120146,1.1315934570850947
31130887,1448,1057,960,54,0,31130887,1.1315934570850947
31140941,1472,1034,957,54,0,31140941,1.1315934570850947
31152198,1475,1027,962,54,0,31152198,1.1315934570850947
31163186,1459,379,961,54,0,31163186,1.1315934570850947
31176247,1473,1034,962,54,0,31176247,1.1315934570850947
31189953,1444,1013,914,54,0,31189953,1.1315934570850947
31200672,1452,1010,956,54,0,31200672,1.1315934570850947
31215263,1441,1082,973,54,0,31215263,1.1315934570850947
31226992,1461,1106,956,54,0,31226992,1.1315934570850947
31240660,1443,1077,960,54,0,31240660,1.1315934570850947
31252112,1448,1078,965,54,0,31252112,1.1315934570850947
31263339,2038,1052,972,54,0,31263339,1.1315934570850947
31276415,1457,1051,970,54,0,31276415,1.1315934570850947
31286588,1456,0,513,54,0,31286588,1.1315934570850947
31305955,1459,1018,949,54,0,31305955,1.1315934570850947
31320501,1457,1020,955,54,0,31320501,1.1315934570850947
31335112,1466,1045,963,54,0,31335112,1.1315934570850947
31347031,1468,1066,962,54,0,31347031,1.1315934570850947
31357587,1493,1075,961,54,0,31357587,1.1315934570850947
31370316,1481,1050,955,54,0,31370316,1.1315934570850947
31381318,1460,1078,956,54,0,31381318,1.1315934570850947
31393653,1442,1024,970,54,0,31393653,1.1315934570850947
31409107,1458,1057,964,54,0,31409107,1.1315934570850947
31425500,1440,1043,952,54,0,31425500,1.1315934570850947
31435605,1454,1065,964,54,0,31435605,1.1315934570850947
31445029,1409,48,413,54,0,31445029,1.1315934570850947
31470398,1504,1100,971,54,0,31470398,1.1315934570850947
31480354,1501,1123,970,54,0,31480354,1.1315934570850947
31496981,1444,1069,963,54,0,31496981,1.1315934570850947
31510434,1459,1088,959,54,0,31510434,1.1315934570850947
31521208,1459,1064,959,54,0,31521208,1.1315934570850947
31531965,1439,1045,964,54,0,31531965,1.1315934570850947
31545926,1435,1033,949,54,0,31545926,1.1315934570850947
31562228,1454,1105,965,54,0,31562228,1.1315934570850947
31573158,1418,1068,966,54,0,31573158,1.1315934570850947
31585058,1456,1062,968,54,0,31585058,1.1315934570850947
31597360,1451,1051,964,54,0,31597360,1.1315934570850947
31607751,1421,1070,948,54,0,31607751,1.1315934570850947
31617714,1422,1067,964,54,0,31617714,1.1315934570850947
31627137,1448,1178,960,54,0,31627137,1.1315934570850947
31640073,1438,1069,963,54,0,31640073,1.1315934570850947
31652741,1427,1099,965,54,0,31652741,1.1315934570850947
31664768,1434,1088,965,54,0,31664768,1.1315934570850947
31678200,1492,1086,970,54,0,31678200,1.1315934570850947
31688959,889,1077,972,54,0,31688959,1.1315934570850947
31700674,1440,1091,971,54,0,31700674,1.1315934570850947
31712690,1432,1070,970,54,0,31712690,1.1315934570850947
31726538,1466,1072,972,54,0,31726538,1.1315934570850947
31737150,1517,1058,968,54,0,31737150,1.1315934570850947
31750893,1402,1041,963,54,0,31750893,1.1315934570850947
31762823,1456,1074,972,54,0,31762823,1.1315934570850947
31777650,1446,1073,971,54,0,31777650,1.1315934570850947
31788686,1440,1082,958,54,0,31788686,1.1315934570850947
31799640,1464,1093,973,54,0,31799640,1.1315934570850947
31815389,1406,1058,956,54,0,31815389,1.1315934570850947
31826806,1420,1074,971,54,0,31826806,1.1315934570850947
31837839,1429,1046,966,54,0,31837839,1.1315934570850947
31851576,1426,1068,972,54,0,31851576,1.1315934570850947
31868389,1478,1090,971,54,0,31868389,1.1315934570850947
31882303,1446,1094,958,54,0,31882303,1.1315934570850947
31893331,1450,1092,974,54,0,31893331,1.1315934570850947
31907082,1432,1090,975,54,0,31907082,1.1315934570850947
31919965,1403,1073,971,54,0,31919965,1.1315934570850947
31933249,1462,1113,973,54,0,31933249,1.1315934570850947
31946939,1467,1128,974,54,0,31946939,1.1315934570850947
31958619,1452,1124,966,54,0,31958619,1.1315934570850947
31971853,1464,1137,979,54,0,31971853,1.1315934570850947
31985861,1438,1119,991,54,0,31985861,1.1315934570850947
31998076,1420,1098,958,54,0,31998076,1.1315934570850947
32014158,1452,1116,976,54,0,32014158,1.1315934570850947
32026021,1432,1112,973,54,0,32026021,1.1315934570850947
32036004,1454,1125,970,54,0,32036004,1.1315934570850947
32050030,1464,1118,968,54,0,32050030,1.1315934570850947
32062883,1431,1117,976,54,0,32062883,1.1315934570850947
32076257,1451,1106,976,54,0,32076257,1.1315934570850947
32089105,1390,1126,972,54,0,32089105,1.1315934570850947
32106261,1437,1142,988,54,0,32106261,1.1315934570850947
32118150,1456,1124,970,54,0,32118150,1.1315934570850947
32130233,1424,1130,974,54,0,32130233,1.1315934570850947
32141366,1410,1138,929,54,0,32141366,1.1315934570850947
32155129,1402,1112,968,54,0,32155129,1.1315934570850947
32175662,1410,1168,983,54,0,32175662,1.1315934570850947
32189275,1419,1150,969,54,0,32189275,1.1315934570850947
32201708,1392,1170,971,54,0,32201708,1.1315934570850947
32213244,1413,1157,973,54,0,32213244,1.1315934570850947
32231716,1393,1140,989,54,0,32231716,1.1315934570850947
32244377,1395,1125,973,54,0,32244377,1.1315934570850947
32257218,1435,1162,972,54,0,32257218,1.1315934570850947
32269739,1427,1177,982,54,0,32269739,1.1315934570850947
32279793,1388,1154,972,54,0,32279793,1.1315934570850947
32291244,1412,1173,991,54,0,32291244,1.1315934570850947
32302610,1326,1042,577,54,0,32302610,1.1315934570850947
32321934,1412,1167,976,54,0,32321934,1.1315934570850947
32333976,1386,1161,978,54,0,32333976,1.1315934570850947
32347717,1410,1182,964,54,0,32347717,1.1315934570850947
32361245,1395,1150,982,54,0,32361245,1.1315934570850947
32372840,1408,1165,973,54,0,32372840,1.1315934570850947
32385513,1410,1189,976,54,0,32385513,1.1315934570850947
32396021,1391,1161,986,54,0,32396021,1.1315934570850947
32413525,1381,1153,978,54,0,32413525,1.1315934570850947
32425859,1424,1155,977,54,0,32425859,1.1315934570850947
32437872,1390,1161,972,54,0,32437872,1.1315934570850947
32448462,1408,1147,978,54,0,32448462,1.1315934570850947
32460293,1416,1144,972,54,0,32460293,1.1315934570850947
32471490,1418,1168,973,54,0,32471490,1.1315934570850947
32483926,1368,1173,978,54,0,32483926,1.1315934570850947
32502788,1410,1161,971,54,0,32502788,1.1315934570850947
32513927,1429,1140,973,54,0,32513927,1.1315934570850947
32528174,1397,1066,965,54,0,32528174,1.1315934570850947
32542422,1435,1113,965,54,0,32542422,1.1315934570850947
32552575,1380,1081,979,54,0,32552575,1.1315934570850947
32567372,1429,1123,976,54,0,32567372,1.1315934570850947
32577678,1453,1128,969,54,0,32577678,1.1315934570850947
32590331,1405,1089,964,54,0,32590331,1.1315934570850947
32601360,1448,1086,965,54,0,32601360,1.1315934570850947
32613385,1435,1339,970,54,0,32613385,1.1315934570850947
32622961,1437,1101,972,54,0,32622961,1.1315934570850947
32636305,1454,1153,969,54,0,32636305,1.1315934570850947
32645200,1428,1024,576,54,0,32645200,1.1315934570850947
32661084,1442,1099,961,54,0,32661084,1.1315934570850947
32673031,1458,1067,969,54,0,32673031,1.1315934570850947
32683095,1457,1068,963,54,0,32683095,1.1315934570850947
32693710,1447,1061,945,54,0,32693710,1.1315934570850947
32703962,1461,1060,960,54,0,32703962,1.1315934570850947
32716492,1453,1064,961,54,0,32716492,1.1315934570850947
32726162,1421,1075,962,54,0,32726162,1.1315934570850947
32735768,1441,48,528,54,0,32735768,1.1315934570850947
32755265,1419,1072,975,54,0,32755265,1.1315934570850947
32764802,1457,1065,971,54,0,32764802,1.1315934570850947
32778421,1468,1066,973,54,0,32778421,1.1315934570850947
32789452,1448,1025,975,54,0,32789452,1.1315934570850947
32802293,1453,1044,960,54,0,32802293,1.1315934570850947
32813372,1440,1037,965,54,0,32813372,1.1315934570850947
32825417,1461,1076,969,54,0,32825417,1.1315934570850947
32837135,1467,1081,973,54,0,32837135,1.1315934570850947
32848230,1449,1072,968,54,0,32848230,1.1315934570850947
32851458,1409,2,578,54,0,32851458,1.1315934570850947
32876713,1461,1051,945,54,0,32876713,1.1315934570850947
32892044,1453,1027,965,54,0,32892044,1.1315934570850947
32906007,1448,1031,968,54,0,32906007,1.1315934570850947
32922626,1456,1026,968,54,0,32922626,1.1315934570850947
32932376,1464,1016,960,54,0,32932376,1.1315934570850947
32945678,1477,1024,968,54,0,32945678,1.1315934570850947
32962875,1453,1018,973,54,0,32962875,1.1315934570850947
32979819,1459,1026,962,54,0,32979819,1.1315934570850947
32990530,1474,1026,960,54,0,32990530,1.1315934570850947
33004179,1435,1021,957,54,0,33004179,1.1315934570850947
33019445,1465,997,954,54,0,33019445,1.1315934570850947
33032317,1450,992,958,54,0,33032317,1.1315934570850947
33045584,1432,970,946,54,0,33045584,1.1315934570850947
33056728,1426,993,948,54,0,33056728,1.1315934570850947
33072194,1426,1002,939,54,0,33072194,1.1315934570850947
33084682,1492,1012,957,54,0,33084682,1.1315934570850947
33096169,1435,979,953,54,0,33096169,1.1315934570850947
33109485,1451,1043,948,54,0,33109485,1.1315934570850947
33123512,1446,1010,960,54,0,33123512,1.1315934570850947
33133317,1425,1051,948,54,0,33133317,1.1315934570850947
33147608,1437,1068,965,54,0,33147608,1.1315934570850947
33159411,1395,1046,965,54,0,33159411,1.1315934570850947
33170887,1409,1093,976,54,0,33170887,1.1315934570850947
33182877,1408,1088,971,54,0,33182877,1.1315934570850947
33192867,1446,1101,979,54,0,33192867,1.1315934570850947
33205759,1398,1066,970,54,0,33205759,1.1315934570850947
33215661,1432,1058,969,54,0,33215661,1.1315934570850947
33228193,1433,1042,956,54,0,33228193,1.1315934570850947
33239766,1419,1085,954,54,0,33239766,1.1315934570850947
33253065,1402,1052,958,54,0,33253065,1.1315934570850947
33264013,1450,1091,966,54,0,33264013,1.1315934570850947
33275261,1416,1060,965,54,0,33275261,1.1315934570850947
33286150,1435,1081,968,54,0,33286150,1.1315934570850947
33298251,1409,1053,962,54,0,33298251,1.1315934570850947
33308552,1431,1068,961,54,0,33308552,1.1315934570850947
33319585,1438,1049,970,54,0,33319585,1.1315934570850947
33332907,1440,1063,970,54,0,33332907,1.1315934570850947
33356485,1466,1104,955,55,0,33356485,1.1632052931446426
33366686,1464,1085,960,55,0,33366686,1.1632052931446426
33380626,1435,1062,964,55,0,33380626,1.1632052931446426
33392988,1453,1110,966,55,0,33392988,1.1632052931446426
33408032,1432,1066,952,55,0,33408032,1.1632052931446426
33420287,1427,1051,971,55,0,33420287,1.1632052931446426
33436962,1435,1054,973,55,0,33436962,1.1632052931446426
33451668,1441,1069,978,55,0,33451668,1.1632052931446426
33461320,1472,0,516,55,0,33461320,1.1632052931446426
33480458,1425,1081,976,55,0,33480458,1.1632052931446426
33489616,1451,1088,963,55,0,33489616,1.1632052931446426
33501460,1411,64,576,55,0,33501460,1.1632052931446426
33521942,1450,1099,965,55,0,33521942,1.1632052931446426
33535583,1446,1074,972,55,0,33535583,1.1632052931446426
33548247,1430,1074,977,55,0,33548247,1.1632052931446426
33564491,1438,1083,962,55,0,33564491,1.1632052931446426
33583981,1424,1105,964,55,0,33583981,1.1632052931446426
33602630,1441,1113,973,55,0,33602630,1.1632052931446426
33614760,1441,1125,966,55,0,33614760,1.1632052931446426
33627001,1420,1116,974,55,0,33627001,1.1632052931446426
33641451,1446,1104,969,55,0,33641451,1.1632052931446426
33655854,1415,1110,975,55,0,33655854,1.1632052931446426
33669672,1436,1121,970,55,0,33669672,1.1632052931446426
33682428,1426,1140,971,55,0,33682428,1.1632052931446426
33698665,1465,1168,980,55,0,33698665,1.1632052931446426
33713787,1419,1133,972,55,0,33713787,1.1632052931446426
33725002,1386,1162,978,55,0,33725002,1.1632052931446426
33736808,1398,1134,974,55,0,33736808,1.1632052931446426
33749183,1403,1141,972,55,0,33749183,1.1632052931446426
33761844,1402,1085,969,55,0,33761844,1.1632052931446426
33773351,1388,1065,955,55,0,33773351,1.1632052931446426
33752726,1280,1091,512,55,0,33752726,1.1632052931446426
33803786,1401,1091,998,55,0,33803786,1.1632052931446426
33817282,1460,1105,980,55,0,33817282,1.1632052931446426
33830093,1422,1071,962,55,0,33830093,1.1632052931446426
33844105,1432,1076,950,55,0,33844105,1.1632052931446426
33857858,1392,1053,960,55,0,33857858,1.1632052931446426
33875992,1417,1136,958,55,0,33875992,1.1632052931446426
33888628,1450,1052,968,55,0,33888628,1.1632052931446426
33899321,1422,1061,962,55,0,33899321,1.1632052931446426
33912178,1411,1085,973,55,0,33912178,1.1632052931446426
33922052,1462,1115,962,55,0,33922052,1.1632052931446426
33932352,1424,4,513,55,0,33932352,1.1632052931446426
33949511,1462,1040,958,55,0,33949511,1.1632052931446426
33960021,1449,1022,963,55,0,33960021,1.1632052931446426
33974030,1450,1049,956,55,0,33974030,1.1632052931446426
33986928,1445,1049,956,55,0,33986928,1.1632052931446426
34000144,1429,1088,966,55,0,34000144,1.1632052931446426
34012802,1474,1112,962,55,0,34012802,1.1632052931446426
34026290,1435,1045,949,55,0,34026290,1.1632052931446426
34039535,1434,1034,960,55,0,34039535,1.1632052931446426
34049865,1413,1021,962,55,0,34049865,1.1632052931446426
34065929,1418,1021,948,55,0,34065929,1.1632052931446426
34075690,1418,1034,952,55,0,34075690,1.1632052931446426
34092590,1419,1043,963,55,0,34092590,1.1632052931446426
34096136,18,36,578,55,0,34096136,1.1632052931446426
34120786,1445,1027,966,55,0,34120786,1.1632052931446426
34134583,1438,1032,961,55,0,34134583,1.1632052931446426
34146905,1432,1070,962,55,0,34146905,1.1632052931446426
34157522,1433,1088,949,55,0,34157522,1.1632052931446426
34171260,1425,1060,976,55,0,34171260,1.1632052931446426
34182847,1414,1096,978,55,0,34182847,1.1632052931446426
34195498,1421,1025,964,55,0,34195498,1.1632052931446426
34209204,1404,987,967,55,0,34209204,1.1632052931446426
34220299,1473,1072,971,55,0,34220299,1.1632052931446426
34236220,1441,1102,967,55,0,34236220,1.1632052931446426
34247281,1450,1117,965,55,0,34247281,1.1632052931446426
34264351,1413,1116,964,55,0,34264351,1.1632052931446426
34275663,1422,1102,970,55,0,34275663,1.1632052931446426
34288032,1385,1129,971,55,0,34288032,1.1632052931446426
34299191,1400,1130,964,55,0,34299191,1.1632052931446426
34309536,1435,1120,974,55,0,34309536,1.1632052931446426
34323333,1430,1112,964,55,0,34323333,1.1632052931446426
34334040,1422,1131,973,55,0,34334040,1.1632052931446426
34346667,1436,1120,976,55,0,34346667,1.1632052931446426
34356340,1452,1117,990,55,0,34356340,1.1632052931446426
34368417,1439,1103,979,55,0,34368417,1.1632052931446426
34382664,1408,1105,977,55,0,34382664,1.1632052931446426
34392571,1428,1068,969,55,0,34392571,1.1632052931446426
34404267,1442,1082,960,55,0,34404267,1.1632052931446426
34419534,1434,1034,940,55,0,34419534,1.1632052931446426
34433365,1426,1026,952,55,0,34433365,1.1632052931446426
34450726,1429,1066,978,55,0,34450726,1.1632052931446426
34460266,1405,1081,962,55,0,34460266,1.1632052931446426
34472503,1429,1110,965,55,0,34472503,1.1632052931446426
34484509,1401,1117,982,55,0,34484509,1.1632052931446426
34496338,1404,1140,963,55,0,34496338,1.1632052931446426
34508764,1380,1155,976,55,0,34508764,1.1632052931446426
34522029,1420,1171,972,55,0,34522029,1.1632052931446426
34532031,1438,1170,958,55,0,34532031,1.1632052931446426
34548647,1451,1161,979,55,0,34548647,1.1632052931446426
34562320,1422,1161,968,55,0,34562320,1.1632052931446426
34574560,1422,1114,974,55,0,34574560,1.1632052931446426
34587848,1417,1062,969,55,0,34587848,1.1632052931446426
34600153,1435,906,949,55,0,34600153,1.1632052931446426
34612534,1429,1089,958,55,0,34612534,1.1632052931446426
34623565,1418,1123,963,55,0,34623565,1.1632052931446426
34634716,1389,1146,964,55,0,34634716,1.1632052931446426
34646648,1408,1128,976,55,0,34646648,1.1632052931446426
34663219,1385,1115,968,55,0,34663219,1.1632052931446426
34678748,1427,1098,971,55,0,34678748,1.1632052931446426
34691444,1430,1112,980,55,0,34691444,1.1632052931446426
34703993,1432,1068,963,55,0,34703993,1.1632052931446426
34716069,1429,1085,973,55,0,34716069,1.1632052931446426
34727087,1460,1084,971,55,0,34727087,1.1632052931446426
34745338,1474,1068,950,55,0,34745338,1.1632052931446426
34756932,1388,1081,943,55,0,34756932,1.1632052931446426
34769246,1441,1093,968,55,0,34769246,1.1632052931446426
34783659,1459,1113,974,55,0,34783659,1.1632052931446426
34796135,1416,1086,961,55,0,34796135,1.1632052931446426
34808987,1426,1064,964,55,0,34808987,1.1632052931446426
34821934,1421,1085,942,55,0,34821934,1.1632052931446426
34832911,1437,1080,961,55,0,34832911,1.1632052931446426
34847943,1426,1081,958,55,0,34847943,1.1632052931446426
34857130,1336,0,514,55,0,34857130,1.1632052931446426
34878589,1433,1059,957,55,0,34878589,1.1632052931446426
34894530,1423,1025,949,55,0,34894530,1.1632052931446426
34905394,1402,1080,970,55,0,34905394,1.1632052931446426
34918474,1388,1078,973,55,0,34918474,1.1632052931446426
34929602,1424,1088,963,55,0,34929602,1.1632052931446426
34939771,1404,1076,977,55,0,34939771,1.1632052931446426
34956394,1430,1081,974,55,0,34956394,1.1632052931446426
34969476,1434,1068,968,55,0,34969476,1.1632052931446426
34979198,1386,1040,962,55,0,34979198,1.1632052931446426
34991240,1435,1027,966,55,0,34991240,1.1632052931446426
35005478,1437,1052,958,55,0,35005478,1.1632052931446426
35016960,1413,1047,954,55,0,35016960,1.1632052931446426
34997288,0,0,530,56,0,34997288,1.1537401213012315
35049112,1457,1077,968,56,0,35049112,1.1537401213012315
35060986,1340,1056,965,56,0,35060986,1.1537401213012315
35073226,1379,1020,953,56,0,35073226,1.1537401213012315
35083434,1406,1049,963,56,0,35083434,1.1537401213012315
35094371,1404,1010,955,56,0,35094371,1.1537401213012315
35105816,1357,1096,972,56,0,35105816,1.1537401213012315
35116890,1407,1098,964,56,0,35116890,1.1537401213012315
35131007,1400,1046,964,56,0,35131007,1.1537401213012315
35144913,1433,1068,960,56,0,35144913,1.1537401213012315
35157850,1438,1094,972,56,0,35157850,1.1537401213012315
35170893,1429,1104,947,56,0,35170893,1.1537401213012315
35184436,1424,1084,963,56,0,35184436,1.1537401213012315
35201024,281,1032,1,56,0,35201024,1.1537401213012315
35217236,1374,1082,959,56,0,35217236,1.1537401213012315
35229806,1396,1060,953,56,0,35229806,1.1537401213012315
35239863,1414,1045,960,56,0,35239863,1.1537401213012315
35254236,1446,1059,969,56,0,35254236,1.1537401213012315
35265810,1405,1056,962,56,0,35265810,1.1537401213012315
35278949,1426,1082,960,56,0,35278949,1.1537401213012315
35293093,1421,1107,968,56,0,35293093,1.1537401213012315
35305666,1428,1105,973,56,0,35305666,1.1537401213012315
35319109,1418,1096,964,56,0,35319109,1.1537401213012315
35334541,1451,1081,963,56,0,35334541,1.1537401213012315
35346930,1401,1059,945,56,0,35346930,1.1537401213012315
35359989,1401,1024,961,56,0,35359989,1.1537401213012315
35372735,1420,1050,948,56,0,35372735,1.1537401213012315
35384702,1436,1108,975,56,0,35384702,1.1537401213012315
35397342,1449,1117,980,56,0,35397342,1.1537401213012315
35410617,1399,1114,979,56,0,35410617,1.1537401213012315
35421408,1388,1068,956,56,0,35421408,1.1537401213012315
35433270,1428,1092,968,56,0,35433270,1.1537401213012315
35451194,1401,1086,971,56,0,35451194,1.1537401213012315
35465957,1411,1116,1005,56,0,35465957,1.1537401213012315
35478512,1411,1109,974,56,0,35478512,1.1537401213012315
35490773,1398,1085,974,56,0,35490773,1.1537401213012315
35504793,1434,1089,959,56,0,35504793,1.1537401213012315
35516831,1418,1068,958,56,0,35516831,1.1537401213012315
35528537,1410,1081,957,56,0,35528537,1.1537401213012315
35539201,1410,1078,997,56,0,35539201,1.1537401213012315
35550547,1429,1109,979,56,0,35550547,1.1537401213012315
35562183,1417,1109,962,56,0,35562183,1.1537401213012315
35573411,1406,1078,966,56,0,35573411,1.1537401213012315
35585775,1417,1108,966,56,0,35585775,1.1537401213012315
35596927,1434,1118,972,56,0,35596927,1.1537401213012315
35614827,1426,1125,970,56,0,35614827,1.1537401213012315
35627626,1409,1074,957,56,0,35627626,1.1537401213012315
35639228,1404,1083,965,56,0,35639228,1.1537401213012315
35649577,1428,1100,970,56,0,35649577,1.1537401213012315
35661529,1429,1103,976,56,0,35661529,1.1537401213012315
35673380,1378,1166,985,56,0,35673380,1.1537401213012315
35686654,1401,1160,982,56,0,35686654,1.1537401213012315
35700611,1426,1148,964,56,0,35700611,1.1537401213012315
35714290,1406,1160,974,56,0,35714290,1.1537401213012315
35734414,1421,1124,957,56,0,35734414,1.1537401213012315
35745994,1373,1143,981,56,0,35745994,1.1537401213012315
35757370,1398,1125,969,56,0,35757370,1.1537401213012315
35772668,1432,1122,977,56,0,35772668,1.1537401213012315
35791328,1416,1099,972,56,0,35791328,1.1537401213012315
35805555,1433,1089,966,56,0,35805555,1.1537401213012315
35819150,1404,1085,936,56,0,35819150,1.1537401213012315
35830838,1412,1078,972,56,0,35830838,1.1537401213012315
35842125,1450,1093,958,56,0,35842125,1.1537401213012315
35855032,1437,1114,945,56,0,35855032,1.1537401213012315
35865668,1412,32,512,56,0,35865668,1.1537401213012315
35883778,1423,1085,962,56,0,35883778,1.1537401213012315
35897437,2245,1094,992,56,0,35897437,1.1537401213012315
35911870,1455,1127,970,56,0,35911870,1.1537401213012315
35924562,1445,1081,971,56,0,35924562,1.1537401213012315
35937084,1444,1135,985,56,0,35937084,1.1537401213012315
35948675,1453,1111,970,56,0,35948675,1.1537401213012315
35960534,1421,1092,969,56,0,35960534,1.1537401213012315
35977579,1427,1054,957,56,0,35977579,1.1537401213012315
35987504,1472,69,704,56,0,35987504,1.1537401213012315
36006612,1428,1111,954,56,0,36006612,1.1537401213012315
36019075,1476,1097,970,56,0,36019075,1.1537401213012315
36036041,1456,1082,967,56,0,36036041,1.1537401213012315
36046862,1438,1102,975,56,0,36046862,1.1537401213012315
36060638,1517,1066,974,56,0,36060638,1.1537401213012315
36072637,1428,1076,966,56,0,36072637,1.1537401213012315
36078988,1444,4,560,56,0,36078988,1.1537401213012315
36098658,1460,1064,977,56,0,36098658,1.1537401213012315
36109941,1430,1062,956,56,0,36109941,1.1537401213012315
36125959,1187,1090,953,56,0,36125959,1.1537401213012315
36138164,1443,1092,962,56,0,36138164,1.1537401213012315
36151477,1449,1085,973,56,0,36151477,1.1537401213012315
36164389,1451,1059,970,56,0,36164389,1.1537401213012315
36178128,1432,1068,961,56,0,36178128,1.1537401213012315
36190641,1443,1043,956,56,0,36190641,1.1537401213012315
36201012,1453,1058,959,56,0,36201012,1.1537401213012315
36212619,1424,1099,958,56,0,36212619,1.1537401213012315
36224036,1436,1045,972,56,0,36224036,1.1537401213012315
36235953,1457,1084,956,56,0,36235953,1.1537401213012315
36248057,1443,1080,976,56,0,36248057,1.1537401213012315
36259944,1462,1065,956,56,0,36259944,1.1537401213012315
36276947,1465,1084,963,56,0,36276947,1.1537401213012315
36287968,1428,1068,926,56,0,36287968,1.1537401213012315
36300990,1437,1038,956,56,0,36300990,1.1537401213012315
36313414,1419,1046,967,56,0,36313414,1.1537401213012315
36324769,1401,1049,952,56,0,36324769,1.1537401213012315
36334176,2106,774,818,56,0,36334176,1.1537401213012315
36350715,1454,1059,954,56,0,36350715,1.1537401213012315
36365118,1438,1030,946,56,0,36365118,1.1537401213012315
36378887,1451,1068,965,56,0,36378887,1.1537401213012315
36407726,1464,1099,956,57,0,36407726,1.151258959750046
36424744,1461,1070,957,57,0,36424744,1.151258959750046
36442913,1467,1091,963,57,0,36442913,1.151258959750046
36454158,1450,1102,964,57,0,36454158,1.151258959750046
36464834,1443,1074,961,57,0,36464834,1.151258959750046
36475545,1445,1100,963,57,0,36475545,1.151258959750046
36484961,1,0,516,57,0,36484961,1.151258959750046
36503281,1444,1050,965,57,0,36503281,1.151258959750046
36516232,2765,1080,961,57,0,36516232,1.151258959750046
36526923,1433,1097,973,57,0,36526923,1.151258959750046
36537448,40,64,550,57,0,36537448,1.151258959750046
36557692,1448,1086,973,57,0,36557692,1.151258959750046
36571269,1440,1104,980,57,0,36571269,1.151258959750046
36582812,1410,1072,964,57,0,36582812,1.151258959750046
36596736,1427,1106,936,57,0,36596736,1.151258959750046
36613552,1426,1065,967,57,0,36613552,1.151258959750046
36623724,1445,1064,969,57,0,36623724,1.151258959750046
36638984,1410,8,512,57,0,36638984,1.151258959750046
36657587,1446,1120,957,57,0,36657587,1.151258959750046
36668905,1448,1111,975,57,0,36668905,1.151258959750046
36681294,1466,1148,952,57,0,36681294,1.151258959750046
36693137,1441,1136,984,57,0,36693137,1.151258959750046
36707736,1435,1117,972,57,0,36707736,1.151258959750046
36718793,1416,1104,965,57,0,36718793,1.151258959750046
36732252,1411,1105,970,57,0,36732252,1.151258959750046
36744227,1420,1130,977,57,0,36744227,1.151258959750046
36755501,1398,1130,975,57,0,36755501,1.151258959750046
36766863,1430,1100,968,57,0,36766863,1.151258959750046
36776300,1460,1096,964,57,0,36776300,1.151258959750046
36789253,1436,1096,963,57,0,36789253,1.151258959750046
36799597,2036,841,1930,57,0,36799597,1.151258959750046
36832564,1410,1104,956,57,0,36832564,1.151258959750046
36843880,1441,1121,966,57,0,36843880,1.151258959750046
36856882,1446,1098,973,57,0,36856882,1.151258959750046
36872965,1441,1050,952,57,0,36872965,1.151258959750046
36883877,1471,1058,966,57,0,36883877,1.151258959750046
36895559,1439,1042,889,57,0,36895559,1.151258959750046
36907370,1453,1044,960,57,0,36907370,1.151258959750046
36919028,1428,1019,954,57,0,36919028,1.151258959750046
36936012,1436,1044,974,57,0,36936012,1.151258959750046
36948703,1436,1077,958,57,0,36948703,1.151258959750046
36964381,1433,1016,953,57,0,36964381,1.151258959750046
36979397,1459,1058,947,57,0,36979397,1.151258959750046
36991101,1471,1091,973,57,0,36991101,1.151258959750046
37002003,1457,1054,958,57,0,37002003,1.151258959750046
37015545,1424,1062,955,57,0,37015545,1.151258959750046
37027993,1421,1053,944,57,0,37027993,1.151258959750046
37043780,1405,1072,955,57,0,37043780,1.151258959750046
37054690,1437,1083,954,57,0,37054690,1.151258959750046
37066257,1466,1051,966,57,0,37066257,1.151258959750046
37079955,1464,1043,958,57,0,37079955,1.151258959750046
37090946,1456,1074,946,57,0,37090946,1.151258959750046
37100179,1441,1045,963,57,0,37100179,1.151258959750046
37109760,1441,1090,922,57,0,37109760,1.151258959750046
37129743,2131,768,818,57,0,37129743,1.151258959750046
37143386,1435,1086,953,57,0,37143386,1.151258959750046
37155994,1398,1083,966,57,0,37155994,1.151258959750046
37167228,1395,1090,957,57,0,37167228,1.151258959750046
37184413,1417,1084,959,57,0,37184413,1.151258959750046
37195419,1393,1064,955,57,0,37195419,1.151258959750046
37206744,1428,1076,968,57,0,37206744,1.151258959750046
37209104,25,4,269,57,0,37209104,1.151258959750046
37231357,1411,1067,938,57,0,37231357,1.151258959750046
37243079,1429,1119,973,57,0,37243079,1.151258959750046
37254354,1419,1112,956,57,0,37254354,1.151258959750046
37267224,1398,1058,952,57,0,37267224,1.151258959750046
37276678,1444,1109,963,57,0,37276678,1.151258959750046
37292812,1387,1134,976,57,0,37292812,1.151258959750046
37307125,1386,1126,954,57,0,37307125,1.151258959750046
37319925,1421,1099,970,57,0,37319925,1.151258959750046
37336228,1410,1102,975,57,0,37336228,1.151258959750046
37349707,1408,1110,973,57,0,37349707,1.151258959750046
37361632,1389,1076,961,57,0,37361632,1.151258959750046
37377237,1363,1124,956,57,0,37377237,1.151258959750046
37391020,1354,1122,956,57,0,37391020,1.151258959750046
37404779,1371,1099,951,57,0,37404779,1.151258959750046
37416883,1411,1105,967,57,0,37416883,1.151258959750046
37430196,1408,1096,962,57,0,37430196,1.151258959750046
37441740,1422,1100,943,57,0,37441740,1.151258959750046
37461584,1411,1082,968,57,0,37461584,1.151258959750046
37474207,1406,1077,970,57,0,37474207,1.151258959750046
37225682,8,18,520,58,0,37225682,1.1878331189119646
37502378,1400,1059,966,58,0,37502378,1.1878331189119646
37516693,1444,1076,942,58,0,37516693,1.1878331189119646
37533391,1389,1057,955,58,0,37533391,1.1878331189119646
37543361,1410,1054,940,58,0,37543361,1.1878331189119646
37557361,1439,1076,958,58,0,37557361,1.1878331189119646
37567690,1434,1110,949,58,0,37567690,1.1878331189119646
37578309,1429,1103,945,58,0,37578309,1.1878331189119646
37593746,2114,822,957,58,0,37593746,1.1878331189119646
37609834,1409,1076,961,58,0,37609834,1.1878331189119646
37621837,1413,1068,963,58,0,37621837,1.1878331189119646
37637786,1417,1072,966,58,0,37637786,1.1878331189119646
37643296,16,78,704,58,0,37643296,1.1878331189119646
37662824,1425,1088,942,58,0,37662824,1.1878331189119646
37676434,1380,1030,963,58,0,37676434,1.1878331189119646
37688705,20,2,384,58,0,37688705,1.1878331189119646
37705517,1432,1097,955,58,0,37705517,1.1878331189119646
37716805,1420,1086,965,58,0,37716805,1.1878331189119646
37728071,1405,1128,949,58,0,37728071,1.1878331189119646
37739844,1380,1116,955,58,0,37739844,1.1878331189119646
37754226,1371,1078,945,58,0,37754226,1.1878331189119646
37766680,1414,1093,977,58,0,37766680,1.1878331189119646
37776695,1374,1098,972,58,0,37776695,1.1878331189119646
37788846,1388,1107,972,58,0,37788846,1.1878331189119646
37803568,1356,1084,936,58,0,37803568,1.1878331189119646
37813469,1411,1124,967,58,0,37813469,1.1878331189119646
37824465,1412,1066,969,58,0,37824465,1.1878331189119646
37838499,1418,1089,966,58,0,37838499,1.1878331189119646
37854434,1390,1044,963,58,0,37854434,1.1878331189119646
37864547,1424,1091,964,58,0,37864547,1.1878331189119646
37882843,1380,1078,956,58,0,37882843,1.1878331189119646
37892336,12,22,441,58,0,37892336,1.1878331189119646
37905411,4,10,578,58,0,37905411,1.1878331189119646
37927850,1435,1070,929,58,0,37927850,1.1878331189119646
37940027,1413,1074,957,58,0,37940027,1.1878331189119646
37953228,1403,1112,960,58,0,37953228,1.1878331189119646
37964730,1439,1127,972,58,0,37964730,1.1878331189119646
37978528,65,1032,72,58,0,37978528,1.1878331189119646
37993080,1400,1110,987,58,0,37993080,1.1878331189119646
38004663,1398,1094,964,58,0,38004663,1.1878331189119646
38022833,1386,1058,954,58,0,38022833,1.1878331189119646
38036008,1406,1092,962,58,0,38036008,1.1878331189119646
38047836,1405,1121,976,58,0,38047836,1.1878331189119646
38059386,1416,1080,975,58,0,38059386,1.1878331189119646
38069940,1418,1100,963,58,0,38069940,1.1878331189119646
38080677,1383,1126,977,58,0,38080677,1.1878331189119646
38093279,1440,1094,971,58,0,38093279,1.1878331189119646
4194304,0,0,0,58,0,4194304,1.1878331189119646
38118946,1428,1093,967,58,0,38118946,1.1878331189119646
38133089,1437,1064,966,58,0,38133089,1.1878331189119646
38146766,1396,1070,971,58,0,38146766,1.1878331189119646
38158369,65,0,580,58,0,38158369,1.1878331189119646
38179208,1363,1078,939,58,0,38179208,1.1878331189119646
38188040,130,32,390,58,0,38188040,1.1878331189119646
38203376,1381,1074,970,58,0,38203376,1.1878331189119646
38215829,1373,1091,966,58,0,38215829,1.1878331189119646
38227303,1400,1116,988,58,0,38227303,1.1878331189119646
38238982,1426,1107,947,58,0,38238982,1.1878331189119646
38250486,1385,1122,974,58,0,38250486,1.1878331189119646
38261416,1359,1110,946,58,0,38261416,1.1878331189119646
38272693,1381,1086,961,58,0,38272693,1.1878331189119646
38282258,12,41,384,58,0,38282258,1.1878331189119646
38297844,1365,1065,956,58,0,38297844,1.1878331189119646
38315746,1355,1077,964,58,0,38315746,1.1878331189119646
38327772,1307,1052,930,58,0,38327772,1.1878331189119646
38338221,1329,1072,973,58,0,38338221,1.1878331189119646
38352153,19,64,385,58,0,38352153,1.1878331189119646
38364351,1347,1113,936,58,0,38364351,1.1878331189119646
38377365,1348,1076,948,58,0,38377365,1.1878331189119646
38390465,1342,1062,948,58,0,38390465,1.1878331189119646
38404518,1300,1064,964,58,0,38404518,1.1878331189119646
38419710,1315,1056,958,58,0,38419710,1.1878331189119646
38430886,1340,1057,954,58,0,38430886,1.1878331189119646
38446432,1282,1129,972,58,0,38446432,1.1878331189119646
38460424,1301,1097,966,58,0,38460424,1.1878331189119646
38472948,1315,1087,966,58,0,38472948,1.1878331189119646
38486505,1345,1101,971,58,0,38486505,1.1878331189119646
38500350,1353,1083,962,58,0,38500350,1.1878331189119646
38515028,1357,1088,963,58,0,38515028,1.1878331189119646
38527011,1364,1100,958,58,0,38527011,1.1878331189119646
38540621,1310,1092,972,58,0,38540621,1.1878331189119646
38553517,1323,1132,978,58,0,38553517,1.1878331189119646
38566042,1336,1097,958,58,0,38566042,1.1878331189119646
38578034,1284,1048,955,58,0,38578034,1.1878331189119646
38589141,1268,1048,962,58,0,38589141,1.1878331189119646
38599640,1228,1018,964,58,0,38599640,1.1878331189119646
38611449,1246,1041,959,58,0,38611449,1.1878331189119646
38627516,1373,1088,958,58,0,38627516,1.1878331189119646
38640490,1394,1074,968,58,0,38640490,1.1878331189119646
38653581,1360,1048,955,58,0,38653581,1.1878331189119646
38664533,1355,1068,959,58,0,38664533,1.1878331189119646
38675015,1311,1049,957,58,0,38675015,1.1878331189119646
38685841,1295,1065,947,58,0,38685841,1.1878331189119646
38697149,1265,1011,945,58,0,38697149,1.1878331189119646
38712539,1254,1042,955,58,0,38712539,1.1878331189119646
38730777,1315,1040,954,58,0,38730777,1.1878331189119646
38740992,104,44,389,58,0,38740992,1.1878331189119646
38760848,1402,1081,946,58,0,38760848,1.1878331189119646
38774002,1381,1089,954,58,0,38774002,1.1878331189119646
38790370,1380,1121,947,58,0,38790370,1.1878331189119646
38803177,1371,1090,905,58,0,38803177,1.1878331189119646
38816055,1365,1104,934,58,0,38816055,1.1878331189119646
38829011,1392,1105,897,58,0,38829011,1.1878331189119646
38840882,1393,1120,977,58,0,38840882,1.1878331189119646
38858035,1392,1070,947,58,0,38858035,1.1878331189119646
38872584,1392,1058,926,58,0,38872584,1.1878331189119646
38886849,1382,1059,950,58,0,38886849,1.1878331189119646
38905249,1402,1041,956,58,0,38905249,1.1878331189119646
38916751,1410,1357,949,58,0,38916751,1.1878331189119646
38931392,1368,1067,943,58,0,38931392,1.1878331189119646
38942302,1390,1075,957,58,0,38942302,1.1878331189119646
38957183,1389,1051,941,58,0,38957183,1.1878331189119646
38975414,1350,1050,954,58,0,38975414,1.1878331189119646
38986382,1355,1013,957,58,0,38986382,1.1878331189119646
38999961,1414,1037,960,58,0,38999961,1.1878331189119646
39015369,1409,1021,867,58,0,39015369,1.1878331189119646
39027321,1395,1060,963,58,0,39027321,1.1878331189119646
39038821,1364,1076,932,58,0,39038821,1.1878331189119646
39050276,1757,1026,959,58,0,39050276,1.1878331189119646
39062972,1320,1032,958,58,0,39062972,1.1878331189119646
39076572,1306,1014,946,58,0,39076572,1.1878331189119646
39091024,1336,1038,957,58,0,39091024,1.1878331189119646
39106148,1385,1062,966,58,0,39106148,1.1878331189119646
39119727,1412,1107,973,58,0,39119727,1.1878331189119646
39131177,1352,1114,949,58,0,39131177,1.1878331189119646
39140553,1356,1062,958,58,0,39140553,1.1878331189119646
39154455,1344,1041,963,58,0,39154455,1.1878331189119646
39166664,1358,855,971,58,0,39166664,1.1878331189119646
39177081,1396,1066,969,58,0,39177081,1.1878331189119646
39185993,1380,1035,938,58,0,39185993,1.1878331189119646
39197325,1386,1092,963,58,0,39197325,1.1878331189119646
39211940,1396,1046,948,58,0,39211940,1.1878331189119646
39225546,1393,1051,958,58,0,39225546,1.1878331189119646
39239434,1392,1075,957,58,0,39239434,1.1878331189119646
39252464,1369,1049,972,58,0,39252464,1.1878331189119646
39263386,2162,614,1475,58,0,39263386,1.1878331189119646
39281744,0,1100,705,58,0,39281744,1.1878331189119646
39288836,8,5,456,58,0,39288836,1.1878331189119646
39310100,80,0,258,58,0,39310100,1.1878331189119646
39321889,68,2,414,58,0,39321889,1.1878331189119646
39338000,8,2,448,58,0,39338000,1.1878331189119646
39321729,32,516,392,59,0,39321729,1.1582429700422716
39366848,1374,1033,955,59,0,39366848,1.1582429700422716
39380602,1376,1062,955,59,0,39380602,1.1582429700422716
39392907,1340,1077,956,59,0,39392907,1.1582429700422716
39405799,1301,1046,926,59,0,39405799,1.1582429700422716
39417889,1360,9,897,59,0,39417889,1.1582429700422716
39429265,1320,1052,966,59,0,39429265,1.1582429700422716
39441329,1373,1061,956,59,0,39441329,1.1582429700422716
39456389,1330,1030,950,59,0,39456389,1.1582429700422716
39469042,1314,1033,963,59,0,39469042,1.1582429700422716
39482004,1308,1026,952,59,0,39482004,1.1582429700422716
39494697,1336,1034,950,59,0,39494697,1.1582429700422716
39505178,1323,1028,946,59,0,39505178,1.1582429700422716
39521801,1366,1044,915,59,0,39521801,1.1582429700422716
39534736,1363,1051,957,59,0,39534736,1.1582429700422716
39546196,1304,1060,922,59,0,39546196,1.1582429700422716
39552541,294,480,416,59,0,39552541,1.1582429700422716
39571522,1305,1038,953,59,0,39571522,1.1582429700422716
39581890,1283,1052,965,59,0,39581890,1.1582429700422716
39595896,1374,1051,962,59,0,39595896,1.1582429700422716
39605790,1373,1072,960,59,0,39605790,1.1582429700422716
39584835,81,0,448,59,0,39584835,1.1582429700422716
39634531,1363,1081,973,59,0,39634531,1.1582429700422716
39649383,1365,1051,948,59,0,39649383,1.1582429700422716
39660382,1323,1028,860,59,0,39660382,1.1582429700422716
39672807,1330,1049,950,59,0,39672807,1.1582429700422716
39687477,1366,1059,964,59,0,39687477,1.1582429700422716
39695013,129,49,584,59,0,39695013,1.1582429700422716
39713190,1357,1074,958,59,0,39713190,1.1582429700422716
39725191,1366,1080,950,59,0,39725191,1.1582429700422716
39742119,1337,1064,961,59,0,39742119,1.1582429700422716
39751951,1314,1049,940,59,0,39751951,1.1582429700422716
39762804,1301,1042,957,59,0,39762804,1.1582429700422716
39774326,1328,1073,969,59,0,39774326,1.1582429700422716
39787028,1326,1054,933,59,0,39787028,1.1582429700422716
39800263,1347,1050,937,59,0,39800263,1.1582429700422716
39813854,1353,1059,966,59,0,39813854,1.1582429700422716
39827394,1325,1059,954,59,0,39827394,1.1582429700422716
39838679,1294,1832,936,59,0,39838679,1.1582429700422716
39845956,35,0,402,59,0,39845956,1.1582429700422716
39846953,1,0,544,59,0,39846953,1.1582429700422716
39880136,1337,1069,962,59,0,39880136,1.1582429700422716
39892946,1359,1068,965,59,0,39892946,1.1582429700422716
39905058,1351,1054,939,59,0,39905058,1.1582429700422716
39917579,1320,1078,964,59,0,39917579,1.1582429700422716
39930134,1369,1083,971,59,0,39930134,1.1582429700422716
39941370,1337,1064,906,59,0,39941370,1.1582429700422716
39958191,1333,1049,971,59,0,39958191,1.1582429700422716
39970096,1321,1088,960,59,0,39970096,1.1582429700422716
39978034,40,0,436,59,0,39978034,1.1582429700422716
39997800,1350,1054,969,59,0,39997800,1.1582429700422716
40014237,1381,1094,962,59,0,40014237,1.1582429700422716
40023200,16,100,452,59,0,40023200,1.1582429700422716
40041007,1309,1063,944,59,0,40041007,1.1582429700422716
40052307,1299,1034,951,59,0,40052307,1.1582429700422716
40065600,1282,1048,936,59,0,40065600,1.1582429700422716
40080535,1308,1046,952,59,0,40080535,1.1582429700422716
40076212,8,16,320,60,0,40076212,1.1658242970042272
40105712,1294,1084,965,60,0,40105712,1.1658242970042272
40117525,1322,1086,961,60,0,40117525,1.1658242970042272
40130560,1298,1034,883,60,0,40130560,1.1658242970042272
40147003,1253,1049,962,60,0,40147003,1.1658242970042272
40159485,1289,1061,949,60,0,40159485,1.1658242970042272
40172256,1278,1045,967,60,0,40172256,1.1658242970042272
40184611,1295,1066,948,60,0,40184611,1.1658242970042272
40197069,1277,1061,928,60,0,40197069,1.1658242970042272
40210107,1285,1041,954,60,0,40210107,1.1658242970042272
40207909,64,0,312,60,0,40207909,1.1658242970042272
40236243,1227,1037,953,60,0,40236243,1.1658242970042272
40249040,1220,1064,947,60,0,40249040,1.1658242970042272
40258690,1250,1083,964,60,0,40258690,1.1658242970042272
40271864,1281,1077,960,60,0,40271864,1.1658242970042272
40286798,1274,1076,957,60,0,40286798,1.1658242970042272
40301505,1280,1066,956,60,0,40301505,1.1658242970042272
40313476,1293,1032,964,60,0,40313476,1.1658242970042272
40324961,1286,1098,964,60,0,40324961,1.1658242970042272
40335419,1274,1066,835,60,0,40335419,1.1658242970042272
40339200,1,26,320,60,0,40339200,1.1658242970042272
40366837,1225,1024,941,60,0,40366837,1.1658242970042272
40370696,1152,22,520,60,0,40370696,1.1658242970042272
40398181,1250,1021,949,60,0,40398181,1.1658242970042272
40411304,1243,1088,965,60,0,40411304,1.1658242970042272
40428733,1266,1054,956,60,0,40428733,1.1658242970042272
40441335,1256,1051,949,60,0,40441335,1.1658242970042272
40452358,1259,1070,956,60,0,40452358,1.1658242970042272
40464014,1233,1079,950,60,0,40464014,1.1658242970042272
40472969,1256,1065,946,60,0,40472969,1.1658242970042272
40485288,1258,1097,953,60,0,40485288,1.1658242970042272
40499040,1235,1053,952,60,0,40499040,1.1658242970042272
40511921,1265,1070,957,60,0,40511921,1.1658242970042272
40527332,1268,1073,954,60,0,40527332,1.1658242970042272
40542002,1256,1046,970,60,0,40542002,1.1658242970042272
40554352,1293,1046,964,60,0,40554352,1.1658242970042272
40568181,1317,1069,968,60,0,40568181,1.1658242970042272
40579853,1309,1088,969,60,0,40579853,1.1658242970042272
40595469,1280,1068,963,60,0,40595469,1.1658242970042272
40606493,1274,1059,969,60,0,40606493,1.1658242970042272
40617680,1282,1032,960,60,0,40617680,1.1658242970042272
40629464,1304,1075,955,60,0,40629464,1.1658242970042272
40645984,1321,1073,961,60,0,40645984,1.1658242970042272
40659288,1276,1035,959,60,0,40659288,1.1658242970042272
40671798,1294,1049,944,60,0,40671798,1.1658242970042272
40681371,1252,1103,968,60,0,40681371,1.1658242970042272
40693142,1292,1069,950,60,0,40693142,1.1658242970042272
40706558,1309,1044,960,60,0,40706558,1.1658242970042272
40717572,1298,1052,965,60,0,40717572,1.1658242970042272
40728881,1300,1045,970,60,0,40728881,1.1658242970042272
40741408,1267,1026,943,60,0,40741408,1.1658242970042272
40753990,1268,1022,926,60,0,40753990,1.1658242970042272
40769642,1277,1071,924,60,0,40769642,1.1658242970042272
40785747,1299,1087,949,60,0,40785747,1.1658242970042272
40799598,1240,1077,944,60,0,40799598,1.1658242970042272
40811632,1228,1067,953,60,0,40811632,1.1658242970042272
40822488,1207,1894,962,60,0,40822488,1.1658242970042272
40835389,1205,1039,939,60,0,40835389,1.1658242970042272
40852420,1213,1038,949,60,0,40852420,1.1658242970042272
40865467,1220,1056,965,60,0,40865467,1.1658242970042272
40879273,1235,1012,961,60,0,40879273,1.1658242970042272
40890148,1197,1029,953,60,0,40890148,1.1658242970042272
40900720,1178,1000,961,60,0,40900720,1.1658242970042272
40915442,1160,1014,953,60,0,40915442,1.1658242970042272
40931036,1109,973,949,60,0,40931036,1.1658242970042272
40927244,1,256,928,61,0,40927244,1.1465723212644734
40960023,1154,834,897,61,0,40960023,1.1465723212644734
40969693,1106,788,916,61,0,40969693,1.1465723212644734
40979675,1149,690,907,61,0,40979675,1.1465723212644734
40993477,1166,869,923,61,0,40993477,1.1465723212644734
41004159,1242,808,916,61,0,41004159,1.1465723212644734
41016041,1266,808,853,61,0,41016041,1.1465723212644734
41027968,1256,807,917,61,0,41027968,1.1465723212644734
41037971,1230,786,923,61,0,41037971,1.1465723212644734
41048850,1217,819,864,61,0,41048850,1.1465723212644734
41061609,1221,805,833,61,0,41061609,1.1465723212644734
41075756,1288,894,948,61,0,41075756,1.1465723212644734
41091064,1244,866,937,61,0,41091064,1.1465723212644734
41103140,1283,860,938,61,0,41103140,1.1465723212644734
41108579,24,593,144,61,0,41108579,1.1465723212644734
41129905,1270,857,923,61,0,41129905,1.1465723212644734
41142824,1272,877,945,61,0,41142824,1.1465723212644734
41154426,1285,876,932,61,0,41154426,1.1465723212644734
41166333,1318,933,930,61,0,41166333,1.1465723212644734
41176510,1258,930,947,61,0,41176510,1.1465723212644734
41187999,1208,888,917,61,0,41187999,1.1465723212644734
41201964,1228,900,926,61,0,41201964,1.1465723212644734
41216697,1197,970,955,61,0,41216697,1.1465723212644734
41225854,1211,917,924,61,0,41225854,1.1465723212644734
41239767,1267,904,939,61,0,41239767,1.1465723212644734
41251539,1267,893,953,61,0,41251539,1.1465723212644734
41264461,1257,875,939,61,0,41264461,1.1465723212644734
41279754,1255,896,929,61,0,41279754,1.1465723212644734
41290431,1277,880,940,61,0,41290431,1.1465723212644734
41303957,1240,947,950,61,0,41303957,1.1465723212644734
41321336,1237,885,921,61,0,41321336,1.1465723212644734
41336105,1254,889,941,61,0,41336105,1.1465723212644734
41355060,1208,889,929,61,0,41355060,1.1465723212644734
41366556,1267,1675,934,61,0,41366556,1.1465723212644734
41377834,1257,926,888,61,0,41377834,1.1465723212644734
41389920,1272,906,939,61,0,41389920,1.1465723212644734
41405868,1240,864,862,61,0,41405868,1.1465723212644734
41420382,1232,902,936,61,0,41420382,1.1465723212644734
41432270,1258,920,945,61,0,41432270,1.1465723212644734
41443228,1253,922,936,61,0,41443228,1.1465723212644734
41457264,1260,878,922,61,0,41457264,1.1465723212644734
41469551,1240,901,942,61,0,41469551,1.1465723212644734
41483036,1222,897,930,61,0,41483036,1.1465723212644734
41495518,1302,925,950,61,0,41495518,1.1465723212644734
41507137,1293,968,945,61,0,41507137,1.1465723212644734
41520903,1274,978,965,61,0,41520903,1.1465723212644734
41537440,1241,917,950,61,0,41537440,1.1465723212644734
41552778,1204,887,936,61,0,41552778,1.1465723212644734
41567201,1216,922,936,61,0,41567201,1.1465723212644734
41581694,1202,927,945,61,0,41581694,1.1465723212644734
41596039,1260,925,942,61,0,41596039,1.1465723212644734
41608300,1261,930,939,61,0,41608300,1.1465723212644734
41618638,1218,886,926,61,0,41618638,1.1465723212644734
41629802,1234,912,944,61,0,41629802,1.1465723212644734
41644202,1227,839,933,61,0,41644202,1.1465723212644734
41655601,1211,892,932,61,0,41655601,1.1465723212644734
41670281,1278,897,926,61,0,41670281,1.1465723212644734
41685124,1268,904,951,61,0,41685124,1.1465723212644734
41697596,1244,912,939,61,0,41697596,1.1465723212644734
41709504,1257,924,937,61,0,41709504,1.1465723212644734
41722690,1248,902,952,61,0,41722690,1.1465723212644734
41736948,1276,943,945,61,0,41736948,1.1465723212644734
41747841,1230,897,928,61,0,41747841,1.1465723212644734
41763071,1174,848,933,61,0,41763071,1.1465723212644734
41778808,1181,869,891,61,0,41778808,1.1465723212644734
41792031,1221,939,931,61,0,41792031,1.1465723212644734
41802962,1243,970,948,61,0,41802962,1.1465723212644734
41817071,1210,908,923,61,0,41817071,1.1465723212644734
41832878,1101,876,947,61,0,41832878,1.1465723212644734
41844859,1162,892,957,61,0,41844859,1.1465723212644734
41856147,1213,944,945,61,0,41856147,1.1465723212644734
41867822,1217,909,928,61,0,41867822,1.1465723212644734
41886630,1245,954,934,61,0,41886630,1.1465723212644734
41900595,1227,933,947,61,0,41900595,1.1465723212644734
41916188,1189,978,901,61,0,41916188,1.1465723212644734
41929246,1204,918,946,61,0,41929246,1.1465723212644734
41942775,1182,854,924,61,0,41942775,1.1465723212644734
41955627,1247,859,898,61,0,41955627,1.1465723212644734
41965137,1238,845,925,61,0,41965137,1.1465723212644734
41976915,1210,854,920,61,0,41976915,1.1465723212644734
41987917,1209,893,940,61,0,41987917,1.1465723212644734
41999078,1241,867,926,61,0,41999078,1.1465723212644734
42009947,1220,884,865,61,0,42009947,1.1465723212644734
42020851,1226,870,936,61,0,42020851,1.1465723212644734
42033806,1224,812,925,61,0,42033806,1.1465723212644734
42046278,1165,869,933,61,0,42046278,1.1465723212644734
42057817,1151,894,936,61,0,42057817,1.1465723212644734
42069454,1179,876,922,61,0,42069454,1.1465723212644734
42079075,1187,923,946,61,0,42079075,1.1465723212644734
42090249,1221,921,955,61,0,42090249,1.1465723212644734
42100762,1241,880,938,61,0,42100762,1.1465723212644734
42112672,1201,880,898,61,0,42112672,1.1465723212644734
42123733,1204,885,927,61,0,42123733,1.1465723212644734
42136353,1248,889,950,61,0,42136353,1.1465723212644734
42150008,1245,914,954,61,0,42150008,1.1465723212644734
42164464,1280,897,941,61,0,42164464,1.1465723212644734
42177225,1241,873,916,61,0,42177225,1.1465723212644734
42201834,1185,863,883,62,0,42201834,1.1207498621576917
42215544,1281,900,939,62,0,42215544,1.1207498621576917
42228386,1290,933,922,62,0,42228386,1.1207498621576917
42240432,1245,912,933,62,0,42240432,1.1207498621576917
42253679,1228,868,938,62,0,42253679,1.1207498621576917
42267709,1228,888,924,62,0,42267709,1.1207498621576917
42278130,1269,904,931,62,0,42278130,1.1207498621576917
42293312,1305,939,944,62,0,42293312,1.1207498621576917
42305627,1276,886,909,62,0,42305627,1.1207498621576917
42322534,1244,892,938,62,0,42322534,1.1207498621576917
42335091,1192,846,863,62,0,42335091,1.1207498621576917
42344826,1221,851,898,62,0,42344826,1.1207498621576917
42356357,1262,883,932,62,0,42356357,1.1207498621576917
42375301,1242,934,925,62,0,42375301,1.1207498621576917
42388816,1226,878,922,62,0,42388816,1.1207498621576917
42398124,1176,907,933,62,0,42398124,1.1207498621576917
42412371,1542,868,936,62,0,42412371,1.1207498621576917
42427294,1202,906,949,62,0,42427294,1.1207498621576917
42439889,1229,908,937,62,0,42439889,1.1207498621576917
42454941,1247,940,942,62,0,42454941,1.1207498621576917
42470454,1229,933,868,62,0,42470454,1.1207498621576917
42484131,1196,945,949,62,0,42484131,1.1207498621576917
42496355,1205,930,945,62,0,42496355,1.1207498621576917
42509955,1204,909,945,62,0,42509955,1.1207498621576917
42521127,1230,904,942,62,0,42521127,1.1207498621576917
42534893,1215,880,917,62,0,42534893,1.1207498621576917
42545277,1170,872,938,62,0,42545277,1.1207498621576917
42559981,1203,852,875,62,0,42559981,1.1207498621576917
42570624,1220,936,906,62,0,42570624,1.1207498621576917
42581340,1278,885,939,62,0,42581340,1.1207498621576917
42593972,1296,897,933,62,0,42593972,1.1207498621576917
42604606,1230,849,908,62,0,42604606,1.1207498621576917
42618744,1198,876,927,62,0,42618744,1.1207498621576917
42628899,1186,832,917,62,0,42628899,1.1207498621576917
42641243,1200,929,936,62,0,42641243,1.1207498621576917
42653411,1257,901,936,62,0,42653411,1.1207498621576917
42665896,1254,932,941,62,0,42665896,1.1207498621576917
42677363,1226,901,937,62,0,42677363,1.1207498621576917
42689005,1225,860,910,62,0,42689005,1.1207498621576917
42700465,1188,836,931,62,0,42700465,1.1207498621576917
42712572,1252,873,938,62,0,42712572,1.1207498621576917
42723194,1303,882,935,62,0,42723194,1.1207498621576917
42735185,1293,915,916,62,0,42735185,1.1207498621576917
42746821,1233,893,883,62,0,42746821,1.1207498621576917
42758980,1201,899,915,62,0,42758980,1.1207498621576917
42773585,1210,907,925,62,0,42773585,1.1207498621576917
42783848,1257,870,931,62,0,42783848,1.1207498621576917
42797503,1259,957,934,62,0,42797503,1.1207498621576917
42809475,1267,916,908,62,0,42809475,1.1207498621576917
42824108,1218,875,929,62,0,42824108,1.1207498621576917
42838308,1230,862,932,62,0,42838308,1.1207498621576917
42851438,1236,873,926,62,0,42851438,1.1207498621576917
42861426,1209,868,938,62,0,42861426,1.1207498621576917
42872336,1236,932,939,62,0,42872336,1.1207498621576917
42883587,1212,873,944,62,0,42883587,1.1207498621576917
42896193,1169,906,920,62,0,42896193,1.1207498621576917
42908314,1243,884,947,62,0,42908314,1.1207498621576917
42919900,1316,949,952,62,0,42919900,1.1207498621576917
42932997,1245,904,922,62,0,42932997,1.1207498621576917
42944958,2,833,513,62,0,42944958,1.1207498621576917
42957754,1208,889,946,62,0,42957754,1.1207498621576917
42971488,1185,845,935,62,0,42971488,1.1207498621576917
42982592,1198,862,848,62,0,42982592,1.1207498621576917
42993956,1220,885,940,62,0,42993956,1.1207498621576917
43006373,1292,1188,944,62,0,43006373,1.1207498621576917
43019743,1332,938,947,62,0,43019743,1.1207498621576917
43030452,1263,875,940,62,0,43030452,1.1207498621576917
43041393,1251,854,930,62,0,43041393,1.1207498621576917
43054655,1244,869,932,62,0,43054655,1.1207498621576917
43072163,1297,939,892,62,0,43072163,1.1207498621576917
43083667,1289,900,937,62,0,43083667,1.1207498621576917
43095607,1310,910,948,62,0,43095607,1.1207498621576917
43106444,1272,875,930,62,0,43106444,1.1207498621576917
43118332,1294,883,943,62,0,43118332,1.1207498621576917
43129442,1275,899,913,62,0,43129442,1.1207498621576917
43141934,1302,918,937,62,0,43141934,1.1207498621576917
43151965,1294,901,907,62,0,43151965,1.1207498621576917
43162180,1313,928,942,62,0,43162180,1.1207498621576917
43174816,1251,907,938,62,0,43174816,1.1207498621576917
43185132,1246,903,935,62,0,43185132,1.1207498621576917
43198802,1219,893,892,62,0,43198802,1.1207498621576917
43215151,1288,949,953,62,0,43215151,1.1207498621576917
43225940,1298,941,942,62,0,43225940,1.1207498621576917
43234667,1273,914,945,62,0,43234667,1.1207498621576917
43247164,1243,920,918,62,0,43247164,1.1207498621576917
43260091,1206,900,901,62,0,43260091,1.1207498621576917
43272790,1154,825,919,62,0,43272790,1.1207498621576917
43287025,1240,922,933,62,0,43287025,1.1207498621576917
43298447,1251,945,930,62,0,43298447,1.1207498621576917
43312524,1276,920,941,62,0,43312524,1.1207498621576917
43324246,1236,893,924,62,0,43324246,1.1207498621576917
43336414,1217,873,938,62,0,43336414,1.1207498621576917
43346035,1213,880,922,62,0,43346035,1.1207498621576917
43357242,1213,888,917,62,0,43357242,1.1207498621576917
43371443,1155,940,913,62,0,43371443,1.1207498621576917
43382972,1119,947,937,62,0,43382972,1.1207498621576917
271360,1044,514,521,63,0,271360,1.1416099981621026
43411126,1137,944,944,63,0,43411126,1.1416099981621026
43422067,1171,818,881,63,0,43422067,1.1416099981621026
43442488,1139,816,921,63,0,43442488,1.1416099981621026
43452363,1252,862,918,63,0,43452363,1.1416099981621026
43466086,1236,887,946,63,0,43466086,1.1416099981621026
43480434,1211,837,907,63,0,43480434,1.1416099981621026
43491700,1171,812,904,63,0,43491700,1.1416099981621026
43505694,1217,861,940,63,0,43505694,1.1416099981621026
43519188,1213,827,878,63,0,43519188,1.1416099981621026
43532295,1205,890,936,63,0,43532295,1.1416099981621026
43543477,1205,880,942,63,0,43543477,1.1416099981621026
43557150,1212,880,917,63,0,43557150,1.1416099981621026
43571742,1243,925,933,63,0,43571742,1.1416099981621026
43585455,1251,893,934,63,0,43585455,1.1416099981621026
43600595,1301,921,922,63,0,43600595,1.1416099981621026
43614966,1282,866,932,63,0,43614966,1.1416099981621026
43628474,1229,902,931,63,0,43628474,1.1416099981621026
43639945,1281,928,944,63,0,43639945,1.1416099981621026
43654795,1322,914,948,63,0,43654795,1.1416099981621026
43666752,1341,935,944,63,0,43666752,1.1416099981621026
43679143,1315,950,945,63,0,43679143,1.1416099981621026
43690675,1309,952,896,63,0,43690675,1.1416099981621026
43704001,1249,918,930,63,0,43704001,1.1416099981621026
43716536,1296,926,953,63,0,43716536,1.1416099981621026
43728037,1256,921,928,63,0,43728037,1.1416099981621026
43739690,1259,910,946,63,0,43739690,1.1416099981621026
43751861,1279,929,922,63,0,43751861,1.1416099981621026
43765282,1237,899,930,63,0,43765282,1.1416099981621026
43778664,1205,870,955,63,0,43778664,1.1416099981621026
43788280,1251,866,931,63,0,43788280,1.1416099981621026
43803297,1181,917,898,63,0,43803297,1.1416099981621026
43818762,1169,837,923,63,0,43818762,1.1416099981621026
43830821,1148,798,907,63,0,43830821,1.1416099981621026
43843879,1149,904,949,63,0,43843879,1.1416099981621026
43855493,1166,873,938,63,0,43855493,1.1416099981621026
43868263,1194,879,921,63,0,43868263,1.1416099981621026
43881753,1264,889,934,63,0,43881753,1.1416099981621026
43889680,0,768,434,63,0,43889680,1.1416099981621026
43904467,1246,869,899,63,0,43904467,1.1416099981621026
43916314,1221,873,914,63,0,43916314,1.1416099981621026
43926771,1202,904,939,63,0,43926771,1.1416099981621026
43950323,1180,907,902,63,0,43950323,1.1416099981621026
43961219,1220,956,917,63,0,43961219,1.1416099981621026
43976272,1218,877,909,63,0,43976272,1.1416099981621026
43989480,1217,871,929,63,0,43989480,1.1416099981621026
44001989,1249,864,940,63,0,44001989,1.1416099981621026
44012897,1269,912,907,63,0,44012897,1.1416099981621026
44030512,1235,910,945,63,0,44030512,1.1416099981621026
44040412,256,658,384,63,0,44040412,1.1416099981621026
44054109,1219,799,932,63,0,44054109,1.1416099981621026
44066310,1133,832,672,63,0,44066310,1.1416099981621026
44078229,1149,835,886,63,0,44078229,1.1416099981621026
44091694,1190,904,943,63,0,44091694,1.1416099981621026
44102356,1291,932,943,63,0,44102356,1.1416099981621026
44114559,1323,925,944,63,0,44114559,1.1416099981621026
44129920,1291,910,944,63,0,44129920,1.1416099981621026
44141626,1274,918,948,63,0,44141626,1.1416099981621026
44153488,1259,942,940,63,0,44153488,1.1416099981621026
44163871,1252,921,934,63,0,44163871,1.1416099981621026
44175511,1283,916,926,63,0,44175511,1.1416099981621026
44188062,1266,953,918,63,0,44188062,1.1416099981621026
44199888,1205,934,923,63,0,44199888,1.1416099981621026
44217024,1177,835,925,63,0,44217024,1.1416099981621026
44225958,1182,881,925,63,0,44225958,1.1416099981621026
44237099,1177,873,893,63,0,44237099,1.1416099981621026
44247719,1227,874,924,63,0,44247719,1.1416099981621026
44258937,1254,917,938,63,0,44258937,1.1416099981621026
44270781,1245,915,941,63,0,44270781,1.1416099981621026
44282999,1242,907,936,63,0,44282999,1.1416099981621026
44293662,1232,911,941,63,0,44293662,1.1416099981621026
44306715,1263,924,907,63,0,44306715,1.1416099981621026
44320295,1192,876,891,63,0,44320295,1.1416099981621026
44331917,1180,953,915,63,0,44331917,1.1416099981621026
44344695,1214,883,932,63,0,44344695,1.1416099981621026
44360989,1149,861,881,63,0,44360989,1.1416099981621026
44372124,1155,862,917,63,0,44372124,1.1416099981621026
44384050,1173,852,926,63,0,44384050,1.1416099981621026
44398068,1173,898,875,63,0,44398068,1.1416099981621026
44409230,1177,848,906,63,0,44409230,1.1416099981621026
44421078,1168,918,905,63,0,44421078,1.1416099981621026
44437995,1070,931,921,63,0,44437995,1.1416099981621026
44448816,1075,852,903,63,0,44448816,1.1416099981621026
44460212,1160,875,925,63,0,44460212,1.1416099981621026
44474156,1300,911,947,63,0,44474156,1.1416099981621026
44485904,1199,990,951,63,0,44485904,1.1416099981621026
44498485,1176,907,960,63,0,44498485,1.1416099981621026
44508786,1148,927,935,63,0,44508786,1.1416099981621026
44522466,1216,936,948,63,0,44522466,1.1416099981621026
44534389,1216,956,919,63,0,44534389,1.1416099981621026
44547007,1152,871,919,63,0,44547007,1.1416099981621026
44559168,1169,848,929,63,0,44559168,1.1416099981621026
44572793,1180,877,924,63,0,44572793,1.1416099981621026
44587388,1152,870,939,63,0,44587388,1.1416099981621026
44602029,1225,804,793,63,0,44602029,1.1416099981621026
44617601,1161,801,926,63,0,44617601,1.1416099981621026
44629825,1243,800,926,63,0,44629825,1.1416099981621026
44641572,1264,1325,933,63,0,44641572,1.1416099981621026
44653793,1205,834,915,63,0,44653793,1.1416099981621026
44671981,1236,824,913,63,0,44671981,1.1416099981621026
44684254,1257,878,937,63,0,44684254,1.1416099981621026
44695237,1261,909,936,63,0,44695237,1.1416099981621026
44707533,1357,915,768,63,0,44707533,1.1416099981621026
44720418,1297,881,899,63,0,44720418,1.1416099981621026
44732368,1276,933,953,63,0,44732368,1.1416099981621026
44744807,1297,920,898,63,0,44744807,1.1416099981621026
44757089,1345,923,936,63,0,44757089,1.1416099981621026
44769788,1349,951,853,63,0,44769788,1.1416099981621026
44781917,1371,970,940,63,0,44781917,1.1416099981621026
44792888,1346,944,899,63,0,44792888,1.1416099981621026
44805647,1293,944,934,63,0,44805647,1.1416099981621026
44817948,1270,933,941,63,0,44817948,1.1416099981621026
44830832,1242,908,933,63,0,44830832,1.1416099981621026
44843737,1209,946,947,63,0,44843737,1.1416099981621026
44855673,1177,905,949,63,0,44855673,1.1416099981621026
44869481,1181,857,878,63,0,44869481,1.1416099981621026
44883571,1145,883,937,63,0,44883571,1.1416099981621026
44892810,1141,888,901,63,0,44892810,1.1416099981621026
44903167,1218,886,934,63,0,44903167,1.1416099981621026
44916272,1180,901,945,63,0,44916272,1.1416099981621026
44927998,1193,926,924,63,0,44927998,1.1416099981621026
44939663,1220,888,943,63,0,44939663,1.1416099981621026
44954043,1136,862,847,63,0,44954043,1.1416099981621026
44967299,1091,878,907,63,0,44967299,1.1416099981621026
44977722,1147,890,934,63,0,44977722,1.1416099981621026
44994558,1187,914,944,63,0,44994558,1.1416099981621026
45007301,1232,892,949,63,0,45007301,1.1416099981621026
45020057,1224,872,929,63,0,45020057,1.1416099981621026
45033331,1189,868,934,63,0,45033331,1.1416099981621026
45049624,1216,869,912,63,0,45049624,1.1416099981621026
45061835,1214,866,916,63,0,45061835,1.1416099981621026
45075636,1281,896,886,63,0,45075636,1.1416099981621026
45090739,1275,886,925,63,0,45090739,1.1416099981621026
45100194,1239,867,932,63,0,45100194,1.1416099981621026
45114288,1198,905,920,63,0,45114288,1.1416099981621026
45126369,1215,890,913,63,0,45126369,1.1416099981621026
45138722,1230,915,940,63,0,45138722,1.1416099981621026
45150394,1193,906,926,63,0,45150394,1.1416099981621026
45164289,1209,860,913,63,0,45164289,1.1416099981621026
45175297,1208,845,888,63,0,45175297,1.1416099981621026
45186116,1204,866,877,63,0,45186116,1.1416099981621026
45199768,1211,901,937,63,0,45199768,1.1416099981621026
45212812,1186,916,939,63,0,45212812,1.1416099981621026
45225417,1233,893,884,63,0,45225417,1.1416099981621026
45238333,1233,865,911,63,0,45238333,1.1416099981621026
45249167,1156,891,941,63,0,45249167,1.1416099981621026
45260883,1170,812,922,63,0,45260883,1.1416099981621026
45273281,1145,875,925,63,0,45273281,1.1416099981621026
45284980,1133,887,934,63,0,45284980,1.1416099981621026
45295357,1195,926,940,63,0,45295357,1.1416099981621026
45305740,1254,905,944,63,0,45305740,1.1416099981621026
45317065,1203,887,942,63,0,45317065,1.1416099981621026
45331809,1170,845,829,63,0,45331809,1.1416099981621026
45343365,1184,870,934,63,0,45343365,1.1416099981621026
45356500,1205,842,914,63,0,45356500,1.1416099981621026
45368573,1230,924,944,63,0,45368573,1.1416099981621026
45381040,1246,910,918,63,0,45381040,1.1416099981621026
45392459,1224,851,932,63,0,45392459,1.1416099981621026
45405473,1221,845,915,63,0,45405473,1.1416099981621026
45418695,1249,872,927,63,0,45418695,1.1416099981621026
45431560,1304,893,944,63,0,45431560,1.1416099981621026
45444570,1276,879,941,63,0,45444570,1.1416099981621026
45459577,1187,869,935,63,0,45459577,1.1416099981621026
45473017,1225,868,917,63,0,45473017,1.1416099981621026
45485309,1247,859,932,63,0,45485309,1.1416099981621026
45496140,1284,888,933,63,0,45496140,1.1416099981621026
45510053,1233,866,943,63,0,45510053,1.1416099981621026
45527788,1213,878,941,63,0,45527788,1.1416099981621026
45536448,1187,831,933,63,0,45536448,1.1416099981621026
45552528,1183,844,934,63,0,45552528,1.1416099981621026
45564071,1210,891,914,63,0,45564071,1.1416099981621026
45580633,1208,908,908,63,0,45580633,1.1416099981621026
45591652,1235,901,939,63,0,45591652,1.1416099981621026
45602027,1168,880,835,63,0,45602027,1.1416099981621026
45614395,1190,848,926,63,0,45614395,1.1416099981621026
45625198,1197,819,928,63,0,45625198,1.1416099981621026
45641313,1251,870,935,63,0,45641313,1.1416099981621026
45652287,1260,890,928,63,0,45652287,1.1416099981621026
45663848,1251,880,901,63,0,45663848,1.1416099981621026
45676592,1216,873,927,63,0,45676592,1.1416099981621026
45689471,1201,881,936,63,0,45689471,1.1416099981621026
45702316,1237,920,940,63,0,45702316,1.1416099981621026
45716639,1291,902,911,63,0,45716639,1.1416099981621026
45726300,1300,910,830,63,0,45726300,1.1416099981621026
45737647,1272,919,922,63,0,45737647,1.1416099981621026
45747893,1281,906,941,63,0,45747893,1.1416099981621026
45758840,1260,869,931,63,0,45758840,1.1416099981621026
45771224,1246,890,877,63,0,45771224,1.1416099981621026
45785009,1243,884,918,63,0,45785009,1.1416099981621026
45798095,1251,868,939,63,0,45798095,1.1416099981621026
45809852,1278,894,939,63,0,45809852,1.1416099981621026
45825264,1217,867,931,63,0,45825264,1.1416099981621026
45836113,1206,785,931,63,0,45836113,1.1416099981621026
45847322,1219,873,936,63,0,45847322,1.1416099981621026
45860983,1202,896,936,63,0,45860983,1.1416099981621026
45871710,1229,956,937,63,0,45871710,1.1416099981621026
45883216,1218,900,890,63,0,45883216,1.1416099981621026
45896088,1219,905,916,63,0,45896088,1.1416099981621026
45909611,1184,837,932,63,0,45909611,1.1416099981621026
45924868,1172,870,941,63,0,45924868,1.1416099981621026
45937890,1189,852,938,63,0,45937890,1.1416099981621026
45949430,1223,970,944,63,0,45949430,1.1416099981621026
45961812,1198,925,924,63,0,45961812,1.1416099981621026
45975454,1197,914,936,63,0,45975454,1.1416099981621026
45988176,1206,917,948,63,0,45988176,1.1416099981621026
46000954,1262,942,939,63,0,46000954,1.1416099981621026
46013468,1250,907,938,63,0,46013468,1.1416099981621026
46025986,1260,910,932,63,0,46025986,1.1416099981621026
46037070,1233,886,908,63,0,46037070,1.1416099981621026
46050855,1212,837,876,63,0,46050855,1.1416099981621026
46063325,1225,870,907,63,0,46063325,1.1416099981621026
46073608,1210,842,856,63,0,46073608,1.1416099981621026
46084595,1188,882,902,63,0,46084595,1.1416099981621026
46096180,1192,894,936,63,0,46096180,1.1416099981621026
46106779,1166,906,944,63,0,46106779,1.1416099981621026
46120525,1181,904,939,63,0,46120525,1.1416099981621026
46133880,1166,909,936,63,0,46133880,1.1416099981621026
46146425,1200,860,865,63,0,46146425,1.1416099981621026
46159510,1259,902,941,63,0,46159510,1.1416099981621026
46171400,1211,888,880,63,0,46171400,1.1416099981621026
46182230,1218,888,947,63,0,46182230,1.1416099981621026
46192122,1236,913,948,63,0,46192122,1.1416099981621026
46203835,1180,890,894,63,0,46203835,1.1416099981621026
46213709,1168,922,947,63,0,46213709,1.1416099981621026
46224274,1214,856,914,63,0,46224274,1.1416099981621026
46238230,1242,911,947,63,0,46238230,1.1416099981621026
46255354,1311,893,901,63,0,46255354,1.1416099981621026
46268552,1267,904,938,63,0,46268552,1.1416099981621026
46282106,1311,913,938,63,0,46282106,1.1416099981621026
46296197,1270,953,942,63,0,46296197,1.1416099981621026
46308024,1232,898,936,63,0,46308024,1.1416099981621026
46326735,1232,879,941,63,0,46326735,1.1416099981621026
46337274,1189,878,939,63,0,46337274,1.1416099981621026
46352504,1214,866,932,63,0,46352504,1.1416099981621026
46363732,1260,909,949,63,0,46363732,1.1416099981621026
46374300,1259,926,951,63,0,46374300,1.1416099981621026
46388024,1200,901,936,63,0,46388024,1.1416099981621026
46400365,1190,852,929,63,0,46400365,1.1416099981621026
46412722,1221,890,939,63,0,46412722,1.1416099981621026
46425881,1184,900,946,63,0,46425881,1.1416099981621026
46438204,1228,890,878,63,0,46438204,1.1416099981621026
46450224,1244,914,938,63,0,46450224,1.1416099981621026
46460785,1217,918,942,63,0,46460785,1.1416099981621026
46471581,1202,922,932,63,0,46471581,1.1416099981621026
46485448,1208,915,925,63,0,46485448,1.1416099981621026
46497857,1202,907,940,63,0,46497857,1.1416099981621026
46510714,1227,933,954,63,0,46510714,1.1416099981621026
46522115,1208,2108,933,63,0,46522115,1.1416099981621026
46532533,1178,860,937,63,0,46532533,1.1416099981621026
46546871,1166,930,921,63,0,46546871,1.1416099981621026
46559824,1172,923,939,63,0,46559824,1.1416099981621026
46574242,1184,886,900,63,0,46574242,1.1416099981621026
46584411,1217,906,853,63,0,46584411,1.1416099981621026
46597105,1208,1296,947,63,0,46597105,1.1416099981621026
46609806,1188,882,937,63,0,46609806,1.1416099981621026
46622002,1174,831,909,63,0,46622002,1.1416099981621026
46634245,1173,852,902,63,0,46634245,1.1416099981621026
46648032,1104,893,925,63,0,46648032,1.1416099981621026
46662647,1201,712,913,63,0,46662647,1.1416099981621026
46675316,1201,688,912,63,0,46675316,1.1416099981621026
46688520,1164,706,836,63,0,46688520,1.1416099981621026
46699658,1226,724,882,63,0,46699658,1.1416099981621026
46710672,1219,768,886,63,0,46710672,1.1416099981621026
46724164,1265,769,918,63,0,46724164,1.1416099981621026
46737715,1209,1386,913,63,0,46737715,1.1416099981621026
46748301,1179,765,880,63,0,46748301,1.1416099981621026
46761775,1222,757,913,63,0,46761775,1.1416099981621026
46775162,1293,792,924,63,0,46775162,1.1416099981621026
46786924,1269,825,917,63,0,46786924,1.1416099981621026
46799284,1267,862,923,63,0,46799284,1.1416099981621026
46811824,1218,890,919,63,0,46811824,1.1416099981621026
46823687,1200,805,900,63,0,46823687,1.1416099981621026
46837530,1261,834,928,63,0,46837530,1.1416099981621026
46851023,1265,877,917,63,0,46851023,1.1416099981621026
46865403,1302,875,929,63,0,46865403,1.1416099981621026
46879720,1243,832,937,63,0,46879720,1.1416099981621026
46891892,1166,846,927,63,0,46891892,1.1416099981621026
46902207,1211,815,930,63,0,46902207,1.1416099981621026
46915247,1160,871,923,63,0,46915247,1.1416099981621026
46928585,1222,845,930,63,0,46928585,1.1416099981621026
46938355,1289,864,928,63,0,46938355,1.1416099981621026
46950109,1190,833,915,63,0,46950109,1.1416099981621026
46969022,1203,832,862,63,0,46969022,1.1416099981621026
46982565,1281,897,924,63,0,46982565,1.1416099981621026
46996269,1269,822,904,63,0,46996269,1.1416099981621026
47007404,1280,827,913,63,0,47007404,1.1416099981621026
47020562,1217,812,931,63,0,47020562,1.1416099981621026
47032731,1210,819,929,63,0,47032731,1.1416099981621026
47047051,1180,826,910,63,0,47047051,1.1416099981621026
47057326,1156,881,940,63,0,47057326,1.1416099981621026
47069994,1214,867,926,63,0,47069994,1.1416099981621026
47085619,1227,864,905,63,0,47085619,1.1416099981621026
47097777,1236,1387,926,63,0,47097777,1.1416099981621026
47111347,1268,876,932,63,0,47111347,1.1416099981621026
47127435,1248,856,930,63,0,47127435,1.1416099981621026
47139216,1202,869,941,63,0,47139216,1.1416099981621026
47150951,1222,868,932,63,0,47150951,1.1416099981621026
47160490,1216,829,862,63,0,47160490,1.1416099981621026
47172476,1169,837,937,63,0,47172476,1.1416099981621026
47186871,1206,896,910,63,0,47186871,1.1416099981621026
47200556,1237,885,933,63,0,47200556,1.1416099981621026
47215533,1285,872,937,63,0,47215533,1.1416099981621026
47229405,1178,861,926,63,0,47229405,1.1416099981621026
47240944,1199,852,934,63,0,47240944,1.1416099981621026
47252036,1180,870,913,63,0,47252036,1.1416099981621026
47263860,1182,915,915,63,0,47263860,1.1416099981621026
47277488,1225,850,938,63,0,47277488,1.1416099981621026
47291286,1203,827,932,63,0,47291286,1.1416099981621026
47302770,377,816,928,63,0,47302770,1.1416099981621026
47314101,1145,779,925,63,0,47314101,1.1416099981621026
47328418,1175,788,941,63,0,47328418,1.1416099981621026
47339134,1272,846,924,63,0,47339134,1.1416099981621026
47350942,1292,882,934,63,0,47350942,1.1416099981621026
47362201,1255,866,923,63,0,47362201,1.1416099981621026
47374862,1226,853,916,63,0,47374862,1.1416099981621026
47387295,1211,805,933,63,0,47387295,1.1416099981621026
47397034,1235,867,915,63,0,47397034,1.1416099981621026
47408905,1276,881,940,63,0,47408905,1.1416099981621026
47420270,1233,850,944,63,0,47420270,1.1416099981621026
47430970,1217,860,914,63,0,47430970,1.1416099981621026
47443702,1148,814,921,63,0,47443702,1.1416099981621026
47456787,1169,860,930,63,0,47456787,1.1416099981621026
47469953,1196,840,928,63,0,47469953,1.1416099981621026
47483240,1222,880,912,63,0,47483240,1.1416099981621026
47495981,1230,865,937,63,0,47495981,1.1416099981621026
47507962,1181,834,939,63,0,47507962,1.1416099981621026
47518688,1182,854,945,63,0,47518688,1.1416099981621026
47530943,1224,849,938,63,0,47530943,1.1416099981621026
47543339,1193,889,939,63,0,47543339,1.1416099981621026
47556758,1234,852,934,63,0,47556758,1.1416099981621026
47569174,1209,847,930,63,0,47569174,1.1416099981621026
47578006,1145,854,925,63,0,47578006,1.1416099981621026
47591201,1126,845,926,63,0,47591201,1.1416099981621026
47603442,1144,826,931,63,0,47603442,1.1416099981621026
47617867,1170,840,899,63,0,47617867,1.1416099981621026
47629099,1244,832,917,63,0,47629099,1.1416099981621026
47648313,1226,873,925,63,0,47648313,1.1416099981621026
47659466,1223,864,939,63,0,47659466,1.1416099981621026
47672279,1238,859,925,63,0,47672279,1.1416099981621026
47684964,1150,822,928,63,0,47684964,1.1416099981621026
47697937,1219,789,922,63,0,47697937,1.1416099981621026
47711632,1235,803,917,63,0,47711632,1.1416099981621026
47724712,1186,816,908,63,0,47724712,1.1416099981621026
47736918,1226,811,936,63,0,47736918,1.1416099981621026
47749565,1220,822,931,63,0,47749565,1.1416099981621026
47761988,1200,850,926,63,0,47761988,1.1416099981621026
47772979,1257,857,934,63,0,47772979,1.1416099981621026
47784587,1248,843,939,63,0,47784587,1.1416099981621026
47799647,1252,843,905,63,0,47799647,1.1416099981621026
47809645,1256,846,908,63,0,47809645,1.1416099981621026
47822658,1252,837,915,63,0,47822658,1.1416099981621026
47834400,89,516,256,63,0,47834400,1.1416099981621026
47848399,1219,788,902,63,0,47848399,1.1416099981621026
47861559,1222,847,941,63,0,47861559,1.1416099981621026
47875772,1216,788,926,63,0,47875772,1.1416099981621026
47888384,1248,848,932,63,0,47888384,1.1416099981621026
47901895,1261,854,956,63,0,47901895,1.1416099981621026
47912393,1280,876,938,63,0,47912393,1.1416099981621026
47923972,1265,869,940,63,0,47923972,1.1416099981621026
47936999,1219,862,925,63,0,47936999,1.1416099981621026
47949192,1244,865,945,63,0,47949192,1.1416099981621026
47963803,1272,834,852,63,0,47963803,1.1416099981621026
47977749,1265,866,941,63,0,47977749,1.1416099981621026
47994226,1208,836,933,63,0,47994226,1.1416099981621026
48006200,1211,851,939,63,0,48006200,1.1416099981621026
48018346,1270,845,932,63,0,48018346,1.1416099981621026
48031919,1231,893,923,63,0,48031919,1.1416099981621026
48043699,1209,836,945,63,0,48043699,1.1416099981621026
48054380,1238,869,934,63,0,48054380,1.1416099981621026
48066030,1150,811,931,63,0,48066030,1.1416099981621026
48076689,1146,845,932,63,0,48076689,1.1416099981621026
48086392,1209,850,911,63,0,48086392,1.1416099981621026
48098378,1241,907,818,63,0,48098378,1.1416099981621026
48117125,1251,885,902,63,0,48117125,1.1416099981621026
48127987,1242,883,835,63,0,48127987,1.1416099981621026
48141740,1215,897,937,63,0,48141740,1.1416099981621026
48151838,1168,845,928,63,0,48151838,1.1416099981621026
48163568,1181,818,908,63,0,48163568,1.1416099981621026
48174908,1149,1049,929,63,0,48174908,1.1416099981621026
48186634,1195,820,907,63,0,48186634,1.1416099981621026
48198623,1219,843,856,63,0,48198623,1.1416099981621026
48209853,1172,870,929,63,0,48209853,1.1416099981621026
48221065,1223,833,925,63,0,48221065,1.1416099981621026
48233484,1232,837,913,63,0,48233484,1.1416099981621026
48244486,1224,867,924,63,0,48244486,1.1416099981621026
48260225,1252,861,892,63,0,48260225,1.1416099981621026
48271727,1236,819,930,63,0,48271727,1.1416099981621026
48283752,1192,830,929,63,0,48283752,1.1416099981621026
48297315,1202,804,924,63,0,48297315,1.1416099981621026
48309745,1235,853,913,63,0,48309745,1.1416099981621026
48319934,1265,854,939,63,0,48319934,1.1416099981621026
48333220,1275,858,915,63,0,48333220,1.1416099981621026
48345939,1270,838,929,63,0,48345939,1.1416099981621026
48362712,1212,826,937,63,0,48362712,1.1416099981621026
48372537,1244,840,905,63,0,48372537,1.1416099981621026
48387542,1242,819,920,63,0,48387542,1.1416099981621026
48402142,1274,843,926,63,0,48402142,1.1416099981621026
48413414,1201,822,901,63,0,48413414,1.1416099981621026
48426815,1197,821,930,63,0,48426815,1.1416099981621026
48439066,1193,808,922,63,0,48439066,1.1416099981621026
48457224,1217,824,899,63,0,48457224,1.1416099981621026
48468375,1277,870,936,63,0,48468375,1.1416099981621026
48481095,1260,856,916,63,0,48481095,1.1416099981621026
48493166,1240,849,927,63,0,48493166,1.1416099981621026
48504942,1242,839,935,63,0,48504942,1.1416099981621026
48516916,1234,845,929,63,0,48516916,1.1416099981621026
48527889,1252,841,938,63,0,48527889,1.1416099981621026
48540729,1221,886,938,63,0,48540729,1.1416099981621026
48553707,1226,820,933,63,0,48553707,1.1416099981621026
48565794,1178,845,929,63,0,48565794,1.1416099981621026
48578124,1226,844,932,63,0,48578124,1.1416099981621026
48590451,1248,867,900,63,0,48590451,1.1416099981621026
48601550,1227,853,942,63,0,48601550,1.1416099981621026
48614148,1260,880,932,63,0,48614148,1.1416099981621026
48627270,1238,825,914,63,0,48627270,1.1416099981621026
48639747,1185,841,929,63,0,48639747,1.1416099981621026
48654171,1276,853,922,63,0,48654171,1.1416099981621026
48666654,1279,851,882,63,0,48666654,1.1416099981621026
48679770,1291,894,880,63,0,48679770,1.1416099981621026
48694045,1260,850,904,63,0,48694045,1.1416099981621026
48706329,1252,857,933,63,0,48706329,1.1416099981621026
48719189,1222,824,936,63,0,48719189,1.1416099981621026
48732605,1247,872,898,63,0,48732605,1.1416099981621026
48743506,1251,858,940,63,0,48743506,1.1416099981621026
48756836,1306,856,925,63,0,48756836,1.1416099981621026
48769561,1291,827,922,63,0,48769561,1.1416099981621026
48783488,1265,829,938,63,0,48783488,1.1416099981621026
48798441,1293,875,923,63,0,48798441,1.1416099981621026
48808339,1333,894,934,63,0,48808339,1.1416099981621026
48821162,1307,894,936,63,0,48821162,1.1416099981621026
48834197,1264,865,917,63,0,48834197,1.1416099981621026
48845968,1271,827,929,63,0,48845968,1.1416099981621026
48857374,1224,838,933,63,0,48857374,1.1416099981621026
48869776,1202,860,928,63,0,48869776,1.1416099981621026
48885185,1180,902,929,63,0,48885185,1.1416099981621026
48897625,1247,934,925,63,0,48897625,1.1416099981621026
48908121,1253,869,917,63,0,48908121,1.1416099981621026
48919348,1199,867,909,63,0,48919348,1.1416099981621026
48928385,1162,829,922,63,0,48928385,1.1416099981621026
48941849,1234,853,856,63,0,48941849,1.1416099981621026
48955319,1240,915,940,63,0,48955319,1.1416099981621026
48966220,1238,889,913,63,0,48966220,1.1416099981621026
48977862,1250,843,936,63,0,48977862,1.1416099981621026
48989265,1187,842,920,63,0,48989265,1.1416099981621026
49002872,1091,801,930,63,0,49002872,1.1416099981621026
49019339,1084,870,916,63,0,49019339,1.1416099981621026
262210,1024,10,521,64,0,262210,1.1167983826502481
49043713,1224,851,938,64,0,49043713,1.1167983826502481
49054224,88,512,264,64,0,49054224,1.1167983826502481
49068788,1208,829,885,64,0,49068788,1.1167983826502481
49080890,1205,866,874,64,0,49080890,1.1167983826502481
49090977,1205,921,854,64,0,49090977,1.1167983826502481
49103367,1212,851,934,64,0,49103367,1.1167983826502481
49117688,1203,810,913,64,0,49117688,1.1167983826502481
49129265,1151,784,890,64,0,49129265,1.1167983826502481
49140539,1188,848,913,64,0,49140539,1.1167983826502481
49152317,1162,826,928,64,0,49152317,1.1167983826502481
49165458,1118,809,917,64,0,49165458,1.1167983826502481
49176251,1213,859,917,64,0,49176251,1.1167983826502481
49188461,1249,874,905,64,0,49188461,1.1167983826502481
49198617,1253,853,886,64,0,49198617,1.1167983826502481
49209080,1249,862,881,64,0,49209080,1.1167983826502481
49224050,1246,883,944,64,0,49224050,1.1167983826502481
49237146,1262,870,937,64,0,49237146,1.1167983826502481
49248727,1243,919,936,64,0,49248727,1.1167983826502481
49259668,1264,871,865,64,0,49259668,1.1167983826502481
49273844,1290,828,914,64,0,49273844,1.1167983826502481
49284261,1246,830,921,64,0,49284261,1.1167983826502481
49294805,1259,898,942,64,0,49294805,1.1167983826502481
49307930,1299,922,926,64,0,49307930,1.1167983826502481
49322344,1325,926,932,64,0,49322344,1.1167983826502481
49333772,1336,930,944,64,0,49333772,1.1167983826502481
49344044,1298,892,936,64,0,49344044,1.1167983826502481
49356179,1238,828,930,64,0,49356179,1.1167983826502481
49370653,1226,845,891,64,0,49370653,1.1167983826502481
49385577,1189,875,933,64,0,49385577,1.1167983826502481
49396245,1209,851,928,64,0,49396245,1.1167983826502481
49411317,1228,894,912,64,0,49411317,1.1167983826502481
49425847,1194,842,909,64,0,49425847,1.1167983826502481
49437879,1181,827,874,64,0,49437879,1.1167983826502481
49450244,1184,833,901,64,0,49450244,1.1167983826502481
49460959,1237,869,930,64,0,49460959,1.1167983826502481
49472823,1288,884,920,64,0,49472823,1.1167983826502481
49485822,1277,917,929,64,0,49485822,1.1167983826502481
49497258,1229,857,915,64,0,49497258,1.1167983826502481
49509178,1249,853,915,64,0,49509178,1.1167983826502481
49519564,1259,853,932,64,0,49519564,1.1167983826502481
49530698,1237,844,926,64,0,49530698,1.1167983826502481
49541004,1220,872,922,64,0,49541004,1.1167983826502481
49554779,1251,917,935,64,0,49554779,1.1167983826502481
49564937,1253,874,920,64,0,49564937,1.1167983826502481
49577948,1226,849,936,64,0,49577948,1.1167983826502481
49590181,1217,812,925,64,0,49590181,1.1167983826502481
49603961,1254,872,926,64,0,49603961,1.1167983826502481
49615394,1289,864,930,64,0,49615394,1.1167983826502481
49628386,1276,871,921,64,0,49628386,1.1167983826502481
49642589,1249,900,926,64,0,49642589,1.1167983826502481
49655351,1193,896,932,64,0,49655351,1.1167983826502481
49666396,1166,882,925,64,0,49666396,1.1167983826502481
49680475,1145,861,944,64,0,49680475,1.1167983826502481
49692589,1164,928,940,64,0,49692589,1.1167983826502481
49702951,1252,916,953,64,0,49702951,1.1167983826502481
49717839,1273,840,925,64,0,49717839,1.1167983826502481
49729605,1243,811,932,64,0,49729605,1.1167983826502481
49741408,1202,849,935,64,0,49741408,1.1167983826502481
49754895,1248,869,922,64,0,49754895,1.1167983826502481
49766269,1268,912,949,64,0,49766269,1.1167983826502481
49777185,1722,928,929,64,0,49777185,1.1167983826502481
49788483,1237,864,948,64,0,49788483,1.1167983826502481
49801423,1194,829,930,64,0,49801423,1.1167983826502481
49815117,1162,831,899,64,0,49815117,1.1167983826502481
49827708,1164,856,930,64,0,49827708,1.1167983826502481
49836865,1169,878,929,64,0,49836865,1.1167983826502481
49849036,1193,852,905,64,0,49849036,1.1167983826502481
49864646,1192,938,902,64,0,49864646,1.1167983826502481
49879152,1242,990,953,64,0,49879152,1.1167983826502481
49893652,1237,923,912,64,0,49893652,1.1167983826502481
49903683,1236,900,933,64,0,49903683,1.1167983826502481
49916187,1237,940,940,64,0,49916187,1.1167983826502481
49934814,1236,868,941,64,0,49934814,1.1167983826502481
49947575,1212,855,927,64,0,49947575,1.1167983826502481
49961393,1120,956,929,64,0,49961393,1.1167983826502481
49972884,1177,773,904,64,0,49972884,1.1167983826502481
49984571,1017,811,914,64,0,49984571,1.1167983826502481
49995456,1128,973,938,64,0,49995456,1.1167983826502481
50007910,1227,737,901,64,0,50007910,1.1167983826502481
50018006,1225,779,907,64,0,50018006,1.1167983826502481
50031326,1139,779,884,64,0,50031326,1.1167983826502481
50043223,1049,775,918,64,0,50043223,1.1167983826502481
50056492,1093,774,914,64,0,50056492,1.1167983826502481
50067957,1240,756,906,64,0,50067957,1.1167983826502481
50081774,1294,829,931,64,0,50081774,1.1167983826502481
50094318,1182,859,909,64,0,50094318,1.1167983826502481
48234712,0,804,144,65,0,48234712,1.1366476750597316
50118005,1145,883,857,65,0,50118005,1.1366476750597316
50131737,1189,936,948,65,0,50131737,1.1366476750597316
50143596,1177,885,931,65,0,50143596,1.1366476750597316
50159216,1188,868,898,65,0,50159216,1.1366476750597316
50169794,1150,910,937,65,0,50169794,1.1366476750597316
50181633,1157,810,930,65,0,50181633,1.1366476750597316
50194584,1172,815,931,65,0,50194584,1.1366476750597316
50206816,1034,776,916,65,0,50206816,1.1366476750597316
50217196,1246,956,938,65,0,50217196,1.1366476750597316
50231690,1296,715,835,65,0,50231690,1.1366476750597316
50243000,1288,801,921,65,0,50243000,1.1366476750597316
50255558,1269,770,924,65,0,50255558,1.1366476750597316
50268965,1268,789,884,65,0,50268965,1.1366476750597316
50279808,1283,749,915,65,0,50279808,1.1366476750597316
50291292,1294,833,906,65,0,50291292,1.1366476750597316
50303390,1298,838,938,65,0,50303390,1.1366476750597316
50312901,1300,757,913,65,0,50312901,1.1366476750597316
50324295,1277,785,932,65,0,50324295,1.1366476750597316
50337140,1292,848,933,65,0,50337140,1.1366476750597316
50351585,1339,907,888,65,0,50351585,1.1366476750597316
50361048,1360,932,926,65,0,50361048,1.1366476750597316
50374359,1370,941,933,65,0,50374359,1.1366476750597316
50383984,1365,937,905,65,0,50383984,1.1366476750597316
50397192,1354,921,941,65,0,50397192,1.1366476750597316
50411322,1317,898,928,65,0,50411322,1.1366476750597316
50421691,1299,900,940,65,0,50421691,1.1366476750597316
50434359,1326,898,925,65,0,50434359,1.1366476750597316
50447381,1261,852,939,65,0,50447381,1.1366476750597316
50462605,1166,850,908,65,0,50462605,1.1366476750597316
50475978,1177,804,909,65,0,50475978,1.1366476750597316
50486700,1172,818,907,65,0,50486700,1.1366476750597316
50503900,1233,856,928,65,0,50503900,1.1366476750597316
50515990,1250,895,930,65,0,50515990,1.1366476750597316
50528070,1241,827,926,65,0,50528070,1.1366476750597316
50538753,1219,860,931,65,0,50538753,1.1366476750597316
50552176,1215,844,912,65,0,50552176,1.1366476750597316
50564167,1211,852,931,65,0,50564167,1.1366476750597316
50576302,1213,840,908,65,0,50576302,1.1366476750597316
50591418,1244,860,929,65,0,50591418,1.1366476750597316
50603979,1298,860,932,65,0,50603979,1.1366476750597316
50615582,1269,856,915,65,0,50615582,1.1366476750597316
50628991,1272,848,920,65,0,50628991,1.1366476750597316
50640004,1227,844,909,65,0,50640004,1.1366476750597316
50652662,1226,836,918,65,0,50652662,1.1366476750597316
50663852,1243,852,912,65,0,50663852,1.1366476750597316
50675973,1243,850,920,65,0,50675973,1.1366476750597316
50688854,1252,860,918,65,0,50688854,1.1366476750597316
50700021,1230,797,956,65,0,50700021,1.1366476750597316
50711136,1245,865,930,65,0,50711136,1.1366476750597316
50724264,1209,894,938,65,0,50724264,1.1366476750597316
50736342,1277,882,942,65,0,50736342,1.1366476750597316
50747727,1273,834,898,65,0,50747727,1.1366476750597316
50759952,1197,832,932,65,0,50759952,1.1366476750597316
50771128,1434,806,895,65,0,50771128,1.1366476750597316
50781584,1245,729,937,65,0,50781584,1.1366476750597316
50793424,1250,838,921,65,0,50793424,1.1366476750597316
50806835,1233,879,891,65,0,50806835,1.1366476750597316
50819760,1237,889,918,65,0,50819760,1.1366476750597316
50830567,1205,849,924,65,0,50830567,1.1366476750597316
50844324,1222,823,923,65,0,50844324,1.1366476750597316
50857661,1180,832,923,65,0,50857661,1.1366476750597316
50868988,1202,848,929,65,0,50868988,1.1366476750597316
50886259,1206,885,898,65,0,50886259,1.1366476750597316
50897215,1240,818,913,65,0,50897215,1.1366476750597316
50910804,1260,819,929,65,0,50910804,1.1366476750597316
50923010,1188,826,920,65,0,50923010,1.1366476750597316
50936864,1257,827,915,65,0,50936864,1.1366476750597316
50949492,1265,856,907,65,0,50949492,1.1366476750597316
50963115,1259,868,938,65,0,50963115,1.1366476750597316
50975464,1229,826,906,65,0,50975464,1.1366476750597316
50991892,1235,819,939,65,0,50991892,1.1366476750597316
51003492,1261,845,934,65,0,51003492,1.1366476750597316
51015034,1307,865,930,65,0,51015034,1.1366476750597316
51027214,1309,849,926,65,0,51027214,1.1366476750597316
51039844,1305,848,890,65,0,51039844,1.1366476750597316
51052711,1242,816,898,65,0,51052711,1.1366476750597316
51067743,1219,823,927,65,0,51067743,1.1366476750597316
51078437,1237,810,894,65,0,51078437,1.1366476750597316
51091879,1272,840,924,65,0,51091879,1.1366476750597316
51110222,1264,894,860,65,0,51110222,1.1366476750597316
51122755,1231,829,922,65,0,51122755,1.1366476750597316
51139211,1227,817,899,65,0,51139211,1.1366476750597316
51154329,1305,831,920,65,0,51154329,1.1366476750597316
51167628,1298,828,835,65,0,51167628,1.1366476750597316
51179638,1259,862,921,65,0,51179638,1.1366476750597316
51192785,1242,757,932,65,0,51192785,1.1366476750597316
51205809,1231,810,912,65,0,51205809,1.1366476750597316
51218068,1258,823,883,65,0,51218068,1.1366476750597316
51231441,1262,843,881,65,0,51231441,1.1366476750597316
51241920,1259,852,915,65,0,51241920,1.1366476750597316
51253108,1269,858,915,65,0,51253108,1.1366476750597316
51265173,1221,786,869,65,0,51265173,1.1366476750597316
51277346,1221,832,928,65,0,51277346,1.1366476750597316
51289141,1300,874,945,65,0,51289141,1.1366476750597316
51300142,1325,886,932,65,0,51300142,1.1366476750597316
51312752,1353,883,897,65,0,51312752,1.1366476750597316
51323002,1301,881,928,65,0,51323002,1.1366476750597316
51333195,1295,815,931,65,0,51333195,1.1366476750597316
51347600,1261,819,930,65,0,51347600,1.1366476750597316
51360633,1297,824,935,65,0,51360633,1.1366476750597316
51370479,1283,818,934,65,0,51370479,1.1366476750597316
51383457,1288,812,912,65,0,51383457,1.1366476750597316
51399472,1293,836,933,65,0,51399472,1.1366476750597316
51411554,1265,829,923,65,0,51411554,1.1366476750597316
51425484,1229,838,848,65,0,51425484,1.1366476750597316
51439611,1281,825,904,65,0,51439611,1.1366476750597316
51451469,1294,822,937,65,0,51451469,1.1366476750597316
51465384,1288,853,936,65,0,51465384,1.1366476750597316
51478684,1254,817,889,65,0,51478684,1.1366476750597316
51492277,1232,823,931,65,0,51492277,1.1366476750597316
51503019,1240,835,936,65,0,51503019,1.1366476750597316
51516581,1232,869,931,65,0,51516581,1.1366476750597316
51531340,1270,862,917,65,0,51531340,1.1366476750597316
51542742,1205,840,917,65,0,51542742,1.1366476750597316
51555117,1189,904,936,65,0,51555117,1.1366476750597316
51566099,1219,825,930,65,0,51566099,1.1366476750597316
51578573,1293,881,941,65,0,51578573,1.1366476750597316
51589195,1282,869,925,65,0,51589195,1.1366476750597316
51601939,1312,854,920,65,0,51601939,1.1366476750597316
51614311,1253,835,933,65,0,51614311,1.1366476750597316
51628477,1201,804,909,65,0,51628477,1.1366476750597316
51641483,1167,769,841,65,0,51641483,1.1366476750597316
51652965,1226,821,925,65,0,51652965,1.1366476750597316
51665228,1204,859,933,65,0,51665228,1.1366476750597316
51677819,1277,859,933,65,0,51677819,1.1366476750597316
51689636,1219,806,916,65,0,51689636,1.1366476750597316
51704155,1228,857,924,65,0,51704155,1.1366476750597316
51715848,1213,894,913,65,0,51715848,1.1366476750597316
51726224,1278,876,923,65,0,51726224,1.1366476750597316
51742771,1321,875,929,65,0,51742771,1.1366476750597316
51752093,1274,848,941,65,0,51752093,1.1366476750597316
51767465,1236,801,892,65,0,51767465,1.1366476750597316
51778752,1268,805,933,65,0,51778752,1.1366476750597316
51787635,1254,848,931,65,0,51787635,1.1366476750597316
51802460,1262,822,920,65,0,51802460,1.1366476750597316
51818484,1315,834,939,65,0,51818484,1.1366476750597316
51832753,1285,874,940,65,0,51832753,1.1366476750597316
51845318,1262,524,878,65,0,51845318,1.1366476750597316
51857649,1290,868,924,65,0,51857649,1.1366476750597316
51870763,1324,894,935,65,0,51870763,1.1366476750597316
51885326,1329,878,930,65,0,51885326,1.1366476750597316
51898094,1280,764,925,65,0,51898094,1.1366476750597316
51908562,1261,821,928,65,0,51908562,1.1366476750597316
51921813,1233,794,915,65,0,51921813,1.1366476750597316
51931869,1242,809,899,65,0,51931869,1.1366476750597316
51948023,1282,842,913,65,0,51948023,1.1366476750597316
51960848,1292,869,872,65,0,51960848,1.1366476750597316
51972520,1212,813,931,65,0,51972520,1.1366476750597316
51983101,1248,802,928,65,0,51983101,1.1366476750597316
51994901,1250,824,910,65,0,51994901,1.1366476750597316
52005954,1273,881,941,65,0,52005954,1.1366476750597316
52017481,1291,833,923,65,0,52017481,1.1366476750597316
52030077,1308,844,945,65,0,52030077,1.1366476750597316
52043293,1243,824,921,65,0,52043293,1.1366476750597316
52054199,1244,830,921,65,0,52054199,1.1366476750597316
52067184,1285,847,924,65,0,52067184,1.1366476750597316
52083573,1292,869,937,65,0,52083573,1.1366476750597316
52094064,1250,872,930,65,0,52094064,1.1366476750597316
52107011,1238,853,925,65,0,52107011,1.1366476750597316
52118538,1188,834,908,65,0,52118538,1.1366476750597316
52128211,1168,841,915,65,0,52128211,1.1366476750597316
52140918,1182,875,907,65,0,52140918,1.1366476750597316
52151876,1125,890,934,65,0,52151876,1.1366476750597316
52164560,1240,856,934,65,0,52164560,1.1366476750597316
52176274,1236,779,922,65,0,52176274,1.1366476750597316
52190721,1212,804,923,65,0,52190721,1.1366476750597316
52203158,1170,811,922,65,0,52203158,1.1366476750597316
52221927,1269,858,922,65,0,52221927,1.1366476750597316
52237712,1181,795,909,65,0,52237712,1.1366476750597316
52249074,1209,667,877,65,0,52249074,1.1366476750597316
52263186,1224,705,906,65,0,52263186,1.1366476750597316
52276807,1126,750,911,65,0,52276807,1.1366476750597316
52287993,1221,733,916,65,0,52287993,1.1366476750597316
52300485,1236,736,845,65,0,52300485,1.1366476750597316
52313418,1318,756,867,65,0,52313418,1.1366476750597316
52325427,1315,731,867,65,0,52325427,1.1366476750597316
52338048,1245,736,899,65,0,52338048,1.1366476750597316
52353722,1205,747,914,65,0,52353722,1.1366476750597316
52372299,1209,740,931,65,0,52372299,1.1366476750597316
52386701,1241,740,908,65,0,52386701,1.1366476750597316
52400049,1196,733,913,65,0,52400049,1.1366476750597316
52411766,1261,699,909,65,0,52411766,1.1366476750597316
52427251,1313,833,904,65,0,52427251,1.1366476750597316
52439544,1337,824,920,65,0,52439544,1.1366476750597316
52449035,1289,832,927,65,0,52449035,1.1366476750597316
52461233,1279,812,881,65,0,52461233,1.1366476750597316
52471175,1235,818,893,65,0,52471175,1.1366476750597316
52483692,1190,821,936,65,0,52483692,1.1366476750597316
52494179,1218,797,926,65,0,52494179,1.1366476750597316
52510695,1228,817,925,65,0,52510695,1.1366476750597316
52521233,1284,846,938,65,0,52521233,1.1366476750597316
52531902,1224,880,943,65,0,52531902,1.1366476750597316
52543798,1237,829,934,65,0,52543798,1.1366476750597316
52556485,1240,830,914,65,0,52556485,1.1366476750597316
52568023,1255,873,909,65,0,52568023,1.1366476750597316
52579429,1246,844,920,65,0,52579429,1.1366476750597316
52591851,1282,872,885,65,0,52591851,1.1366476750597316
52602037,1267,784,911,65,0,52602037,1.1366476750597316
52612619,1184,747,910,65,0,52612619,1.1366476750597316
52626612,1197,781,910,65,0,52626612,1.1366476750597316
52638096,1172,790,905,65,0,52638096,1.1366476750597316
52648626,1208,816,923,65,0,52648626,1.1366476750597316
52661141,1274,844,930,65,0,52661141,1.1366476750597316
52673828,1197,723,912,65,0,52673828,1.1366476750597316
52686006,1184,799,852,65,0,52686006,1.1366476750597316
52699115,1259,808,921,65,0,52699115,1.1366476750597316
52709382,1297,810,933,65,0,52709382,1.1366476750597316
52720516,1291,811,926,65,0,52720516,1.1366476750597316
52735257,1245,806,928,65,0,52735257,1.1366476750597316
52749950,1217,813,934,65,0,52749950,1.1366476750597316
52762316,1193,810,934,65,0,52762316,1.1366476750597316
52772631,1200,846,916,65,0,52772631,1.1366476750597316
52782722,1233,783,932,65,0,52782722,1.1366476750597316
52793160,1245,877,937,65,0,52793160,1.1366476750597316
52806556,1292,837,931,65,0,52806556,1.1366476750597316
52816147,1291,830,939,65,0,52816147,1.1366476750597316
52828927,1264,842,932,65,0,52828927,1.1366476750597316
52840952,1262,816,933,65,0,52840952,1.1366476750597316
52852681,1234,832,907,65,0,52852681,1.1366476750597316
52867007,1241,883,904,65,0,52867007,1.1366476750597316
52883058,1274,823,920,65,0,52883058,1.1366476750597316
52894544,1272,819,934,65,0,52894544,1.1366476750597316
52905259,1209,812,921,65,0,52905259,1.1366476750597316
52917934,1193,784,901,65,0,52917934,1.1366476750597316
52929980,1225,868,929,65,0,52929980,1.1366476750597316
52940853,1249,757,923,65,0,52940853,1.1366476750597316
52953350,1225,756,909,65,0,52953350,1.1366476750597316
52966903,1217,726,920,65,0,52966903,1.1366476750597316
52979483,1235,817,923,65,0,52979483,1.1366476750597316
52991169,1307,838,928,65,0,52991169,1.1366476750597316
53006181,1436,846,931,65,0,53006181,1.1366476750597316
53016880,1243,854,935,65,0,53016880,1.1366476750597316
53031067,1229,802,891,65,0,53031067,1.1366476750597316
53041938,1238,780,860,65,0,53041938,1.1366476750597316
53055277,1222,808,934,65,0,53055277,1.1366476750597316
53067059,1224,845,925,65,0,53067059,1.1366476750597316
53079338,1228,838,921,65,0,53079338,1.1366476750597316
53093114,1200,816,942,65,0,53093114,1.1366476750597316
53105876,1206,825,908,65,0,53105876,1.1366476750597316
53118309,1229,835,911,65,0,53118309,1.1366476750597316
53130373,1232,854,942,65,0,53130373,1.1366476750597316
53141690,1252,823,934,65,0,53141690,1.1366476750597316
53158294,1197,840,933,65,0,53158294,1.1366476750597316
53171626,1179,788,900,65,0,53171626,1.1366476750597316
53182987,1173,780,917,65,0,53182987,1.1366476750597316
53197337,1084,777,916,65,0,53197337,1.1366476750597316
53208533,1216,809,920,65,0,53208533,1.1366476750597316
53220217,1218,768,898,65,0,53220217,1.1366476750597316
53230063,1164,741,908,65,0,53230063,1.1366476750597316
53243525,1153,739,886,65,0,53243525,1.1366476750597316
53253638,1185,780,900,65,0,53253638,1.1366476750597316
53268905,1164,786,902,65,0,53268905,1.1366476750597316
53283448,1221,798,922,65,0,53283448,1.1366476750597316
53300447,1167,752,841,65,0,53300447,1.1366476750597316
53315857,1129,758,894,65,0,53315857,1.1366476750597316
53330243,1186,809,877,65,0,53330243,1.1366476750597316
53346710,1203,778,912,65,0,53346710,1.1366476750597316
53357871,1270,772,930,65,0,53357871,1.1366476750597316
53369434,1235,786,873,65,0,53369434,1.1366476750597316
53381293,1235,782,918,65,0,53381293,1.1366476750597316
53395512,1266,755,924,65,0,53395512,1.1366476750597316
53410852,1335,819,908,65,0,53410852,1.1366476750597316
53425444,1297,812,893,65,0,53425444,1.1366476750597316
53444068,1201,766,886,65,0,53444068,1.1366476750597316
53455073,1195,756,902,65,0,53455073,1.1366476750597316
53466613,1217,773,921,65,0,53466613,1.1366476750597316
53479167,1234,799,929,65,0,53479167,1.1366476750597316
53490520,1259,721,921,65,0,53490520,1.1366476750597316
53505202,1224,781,920,65,0,53505202,1.1366476750597316
53514617,1195,784,915,65,0,53514617,1.1366476750597316
53527474,1218,750,897,65,0,53527474,1.1366476750597316
53537532,1265,809,916,65,0,53537532,1.1366476750597316
53553491,1219,814,941,65,0,53553491,1.1366476750597316
53565219,1259,810,902,65,0,53565219,1.1366476750597316
53577038,1213,787,877,65,0,53577038,1.1366476750597316
53586606,1202,761,928,65,0,53586606,1.1366476750597316
53597872,1238,754,926,65,0,53597872,1.1366476750597316
53607909,1260,829,933,65,0,53607909,1.1366476750597316
53621191,1301,866,916,65,0,53621191,1.1366476750597316
53634462,1262,836,877,65,0,53634462,1.1366476750597316
53646454,1175,806,921,65,0,53646454,1.1366476750597316
53657052,1194,799,908,65,0,53657052,1.1366476750597316
53670120,1231,811,936,65,0,53670120,1.1366476750597316
53682514,1232,796,915,65,0,53682514,1.1366476750597316
53697575,1232,829,929,65,0,53697575,1.1366476750597316
53709387,1179,796,884,65,0,53709387,1.1366476750597316
53722206,1200,804,884,65,0,53722206,1.1366476750597316
53733737,1208,788,923,65,0,53733737,1.1366476750597316
53747544,1268,809,894,65,0,53747544,1.1366476750597316
53759805,1217,790,924,65,0,53759805,1.1366476750597316
53770872,1187,808,926,65,0,53770872,1.1366476750597316
53781597,1189,768,915,65,0,53781597,1.1366476750597316
53795296,1136,770,917,65,0,53795296,1.1366476750597316
53809376,1225,835,923,65,0,53809376,1.1366476750597316
53819197,1240,798,928,65,0,53819197,1.1366476750597316
53831940,1062,847,912,65,0,53831940,1.1366476750597316
53843425,1221,794,899,65,0,53843425,1.1366476750597316
53856446,1206,778,883,65,0,53856446,1.1366476750597316
53868768,1171,814,928,65,0,53868768,1.1366476750597316
53879248,1194,773,918,65,0,53879248,1.1366476750597316
53892781,1238,819,937,65,0,53892781,1.1366476750597316
53906038,1197,784,881,65,0,53906038,1.1366476750597316
53918114,1226,766,921,65,0,53918114,1.1366476750597316
53930530,1138,781,917,65,0,53930530,1.1366476750597316
53943314,1206,782,916,65,0,53943314,1.1366476750597316
53957511,1253,779,928,65,0,53957511,1.1366476750597316
53970307,1327,818,921,65,0,53970307,1.1366476750597316
53984325,1254,830,933,65,0,53984325,1.1366476750597316
53997607,1204,778,912,65,0,53997607,1.1366476750597316
54016073,1154,769,902,65,0,54016073,1.1366476750597316
54024998,1177,780,914,65,0,54024998,1.1366476750597316
54038969,1224,790,915,65,0,54038969,1.1366476750597316
54050188,1246,817,923,65,0,54050188,1.1366476750597316
54061567,1228,827,931,65,0,54061567,1.1366476750597316
54072854,1192,803,924,65,0,54072854,1.1366476750597316
54085709,1237,752,918,65,0,54085709,1.1366476750597316
54098589,1214,819,920,65,0,54098589,1.1366476750597316
54111016,1247,820,920,65,0,54111016,1.1366476750597316
54123765,1289,809,922,65,0,54123765,1.1366476750597316
54136058,1248,819,894,65,0,54136058,1.1366476750597316
54148454,1203,792,932,65,0,54148454,1.1366476750597316
54163838,1236,787,902,65,0,54163838,1.1366476750597316
54175859,1233,813,898,65,0,54175859,1.1366476750597316
54187330,1226,805,931,65,0,54187330,1.1366476750597316
54200056,1274,823,918,65,0,54200056,1.1366476750597316
54214582,1224,800,931,65,0,54214582,1.1366476750597316
54224043,1241,777,829,65,0,54224043,1.1366476750597316
54237319,1252,802,934,65,0,54237319,1.1366476750597316
54254551,1275,816,866,65,0,54254551,1.1366476750597316
54264266,1242,836,915,65,0,54264266,1.1366476750597316
54276382,1209,774,929,65,0,54276382,1.1366476750597316
54289183,1196,790,886,65,0,54289183,1.1366476750597316
54302074,1238,789,914,65,0,54302074,1.1366476750597316
54315738,1273,893,938,65,0,54315738,1.1366476750597316
54328571,1250,864,932,65,0,54328571,1.1366476750597316
54338287,1248,851,937,65,0,54338287,1.1366476750597316
54350338,1227,847,936,65,0,54350338,1.1366476750597316
54361269,1244,776,898,65,0,54361269,1.1366476750597316
54374991,1220,506,920,65,0,54374991,1.1366476750597316
54390066,1300,844,931,65,0,54390066,1.1366476750597316
54402331,1290,866,910,65,0,54402331,1.1366476750597316
54413731,1291,868,880,65,0,54413731,1.1366476750597316
54426370,1269,820,916,65,0,54426370,1.1366476750597316
54437271,1236,782,920,65,0,54437271,1.1366476750597316
54450240,1297,830,906,65,0,54450240,1.1366476750597316
54460459,1316,832,890,65,0,54460459,1.1366476750597316
54471813,1319,818,875,65,0,54471813,1.1366476750597316
54484426,1317,839,940,65,0,54484426,1.1366476750597316
54496535,1901,842,924,65,0,54496535,1.1366476750597316
54510485,1253,819,913,65,0,54510485,1.1366476750597316
54521497,1272,869,904,65,0,54521497,1.1366476750597316
54533672,1288,834,930,65,0,54533672,1.1366476750597316
54548163,1214,849,930,65,0,54548163,1.1366476750597316
54560977,1219,814,930,65,0,54560977,1.1366476750597316
54576828,1160,825,913,65,0,54576828,1.1366476750597316
54590722,1179,771,912,65,0,54590722,1.1366476750597316
54604631,1237,818,848,65,0,54604631,1.1366476750597316
54616031,1184,826,927,65,0,54616031,1.1366476750597316
54631693,1165,769,901,65,0,54631693,1.1366476750597316
54643991,1081,795,917,65,0,54643991,1.1366476750597316
54655692,1114,739,886,65,0,54655692,1.1366476750597316
54667925,1205,792,924,65,0,54667925,1.1366476750597316
54680603,1201,853,880,65,0,54680603,1.1366476750597316
54694676,1269,820,934,65,0,54694676,1.1366476750597316
54705341,1268,819,917,65,0,54705341,1.1366476750597316
54719488,1186,877,891,65,0,54719488,1.1366476750597316
54731816,1240,803,920,65,0,54731816,1.1366476750597316
54745222,1134,852,861,65,0,54745222,1.1366476750597316
54758488,1106,769,909,65,0,54758488,1.1366476750597316
54774931,1179,757,929,65,0,54774931,1.1366476750597316
54788012,1213,850,913,65,0,54788012,1.1366476750597316
54800030,1176,821,878,65,0,54800030,1.1366476750597316
54811576,1269,819,891,65,0,54811576,1.1366476750597316
54823309,1341,811,923,65,0,54823309,1.1366476750597316
54834821,1290,844,932,65,0,54834821,1.1366476750597316
54846138,1267,834,923,65,0,54846138,1.1366476750597316
54857741,1246,864,918,65,0,54857741,1.1366476750597316
54867985,1305,811,920,65,0,54867985,1.1366476750597316
54880826,1262,816,927,65,0,54880826,1.1366476750597316
54896333,1292,904,931,65,0,54896333,1.1366476750597316
54907374,1315,856,939,65,0,54907374,1.1366476750597316
54919394,1321,908,933,65,0,54919394,1.1366476750597316
54931727,1283,906,941,65,0,54931727,1.1366476750597316
54943269,1232,862,932,65,0,54943269,1.1366476750597316
54956233,1277,882,915,65,0,54956233,1.1366476750597316
54969913,1245,870,932,65,0,54969913,1.1366476750597316
54983488,1177,798,906,65,0,54983488,1.1366476750597316
54996530,1222,842,933,65,0,54996530,1.1366476750597316
55006148,1177,837,918,65,0,55006148,1.1366476750597316
55017265,1116,825,795,65,0,55017265,1.1366476750597316
55029622,1129,654,914,65,0,55029622,1.1366476750597316
55039765,1195,796,912,65,0,55039765,1.1366476750597316
55054042,1268,818,931,65,0,55054042,1.1366476750597316
55064619,1238,824,914,65,0,55064619,1.1366476750597316
55078683,1245,822,868,65,0,55078683,1.1366476750597316
55092764,1261,861,929,65,0,55092764,1.1366476750597316
55105982,1241,1476,940,65,0,55105982,1.1366476750597316
55117412,1299,834,913,65,0,55117412,1.1366476750597316
55130464,1286,862,931,65,0,55130464,1.1366476750597316
55142635,1288,862,868,65,0,55142635,1.1366476750597316
55156345,1208,822,925,65,0,55156345,1.1366476750597316
55166515,1193,799,927,65,0,55166515,1.1366476750597316
55177848,1213,826,913,65,0,55177848,1.1366476750597316
55190195,1248,867,939,65,0,55190195,1.1366476750597316
55203048,1229,829,904,65,0,55203048,1.1366476750597316
55217935,1232,784,908,65,0,55217935,1.1366476750597316
55229202,1243,841,922,65,0,55229202,1.1366476750597316
55241149,1228,874,917,65,0,55241149,1.1366476750597316
55253490,1280,877,891,65,0,55253490,1.1366476750597316
55265360,1302,874,926,65,0,55265360,1.1366476750597316
55276192,1257,888,940,65,0,55276192,1.1366476750597316
55286757,1234,872,921,65,0,55286757,1.1366476750597316
55297172,1174,788,932,65,0,55297172,1.1366476750597316
55310137,1171,863,931,65,0,55310137,1.1366476750597316
55323090,1182,819,900,65,0,55323090,1.1366476750597316
55338334,1275,833,941,65,0,55338334,1.1366476750597316
55349521,1291,848,927,65,0,55349521,1.1366476750597316
55360756,1250,843,931,65,0,55360756,1.1366476750597316
55374035,1263,817,914,65,0,55374035,1.1366476750597316
55388872,1227,890,912,65,0,55388872,1.1366476750597316
55403992,1251,872,915,65,0,55403992,1.1366476750597316
55416248,1198,834,936,65,0,55416248,1.1366476750597316
55430399,1204,829,927,65,0,55430399,1.1366476750597316
55440427,1186,788,912,65,0,55440427,1.1366476750597316
55450887,1187,765,912,65,0,55450887,1.1366476750597316
55461918,1144,791,906,65,0,55461918,1.1366476750597316
55474198,1225,847,899,65,0,55474198,1.1366476750597316
55485854,1272,851,918,65,0,55485854,1.1366476750597316
55498152,1329,908,939,65,0,55498152,1.1366476750597316
55511856,1278,917,908,65,0,55511856,1.1366476750597316
55523231,1263,909,924,65,0,55523231,1.1366476750597316
55534788,1194,809,909,65,0,55534788,1.1366476750597316
55546841,1160,862,821,65,0,55546841,1.1366476750597316
55557124,1199,1195,913,65,0,55557124,1.1366476750597316
55571100,1101,928,953,65,0,55571100,1.1366476750597316
55586651,1256,744,821,65,0,55586651,1.1366476750597316
55600644,1211,724,906,65,0,55600644,1.1366476750597316
55612375,1163,725,909,65,0,55612375,1.1366476750597316
55623246,1182,693,906,65,0,55623246,1.1366476750597316
55635229,1100,801,908,65,0,55635229,1.1366476750597316
55647055,1084,802,892,65,0,55647055,1.1366476750597316
55658183,1138,780,906,65,0,55658183,1.1366476750597316
55673111,1132,790,928,65,0,55673111,1.1366476750597316
55683459,1198,757,907,65,0,55683459,1.1366476750597316
55696663,1266,792,925,65,0,55696663,1.1366476750597316
55709253,1252,876,905,65,0,55709253,1.1366476750597316
55721376,1224,904,929,65,0,55721376,1.1366476750597316
55732730,1181,867,926,65,0,55732730,1.1366476750597316
55747373,1170,966,927,65,0,55747373,1.1366476750597316
55763602,1137,889,934,65,0,55763602,1.1366476750597316
55777529,1140,824,912,65,0,55777529,1.1366476750597316
55790862,1019,794,849,65,0,55790862,1.1366476750597316
55806415,1249,736,908,65,0,55806415,1.1366476750597316
55820675,1147,707,817,65,0,55820675,1.1366476750597316
55832598,1163,711,883,65,0,55832598,1.1366476750597316
55847292,1277,717,908,65,0,55847292,1.1366476750597316
55857967,1305,762,896,65,0,55857967,1.1366476750597316
55871337,1218,811,909,65,0,55871337,1.1366476750597316
55882576,1219,765,814,65,0,55882576,1.1366476750597316
55893702,1201,754,915,65,0,55893702,1.1366476750597316
55904730,1196,746,852,65,0,55904730,1.1366476750597316
55916249,1190,704,872,65,0,55916249,1.1366476750597316
55927030,1253,763,882,65,0,55927030,1.1366476750597316
55937241,1253,792,893,65,0,55937241,1.1366476750597316
55952087,1298,815,902,65,0,55952087,1.1366476750597316
55962995,1303,861,932,65,0,55962995,1.1366476750597316
55976104,1289,866,947,65,0,55976104,1.1366476750597316
55988849,1304,848,844,65,0,55988849,1.1366476750597316
55968772,52,769,418,66,0,55968772,1.1231391288366108
56013300,1337,869,896,66,0,56013300,1.1231391288366108
56025941,1320,893,934,66,0,56025941,1.1231391288366108
56036476,1244,903,930,66,0,56036476,1.1231391288366108
56048069,1210,842,930,66,0,56048069,1.1231391288366108
56059447,1177,830,916,66,0,56059447,1.1231391288366108
56070851,1162,852,916,66,0,56070851,1.1231391288366108
56081677,1200,771,924,66,0,56081677,1.1231391288366108
56095514,1230,860,915,66,0,56095514,1.1231391288366108
56108884,1232,781,913,66,0,56108884,1.1231391288366108
56118586,1177,790,921,66,0,56118586,1.1231391288366108
56129812,1157,774,913,66,0,56129812,1.1231391288366108
56141310,1174,786,893,66,0,56141310,1.1231391288366108
56154812,817,835,925,66,0,56154812,1.1231391288366108
56165965,1276,802,904,66,0,56165965,1.1231391288366108
56180594,1250,891,929,66,0,56180594,1.1231391288366108
56193848,1189,782,910,66,0,56193848,1.1231391288366108
56204344,1203,806,910,66,0,56204344,1.1231391288366108
56217035,1241,838,896,66,0,56217035,1.1231391288366108
56227944,602,825,869,66,0,56227944,1.1231391288366108
56237442,1289,845,914,66,0,56237442,1.1231391288366108
56255325,1272,794,904,66,0,56255325,1.1231391288366108
56267587,1220,805,926,66,0,56267587,1.1231391288366108
56279381,1225,841,929,66,0,56279381,1.1231391288366108
56291498,1227,854,929,66,0,56291498,1.1231391288366108
56304666,1232,828,874,66,0,56304666,1.1231391288366108
56319289,1226,797,892,66,0,56319289,1.1231391288366108
165632,1043,522,512,66,0,165632,1.1231391288366108
56342312,1165,768,924,66,0,56342312,1.1231391288366108
56355620,1203,766,896,66,0,56355620,1.1231391288366108
56367673,1201,811,875,66,0,56367673,1.1231391288366108
56381315,1210,817,889,66,0,56381315,1.1231391288366108
56392520,1195,833,930,66,0,56392520,1.1231391288366108
56404992,1214,794,925,66,0,56404992,1.1231391288366108
56418055,1170,797,907,66,0,56418055,1.1231391288366108
56433242,1156,769,840,66,0,56433242,1.1231391288366108
56444042,1177,810,842,66,0,56444042,1.1231391288366108
56459328,1203,795,850,66,0,56459328,1.1231391288366108
56471482,1212,835,907,66,0,56471482,1.1231391288366108
56483041,1188,818,915,66,0,56483041,1.1231391288366108
56494587,1184,780,913,66,0,56494587,1.1231391288366108
56505720,1148,801,883,66,0,56505720,1.1231391288366108
56517904,1163,829,894,66,0,56517904,1.1231391288366108
56530381,1272,819,892,66,0,56530381,1.1231391288366108
56540816,1248,811,918,66,0,56540816,1.1231391288366108
56552240,1235,778,877,66,0,56552240,1.1231391288366108
56566651,1230,842,924,66,0,56566651,1.1231391288366108
56578805,1212,800,919,66,0,56578805,1.1231391288366108
56590640,1281,793,931,66,0,56590640,1.1231391288366108
56605477,1292,795,922,66,0,56605477,1.1231391288366108
56615350,1291,837,934,66,0,56615350,1.1231391288366108
56626628,1273,810,884,66,0,56626628,1.1231391288366108
56640453,1205,820,878,66,0,56640453,1.1231391288366108
56651021,1211,792,797,66,0,56651021,1.1231391288366108
56662264,1249,811,909,66,0,56662264,1.1231391288366108
56672388,1121,854,921,66,0,56672388,1.1231391288366108
56684649,1284,843,937,66,0,56684649,1.1231391288366108
56697432,1226,806,909,66,0,56697432,1.1231391288366108
56711459,1179,788,912,66,0,56711459,1.1231391288366108
56722780,1181,805,920,66,0,56722780,1.1231391288366108
56734584,1253,821,918,66,0,56734584,1.1231391288366108
56747435,1233,843,874,66,0,56747435,1.1231391288366108
56757267,1274,811,861,66,0,56757267,1.1231391288366108
56771057,1235,800,922,66,0,56771057,1.1231391288366108
56779424,16,288,128,66,0,56779424,1.1231391288366108
56796193,1188,797,920,66,0,56796193,1.1231391288366108
56809522,1263,813,842,66,0,56809522,1.1231391288366108
56821328,1284,855,930,66,0,56821328,1.1231391288366108
56831381,1321,873,937,66,0,56831381,1.1231391288366108
56842568,1262,825,922,66,0,56842568,1.1231391288366108
56854095,1273,797,904,66,0,56854095,1.1231391288366108
56866952,1272,806,905,66,0,56866952,1.1231391288366108
56879082,1309,816,897,66,0,56879082,1.1231391288366108
56889826,1326,808,920,66,0,56889826,1.1231391288366108
56903241,1306,858,881,66,0,56903241,1.1231391288366108
56918344,1296,821,912,66,0,56918344,1.1231391288366108
56932524,1263,813,926,66,0,56932524,1.1231391288366108
56944369,1321,862,904,66,0,56944369,1.1231391288366108
56956162,1307,859,933,66,0,56956162,1.1231391288366108
56967590,1323,884,870,66,0,56967590,1.1231391288366108
56980095,1298,859,878,66,0,56980095,1.1231391288366108
56990687,1253,838,905,66,0,56990687,1.1231391288366108
57002133,1229,798,924,66,0,57002133,1.1231391288366108
57014497,1239,821,930,66,0,57014497,1.1231391288366108
57027289,1284,845,885,66,0,57027289,1.1231391288366108
57042026,1262,865,922,66,0,57042026,1.1231391288366108
57057310,1237,850,884,66,0,57057310,1.1231391288366108
57069706,1249,832,929,66,0,57069706,1.1231391288366108
57081563,1269,852,923,66,0,57081563,1.1231391288366108
57094054,1249,869,884,66,0,57094054,1.1231391288366108
57106160,1288,876,874,66,0,57106160,1.1231391288366108
57117772,1299,869,944,66,0,57117772,1.1231391288366108
57130023,1273,809,892,66,0,57130023,1.1231391288366108
57142795,1232,820,924,66,0,57142795,1.1231391288366108
57155134,1227,822,873,66,0,57155134,1.1231391288366108
57165055,1229,836,918,66,0,57165055,1.1231391288366108
57179837,1301,848,915,66,0,57179837,1.1231391288366108
57192043,1277,854,933,66,0,57192043,1.1231391288366108
57206510,1263,820,929,66,0,57206510,1.1231391288366108
57219802,1275,884,940,66,0,57219802,1.1231391288366108
57233155,1257,894,926,66,0,57233155,1.1231391288366108
57244003,1230,890,932,66,0,57244003,1.1231391288366108
57254888,1234,890,868,66,0,57254888,1.1231391288366108
57267531,1269,854,927,66,0,57267531,1.1231391288366108
57279758,1186,819,909,66,0,57279758,1.1231391288366108
57292706,1162,763,903,66,0,57292706,1.1231391288366108
57308071,1189,829,926,66,0,57308071,1.1231391288366108
57322639,1229,844,899,66,0,57322639,1.1231391288366108
57333065,1251,769,896,66,0,57333065,1.1231391288366108
57343660,1234,772,926,66,0,57343660,1.1231391288366108
57353505,1120,789,921,66,0,57353505,1.1231391288366108
57363561,1221,803,923,66,0,57363561,1.1231391288366108
57378145,1277,849,913,66,0,57378145,1.1231391288366108
57392895,1308,830,944,66,0,57392895,1.1231391288366108
57407019,1297,869,914,66,0,57407019,1.1231391288366108
57420881,1249,793,886,66,0,57420881,1.1231391288366108
57436130,1275,922,928,66,0,57436130,1.1231391288366108
57447207,1284,853,912,66,0,57447207,1.1231391288366108
57460610,1332,881,922,66,0,57460610,1.1231391288366108
57473217,1305,897,940,66,0,57473217,1.1231391288366108
57490948,1291,835,933,66,0,57490948,1.1231391288366108
57501065,1200,818,924,66,0,57501065,1.1231391288366108
57511185,1213,837,932,66,0,57511185,1.1231391288366108
57522940,1260,829,932,66,0,57522940,1.1231391288366108
57532569,1286,842,925,66,0,57532569,1.1231391288366108
57545415,1310,860,862,66,0,57545415,1.1231391288366108
57557637,1270,828,882,66,0,57557637,1.1231391288366108
57569270,1228,819,916,66,0,57569270,1.1231391288366108
57582628,1196,812,901,66,0,57582628,1.1231391288366108
57594856,1277,847,918,66,0,57594856,1.1231391288366108
57608200,1233,841,939,66,0,57608200,1.1231391288366108
57619235,1261,838,916,66,0,57619235,1.1231391288366108
57632117,1232,804,921,66,0,57632117,1.1231391288366108
57644931,1174,834,914,66,0,57644931,1.1231391288366108
57656245,1218,819,923,66,0,57656245,1.1231391288366108
57670458,1250,843,924,66,0,57670458,1.1231391288366108
57682788,1322,860,940,66,0,57682788,1.1231391288366108
57695486,1288,865,929,66,0,57695486,1.1231391288366108
57707416,1230,814,910,66,0,57707416,1.1231391288366108
57721719,1265,812,924,66,0,57721719,1.1231391288366108
57734210,1234,841,932,66,0,57734210,1.1231391288366108
57744857,1260,859,943,66,0,57744857,1.1231391288366108
57760521,1230,852,919,66,0,57760521,1.1231391288366108
57772704,1174,843,876,66,0,57772704,1.1231391288366108
57783231,1149,857,904,66,0,57783231,1.1231391288366108
57796473,1156,795,910,66,0,57796473,1.1231391288366108
57814594,1128,848,879,66,0,57814594,1.1231391288366108
57829113,1201,865,907,66,0,57829113,1.1231391288366108
57842587,1235,803,924,66,0,57842587,1.1231391288366108
57854781,1165,841,928,66,0,57854781,1.1231391288366108
57865348,162,528,1,66,0,57865348,1.1231391288366108
57878802,1286,781,875,66,0,57878802,1.1231391288366108
57891073,1154,875,928,66,0,57891073,1.1231391288366108
57908447,1169,724,921,66,0,57908447,1.1231391288366108
57919820,1136,690,894,66,0,57919820,1.1231391288366108
57930121,1068,686,913,66,0,57930121,1.1231391288366108
57940388,1198,688,917,66,0,57940388,1.1231391288366108
57952898,1185,726,899,66,0,57952898,1.1231391288366108
57966237,1252,800,889,66,0,57966237,1.1231391288366108
57977088,1296,847,929,66,0,57977088,1.1231391288366108
57992044,1182,733,923,66,0,57992044,1.1231391288366108
58007610,1200,753,912,66,0,58007610,1.1231391288366108
58020232,1237,745,914,66,0,58020232,1.1231391288366108
58034782,1286,778,926,66,0,58034782,1.1231391288366108
58046950,1263,820,913,66,0,58046950,1.1231391288366108
58059337,1233,731,904,66,0,58059337,1.1231391288366108
58069483,1208,736,908,66,0,58069483,1.1231391288366108
58081504,1206,779,899,66,0,58081504,1.1231391288366108
58095413,1259,803,930,66,0,58095413,1.1231391288366108
58105032,1253,805,905,66,0,58105032,1.1231391288366108
58118765,1257,782,905,66,0,58118765,1.1231391288366108
58129729,1193,772,918,66,0,58129729,1.1231391288366108
58151271,1226,851,928,66,0,58151271,1.1231391288366108
58164171,1283,851,934,66,0,58164171,1.1231391288366108
58175813,1299,849,923,66,0,58175813,1.1231391288366108
58189671,1250,834,922,66,0,58189671,1.1231391288366108
58200748,1228,825,921,66,0,58200748,1.1231391288366108
58213379,1246,810,924,66,0,58213379,1.1231391288366108
58226834,1236,785,920,66,0,58226834,1.1231391288366108
58239573,1275,831,920,66,0,58239573,1.1231391288366108
58249256,1261,841,890,66,0,58249256,1.1231391288366108
58262069,1245,786,899,66,0,58262069,1.1231391288366108
58274793,1179,856,930,66,0,58274793,1.1231391288366108
58288499,1188,762,921,66,0,58288499,1.1231391288366108
58301777,1213,777,924,66,0,58301777,1.1231391288366108
58312021,1232,866,931,66,0,58312021,1.1231391288366108
58325060,1237,793,915,66,0,58325060,1.1231391288366108
58335879,1224,793,912,66,0,58335879,1.1231391288366108
58346673,1214,787,904,66,0,58346673,1.1231391288366108
58362107,1174,825,929,66,0,58362107,1.1231391288366108
58379041,1225,809,920,66,0,58379041,1.1231391288366108
58389749,1241,761,929,66,0,58389749,1.1231391288366108
58402347,1197,782,924,66,0,58402347,1.1231391288366108
58415616,1184,755,917,66,0,58415616,1.1231391288366108
58428920,1282,826,932,66,0,58428920,1.1231391288366108
58441109,1290,819,922,66,0,58441109,1.1231391288366108
58455274,1275,863,941,66,0,58455274,1.1231391288366108
58465796,1278,867,925,66,0,58465796,1.1231391288366108
58479075,1221,873,918,66,0,58479075,1.1231391288366108
58489799,1205,808,926,66,0,58489799,1.1231391288366108
58504916,1193,765,931,66,0,58504916,1.1231391288366108
58516801,1238,832,927,66,0,58516801,1.1231391288366108
58528442,1272,882,907,66,0,58528442,1.1231391288366108
58547322,1266,805,916,66,0,58547322,1.1231391288366108
58557939,1265,834,945,66,0,58557939,1.1231391288366108
58568320,1238,757,915,66,0,58568320,1.1231391288366108
58577676,1229,787,929,66,0,58577676,1.1231391288366108
58587256,1209,816,932,66,0,58587256,1.1231391288366108
58599473,1268,784,915,66,0,58599473,1.1231391288366108
58609521,1242,752,912,66,0,58609521,1.1231391288366108
58620093,1230,790,928,66,0,58620093,1.1231391288366108
58631467,1204,786,910,66,0,58631467,1.1231391288366108
58645237,1291,835,908,66,0,58645237,1.1231391288366108
58656110,1260,856,939,66,0,58656110,1.1231391288366108
58665887,1266,803,915,66,0,58665887,1.1231391288366108
58677271,1253,801,909,66,0,58677271,1.1231391288366108
58690325,1189,770,916,66,0,58690325,1.1231391288366108
58702955,1218,814,929,66,0,58702955,1.1231391288366108
58716362,1262,870,935,66,0,58716362,1.1231391288366108
58727984,1287,902,936,66,0,58727984,1.1231391288366108
58740281,1250,853,928,66,0,58740281,1.1231391288366108
58753632,1182,779,926,66,0,58753632,1.1231391288366108
58767262,1214,792,858,66,0,58767262,1.1231391288366108
58778422,1180,837,917,66,0,58778422,1.1231391288366108
58795509,1281,816,922,66,0,58795509,1.1231391288366108
58808082,1266,855,925,66,0,58808082,1.1231391288366108
58818945,1204,872,938,66,0,58818945,1.1231391288366108
58831527,1154,796,925,66,0,58831527,1.1231391288366108
58846601,1170,815,926,66,0,58846601,1.1231391288366108
58859337,1171,834,924,66,0,58859337,1.1231391288366108
58870250,1236,838,891,66,0,58870250,1.1231391288366108
58883201,1240,803,916,66,0,58883201,1.1231391288366108
58895099,1230,778,913,66,0,58895099,1.1231391288366108
58909249,1203,751,901,66,0,58909249,1.1231391288366108
58922013,1249,822,923,66,0,58922013,1.1231391288366108
58934216,1213,790,926,66,0,58934216,1.1231391288366108
58947496,1264,800,899,66,0,58947496,1.1231391288366108
58960991,1194,754,901,66,0,58960991,1.1231391288366108
58971785,1136,731,918,66,0,58971785,1.1231391288366108
58985044,1196,804,928,66,0,58985044,1.1231391288366108
59001658,1177,792,901,66,0,59001658,1.1231391288366108
59013463,1266,758,821,66,0,59013463,1.1231391288366108
59029228,1237,756,877,66,0,59029228,1.1231391288366108
59044674,1220,723,815,66,0,59044674,1.1231391288366108
59057163,1240,824,926,66,0,59057163,1.1231391288366108
59072013,1267,818,888,66,0,59072013,1.1231391288366108
59084379,1297,821,926,66,0,59084379,1.1231391288366108
59097798,1252,762,925,66,0,59097798,1.1231391288366108
59111255,1203,768,868,66,0,59111255,1.1231391288366108
59122428,1274,784,939,66,0,59122428,1.1231391288366108
59134173,1300,828,917,66,0,59134173,1.1231391288366108
59145410,1289,866,932,66,0,59145410,1.1231391288366108
59158419,1325,843,898,66,0,59158419,1.1231391288366108
59175110,1258,770,923,66,0,59175110,1.1231391288366108
59186011,1239,782,928,66,0,59186011,1.1231391288366108
59197241,1226,771,890,66,0,59197241,1.1231391288366108
59209097,1280,786,932,66,0,59209097,1.1231391288366108
59222162,1340,820,930,66,0,59222162,1.1231391288366108
59233319,1281,783,919,66,0,59233319,1.1231391288366108
59245106,1243,771,848,66,0,59245106,1.1231391288366108
59256176,1231,779,931,66,0,59256176,1.1231391288366108
59269327,1265,793,917,66,0,59269327,1.1231391288366108
59281874,1310,801,892,66,0,59281874,1.1231391288366108
59296396,1297,808,935,66,0,59296396,1.1231391288366108
59307029,1235,765,888,66,0,59307029,1.1231391288366108
59319641,1173,752,920,66,0,59319641,1.1231391288366108
59330051,1235,796,904,66,0,59330051,1.1231391288366108
59344564,1275,844,930,66,0,59344564,1.1231391288366108
59356555,1265,870,945,66,0,59356555,1.1231391288366108
59367295,1273,870,922,66,0,59367295,1.1231391288366108
59377781,1245,806,905,66,0,59377781,1.1231391288366108
59388855,1195,794,875,66,0,59388855,1.1231391288366108
59399002,1229,795,917,66,0,59399002,1.1231391288366108
59412227,1243,865,929,66,0,59412227,1.1231391288366108
59424437,1248,903,917,66,0,59424437,1.1231391288366108
59437471,1224,838,925,66,0,59437471,1.1231391288366108
59448050,1216,782,912,66,0,59448050,1.1231391288366108
59460012,1174,786,921,66,0,59460012,1.1231391288366108
59470307,1189,827,915,66,0,59470307,1.1231391288366108
59482658,1181,811,885,66,0,59482658,1.1231391288366108
59492985,1247,804,926,66,0,59492985,1.1231391288366108
59506072,1300,833,910,66,0,59506072,1.1231391288366108
59516317,1251,780,928,66,0,59516317,1.1231391288366108
59528793,1225,777,921,66,0,59528793,1.1231391288366108
59540972,1241,777,921,66,0,59540972,1.1231391288366108
59551874,1258,817,904,66,0,59551874,1.1231391288366108
59561999,1226,827,928,66,0,59561999,1.1231391288366108
59573096,1256,835,932,66,0,59573096,1.1231391288366108
59585692,1220,760,916,66,0,59585692,1.1231391288366108
59597334,1177,772,926,66,0,59597334,1.1231391288366108
59608512,1176,755,865,66,0,59608512,1.1231391288366108
59620225,1208,787,920,66,0,59620225,1.1231391288366108
59631915,1281,806,924,66,0,59631915,1.1231391288366108
59643842,1302,818,930,66,0,59643842,1.1231391288366108
59653792,1283,817,921,66,0,59653792,1.1231391288366108
59663899,1226,756,879,66,0,59663899,1.1231391288366108
59675520,1201,763,913,66,0,59675520,1.1231391288366108
59685242,1209,776,884,66,0,59685242,1.1231391288366108
59698514,1220,766,925,66,0,59698514,1.1231391288366108
59711046,1250,806,920,66,0,59711046,1.1231391288366108
59721021,1244,811,921,66,0,59721021,1.1231391288366108
59731344,1260,785,920,66,0,59731344,1.1231391288366108
59742070,2186,520,139,66,0,59742070,1.1231391288366108
59762981,1293,819,927,66,0,59762981,1.1231391288366108
59773429,1278,816,934,66,0,59773429,1.1231391288366108
59785295,1275,813,877,66,0,59785295,1.1231391288366108
59796480,1283,756,909,66,0,59796480,1.1231391288366108
59806948,1218,808,925,66,0,59806948,1.1231391288366108
59819504,1190,754,908,66,0,59819504,1.1231391288366108
59832097,1244,819,918,66,0,59832097,1.1231391288366108
59843817,1235,844,934,66,0,59843817,1.1231391288366108
59856127,1265,808,929,66,0,59856127,1.1231391288366108
59865000,1273,826,928,66,0,59865000,1.1231391288366108
59878178,1241,799,914,66,0,59878178,1.1231391288366108
59888023,1216,757,904,66,0,59888023,1.1231391288366108
59899690,1197,753,921,66,0,59899690,1.1231391288366108
59911257,1204,839,905,66,0,59911257,1.1231391288366108
59922738,1250,826,932,66,0,59922738,1.1231391288366108
59934819,1268,830,912,66,0,59934819,1.1231391288366108
59946709,1217,802,915,66,0,59946709,1.1231391288366108
59958525,1259,804,924,66,0,59958525,1.1231391288366108
59969017,1274,838,798,66,0,59969017,1.1231391288366108
59983092,1282,801,915,66,0,59983092,1.1231391288366108
59999304,1322,841,913,66,0,59999304,1.1231391288366108
60009713,1284,843,896,66,0,60009713,1.1231391288366108
60023749,1276,822,928,66,0,60023749,1.1231391288366108
60035491,1253,752,920,66,0,60035491,1.1231391288366108
60048931,1264,802,902,66,0,60048931,1.1231391288366108
60059051,1293,805,920,66,0,60059051,1.1231391288366108
60072991,1329,877,929,66,0,60072991,1.1231391288366108
60084654,1253,832,902,66,0,60084654,1.1231391288366108
60097664,1257,800,881,66,0,60097664,1.1231391288366108
60111059,1282,828,925,66,0,60111059,1.1231391288366108
60124844,1283,802,929,66,0,60124844,1.1231391288366108
60138155,1312,844,931,66,0,60138155,1.1231391288366108
60152044,1251,844,937,66,0,60152044,1.1231391288366108
60163869,1233,801,923,66,0,60163869,1.1231391288366108
60175156,1259,821,925,66,0,60175156,1.1231391288366108
60187937,1184,819,916,66,0,60187937,1.1231391288366108
60197967,1197,817,796,66,0,60197967,1.1231391288366108
60208963,1259,829,936,66,0,60208963,1.1231391288366108
60221213,1245,798,969,66,0,60221213,1.1231391288366108
60233762,1250,779,922,66,0,60233762,1.1231391288366108
60248256,1216,793,784,66,0,60248256,1.1231391288366108
60262845,1227,825,927,66,0,60262845,1.1231391288366108
60274606,1224,833,928,66,0,60274606,1.1231391288366108
60285917,1262,800,902,66,0,60285917,1.1231391288366108
60299248,1237,774,901,66,0,60299248,1.1231391288366108
60315880,1184,780,908,66,0,60315880,1.1231391288366108
60328660,1202,792,931,66,0,60328660,1.1231391288366108
60342958,1290,871,923,66,0,60342958,1.1231391288366108
60354973,1278,910,902,66,0,60354973,1.1231391288366108
60365658,1253,827,850,66,0,60365658,1.1231391288366108
60377825,1191,806,897,66,0,60377825,1.1231391288366108
60389021,1144,788,918,66,0,60389021,1.1231391288366108
60401859,1195,784,905,66,0,60401859,1.1231391288366108
60415664,1202,824,902,66,0,60415664,1.1231391288366108
60426295,1274,914,942,66,0,60426295,1.1231391288366108
60441323,1291,796,937,66,0,60441323,1.1231391288366108
60451593,1265,825,929,66,0,60451593,1.1231391288366108
60462013,1250,807,907,66,0,60462013,1.1231391288366108
60477601,1251,824,929,66,0,60477601,1.1231391288366108
60491098,1313,844,926,66,0,60491098,1.1231391288366108
60504324,1333,857,921,66,0,60504324,1.1231391288366108
60515003,1309,782,934,66,0,60515003,1.1231391288366108
60525526,1293,829,907,66,0,60525526,1.1231391288366108
60539277,1308,890,928,66,0,60539277,1.1231391288366108
60550114,1322,866,934,66,0,60550114,1.1231391288366108
60561854,1323,817,909,66,0,60561854,1.1231391288366108
60575023,1308,845,894,66,0,60575023,1.1231391288366108
60589396,1303,811,917,66,0,60589396,1.1231391288366108
60604716,1245,801,865,66,0,60604716,1.1231391288366108
60618105,1210,832,906,66,0,60618105,1.1231391288366108
60629764,1232,860,945,66,0,60629764,1.1231391288366108
60643060,1206,872,938,66,0,60643060,1.1231391288366108
60654787,1239,773,915,66,0,60654787,1.1231391288366108
60669614,1176,710,894,66,0,60669614,1.1231391288366108
60680711,1172,698,898,66,0,60680711,1.1231391288366108
60691641,1241,785,816,66,0,60691641,1.1231391288366108
60701622,1299,851,877,66,0,60701622,1.1231391288366108
60712593,1324,1029,916,66,0,60712593,1.1231391288366108
60724258,1300,832,906,66,0,60724258,1.1231391288366108
60736270,1257,800,916,66,0,60736270,1.1231391288366108
60748874,1253,826,927,66,0,60748874,1.1231391288366108
60762636,1246,820,916,66,0,60762636,1.1231391288366108
60774645,1250,841,902,66,0,60774645,1.1231391288366108
60784283,1227,802,923,66,0,60784283,1.1231391288366108
60795982,1276,862,929,66,0,60795982,1.1231391288366108
60808923,1225,861,934,66,0,60808923,1.1231391288366108
60819729,1246,785,928,66,0,60819729,1.1231391288366108
60832207,1235,812,920,66,0,60832207,1.1231391288366108
60843878,1235,819,897,66,0,60843878,1.1231391288366108
60851268,256,581,392,66,0,60851268,1.1231391288366108
60871002,1281,893,924,66,0,60871002,1.1231391288366108
60882160,1261,844,929,66,0,60882160,1.1231391288366108
60892506,1168,820,931,66,0,60892506,1.1231391288366108
60905152,1133,854,920,66,0,60905152,1.1231391288366108
60916998,1095,786,909,66,0,60916998,1.1231391288366108
60927502,1108,797,902,66,0,60927502,1.1231391288366108
60940161,1232,888,940,66,0,60940161,1.1231391288366108
60952788,1235,802,930,66,0,60952788,1.1231391288366108
60964244,1213,834,914,66,0,60964244,1.1231391288366108
60976000,1178,799,916,66,0,60976000,1.1231391288366108
60989500,1201,818,916,66,0,60989500,1.1231391288366108
61001806,1245,874,931,66,0,61001806,1.1231391288366108
61012509,1258,841,945,66,0,61012509,1.1231391288366108
61027308,1210,930,933,66,0,61027308,1.1231391288366108
61038095,1218,841,915,66,0,61038095,1.1231391288366108
61050873,1197,779,899,66,0,61050873,1.1231391288366108
61063306,1172,761,924,66,0,61063306,1.1231391288366108
61075897,1128,821,873,66,0,61075897,1.1231391288366108
61089487,1189,762,874,66,0,61089487,1.1231391288366108
61101487,1209,848,931,66,0,61101487,1.1231391288366108
61113144,1232,824,937,66,0,61113144,1.1231391288366108
61127661,1284,863,933,66,0,61127661,1.1231391288366108
61139375,1320,894,926,66,0,61139375,1.1231391288366108
61153733,1268,875,925,66,0,61153733,1.1231391288366108
61166003,1232,896,938,66,0,61166003,1.1231391288366108
61181934,1219,747,1021,66,0,61181934,1.1231391288366108
61190727,1173,792,518,66,0,61190727,1.1231391288366108
61204372,1147,761,918,66,0,61204372,1.1231391288366108
61216638,1170,786,912,66,0,61216638,1.1231391288366108
61230074,1154,783,894,66,0,61230074,1.1231391288366108
61239795,1163,756,920,66,0,61239795,1.1231391288366108
61251854,1177,709,880,66,0,61251854,1.1231391288366108
61265833,1136,784,857,66,0,61265833,1.1231391288366108
61278545,1106,704,882,66,0,61278545,1.1231391288366108
61291859,1188,779,901,66,0,61291859,1.1231391288366108
61301800,1266,838,881,66,0,61301800,1.1231391288366108
61315093,1291,808,931,66,0,61315093,1.1231391288366108
61328979,1215,866,924,66,0,61328979,1.1231391288366108
61342089,1169,859,871,66,0,61342089,1.1231391288366108
61355111,1273,855,942,66,0,61355111,1.1231391288366108
61366031,1276,922,956,66,0,61366031,1.1231391288366108
61377581,1213,910,938,66,0,61377581,1.1231391288366108
61390765,1261,887,897,66,0,61390765,1.1231391288366108
61406757,1205,893,937,66,0,61406757,1.1231391288366108
61417384,1197,812,918,66,0,61417384,1.1231391288366108
61431164,1180,840,918,66,0,61431164,1.1231391288366108
61442470,1196,859,843,66,0,61442470,1.1231391288366108
61453328,1227,904,921,66,0,61453328,1.1231391288366108
61464042,1328,726,905,66,0,61464042,1.1231391288366108
61479178,1340,753,908,66,0,61479178,1.1231391288366108
61492284,1256,714,883,66,0,61492284,1.1231391288366108
61503990,1254,762,893,66,0,61503990,1.1231391288366108
61516447,1205,753,932,66,0,61516447,1.1231391288366108
61527511,1252,761,919,66,0,61527511,1.1231391288366108
61537990,1307,853,927,66,0,61537990,1.1231391288366108
61550845,1338,813,884,66,0,61550845,1.1231391288366108
61565296,1251,792,912,66,0,61565296,1.1231391288366108
61577325,1332,862,933,66,0,61577325,1.1231391288366108
61593155,1387,920,892,66,0,61593155,1.1231391288366108
61604555,1382,931,930,66,0,61604555,1.1231391288366108
61618619,1372,949,947,66,0,61618619,1.1231391288366108
61631095,1323,928,940,66,0,61631095,1.1231391288366108
61647342,1232,888,932,66,0,61647342,1.1231391288366108
61660980,1308,892,932,66,0,61660980,1.1231391288366108
61670895,1278,866,925,66,0,61670895,1.1231391288366108
61680503,1250,837,936,66,0,61680503,1.1231391288366108
61695400,1213,833,926,66,0,61695400,1.1231391288366108
61709266,1175,821,928,66,0,61709266,1.1231391288366108
61720042,1197,810,925,66,0,61720042,1.1231391288366108
61731526,1248,835,914,66,0,61731526,1.1231391288366108
61743022,1273,821,923,66,0,61743022,1.1231391288366108
61754995,1278,865,931,66,0,61754995,1.1231391288366108
61772353,1225,822,899,66,0,61772353,1.1231391288366108
61782218,1209,814,916,66,0,61782218,1.1231391288366108
61794218,1140,798,913,66,0,61794218,1.1231391288366108
61804673,1152,782,885,66,0,61804673,1.1231391288366108
61817764,1266,853,891,66,0,61817764,1.1231391288366108
61845691,1265,883,920,67,0,61845691,1.1546590700238926
61867096,1190,824,881,67,0,61867096,1.1546590700238926
61880274,1242,830,910,67,0,61880274,1.1546590700238926
61891636,1217,793,918,67,0,61891636,1.1546590700238926
61906385,1227,851,902,67,0,61906385,1.1546590700238926
61919668,1165,844,934,67,0,61919668,1.1546590700238926
61929976,1160,812,922,67,0,61929976,1.1546590700238926
61943364,1231,803,909,67,0,61943364,1.1546590700238926
61956576,1251,821,913,67,0,61956576,1.1546590700238926
61971010,1285,854,930,67,0,61971010,1.1546590700238926
61983230,1289,843,920,67,0,61983230,1.1546590700238926
61997129,1199,796,895,67,0,61997129,1.1546590700238926
62013191,1184,816,853,67,0,62013191,1.1546590700238926
62025785,1217,822,907,67,0,62025785,1.1546590700238926
62038097,1216,829,930,67,0,62038097,1.1546590700238926
62050695,1234,844,940,67,0,62050695,1.1546590700238926
62062361,1208,779,936,67,0,62062361,1.1546590700238926
62075338,1133,809,922,67,0,62075338,1.1546590700238926
62090044,1217,812,858,67,0,62090044,1.1546590700238926
62108553,1264,854,926,67,0,62108553,1.1546590700238926
62122170,1276,825,924,67,0,62122170,1.1546590700238926
62136211,1249,799,914,67,0,62136211,1.1546590700238926
62146762,1214,789,889,67,0,62146762,1.1546590700238926
62166522,1221,800,868,67,0,62166522,1.1546590700238926
62182927,1230,798,932,67,0,62182927,1.1546590700238926
62195204,1235,810,922,67,0,62195204,1.1546590700238926
62208344,1244,803,878,67,0,62208344,1.1546590700238926
62223985,1230,835,926,67,0,62223985,1.1546590700238926
62237104,1292,833,915,67,0,62237104,1.1546590700238926
62248413,1257,876,937,67,0,62248413,1.1546590700238926
62260393,1305,862,931,67,0,62260393,1.1546590700238926
62276126,1275,805,909,67,0,62276126,1.1546590700238926
62291728,1206,777,928,67,0,62291728,1.1546590700238926
62303019,1196,774,884,67,0,62303019,1.1546590700238926
62315585,1262,794,910,67,0,62315585,1.1546590700238926
62326752,1277,806,865,67,0,62326752,1.1546590700238926
62338742,1870,840,932,67,0,62338742,1.1546590700238926
62353026,1208,797,928,67,0,62353026,1.1546590700238926
62365319,1163,776,894,67,0,62365319,1.1546590700238926
62382124,1226,817,857,67,0,62382124,1.1546590700238926
62391558,1269,876,935,67,0,62391558,1.1546590700238926
62403022,1266,865,900,67,0,62403022,1.1546590700238926
62415996,1261,373,929,67,0,62415996,1.1546590700238926
62427155,1197,795,909,67,0,62427155,1.1546590700238926
62441395,1186,792,921,67,0,62441395,1.1546590700238926
62455628,1196,765,910,67,0,62455628,1.1546590700238926
62467864,1211,796,902,67,0,62467864,1.1546590700238926
62482341,1273,832,937,67,0,62482341,1.1546590700238926
62493043,1257,848,923,67,0,62493043,1.1546590700238926
62505832,1249,844,914,67,0,62505832,1.1546590700238926
62518989,1272,840,926,67,0,62518989,1.1546590700238926
62530020,1262,854,932,67,0,62530020,1.1546590700238926
62542098,1307,849,930,67,0,62542098,1.1546590700238926
62557226,1305,898,931,67,0,62557226,1.1546590700238926
62568061,1264,852,856,67,0,62568061,1.1546590700238926
62578755,1312,806,933,67,0,62578755,1.1546590700238926
62590147,1266,810,931,67,0,62590147,1.1546590700238926
62601703,1289,821,923,67,0,62601703,1.1546590700238926
62612724,1266,808,933,67,0,62612724,1.1546590700238926
62624908,1206,861,942,67,0,62624908,1.1546590700238926
62641567,1247,800,915,67,0,62641567,1.1546590700238926
62651768,1230,828,901,67,0,62651768,1.1546590700238926
62662784,1240,831,932,67,0,62662784,1.1546590700238926
62673204,1230,835,911,67,0,62673204,1.1546590700238926
62685168,1251,884,937,67,0,62685168,1.1546590700238926
62696858,1285,869,926,67,0,62696858,1.1546590700238926
62708367,1278,853,926,67,0,62708367,1.1546590700238926
62719928,1181,803,892,67,0,62719928,1.1546590700238926
62728956,1213,821,916,67,0,62728956,1.1546590700238926
62742385,1215,824,917,67,0,62742385,1.1546590700238926
62759323,1261,857,927,67,0,62759323,1.1546590700238926
62777287,1287,836,928,67,0,62777287,1.1546590700238926
62788091,1235,810,915,67,0,62788091,1.1546590700238926
62800525,1233,803,909,67,0,62800525,1.1546590700238926
62813879,1227,874,917,67,0,62813879,1.1546590700238926
62830998,1267,861,819,67,0,62830998,1.1546590700238926
62842011,1282,827,913,67,0,62842011,1.1546590700238926
62853362,1190,788,920,67,0,62853362,1.1546590700238926
62866132,1171,764,909,67,0,62866132,1.1546590700238926
62877574,1202,842,916,67,0,62877574,1.1546590700238926
62891142,1385,812,927,67,0,62891142,1.1546590700238926
62902338,1197,878,929,67,0,62902338,1.1546590700238926
62914428,1260,878,909,67,0,62914428,1.1546590700238926
62928049,1211,827,867,67,0,62928049,1.1546590700238926
62939393,1213,776,901,67,0,62939393,1.1546590700238926
62950904,1225,774,896,67,0,62950904,1.1546590700238926
62963131,1198,840,933,67,0,62963131,1.1546590700238926
62976465,1250,831,925,67,0,62976465,1.1546590700238926
62991412,1241,830,922,67,0,62991412,1.1546590700238926
63004522,1236,790,928,67,0,63004522,1.1546590700238926
63018226,1251,794,930,67,0,63018226,1.1546590700238926
63030701,1282,848,930,67,0,63030701,1.1546590700238926
63042834,1331,849,886,67,0,63042834,1.1546590700238926
63054642,1314,849,942,67,0,63054642,1.1546590700238926
63066233,1255,858,938,67,0,63066233,1.1546590700238926
63078932,1187,763,920,67,0,63078932,1.1546590700238926
63091067,1217,799,877,67,0,63091067,1.1546590700238926
63102361,1268,833,907,67,0,63102361,1.1546590700238926
63115722,1257,834,929,67,0,63115722,1.1546590700238926
63130529,1294,861,930,67,0,63130529,1.1546590700238926
63139786,1277,822,851,67,0,63139786,1.1546590700238926
63153867,1216,776,898,67,0,63153867,1.1546590700238926
63165218,1237,798,918,67,0,63165218,1.1546590700238926
63177297,1267,820,905,67,0,63177297,1.1546590700238926
63192166,1331,849,929,67,0,63192166,1.1546590700238926
63206457,1250,775,888,67,0,63206457,1.1546590700238926
63217221,1212,826,923,67,0,63217221,1.1546590700238926
63227859,1181,802,891,67,0,63227859,1.1546590700238926
63239367,1232,866,933,67,0,63239367,1.1546590700238926
63250931,1254,852,941,67,0,63250931,1.1546590700238926
63260631,1282,856,928,67,0,63260631,1.1546590700238926
63273969,1240,847,924,67,0,63273969,1.1546590700238926
63286534,1172,796,933,67,0,63286534,1.1546590700238926
63301300,1184,784,913,67,0,63301300,1.1546590700238926
63316613,1232,857,934,67,0,63316613,1.1546590700238926
63331590,1267,852,937,67,0,63331590,1.1546590700238926
63344971,1270,852,942,67,0,63344971,1.1546590700238926
63360218,1154,793,909,67,0,63360218,1.1546590700238926
63371636,1177,766,824,67,0,63371636,1.1546590700238926
63384208,1195,829,929,67,0,63384208,1.1546590700238926
63396229,1205,894,937,67,0,63396229,1.1546590700238926
63408297,1262,841,925,67,0,63408297,1.1546590700238926
63419602,1219,768,924,67,0,63419602,1.1546590700238926
63431948,1178,782,915,67,0,63431948,1.1546590700238926
63444964,1260,817,934,67,0,63444964,1.1546590700238926
63465384,1224,884,933,67,0,63465384,1.1546590700238926
63475585,1276,833,926,67,0,63475585,1.1546590700238926
63488346,1243,809,905,67,0,63488346,1.1546590700238926
63501008,1159,771,898,67,0,63501008,1.1546590700238926
63511268,1137,699,883,67,0,63511268,1.1546590700238926
63523495,1211,802,918,67,0,63523495,1.1546590700238926
63536768,1123,758,914,67,0,63536768,1.1546590700238926
63551581,1258,790,913,67,0,63551581,1.1546590700238926
63562977,1204,788,924,67,0,63562977,1.1546590700238926
63576717,1207,772,902,67,0,63576717,1.1546590700238926
63589346,1225,732,922,67,0,63589346,1.1546590700238926
63600174,1180,832,917,67,0,63600174,1.1546590700238926
164946,19,10,515,68,0,164946,1.1265851865465908
63626542,1216,733,917,68,0,63626542,1.1265851865465908
63639657,1165,745,898,68,0,63639657,1.1265851865465908
63650931,1189,734,894,68,0,63650931,1.1265851865465908
63663939,1248,714,924,68,0,63663939,1.1265851865465908
63677181,1233,769,925,68,0,63677181,1.1265851865465908
63686739,1283,748,922,68,0,63686739,1.1265851865465908
63697793,1264,800,928,68,0,63697793,1.1265851865465908
63708264,1257,779,921,68,0,63708264,1.1265851865465908
63722756,1246,757,929,68,0,63722756,1.1265851865465908
63734762,1288,766,926,68,0,63734762,1.1265851865465908
63751548,1297,843,925,68,0,63751548,1.1265851865465908
63763486,1227,790,928,68,0,63763486,1.1265851865465908
63777275,1193,773,923,68,0,63777275,1.1265851865465908
63787087,1180,787,922,68,0,63787087,1.1265851865465908
63802008,1234,829,924,68,0,63802008,1.1265851865465908
63812897,1234,817,925,68,0,63812897,1.1265851865465908
63825203,1290,893,939,68,0,63825203,1.1265851865465908
63837698,1229,819,929,68,0,63837698,1.1265851865465908
63850458,1192,802,838,68,0,63850458,1.1265851865465908
63861512,1216,817,926,68,0,63861512,1.1265851865465908
63872767,1185,805,920,68,0,63872767,1.1265851865465908
63890368,1206,747,915,68,0,63890368,1.1265851865465908
63903933,1232,699,894,68,0,63903933,1.1265851865465908
63919670,1114,730,916,68,0,63919670,1.1265851865465908
63932951,1183,762,915,68,0,63932951,1.1265851865465908
63947882,1204,762,932,68,0,63947882,1.1265851865465908
63960698,1289,763,907,68,0,63960698,1.1265851865465908
63972454,1265,777,854,68,0,63972454,1.1265851865465908
63985148,1228,768,915,68,0,63985148,1.1265851865465908
64000348,1168,706,913,68,0,64000348,1.1265851865465908
64012777,1211,764,913,68,0,64012777,1.1265851865465908
64025048,1211,811,928,68,0,64025048,1.1265851865465908
64038599,1276,761,910,68,0,64038599,1.1265851865465908
64049572,1226,789,917,68,0,64049572,1.1265851865465908
64061807,1254,780,913,68,0,64061807,1.1265851865465908
64072663,1237,817,924,68,0,64072663,1.1265851865465908
64082478,1241,852,927,68,0,64082478,1.1265851865465908
64094771,1237,799,931,68,0,64094771,1.1265851865465908
64109037,1194,764,907,68,0,64109037,1.1265851865465908
64120055,1168,750,913,68,0,64120055,1.1265851865465908
64131418,1181,785,913,68,0,64131418,1.1265851865465908
64145142,1235,750,896,68,0,64145142,1.1265851865465908
64155323,1216,816,926,68,0,64155323,1.1265851865465908
64167181,1240,840,924,68,0,64167181,1.1265851865465908
64177583,1252,784,920,68,0,64177583,1.1265851865465908
64189419,1152,739,916,68,0,64189419,1.1265851865465908
64199694,1137,740,907,68,0,64199694,1.1265851865465908
64209700,1168,754,913,68,0,64209700,1.1265851865465908
64223730,1228,832,932,68,0,64223730,1.1265851865465908
64235137,1268,835,947,68,0,64235137,1.1265851865465908
64247489,1258,834,929,68,0,64247489,1.1265851865465908
64258839,1200,790,886,68,0,64258839,1.1265851865465908
64271087,1162,792,900,68,0,64271087,1.1265851865465908
64284217,1150,786,923,68,0,64284217,1.1265851865465908
64299530,1225,805,898,68,0,64299530,1.1265851865465908
64312073,1251,823,928,68,0,64312073,1.1265851865465908
64324773,1197,802,923,68,0,64324773,1.1265851865465908
64336159,1198,802,913,68,0,64336159,1.1265851865465908
64347614,1207,795,926,68,0,64347614,1.1265851865465908
64359029,1168,806,917,68,0,64359029,1.1265851865465908
64373011,1157,777,933,68,0,64373011,1.1265851865465908
64387954,1179,789,931,68,0,64387954,1.1265851865465908
64398091,1130,814,926,68,0,64398091,1.1265851865465908
64411563,1188,779,923,68,0,64411563,1.1265851865465908
64421612,1190,809,914,68,0,64421612,1.1265851865465908
64433459,1145,853,899,68,0,64433459,1.1265851865465908
64446758,1180,810,892,68,0,64446758,1.1265851865465908
64460499,1162,724,885,68,0,64460499,1.1265851865465908
64471444,1116,769,921,68,0,64471444,1.1265851865465908
64483515,1123,716,902,68,0,64483515,1.1265851865465908
64496568,1185,796,919,68,0,64496568,1.1265851865465908
64508219,1198,787,901,68,0,64508219,1.1265851865465908
64518833,1256,779,887,68,0,64518833,1.1265851865465908
64531024,1278,783,933,68,0,64531024,1.1265851865465908
63964032,1034,272,640,69,0,63964032,1.1594376033817313
64557882,1226,800,925,69,0,64557882,1.1594376033817313
64570504,1240,748,917,69,0,64570504,1.1594376033817313
64592538,1230,793,920,69,0,64592538,1.1594376033817313
64602534,1179,668,904,69,0,64602534,1.1594376033817313
64615242,1165,741,917,69,0,64615242,1.1594376033817313
64627230,1196,696,909,69,0,64627230,1.1594376033817313
64637367,1203,746,921,69,0,64637367,1.1594376033817313
64650054,1209,777,906,69,0,64650054,1.1594376033817313
64663241,1265,788,882,69,0,64663241,1.1594376033817313
64675018,1234,778,922,69,0,64675018,1.1594376033817313
64686107,1182,726,911,69,0,64686107,1.1594376033817313
64697106,1219,758,896,69,0,64697106,1.1594376033817313
64708058,1261,746,912,69,0,64708058,1.1594376033817313
64721326,1220,810,912,69,0,64721326,1.1594376033817313
64732941,1235,804,901,69,0,64732941,1.1594376033817313
64750500,1204,748,916,69,0,64750500,1.1594376033817313
64761206,1240,723,929,69,0,64761206,1.1594376033817313
64774639,1192,785,941,69,0,64774639,1.1594376033817313
64788649,1251,777,872,69,0,64788649,1.1594376033817313
64800433,1252,838,925,69,0,64800433,1.1594376033817313
64813265,1273,780,916,69,0,64813265,1.1594376033817313
64828251,1208,782,921,69,0,64828251,1.1594376033817313
64838895,1241,766,931,69,0,64838895,1.1594376033817313
64851854,1264,782,917,69,0,64851854,1.1594376033817313
64862063,1273,808,927,69,0,64862063,1.1594376033817313
64876768,1262,799,931,69,0,64876768,1.1594376033817313
64889826,1222,752,906,69,0,64889826,1.1594376033817313
64899196,1210,763,907,69,0,64899196,1.1594376033817313
64911815,1202,810,916,69,0,64911815,1.1594376033817313
64926317,1243,829,929,69,0,64926317,1.1594376033817313
64940033,1276,832,890,69,0,64940033,1.1594376033817313
64951889,1191,769,838,69,0,64951889,1.1594376033817313
64965677,1142,774,907,69,0,64965677,1.1594376033817313
64983168,1228,810,932,69,0,64983168,1.1594376033817313
64995999,1185,827,937,69,0,64995999,1.1594376033817313
65006379,1250,818,920,69,0,65006379,1.1594376033817313
65017621,1250,852,922,69,0,65017621,1.1594376033817313
65028480,1186,790,856,69,0,65028480,1.1594376033817313
65042381,1190,778,923,69,0,65042381,1.1594376033817313
65053592,1160,817,926,69,0,65053592,1.1594376033817313
65068075,1169,768,916,69,0,65068075,1.1594376033817313
65079804,1118,824,936,69,0,65079804,1.1594376033817313
65093132,1216,806,936,69,0,65093132,1.1594376033817313
65107616,1201,796,924,69,0,65107616,1.1594376033817313
65121907,1264,753,878,69,0,65121907,1.1594376033817313
65136709,1304,778,909,69,0,65136709,1.1594376033817313
65150843,1312,801,889,69,0,65150843,1.1594376033817313
65165486,1203,781,914,69,0,65165486,1.1594376033817313
65181778,1209,783,915,69,0,65181778,1.1594376033817313
65194641,1171,782,924,69,0,65194641,1.1594376033817313
65205351,1196,790,924,69,0,65205351,1.1594376033817313
65221741,1268,808,928,69,0,65221741,1.1594376033817313
65234655,1243,790,913,69,0,65234655,1.1594376033817313
65246088,1192,763,922,69,0,65246088,1.1594376033817313
65256022,1189,779,925,69,0,65256022,1.1594376033817313
65268111,1245,821,907,69,0,65268111,1.1594376033817313
65279320,1250,836,933,69,0,65279320,1.1594376033817313
65289703,1253,796,926,69,0,65289703,1.1594376033817313
65309193,1186,796,924,69,0,65309193,1.1594376033817313
65321772,1213,770,914,69,0,65321772,1.1594376033817313
65334644,1226,833,926,69,0,65334644,1.1594376033817313
65345043,1254,801,918,69,0,65345043,1.1594376033817313
65359859,1256,809,908,69,0,65359859,1.1594376033817313
65375749,1235,789,913,69,0,65375749,1.1594376033817313
65388532,1253,796,937,69,0,65388532,1.1594376033817313
65402794,1296,793,924,69,0,65402794,1.1594376033817313
65413239,1306,796,902,69,0,65413239,1.1594376033817313
65424581,1332,830,921,69,0,65424581,1.1594376033817313
65436785,1330,833,915,69,0,65436785,1.1594376033817313
65449025,1247,766,916,69,0,65449025,1.1594376033817313
65460818,1214,805,933,69,0,65460818,1.1594376033817313
65473820,1221,822,931,69,0,65473820,1.1594376033817313
65486672,1211,809,920,69,0,65486672,1.1594376033817313
65500224,1230,830,917,69,0,65500224,1.1594376033817313
65513174,1256,825,908,69,0,65513174,1.1594376033817313
65526166,1257,791,926,69,0,65526166,1.1594376033817313
65538100,1214,754,910,69,0,65538100,1.1594376033817313
65550942,1205,774,902,69,0,65550942,1.1594376033817313
65559979,1240,802,917,69,0,65559979,1.1594376033817313
65572841,1248,798,925,69,0,65572841,1.1594376033817313
65585256,1296,785,922,69,0,65585256,1.1594376033817313
65598629,1262,784,924,69,0,65598629,1.1594376033817313
65611603,1252,848,912,69,0,65611603,1.1594376033817313
65622220,1236,854,841,69,0,65622220,1.1594376033817313
65632435,1235,820,918,69,0,65632435,1.1594376033817313
65644761,1285,817,929,69,0,65644761,1.1594376033817313
65657744,1270,781,912,69,0,65657744,1.1594376033817313
65669249,1288,802,925,69,0,65669249,1.1594376033817313
65680059,1306,818,872,69,0,65680059,1.1594376033817313
65694088,1277,832,915,69,0,65694088,1.1594376033817313
65706267,1315,853,929,69,0,65706267,1.1594376033817313
65719912,1307,820,922,69,0,65719912,1.1594376033817313
65732320,1263,789,930,69,0,65732320,1.1594376033817313
65744570,1267,818,923,69,0,65744570,1.1594376033817313
65756080,1212,797,899,69,0,65756080,1.1594376033817313
65766615,1259,891,928,69,0,65766615,1.1594376033817313
65779582,1273,860,906,69,0,65779582,1.1594376033817313
65793089,1273,838,931,69,0,65793089,1.1594376033817313
65803510,1222,785,932,69,0,65803510,1.1594376033817313
65813404,1212,788,911,69,0,65813404,1.1594376033817313
65826766,1189,755,908,69,0,65826766,1.1594376033817313
65839066,1180,739,846,69,0,65839066,1.1594376033817313
65849971,1210,813,912,69,0,65849971,1.1594376033817313
65861775,1232,842,931,69,0,65861775,1.1594376033817313
65875194,1267,796,915,69,0,65875194,1.1594376033817313
65887766,1221,822,936,69,0,65887766,1.1594376033817313
65900644,1187,786,920,69,0,65900644,1.1594376033817313
65913778,1171,779,917,69,0,65913778,1.1594376033817313
65927187,1266,819,916,69,0,65927187,1.1594376033817313
65939534,1307,868,928,69,0,65939534,1.1594376033817313
65951070,1315,820,918,69,0,65951070,1.1594376033817313
65964575,1304,816,928,69,0,65964575,1.1594376033817313
65975541,1240,757,916,69,0,65975541,1.1594376033817313
65989476,1205,834,925,69,0,65989476,1.1594376033817313
66002236,1259,868,939,69,0,66002236,1.1594376033817313
66017164,1272,827,928,69,0,66017164,1.1594376033817313
66028586,1267,820,916,69,0,66028586,1.1594376033817313
66041747,1235,787,934,69,0,66041747,1.1594376033817313
66054529,1220,822,927,69,0,66054529,1.1594376033817313
66069017,1306,843,906,69,0,66069017,1.1594376033817313
66081234,1329,845,931,69,0,66081234,1.1594376033817313
66094582,1280,838,912,69,0,66094582,1.1594376033817313
66106132,1229,774,926,69,0,66106132,1.1594376033817313
66121920,1221,793,936,69,0,66121920,1.1594376033817313
66135440,1284,842,932,69,0,66135440,1.1594376033817313
66144514,1304,856,926,69,0,66144514,1.1594376033817313
66159285,1257,845,920,69,0,66159285,1.1594376033817313
66168947,1228,1158,857,69,0,66168947,1.1594376033817313
66183725,1226,816,918,69,0,66183725,1.1594376033817313
66194376,1202,873,939,69,0,66194376,1.1594376033817313
66204211,1211,819,869,69,0,66204211,1.1594376033817313
66218095,1204,858,531,69,0,66218095,1.1594376033817313
66228034,1234,802,850,69,0,66228034,1.1594376033817313
66242145,1216,776,929,69,0,66242145,1.1594376033817313
66253434,1170,790,939,69,0,66253434,1.1594376033817313
66268035,1123,770,962,69,0,66268035,1.1594376033817313
66279226,1210,769,909,69,0,66279226,1.1594376033817313
66292063,1300,787,898,69,0,66292063,1.1594376033817313
66302732,1305,844,925,69,0,66302732,1.1594376033817313
66314281,1205,818,910,69,0,66314281,1.1594376033817313
66325843,1259,805,915,69,0,66325843,1.1594376033817313
66338891,1283,869,865,69,0,66338891,1.1594376033817313
66355172,1256,896,929,69,0,66355172,1.1594376033817313
66366049,1203,838,932,69,0,66366049,1.1594376033817313
66376815,1204,846,918,69,0,66376815,1.1594376033817313
66390498,1222,799,868,69,0,66390498,1.1594376033817313
66408295,1258,797,928,69,0,66408295,1.1594376033817313
66420142,1288,853,899,69,0,66420142,1.1594376033817313
66431961,1257,862,918,69,0,66431961,1.1594376033817313
66446657,1288,867,888,69,0,66446657,1.1594376033817313
66457098,1348,904,913,69,0,66457098,1.1594376033817313
66467895,1282,883,952,69,0,66467895,1.1594376033817313
66480173,1243,883,933,69,0,66480173,1.1594376033817313
66493091,1163,774,922,69,0,66493091,1.1594376033817313
66506617,924,831,916,69,0,66506617,1.1594376033817313
66517391,1229,891,907,69,0,66517391,1.1594376033817313
66528849,1263,850,917,69,0,66528849,1.1594376033817313
66540376,1252,874,881,69,0,66540376,1.1594376033817313
66553005,1225,785,920,69,0,66553005,1.1594376033817313
66564592,1222,793,933,69,0,66564592,1.1594376033817313
66579181,1261,795,932,69,0,66579181,1.1594376033817313
66593703,1254,820,928,69,0,66593703,1.1594376033817313
66607251,1262,869,926,69,0,66607251,1.1594376033817313
66619663,1274,835,872,69,0,66619663,1.1594376033817313
66631348,1247,821,901,69,0,66631348,1.1594376033817313
66643253,1149,822,923,69,0,66643253,1.1594376033817313
66654774,1115,758,928,69,0,66654774,1.1594376033817313
66666497,1083,826,874,69,0,66666497,1.1594376033817313
66678187,1171,773,936,69,0,66678187,1.1594376033817313
66689877,1163,732,896,69,0,66689877,1.1594376033817313
66701660,1156,831,907,69,0,66701660,1.1594376033817313
66715026,1273,841,917,69,0,66715026,1.1594376033817313
66731072,1236,890,899,69,0,66731072,1.1594376033817313
66739936,1261,860,923,69,0,66739936,1.1594376033817313
66753406,1254,886,933,69,0,66753406,1.1594376033817313
66765965,1163,813,923,69,0,66765965,1.1594376033817313
66777167,1176,794,914,69,0,66777167,1.1594376033817313
66792480,1107,801,876,69,0,66792480,1.1594376033817313
66804496,1067,783,892,69,0,66804496,1.1594376033817313
66817390,1198,806,905,69,0,66817390,1.1594376033817313
66828117,1188,864,934,69,0,66828117,1.1594376033817313
66844667,1137,741,921,69,0,66844667,1.1594376033817313
66856539,1056,803,912,69,0,66856539,1.1594376033817313
66869344,1161,737,856,69,0,66869344,1.1594376033817313
66880470,1227,806,916,69,0,66880470,1.1594376033817313
66894703,1258,787,910,69,0,66894703,1.1594376033817313
66906039,1296,751,920,69,0,66906039,1.1594376033817313
66916991,1280,848,934,69,0,66916991,1.1594376033817313
66929826,1186,835,901,69,0,66929826,1.1594376033817313
66944737,1265,851,898,69,0,66944737,1.1594376033817313
66958001,1272,893,931,69,0,66958001,1.1594376033817313
66971852,1246,861,929,69,0,66971852,1.1594376033817313
66983008,1202,816,924,69,0,66983008,1.1594376033817313
66998299,1154,726,918,69,0,66998299,1.1594376033817313
67011688,1105,865,929,69,0,67011688,1.1594376033817313
67023899,1120,802,913,69,0,67023899,1.1594376033817313
67037233,1193,827,928,69,0,67037233,1.1594376033817313
67050023,1217,788,923,69,0,67050023,1.1594376033817313
67063548,1176,746,915,69,0,67063548,1.1594376033817313
67076092,1105,713,878,69,0,67076092,1.1594376033817313
67088607,1159,751,918,69,0,67088607,1.1594376033817313
67102434,1179,779,897,69,0,67102434,1.1594376033817313
67116127,1242,809,891,69,0,67116127,1.1594376033817313
67131166,1289,798,923,69,0,67131166,1.1594376033817313
67142923,1255,796,912,69,0,67142923,1.1594376033817313
67157081,1291,840,858,69,0,67157081,1.1594376033817313
67172173,1377,890,894,69,0,67172173,1.1594376033817313
67186246,1341,891,818,69,0,67186246,1.1594376033817313
67198650,1329,918,944,69,0,67198650,1.1594376033817313
67210158,1348,874,923,69,0,67210158,1.1594376033817313
67221378,1363,892,924,69,0,67221378,1.1594376033817313
67233692,1286,892,896,69,0,67233692,1.1594376033817313
67247140,1295,858,902,69,0,67247140,1.1594376033817313
67259953,1299,852,929,69,0,67259953,1.1594376033817313
67274983,1245,837,904,69,0,67274983,1.1594376033817313
67287242,1177,821,899,69,0,67287242,1.1594376033817313
67299418,1199,806,931,69,0,67299418,1.1594376033817313
67314379,1315,868,894,69,0,67314379,1.1594376033817313
67328555,1282,848,915,69,0,67328555,1.1594376033817313
67339631,1277,843,913,69,0,67339631,1.1594376033817313
67352532,1219,826,928,69,0,67352532,1.1594376033817313
67363670,1177,784,878,69,0,67363670,1.1594376033817313
67374436,1204,787,900,69,0,67374436,1.1594376033817313
67390209,1230,841,926,69,0,67390209,1.1594376033817313
67401923,1233,832,930,69,0,67401923,1.1594376033817313
67415337,1292,816,932,69,0,67415337,1.1594376033817313
67427954,1173,856,912,69,0,67427954,1.1594376033817313
67444318,1211,845,937,69,0,67444318,1.1594376033817313
67457503,1257,829,859,69,0,67457503,1.1594376033817313
67469149,1198,805,914,69,0,67469149,1.1594376033817313
67480464,1198,847,907,69,0,67480464,1.1594376033817313
67492084,1181,794,894,69,0,67492084,1.1594376033817313
67504536,1153,836,894,69,0,67504536,1.1594376033817313
67515093,1166,782,918,69,0,67515093,1.1594376033817313
67528255,1201,797,900,69,0,67528255,1.1594376033817313
67540400,1221,816,928,69,0,67540400,1.1594376033817313
67555633,1288,830,889,69,0,67555633,1.1594376033817313
67565586,1249,790,845,69,0,67565586,1.1594376033817313
67580260,1139,764,870,69,0,67580260,1.1594376033817313
67591980,1160,752,902,69,0,67591980,1.1594376033817313
67601726,1170,784,918,69,0,67601726,1.1594376033817313
67615326,1198,772,906,69,0,67615326,1.1594376033817313
67625412,1234,787,902,69,0,67625412,1.1594376033817313
67635631,1235,760,915,69,0,67635631,1.1594376033817313
67646006,1162,511,892,69,0,67646006,1.1594376033817313
67659299,1203,760,910,69,0,67659299,1.1594376033817313
67672321,1171,784,928,69,0,67672321,1.1594376033817313
67685148,1222,829,888,69,0,67685148,1.1594376033817313
67697319,1265,812,891,69,0,67697319,1.1594376033817313
67710363,1268,784,929,69,0,67710363,1.1594376033817313
67721128,1245,799,928,69,0,67721128,1.1594376033817313
67732800,1252,739,920,69,0,67732800,1.1594376033817313
67744733,1234,782,918,69,0,67744733,1.1594376033817313
67776757,1272,832,916,70,0,67776757,1.123185076272744
67790750,1216,775,889,70,0,67790750,1.123185076272744
67801921,1242,790,920,70,0,67801921,1.123185076272744
67813464,1256,816,924,70,0,67813464,1.123185076272744
67827989,1288,876,925,70,0,67827989,1.123185076272744
67839616,1316,859,928,70,0,67839616,1.123185076272744
67852159,1276,872,852,70,0,67852159,1.123185076272744
67862824,1244,841,912,70,0,67862824,1.123185076272744
67875539,1208,784,878,70,0,67875539,1.123185076272744
67888797,1208,784,929,70,0,67888797,1.123185076272744
67899033,1161,811,930,70,0,67899033,1.123185076272744
67911344,1197,798,932,70,0,67911344,1.123185076272744
67925942,1227,786,876,70,0,67925942,1.123185076272744
67941554,1201,796,925,70,0,67941554,1.123185076272744
67955391,1271,810,924,70,0,67955391,1.123185076272744
67966896,1276,823,863,70,0,67966896,1.123185076272744
67981142,1276,849,799,70,0,67981142,1.123185076272744
67994874,1288,850,931,70,0,67994874,1.123185076272744
68012038,1230,784,918,70,0,68012038,1.123185076272744
68024288,1218,752,889,70,0,68024288,1.123185076272744
68036811,1225,810,927,70,0,68036811,1.123185076272744
68051741,1254,857,922,70,0,68051741,1.123185076272744
68062782,1294,886,926,70,0,68062782,1.123185076272744
68078356,1268,836,921,70,0,68078356,1.123185076272744
68090388,1246,829,924,70,0,68090388,1.123185076272744
68102324,1253,809,924,70,0,68102324,1.123185076272744
68112392,1256,856,928,70,0,68112392,1.123185076272744
68125766,1341,886,941,70,0,68125766,1.123185076272744
68137978,1290,838,934,70,0,68137978,1.123185076272744
68153802,1238,806,898,70,0,68153802,1.123185076272744
68167001,1253,827,933,70,0,68167001,1.123185076272744
68180280,1285,821,928,70,0,68180280,1.123185076272744
68194400,1253,922,911,70,0,68194400,1.123185076272744
68205275,1278,827,923,70,0,68205275,1.123185076272744
68216541,1244,833,900,70,0,68216541,1.123185076272744
68228641,1188,849,908,70,0,68228641,1.123185076272744
68240158,1219,848,909,70,0,68240158,1.123185076272744
68255620,429,865,917,70,0,68255620,1.123185076272744
68266013,1256,859,913,70,0,68266013,1.123185076272744
68281838,1229,822,926,70,0,68281838,1.123185076272744
68298881,1187,808,874,70,0,68298881,1.123185076272744
68311358,1211,828,913,70,0,68311358,1.123185076272744
68326294,1243,795,888,70,0,68326294,1.123185076272744
68341890,1299,857,940,70,0,68341890,1.123185076272744
68357753,1258,857,929,70,0,68357753,1.123185076272744
68372981,1243,813,926,70,0,68372981,1.123185076272744
68384761,1232,787,930,70,0,68384761,1.123185076272744
68398490,1221,880,888,70,0,68398490,1.123185076272744
68410144,1236,891,949,70,0,68410144,1.123185076272744
68421687,1206,809,913,70,0,68421687,1.123185076272744
68434813,1225,820,901,70,0,68434813,1.123185076272744
68447116,1161,842,939,70,0,68447116,1.123185076272744
68459671,1170,778,918,70,0,68459671,1.123185076272744
68471647,1130,799,901,70,0,68471647,1.123185076272744
68485056,1221,794,853,70,0,68485056,1.123185076272744
68497002,1252,804,927,70,0,68497002,1.123185076272744
68508826,1199,770,929,70,0,68508826,1.123185076272744
68521170,1181,846,918,70,0,68521170,1.123185076272744
68533077,1240,853,817,70,0,68533077,1.123185076272744
68546230,1260,835,924,70,0,68546230,1.123185076272744
68559662,1239,770,923,70,0,68559662,1.123185076272744
68571815,1199,798,921,70,0,68571815,1.123185076272744
68581883,1172,797,866,70,0,68581883,1.123185076272744
68595377,1229,780,925,70,0,68595377,1.123185076272744
68605810,1267,821,933,70,0,68605810,1.123185076272744
68622213,1286,848,931,70,0,68622213,1.123185076272744
68635213,1274,820,913,70,0,68635213,1.123185076272744
68646745,1255,793,930,70,0,68646745,1.123185076272744
68660423,1198,786,925,70,0,68660423,1.123185076272744
68671770,1221,814,923,70,0,68671770,1.123185076272744
68685234,1241,802,933,70,0,68685234,1.123185076272744
68696493,1270,819,866,70,0,68696493,1.123185076272744
68708931,1263,805,921,70,0,68708931,1.123185076272744
68720802,1230,790,922,70,0,68720802,1.123185076272744
68735825,1280,817,930,70,0,68735825,1.123185076272744
68747912,1250,803,914,70,0,68747912,1.123185076272744
68761333,1241,748,921,70,0,68761333,1.123185076272744
68772322,1246,754,867,70,0,68772322,1.123185076272744
68783888,1222,790,898,70,0,68783888,1.123185076272744
68799432,1254,798,913,70,0,68799432,1.123185076272744
68814160,1258,861,927,70,0,68814160,1.123185076272744
68827253,1283,861,929,70,0,68827253,1.123185076272744
68839641,1260,827,906,70,0,68839641,1.123185076272744
68851249,1250,784,923,70,0,68851249,1.123185076272744
68866197,1238,814,917,70,0,68866197,1.123185076272744
68878604,1261,824,914,70,0,68878604,1.123185076272744
68893001,1285,863,928,70,0,68893001,1.123185076272744
68909683,1286,866,827,70,0,68909683,1.123185076272744
68922139,1212,814,923,70,0,68922139,1.123185076272744
68934372,1214,812,934,70,0,68934372,1.123185076272744
68945018,1203,809,923,70,0,68945018,1.123185076272744
68959415,1225,853,924,70,0,68959415,1.123185076272744
68971070,1226,848,907,70,0,68971070,1.123185076272744
68982690,1272,857,905,70,0,68982690,1.123185076272744
69000166,1128,778,932,70,0,69000166,1.123185076272744
69012563,1110,749,924,70,0,69012563,1.123185076272744
69025179,1203,796,910,70,0,69025179,1.123185076272744
69036925,1199,792,881,70,0,69036925,1.123185076272744
69048606,1239,816,909,70,0,69048606,1.123185076272744
69061410,1235,778,915,70,0,69061410,1.123185076272744
69074395,1144,800,932,70,0,69074395,1.123185076272744
69085990,1206,818,920,70,0,69085990,1.123185076272744
69100445,1139,788,909,70,0,69100445,1.123185076272744
69109890,1178,844,938,70,0,69109890,1.123185076272744
69121026,1229,833,932,70,0,69121026,1.123185076272744
69135012,1243,794,931,70,0,69135012,1.123185076272744
69146018,1180,784,920,70,0,69146018,1.123185076272744
69158190,1257,768,927,70,0,69158190,1.123185076272744
69168595,1269,834,928,70,0,69168595,1.123185076272744
69180249,1249,842,914,70,0,69180249,1.123185076272744
69192624,1232,806,929,70,0,69192624,1.123185076272744
69204864,1201,776,895,70,0,69204864,1.123185076272744
69217835,1198,795,921,70,0,69217835,1.123185076272744
69229791,1210,844,929,70,0,69229791,1.123185076272744
69245813,1265,801,914,70,0,69245813,1.123185076272744
69258930,1253,785,938,70,0,69258930,1.123185076272744
69274925,1132,792,872,70,0,69274925,1.123185076272744
69285997,1210,835,920,70,0,69285997,1.123185076272744
69300184,1281,844,927,70,0,69300184,1.123185076272744
69313444,1280,833,932,70,0,69313444,1.123185076272744
69324975,1307,820,925,70,0,69324975,1.123185076272744
69339167,1307,849,897,70,0,69339167,1.123185076272744
69351063,1215,836,832,70,0,69351063,1.123185076272744
69362745,1218,797,942,70,0,69362745,1.123185076272744
69377015,1219,845,884,70,0,69377015,1.123185076272744
69389002,1284,889,939,70,0,69389002,1.123185076272744
69401572,1310,908,953,70,0,69401572,1.123185076272744
69413730,1243,795,928,70,0,69413730,1.123185076272744
69424702,1258,870,929,70,0,69424702,1.123185076272744
69437563,1281,795,931,70,0,69437563,1.123185076272744
69448634,1238,844,940,70,0,69448634,1.123185076272744
69459597,1250,935,939,70,0,69459597,1.123185076272744
69473773,1229,806,907,70,0,69473773,1.123185076272744
69486729,1177,830,934,70,0,69486729,1.123185076272744
69495987,1139,763,921,70,0,69495987,1.123185076272744
69509649,1117,733,905,70,0,69509649,1.123185076272744
69520750,1130,778,907,70,0,69520750,1.123185076272744
69531694,1213,779,905,70,0,69531694,1.123185076272744
69543860,1222,805,890,70,0,69543860,1.123185076272744
69555904,1226,797,844,70,0,69555904,1.123185076272744
69568569,1246,833,912,70,0,69568569,1.123185076272744
69580331,1209,802,927,70,0,69580331,1.123185076272744
69591174,1202,811,930,70,0,69591174,1.123185076272744
69602542,1253,793,915,70,0,69602542,1.123185076272744
69617917,1219,785,922,70,0,69617917,1.123185076272744
69628652,1173,752,916,70,0,69628652,1.123185076272744
69640431,1179,809,915,70,0,69640431,1.123185076272744
69655206,1274,837,939,70,0,69655206,1.123185076272744
69669895,1272,805,918,70,0,69669895,1.123185076272744
69682318,1305,811,926,70,0,69682318,1.123185076272744
69695983,1258,844,945,70,0,69695983,1.123185076272744
69706308,1214,809,917,70,0,69706308,1.123185076272744
69716678,1213,787,900,70,0,69716678,1.123185076272744
69727515,1232,838,916,70,0,69727515,1.123185076272744
69740369,1316,864,939,70,0,69740369,1.123185076272744
69756584,1276,819,925,70,0,69756584,1.123185076272744
69776593,1177,761,910,70,0,69776593,1.123185076272744
69788482,1136,761,928,70,0,69788482,1.123185076272744
69799347,1162,751,911,70,0,69799347,1.123185076272744
69811444,1220,762,919,70,0,69811444,1.123185076272744
69822434,1253,774,897,70,0,69822434,1.123185076272744
69835637,1220,811,938,70,0,69835637,1.123185076272744
69846550,1217,810,931,70,0,69846550,1.123185076272744
69859276,1272,801,916,70,0,69859276,1.123185076272744
69872501,1230,857,929,70,0,69872501,1.123185076272744
69884076,1272,814,910,70,0,69884076,1.123185076272744
69896839,1213,798,926,70,0,69896839,1.123185076272744
69908491,1165,768,925,70,0,69908491,1.123185076272744
69920736,1202,785,942,70,0,69920736,1.123185076272744
69932642,1243,827,925,70,0,69932642,1.123185076272744
69944011,1224,881,924,70,0,69944011,1.123185076272744
69954849,1261,812,926,70,0,69954849,1.123185076272744
69965156,1204,784,914,70,0,69965156,1.123185076272744
69978237,1181,775,914,70,0,69978237,1.123185076272744
69989960,1229,802,930,70,0,69989960,1.123185076272744
70002033,1254,783,934,70,0,70002033,1.123185076272744
70013234,1227,823,881,70,0,70013234,1.123185076272744
70024611,1291,826,920,70,0,70024611,1.123185076272744
70036629,1218,857,936,70,0,70036629,1.123185076272744
70048708,1198,804,901,70,0,70048708,1.123185076272744
70062299,1153,737,917,70,0,70062299,1.123185076272744
70075617,1106,783,923,70,0,70075617,1.123185076272744
70091155,1204,777,934,70,0,70091155,1.123185076272744
70104684,1104,730,904,70,0,70104684,1.123185076272744
70114945,1074,732,904,70,0,70114945,1.123185076272744
70125381,1128,748,916,70,0,70125381,1.123185076272744
70138359,1229,830,932,70,0,70138359,1.123185076272744
70149469,1218,878,928,70,0,70149469,1.123185076272744
70162273,1248,790,900,70,0,70162273,1.123185076272744
70173165,1238,820,889,70,0,70173165,1.123185076272744
70185209,1120,738,893,70,0,70185209,1.123185076272744
70198711,1138,726,858,70,0,70198711,1.123185076272744
70209613,1160,771,909,70,0,70209613,1.123185076272744
70223998,1251,810,924,70,0,70223998,1.123185076272744
70237551,1206,785,915,70,0,70237551,1.123185076272744
70248088,1178,786,870,70,0,70248088,1.123185076272744
70260095,1198,750,910,70,0,70260095,1.123185076272744
70274369,1285,803,926,70,0,70274369,1.123185076272744
70284787,1299,787,918,70,0,70284787,1.123185076272744
70297296,1288,777,882,70,0,70297296,1.123185076272744
70308675,1269,782,848,70,0,70308675,1.123185076272744
70321622,1208,772,933,70,0,70321622,1.123185076272744
70331633,1190,792,922,70,0,70331633,1.123185076272744
70342146,1189,766,905,70,0,70342146,1.123185076272744
70353585,1179,759,928,70,0,70353585,1.123185076272744
70363965,1184,579,912,70,0,70363965,1.123185076272744
70376803,1209,750,917,70,0,70376803,1.123185076272744
70387250,1169,766,898,70,0,70387250,1.123185076272744
70400665,1137,737,910,70,0,70400665,1.123185076272744
70413844,1241,803,924,70,0,70413844,1.123185076272744
70424482,1276,774,913,70,0,70424482,1.123185076272744
70436371,1274,840,917,70,0,70436371,1.123185076272744
70451974,1227,806,913,70,0,70451974,1.123185076272744
70461928,1176,764,883,70,0,70461928,1.123185076272744
70472696,1203,763,872,70,0,70472696,1.123185076272744
70483395,1230,788,909,70,0,70483395,1.123185076272744
70494415,1244,815,932,70,0,70494415,1.123185076272744
70509750,1233,778,914,70,0,70509750,1.123185076272744
70520757,1176,772,901,70,0,70520757,1.123185076272744
70532934,1196,740,837,70,0,70532934,1.123185076272744
70543113,1230,787,924,70,0,70543113,1.123185076272744
70555289,1231,802,912,70,0,70555289,1.123185076272744
70568420,1257,835,930,70,0,70568420,1.123185076272744
70581197,1241,788,920,70,0,70581197,1.123185076272744
70593821,1204,776,922,70,0,70593821,1.123185076272744
70604324,1177,764,891,70,0,70604324,1.123185076272744
70615859,1153,790,923,70,0,70615859,1.123185076272744
70625912,1146,794,923,70,0,70625912,1.123185076272744
70637832,1220,820,921,70,0,70637832,1.123185076272744
70649957,1161,758,917,70,0,70649957,1.123185076272744
70663143,1174,748,930,70,0,70663143,1.123185076272744
70679359,1178,750,893,70,0,70679359,1.123185076272744
70689409,1226,787,917,70,0,70689409,1.123185076272744
70702906,1255,826,881,70,0,70702906,1.123185076272744
70715645,1302,811,924,70,0,70715645,1.123185076272744
70726839,1212,780,936,70,0,70726839,1.123185076272744
70737613,1154,779,915,70,0,70737613,1.123185076272744
70748534,1181,730,886,70,0,70748534,1.123185076272744
70760170,1227,917,928,70,0,70760170,1.123185076272744
70772698,1235,798,933,70,0,70772698,1.123185076272744
70783822,1282,865,923,70,0,70783822,1.123185076272744
70795105,1277,798,906,70,0,70795105,1.123185076272744
70808264,1246,773,834,70,0,70808264,1.123185076272744
70819981,1286,784,917,70,0,70819981,1.123185076272744
70832430,1248,795,936,70,0,70832430,1.123185076272744
70845774,1197,823,922,70,0,70845774,1.123185076272744
70858150,1218,761,917,70,0,70858150,1.123185076272744
70869445,1225,784,913,70,0,70869445,1.123185076272744
70882345,1210,737,918,70,0,70882345,1.123185076272744
70893338,1232,746,888,70,0,70893338,1.123185076272744
70908441,1280,800,928,70,0,70908441,1.123185076272744
70919282,1310,815,921,70,0,70919282,1.123185076272744
70932282,1259,737,886,70,0,70932282,1.123185076272744
70942940,1242,752,904,70,0,70942940,1.123185076272744
70956458,1196,777,923,70,0,70956458,1.123185076272744
70966128,1236,778,912,70,0,70966128,1.123185076272744
70977931,1266,798,909,70,0,70977931,1.123185076272744
70989749,1276,792,930,70,0,70989749,1.123185076272744
71005756,1217,675,945,70,0,71005756,1.123185076272744
71020661,1264,757,885,70,0,71020661,1.123185076272744
71033058,1228,794,927,70,0,71033058,1.123185076272744
71045393,1260,789,922,70,0,71045393,1.123185076272744
71059081,1272,816,892,70,0,71059081,1.123185076272744
71072046,1309,778,923,70,0,71072046,1.123185076272744
71087406,1240,806,924,70,0,71087406,1.123185076272744
71102020,1256,786,928,70,0,71102020,1.123185076272744
71115230,1259,813,922,70,0,71115230,1.123185076272744
71126731,1256,804,912,70,0,71126731,1.123185076272744
71138158,1082,782,922,70,0,71138158,1.123185076272744
71150345,1219,780,900,70,0,71150345,1.123185076272744
71161070,1259,797,914,70,0,71161070,1.123185076272744
71172729,1242,810,916,70,0,71172729,1.123185076272744
71187829,1259,824,930,70,0,71187829,1.123185076272744
71199591,1268,817,921,70,0,71199591,1.123185076272744
71216084,1238,782,922,70,0,71216084,1.123185076272744
71226253,1201,774,924,70,0,71226253,1.123185076272744
71236188,1230,809,928,70,0,71236188,1.123185076272744
71254579,1313,813,937,70,0,71254579,1.123185076272744
553152,1024,513,8,71,0,553152,1.145653372541812
71283539,1268,817,941,71,0,71283539,1.145653372541812
71293346,1262,786,932,71,0,71293346,1.145653372541812
71307307,1244,793,886,71,0,71307307,1.145653372541812
71320985,1310,842,899,71,0,71320985,1.145653372541812
71333638,1329,857,927,71,0,71333638,1.145653372541812
71345735,1325,827,916,71,0,71345735,1.145653372541812
71357714,1285,827,926,71,0,71357714,1.145653372541812
71370610,1269,777,852,71,0,71370610,1.145653372541812
71384524,1299,778,930,71,0,71384524,1.145653372541812
71397911,1329,817,891,71,0,71397911,1.145653372541812
71408307,1294,820,918,71,0,71408307,1.145653372541812
71429504,1256,805,924,71,0,71429504,1.145653372541812
71442520,1178,780,936,71,0,71442520,1.145653372541812
71455246,1262,810,913,71,0,71455246,1.145653372541812
71468217,1242,853,929,71,0,71468217,1.145653372541812
71479074,1235,849,928,71,0,71479074,1.145653372541812
71489665,1265,853,921,71,0,71489665,1.145653372541812
71500290,1240,770,920,71,0,71500290,1.145653372541812
71513419,1144,768,904,71,0,71513419,1.145653372541812
71527210,1212,814,861,71,0,71527210,1.145653372541812
71540237,1242,824,916,71,0,71540237,1.145653372541812
71553521,1241,837,901,71,0,71553521,1.145653372541812
71565220,1241,882,892,71,0,71565220,1.145653372541812
71575126,1179,819,929,71,0,71575126,1.145653372541812
71588033,1186,778,920,71,0,71588033,1.145653372541812
71598398,1170,778,909,71,0,71598398,1.145653372541812
71610319,1204,805,924,71,0,71610319,1.145653372541812
71621756,1259,815,909,71,0,71621756,1.145653372541812
71634777,1314,872,923,71,0,71634777,1.145653372541812
71645885,1302,817,862,71,0,71645885,1.145653372541812
71657964,1232,752,917,71,0,71657964,1.145653372541812
71673291,1208,760,902,71,0,71673291,1.145653372541812
71685022,1196,779,917,71,0,71685022,1.145653372541812
71696644,1289,856,933,71,0,71696644,1.145653372541812
71707228,1312,834,930,71,0,71707228,1.145653372541812
71720369,1237,800,924,71,0,71720369,1.145653372541812
71731217,1203,770,913,71,0,71731217,1.145653372541812
71743855,1211,770,868,71,0,71743855,1.145653372541812
71756054,1246,799,928,71,0,71756054,1.145653372541812
71768550,1276,802,926,71,0,71768550,1.145653372541812
71781922,1350,822,909,71,0,71781922,1.145653372541812
71796801,1276,776,932,71,0,71796801,1.145653372541812
71809409,1288,806,901,71,0,71809409,1.145653372541812
71820309,1305,846,932,71,0,71820309,1.145653372541812
71833679,1321,857,871,71,0,71833679,1.145653372541812
71845294,1353,857,916,71,0,71845294,1.145653372541812
71857809,1317,859,918,71,0,71857809,1.145653372541812
71870794,1321,836,925,71,0,71870794,1.145653372541812
71882197,1265,891,926,71,0,71882197,1.145653372541812
71893818,1202,863,938,71,0,71893818,1.145653372541812
71905610,1183,853,953,71,0,71905610,1.145653372541812
71918115,1225,825,940,71,0,71918115,1.145653372541812
71933313,1180,804,902,71,0,71933313,1.145653372541812
71946403,1126,878,942,71,0,71946403,1.145653372541812
71958535,1126,772,932,71,0,71958535,1.145653372541812
71970360,1196,849,933,71,0,71970360,1.145653372541812
71982330,1272,826,917,71,0,71982330,1.145653372541812
71993462,1288,836,875,71,0,71993462,1.145653372541812
72008278,1259,850,933,71,0,72008278,1.145653372541812
72021738,1176,779,918,71,0,72021738,1.145653372541812
72034112,1230,806,885,71,0,72034112,1.145653372541812
72050424,1214,912,938,71,0,72050424,1.145653372541812
72061527,1181,802,877,71,0,72061527,1.145653372541812
72075455,1196,802,923,71,0,72075455,1.145653372541812
72086591,1198,828,931,71,0,72086591,1.145653372541812
72099750,1192,796,938,71,0,72099750,1.145653372541812
72114579,1254,842,944,71,0,72114579,1.145653372541812
72125011,1220,838,921,71,0,72125011,1.145653372541812
72137350,1297,830,912,71,0,72137350,1.145653372541812
72148517,1251,856,878,71,0,72148517,1.145653372541812
72163267,1210,829,917,71,0,72163267,1.145653372541812
72173337,1184,782,907,71,0,72173337,1.145653372541812
72185463,1122,825,888,71,0,72185463,1.145653372541812
72200617,1153,796,925,71,0,72200617,1.145653372541812
72214763,1209,900,912,71,0,72214763,1.145653372541812
72226191,1267,886,938,71,0,72226191,1.145653372541812
72237821,1200,821,925,71,0,72237821,1.145653372541812
72252702,1186,805,916,71,0,72252702,1.145653372541812
72265405,1254,843,925,71,0,72265405,1.145653372541812
72277766,1237,862,913,71,0,72277766,1.145653372541812
72291086,1250,854,864,71,0,72291086,1.145653372541812
72305156,1233,860,933,71,0,72305156,1.145653372541812
72320360,1171,830,916,71,0,72320360,1.145653372541812
72339208,1152,773,917,71,0,72339208,1.145653372541812
72350985,1166,835,898,71,0,72350985,1.145653372541812
72361486,1228,819,917,71,0,72361486,1.145653372541812
72370704,1213,754,912,71,0,72370704,1.145653372541812
72380732,1193,821,929,71,0,72380732,1.145653372541812
72391664,1204,817,849,71,0,72391664,1.145653372541812
72403722,1224,846,923,71,0,72403722,1.145653372541812
72416925,1226,887,853,71,0,72416925,1.145653372541812
72428034,1291,844,925,71,0,72428034,1.145653372541812
72440507,1222,811,872,71,0,72440507,1.145653372541812
72458255,1150,773,698,71,0,72458255,1.145653372541812
72470840,1134,820,957,71,0,72470840,1.145653372541812
72483616,1168,817,891,71,0,72483616,1.145653372541812
72497848,1211,880,945,71,0,72497848,1.145653372541812
72508717,1277,785,930,71,0,72508717,1.145653372541812
72520379,1243,741,915,71,0,72520379,1.145653372541812
72532699,1102,776,912,71,0,72532699,1.145653372541812
72544474,1021,788,913,71,0,72544474,1.145653372541812
72555748,1049,732,892,71,0,72555748,1.145653372541812
72567705,1184,779,921,71,0,72567705,1.145653372541812
72577480,1203,816,934,71,0,72577480,1.145653372541812
72588828,1729,728,915,71,0,72588828,1.145653372541812
72601161,1328,807,923,71,0,72601161,1.145653372541812
72613107,1248,844,786,71,0,72613107,1.145653372541812
72624279,1218,849,890,71,0,72624279,1.145653372541812
72635877,1220,880,876,71,0,72635877,1.145653372541812
72649862,1248,865,928,71,0,72649862,1.145653372541812
72663807,1193,854,917,71,0,72663807,1.145653372541812
72674820,1173,844,920,71,0,72674820,1.145653372541812
72687569,1166,846,934,71,0,72687569,1.145653372541812
72702173,1149,828,902,71,0,72702173,1.145653372541812
72715407,1137,768,907,71,0,72715407,1.145653372541812
72728514,1228,864,912,71,0,72728514,1.145653372541812
72739502,1245,745,825,71,0,72739502,1.145653372541812
72751647,1166,741,910,71,0,72751647,1.145653372541812
72764534,1120,731,882,71,0,72764534,1.145653372541812
72776006,1161,806,908,71,0,72776006,1.145653372541812
72789871,1251,796,917,71,0,72789871,1.145653372541812
72802030,1267,865,930,71,0,72802030,1.145653372541812
72815476,1217,885,512,71,0,72815476,1.145653372541812
72825835,1267,813,905,71,0,72825835,1.145653372541812
72838495,1260,796,904,71,0,72838495,1.145653372541812
72851901,1340,867,930,71,0,72851901,1.145653372541812
72863080,1359,872,912,71,0,72863080,1.145653372541812
72878446,1362,900,934,71,0,72878446,1.145653372541812
72890913,1333,929,950,71,0,72890913,1.145653372541812
72902758,1321,885,930,71,0,72902758,1.145653372541812
72914764,1305,865,934,71,0,72914764,1.145653372541812
72927972,1322,899,920,71,0,72927972,1.145653372541812
72940428,1288,908,936,71,0,72940428,1.145653372541812
72959667,1301,874,936,71,0,72959667,1.145653372541812
72971353,1202,818,933,71,0,72971353,1.145653372541812
72987527,1174,806,930,71,0,72987527,1.145653372541812
72997778,1235,857,829,71,0,72997778,1.145653372541812
73008758,1252,819,934,71,0,73008758,1.145653372541812
73019490,1305,860,906,71,0,73019490,1.145653372541812
73034386,1266,862,910,71,0,73034386,1.145653372541812
73047311,1205,830,886,71,0,73047311,1.145653372541812
73060062,1220,857,933,71,0,73060062,1.145653372541812
73073806,1253,870,939,71,0,73073806,1.145653372541812
73089229,1378,838,925,71,0,73089229,1.145653372541812
73100575,1219,845,926,71,0,73100575,1.145653372541812
73114478,1161,823,920,71,0,73114478,1.145653372541812
73126714,1219,818,872,71,0,73126714,1.145653372541812
73137945,1208,811,931,71,0,73137945,1.145653372541812
73150088,1237,841,926,71,0,73150088,1.145653372541812
73160884,1235,830,880,71,0,73160884,1.145653372541812
73175157,1200,784,848,71,0,73175157,1.145653372541812
73185264,1168,814,891,71,0,73185264,1.145653372541812
73199886,1138,805,924,71,0,73199886,1.145653372541812
73211781,1146,775,924,71,0,73211781,1.145653372541812
73224319,1172,794,898,71,0,73224319,1.145653372541812
73236625,1219,812,922,71,0,73236625,1.145653372541812
73252605,1291,795,928,71,0,73252605,1.145653372541812
73263268,1219,784,894,71,0,73263268,1.145653372541812
73276322,1182,781,906,71,0,73276322,1.145653372541812
73287310,1235,821,920,71,0,73287310,1.145653372541812
73307590,1247,868,877,71,0,73307590,1.145653372541812
73317187,1264,802,888,71,0,73317187,1.145653372541812
73332354,1196,769,926,71,0,73332354,1.145653372541812
73344472,1253,794,896,71,0,73344472,1.145653372541812
73360192,1245,872,869,71,0,73360192,1.145653372541812
73379087,1277,863,916,71,0,73379087,1.145653372541812
73394592,1300,813,925,71,0,73394592,1.145653372541812
73404975,1255,766,914,71,0,73404975,1.145653372541812
73418969,1267,793,902,71,0,73418969,1.145653372541812
73429912,1267,812,921,71,0,73429912,1.145653372541812
73441783,1309,848,932,71,0,73441783,1.145653372541812
73452148,1309,826,929,71,0,73452148,1.145653372541812
73465215,1270,852,928,71,0,73465215,1.145653372541812
73477850,1244,797,806,71,0,73477850,1.145653372541812
73490515,1189,781,921,71,0,73490515,1.145653372541812
73504526,1230,840,924,71,0,73504526,1.145653372541812
73518017,1305,810,935,71,0,73518017,1.145653372541812
73528313,1314,834,908,71,0,73528313,1.145653372541812
73543405,1291,887,947,71,0,73543405,1.145653372541812
73556391,1220,841,923,71,0,73556391,1.145653372541812
73567742,1128,798,913,71,0,73567742,1.145653372541812
73580686,1172,883,908,71,0,73580686,1.145653372541812
73593900,1209,890,924,71,0,73593900,1.145653372541812
73606101,1237,806,883,71,0,73606101,1.145653372541812
73616972,1209,677,922,71,0,73616972,1.145653372541812
73626892,1198,797,914,71,0,73626892,1.145653372541812
73637813,1237,875,944,71,0,73637813,1.145653372541812
73650488,1243,864,916,71,0,73650488,1.145653372541812
73661441,1250,846,866,71,0,73661441,1.145653372541812
73674543,1262,813,924,71,0,73674543,1.145653372541812
73688941,1194,810,902,71,0,73688941,1.145653372541812
73702007,1216,835,917,71,0,73702007,1.145653372541812
73715296,1213,818,928,71,0,73715296,1.145653372541812
73725714,1295,841,931,71,0,73725714,1.145653372541812
73738051,1297,843,929,71,0,73738051,1.145653372541812
73751198,1268,829,930,71,0,73751198,1.145653372541812
73762362,1229,796,908,71,0,73762362,1.145653372541812
73794384,1260,833,928,72,0,73794384,1.1575078110641426
73805284,1237,812,885,72,0,73805284,1.1575078110641426
73816727,1269,860,934,72,0,73816727,1.1575078110641426
73829927,1205,786,904,72,0,73829927,1.1575078110641426
73844198,1157,784,931,72,0,73844198,1.1575078110641426
73855280,1209,820,920,72,0,73855280,1.1575078110641426
73867416,1262,860,922,72,0,73867416,1.1575078110641426
73878611,1274,892,937,72,0,73878611,1.1575078110641426
73890377,1268,845,913,72,0,73890377,1.1575078110641426
73902067,1209,835,940,72,0,73902067,1.1575078110641426
73913439,1200,816,936,72,0,73913439,1.1575078110641426
73927247,1217,834,924,72,0,73927247,1.1575078110641426
73941238,1193,844,924,72,0,73941238,1.1575078110641426
73956012,1222,832,929,72,0,73956012,1.1575078110641426
73970130,1232,824,937,72,0,73970130,1.1575078110641426
73981373,1233,846,931,72,0,73981373,1.1575078110641426
73993271,1224,851,930,72,0,73993271,1.1575078110641426
74012555,1268,834,928,72,0,74012555,1.1575078110641426
74026329,1254,854,926,72,0,74026329,1.1575078110641426
74038211,1290,818,926,72,0,74038211,1.1575078110641426
74048044,1217,795,925,72,0,74048044,1.1575078110641426
74060705,1185,787,816,72,0,74060705,1.1575078110641426
74073517,1165,816,928,72,0,74073517,1.1575078110641426
74087040,1199,845,936,72,0,74087040,1.1575078110641426
74098708,1258,853,929,72,0,74098708,1.1575078110641426
74110148,1206,772,926,72,0,74110148,1.1575078110641426
74126890,1117,794,915,72,0,74126890,1.1575078110641426
74141755,1215,823,930,72,0,74141755,1.1575078110641426
74152450,1272,819,921,72,0,74152450,1.1575078110641426
74165106,1259,822,922,72,0,74165106,1.1575078110641426
74179069,1238,810,924,72,0,74179069,1.1575078110641426
74195486,1165,778,914,72,0,74195486,1.1575078110641426
74208191,1194,806,930,72,0,74208191,1.1575078110641426
74220631,1254,846,936,72,0,74220631,1.1575078110641426
74231376,1263,856,916,72,0,74231376,1.1575078110641426
74244928,1307,857,930,72,0,74244928,1.1575078110641426
74256889,1267,830,921,72,0,74256889,1.1575078110641426
74268676,1283,809,784,72,0,74268676,1.1575078110641426
74282019,1302,825,944,72,0,74282019,1.1575078110641426
74293945,1288,842,936,72,0,74293945,1.1575078110641426
74307360,1277,857,919,72,0,74307360,1.1575078110641426
74317840,1293,833,923,72,0,74317840,1.1575078110641426
74334646,1240,773,920,72,0,74334646,1.1575078110641426
74348167,1189,803,924,72,0,74348167,1.1575078110641426
74362365,1194,829,924,72,0,74362365,1.1575078110641426
74372666,1245,842,918,72,0,74372666,1.1575078110641426
74384050,1301,834,929,72,0,74384050,1.1575078110641426
74394790,1236,817,926,72,0,74394790,1.1575078110641426
74407765,755,793,911,72,0,74407765,1.1575078110641426
74419748,1220,813,893,72,0,74419748,1.1575078110641426
74433744,1277,838,922,72,0,74433744,1.1575078110641426
74449228,1307,842,939,72,0,74449228,1.1575078110641426
74461570,1280,844,937,72,0,74461570,1.1575078110641426
74473458,1248,800,925,72,0,74473458,1.1575078110641426
74490411,1234,830,927,72,0,74490411,1.1575078110641426
74501831,1253,867,932,72,0,74501831,1.1575078110641426
74511856,1266,833,928,72,0,74511856,1.1575078110641426
74526430,1235,860,934,72,0,74526430,1.1575078110641426
74537147,1199,810,928,72,0,74537147,1.1575078110641426
74548167,1156,877,855,72,0,74548167,1.1575078110641426
74561055,1166,838,923,72,0,74561055,1.1575078110641426
74574000,1203,883,932,72,0,74574000,1.1575078110641426
74587454,1189,854,932,72,0,74587454,1.1575078110641426
74604162,1227,781,921,72,0,74604162,1.1575078110641426
74613980,1160,806,915,72,0,74613980,1.1575078110641426
74627179,1139,809,916,72,0,74627179,1.1575078110641426
74645925,1149,818,914,72,0,74645925,1.1575078110641426
74658690,1183,811,926,72,0,74658690,1.1575078110641426
74671686,1224,735,866,72,0,74671686,1.1575078110641426
74684760,1129,734,881,72,0,74684760,1.1575078110641426
74696824,1071,713,892,72,0,74696824,1.1575078110641426
74706766,1138,747,910,72,0,74706766,1.1575078110641426
74719957,1242,830,922,72,0,74719957,1.1575078110641426
74731857,1239,791,914,72,0,74731857,1.1575078110641426
74743919,1255,749,906,72,0,74743919,1.1575078110641426
74756380,1227,873,927,72,0,74756380,1.1575078110641426
74769353,1196,765,859,72,0,74769353,1.1575078110641426
74784534,1225,754,924,72,0,74784534,1.1575078110641426
74798416,1242,857,929,72,0,74798416,1.1575078110641426
74812892,1270,794,908,72,0,74812892,1.1575078110641426
74826015,1267,749,910,72,0,74826015,1.1575078110641426
74836598,1240,786,910,72,0,74836598,1.1575078110641426
74849507,1213,792,928,72,0,74849507,1.1575078110641426
74862306,1278,780,906,72,0,74862306,1.1575078110641426
74873809,1313,847,914,72,0,74873809,1.1575078110641426
74885637,1273,776,915,72,0,74885637,1.1575078110641426
74897574,1214,788,924,72,0,74897574,1.1575078110641426
74910553,1223,771,923,72,0,74910553,1.1575078110641426
74921291,1214,794,910,72,0,74921291,1.1575078110641426
74932409,1250,835,918,72,0,74932409,1.1575078110641426
74943383,1334,852,942,72,0,74943383,1.1575078110641426
74954768,1220,805,939,72,0,74954768,1.1575078110641426
74965679,1180,825,919,72,0,74965679,1.1575078110641426
74977053,1169,760,922,72,0,74977053,1.1575078110641426
74993604,1224,893,949,72,0,74993604,1.1575078110641426
75004077,1274,820,936,72,0,75004077,1.1575078110641426
75015852,1269,824,931,72,0,75015852,1.1575078110641426
75031790,1225,837,928,72,0,75031790,1.1575078110641426
75043865,1238,832,858,72,0,75043865,1.1575078110641426
75055132,1185,808,868,72,0,75055132,1.1575078110641426
75067326,1139,787,926,72,0,75067326,1.1575078110641426
75079033,1256,784,925,72,0,75079033,1.1575078110641426
75091102,1218,734,914,72,0,75091102,1.1575078110641426
75103540,1193,793,864,72,0,75103540,1.1575078110641426
75117259,1157,744,923,72,0,75117259,1.1575078110641426
75129855,1232,755,920,72,0,75129855,1.1575078110641426
75143266,1252,811,921,72,0,75143266,1.1575078110641426
75158054,1248,793,913,72,0,75158054,1.1575078110641426
75169674,1233,782,896,72,0,75169674,1.1575078110641426
75182839,1155,769,923,72,0,75182839,1.1575078110641426
75196179,1142,752,906,72,0,75196179,1.1575078110641426
75216368,1228,762,920,72,0,75216368,1.1575078110641426
75227707,1214,746,932,72,0,75227707,1.1575078110641426
75243749,1196,758,905,72,0,75243749,1.1575078110641426
75260736,1241,802,920,72,0,75260736,1.1575078110641426
75273856,1153,844,930,72,0,75273856,1.1575078110641426
75284881,1309,830,917,72,0,75284881,1.1575078110641426
75297391,1268,776,922,72,0,75297391,1.1575078110641426
75308681,1211,787,897,72,0,75308681,1.1575078110641426
75321649,1178,770,911,72,0,75321649,1.1575078110641426
75335754,1236,845,940,72,0,75335754,1.1575078110641426
572256,1025,524,524,73,0,572256,1.1255283955155302
75361601,1241,793,929,73,0,75361601,1.1255283955155302
75377794,1207,798,908,73,0,75377794,1.1255283955155302
75389482,1158,761,908,73,0,75389482,1.1255283955155302
75402493,1193,771,916,73,0,75402493,1.1255283955155302
75419181,1272,841,938,73,0,75419181,1.1255283955155302
75430586,1292,848,937,73,0,75430586,1.1255283955155302
75444308,1215,797,893,73,0,75444308,1.1255283955155302
75454270,1221,756,875,73,0,75454270,1.1255283955155302
75465916,1182,751,925,73,0,75465916,1.1255283955155302
75477691,1156,777,860,73,0,75477691,1.1255283955155302
75490158,1197,829,921,73,0,75490158,1.1255283955155302
75501508,1221,806,905,73,0,75501508,1.1255283955155302
75514119,1170,774,929,73,0,75514119,1.1255283955155302
75525095,1187,800,932,73,0,75525095,1.1255283955155302
75535251,1229,843,929,73,0,75535251,1.1255283955155302
75548744,1142,780,893,73,0,75548744,1.1255283955155302
75562383,1232,812,931,73,0,75562383,1.1255283955155302
75575179,1247,795,922,73,0,75575179,1.1255283955155302
75589351,1197,794,931,73,0,75589351,1.1255283955155302
75600978,1251,805,912,73,0,75600978,1.1255283955155302
75613829,1251,801,880,73,0,75613829,1.1255283955155302
75627742,1206,843,930,73,0,75627742,1.1255283955155302
75642359,1190,756,909,73,0,75642359,1.1255283955155302
75655953,1178,805,930,73,0,75655953,1.1255283955155302
75669586,1123,792,918,73,0,75669586,1.1255283955155302
75682846,1196,768,919,73,0,75682846,1.1255283955155302
75693914,1171,888,932,73,0,75693914,1.1255283955155302
75704416,1289,891,938,73,0,75704416,1.1255283955155302
75716288,1246,785,923,73,0,75716288,1.1255283955155302
75733854,1185,759,914,73,0,75733854,1.1255283955155302
75744159,1154,733,915,73,0,75744159,1.1255283955155302
75757280,1150,738,768,73,0,75757280,1.1255283955155302
75767793,1202,826,917,73,0,75767793,1.1255283955155302
75779132,1210,741,912,73,0,75779132,1.1255283955155302
75790910,1158,723,913,73,0,75790910,1.1255283955155302
75802535,1165,696,908,73,0,75802535,1.1255283955155302
75812266,1237,797,918,73,0,75812266,1.1255283955155302
75827081,1220,782,916,73,0,75827081,1.1255283955155302
75838819,1267,828,933,73,0,75838819,1.1255283955155302
75852560,1284,778,907,73,0,75852560,1.1255283955155302
75863827,1240,795,931,73,0,75863827,1.1255283955155302
75876835,1236,796,912,73,0,75876835,1.1255283955155302
75892177,1264,811,933,73,0,75892177,1.1255283955155302
75902652,1264,792,920,73,0,75902652,1.1255283955155302
75916869,1277,810,922,73,0,75916869,1.1255283955155302
75930021,1218,789,922,73,0,75930021,1.1255283955155302
75942083,1233,815,911,73,0,75942083,1.1255283955155302
75960466,1243,843,922,73,0,75960466,1.1255283955155302
75975907,1239,815,877,73,0,75975907,1.1255283955155302
75987590,1242,793,918,73,0,75987590,1.1255283955155302
76001658,1220,771,908,73,0,76001658,1.1255283955155302
76013005,1246,784,916,73,0,76013005,1.1255283955155302
76024746,1201,780,921,73,0,76024746,1.1255283955155302
76036976,1256,812,930,73,0,76036976,1.1255283955155302
76052946,1280,841,894,73,0,76052946,1.1255283955155302
76065968,1180,758,911,73,0,76065968,1.1255283955155302
76079051,1163,754,915,73,0,76079051,1.1255283955155302
76090962,1218,798,880,73,0,76090962,1.1255283955155302
76101145,1203,808,915,73,0,76101145,1.1255283955155302
76112980,1197,974,924,73,0,76112980,1.1255283955155302
76125423,1249,812,921,73,0,76125423,1.1255283955155302
76139266,1201,806,911,73,0,76139266,1.1255283955155302
76150140,1182,797,928,73,0,76150140,1.1255283955155302
76160716,1198,811,914,73,0,76160716,1.1255283955155302
76174545,1179,802,912,73,0,76174545,1.1255283955155302
76189131,1253,804,939,73,0,76189131,1.1255283955155302
76200381,1239,794,930,73,0,76200381,1.1255283955155302
76213186,1228,893,940,73,0,76213186,1.1255283955155302
76225582,1223,779,904,73,0,76225582,1.1255283955155302
76238017,1275,810,924,73,0,76238017,1.1255283955155302
76251985,1204,847,928,73,0,76251985,1.1255283955155302
76263899,1243,822,865,73,0,76263899,1.1255283955155302
76276840,1202,769,884,73,0,76276840,1.1255283955155302
76289088,1186,780,912,73,0,76289088,1.1255283955155302
76303718,1183,775,861,73,0,76303718,1.1255283955155302
76315929,1181,795,936,73,0,76315929,1.1255283955155302
76326738,1208,799,917,73,0,76326738,1.1255283955155302
76342102,1243,770,928,73,0,76342102,1.1255283955155302
76351339,1203,780,891,73,0,76351339,1.1255283955155302
76362181,1221,757,915,73,0,76362181,1.1255283955155302
76373375,1217,771,930,73,0,76373375,1.1255283955155302
76386862,1226,834,895,73,0,76386862,1.1255283955155302
76397239,1259,811,925,73,0,76397239,1.1255283955155302
76408271,1225,785,840,73,0,76408271,1.1255283955155302
76418911,1212,743,900,73,0,76418911,1.1255283955155302
76428479,1201,744,872,73,0,76428479,1.1255283955155302
76439370,1236,776,920,73,0,76439370,1.1255283955155302
76450564,1227,825,929,73,0,76450564,1.1255283955155302
76464171,1208,851,928,73,0,76464171,1.1255283955155302
76475114,1262,818,924,73,0,76475114,1.1255283955155302
76488358,1204,801,922,73,0,76488358,1.1255283955155302
76500098,1222,770,926,73,0,76500098,1.1255283955155302
76514397,1241,801,922,73,0,76514397,1.1255283955155302
76527432,1298,808,926,73,0,76527432,1.1255283955155302
76539541,1271,797,914,73,0,76539541,1.1255283955155302
76551314,1267,770,915,73,0,76551314,1.1255283955155302
76562352,1224,762,912,73,0,76562352,1.1255283955155302
76576527,1178,777,912,73,0,76576527,1.1255283955155302
76589580,1257,816,913,73,0,76589580,1.1255283955155302
76602721,1244,791,847,73,0,76602721,1.1255283955155302
76613358,1271,810,937,73,0,76613358,1.1255283955155302
76623502,1249,787,933,73,0,76623502,1.1255283955155302
76636854,1158,776,931,73,0,76636854,1.1255283955155302
76666320,1275,834,926,74,0,76666320,1.1179011211174417
76676740,1280,800,926,74,0,76676740,1.1179011211174417
76686755,1267,770,926,74,0,76686755,1.1179011211174417
76699740,1195,754,918,74,0,76699740,1.1179011211174417
76712188,1217,748,933,74,0,76712188,1.1179011211174417
76724272,1253,809,924,74,0,76724272,1.1179011211174417
76735495,1250,814,936,74,0,76735495,1.1179011211174417
76750872,1272,809,926,74,0,76750872,1.1179011211174417
76761291,1242,827,918,74,0,76761291,1.1179011211174417
76773472,1232,787,904,74,0,76773472,1.1179011211174417
76787105,1249,755,934,74,0,76787105,1.1179011211174417
76797750,1262,779,929,74,0,76797750,1.1179011211174417
76807740,1299,798,937,74,0,76807740,1.1179011211174417
76819222,1289,842,940,74,0,76819222,1.1179011211174417
76832736,1252,810,877,74,0,76832736,1.1179011211174417
76847362,1256,765,926,74,0,76847362,1.1179011211174417
76858800,1298,820,931,74,0,76858800,1.1179011211174417
76870794,1302,820,929,74,0,76870794,1.1179011211174417
76884689,1301,820,911,74,0,76884689,1.1179011211174417
76896926,1293,823,929,74,0,76896926,1.1179011211174417
76908976,1255,1100,921,74,0,76908976,1.1179011211174417
76920842,1239,769,917,74,0,76920842,1.1179011211174417
76934828,1279,802,917,74,0,76934828,1.1179011211174417
76947889,1299,830,926,74,0,76947889,1.1179011211174417
76959417,1317,824,930,74,0,76959417,1.1179011211174417
76972551,1302,824,917,74,0,76972551,1.1179011211174417
76985246,1235,797,928,74,0,76985246,1.1179011211174417
76995252,1231,792,931,74,0,76995252,1.1179011211174417
77006233,1232,833,928,74,0,77006233,1.1179011211174417
77019540,1299,830,924,74,0,77019540,1.1179011211174417
77033909,1277,851,937,74,0,77033909,1.1179011211174417
77045133,1269,806,932,74,0,77045133,1.1179011211174417
77056178,1228,802,935,74,0,77056178,1.1179011211174417
77068455,1186,822,926,74,0,77068455,1.1179011211174417
77081257,1223,830,880,74,0,77081257,1.1179011211174417
77092184,1253,818,903,74,0,77092184,1.1179011211174417
77105560,1225,896,955,74,0,77105560,1.1179011211174417
77115186,1283,843,934,74,0,77115186,1.1179011211174417
77128198,1244,782,925,74,0,77128198,1.1179011211174417
77140126,1185,768,914,74,0,77140126,1.1179011211174417
77152074,1185,788,918,74,0,77152074,1.1179011211174417
77167813,1193,806,926,74,0,77167813,1.1179011211174417
77178639,1235,876,930,74,0,77178639,1.1179011211174417
77188663,1244,893,941,74,0,77188663,1.1179011211174417
77201469,1177,792,920,74,0,77201469,1.1179011211174417
77216006,1212,801,928,74,0,77216006,1.1179011211174417
77227069,1252,860,930,74,0,77227069,1.1179011211174417
77241266,1261,858,936,74,0,77241266,1.1179011211174417
77253363,1238,854,921,74,0,77253363,1.1179011211174417
77265008,1237,795,932,74,0,77265008,1.1179011211174417
77278214,1179,748,921,74,0,77278214,1.1179011211174417
77293645,1182,790,920,74,0,77293645,1.1179011211174417
77306879,1158,724,922,74,0,77306879,1.1179011211174417
77319058,1169,791,922,74,0,77319058,1.1179011211174417
77334531,1305,860,939,74,0,77334531,1.1179011211174417
77345402,1298,821,927,74,0,77345402,1.1179011211174417
77356065,1231,842,910,74,0,77356065,1.1179011211174417
77367904,1257,843,926,74,0,77367904,1.1179011211174417
77383454,1308,803,929,74,0,77383454,1.1179011211174417
77396930,1297,836,861,74,0,77396930,1.1179011211174417
77407264,1310,834,934,74,0,77407264,1.1179011211174417
77419634,1284,817,926,74,0,77419634,1.1179011211174417
77431048,1272,790,782,74,0,77431048,1.1179011211174417
77442215,1315,848,913,74,0,77442215,1.1179011211174417
77451890,1290,888,908,74,0,77451890,1.1179011211174417
77462121,1297,857,894,74,0,77462121,1.1179011211174417
77473518,1304,876,931,74,0,77473518,1.1179011211174417
77484842,1228,820,929,74,0,77484842,1.1179011211174417
77497475,1178,785,821,74,0,77497475,1.1179011211174417
77512923,1093,765,909,74,0,77512923,1.1179011211174417
77521069,1160,828,922,74,0,77521069,1.1179011211174417
77531851,1126,801,926,74,0,77531851,1.1179011211174417
77546698,1154,733,916,74,0,77546698,1.1179011211174417
77560070,1218,721,820,74,0,77560070,1.1179011211174417
77571742,1172,752,875,74,0,77571742,1.1179011211174417
77583291,1210,752,927,74,0,77583291,1.1179011211174417
77597495,1156,769,874,74,0,77597495,1.1179011211174417
77607737,1198,795,870,74,0,77607737,1.1179011211174417
77621453,1318,825,930,74,0,77621453,1.1179011211174417
77635477,1285,812,930,74,0,77635477,1.1179011211174417
77647712,1232,818,891,74,0,77647712,1.1179011211174417
77661760,1241,812,913,74,0,77661760,1.1179011211174417
77673198,1252,820,919,74,0,77673198,1.1179011211174417
77685523,1297,819,930,74,0,77685523,1.1179011211174417
77695637,1327,834,927,74,0,77695637,1.1179011211174417
77709164,1272,819,892,74,0,77709164,1.1179011211174417
77719402,1254,803,908,74,0,77719402,1.1179011211174417
77732351,1251,836,851,74,0,77732351,1.1179011211174417
77745770,1282,861,930,74,0,77745770,1.1179011211174417
77762428,1220,868,882,74,0,77762428,1.1179011211174417
77773813,1294,901,943,74,0,77773813,1.1179011211174417
77785869,1206,797,932,74,0,77785869,1.1179011211174417
77798034,1133,840,927,74,0,77798034,1.1179011211174417
77808607,1171,782,925,74,0,77808607,1.1179011211174417
77821945,1259,867,928,74,0,77821945,1.1179011211174417
77836189,1305,868,945,74,0,77836189,1.1179011211174417
77848696,1280,816,917,74,0,77848696,1.1179011211174417
77859023,1257,818,931,74,0,77859023,1.1179011211174417
77872617,1240,845,901,74,0,77872617,1.1179011211174417
77886781,1248,1258,931,74,0,77886781,1.1179011211174417
77897330,1259,854,877,74,0,77897330,1.1179011211174417
77910318,1224,857,934,74,0,77910318,1.1179011211174417
77924950,1214,830,934,74,0,77924950,1.1179011211174417
77934426,1200,786,921,74,0,77934426,1.1179011211174417
77948718,1166,746,900,74,0,77948718,1.1179011211174417
77960637,1181,793,923,74,0,77960637,1.1179011211174417
77970940,1187,835,906,74,0,77970940,1.1179011211174417
77984144,1213,860,950,74,0,77984144,1.1179011211174417
77996127,1275,845,938,74,0,77996127,1.1179011211174417
78007689,1240,830,889,74,0,78007689,1.1179011211174417
78018275,1248,821,894,74,0,78018275,1.1179011211174417
78032717,1219,798,933,74,0,78032717,1.1179011211174417
78047903,1178,808,918,74,0,78047903,1.1179011211174417
78059082,1137,802,920,74,0,78059082,1.1179011211174417
78073214,1194,746,900,74,0,78073214,1.1179011211174417
78083011,1214,782,897,74,0,78083011,1.1179011211174417
78100351,1131,756,901,74,0,78100351,1.1179011211174417
78111875,1135,706,911,74,0,78111875,1.1179011211174417
78123326,1139,690,852,74,0,78123326,1.1179011211174417
78119980,9,257,384,75,0,78119980,1.1363719904429332
78146630,1189,827,916,75,0,78146630,1.1363719904429332
78159529,1164,760,919,75,0,78159529,1.1363719904429332
78174515,1048,732,909,75,0,78174515,1.1363719904429332
78184164,1152,712,883,75,0,78184164,1.1363719904429332
78201000,1315,804,901,75,0,78201000,1.1363719904429332
78213598,1292,861,922,75,0,78213598,1.1363719904429332
78225169,1308,864,907,75,0,78225169,1.1363719904429332
78241724,1252,880,912,75,0,78241724,1.1363719904429332
78254283,1238,849,925,75,0,78254283,1.1363719904429332
78273676,1196,930,950,75,0,78273676,1.1363719904429332
78283269,1260,890,929,75,0,78283269,1.1363719904429332
78295964,1220,856,934,75,0,78295964,1.1363719904429332
78308389,1204,808,932,75,0,78308389,1.1363719904429332
78319458,1164,776,911,75,0,78319458,1.1363719904429332
78332309,1197,776,906,75,0,78332309,1.1363719904429332
78344828,1177,755,915,75,0,78344828,1.1363719904429332
78356407,1246,820,922,75,0,78356407,1.1363719904429332
78369281,1290,809,872,75,0,78369281,1.1363719904429332
78385885,1190,779,925,75,0,78385885,1.1363719904429332
78396296,1193,772,931,75,0,78396296,1.1363719904429332
78408997,1259,824,928,75,0,78408997,1.1363719904429332
78423077,1294,819,898,75,0,78423077,1.1363719904429332
78436234,1340,862,929,75,0,78436234,1.1363719904429332
78448816,1303,872,938,75,0,78448816,1.1363719904429332
78461143,1325,897,940,75,0,78461143,1.1363719904429332
78479219,1348,910,938,75,0,78479219,1.1363719904429332
78490055,1368,923,942,75,0,78490055,1.1363719904429332
78501893,1331,926,909,75,0,78501893,1.1363719904429332
78515951,1352,921,917,75,0,78515951,1.1363719904429332
78526827,1332,880,942,75,0,78526827,1.1363719904429332
78539939,1257,885,927,75,0,78539939,1.1363719904429332
78551779,1235,869,906,75,0,78551779,1.1363719904429332
78563699,1242,851,917,75,0,78563699,1.1363719904429332
78577271,1233,854,920,75,0,78577271,1.1363719904429332
78597456,1210,847,942,75,0,78597456,1.1363719904429332
78608052,1217,877,943,75,0,78608052,1.1363719904429332
78620837,1218,1094,932,75,0,78620837,1.1363719904429332
78634048,1218,872,937,75,0,78634048,1.1363719904429332
78644797,1230,850,910,75,0,78644797,1.1363719904429332
78656877,1225,828,930,75,0,78656877,1.1363719904429332
78670596,1178,810,917,75,0,78670596,1.1363719904429332
78684752,1122,790,901,75,0,78684752,1.1363719904429332
78696081,1157,819,870,75,0,78696081,1.1363719904429332
78709700,1163,818,910,75,0,78709700,1.1363719904429332
78720317,1197,808,924,75,0,78720317,1.1363719904429332
78731865,1215,810,931,75,0,78731865,1.1363719904429332
78745370,1154,812,919,75,0,78745370,1.1363719904429332
78759788,1173,766,920,75,0,78759788,1.1363719904429332
78769657,1141,827,931,75,0,78769657,1.1363719904429332
78782279,1162,835,883,75,0,78782279,1.1363719904429332
78795026,1228,818,899,75,0,78795026,1.1363719904429332
78807085,1191,782,868,75,0,78807085,1.1363719904429332
78818441,1209,827,932,75,0,78818441,1.1363719904429332
78830852,1178,814,937,75,0,78830852,1.1363719904429332
78841239,1197,812,931,75,0,78841239,1.1363719904429332
78853121,1200,861,915,75,0,78853121,1.1363719904429332
78866678,1162,804,908,75,0,78866678,1.1363719904429332
78879394,1224,781,931,75,0,78879394,1.1363719904429332
78893004,1222,833,922,75,0,78893004,1.1363719904429332
78903616,1222,774,911,75,0,78903616,1.1363719904429332
78916208,1225,835,915,75,0,78916208,1.1363719904429332
78928855,1308,840,907,75,0,78928855,1.1363719904429332
78941666,1315,824,930,75,0,78941666,1.1363719904429332
78952874,1253,866,924,75,0,78952874,1.1363719904429332
78967950,1201,784,889,75,0,78967950,1.1363719904429332
78978025,1208,788,930,75,0,78978025,1.1363719904429332
78992739,1243,815,927,75,0,78992739,1.1363719904429332
79004776,1290,786,908,75,0,79004776,1.1363719904429332
79016650,1296,851,928,75,0,79016650,1.1363719904429332
79027911,1295,867,932,75,0,79027911,1.1363719904429332
79040381,1449,856,926,75,0,79040381,1.1363719904429332
79052600,1312,888,934,75,0,79052600,1.1363719904429332
79066629,1330,851,938,75,0,79066629,1.1363719904429332
79078166,1292,852,931,75,0,79078166,1.1363719904429332
79088655,1309,836,931,75,0,79088655,1.1363719904429332
79097726,1268,834,936,75,0,79097726,1.1363719904429332
79109292,1221,805,923,75,0,79109292,1.1363719904429332
79121801,1228,815,923,75,0,79121801,1.1363719904429332
79135298,1244,802,923,75,0,79135298,1.1363719904429332
79146547,1247,859,894,75,0,79146547,1.1363719904429332
79159621,1298,877,945,75,0,79159621,1.1363719904429332
79172741,1217,812,891,75,0,79172741,1.1363719904429332
79186180,1202,825,930,75,0,79186180,1.1363719904429332
79197469,1245,812,925,75,0,79197469,1.1363719904429332
79209046,1257,827,912,75,0,79209046,1.1363719904429332
79221042,1232,845,916,75,0,79221042,1.1363719904429332
79233229,1291,846,925,75,0,79233229,1.1363719904429332
79246323,1206,772,911,75,0,79246323,1.1363719904429332
79258786,1187,757,916,75,0,79258786,1.1363719904429332
79272660,1274,817,923,75,0,79272660,1.1363719904429332
79284369,1300,831,917,75,0,79284369,1.1363719904429332
79297698,1286,858,916,75,0,79297698,1.1363719904429332
79309061,1276,837,939,75,0,79309061,1.1363719904429332
79320259,1236,817,924,75,0,79320259,1.1363719904429332
79332109,1252,836,892,75,0,79332109,1.1363719904429332
79344433,1259,814,928,75,0,79344433,1.1363719904429332
79359175,1230,802,916,75,0,79359175,1.1363719904429332
79372153,1220,763,897,75,0,79372153,1.1363719904429332
79386128,1200,811,922,75,0,79386128,1.1363719904429332
79400234,1189,816,923,75,0,79400234,1.1363719904429332
79411339,1196,787,892,75,0,79411339,1.1363719904429332
79423531,1253,805,931,75,0,79423531,1.1363719904429332
79437274,1263,822,925,75,0,79437274,1.1363719904429332
79448699,1288,815,847,75,0,79448699,1.1363719904429332
79460914,1222,819,819,75,0,79460914,1.1363719904429332
79473629,1216,803,934,75,0,79473629,1.1363719904429332
79485443,1214,807,920,75,0,79485443,1.1363719904429332
79500200,1147,820,893,75,0,79500200,1.1363719904429332
79512471,1180,764,914,75,0,79512471,1.1363719904429332
79526260,1236,811,908,75,0,79526260,1.1363719904429332
79537821,1220,819,912,75,0,79537821,1.1363719904429332
79549717,1214,819,903,75,0,79549717,1.1363719904429332
79560202,1296,846,940,75,0,79560202,1.1363719904429332
79572521,1280,860,929,75,0,79572521,1.1363719904429332
79584527,1265,845,920,75,0,79584527,1.1363719904429332
79597821,1258,840,922,75,0,79597821,1.1363719904429332
79610665,1163,787,889,75,0,79610665,1.1363719904429332
79623253,1147,770,920,75,0,79623253,1.1363719904429332
79637232,1241,857,927,75,0,79637232,1.1363719904429332
79648539,1259,825,924,75,0,79648539,1.1363719904429332
79660341,1260,848,926,75,0,79660341,1.1363719904429332
79676094,1184,805,925,75,0,79676094,1.1363719904429332
79688698,1229,820,896,75,0,79688698,1.1363719904429332
79701060,1226,841,920,75,0,79701060,1.1363719904429332
79714193,1267,868,949,75,0,79714193,1.1363719904429332
79724539,1217,853,934,75,0,79724539,1.1363719904429332
79738380,1232,814,915,75,0,79738380,1.1363719904429332
79749638,1213,760,917,75,0,79749638,1.1363719904429332
79761017,1222,781,898,75,0,79761017,1.1363719904429332
79772308,1201,772,841,75,0,79772308,1.1363719904429332
79786883,1273,815,931,75,0,79786883,1.1363719904429332
79801999,1325,848,938,75,0,79801999,1.1363719904429332
79813842,1308,857,925,75,0,79813842,1.1363719904429332
79829503,1273,806,849,75,0,79829503,1.1363719904429332
79838892,1267,830,893,75,0,79838892,1.1363719904429332
79850080,1293,822,918,75,0,79850080,1.1363719904429332
79861285,1268,864,938,75,0,79861285,1.1363719904429332
79872109,1251,877,938,75,0,79872109,1.1363719904429332
79887141,1166,795,868,75,0,79887141,1.1363719904429332
79902744,1214,789,877,75,0,79902744,1.1363719904429332
79914424,1184,808,915,75,0,79914424,1.1363719904429332
79925084,1220,820,908,75,0,79925084,1.1363719904429332
79936500,1231,845,874,75,0,79936500,1.1363719904429332
79947721,1219,828,917,75,0,79947721,1.1363719904429332
79959580,1194,784,926,75,0,79959580,1.1363719904429332
79971830,1249,830,932,75,0,79971830,1.1363719904429332
79983623,1244,821,911,75,0,79983623,1.1363719904429332
79995033,1291,860,937,75,0,79995033,1.1363719904429332
80007741,1269,840,882,75,0,80007741,1.1363719904429332
80022110,1277,851,931,75,0,80022110,1.1363719904429332
80036762,1160,810,904,75,0,80036762,1.1363719904429332
80051735,1184,845,876,75,0,80051735,1.1363719904429332
80063834,1229,857,911,75,0,80063834,1.1363719904429332
80077110,1203,849,932,75,0,80077110,1.1363719904429332
80092559,1202,825,931,75,0,80092559,1.1363719904429332
80104041,1153,803,916,75,0,80104041,1.1363719904429332
80115569,1104,803,924,75,0,80115569,1.1363719904429332
80126681,1156,802,883,75,0,80126681,1.1363719904429332
80140163,1157,764,924,75,0,80140163,1.1363719904429332
80153620,1246,812,909,75,0,80153620,1.1363719904429332
80165167,1136,715,891,75,0,80165167,1.1363719904429332
80177508,1097,740,902,75,0,80177508,1.1363719904429332
80189961,1166,758,920,75,0,80189961,1.1363719904429332
80203941,1144,813,903,75,0,80203941,1.1363719904429332
80214864,1203,843,923,75,0,80214864,1.1363719904429332
80227487,1242,819,912,75,0,80227487,1.1363719904429332
80240284,1229,774,929,75,0,80240284,1.1363719904429332
80253510,1180,773,909,75,0,80253510,1.1363719904429332
80265544,1134,721,907,75,0,80265544,1.1363719904429332
80278211,1163,789,923,75,0,80278211,1.1363719904429332
80290675,1252,782,928,75,0,80290675,1.1363719904429332
80302261,1230,796,841,75,0,80302261,1.1363719904429332
80314383,1198,777,924,75,0,80314383,1.1363719904429332
80326782,1218,801,929,75,0,80326782,1.1363719904429332
80338793,1251,812,915,75,0,80338793,1.1363719904429332
80349325,1182,769,907,75,0,80349325,1.1363719904429332
80362777,1265,840,929,75,0,80362777,1.1363719904429332
80374373,1247,843,925,75,0,80374373,1.1363719904429332
80385263,1202,801,925,75,0,80385263,1.1363719904429332
80396902,1199,809,914,75,0,80396902,1.1363719904429332
80407461,1221,785,922,75,0,80407461,1.1363719904429332
80420330,1184,796,924,75,0,80420330,1.1363719904429332
80439436,1228,795,927,75,0,80439436,1.1363719904429332
80450991,1234,801,926,75,0,80450991,1.1363719904429332
80463600,1214,852,923,75,0,80463600,1.1363719904429332
80476458,1209,832,925,75,0,80476458,1.1363719904429332
80488482,1203,795,920,75,0,80488482,1.1363719904429332
80499598,1230,849,914,75,0,80499598,1.1363719904429332
80509257,1226,825,898,75,0,80509257,1.1363719904429332
80521340,1210,796,927,75,0,80521340,1.1363719904429332
80533396,1177,780,936,75,0,80533396,1.1363719904429332
80543062,1180,817,912,75,0,80543062,1.1363719904429332
80556631,1264,853,936,75,0,80556631,1.1363719904429332
80569828,1274,848,926,75,0,80569828,1.1363719904429332
80586734,1180,808,915,75,0,80586734,1.1363719904429332
80598837,1237,825,932,75,0,80598837,1.1363719904429332
80611837,1198,814,921,75,0,80611837,1.1363719904429332
80622042,1178,809,916,75,0,80622042,1.1363719904429332
80636930,1182,774,917,75,0,80636930,1.1363719904429332
80652359,1166,734,915,75,0,80652359,1.1363719904429332
80661131,1146,754,906,75,0,80661131,1.1363719904429332
80677401,1237,807,924,75,0,80677401,1.1363719904429332
80688559,1188,772,936,75,0,80688559,1.1363719904429332
80699741,1202,856,932,75,0,80699741,1.1363719904429332
80710322,1241,843,917,75,0,80710322,1.1363719904429332
80721624,1260,820,917,75,0,80721624,1.1363719904429332
80733596,1171,776,913,75,0,80733596,1.1363719904429332
80744964,1177,765,879,75,0,80744964,1.1363719904429332
80756835,1233,817,939,75,0,80756835,1.1363719904429332
80769045,1212,822,934,75,0,80769045,1.1363719904429332
80780030,1245,816,914,75,0,80780030,1.1363719904429332
80791324,1195,769,909,75,0,80791324,1.1363719904429332
80803639,1214,808,923,75,0,80803639,1.1363719904429332
80816771,1238,772,926,75,0,80816771,1.1363719904429332
80830836,1288,822,919,75,0,80830836,1.1363719904429332
80845161,1285,834,936,75,0,80845161,1.1363719904429332
80858618,1262,821,933,75,0,80858618,1.1363719904429332
80875742,1211,786,923,75,0,80875742,1.1363719904429332
80889697,1214,802,850,75,0,80889697,1.1363719904429332
80901299,1186,827,929,75,0,80901299,1.1363719904429332
80913502,1282,808,900,75,0,80913502,1.1363719904429332
80927917,1236,760,874,75,0,80927917,1.1363719904429332
80941019,1124,814,911,75,0,80941019,1.1363719904429332
80952750,1192,769,910,75,0,80952750,1.1363719904429332
80963849,1212,788,916,75,0,80963849,1.1363719904429332
80980136,1208,825,939,75,0,80980136,1.1363719904429332
80990341,1220,808,921,75,0,80990341,1.1363719904429332
81001118,1218,778,919,75,0,81001118,1.1363719904429332
81011651,1190,782,928,75,0,81011651,1.1363719904429332
81023418,1233,800,924,75,0,81023418,1.1363719904429332
81035654,1237,849,927,75,0,81035654,1.1363719904429332
81050031,1275,858,925,75,0,81050031,1.1363719904429332
81060948,1238,787,878,75,0,81060948,1.1363719904429332
81071811,1234,761,917,75,0,81071811,1.1363719904429332
81083268,1210,792,924,75,0,81083268,1.1363719904429332
81094036,1233,805,931,75,0,81094036,1.1363719904429332
81105176,1226,851,915,75,0,81105176,1.1363719904429332
81116344,1211,857,937,75,0,81116344,1.1363719904429332
81130656,1188,750,912,75,0,81130656,1.1363719904429332
81144317,1200,742,909,75,0,81144317,1.1363719904429332
81156960,1164,743,924,75,0,81156960,1.1363719904429332
81167398,1243,826,932,75,0,81167398,1.1363719904429332
81181938,1264,782,920,75,0,81181938,1.1363719904429332
81192545,1273,789,895,75,0,81192545,1.1363719904429332
81203154,1257,773,899,75,0,81203154,1.1363719904429332
81216758,1121,792,923,75,0,81216758,1.1363719904429332
81229356,1169,770,916,75,0,81229356,1.1363719904429332
81242303,1203,829,894,75,0,81242303,1.1363719904429332
81252899,1258,877,925,75,0,81252899,1.1363719904429332
81264052,1273,862,921,75,0,81264052,1.1363719904429332
81276590,1224,752,912,75,0,81276590,1.1363719904429332
81289507,1109,772,883,75,0,81289507,1.1363719904429332
81305201,1115,773,874,75,0,81305201,1.1363719904429332
81318334,1120,729,914,75,0,81318334,1.1363719904429332
81331126,1237,807,918,75,0,81331126,1.1363719904429332
81340725,1259,773,916,75,0,81340725,1.1363719904429332
81351330,1218,814,910,75,0,81351330,1.1363719904429332
81364442,1241,807,921,75,0,81364442,1.1363719904429332
81378057,1240,780,913,75,0,81378057,1.1363719904429332
81389695,1256,781,924,75,0,81389695,1.1363719904429332
81406246,1232,811,931,75,0,81406246,1.1363719904429332
81414915,1273,774,908,75,0,81414915,1.1363719904429332
81428230,1235,805,926,75,0,81428230,1.1363719904429332
81440173,1266,766,878,75,0,81440173,1.1363719904429332
81449779,1268,808,918,75,0,81449779,1.1363719904429332
81462233,1281,845,934,75,0,81462233,1.1363719904429332
81475218,1252,825,936,75,0,81475218,1.1363719904429332
81489163,1211,747,910,75,0,81489163,1.1363719904429332
81499281,1214,789,827,75,0,81499281,1.1363719904429332
81511932,1278,827,925,75,0,81511932,1.1363719904429332
81525328,1186,817,908,75,0,81525328,1.1363719904429332
81536794,1291,836,921,75,0,81536794,1.1363719904429332
81553477,1252,797,941,75,0,81553477,1.1363719904429332
81565757,1162,775,902,75,0,81565757,1.1363719904429332
81579870,1252,787,929,75,0,81579870,1.1363719904429332
81593713,1250,810,918,75,0,81593713,1.1363719904429332
81606388,1266,829,930,75,0,81606388,1.1363719904429332
81618864,1253,806,924,75,0,81618864,1.1363719904429332
81633296,1232,776,851,75,0,81633296,1.1363719904429332
81645402,1221,762,913,75,0,81645402,1.1363719904429332
81656824,1261,749,930,75,0,81656824,1.1363719904429332
81668897,1214,765,918,75,0,81668897,1.1363719904429332
81680223,1287,816,937,75,0,81680223,1.1363719904429332
81692878,1249,824,924,75,0,81692878,1.1363719904429332
81709009,1234,804,921,75,0,81709009,1.1363719904429332
81722509,1184,793,936,75,0,81722509,1.1363719904429332
81735715,1172,816,912,75,0,81735715,1.1363719904429332
81749896,1252,851,928,75,0,81749896,1.1363719904429332
81761490,1265,797,926,75,0,81761490,1.1363719904429332
81775885,1192,777,913,75,0,81775885,1.1363719904429332
81786153,1198,765,909,75,0,81786153,1.1363719904429332
81798748,1255,815,911,75,0,81798748,1.1363719904429332
81810789,1337,860,933,75,0,81810789,1.1363719904429332
81823527,1251,792,876,75,0,81823527,1.1363719904429332
81839821,1233,824,916,75,0,81839821,1.1363719904429332
81849605,1219,776,922,75,0,81849605,1.1363719904429332
81861981,1203,802,907,75,0,81861981,1.1363719904429332
81872134,1208,800,889,75,0,81872134,1.1363719904429332
81884197,1201,839,934,75,0,81884197,1.1363719904429332
81897054,1218,784,929,75,0,81897054,1.1363719904429332
81908562,1184,770,924,75,0,81908562,1.1363719904429332
81921302,1200,794,842,75,0,81921302,1.1363719904429332
81933930,1222,768,932,75,0,81933930,1.1363719904429332
81945932,1226,795,907,75,0,81945932,1.1363719904429332
81956964,1220,804,932,75,0,81956964,1.1363719904429332
81971808,1264,825,922,75,0,81971808,1.1363719904429332
81984639,1195,796,932,75,0,81984639,1.1363719904429332
81998170,1232,771,912,75,0,81998170,1.1363719904429332
82009202,1282,821,934,75,0,82009202,1.1363719904429332
82021589,1259,809,930,75,0,82021589,1.1363719904429332
82035091,1284,792,881,75,0,82035091,1.1363719904429332
82047959,1201,742,915,75,0,82047959,1.1363719904429332
82061700,1209,752,912,75,0,82061700,1.1363719904429332
82072858,1229,804,886,75,0,82072858,1.1363719904429332
82085115,1248,798,900,75,0,82085115,1.1363719904429332
82097582,1260,821,928,75,0,82097582,1.1363719904429332
82109145,1245,808,925,75,0,82109145,1.1363719904429332
82127230,1211,777,919,75,0,82127230,1.1363719904429332
82140579,1270,777,930,75,0,82140579,1.1363719904429332
82155497,1225,796,915,75,0,82155497,1.1363719904429332
82166651,1282,809,930,75,0,82166651,1.1363719904429332
82181476,1257,798,924,75,0,82181476,1.1363719904429332
82194899,1265,800,931,75,0,82194899,1.1363719904429332
82208791,1282,786,933,75,0,82208791,1.1363719904429332
82219392,1311,832,910,75,0,82219392,1.1363719904429332
82231374,1280,815,933,75,0,82231374,1.1363719904429332
82244383,1276,841,916,75,0,82244383,1.1363719904429332
82256242,1248,782,936,75,0,82256242,1.1363719904429332
82270168,1212,760,930,75,0,82270168,1.1363719904429332
82281951,1262,789,931,75,0,82281951,1.1363719904429332
82296438,1238,830,912,75,0,82296438,1.1363719904429332
82308204,1225,839,941,75,0,82308204,1.1363719904429332
82321026,1238,815,925,75,0,82321026,1.1363719904429332
82331954,1200,768,921,75,0,82331954,1.1363719904429332
82342896,1218,798,870,75,0,82342896,1.1363719904429332
82354878,1286,835,929,75,0,82354878,1.1363719904429332
82371696,1266,821,928,75,0,82371696,1.1363719904429332
82384874,1286,832,865,75,0,82384874,1.1363719904429332
82396755,1239,804,892,75,0,82396755,1.1363719904429332
82408164,1209,797,925,75,0,82408164,1.1363719904429332
82421924,1182,787,905,75,0,82421924,1.1363719904429332
82435086,1282,790,891,75,0,82435086,1.1363719904429332
82449351,1266,797,931,75,0,82449351,1.1363719904429332
82460593,1299,820,915,75,0,82460593,1.1363719904429332
82476015,1260,785,925,75,0,82476015,1.1363719904429332
82489628,1288,777,909,75,0,82489628,1.1363719904429332
82502172,1294,821,926,75,0,82502172,1.1363719904429332
82519384,1320,840,901,75,0,82519384,1.1363719904429332
82531223,1313,836,923,75,0,82531223,1.1363719904429332
82542961,1266,814,913,75,0,82542961,1.1363719904429332
82554719,1260,792,913,75,0,82554719,1.1363719904429332
82567804,1334,814,938,75,0,82567804,1.1363719904429332
82578142,1328,820,906,75,0,82578142,1.1363719904429332
82590658,1322,860,933,75,0,82590658,1.1363719904429332
82600361,1318,840,936,75,0,82600361,1.1363719904429332
82610654,1293,814,944,75,0,82610654,1.1363719904429332
82621968,1267,786,926,75,0,82621968,1.1363719904429332
82633144,1251,801,933,75,0,82633144,1.1363719904429332
82649441,1328,836,927,75,0,82649441,1.1363719904429332
82662597,1301,843,914,75,0,82662597,1.1363719904429332
82671942,1313,847,918,75,0,82671942,1.1363719904429332
82684539,1273,825,927,75,0,82684539,1.1363719904429332
82695298,1259,784,924,75,0,82695298,1.1363719904429332
82706618,1232,810,922,75,0,82706618,1.1363719904429332
82718653,1188,816,921,75,0,82718653,1.1363719904429332
82732757,1176,838,914,75,0,82732757,1.1363719904429332
82744622,1227,795,931,75,0,82744622,1.1363719904429332
82758495,1249,842,843,75,0,82758495,1.1363719904429332
82770317,1251,788,931,75,0,82770317,1.1363719904429332
82780234,1230,794,930,75,0,82780234,1.1363719904429332
82792501,1210,834,916,75,0,82792501,1.1363719904429332
82803590,1240,874,924,75,0,82803590,1.1363719904429332
82816221,1242,858,926,75,0,82816221,1.1363719904429332
82828589,1212,713,894,75,0,82828589,1.1363719904429332
82838752,1188,808,942,75,0,82838752,1.1363719904429332
82854153,1194,806,923,75,0,82854153,1.1363719904429332
82868116,1306,852,866,75,0,82868116,1.1363719904429332
82879361,1253,873,869,75,0,82879361,1.1363719904429332
82891801,1265,859,920,75,0,82891801,1.1363719904429332
82904083,1210,810,913,75,0,82904083,1.1363719904429332
82915559,1196,801,938,75,0,82915559,1.1363719904429332
82926548,1163,783,930,75,0,82926548,1.1363719904429332
82940206,1227,828,918,75,0,82940206,1.1363719904429332
82954357,1237,830,944,75,0,82954357,1.1363719904429332
82965393,1290,840,938,75,0,82965393,1.1363719904429332
82977107,1236,833,916,75,0,82977107,1.1363719904429332
82987256,1250,875,933,75,0,82987256,1.1363719904429332
82996806,1239,841,916,75,0,82996806,1.1363719904429332
83007878,1272,855,933,75,0,83007878,1.1363719904429332
83021045,1280,186,934,75,0,83021045,1.1363719904429332
83032972,1290,885,944,75,0,83032972,1.1363719904429332
83049527,1275,845,899,75,0,83049527,1.1363719904429332
83064198,1242,866,933,75,0,83064198,1.1363719904429332
83077570,1290,830,914,75,0,83077570,1.1363719904429332
83094771,1241,865,928,75,0,83094771,1.1363719904429332
83105601,1234,912,888,75,0,83105601,1.1363719904429332
83118351,1196,796,842,75,0,83118351,1.1363719904429332
83131335,1150,798,923,75,0,83131335,1.1363719904429332
83146179,1085,764,901,75,0,83146179,1.1363719904429332
83156749,1113,760,862,75,0,83156749,1.1363719904429332
83169765,949,707,865,75,0,83169765,1.1363719904429332
83181524,1168,703,834,75,0,83181524,1.1363719904429332
83193044,1244,736,918,75,0,83193044,1.1363719904429332
83204623,1229,779,894,75,0,83204623,1.1363719904429332
83215825,1229,770,917,75,0,83215825,1.1363719904429332
83228866,1201,811,920,75,0,83228866,1.1363719904429332
83241630,1250,884,927,75,0,83241630,1.1363719904429332
83255353,1300,851,893,75,0,83255353,1.1363719904429332
83267509,1230,805,909,75,0,83267509,1.1363719904429332
83280681,1200,778,915,75,0,83280681,1.1363719904429332
83294706,1202,798,908,75,0,83294706,1.1363719904429332
83307597,1278,852,921,75,0,83307597,1.1363719904429332
83320370,1288,843,882,75,0,83320370,1.1363719904429332
83329578,1305,821,932,75,0,83329578,1.1363719904429332
83343004,1243,765,882,75,0,83343004,1.1363719904429332
83353029,1243,816,912,75,0,83353029,1.1363719904429332
83370315,1232,783,854,75,0,83370315,1.1363719904429332
83382119,1253,812,869,75,0,83382119,1.1363719904429332
83396118,1232,845,932,75,0,83396118,1.1363719904429332
83409650,1214,827,928,75,0,83409650,1.1363719904429332
83419482,1210,798,914,75,0,83419482,1.1363719904429332
83430196,1197,836,923,75,0,83430196,1.1363719904429332
83444640,1216,794,924,75,0,83444640,1.1363719904429332
83454161,1251,802,940,75,0,83454161,1.1363719904429332
83469924,1243,793,868,75,0,83469924,1.1363719904429332
83482335,1250,801,906,75,0,83482335,1.1363719904429332
83493050,1251,868,939,75,0,83493050,1.1363719904429332
83503099,1256,822,920,75,0,83503099,1.1363719904429332
83514951,1270,858,933,75,0,83514951,1.1363719904429332
83527684,1259,862,931,75,0,83527684,1.1363719904429332
83545215,1176,874,939,75,0,83545215,1.1363719904429332
83559175,1203,752,862,75,0,83559175,1.1363719904429332
83574585,1124,797,925,75,0,83574585,1.1363719904429332
83586072,1164,765,914,75,0,83586072,1.1363719904429332
83601314,1224,848,927,75,0,83601314,1.1363719904429332
83615085,1242,841,905,75,0,83615085,1.1363719904429332
83631736,1296,848,827,75,0,83631736,1.1363719904429332
83647995,1292,853,923,75,0,83647995,1.1363719904429332
83659852,1288,861,922,75,0,83659852,1.1363719904429332
83671428,1290,816,927,75,0,83671428,1.1363719904429332
83682689,1184,806,890,75,0,83682689,1.1363719904429332
83694679,1182,773,921,75,0,83694679,1.1363719904429332
83708230,1271,750,925,75,0,83708230,1.1363719904429332
83719222,1283,817,918,75,0,83719222,1.1363719904429332
83731506,1171,745,852,75,0,83731506,1.1363719904429332
83743659,1139,728,891,75,0,83743659,1.1363719904429332
83759970,1168,779,801,75,0,83759970,1.1363719904429332
83771879,1205,772,909,75,0,83771879,1.1363719904429332
83785289,1170,786,924,75,0,83785289,1.1363719904429332
83796251,1069,811,918,75,0,83796251,1.1363719904429332
83813037,1258,750,905,75,0,83813037,1.1363719904429332
83826328,1270,828,917,75,0,83826328,1.1363719904429332
83842396,1257,850,920,75,0,83842396,1.1363719904429332
83852846,1238,874,931,75,0,83852846,1.1363719904429332
83864881,1272,852,932,75,0,83864881,1.1363719904429332
83876928,1225,861,878,75,0,83876928,1.1363719904429332
83888902,1150,822,868,75,0,83888902,1.1363719904429332
83903093,1072,819,922,75,0,83903093,1.1363719904429332
83915182,1213,776,924,75,0,83915182,1.1363719904429332
83927681,1216,822,929,75,0,83927681,1.1363719904429332
83940916,1214,757,894,75,0,83940916,1.1363719904429332
83951789,1175,850,923,75,0,83951789,1.1363719904429332
83964155,1189,728,910,75,0,83964155,1.1363719904429332
83976115,1169,700,903,75,0,83976115,1.1363719904429332
83990078,1259,863,922,75,0,83990078,1.1363719904429332
84000774,1324,778,918,75,0,84000774,1.1363719904429332
84011357,1271,797,850,75,0,84011357,1.1363719904429332
84024734,1204,787,908,75,0,84024734,1.1363719904429332
84038766,1233,760,917,75,0,84038766,1.1363719904429332
84053218,1281,798,918,75,0,84053218,1.1363719904429332
84063263,1300,816,909,75,0,84063263,1.1363719904429332
84075601,1338,905,940,75,0,84075601,1.1363719904429332
84085414,1380,899,945,75,0,84085414,1.1363719904429332
84101429,1390,914,924,75,0,84101429,1.1363719904429332
84114495,1369,923,912,75,0,84114495,1.1363719904429332
84126319,1413,931,897,75,0,84126319,1.1363719904429332
84137412,1386,969,922,75,0,84137412,1.1363719904429332
84149714,1340,908,893,75,0,84149714,1.1363719904429332
84160637,1263,827,931,75,0,84160637,1.1363719904429332
84177225,1255,821,929,75,0,84177225,1.1363719904429332
84188239,1242,830,930,75,0,84188239,1.1363719904429332
84202644,1185,864,928,75,0,84202644,1.1363719904429332
84216220,1252,807,932,75,0,84216220,1.1363719904429332
84227721,1190,806,934,75,0,84227721,1.1363719904429332
84240143,1209,849,889,75,0,84240143,1.1363719904429332
84252247,1257,817,921,75,0,84252247,1.1363719904429332
84264986,1287,818,939,75,0,84264986,1.1363719904429332
84276417,1249,860,951,75,0,84276417,1.1363719904429332
84289703,1224,804,924,75,0,84289703,1.1363719904429332
84301412,1194,744,919,75,0,84301412,1.1363719904429332
84313634,1186,822,902,75,0,84313634,1.1363719904429332
84325513,1147,817,921,75,0,84325513,1.1363719904429332
84337362,1131,773,939,75,0,84337362,1.1363719904429332
84350932,1133,756,896,75,0,84350932,1.1363719904429332
84362591,1196,771,893,75,0,84362591,1.1363719904429332
84379383,1188,749,921,75,0,84379383,1.1363719904429332
84393378,1218,824,891,75,0,84393378,1.1363719904429332
84407114,1214,763,891,75,0,84407114,1.1363719904429332
84421535,1208,834,829,75,0,84421535,1.1363719904429332
84461813,1139,771,908,76,0,84461813,1.1272743980885866
84482617,1229,752,881,76,0,84482617,1.1272743980885866
84499046,1320,822,870,76,0,84499046,1.1272743980885866
84512004,1289,771,913,76,0,84512004,1.1272743980885866
84524748,1308,833,937,76,0,84524748,1.1272743980885866
84541922,1268,792,908,76,0,84541922,1.1272743980885866
84552057,1309,780,923,76,0,84552057,1.1272743980885866
84564824,1325,837,930,76,0,84564824,1.1272743980885866
84581614,1290,833,924,76,0,84581614,1.1272743980885866
84593783,1250,777,898,76,0,84593783,1.1272743980885866
84605801,1262,805,931,76,0,84605801,1.1272743980885866
84620652,1303,850,917,76,0,84620652,1.1272743980885866
84630808,1345,851,936,76,0,84630808,1.1272743980885866
84643758,1326,864,930,76,0,84643758,1.1272743980885866
84656804,1298,886,862,76,0,84656804,1.1272743980885866
84666913,1284,836,909,76,0,84666913,1.1272743980885866
84677798,1296,820,845,76,0,84677798,1.1272743980885866
84689504,1252,812,925,76,0,84689504,1.1272743980885866
84700523,1282,821,923,76,0,84700523,1.1272743980885866
84712315,1245,866,884,76,0,84712315,1.1272743980885866
84721650,1268,838,925,76,0,84721650,1.1272743980885866
84735291,1160,808,917,76,0,84735291,1.1272743980885866
84747313,1196,779,909,76,0,84747313,1.1272743980885866
84758774,1202,778,884,76,0,84758774,1.1272743980885866
84773612,1228,830,904,76,0,84773612,1.1272743980885866
84783505,1237,838,899,76,0,84783505,1.1272743980885866
84796592,1200,809,915,76,0,84796592,1.1272743980885866
84808209,1183,801,883,76,0,84808209,1.1272743980885866
84820340,1210,786,922,76,0,84820340,1.1272743980885866
84834804,1229,835,940,76,0,84834804,1.1272743980885866
84849547,1270,832,836,76,0,84849547,1.1272743980885866
84866344,1235,821,922,76,0,84866344,1.1272743980885866
84878082,1199,835,897,76,0,84878082,1.1272743980885866
660096,1044,520,8,76,0,660096,1.1272743980885866
84912244,1244,853,926,76,0,84912244,1.1272743980885866
84929430,1254,854,930,76,0,84929430,1.1272743980885866
84943205,1240,802,940,76,0,84943205,1.1272743980885866
84955147,1195,817,921,76,0,84955147,1.1272743980885866
84966051,1194,804,931,76,0,84966051,1.1272743980885866
84976106,1201,810,918,76,0,84976106,1.1272743980885866
84987944,1146,826,873,76,0,84987944,1.1272743980885866
84997869,1200,927,932,76,0,84997869,1.1272743980885866
85011482,1209,804,914,76,0,85011482,1.1272743980885866
85024029,1174,780,915,76,0,85024029,1.1272743980885866
85036094,1192,799,778,76,0,85036094,1.1272743980885866
85052819,1280,843,937,76,0,85052819,1.1272743980885866
85061627,1218,852,920,76,0,85061627,1.1272743980885866
85072743,1243,830,910,76,0,85072743,1.1272743980885866
85083271,1221,819,921,76,0,85083271,1.1272743980885866
85096389,1203,777,901,76,0,85096389,1.1272743980885866
85108406,1229,813,919,76,0,85108406,1.1272743980885866
85121765,1233,798,920,76,0,85121765,1.1272743980885866
85134578,1296,811,926,76,0,85134578,1.1272743980885866
85148310,1281,811,921,76,0,85148310,1.1272743980885866
85162533,1257,797,912,76,0,85162533,1.1272743980885866
85174106,1232,772,835,76,0,85174106,1.1272743980885866
85187877,1217,808,925,76,0,85187877,1.1272743980885866
85206408,1245,819,932,76,0,85206408,1.1272743980885866
85216173,1224,809,936,76,0,85216173,1.1272743980885866
85228107,1222,795,926,76,0,85228107,1.1272743980885866
85240741,1177,781,923,76,0,85240741,1.1272743980885866
85252795,1205,781,931,76,0,85252795,1.1272743980885866
85265707,1261,811,918,76,0,85265707,1.1272743980885866
85276699,1213,850,914,76,0,85276699,1.1272743980885866
85291285,1256,824,936,76,0,85291285,1.1272743980885866
85301400,1186,786,925,76,0,85301400,1.1272743980885866
85314527,1120,786,898,76,0,85314527,1.1272743980885866
85325466,1180,762,906,76,0,85325466,1.1272743980885866
85338999,1243,826,896,76,0,85338999,1.1272743980885866
85350705,1226,860,937,76,0,85350705,1.1272743980885866
85363104,1270,844,932,76,0,85363104,1.1272743980885866
85375210,1267,848,935,76,0,85375210,1.1272743980885866
85385577,1232,838,931,76,0,85385577,1.1272743980885866
85398166,1256,809,936,76,0,85398166,1.1272743980885866
85411492,1274,843,945,76,0,85411492,1.1272743980885866
85423416,1248,860,926,76,0,85423416,1.1272743980885866
85435988,1234,833,933,76,0,85435988,1.1272743980885866
85446510,1202,780,923,76,0,85446510,1.1272743980885866
85460898,1176,1450,882,76,0,85460898,1.1272743980885866
85472931,1192,800,910,76,0,85472931,1.1272743980885866
85482787,1212,824,882,76,0,85482787,1.1272743980885866
85493922,1188,851,920,76,0,85493922,1.1272743980885866
85505414,1248,842,925,76,0,85505414,1.1272743980885866
85515488,1222,837,945,76,0,85515488,1.1272743980885866
85528026,1219,804,918,76,0,85528026,1.1272743980885866
85541539,1196,814,870,76,0,85541539,1.1272743980885866
85553362,1220,813,938,76,0,85553362,1.1272743980885866
85566540,1284,838,932,76,0,85566540,1.1272743980885866
85579665,1241,849,937,76,0,85579665,1.1272743980885866
85591784,1245,742,937,76,0,85591784,1.1272743980885866
85604627,1232,876,937,76,0,85604627,1.1272743980885866
85615041,1249,881,939,76,0,85615041,1.1272743980885866
85627929,1224,841,910,76,0,85627929,1.1272743980885866
85638243,1456,824,905,76,0,85638243,1.1272743980885866
85651703,1242,789,920,76,0,85651703,1.1272743980885866
85667890,1171,808,931,76,0,85667890,1.1272743980885866
85680157,1188,784,920,76,0,85680157,1.1272743980885866
85692480,1139,841,905,76,0,85692480,1.1272743980885866
85705863,1170,875,934,76,0,85705863,1.1272743980885866
85719676,1199,785,925,76,0,85719676,1.1272743980885866
85730451,1176,810,924,76,0,85730451,1.1272743980885866
85743353,1103,787,877,76,0,85743353,1.1272743980885866
85755484,1179,779,866,76,0,85755484,1.1272743980885866
85767633,1125,856,926,76,0,85767633,1.1272743980885866
85778998,1202,686,931,76,0,85778998,1.1272743980885866
85792400,1221,754,904,76,0,85792400,1.1272743980885866
85802507,1169,793,860,76,0,85802507,1.1272743980885866
85815181,1122,762,925,76,0,85815181,1.1272743980885866
85826083,1181,777,885,76,0,85826083,1.1272743980885866
85838977,1130,749,884,76,0,85838977,1.1272743980885866
85845568,142,529,128,76,0,85845568,1.1272743980885866
85864067,1190,794,904,76,0,85864067,1.1272743980885866
85875813,1185,803,925,76,0,85875813,1.1272743980885866
85888360,1148,752,916,76,0,85888360,1.1272743980885866
85901415,1198,822,928,76,0,85901415,1.1272743980885866
85913037,1237,833,852,76,0,85913037,1.1272743980885866
85925343,1282,870,926,76,0,85925343,1.1272743980885866
85938111,1225,750,912,76,0,85938111,1.1272743980885866
85950397,1201,761,925,76,0,85950397,1.1272743980885866
85960701,1265,838,922,76,0,85960701,1.1272743980885866
85972316,1218,836,925,76,0,85972316,1.1272743980885866
85983891,1233,821,905,76,0,85983891,1.1272743980885866
85995735,1197,807,929,76,0,85995735,1.1272743980885866
86007217,1164,806,931,76,0,86007217,1.1272743980885866
86019696,1153,794,916,76,0,86019696,1.1272743980885866
86033217,1213,840,930,76,0,86033217,1.1272743980885866
86045744,1200,885,933,76,0,86045744,1.1272743980885866
86057364,1211,861,922,76,0,86057364,1.1272743980885866
86068965,1212,793,900,76,0,86068965,1.1272743980885866
86080746,1190,785,914,76,0,86080746,1.1272743980885866
86093611,1154,794,915,76,0,86093611,1.1272743980885866
86129820,1258,844,937,77,0,86129820,1.1385774673773204
86141156,1201,842,933,77,0,86141156,1.1385774673773204
86152856,1198,845,929,77,0,86152856,1.1385774673773204
86165957,1203,850,923,77,0,86165957,1.1385774673773204
86177797,1172,849,932,77,0,86177797,1.1385774673773204
86191594,1202,844,933,77,0,86191594,1.1385774673773204
86202222,1268,768,876,77,0,86202222,1.1385774673773204
86214239,1173,769,934,77,0,86214239,1.1385774673773204
86224268,1156,776,935,77,0,86224268,1.1385774673773204
86236658,1173,798,923,77,0,86236658,1.1385774673773204
86250954,1149,771,930,77,0,86250954,1.1385774673773204
86261443,1212,849,940,77,0,86261443,1.1385774673773204
86273115,1243,834,904,77,0,86273115,1.1385774673773204
86284176,1176,776,925,77,0,86284176,1.1385774673773204
86299543,1188,794,916,77,0,86299543,1.1385774673773204
86314616,1221,816,922,77,0,86314616,1.1385774673773204
86326916,1156,820,905,77,0,86326916,1.1385774673773204
86339560,1246,812,933,77,0,86339560,1.1385774673773204
86351503,1163,781,909,77,0,86351503,1.1385774673773204
86364553,1098,742,897,77,0,86364553,1.1385774673773204
86375595,1132,1170,923,77,0,86375595,1.1385774673773204
86389384,1172,817,933,77,0,86389384,1.1385774673773204
86405875,1242,757,921,77,0,86405875,1.1385774673773204
86416300,1238,782,912,77,0,86416300,1.1385774673773204
86427462,1219,813,936,77,0,86427462,1.1385774673773204
86439957,1173,829,901,77,0,86439957,1.1385774673773204
86451838,1183,853,931,77,0,86451838,1.1385774673773204
86467385,1216,824,915,77,0,86467385,1.1385774673773204
86477378,1263,816,884,77,0,86477378,1.1385774673773204
86488844,1270,814,930,77,0,86488844,1.1385774673773204
86499033,1240,796,889,77,0,86499033,1.1385774673773204
86512305,1153,747,918,77,0,86512305,1.1385774673773204
86524998,1200,766,920,77,0,86524998,1.1385774673773204
86538780,1228,824,916,77,0,86538780,1.1385774673773204
86550422,1280,813,931,77,0,86550422,1.1385774673773204
86563869,1206,768,926,77,0,86563869,1.1385774673773204
86575129,1180,760,910,77,0,86575129,1.1385774673773204
86586885,1185,781,914,77,0,86586885,1.1385774673773204
86599111,1188,812,922,77,0,86599111,1.1385774673773204
86610596,1212,1248,944,77,0,86610596,1.1385774673773204
86623888,1228,842,923,77,0,86623888,1.1385774673773204
86636714,1222,825,926,77,0,86636714,1.1385774673773204
86647874,1201,777,919,77,0,86647874,1.1385774673773204
86661455,1049,786,923,77,0,86661455,1.1385774673773204
86677470,1148,844,929,77,0,86677470,1.1385774673773204
86689590,1197,763,921,77,0,86689590,1.1385774673773204
86700852,1177,574,894,77,0,86700852,1.1385774673773204
86713047,1146,718,904,77,0,86713047,1.1385774673773204
86727040,1177,742,924,77,0,86727040,1.1385774673773204
86741528,1209,746,903,77,0,86741528,1.1385774673773204
86752790,1250,792,914,77,0,86752790,1.1385774673773204
86765100,1234,763,906,77,0,86765100,1.1385774673773204
86776724,1224,761,926,77,0,86776724,1.1385774673773204
86789030,1204,772,920,77,0,86789030,1.1385774673773204
86800740,1190,792,877,77,0,86800740,1.1385774673773204
86811827,1214,752,918,77,0,86811827,1.1385774673773204
86825263,1234,859,938,77,0,86825263,1.1385774673773204
86835103,1225,704,916,77,0,86835103,1.1385774673773204
86845698,1210,744,905,77,0,86845698,1.1385774673773204
86856746,1134,776,891,77,0,86856746,1.1385774673773204
86866580,1147,788,915,77,0,86866580,1.1385774673773204
86878509,1036,777,920,77,0,86878509,1.1385774673773204
86888793,983,806,921,77,0,86888793,1.1385774673773204
86905316,1216,707,894,77,0,86905316,1.1385774673773204
86920180,1077,689,912,77,0,86920180,1.1385774673773204
86930634,1154,717,913,77,0,86930634,1.1385774673773204
86943617,1189,790,917,77,0,86943617,1.1385774673773204
86955122,1203,769,902,77,0,86955122,1.1385774673773204
86967482,1239,749,896,77,0,86967482,1.1385774673773204
86979571,1179,748,906,77,0,86979571,1.1385774673773204
86990013,1222,771,913,77,0,86990013,1.1385774673773204
87004910,1161,761,922,77,0,87004910,1.1385774673773204
87016267,1250,798,925,77,0,87016267,1.1385774673773204
87029156,1265,796,882,77,0,87029156,1.1385774673773204
87042555,1232,720,929,77,0,87042555,1.1385774673773204
87057484,1188,747,896,77,0,87057484,1.1385774673773204
87070147,1209,745,920,77,0,87070147,1.1385774673773204
87081487,1245,810,915,77,0,87081487,1.1385774673773204
87095037,1229,846,918,77,0,87095037,1.1385774673773204
87105351,1232,832,918,77,0,87105351,1.1385774673773204
87117900,1190,751,901,77,0,87117900,1.1385774673773204
87129217,1209,788,922,77,0,87129217,1.1385774673773204
87144752,1172,782,908,77,0,87144752,1.1385774673773204
87156356,1221,811,934,77,0,87156356,1.1385774673773204
87168092,1221,856,932,77,0,87168092,1.1385774673773204
87179619,1238,787,920,77,0,87179619,1.1385774673773204
87192529,1218,742,859,77,0,87192529,1.1385774673773204
87203777,1203,747,929,77,0,87203777,1.1385774673773204
87216207,1218,824,928,77,0,87216207,1.1385774673773204
87229209,1225,824,889,77,0,87229209,1.1385774673773204
87244580,1256,775,936,77,0,87244580,1.1385774673773204
87259064,1187,777,922,77,0,87259064,1.1385774673773204
87274100,1157,755,919,77,0,87274100,1.1385774673773204
87285540,1142,763,915,77,0,87285540,1.1385774673773204
87295579,1135,791,925,77,0,87295579,1.1385774673773204
87310694,1209,800,924,77,0,87310694,1.1385774673773204
87323017,1228,782,922,77,0,87323017,1.1385774673773204
87340269,1184,763,911,77,0,87340269,1.1385774673773204
87355275,1179,788,925,77,0,87355275,1.1385774673773204
87366805,1189,824,930,77,0,87366805,1.1385774673773204
87380227,1219,824,938,77,0,87380227,1.1385774673773204
87389766,1181,747,907,77,0,87389766,1.1385774673773204
87404687,1158,789,779,77,0,87404687,1.1385774673773204
87414322,1143,750,887,77,0,87414322,1.1385774673773204
87425144,1144,826,919,77,0,87425144,1.1385774673773204
87438448,1201,822,925,77,0,87438448,1.1385774673773204
87451439,1239,821,921,77,0,87451439,1.1385774673773204
87463734,1213,755,909,77,0,87463734,1.1385774673773204
87477131,1093,764,925,77,0,87477131,1.1385774673773204
87491076,1179,774,909,77,0,87491076,1.1385774673773204
87502288,1205,853,926,77,0,87502288,1.1385774673773204
87516129,1200,844,915,77,0,87516129,1.1385774673773204
87529063,1230,782,924,77,0,87529063,1.1385774673773204
87543307,1179,810,932,77,0,87543307,1.1385774673773204
87557532,1141,764,886,77,0,87557532,1.1385774673773204
87570738,1225,811,920,77,0,87570738,1.1385774673773204
87581352,1212,778,916,77,0,87581352,1.1385774673773204
87592267,1256,796,906,77,0,87592267,1.1385774673773204
87604816,1256,790,923,77,0,87604816,1.1385774673773204
87617131,1226,792,902,77,0,87617131,1.1385774673773204
87627046,1242,745,930,77,0,87627046,1.1385774673773204
87639782,1244,778,906,77,0,87639782,1.1385774673773204
87652736,1270,782,887,77,0,87652736,1.1385774673773204
87664255,1328,820,930,77,0,87664255,1.1385774673773204
87675235,1284,794,920,77,0,87675235,1.1385774673773204
87691850,1264,754,885,77,0,87691850,1.1385774673773204
87702186,1275,778,911,77,0,87702186,1.1385774673773204
87719232,1266,867,913,77,0,87719232,1.1385774673773204
87731544,1257,825,923,77,0,87731544,1.1385774673773204
87745257,1246,794,934,77,0,87745257,1.1385774673773204
87756440,1232,779,918,77,0,87756440,1.1385774673773204
87768340,1185,794,918,77,0,87768340,1.1385774673773204
87781345,1262,802,924,77,0,87781345,1.1385774673773204
87792894,1243,841,925,77,0,87792894,1.1385774673773204
87808177,1339,814,896,77,0,87808177,1.1385774673773204
87820840,1219,789,929,77,0,87820840,1.1385774673773204
87834897,1220,752,908,77,0,87834897,1.1385774673773204
87849458,1198,809,913,77,0,87849458,1.1385774673773204
87860120,1205,824,913,77,0,87860120,1.1385774673773204
87872268,1276,823,926,77,0,87872268,1.1385774673773204
87883883,1280,815,914,77,0,87883883,1.1385774673773204
87896324,1232,782,893,77,0,87896324,1.1385774673773204
87907172,1233,801,915,77,0,87907172,1.1385774673773204
87921137,1284,795,913,77,0,87921137,1.1385774673773204
87932830,1259,813,890,77,0,87932830,1.1385774673773204
87945893,1258,845,928,77,0,87945893,1.1385774673773204
87963577,1205,772,901,77,0,87963577,1.1385774673773204
87975506,1217,755,769,77,0,87975506,1.1385774673773204
87986492,1224,796,831,77,0,87986492,1.1385774673773204
87997910,1213,819,928,77,0,87997910,1.1385774673773204
88012583,1241,814,890,77,0,88012583,1.1385774673773204
88024150,1256,787,869,77,0,88024150,1.1385774673773204
88035603,1197,926,917,77,0,88035603,1.1385774673773204
88048360,1236,778,937,77,0,88048360,1.1385774673773204
88064615,1282,842,911,77,0,88064615,1.1385774673773204
88076079,1260,838,922,77,0,88076079,1.1385774673773204
88088893,1315,837,940,77,0,88088893,1.1385774673773204
88099478,1273,841,933,77,0,88099478,1.1385774673773204
88116629,1245,814,934,77,0,88116629,1.1385774673773204
88129086,1239,825,773,77,0,88129086,1.1385774673773204
88144541,1222,813,929,77,0,88144541,1.1385774673773204
88156389,1256,804,945,77,0,88156389,1.1385774673773204
88170294,1282,819,937,77,0,88170294,1.1385774673773204
88184844,1297,816,917,77,0,88184844,1.1385774673773204
88196201,1302,784,928,77,0,88196201,1.1385774673773204
88206132,1293,794,925,77,0,88206132,1.1385774673773204
88220734,1302,812,928,77,0,88220734,1.1385774673773204
88235405,1313,842,933,77,0,88235405,1.1385774673773204
88250072,1264,776,929,77,0,88250072,1.1385774673773204
88263143,1224,812,885,77,0,88263143,1.1385774673773204
88275220,1269,852,936,77,0,88275220,1.1385774673773204
88289951,1221,878,921,77,0,88289951,1.1385774673773204
88303778,1188,848,907,77,0,88303778,1.1385774673773204
88317304,1224,806,937,77,0,88317304,1.1385774673773204
88330323,1220,794,833,77,0,88330323,1.1385774673773204
88342441,1187,788,880,77,0,88342441,1.1385774673773204
88354206,1211,824,925,77,0,88354206,1.1385774673773204
88365131,1210,800,923,77,0,88365131,1.1385774673773204
88377360,1220,856,908,77,0,88377360,1.1385774673773204
88391095,1195,853,907,77,0,88391095,1.1385774673773204
88401683,1196,834,884,77,0,88401683,1.1385774673773204
88414252,1176,791,921,77,0,88414252,1.1385774673773204
88426701,1153,752,916,77,0,88426701,1.1385774673773204
88438065,1196,780,929,77,0,88438065,1.1385774673773204
88451669,1244,834,937,77,0,88451669,1.1385774673773204
88463159,1290,827,870,77,0,88463159,1.1385774673773204
88473716,1248,818,906,77,0,88473716,1.1385774673773204
88485684,1266,817,939,77,0,88485684,1.1385774673773204
88496497,1286,865,938,77,0,88496497,1.1385774673773204
88511240,1226,836,933,77,0,88511240,1.1385774673773204
88526239,1250,812,852,77,0,88526239,1.1385774673773204
88538007,1233,785,912,77,0,88538007,1.1385774673773204
88548374,1247,783,929,77,0,88548374,1.1385774673773204
88560827,1227,774,922,77,0,88560827,1.1385774673773204
88572739,1180,793,861,77,0,88572739,1.1385774673773204
88589401,1276,843,930,77,0,88589401,1.1385774673773204
88599832,1301,898,924,77,0,88599832,1.1385774673773204
88612075,1261,832,931,77,0,88612075,1.1385774673773204
88623980,1178,808,890,77,0,88623980,1.1385774673773204
88637620,1202,800,921,77,0,88637620,1.1385774673773204
88655384,1264,900,942,77,0,88655384,1.1385774673773204
88668340,1212,918,922,77,0,88668340,1.1385774673773204
88682224,1196,800,900,77,0,88682224,1.1385774673773204
88691879,1139,790,898,77,0,88691879,1.1385774673773204
88704427,1130,805,909,77,0,88704427,1.1385774673773204
88717949,1086,818,936,77,0,88717949,1.1385774673773204
88730149,1001,827,896,77,0,88730149,1.1385774673773204
88746053,1154,731,854,77,0,88746053,1.1385774673773204
88758955,1225,709,917,77,0,88758955,1.1385774673773204
88770223,1249,757,907,77,0,88770223,1.1385774673773204
88783936,1205,770,909,77,0,88783936,1.1385774673773204
88798733,1226,749,914,77,0,88798733,1.1385774673773204
88812838,1275,882,859,77,0,88812838,1.1385774673773204
88823837,1250,817,925,77,0,88823837,1.1385774673773204
88836475,1216,763,922,77,0,88836475,1.1385774673773204
88847147,1176,734,851,77,0,88847147,1.1385774673773204
88860853,1200,774,918,77,0,88860853,1.1385774673773204
88875091,1251,782,897,77,0,88875091,1.1385774673773204
88888990,1281,814,930,77,0,88888990,1.1385774673773204
88915897,1235,856,889,78,0,88915897,1.1717515162653924
88934689,1186,848,908,78,0,88934689,1.1717515162653924
88950159,1232,815,932,78,0,88950159,1.1717515162653924
88962769,1186,836,844,78,0,88962769,1.1717515162653924
88976024,1228,766,908,78,0,88976024,1.1717515162653924
88990315,1160,771,912,78,0,88990315,1.1717515162653924
89004734,1167,748,891,78,0,89004734,1.1717515162653924
89018873,1176,749,924,78,0,89018873,1.1717515162653924
89029551,1259,746,922,78,0,89029551,1.1717515162653924
89040776,1284,761,932,78,0,89040776,1.1717515162653924
89057074,1300,829,932,78,0,89057074,1.1717515162653924
89072657,1285,845,923,78,0,89072657,1.1717515162653924
89083258,1308,845,926,78,0,89083258,1.1717515162653924
89093454,1298,845,945,78,0,89093454,1.1717515162653924
89106404,1285,810,912,78,0,89106404,1.1717515162653924
89117262,1250,807,914,78,0,89117262,1.1717515162653924
89130118,1201,840,931,78,0,89130118,1.1717515162653924
89140692,1178,802,917,78,0,89140692,1.1717515162653924
89152566,1193,797,933,78,0,89152566,1.1717515162653924
89163042,1226,819,928,78,0,89163042,1.1717515162653924
89178342,1248,837,904,78,0,89178342,1.1717515162653924
89195872,1246,830,916,78,0,89195872,1.1717515162653924
89208670,1203,846,844,78,0,89208670,1.1717515162653924
89223184,1275,848,940,78,0,89223184,1.1717515162653924
89241776,1245,841,922,78,0,89241776,1.1717515162653924
89254277,1169,862,918,78,0,89254277,1.1717515162653924
89268270,1242,731,878,78,0,89268270,1.1717515162653924
89279264,1192,741,906,78,0,89279264,1.1717515162653924
89290620,1136,722,885,78,0,89290620,1.1717515162653924
89302837,1168,796,934,78,0,89302837,1.1717515162653924
89318496,1232,787,832,78,0,89318496,1.1717515162653924
89329512,1198,785,891,78,0,89329512,1.1717515162653924
89342949,1182,720,911,78,0,89342949,1.1717515162653924
89353908,1169,744,847,78,0,89353908,1.1717515162653924
89364502,1138,777,915,78,0,89364502,1.1717515162653924
89376544,1176,760,912,78,0,89376544,1.1717515162653924
89387594,1267,808,865,78,0,89387594,1.1717515162653924
89399133,1297,835,882,78,0,89399133,1.1717515162653924
89412720,1236,857,928,78,0,89412720,1.1717515162653924
89431817,1204,859,929,78,0,89431817,1.1717515162653924
89443147,1204,854,931,78,0,89443147,1.1717515162653924
89454342,1216,842,930,78,0,89454342,1.1717515162653924
89467093,1070,834,932,78,0,89467093,1.1717515162653924
89479427,1145,846,935,78,0,89479427,1.1717515162653924
89491604,1204,848,929,78,0,89491604,1.1717515162653924
89503667,1182,826,932,78,0,89503667,1.1717515162653924
89513663,1131,770,924,78,0,89513663,1.1717515162653924
89529841,1243,794,913,78,0,89529841,1.1717515162653924
89541310,1152,760,834,78,0,89541310,1.1717515162653924
89555346,1174,751,890,78,0,89555346,1.1717515162653924
89568139,1227,715,901,78,0,89568139,1.1717515162653924
89580596,1179,753,924,78,0,89580596,1.1717515162653924
89596652,1204,752,906,78,0,89596652,1.1717515162653924
89610051,1231,783,900,78,0,89610051,1.1717515162653924
89621942,1236,806,903,78,0,89621942,1.1717515162653924
89635558,1271,810,923,78,0,89635558,1.1717515162653924
89649783,1286,765,923,78,0,89649783,1.1717515162653924
89660476,1304,812,922,78,0,89660476,1.1717515162653924
89673598,1289,837,918,78,0,89673598,1.1717515162653924
89684865,1354,886,904,78,0,89684865,1.1717515162653924
89698442,1356,917,926,78,0,89698442,1.1717515162653924
89727201,1201,801,924,79,0,89727201,1.131133982723764
89741429,1189,753,896,79,0,89741429,1.131133982723764
89753674,1160,750,768,79,0,89753674,1.131133982723764
89766461,1060,757,920,79,0,89766461,1.131133982723764
89779018,1176,779,891,79,0,89779018,1.131133982723764
89790518,1209,773,866,79,0,89790518,1.131133982723764
89801553,1181,774,877,79,0,89801553,1.131133982723764
89813086,1206,782,926,79,0,89813086,1.131133982723764
89824507,1241,825,829,79,0,89824507,1.131133982723764
89841478,1158,804,928,79,0,89841478,1.131133982723764
89853204,1205,572,932,79,0,89853204,1.131133982723764
89865200,1198,776,921,79,0,89865200,1.131133982723764
89881476,1117,776,916,79,0,89881476,1.131133982723764
89893110,1148,747,848,79,0,89893110,1.131133982723764
89906266,1236,784,925,79,0,89906266,1.131133982723764
89920261,1004,826,907,79,0,89920261,1.131133982723764
89932786,1257,798,904,79,0,89932786,1.131133982723764
89943483,1210,739,913,79,0,89943483,1.131133982723764
89955231,1163,765,901,79,0,89955231,1.131133982723764
89967350,1142,744,915,79,0,89967350,1.131133982723764
89979813,1218,783,915,79,0,89979813,1.131133982723764
89992250,1186,753,917,79,0,89992250,1.131133982723764
90005428,1252,779,929,79,0,90005428,1.131133982723764
90017216,1241,777,915,79,0,90017216,1.131133982723764
90030688,1199,757,848,79,0,90030688,1.131133982723764
90045260,1264,806,919,79,0,90045260,1.131133982723764
90057037,1247,859,928,79,0,90057037,1.131133982723764
90069643,1212,825,913,79,0,90069643,1.131133982723764
90079373,1248,793,929,79,0,90079373,1.131133982723764
90091721,1168,765,920,79,0,90091721,1.131133982723764
90102352,1146,762,883,79,0,90102352,1.131133982723764
90113522,1211,769,876,79,0,90113522,1.131133982723764
90123975,1277,848,929,79,0,90123975,1.131133982723764
90137701,1352,841,902,79,0,90137701,1.131133982723764
90150428,1361,856,929,79,0,90150428,1.131133982723764
90161491,1288,852,922,79,0,90161491,1.131133982723764
90195907,1242,799,924,79,0,90195907,1.131133982723764
90210953,1242,777,885,79,0,90210953,1.131133982723764
90222241,1314,794,921,79,0,90222241,1.131133982723764
90233639,1276,812,872,79,0,90233639,1.131133982723764
90245324,1251,835,941,79,0,90245324,1.131133982723764
90258642,1302,861,933,79,0,90258642,1.131133982723764
90272550,1233,833,933,79,0,90272550,1.131133982723764
90284022,1227,834,936,79,0,90284022,1.131133982723764
90295842,1260,800,933,79,0,90295842,1.131133982723764
90308262,1152,769,921,79,0,90308262,1.131133982723764
90320128,1173,773,871,79,0,90320128,1.131133982723764
90331934,1233,817,845,79,0,90331934,1.131133982723764
90341265,1273,819,938,79,0,90341265,1.131133982723764
90352220,1226,862,915,79,0,90352220,1.131133982723764
90361998,1219,865,898,79,0,90361998,1.131133982723764
90373990,1201,787,923,79,0,90373990,1.131133982723764
90386216,1208,773,923,79,0,90386216,1.131133982723764
90396757,1194,746,893,79,0,90396757,1.131133982723764
90409523,1181,786,918,79,0,90409523,1.131133982723764
90421715,1212,838,912,79,0,90421715,1.131133982723764
90437231,1280,813,933,79,0,90437231,1.131133982723764
90449958,1207,794,896,79,0,90449958,1.131133982723764
90460209,1184,787,891,79,0,90460209,1.131133982723764
90471854,1173,778,905,79,0,90471854,1.131133982723764
90483882,1166,790,917,79,0,90483882,1.131133982723764
90497371,1218,777,898,79,0,90497371,1.131133982723764
90509634,1234,781,910,79,0,90509634,1.131133982723764
90522423,1213,751,915,79,0,90522423,1.131133982723764
90536367,1155,721,880,79,0,90536367,1.131133982723764
90553384,1225,806,943,79,0,90553384,1.131133982723764
90566067,1264,819,921,79,0,90566067,1.131133982723764
90583868,1278,810,929,79,0,90583868,1.131133982723764
90597388,1200,737,857,79,0,90597388,1.131133982723764
90611876,1213,769,897,79,0,90611876,1.131133982723764
90622301,1237,796,916,79,0,90622301,1.131133982723764
90635014,1256,829,941,79,0,90635014,1.131133982723764
90648544,1253,815,885,79,0,90648544,1.131133982723764
90660633,1240,796,905,79,0,90660633,1.131133982723764
90672532,1232,774,893,79,0,90672532,1.131133982723764
90685261,1261,745,925,79,0,90685261,1.131133982723764
90701166,1288,786,898,79,0,90701166,1.131133982723764
90711048,1304,812,929,79,0,90711048,1.131133982723764
90722137,1259,811,922,79,0,90722137,1.131133982723764
90734774,1237,777,851,79,0,90734774,1.131133982723764
90747154,1209,787,868,79,0,90747154,1.131133982723764
90760837,1203,794,923,79,0,90760837,1.131133982723764
90772207,618,819,923,79,0,90772207,1.131133982723764
90784817,1270,799,921,79,0,90784817,1.131133982723764
90797711,1234,797,901,79,0,90797711,1.131133982723764
90815380,1204,745,888,79,0,90815380,1.131133982723764
90829615,1227,776,915,79,0,90829615,1.131133982723764
90843924,1272,781,921,79,0,90843924,1.131133982723764
90854559,1264,808,925,79,0,90854559,1.131133982723764
90868734,1272,810,908,79,0,90868734,1.131133982723764
90883148,1219,766,819,79,0,90883148,1.131133982723764
90895343,1245,748,914,79,0,90895343,1.131133982723764
90905951,1243,754,920,79,0,90905951,1.131133982723764
90919625,1253,828,942,79,0,90919625,1.131133982723764
90931330,1299,827,890,79,0,90931330,1.131133982723764
90942048,1286,804,884,79,0,90942048,1.131133982723764
90953681,1221,795,928,79,0,90953681,1.131133982723764
90965665,1214,760,920,79,0,90965665,1.131133982723764
90978086,1259,838,914,79,0,90978086,1.131133982723764
90991832,1299,827,916,79,0,90991832,1.131133982723764
91004666,1306,836,927,79,0,91004666,1.131133982723764
91015854,1286,829,925,79,0,91015854,1.131133982723764
91029381,1236,748,893,79,0,91029381,1.131133982723764
91042157,1193,791,925,79,0,91042157,1.131133982723764
91053912,1243,789,881,79,0,91053912,1.131133982723764
91065172,1261,827,906,79,0,91065172,1.131133982723764
91077335,1302,831,909,79,0,91077335,1.131133982723764
91088581,1275,778,909,79,0,91088581,1.131133982723764
91099362,1251,773,929,79,0,91099362,1.131133982723764
91112151,1230,782,921,79,0,91112151,1.131133982723764
91124923,1285,806,888,79,0,91124923,1.131133982723764
91137143,1267,819,927,79,0,91137143,1.131133982723764
91149419,1316,836,925,79,0,91149419,1.131133982723764
91165219,1267,785,888,79,0,91165219,1.131133982723764
91172902,32,512,160,79,0,91172902,1.131133982723764
91185876,1247,859,939,79,0,91185876,1.131133982723764
91198815,1244,822,933,79,0,91198815,1.131133982723764
91212577,1232,829,937,79,0,91212577,1.131133982723764
91223992,1227,805,931,79,0,91223992,1.131133982723764
91236997,1173,735,929,79,0,91236997,1.131133982723764
91248419,1219,781,908,79,0,91248419,1.131133982723764
91261183,1236,792,902,79,0,91261183,1.131133982723764
91274505,1227,835,917,79,0,91274505,1.131133982723764
91287972,1275,800,912,79,0,91287972,1.131133982723764
91299180,1234,815,925,79,0,91299180,1.131133982723764
91311952,1187,785,930,79,0,91311952,1.131133982723764
91322515,1138,743,910,79,0,91322515,1.131133982723764
91333097,1148,799,910,79,0,91333097,1.131133982723764
91344505,1224,811,915,79,0,91344505,1.131133982723764
91359443,1288,816,931,79,0,91359443,1.131133982723764
91371083,1225,789,880,79,0,91371083,1.131133982723764
91383020,1178,801,897,79,0,91383020,1.131133982723764
91394048,1181,802,908,79,0,91394048,1.131133982723764
91406857,1229,835,930,79,0,91406857,1.131133982723764
91420587,1214,872,936,79,0,91420587,1.131133982723764
91434833,1245,796,913,79,0,91434833,1.131133982723764
91446157,1141,764,874,79,0,91446157,1.131133982723764
91458291,1164,761,902,79,0,91458291,1.131133982723764
91470009,1166,1134,917,79,0,91470009,1.131133982723764
91481467,1168,819,937,79,0,91481467,1.131133982723764
91495146,1144,843,924,79,0,91495146,1.131133982723764
91505765,1196,773,936,79,0,91505765,1.131133982723764
91519938,1176,798,913,79,0,91519938,1.131133982723764
91529163,1170,738,899,79,0,91529163,1.131133982723764
91545059,1182,763,917,79,0,91545059,1.131133982723764
91554653,1192,789,925,79,0,91554653,1.131133982723764
91565125,1219,830,934,79,0,91565125,1.131133982723764
91578424,1218,782,905,79,0,91578424,1.131133982723764
91588967,1170,762,922,79,0,91588967,1.131133982723764
91600600,1177,733,925,79,0,91600600,1.131133982723764
91614202,1194,786,914,79,0,91614202,1.131133982723764
91627932,1248,786,915,79,0,91627932,1.131133982723764
91637734,1275,774,917,79,0,91637734,1.131133982723764
91650349,1251,769,898,79,0,91650349,1.131133982723764
91665461,1249,797,931,79,0,91665461,1.131133982723764
91677420,1290,803,927,79,0,91677420,1.131133982723764
91689552,1237,812,913,79,0,91689552,1.131133982723764
91700674,1236,800,926,79,0,91700674,1.131133982723764
91715775,1231,790,928,79,0,91715775,1.131133982723764
91725930,1242,785,933,79,0,91725930,1.131133982723764
91738853,1213,783,932,79,0,91738853,1.131133982723764
91755287,1238,798,924,79,0,91755287,1.131133982723764
91765319,1260,830,915,79,0,91765319,1.131133982723764
91778870,1281,857,934,79,0,91778870,1.131133982723764
91793031,1230,824,930,79,0,91793031,1.131133982723764
91805640,1205,768,920,79,0,91805640,1.131133982723764
91819902,1198,802,930,79,0,91819902,1.131133982723764
91830314,1164,784,880,79,0,91830314,1.131133982723764
91842886,1209,779,896,79,0,91842886,1.131133982723764
91856439,1250,768,264,79,0,91856439,1.131133982723764
91869361,1207,789,912,79,0,91869361,1.131133982723764
91881078,1206,775,929,79,0,91881078,1.131133982723764
91897046,1280,774,907,79,0,91897046,1.131133982723764
91909182,1280,803,931,79,0,91909182,1.131133982723764
91921333,1277,818,907,79,0,91921333,1.131133982723764
91934931,1218,778,931,79,0,91934931,1.131133982723764
91950511,1202,752,889,79,0,91950511,1.131133982723764
91963425,1249,795,928,79,0,91963425,1.131133982723764
91975916,1264,818,914,79,0,91975916,1.131133982723764
91986207,1267,801,931,79,0,91986207,1.131133982723764
91996157,1205,780,915,79,0,91996157,1.131133982723764
92010718,1153,752,905,79,0,92010718,1.131133982723764
92024405,1164,470,918,79,0,92024405,1.131133982723764
92040650,1171,801,930,79,0,92040650,1.131133982723764
92050288,1209,802,932,79,0,92050288,1.131133982723764
92061483,1272,824,897,79,0,92061483,1.131133982723764
92076513,1190,761,870,79,0,92076513,1.131133982723764
92088709,1178,785,898,79,0,92088709,1.131133982723764
92101464,1240,818,921,79,0,92101464,1.131133982723764
92114409,1217,816,924,79,0,92114409,1.131133982723764
92128825,1218,760,916,79,0,92128825,1.131133982723764
92142547,1137,688,898,79,0,92142547,1.131133982723764
92156585,1099,824,915,79,0,92156585,1.131133982723764
92172518,1116,723,848,79,0,92172518,1.131133982723764
92182900,1155,760,905,79,0,92182900,1.131133982723764
92193536,1176,819,917,79,0,92193536,1.131133982723764
92209643,1233,810,926,79,0,92209643,1.131133982723764
92224201,1194,792,906,79,0,92224201,1.131133982723764
92234195,1208,802,908,79,0,92234195,1.131133982723764
92244308,1254,811,915,79,0,92244308,1.131133982723764
92256964,1288,794,857,79,0,92256964,1.131133982723764
92270128,1264,832,923,79,0,92270128,1.131133982723764
92283057,1191,706,886,79,0,92283057,1.131133982723764
92296849,1177,710,858,79,0,92296849,1.131133982723764
92308160,1130,730,926,79,0,92308160,1.131133982723764
92322284,1092,723,916,79,0,92322284,1.131133982723764
92335156,1182,743,884,79,0,92335156,1.131133982723764
92345366,1179,742,898,79,0,92345366,1.131133982723764
92358878,1169,690,914,79,0,92358878,1.131133982723764
92369832,1157,738,912,79,0,92369832,1.131133982723764
92383228,1224,778,914,79,0,92383228,1.131133982723764
92396227,1291,801,920,79,0,92396227,1.131133982723764
92406578,1286,795,902,79,0,92406578,1.131133982723764
92419657,1211,763,922,79,0,92419657,1.131133982723764
92433594,1142,705,888,79,0,92433594,1.131133982723764
92445521,1147,737,889,79,0,92445521,1.131133982723764
92457701,1148,802,928,79,0,92457701,1.131133982723764
92469782,1144,804,894,79,0,92469782,1.131133982723764
92484908,1236,776,916,79,0,92484908,1.131133982723764
92496625,1236,786,927,79,0,92496625,1.131133982723764
92507221,1224,785,916,79,0,92507221,1.131133982723764
92521539,1171,772,885,79,0,92521539,1.131133982723764
92534284,1115,772,890,79,0,92534284,1.131133982723764
92545446,1194,797,911,79,0,92545446,1.131133982723764
92558592,1206,721,915,79,0,92558592,1.131133982723764
92572528,1130,744,891,79,0,92572528,1.131133982723764
92587034,1206,724,916,79,0,92587034,1.131133982723764
92598105,1201,768,863,79,0,92598105,1.131133982723764
92609338,1208,764,916,79,0,92609338,1.131133982723764
92620520,1273,734,877,79,0,92620520,1.131133982723764
92631007,1235,1153,916,79,0,92631007,1.131133982723764
92644854,1213,741,920,79,0,92644854,1.131133982723764
92658283,1249,790,880,79,0,92658283,1.131133982723764
92670454,1244,765,901,79,0,92670454,1.131133982723764
92683268,1243,783,934,79,0,92683268,1.131133982723764
92693884,1250,815,936,79,0,92693884,1.131133982723764
92704413,1202,787,904,79,0,92704413,1.131133982723764
92719453,1196,784,924,79,0,92719453,1.131133982723764
92733216,1204,785,928,79,0,92733216,1.131133982723764
92745056,1270,778,924,79,0,92745056,1.131133982723764
92755717,1245,782,901,79,0,92755717,1.131133982723764
92766959,1233,776,922,79,0,92766959,1.131133982723764
92777395,1238,735,924,79,0,92777395,1.131133982723764
92789574,1225,753,906,79,0,92789574,1.131133982723764
92801849,1256,796,921,79,0,92801849,1.131133982723764
92814717,1283,750,898,79,0,92814717,1.131133982723764
92825651,1276,806,928,79,0,92825651,1.131133982723764
92838899,1227,718,898,79,0,92838899,1.131133982723764
92850621,1206,758,910,79,0,92850621,1.131133982723764
92861356,1196,756,915,79,0,92861356,1.131133982723764
92872625,1245,799,931,79,0,92872625,1.131133982723764
92883232,1230,829,929,79,0,92883232,1.131133982723764
92895392,1238,824,940,79,0,92895392,1.131133982723764
92906518,1222,757,913,79,0,92906518,1.131133982723764
92916890,1196,741,912,79,0,92916890,1.131133982723764
92927715,1203,752,869,79,0,92927715,1.131133982723764
92938400,1352,788,925,79,0,92938400,1.131133982723764
92949840,1243,793,924,79,0,92949840,1.131133982723764
92962847,1230,816,926,79,0,92962847,1.131133982723764
92972452,1250,821,921,79,0,92972452,1.131133982723764
92984262,1188,740,914,79,0,92984262,1.131133982723764
92996852,1181,745,925,79,0,92996852,1.131133982723764
93008118,1169,779,857,79,0,93008118,1.131133982723764
93019171,1212,798,936,79,0,93019171,1.131133982723764
93033798,1204,794,924,79,0,93033798,1.131133982723764
93044993,1243,784,825,79,0,93044993,1.131133982723764
93059553,1210,725,882,79,0,93059553,1.131133982723764
93073564,1158,742,896,79,0,93073564,1.131133982723764
93086535,1249,782,889,79,0,93086535,1.131133982723764
93100414,2203,576,137,79,0,93100414,1.131133982723764
93114855,1256,797,913,79,0,93114855,1.131133982723764
93127369,1197,724,899,79,0,93127369,1.131133982723764
93138433,1186,734,914,79,0,93138433,1.131133982723764
93152431,1188,757,909,79,0,93152431,1.131133982723764
93161979,1162,789,907,79,0,93161979,1.131133982723764
93176236,1179,844,925,79,0,93176236,1.131133982723764
93187559,1194,760,892,79,0,93187559,1.131133982723764
93201698,1164,713,894,79,0,93201698,1.131133982723764
93212260,1156,745,909,79,0,93212260,1.131133982723764
93230724,1209,749,896,79,0,93230724,1.131133982723764
93242645,1234,806,892,79,0,93242645,1.131133982723764
93253093,1258,778,932,79,0,93253093,1.131133982723764
93267085,1197,769,907,79,0,93267085,1.131133982723764
93279678,1189,732,914,79,0,93279678,1.131133982723764
93290317,1219,800,924,79,0,93290317,1.131133982723764
93303407,1252,779,919,79,0,93303407,1.131133982723764
93319298,1257,787,901,79,0,93319298,1.131133982723764
93332623,1301,764,912,79,0,93332623,1.131133982723764
93341700,1233,714,918,79,0,93341700,1.131133982723764
93353392,1261,748,889,79,0,93353392,1.131133982723764
93365755,1262,806,882,79,0,93365755,1.131133982723764
93376227,1330,810,930,79,0,93376227,1.131133982723764
93390886,1281,813,934,79,0,93390886,1.131133982723764
93402730,1274,761,921,79,0,93402730,1.131133982723764
93415883,1216,782,923,79,0,93415883,1.131133982723764
93429739,1192,803,927,79,0,93429739,1.131133982723764
93443847,1278,813,899,79,0,93443847,1.131133982723764
93454692,1275,841,875,79,0,93454692,1.131133982723764
93465358,1307,781,926,79,0,93465358,1.131133982723764
93476242,1290,808,937,79,0,93476242,1.131133982723764
93486189,1222,748,925,79,0,93486189,1.131133982723764
93498676,1186,756,920,79,0,93498676,1.131133982723764
93510885,1217,800,915,79,0,93510885,1.131133982723764
93524476,1221,801,921,79,0,93524476,1.131133982723764
93537400,1299,792,928,79,0,93537400,1.131133982723764
93555532,1224,770,921,79,0,93555532,1.131133982723764
93569126,1209,763,916,79,0,93569126,1.131133982723764
93579492,1196,776,913,79,0,93579492,1.131133982723764
93589249,1260,826,925,79,0,93589249,1.131133982723764
93601731,1251,811,922,79,0,93601731,1.131133982723764
93616476,1257,838,938,79,0,93616476,1.131133982723764
93627750,1234,780,933,79,0,93627750,1.131133982723764
93642109,1234,753,909,79,0,93642109,1.131133982723764
93656747,1264,755,916,79,0,93656747,1.131133982723764
93667840,1291,786,921,79,0,93667840,1.131133982723764
93679590,1272,811,896,79,0,93679590,1.131133982723764
93691824,1276,781,896,79,0,93691824,1.131133982723764
93707310,1218,773,900,79,0,93707310,1.131133982723764
93722244,1184,272,512,79,0,93722244,1.131133982723764
93735420,1227,822,935,79,0,93735420,1.131133982723764
93748784,1209,853,933,79,0,93748784,1.131133982723764
93763810,1265,814,928,79,0,93763810,1.131133982723764
93776013,1235,794,921,79,0,93776013,1.131133982723764
93787812,1209,769,929,79,0,93787812,1.131133982723764
93800963,1231,779,903,79,0,93800963,1.131133982723764
93811967,1244,803,888,79,0,93811967,1.131133982723764
93824247,1312,824,934,79,0,93824247,1.131133982723764
93838792,1275,807,924,79,0,93838792,1.131133982723764
93849611,1245,792,932,79,0,93849611,1.131133982723764
93863774,1224,808,931,79,0,93863774,1.131133982723764
93879223,1254,762,900,79,0,93879223,1.131133982723764
93888393,1244,805,929,79,0,93888393,1.131133982723764
93899459,1291,825,938,79,0,93899459,1.131133982723764
93910105,1258,794,899,79,0,93910105,1.131133982723764
93923833,1185,796,912,79,0,93923833,1.131133982723764
93935778,1205,776,926,79,0,93935778,1.131133982723764
93952483,1275,848,916,79,0,93952483,1.131133982723764
93967485,1217,828,911,79,0,93967485,1.131133982723764
93979696,1202,781,852,79,0,93979696,1.131133982723764
93993673,1176,791,922,79,0,93993673,1.131133982723764
94007069,760,781,920,79,0,94007069,1.131133982723764
94018625,1172,753,904,79,0,94018625,1.131133982723764
94030194,1175,785,932,79,0,94030194,1.131133982723764
94041502,1187,820,943,79,0,94041502,1.131133982723764
94052713,1220,784,874,79,0,94052713,1.131133982723764
94071935,1187,817,918,79,0,94071935,1.131133982723764
94085219,1224,817,900,79,0,94085219,1.131133982723764
94099115,1254,811,922,79,0,94099115,1.131133982723764
94111942,1273,780,906,79,0,94111942,1.131133982723764
94125018,1263,787,921,79,0,94125018,1.131133982723764
94138964,1194,773,835,79,0,94138964,1.131133982723764
94153337,1212,795,833,79,0,94153337,1.131133982723764
94166720,1233,844,925,79,0,94166720,1.131133982723764
94180296,1295,814,917,79,0,94180296,1.131133982723764
94193006,1293,860,932,79,0,94193006,1.131133982723764
94205097,1269,817,938,79,0,94205097,1.131133982723764
94214591,1216,758,929,79,0,94214591,1.131133982723764
94227585,1190,773,922,79,0,94227585,1.131133982723764
94237730,1210,793,869,79,0,94237730,1.131133982723764
94254986,1278,854,947,79,0,94254986,1.131133982723764
94268544,1244,825,925,79,0,94268544,1.131133982723764
94281736,1164,785,900,79,0,94281736,1.131133982723764
94294053,1172,758,915,79,0,94294053,1.131133982723764
94306866,1155,817,931,79,0,94306866,1.131133982723764
94318094,1130,785,930,79,0,94318094,1.131133982723764
94328069,1123,761,923,79,0,94328069,1.131133982723764
94340364,1205,863,915,79,0,94340364,1.131133982723764
94353523,1226,766,816,79,0,94353523,1.131133982723764
94364905,1137,730,915,79,0,94364905,1.131133982723764
94379173,1136,760,525,79,0,94379173,1.131133982723764
94389953,1176,777,893,79,0,94389953,1.131133982723764
94402166,1195,758,860,79,0,94402166,1.131133982723764
94413075,1229,764,928,79,0,94413075,1.131133982723764
94425293,1197,729,908,79,0,94425293,1.131133982723764
94441148,1085,698,888,79,0,94441148,1.131133982723764
94452634,1105,720,868,79,0,94452634,1.131133982723764
94463154,1137,729,878,79,0,94463154,1.131133982723764
94474287,1207,758,925,79,0,94474287,1.131133982723764
94484803,1234,786,934,79,0,94484803,1.131133982723764
94495555,1271,804,904,79,0,94495555,1.131133982723764
94509486,1243,805,925,79,0,94509486,1.131133982723764
94521521,1216,771,874,79,0,94521521,1.131133982723764
94533465,1149,760,912,79,0,94533465,1.131133982723764
94546967,1041,804,900,79,0,94546967,1.131133982723764
94562558,1102,752,922,79,0,94562558,1.131133982723764
94575886,1120,710,899,79,0,94575886,1.131133982723764
94586011,1152,733,922,79,0,94586011,1.131133982723764
94596392,1126,747,822,79,0,94596392,1.131133982723764
94608359,1155,725,909,79,0,94608359,1.131133982723764
94621625,1229,795,924,79,0,94621625,1.131133982723764
94635236,1272,793,924,79,0,94635236,1.131133982723764
94648313,1310,846,930,79,0,94648313,1.131133982723764
94658798,0,88,517,79,0,94658798,1.131133982723764
94673231,1307,915,934,79,0,94673231,1.131133982723764
94685509,1229,875,920,79,0,94685509,1.131133982723764
94696992,1122,758,817,79,0,94696992,1.131133982723764
94709293,1147,770,923,79,0,94709293,1.131133982723764
94721751,1105,774,928,79,0,94721751,1.131133982723764
94735169,1112,757,885,79,0,94735169,1.131133982723764
94749877,1149,828,936,79,0,94749877,1.131133982723764
94760397,1230,806,929,79,0,94760397,1.131133982723764
94773676,1306,812,930,79,0,94773676,1.131133982723764
94787072,1219,863,906,79,0,94787072,1.131133982723764
94803688,1209,808,914,79,0,94803688,1.131133982723764
94816730,1276,900,931,79,0,94816730,1.131133982723764
94826399,1298,922,941,79,0,94826399,1.131133982723764
94838109,1258,868,840,79,0,94838109,1.131133982723764
94849394,1117,844,921,79,0,94849394,1.131133982723764
94863355,1220,733,921,79,0,94863355,1.131133982723764
94874849,1170,689,910,79,0,94874849,1.131133982723764
94885166,1132,716,907,79,0,94885166,1.131133982723764
94900950,1182,720,872,79,0,94900950,1.131133982723764
94910613,1197,746,910,79,0,94910613,1.131133982723764
94922846,1125,816,920,79,0,94922846,1.131133982723764
94935836,1150,800,932,79,0,94935836,1.131133982723764
94948312,1062,769,901,79,0,94948312,1.131133982723764
94958548,1153,686,859,79,0,94958548,1.131133982723764
94970146,1241,843,914,79,0,94970146,1.131133982723764
94981502,1223,844,927,79,0,94981502,1.131133982723764
94995420,1066,864,940,79,0,94995420,1.131133982723764
95007161,1198,874,900,79,0,95007161,1.131133982723764
95019306,1184,913,817,79,0,95019306,1.131133982723764
95028842,1194,898,939,79,0,95028842,1.131133982723764
95041304,1131,812,921,79,0,95041304,1.131133982723764
95054669,1104,793,928,79,0,95054669,1.131133982723764
95067647,1096,760,926,79,0,95067647,1.131133982723764
95079535,1184,800,909,79,0,95079535,1.131133982723764
95090540,1171,864,743,79,0,95090540,1.131133982723764
95103747,1208,707,869,79,0,95103747,1.131133982723764
95114377,1183,746,908,79,0,95114377,1.131133982723764
95127557,1158,647,892,79,0,95127557,1.131133982723764
95137653,1087,707,908,79,0,95137653,1.131133982723764
95149240,1235,951,936,79,0,95149240,1.131133982723764
95161697,1229,688,851,79,0,95161697,1.131133982723764
95180213,1206,740,883,79,0,95180213,1.131133982723764
95193296,1169,723,892,79,0,95193296,1.131133982723764
95207008,1266,766,929,79,0,95207008,1.131133982723764
95220767,1258,790,906,79,0,95220767,1.131133982723764
95235969,1305,790,937,79,0,95235969,1.131133982723764
95245198,1284,848,931,79,0,95245198,1.131133982723764
95260304,1275,898,952,79,0,95260304,1.131133982723764
95271686,1288,853,880,79,0,95271686,1.131133982723764
95283919,1326,849,861,79,0,95283919,1.131133982723764
95295652,1284,840,821,79,0,95295652,1.131133982723764
95307535,1278,840,908,79,0,95307535,1.131133982723764
95318532,1213,818,920,79,0,95318532,1.131133982723764
95343888,1084,732,908,79,0,95343888,1.131133982723764
95361481,1073,771,925,79,0,95361481,1.131133982723764
95373779,1166,804,896,79,0,95373779,1.131133982723764
95385036,1256,789,900,79,0,95385036,1.131133982723764
95397612,1200,754,918,79,0,95397612,1.131133982723764
95408935,1219,760,918,79,0,95408935,1.131133982723764
95419889,1209,809,922,79,0,95419889,1.131133982723764
95430163,1219,802,905,79,0,95430163,1.131133982723764
95443336,1196,814,922,79,0,95443336,1.131133982723764
95454273,1224,824,922,79,0,95454273,1.131133982723764
95465691,1169,696,908,79,0,95465691,1.131133982723764
95476904,1144,720,843,79,0,95476904,1.131133982723764
95488202,1168,748,929,79,0,95488202,1.131133982723764
95505534,1171,826,866,79,0,95505534,1.131133982723764
95518989,1158,803,942,79,0,95518989,1.131133982723764
95529847,1260,779,924,79,0,95529847,1.131133982723764
95540618,1154,1476,906,79,0,95540618,1.131133982723764
95552224,1105,722,898,79,0,95552224,1.131133982723764
95569267,1181,736,924,79,0,95569267,1.131133982723764
95580688,1165,722,906,79,0,95580688,1.131133982723764
95592720,1224,779,904,79,0,95592720,1.131133982723764
95604395,1241,778,905,79,0,95604395,1.131133982723764
95618050,1250,774,915,79,0,95618050,1.131133982723764
95630609,1216,776,922,79,0,95630609,1.131133982723764
95645015,1208,733,894,79,0,95645015,1.131133982723764
95657922,1237,732,924,79,0,95657922,1.131133982723764
95670307,1248,779,917,79,0,95670307,1.131133982723764
95680678,1240,778,921,79,0,95680678,1.131133982723764
95694322,1272,771,907,79,0,95694322,1.131133982723764
95707738,1272,759,931,79,0,95707738,1.131133982723764
95720966,1313,820,837,79,0,95720966,1.131133982723764
95732957,1300,820,914,79,0,95732957,1.131133982723764
95746394,1301,790,931,79,0,95746394,1.131133982723764
95760675,1250,764,918,79,0,95760675,1.131133982723764
95771416,1240,763,908,79,0,95771416,1.131133982723764
95785028,1219,788,918,79,0,95785028,1.131133982723764
95796186,1192,820,917,79,0,95796186,1.131133982723764
95808282,1244,824,936,79,0,95808282,1.131133982723764
95819871,1280,812,896,79,0,95819871,1.131133982723764
95814658,48,520,146,80,0,95814658,1.1372909391655945
95848368,1149,761,915,80,0,95848368,1.1372909391655945
95856919,1198,758,924,80,0,95856919,1.1372909391655945
95871604,1178,781,915,80,0,95871604,1.1372909391655945
95882287,1200,817,929,80,0,95882287,1.1372909391655945
95895120,1228,752,881,80,0,95895120,1.1372909391655945
95908375,1221,734,905,80,0,95908375,1.1372909391655945
95922791,1190,778,910,80,0,95922791,1.1372909391655945
95934106,1206,801,928,80,0,95934106,1.1372909391655945
95949072,1234,799,923,80,0,95949072,1.1372909391655945
95959732,1224,798,885,80,0,95959732,1.1372909391655945
95976610,1230,845,926,80,0,95976610,1.1372909391655945
95991152,1272,792,872,80,0,95991152,1.1372909391655945
96008517,1296,832,916,80,0,96008517,1.1372909391655945
96019230,1334,819,917,80,0,96019230,1.1372909391655945
96033925,1312,808,929,80,0,96033925,1.1372909391655945
96045210,1286,803,926,80,0,96045210,1.1372909391655945
96057566,1196,764,903,80,0,96057566,1.1372909391655945
96070853,1250,784,918,80,0,96070853,1.1372909391655945
96081994,1208,790,882,80,0,96081994,1.1372909391655945
96092848,1219,810,907,80,0,96092848,1.1372909391655945
96107869,1241,813,902,80,0,96107869,1.1372909391655945
96117940,1178,736,906,80,0,96117940,1.1372909391655945
96133165,1196,766,929,80,0,96133165,1.1372909391655945
96144984,1275,808,878,80,0,96144984,1.1372909391655945
96159126,1256,823,880,80,0,96159126,1.1372909391655945
96170366,1240,789,907,80,0,96170366,1.1372909391655945
96182661,1249,795,928,80,0,96182661,1.1372909391655945
96194693,1199,737,915,80,0,96194693,1.1372909391655945
96208242,1177,765,857,80,0,96208242,1.1372909391655945
96222651,1197,802,929,80,0,96222651,1.1372909391655945
96233674,1249,800,923,80,0,96233674,1.1372909391655945
96247137,1312,859,905,80,0,96247137,1.1372909391655945
96259681,1296,821,925,80,0,96259681,1.1372909391655945
96272811,1225,773,881,80,0,96272811,1.1372909391655945
96284341,1264,794,907,80,0,96284341,1.1372909391655945
96297039,1298,825,927,80,0,96297039,1.1372909391655945
96314298,1284,826,932,80,0,96314298,1.1372909391655945
96323286,1268,804,874,80,0,96323286,1.1372909391655945
96335263,1693,764,910,80,0,96335263,1.1372909391655945
96347746,1175,738,915,80,0,96347746,1.1372909391655945
96357962,1182,786,892,80,0,96357962,1.1372909391655945
96371300,1147,803,914,80,0,96371300,1.1372909391655945
96386735,1206,791,876,80,0,96386735,1.1372909391655945
96398249,1280,763,921,80,0,96398249,1.1372909391655945
96412459,1201,730,854,80,0,96412459,1.1372909391655945
96425608,1259,788,910,80,0,96425608,1.1372909391655945
96437130,1293,811,914,80,0,96437130,1.1372909391655945
96449174,1297,832,884,80,0,96449174,1.1372909391655945
96464660,1281,826,408,80,0,96464660,1.1372909391655945
96476491,1197,770,909,80,0,96476491,1.1372909391655945
96487514,1189,737,900,80,0,96487514,1.1372909391655945
96499387,1202,761,892,80,0,96499387,1.1372909391655945
96515074,1216,789,931,80,0,96515074,1.1372909391655945
96530231,1273,862,929,80,0,96530231,1.1372909391655945
96542850,1265,808,923,80,0,96542850,1.1372909391655945
96553601,1202,773,929,80,0,96553601,1.1372909391655945
96565702,1220,764,886,80,0,96565702,1.1372909391655945
96578854,1304,838,914,80,0,96578854,1.1372909391655945
96592103,1235,804,933,80,0,96592103,1.1372909391655945
96603406,1268,797,907,80,0,96603406,1.1372909391655945
96617224,1169,781,904,80,0,96617224,1.1372909391655945
96629645,1216,795,930,80,0,96629645,1.1372909391655945
96643244,1179,790,932,80,0,96643244,1.1372909391655945
96653101,1210,797,909,80,0,96653101,1.1372909391655945
96664839,1238,822,923,80,0,96664839,1.1372909391655945
96677500,1243,815,922,80,0,96677500,1.1372909391655945
96688724,1198,755,905,80,0,96688724,1.1372909391655945
96701714,1217,790,928,80,0,96701714,1.1372909391655945
96716674,1128,818,937,80,0,96716674,1.1372909391655945
96729661,1300,930,939,80,0,96729661,1.1372909391655945
96741899,1271,826,834,80,0,96741899,1.1372909391655945
96752552,1247,781,924,80,0,96752552,1.1372909391655945
96762756,1221,769,928,80,0,96762756,1.1372909391655945
96776452,1192,750,924,80,0,96776452,1.1372909391655945
96789050,1266,816,384,80,0,96789050,1.1372909391655945
96800575,1270,776,926,80,0,96800575,1.1372909391655945
96815843,1286,803,929,80,0,96815843,1.1372909391655945
96828790,1276,791,918,80,0,96828790,1.1372909391655945
96842801,1268,803,931,80,0,96842801,1.1372909391655945
96855767,1286,827,914,80,0,96855767,1.1372909391655945
96870551,1284,827,927,80,0,96870551,1.1372909391655945
96880594,1286,821,923,80,0,96880594,1.1372909391655945
96893769,1252,781,865,80,0,96893769,1.1372909391655945
96906062,1249,787,930,80,0,96906062,1.1372909391655945
96919362,1240,834,926,80,0,96919362,1.1372909391655945
96929799,1237,838,936,80,0,96929799,1.1372909391655945
96939800,1244,835,933,80,0,96939800,1.1372909391655945
96950095,1288,829,933,80,0,96950095,1.1372909391655945
96961729,1233,776,913,80,0,96961729,1.1372909391655945
96972483,1177,771,901,80,0,96972483,1.1372909391655945
96985092,1157,759,915,80,0,96985092,1.1372909391655945
96997715,1206,799,924,80,0,96997715,1.1372909391655945
97008887,1206,801,929,80,0,97008887,1.1372909391655945
97019891,1208,813,933,80,0,97019891,1.1372909391655945
97032038,1206,796,931,80,0,97032038,1.1372909391655945
97046144,1139,728,838,80,0,97046144,1.1372909391655945
97058324,1189,768,909,80,0,97058324,1.1372909391655945
97070904,1162,785,915,80,0,97070904,1.1372909391655945
97084099,1256,795,922,80,0,97084099,1.1372909391655945
97093925,1306,811,840,80,0,97093925,1.1372909391655945
97109671,1244,801,925,80,0,97109671,1.1372909391655945
97121595,1211,802,857,80,0,97121595,1.1372909391655945
97137829,1237,808,933,80,0,97137829,1.1372909391655945
97148330,1175,759,914,80,0,97148330,1.1372909391655945
97161016,1224,842,933,80,0,97161016,1.1372909391655945
97172511,1199,743,926,80,0,97172511,1.1372909391655945
97182598,1137,761,920,80,0,97182598,1.1372909391655945
97194262,1235,862,918,80,0,97194262,1.1372909391655945
97208098,1273,835,931,80,0,97208098,1.1372909391655945
97220739,1259,823,869,80,0,97220739,1.1372909391655945
97233369,1280,832,934,80,0,97233369,1.1372909391655945
97244553,1243,810,876,80,0,97244553,1.1372909391655945
97256658,1245,764,889,80,0,97256658,1.1372909391655945
97268778,1225,756,898,80,0,97268778,1.1372909391655945
97280442,1158,793,918,80,0,97280442,1.1372909391655945
97292918,1213,785,915,80,0,97292918,1.1372909391655945
97304087,1214,782,925,80,0,97304087,1.1372909391655945
97317348,1202,750,915,80,0,97317348,1.1372909391655945
97330523,1154,746,918,80,0,97330523,1.1372909391655945
97343304,1219,798,917,80,0,97343304,1.1372909391655945
97353199,1236,751,912,80,0,97353199,1.1372909391655945
97364593,1264,802,909,80,0,97364593,1.1372909391655945
97378038,1281,787,910,80,0,97378038,1.1372909391655945
97390294,1188,770,923,80,0,97390294,1.1372909391655945
97401380,1177,769,938,80,0,97401380,1.1372909391655945
97412911,1245,768,923,80,0,97412911,1.1372909391655945
97428210,1237,823,926,80,0,97428210,1.1372909391655945
97438175,1239,853,876,80,0,97438175,1.1372909391655945
97449683,1211,783,929,80,0,97449683,1.1372909391655945
97461098,1265,806,917,80,0,97461098,1.1372909391655945
97473351,1231,923,928,80,0,97473351,1.1372909391655945
97486414,1213,917,942,80,0,97486414,1.1372909391655945
97499675,1161,839,926,80,0,97499675,1.1372909391655945
97513610,1544,765,921,80,0,97513610,1.1372909391655945
97524861,1155,753,925,80,0,97524861,1.1372909391655945
97536480,1157,774,918,80,0,97536480,1.1372909391655945
97549493,1183,761,904,80,0,97549493,1.1372909391655945
97560796,1098,764,867,80,0,97560796,1.1372909391655945
97575011,1194,757,925,80,0,97575011,1.1372909391655945
97588396,1228,753,869,80,0,97588396,1.1372909391655945
97599932,1166,737,908,80,0,97599932,1.1372909391655945
97610792,1169,780,928,80,0,97610792,1.1372909391655945
97620609,1209,749,930,80,0,97620609,1.1372909391655945
97635582,1197,765,905,80,0,97635582,1.1372909391655945
97646902,1261,810,933,80,0,97646902,1.1372909391655945
97660949,1183,766,930,80,0,97660949,1.1372909391655945
97671219,1172,730,920,80,0,97671219,1.1372909391655945
97681098,1186,761,888,80,0,97681098,1.1372909391655945
97695518,1225,770,920,80,0,97695518,1.1372909391655945
97706916,1213,793,931,80,0,97706916,1.1372909391655945
97717615,1242,789,936,80,0,97717615,1.1372909391655945
97730519,1167,739,906,80,0,97730519,1.1372909391655945
97746115,1160,753,932,80,0,97746115,1.1372909391655945
97757215,1289,787,901,80,0,97757215,1.1372909391655945
97768798,1106,836,907,80,0,97768798,1.1372909391655945
97781367,1174,816,902,80,0,97781367,1.1372909391655945
97793400,1213,714,914,80,0,97793400,1.1372909391655945
97804858,1185,769,909,80,0,97804858,1.1372909391655945
97822906,1162,802,929,80,0,97822906,1.1372909391655945
97836748,1131,848,912,80,0,97836748,1.1372909391655945
97848935,1164,821,941,80,0,97848935,1.1372909391655945
97862887,1214,758,909,80,0,97862887,1.1372909391655945
97874417,1154,723,901,80,0,97874417,1.1372909391655945
97884369,1159,717,901,80,0,97884369,1.1372909391655945
97895850,1196,773,913,80,0,97895850,1.1372909391655945
97910337,1205,797,914,80,0,97910337,1.1372909391655945
97921869,1266,812,915,80,0,97921869,1.1372909391655945
97933775,1266,793,872,80,0,97933775,1.1372909391655945
97945315,1234,764,876,80,0,97945315,1.1372909391655945
97957580,1149,661,883,80,0,97957580,1.1372909391655945
97970317,1142,785,860,80,0,97970317,1.1372909391655945
97981193,1065,729,892,80,0,97981193,1.1372909391655945
97991536,1180,732,896,80,0,97991536,1.1372909391655945
98002975,1184,677,884,80,0,98002975,1.1372909391655945
98014515,1186,702,877,80,0,98014515,1.1372909391655945
98026389,1115,671,910,80,0,98026389,1.1372909391655945
98039093,1194,715,857,80,0,98039093,1.1372909391655945
98051827,1217,701,916,80,0,98051827,1.1372909391655945
98064805,1266,789,923,80,0,98064805,1.1372909391655945
98074792,1238,737,913,80,0,98074792,1.1372909391655945
98090355,1189,739,920,80,0,98090355,1.1372909391655945
98107141,1210,807,922,80,0,98107141,1.1372909391655945
98117960,1097,753,905,80,0,98117960,1.1372909391655945
98131514,1189,707,918,80,0,98131514,1.1372909391655945
98145911,1164,708,889,80,0,98145911,1.1372909391655945
98159851,1114,734,904,80,0,98159851,1.1372909391655945
98172820,1177,755,917,80,0,98172820,1.1372909391655945
98182256,140,552,0,80,0,98182256,1.1372909391655945
98197658,1210,805,920,80,0,98197658,1.1372909391655945
98211374,1291,731,928,80,0,98211374,1.1372909391655945
98226434,1201,790,924,80,0,98226434,1.1372909391655945
98236660,1132,793,910,80,0,98236660,1.1372909391655945
98250118,1166,805,928,80,0,98250118,1.1372909391655945
98261681,1154,790,928,80,0,98261681,1.1372909391655945
98276427,1235,700,883,80,0,98276427,1.1372909391655945
98287913,1213,683,911,80,0,98287913,1.1372909391655945
98301599,1202,717,909,80,0,98301599,1.1372909391655945
98309506,1221,749,913,80,0,98309506,1.1372909391655945
98321039,1225,770,923,80,0,98321039,1.1372909391655945
98337475,1276,825,934,80,0,98337475,1.1372909391655945
98351347,1265,761,876,80,0,98351347,1.1372909391655945
98365837,1154,782,918,80,0,98365837,1.1372909391655945
98376306,1156,751,886,80,0,98376306,1.1372909391655945
98387873,1193,808,934,80,0,98387873,1.1372909391655945
98405174,1243,820,920,80,0,98405174,1.1372909391655945
98416878,1259,797,925,80,0,98416878,1.1372909391655945
98432762,1209,758,919,80,0,98432762,1.1372909391655945
98446555,1201,747,919,80,0,98446555,1.1372909391655945
98457711,1242,771,937,80,0,98457711,1.1372909391655945
98469584,1235,762,924,80,0,98469584,1.1372909391655945
98483242,1292,785,905,80,0,98483242,1.1372909391655945
98496602,1214,761,924,80,0,98496602,1.1372909391655945
98508822,1213,748,899,80,0,98508822,1.1372909391655945
98520790,1229,763,924,80,0,98520790,1.1372909391655945
98534514,1268,806,922,80,0,98534514,1.1372909391655945
98548461,1306,806,919,80,0,98548461,1.1372909391655945
98563301,1265,784,912,80,0,98563301,1.1372909391655945
98575509,1216,762,912,80,0,98575509,1.1372909391655945
98585996,1209,736,886,80,0,98585996,1.1372909391655945
98596527,1226,764,903,80,0,98596527,1.1372909391655945
98608561,1227,796,914,80,0,98608561,1.1372909391655945
98619934,1278,802,812,80,0,98619934,1.1372909391655945
98631264,1274,795,925,80,0,98631264,1.1372909391655945
98642645,1185,757,920,80,0,98642645,1.1372909391655945
98654639,1173,800,936,80,0,98654639,1.1372909391655945
98663726,1173,777,918,80,0,98663726,1.1372909391655945
98678098,1173,761,926,80,0,98678098,1.1372909391655945
98689674,1246,760,928,80,0,98689674,1.1372909391655945
98705201,1173,742,901,80,0,98705201,1.1372909391655945
98718861,1181,728,924,80,0,98718861,1.1372909391655945
98729593,986,763,931,80,0,98729593,1.1372909391655945
98742193,1184,794,922,80,0,98742193,1.1372909391655945
98752789,1202,826,901,80,0,98752789,1.1372909391655945
98762234,1265,794,917,80,0,98762234,1.1372909391655945
98773382,1193,748,925,80,0,98773382,1.1372909391655945
98785156,1134,758,911,80,0,98785156,1.1372909391655945
98801305,1194,750,912,80,0,98801305,1.1372909391655945
98810182,1201,782,869,80,0,98810182,1.1372909391655945
98823203,1189,832,927,80,0,98823203,1.1372909391655945
98835588,1202,763,923,80,0,98835588,1.1372909391655945
98847012,1164,728,923,80,0,98847012,1.1372909391655945
98861032,1206,739,925,80,0,98861032,1.1372909391655945
98873534,1170,790,921,80,0,98873534,1.1372909391655945
98884478,3,49559,13073,80,0,98884478,1.1372909391655945
98897791,1241,789,901,80,0,98897791,1.1372909391655945
98912855,1230,760,912,80,0,98912855,1.1372909391655945
98926462,1141,742,910,80,0,98926462,1.1372909391655945
98942055,1233,757,909,80,0,98942055,1.1372909391655945
98954206,1235,780,918,80,0,98954206,1.1372909391655945
98967639,1286,774,928,80,0,98967639,1.1372909391655945
98980037,1236,809,928,80,0,98980037,1.1372909391655945
98990351,1206,762,908,80,0,98990351,1.1372909391655945
99001437,1193,768,916,80,0,99001437,1.1372909391655945
99012529,1212,761,830,80,0,99012529,1.1372909391655945
99023368,1192,772,901,80,0,99023368,1.1372909391655945
99037302,1262,800,933,80,0,99037302,1.1372909391655945
99052932,1251,788,924,80,0,99052932,1.1372909391655945
99067225,1246,786,908,80,0,99067225,1.1372909391655945
99080958,1259,766,907,80,0,99080958,1.1372909391655945
99092039,1267,798,853,80,0,99092039,1.1372909391655945
99104033,1285,800,929,80,0,99104033,1.1372909391655945
99116619,1230,774,900,80,0,99116619,1.1372909391655945
99128348,1202,734,900,80,0,99128348,1.1372909391655945
99139539,1198,744,898,80,0,99139539,1.1372909391655945
99154329,1236,797,925,80,0,99154329,1.1372909391655945
99165404,1266,836,938,80,0,99165404,1.1372909391655945
99180687,1238,873,934,80,0,99180687,1.1372909391655945
99192458,1253,811,934,80,0,99192458,1.1372909391655945
99204567,1217,758,904,80,0,99204567,1.1372909391655945
99216441,1215,790,928,80,0,99216441,1.1372909391655945
99228938,1211,781,838,80,0,99228938,1.1372909391655945
99240174,1178,810,875,80,0,99240174,1.1372909391655945
99251845,1237,835,925,80,0,99251845,1.1372909391655945
99262444,1262,862,937,80,0,99262444,1.1372909391655945
99272895,1195,809,913,80,0,99272895,1.1372909391655945
99284630,1193,820,860,80,0,99284630,1.1372909391655945
99296706,1195,753,876,80,0,99296706,1.1372909391655945
99308048,1218,787,926,80,0,99308048,1.1372909391655945
99322341,1186,786,916,80,0,99322341,1.1372909391655945
99335537,1274,797,926,80,0,99335537,1.1372909391655945
99350552,1224,784,885,80,0,99350552,1.1372909391655945
99360807,1259,757,933,80,0,99360807,1.1372909391655945
99375486,1225,790,870,80,0,99375486,1.1372909391655945
99388929,1211,818,934,80,0,99388929,1.1372909391655945
99401352,1229,805,925,80,0,99401352,1.1372909391655945
99413052,1241,764,892,80,0,99413052,1.1372909391655945
99420070,145,248,130,80,0,99420070,1.1372909391655945
99437353,1162,760,902,80,0,99437353,1.1372909391655945
99454173,1177,811,865,80,0,99454173,1.1372909391655945
99469065,1121,840,928,80,0,99469065,1.1372909391655945
99480676,1200,600,923,80,0,99480676,1.1372909391655945
99491182,1171,738,912,80,0,99491182,1.1372909391655945
99503308,1196,722,845,80,0,99503308,1.1372909391655945
99516840,1205,889,915,80,0,99516840,1.1372909391655945
99532276,1120,905,877,80,0,99532276,1.1372909391655945
99543005,1142,761,891,80,0,99543005,1.1372909391655945
99553141,1183,745,901,80,0,99553141,1.1372909391655945
99564118,1110,769,917,80,0,99564118,1.1372909391655945
99576700,1146,745,913,80,0,99576700,1.1372909391655945
99589552,1188,760,826,80,0,99589552,1.1372909391655945
99600446,1203,812,939,80,0,99600446,1.1372909391655945
99611712,1232,783,927,80,0,99611712,1.1372909391655945
99623368,1253,810,873,80,0,99623368,1.1372909391655945
99634929,1235,795,843,80,0,99634929,1.1372909391655945
99645768,1188,760,870,80,0,99645768,1.1372909391655945
99654802,1164,749,895,80,0,99654802,1.1372909391655945
99670269,1228,803,921,80,0,99670269,1.1372909391655945
99681990,1261,843,891,80,0,99681990,1.1372909391655945
99693573,1282,860,909,80,0,99693573,1.1372909391655945
99706707,1236,862,929,80,0,99706707,1.1372909391655945
99716763,1202,824,928,80,0,99716763,1.1372909391655945
99732106,1248,826,931,80,0,99732106,1.1372909391655945
99744548,1297,862,924,80,0,99744548,1.1372909391655945
99756902,1305,873,930,80,0,99756902,1.1372909391655945
99769149,1258,833,907,80,0,99769149,1.1372909391655945
99781247,1201,828,915,80,0,99781247,1.1372909391655945
99791403,1199,797,924,80,0,99791403,1.1372909391655945
99804118,1274,827,931,80,0,99804118,1.1372909391655945
99817586,1236,838,929,80,0,99817586,1.1372909391655945
99827406,1244,877,942,80,0,99827406,1.1372909391655945
99839679,1207,921,900,80,0,99839679,1.1372909391655945
99851373,1164,791,883,80,0,99851373,1.1372909391655945
99862288,1133,753,827,80,0,99862288,1.1372909391655945
99874353,1131,734,926,80,0,99874353,1.1372909391655945
99891336,1081,782,868,80,0,99891336,1.1372909391655945
99903368,1123,822,872,80,0,99903368,1.1372909391655945
99914404,1205,797,930,80,0,99914404,1.1372909391655945
99925370,1198,758,938,80,0,99925370,1.1372909391655945
99937310,1172,736,916,80,0,99937310,1.1372909391655945
99950949,1246,742,886,80,0,99950949,1.1372909391655945
99961698,1249,805,925,80,0,99961698,1.1372909391655945
99982990,1238,795,900,80,0,99982990,1.1372909391655945
99994088,1178,752,900,80,0,99994088,1.1372909391655945
100008258,1094,792,922,80,0,100008258,1.1372909391655945
100019371,1068,742,811,80,0,100019371,1.1372909391655945
100031463,1203,763,894,80,0,100031463,1.1372909391655945
100045117,1188,795,926,80,0,100045117,1.1372909391655945
100058374,1272,785,926,80,0,100058374,1.1372909391655945
100069885,1257,853,932,80,0,100069885,1.1372909391655945
100082180,1120,752,864,80,0,100082180,1.1372909391655945
100096604,1160,694,907,80,0,100096604,1.1372909391655945
100107445,1163,781,933,80,0,100107445,1.1372909391655945
100125017,1162,760,923,80,0,100125017,1.1372909391655945
100138664,1185,761,928,80,0,100138664,1.1372909391655945
100151558,1152,681,890,80,0,100151558,1.1372909391655945
100169271,1174,712,898,80,0,100169271,1.1372909391655945
100180841,1254,739,914,80,0,100180841,1.1372909391655945
100190180,1273,720,912,80,0,100190180,1.1372909391655945
100202867,1299,780,922,80,0,100202867,1.1372909391655945
100215557,1297,786,888,80,0,100215557,1.1372909391655945
100231018,1295,883,941,80,0,100231018,1.1372909391655945
100243211,1250,870,925,80,0,100243211,1.1372909391655945
100256974,1142,856,926,80,0,100256974,1.1372909391655945
100269177,1138,808,913,80,0,100269177,1.1372909391655945
100281962,1167,796,882,80,0,100281962,1.1372909391655945
100294927,1165,751,910,80,0,100294927,1.1372909391655945
100308030,1161,777,914,80,0,100308030,1.1372909391655945
100319141,1188,801,938,80,0,100319141,1.1372909391655945
100329808,1297,906,945,80,0,100329808,1.1372909391655945
100344205,1164,872,932,80,0,100344205,1.1372909391655945
100355520,1182,834,915,80,0,100355520,1.1372909391655945
100367264,1219,820,926,80,0,100367264,1.1372909391655945
100379130,1252,911,911,80,0,100379130,1.1372909391655945
100394025,1201,811,923,80,0,100394025,1.1372909391655945
100406774,706,1004,953,80,0,100406774,1.1372909391655945
100418867,1547,1190,982,80,0,100418867,1.1372909391655945
100430139,1404,696,888,80,0,100430139,1.1372909391655945
100441204,1359,793,925,80,0,100441204,1.1372909391655945
100453331,1401,790,910,80,0,100453331,1.1372909391655945
100465431,1451,795,794,80,0,100465431,1.1372909391655945
100475398,1453,765,876,80,0,100475398,1.1372909391655945
100488005,1438,810,914,80,0,100488005,1.1372909391655945
100499318,1380,808,834,80,0,100499318,1.1372909391655945
100511394,1391,772,921,80,0,100511394,1.1372909391655945
100521997,1409,781,932,80,0,100521997,1.1372909391655945
100531538,1490,775,886,80,0,100531538,1.1372909391655945
100541602,1331,841,899,80,0,100541602,1.1372909391655945
100551680,1340,851,922,80,0,100551680,1.1372909391655945
100563730,1290,925,950,80,0,100563730,1.1372909391655945
100578043,1201,1011,962,80,0,100578043,1.1372909391655945
100591620,1203,942,923,80,0,100591620,1.1372909391655945
100604792,1223,877,921,80,0,100604792,1.1372909391655945
100617938,1266,857,942,80,0,100617938,1.1372909391655945
100632343,1220,777,869,80,0,100632343,1.1372909391655945
100647865,1392,846,942,80,0,100647865,1.1372909391655945
100660990,1366,614,819,80,0,100660990,1.1372909391655945
100676622,1402,726,841,80,0,100676622,1.1372909391655945
100690460,1449,753,864,80,0,100690460,1.1372909391655945
100704403,1395,757,891,80,0,100704403,1.1372909391655945
100716366,1418,768,917,80,0,100716366,1.1372909391655945
100727867,1452,763,867,80,0,100727867,1.1372909391655945
100737313,1411,758,909,80,0,100737313,1.1372909391655945
100749297,1413,798,926,80,0,100749297,1.1372909391655945
100760887,1482,813,918,80,0,100760887,1.1372909391655945
100775174,1501,795,882,80,0,100775174,1.1372909391655945
100788293,1516,840,890,80,0,100788293,1.1372909391655945
100798691,1500,848,934,80,0,100798691,1.1372909391655945
100808308,1486,889,934,80,0,100808308,1.1372909391655945
100819203,1459,879,942,80,0,100819203,1.1372909391655945
100830124,1513,913,941,80,0,100830124,1.1372909391655945
100842790,1504,928,940,80,0,100842790,1.1372909391655945
100855609,1535,883,941,80,0,100855609,1.1372909391655945
100864990,1455,891,928,80,0,100864990,1.1372909391655945
100876306,1425,907,954,80,0,100876306,1.1372909391655945
100888188,1404,789,932,80,0,100888188,1.1372909391655945
100899105,1350,751,931,80,0,100899105,1.1372909391655945
100910013,1325,787,928,80,0,100910013,1.1372909391655945
100926510,1315,769,928,80,0,100926510,1.1372909391655945
100938550,1393,801,919,80,0,100938550,1.1372909391655945
100949356,1399,811,930,80,0,100949356,1.1372909391655945
100961970,1421,821,936,80,0,100961970,1.1372909391655945
100976233,1355,841,907,80,0,100976233,1.1372909391655945
100988419,1386,812,902,80,0,100988419,1.1372909391655945
100999569,1401,778,837,80,0,100999569,1.1372909391655945
101011878,1428,779,922,80,0,101011878,1.1372909391655945
101023075,1387,780,924,80,0,101023075,1.1372909391655945
101035481,1414,781,921,80,0,101035481,1.1372909391655945
101047489,1396,828,933,80,0,101047489,1.1372909391655945
101059029,1374,854,929,80,0,101059029,1.1372909391655945
101073925,1386,797,929,80,0,101073925,1.1372909391655945
101085610,1379,798,912,80,0,101085610,1.1372909391655945
101097954,1372,763,924,80,0,101097954,1.1372909391655945
101111218,1338,802,923,80,0,101111218,1.1372909391655945
101125505,1396,774,934,80,0,101125505,1.1372909391655945
101139069,1406,792,929,80,0,101139069,1.1372909391655945
101151284,1427,861,930,80,0,101151284,1.1372909391655945
101163477,1468,848,849,80,0,101163477,1.1372909391655945
101180193,1402,770,901,80,0,101180193,1.1372909391655945
101194506,1361,820,916,80,0,101194506,1.1372909391655945
101206349,1397,789,938,80,0,101206349,1.1372909391655945
101219633,1075,828,926,80,0,101219633,1.1372909391655945
101236882,1452,870,927,80,0,101236882,1.1372909391655945
101247952,1422,844,888,80,0,101247952,1.1372909391655945
101258854,1411,900,931,80,0,101258854,1.1372909391655945
101272052,1488,865,934,80,0,101272052,1.1372909391655945
101284665,1489,883,940,80,0,101284665,1.1372909391655945
101297271,1535,845,930,80,0,101297271,1.1372909391655945
101309269,1481,869,933,80,0,101309269,1.1372909391655945
101321534,1400,853,931,80,0,101321534,1.1372909391655945
101337744,1370,854,931,80,0,101337744,1.1372909391655945
101348189,1397,825,930,80,0,101348189,1.1372909391655945
101359694,1401,846,936,80,0,101359694,1.1372909391655945
101370573,1408,820,868,80,0,101370573,1.1372909391655945
101382307,1409,800,840,80,0,101382307,1.1372909391655945
101395118,1354,772,896,80,0,101395118,1.1372909391655945
101406750,1399,808,924,80,0,101406750,1.1372909391655945
101417786,1420,806,918,80,0,101417786,1.1372909391655945
101429697,1435,872,911,80,0,101429697,1.1372909391655945
101440621,1385,1318,859,80,0,101440621,1.1372909391655945
101454540,1401,826,884,80,0,101454540,1.1372909391655945
101467494,1398,796,923,80,0,101467494,1.1372909391655945
101480967,1398,789,830,80,0,101480967,1.1372909391655945
101492667,1413,826,934,80,0,101492667,1.1372909391655945
101503230,1457,855,931,80,0,101503230,1.1372909391655945
101514998,1466,859,928,80,0,101514998,1.1372909391655945
101528494,1435,840,930,80,0,101528494,1.1372909391655945
101540422,1427,812,912,80,0,101540422,1.1372909391655945
101552112,1413,814,934,80,0,101552112,1.1372909391655945
101564619,1436,786,918,80,0,101564619,1.1372909391655945
101579158,1493,831,852,80,0,101579158,1.1372909391655945
101590563,1500,798,907,80,0,101590563,1.1372909391655945
101600972,1476,869,876,80,0,101600972,1.1372909391655945
101615252,1454,867,936,80,0,101615252,1.1372909391655945
101629973,1438,830,918,80,0,101629973,1.1372909391655945
101642632,1474,861,922,80,0,101642632,1.1372909391655945
101655477,1427,872,911,80,0,101655477,1.1372909391655945
101668487,1459,829,939,80,0,101668487,1.1372909391655945
101680130,1397,758,925,80,0,101680130,1.1372909391655945
101692517,1413,786,848,80,0,101692517,1.1372909391655945
101705131,1416,820,882,80,0,101705131,1.1372909391655945
101720009,1435,824,928,80,0,101720009,1.1372909391655945
101735024,1615,834,931,80,0,101735024,1.1372909391655945
101744993,1444,817,865,80,0,101744993,1.1372909391655945
101757479,1443,778,922,80,0,101757479,1.1372909391655945
101770626,1449,797,910,80,0,101770626,1.1372909391655945
101781931,1489,820,911,80,0,101781931,1.1372909391655945
101796464,1445,838,926,80,0,101796464,1.1372909391655945
101808295,1508,829,938,80,0,101808295,1.1372909391655945
101819579,1425,808,942,80,0,101819579,1.1372909391655945
101831386,1376,777,911,80,0,101831386,1.1372909391655945
101841755,1371,777,912,80,0,101841755,1.1372909391655945
101853593,1426,814,903,80,0,101853593,1.1372909391655945
101864582,1475,863,911,80,0,101864582,1.1372909391655945
101875598,1467,897,950,80,0,101875598,1.1372909391655945
101890236,1418,955,958,80,0,101890236,1.1372909391655945
101903183,1394,930,929,80,0,101903183,1.1372909391655945
101914114,1420,902,935,80,0,101914114,1.1372909391655945
101925768,1393,863,930,80,0,101925768,1.1372909391655945
101938135,1373,900,939,80,0,101938135,1.1372909391655945
101951380,1410,825,865,80,0,101951380,1.1372909391655945
101965970,1357,748,890,80,0,101965970,1.1372909391655945
101978576,1392,774,907,80,0,101978576,1.1372909391655945
101996847,1485,836,939,80,0,101996847,1.1372909391655945
102007820,1486,849,908,80,0,102007820,1.1372909391655945
102020334,1507,819,937,80,0,102020334,1.1372909391655945
102030654,1499,859,935,80,0,102030654,1.1372909391655945
102040240,1492,838,940,80,0,102040240,1.1372909391655945
102052913,1435,852,945,80,0,102052913,1.1372909391655945
102063354,1450,892,914,80,0,102063354,1.1372909391655945
102076004,1508,866,932,80,0,102076004,1.1372909391655945
102087571,1497,856,882,80,0,102087571,1.1372909391655945
102100999,1459,857,936,80,0,102100999,1.1372909391655945
102113132,1410,819,904,80,0,102113132,1.1372909391655945
102124305,1401,849,933,80,0,102124305,1.1372909391655945
102136607,1464,866,938,80,0,102136607,1.1372909391655945
102147903,1491,860,923,80,0,102147903,1.1372909391655945
102160418,1467,872,937,80,0,102160418,1.1372909391655945
102171825,1446,835,922,80,0,102171825,1.1372909391655945
102184336,1358,798,872,80,0,102184336,1.1372909391655945
102196149,1401,830,913,80,0,102196149,1.1372909391655945
102210471,1440,832,937,80,0,102210471,1.1372909391655945
102226878,1402,854,932,80,0,102226878,1.1372909391655945
102240492,1417,786,867,80,0,102240492,1.1372909391655945
102251818,1427,771,914,80,0,102251818,1.1372909391655945
102262528,1418,787,928,80,0,102262528,1.1372909391655945
102273177,1413,795,936,80,0,102273177,1.1372909391655945
102283212,1448,828,938,80,0,102283212,1.1372909391655945
102296489,1481,872,945,80,0,102296489,1.1372909391655945
102307427,1462,860,933,80,0,102307427,1.1372909391655945
102320319,1473,805,885,80,0,102320319,1.1372909391655945
102336019,1443,828,909,80,0,102336019,1.1372909391655945
102348903,1478,836,930,80,0,102348903,1.1372909391655945
102361906,1432,880,938,80,0,102361906,1.1372909391655945
102372549,1464,873,931,80,0,102372549,1.1372909391655945
102386518,1357,794,928,80,0,102386518,1.1372909391655945
102402454,1395,808,930,80,0,102402454,1.1372909391655945
102416156,1448,800,912,80,0,102416156,1.1372909391655945
102427044,1505,812,929,80,0,102427044,1.1372909391655945
102438854,1512,871,933,80,0,102438854,1.1372909391655945
102453930,1454,844,931,80,0,102453930,1.1372909391655945
102467080,1458,845,930,80,0,102467080,1.1372909391655945
102478972,1460,855,920,80,0,102478972,1.1372909391655945
102491534,1438,860,861,80,0,102491534,1.1372909391655945
102504047,1446,842,939,80,0,102504047,1.1372909391655945
102515037,1442,822,930,80,0,102515037,1.1372909391655945
102528826,1414,764,907,80,0,102528826,1.1372909391655945
102542562,1424,801,919,80,0,102542562,1.1372909391655945
102552454,1453,827,939,80,0,102552454,1.1372909391655945
102564110,1464,829,931,80,0,102564110,1.1372909391655945
102575112,1449,854,929,80,0,102575112,1.1372909391655945
102589841,1480,802,921,80,0,102589841,1.1372909391655945
102599555,1436,792,899,80,0,102599555,1.1372909391655945
102613152,1418,834,865,80,0,102613152,1.1372909391655945
102625899,1457,833,932,80,0,102625899,1.1372909391655945
102639835,1435,854,933,80,0,102639835,1.1372909391655945
102654496,1453,836,939,80,0,102654496,1.1372909391655945
102669127,1446,808,911,80,0,102669127,1.1372909391655945
102683710,1435,836,931,80,0,102683710,1.1372909391655945
102699071,1507,861,931,80,0,102699071,1.1372909391655945
102712135,1499,866,929,80,0,102712135,1.1372909391655945
102726874,1463,882,941,80,0,102726874,1.1372909391655945
102744041,1394,834,902,80,0,102744041,1.1372909391655945
102753613,1378,808,906,80,0,102753613,1.1372909391655945
102767499,1429,827,930,80,0,102767499,1.1372909391655945
102778436,1454,840,872,80,0,102778436,1.1372909391655945
102792083,1420,795,926,80,0,102792083,1.1372909391655945
102802815,1400,840,915,80,0,102802815,1.1372909391655945
102815911,1382,817,873,80,0,102815911,1.1372909391655945
102827077,1448,817,930,80,0,102827077,1.1372909391655945
102839299,1446,808,932,80,0,102839299,1.1372909391655945
102851719,1417,850,932,80,0,102851719,1.1372909391655945
102864085,1448,822,939,80,0,102864085,1.1372909391655945
102878097,1467,813,901,80,0,102878097,1.1372909391655945
102895128,1457,838,929,80,0,102895128,1.1372909391655945
102905945,1456,845,885,80,0,102905945,1.1372909391655945
102921771,1457,849,924,80,0,102921771,1.1372909391655945
102936435,1422,868,936,80,0,102936435,1.1372909391655945
102945165,1388,831,924,80,0,102945165,1.1372909391655945
102958338,1384,782,901,80,0,102958338,1.1372909391655945
102967376,1414,836,923,80,0,102967376,1.1372909391655945
102977699,1428,830,934,80,0,102977699,1.1372909391655945
102987280,1474,795,913,80,0,102987280,1.1372909391655945
102999905,1477,820,925,80,0,102999905,1.1372909391655945
103013703,1389,845,925,80,0,103013703,1.1372909391655945
103024532,1445,812,918,80,0,103024532,1.1372909391655945
103036877,1478,838,930,80,0,103036877,1.1372909391655945
103051749,1436,842,920,80,0,103051749,1.1372909391655945
103062068,1445,880,928,80,0,103062068,1.1372909391655945
103074570,1422,848,934,80,0,103074570,1.1372909391655945
103086908,1417,806,937,80,0,103086908,1.1372909391655945
103096889,1424,813,900,80,0,103096889,1.1372909391655945
103109041,1379,812,915,80,0,103109041,1.1372909391655945
103119791,1386,818,908,80,0,103119791,1.1372909391655945
103135209,1458,873,933,80,0,103135209,1.1372909391655945
103147378,1425,889,914,80,0,103147378,1.1372909391655945
103159712,1355,848,939,80,0,103159712,1.1372909391655945
103170983,1371,857,937,80,0,103170983,1.1372909391655945
103182962,1390,847,921,80,0,103182962,1.1372909391655945
103195099,1356,805,926,80,0,103195099,1.1372909391655945
103206371,1422,837,902,80,0,103206371,1.1372909391655945
103219367,1434,805,926,80,0,103219367,1.1372909391655945
103233402,1390,782,889,80,0,103233402,1.1372909391655945
103243951,1422,828,929,80,0,103243951,1.1372909391655945
103256451,1456,837,866,80,0,103256451,1.1372909391655945
103266769,1447,847,946,80,0,103266769,1.1372909391655945
103279839,1443,850,932,80,0,103279839,1.1372909391655945
103294227,1404,845,941,80,0,103294227,1.1372909391655945
103306156,1433,800,924,80,0,103306156,1.1372909391655945
103318813,1413,819,940,80,0,103318813,1.1372909391655945
103330654,1468,859,934,80,0,103330654,1.1372909391655945
103342937,1441,841,934,80,0,103342937,1.1372909391655945
103354389,1428,802,937,80,0,103354389,1.1372909391655945
103365733,1398,818,921,80,0,103365733,1.1372909391655945
103379233,1390,835,907,80,0,103379233,1.1372909391655945
103388960,1417,851,841,80,0,103388960,1.1372909391655945
103402260,1449,857,934,80,0,103402260,1.1372909391655945
103413279,1406,853,936,80,0,103413279,1.1372909391655945
103425619,1403,788,918,80,0,103425619,1.1372909391655945
103435543,1371,802,880,80,0,103435543,1.1372909391655945
103448340,1325,753,884,80,0,103448340,1.1372909391655945
103461331,1361,769,880,80,0,103461331,1.1372909391655945
103471974,1290,776,898,80,0,103471974,1.1372909391655945
103482024,1321,830,934,80,0,103482024,1.1372909391655945
103494794,1391,763,926,80,0,103494794,1.1372909391655945
103508950,1364,799,889,80,0,103508950,1.1372909391655945
103525093,1432,840,934,80,0,103525093,1.1372909391655945
103536399,1434,842,937,80,0,103536399,1.1372909391655945
103548070,1428,817,922,80,0,103548070,1.1372909391655945
103561535,1416,782,809,80,0,103561535,1.1372909391655945
103574434,1410,769,927,80,0,103574434,1.1372909391655945
103587870,1444,810,917,80,0,103587870,1.1372909391655945
103599474,1408,698,939,80,0,103599474,1.1372909391655945
103614876,1465,860,928,80,0,103614876,1.1372909391655945
103628075,1496,920,953,80,0,103628075,1.1372909391655945
103637000,268,68,16,80,0,103637000,1.1372909391655945
103651230,1354,739,893,80,0,103651230,1.1372909391655945
103662874,1325,696,917,80,0,103662874,1.1372909391655945
103675302,1386,752,908,80,0,103675302,1.1372909391655945
103687651,1381,829,932,80,0,103687651,1.1372909391655945
103699960,1425,824,918,80,0,103699960,1.1372909391655945
103713617,1358,756,909,80,0,103713617,1.1372909391655945
103725383,1382,790,933,80,0,103725383,1.1372909391655945
103740699,1427,810,923,80,0,103740699,1.1372909391655945
103752083,1430,856,928,80,0,103752083,1.1372909391655945
103764186,1422,846,935,80,0,103764186,1.1372909391655945
103774255,1385,842,924,80,0,103774255,1.1372909391655945
103787527,1382,779,921,80,0,103787527,1.1372909391655945
103799452,1331,810,916,80,0,103799452,1.1372909391655945
103811901,1394,800,923,80,0,103811901,1.1372909391655945
103824412,1327,743,916,80,0,103824412,1.1372909391655945
103836156,1409,768,905,80,0,103836156,1.1372909391655945
103849606,1372,742,931,80,0,103849606,1.1372909391655945
103859853,1350,796,929,80,0,103859853,1.1372909391655945
103870181,1375,750,931,80,0,103870181,1.1372909391655945
103884178,1421,790,933,80,0,103884178,1.1372909391655945
103899412,1404,806,819,80,0,103899412,1.1372909391655945
103912774,1455,808,925,80,0,103912774,1.1372909391655945
103925788,1406,783,908,80,0,103925788,1.1372909391655945
103938418,1334,773,922,80,0,103938418,1.1372909391655945
103955024,1364,818,939,80,0,103955024,1.1372909391655945
103966819,1357,793,939,80,0,103966819,1.1372909391655945
103980878,1476,792,922,80,0,103980878,1.1372909391655945
103993588,1395,742,916,80,0,103993588,1.1372909391655945
104003874,1430,790,922,80,0,104003874,1.1372909391655945
104016480,1467,828,928,80,0,104016480,1.1372909391655945
104027897,1445,864,938,80,0,104027897,1.1372909391655945
104038176,1436,864,927,80,0,104038176,1.1372909391655945
104052471,1416,913,945,80,0,104052471,1.1372909391655945
104065166,1437,802,889,80,0,104065166,1.1372909391655945
104078361,1354,804,928,80,0,104078361,1.1372909391655945
104091845,1444,803,918,80,0,104091845,1.1372909391655945
104106347,1422,844,924,80,0,104106347,1.1372909391655945
104117204,1476,842,944,80,0,104117204,1.1372909391655945
104130290,1436,858,929,80,0,104130290,1.1372909391655945
104145037,1434,817,921,80,0,104145037,1.1372909391655945
104158969,1376,841,917,80,0,104158969,1.1372909391655945
104169755,1423,813,926,80,0,104169755,1.1372909391655945
104182804,1483,842,933,80,0,104182804,1.1372909391655945
104194687,1481,856,941,80,0,104194687,1.1372909391655945
104205896,1459,798,918,80,0,104205896,1.1372909391655945
104219271,1444,784,916,80,0,104219271,1.1372909391655945
104233476,1476,800,942,80,0,104233476,1.1372909391655945
104244694,1467,804,929,80,0,104244694,1.1372909391655945
104256760,1481,827,907,80,0,104256760,1.1372909391655945
104268940,1458,808,898,80,0,104268940,1.1372909391655945
104281558,1406,832,934,80,0,104281558,1.1372909391655945
104292691,1464,858,922,80,0,104292691,1.1372909391655945
104305518,1448,842,880,80,0,104305518,1.1372909391655945
104320940,1395,862,952,80,0,104320940,1.1372909391655945
104334766,1408,812,872,80,0,104334766,1.1372909391655945
104346753,1411,796,917,80,0,104346753,1.1372909391655945
104358881,1402,823,926,80,0,104358881,1.1372909391655945
104377174,1482,831,941,80,0,104377174,1.1372909391655945
104387773,1482,848,937,80,0,104387773,1.1372909391655945
104399069,1470,868,931,80,0,104399069,1.1372909391655945
104411297,1412,861,927,80,0,104411297,1.1372909391655945
104425118,1416,824,935,80,0,104425118,1.1372909391655945
104441624,1420,961,926,80,0,104441624,1.1372909391655945
104453517,1425,835,836,80,0,104453517,1.1372909391655945
104466938,1472,866,926,80,0,104466938,1.1372909391655945
104477827,1446,861,926,80,0,104477827,1.1372909391655945
104490964,1451,822,898,80,0,104490964,1.1372909391655945
104503781,1396,804,929,80,0,104503781,1.1372909391655945
104518071,1461,810,922,80,0,104518071,1.1372909391655945
104534418,1416,853,937,80,0,104534418,1.1372909391655945
104546688,1445,835,938,80,0,104546688,1.1372909391655945
104561412,1429,796,944,80,0,104561412,1.1372909391655945
104573598,1406,796,933,80,0,104573598,1.1372909391655945
104584882,1462,834,918,80,0,104584882,1.1372909391655945
104596868,1477,842,923,80,0,104596868,1.1372909391655945
104607723,1441,820,926,80,0,104607723,1.1372909391655945
104618687,1444,858,942,80,0,104618687,1.1372909391655945
104632717,1433,806,928,80,0,104632717,1.1372909391655945
104643500,1438,811,922,80,0,104643500,1.1372909391655945
104656527,1473,816,931,80,0,104656527,1.1372909391655945
104667865,1456,859,936,80,0,104667865,1.1372909391655945
104684384,1456,835,925,80,0,104684384,1.1372909391655945
104696889,1350,853,931,80,0,104696889,1.1372909391655945
104712899,1472,834,917,80,0,104712899,1.1372909391655945
104725433,1456,887,930,80,0,104725433,1.1372909391655945
104735889,1478,884,824,80,0,104735889,1.1372909391655945
104747725,1409,858,932,80,0,104747725,1.1372909391655945
104762136,1450,828,904,80,0,104762136,1.1372909391655945
104775475,1455,812,924,80,0,104775475,1.1372909391655945
104787584,1394,762,932,80,0,104787584,1.1372909391655945
104801774,1468,819,915,80,0,104801774,1.1372909391655945
104814347,1465,860,917,80,0,104814347,1.1372909391655945
104829789,1445,829,921,80,0,104829789,1.1372909391655945
104840135,1427,803,876,80,0,104840135,1.1372909391655945
104853589,1464,804,923,80,0,104853589,1.1372909391655945
104865419,1422,804,924,80,0,104865419,1.1372909391655945
104877617,1380,806,933,80,0,104877617,1.1372909391655945
104889562,1350,816,917,80,0,104889562,1.1372909391655945
104900624,1467,844,936,80,0,104900624,1.1372909391655945
104913640,1379,800,901,80,0,104913640,1.1372909391655945
104929541,1399,789,877,80,0,104929541,1.1372909391655945
104942231,1404,795,908,80,0,104942231,1.1372909391655945
104953540,1388,805,831,80,0,104953540,1.1372909391655945
104965862,1427,852,940,80,0,104965862,1.1372909391655945
104977221,1421,825,904,80,0,104977221,1.1372909391655945
104990005,1396,799,914,80,0,104990005,1.1372909391655945
105002081,1413,802,926,80,0,105002081,1.1372909391655945
105016631,1395,773,909,80,0,105016631,1.1372909391655945
105030293,1427,779,910,80,0,105030293,1.1372909391655945
105043953,1425,788,943,80,0,105043953,1.1372909391655945
105058810,1391,740,863,80,0,105058810,1.1372909391655945
105069080,1600,788,889,80,0,105069080,1.1372909391655945
105080409,1469,786,910,80,0,105080409,1.1372909391655945
105092551,1466,853,854,80,0,105092551,1.1372909391655945
105102856,1489,891,925,80,0,105102856,1.1372909391655945
105114156,1453,854,940,80,0,105114156,1.1372909391655945
105132514,1397,817,938,80,0,105132514,1.1372909391655945
105144254,1429,837,930,80,0,105144254,1.1372909391655945
105155371,1448,801,930,80,0,105155371,1.1372909391655945
105165898,1456,871,926,80,0,105165898,1.1372909391655945
105177599,1458,868,906,80,0,105177599,1.1372909391655945
105189790,1480,863,933,80,0,105189790,1.1372909391655945
105204283,1464,870,936,80,0,105204283,1.1372909391655945
105218156,1481,835,882,80,0,105218156,1.1372909391655945
105231680,1659,865,941,80,0,105231680,1.1372909391655945
105245971,1535,843,925,80,0,105245971,1.1372909391655945
105261357,1494,856,944,80,0,105261357,1.1372909391655945
105273361,1480,914,938,80,0,105273361,1.1372909391655945
105286266,1452,875,941,80,0,105286266,1.1372909391655945
105298805,1507,827,912,80,0,105298805,1.1372909391655945
105308420,1519,844,926,80,0,105308420,1.1372909391655945
105319285,1535,893,928,80,0,105319285,1.1372909391655945
105333026,1506,883,953,80,0,105333026,1.1372909391655945
105345461,1524,896,952,80,0,105345461,1.1372909391655945
105356452,1460,913,914,80,0,105356452,1.1372909391655945
105372222,1481,882,935,80,0,105372222,1.1372909391655945
105384323,1452,897,916,80,0,105384323,1.1372909391655945
105395554,1397,851,933,80,0,105395554,1.1372909391655945
105409806,1395,858,941,80,0,105409806,1.1372909391655945
105420862,1377,856,926,80,0,105420862,1.1372909391655945
105435581,1354,815,933,80,0,105435581,1.1372909391655945
105447561,1360,819,934,80,0,105447561,1.1372909391655945
105457873,1345,856,916,80,0,105457873,1.1372909391655945
105471436,1305,853,942,80,0,105471436,1.1372909391655945
105483368,1370,800,916,80,0,105483368,1.1372909391655945
105494895,1389,752,923,80,0,105494895,1.1372909391655945
105506778,1361,785,886,80,0,105506778,1.1372909391655945
105521202,1365,819,929,80,0,105521202,1.1372909391655945
105533439,1262,782,916,80,0,105533439,1.1372909391655945
105547050,1316,697,915,80,0,105547050,1.1372909391655945
105560086,1380,691,914,80,0,105560086,1.1372909391655945
105569526,1378,680,910,80,0,105569526,1.1372909391655945
105580523,1489,717,804,80,0,105580523,1.1372909391655945
105596972,1417,827,921,80,0,105596972,1.1372909391655945
105607097,1381,798,898,80,0,105607097,1.1372909391655945
105621582,1398,758,894,80,0,105621582,1.1372909391655945
105632434,1412,775,906,80,0,105632434,1.1372909391655945
105646388,1405,700,921,80,0,105646388,1.1372909391655945
105657524,1396,773,921,80,0,105657524,1.1372909391655945
105669519,1387,793,924,80,0,105669519,1.1372909391655945
105681049,1489,838,926,80,0,105681049,1.1372909391655945
105694200,1489,804,945,80,0,105694200,1.1372909391655945
105707030,2247,814,915,80,0,105707030,1.1372909391655945
105719755,1458,804,909,80,0,105719755,1.1372909391655945
105733392,1454,849,932,80,0,105733392,1.1372909391655945
105743960,1477,847,932,80,0,105743960,1.1372909391655945
105757829,1518,874,936,80,0,105757829,1.1372909391655945
105770021,1514,891,893,80,0,105770021,1.1372909391655945
105783658,1511,946,955,80,0,105783658,1.1372909391655945
105797489,1355,939,949,80,0,105797489,1.1372909391655945
105811067,1422,900,938,80,0,105811067,1.1372909391655945
105823217,1378,894,946,80,0,105823217,1.1372909391655945
105834259,1366,889,932,80,0,105834259,1.1372909391655945
105846941,1403,822,916,80,0,105846941,1.1372909391655945
105863382,1443,863,941,80,0,105863382,1.1372909391655945
105873738,1349,892,948,80,0,105873738,1.1372909391655945
105888004,1362,902,948,80,0,105888004,1.1372909391655945
105899562,1376,909,906,80,0,105899562,1.1372909391655945
105910069,1374,940,938,80,0,105910069,1.1372909391655945
105923406,1377,844,907,80,0,105923406,1.1372909391655945
105935222,1349,773,923,80,0,105935222,1.1372909391655945
105952805,1325,835,904,80,0,105952805,1.1372909391655945
105967417,1417,892,944,80,0,105967417,1.1372909391655945
105983381,1398,881,902,80,0,105983381,1.1372909391655945
105995555,1470,804,904,80,0,105995555,1.1372909391655945
106006172,1414,784,890,80,0,106006172,1.1372909391655945
106019888,1365,733,906,80,0,106019888,1.1372909391655945
106033160,1275,825,884,80,0,106033160,1.1372909391655945
106044955,1289,807,924,80,0,106044955,1.1372909391655945
106056025,1332,815,937,80,0,106056025,1.1372909391655945
106069108,1492,822,927,80,0,106069108,1.1372909391655945
106082120,1403,878,944,80,0,106082120,1.1372909391655945
106098781,1298,924,937,80,0,106098781,1.1372909391655945
106114251,1207,1072,966,80,0,106114251,1.1372909391655945
106125542,1180,1083,972,80,0,106125542,1.1372909391655945
106140309,1221,984,941,80,0,106140309,1.1372909391655945
106154719,1170,853,925,80,0,106154719,1.1372909391655945
106166906,1228,868,948,80,0,106166906,1.1372909391655945
106177314,1198,819,934,80,0,106177314,1.1372909391655945
106188715,1201,751,920,80,0,106188715,1.1372909391655945
106202145,1236,690,755,80,0,106202145,1.1372909391655945
106215320,1411,678,907,80,0,106215320,1.1372909391655945
106227771,1418,662,888,80,0,106227771,1.1372909391655945
106241127,1430,715,898,80,0,106241127,1.1372909391655945
106253873,1456,743,914,80,0,106253873,1.1372909391655945
106270422,1422,771,921,80,0,106270422,1.1372909391655945
106283883,1439,825,907,80,0,106283883,1.1372909391655945
106294087,1486,780,900,80,0,106294087,1.1372909391655945
106307627,1385,789,877,80,0,106307627,1.1372909391655945
106320696,1432,759,931,80,0,106320696,1.1372909391655945
106334634,1456,788,926,80,0,106334634,1.1372909391655945
106348828,1451,807,915,80,0,106348828,1.1372909391655945
106366810,1498,902,926,80,0,106366810,1.1372909391655945
106377891,1507,929,937,80,0,106377891,1.1372909391655945
106390675,1482,932,947,80,0,106390675,1.1372909391655945
106403943,1480,916,912,80,0,106403943,1.1372909391655945
106414421,1477,889,918,80,0,106414421,1.1372909391655945
106423790,1437,897,939,80,0,106423790,1.1372909391655945
106438306,1431,864,936,80,0,106438306,1.1372909391655945
106447724,1370,798,920,80,0,106447724,1.1372909391655945
106462179,1380,807,926,80,0,106462179,1.1372909391655945
106474091,1378,794,926,80,0,106474091,1.1372909391655945
106486580,1331,785,892,80,0,106486580,1.1372909391655945
106497426,1346,787,921,80,0,106497426,1.1372909391655945
106509367,1436,832,896,80,0,106509367,1.1372909391655945
106519392,1455,833,909,80,0,106519392,1.1372909391655945
106529495,1442,876,890,80,0,106529495,1.1372909391655945
106543099,1457,841,929,80,0,106543099,1.1372909391655945
106553632,1443,824,915,80,0,106553632,1.1372909391655945
106570857,1465,803,920,80,0,106570857,1.1372909391655945
106579630,1456,828,937,80,0,106579630,1.1372909391655945
106593563,1440,838,942,80,0,106593563,1.1372909391655945
106606149,1406,826,894,80,0,106606149,1.1372909391655945
106618645,1411,850,907,80,0,106618645,1.1372909391655945
106628928,1400,802,899,80,0,106628928,1.1372909391655945
106639066,1403,849,928,80,0,106639066,1.1372909391655945
106649398,1347,831,925,80,0,106649398,1.1372909391655945
106661314,1416,838,932,80,0,106661314,1.1372909391655945
106672572,1396,747,826,80,0,106672572,1.1372909391655945
106685484,1376,790,934,80,0,106685484,1.1372909391655945
106697308,1376,819,912,80,0,106697308,1.1372909391655945
106711643,496,837,923,80,0,106711643,1.1372909391655945
106722292,1418,822,899,80,0,106722292,1.1372909391655945
106734355,1473,827,926,80,0,106734355,1.1372909391655945
106746956,1409,812,923,80,0,106746956,1.1372909391655945
106756442,1374,797,937,80,0,106756442,1.1372909391655945
106767855,1428,804,931,80,0,106767855,1.1372909391655945
106781600,1408,832,905,80,0,106781600,1.1372909391655945
106792567,1473,882,863,80,0,106792567,1.1372909391655945
106804474,1476,891,922,80,0,106804474,1.1372909391655945
106816599,1451,852,941,80,0,106816599,1.1372909391655945
106827667,1478,851,939,80,0,106827667,1.1372909391655945
106839995,1534,852,936,80,0,106839995,1.1372909391655945
106850956,1412,857,922,80,0,106850956,1.1372909391655945
106864123,1468,880,945,80,0,106864123,1.1372909391655945
106880052,1486,870,928,80,0,106880052,1.1372909391655945
106890690,1442,840,926,80,0,106890690,1.1372909391655945
106902533,1392,829,884,80,0,106902533,1.1372909391655945
106915372,1356,805,928,80,0,106915372,1.1372909391655945
106929166,1424,839,920,80,0,106929166,1.1372909391655945
106940397,1402,843,893,80,0,106940397,1.1372909391655945
106953839,1480,857,928,80,0,106953839,1.1372909391655945
106965426,1436,815,928,80,0,106965426,1.1372909391655945
106978568,1408,827,872,80,0,106978568,1.1372909391655945
106990688,1332,824,922,80,0,106990688,1.1372909391655945
107003955,1428,840,881,80,0,107003955,1.1372909391655945
107017866,1471,860,922,80,0,107017866,1.1372909391655945
107028990,1459,798,929,80,0,107028990,1.1372909391655945
107041110,1414,848,924,80,0,107041110,1.1372909391655945
107051252,1427,824,936,80,0,107051252,1.1372909391655945
107063196,1385,844,931,80,0,107063196,1.1372909391655945
107080194,1422,820,906,80,0,107080194,1.1372909391655945
107090683,1434,838,924,80,0,107090683,1.1372909391655945
107102702,1425,772,922,80,0,107102702,1.1372909391655945
107114464,1438,783,913,80,0,107114464,1.1372909391655945
107127432,1417,808,918,80,0,107127432,1.1372909391655945
107143638,1458,872,940,80,0,107143638,1.1372909391655945
107155860,1465,896,937,80,0,107155860,1.1372909391655945
107172158,1475,862,888,80,0,107172158,1.1372909391655945
107185307,1417,801,931,80,0,107185307,1.1372909391655945
107196049,1385,805,924,80,0,107196049,1.1372909391655945
107209046,1428,840,922,80,0,107209046,1.1372909391655945
107224127,1426,854,936,80,0,107224127,1.1372909391655945
107236184,1405,845,913,80,0,107236184,1.1372909391655945
107250064,1428,819,925,80,0,107250064,1.1372909391655945
107265428,1390,791,930,80,0,107265428,1.1372909391655945
107277852,1396,781,916,80,0,107277852,1.1372909391655945
107288560,1413,824,833,80,0,107288560,1.1372909391655945
107299806,1431,859,936,80,0,107299806,1.1372909391655945
107312597,1442,844,927,80,0,107312597,1.1372909391655945
107321739,1417,866,936,80,0,107321739,1.1372909391655945
107331958,1357,811,930,80,0,107331958,1.1372909391655945
107343265,1346,772,926,80,0,107343265,1.1372909391655945
107357620,1339,793,909,80,0,107357620,1.1372909391655945
107370213,1237,768,858,80,0,107370213,1.1372909391655945
107385528,1323,741,901,80,0,107385528,1.1372909391655945
107397413,1382,762,906,80,0,107397413,1.1372909391655945
107412630,1379,805,931,80,0,107412630,1.1372909391655945
107426230,1436,824,944,80,0,107426230,1.1372909391655945
107437573,1457,851,901,80,0,107437573,1.1372909391655945
107450287,1432,912,941,80,0,107450287,1.1372909391655945
107463236,1388,879,925,80,0,107463236,1.1372909391655945
107477211,1378,861,908,80,0,107477211,1.1372909391655945
107490221,1329,770,914,80,0,107490221,1.1372909391655945
107501095,1353,776,920,80,0,107501095,1.1372909391655945
107518065,1310,723,916,80,0,107518065,1.1372909391655945
107528285,1366,769,926,80,0,107528285,1.1372909391655945
107539184,1378,792,917,80,0,107539184,1.1372909391655945
107551603,1427,830,939,80,0,107551603,1.1372909391655945
107568760,1449,833,934,80,0,107568760,1.1372909391655945
107581421,1467,853,902,80,0,107581421,1.1372909391655945
107591893,1469,874,929,80,0,107591893,1.1372909391655945
107605907,1449,904,942,80,0,107605907,1.1372909391655945
107617576,1376,901,928,80,0,107617576,1.1372909391655945
107629346,1355,821,908,80,0,107629346,1.1372909391655945
107641924,1391,822,925,80,0,107641924,1.1372909391655945
107651968,1423,829,931,80,0,107651968,1.1372909391655945
107665869,1472,821,924,80,0,107665869,1.1372909391655945
107677160,1516,834,917,80,0,107677160,1.1372909391655945
107688778,1481,879,904,80,0,107688778,1.1372909391655945
107700825,1450,870,922,80,0,107700825,1.1372909391655945
107712408,1474,901,878,80,0,107712408,1.1372909391655945
107727727,1492,865,874,80,0,107727727,1.1372909391655945
107738902,1464,876,937,80,0,107738902,1.1372909391655945
107751380,1424,819,917,80,0,107751380,1.1372909391655945
107757600,257,776,258,80,0,107757600,1.1372909391655945
107774242,1415,796,921,80,0,107774242,1.1372909391655945
107787204,1412,814,928,80,0,107787204,1.1372909391655945
107798308,1438,837,935,80,0,107798308,1.1372909391655945
107810658,1462,854,943,80,0,107810658,1.1372909391655945
107822682,1453,1054,941,80,0,107822682,1.1372909391655945
107834896,1438,814,928,80,0,107834896,1.1372909391655945
107847659,1432,843,931,80,0,107847659,1.1372909391655945
107861342,1483,813,932,80,0,107861342,1.1372909391655945
107872794,1475,852,926,80,0,107872794,1.1372909391655945
107883098,1446,891,933,80,0,107883098,1.1372909391655945
107894097,1421,894,944,80,0,107894097,1.1372909391655945
107906677,1403,852,910,80,0,107906677,1.1372909391655945
107921029,1395,790,930,80,0,107921029,1.1372909391655945
107934563,1331,810,869,80,0,107934563,1.1372909391655945
107947227,1331,782,900,80,0,107947227,1.1372909391655945
107958369,1391,735,913,80,0,107958369,1.1372909391655945
107974136,1399,817,926,80,0,107974136,1.1372909391655945
107985055,1397,844,935,80,0,107985055,1.1372909391655945
107997877,1451,809,926,80,0,107997877,1.1372909391655945
108009943,1523,859,933,80,0,108009943,1.1372909391655945
108022333,1506,870,932,80,0,108022333,1.1372909391655945
108034524,1433,826,924,80,0,108034524,1.1372909391655945
108044401,1421,795,937,80,0,108044401,1.1372909391655945
108058901,1416,818,901,80,0,108058901,1.1372909391655945
108069501,1441,837,922,80,0,108069501,1.1372909391655945
108081867,1441,817,929,80,0,108081867,1.1372909391655945
108097321,1426,820,920,80,0,108097321,1.1372909391655945
108107347,1397,785,920,80,0,108107347,1.1372909391655945
108119885,1813,816,934,80,0,108119885,1.1372909391655945
108133936,1465,877,933,80,0,108133936,1.1372909391655945
108146517,1475,860,933,80,0,108146517,1.1372909391655945
108156902,1496,857,945,80,0,108156902,1.1372909391655945
108169483,1464,677,942,80,0,108169483,1.1372909391655945
108183217,1449,865,945,80,0,108183217,1.1372909391655945
108194822,1439,824,946,80,0,108194822,1.1372909391655945
108207059,1465,875,931,80,0,108207059,1.1372909391655945
108218692,1481,852,949,80,0,108218692,1.1372909391655945
108233266,1497,869,936,80,0,108233266,1.1372909391655945
108245921,1440,836,883,80,0,108245921,1.1372909391655945
108258906,1440,830,932,80,0,108258906,1.1372909391655945
108271038,1480,845,932,80,0,108271038,1.1372909391655945
108282525,1489,869,931,80,0,108282525,1.1372909391655945
108296736,1462,891,931,80,0,108296736,1.1372909391655945
108308002,1430,873,939,80,0,108308002,1.1372909391655945
108321532,1444,810,915,80,0,108321532,1.1372909391655945
108337211,1408,824,940,80,0,108337211,1.1372909391655945
108351695,1456,878,897,80,0,108351695,1.1372909391655945
108361891,1464,881,941,80,0,108361891,1.1372909391655945
108373106,1473,857,933,80,0,108373106,1.1372909391655945
108389695,1426,808,921,80,0,108389695,1.1372909391655945
108404026,1369,802,909,80,0,108404026,1.1372909391655945
108414850,1430,836,940,80,0,108414850,1.1372909391655945
108427094,1414,853,934,80,0,108427094,1.1372909391655945
108443096,1576,888,944,80,0,108443096,1.1372909391655945
108454051,1436,876,914,80,0,108454051,1.1372909391655945
108467726,1363,845,930,80,0,108467726,1.1372909391655945
108479187,1433,851,941,80,0,108479187,1.1372909391655945
108494224,1356,852,928,80,0,108494224,1.1372909391655945
108508805,1402,839,934,80,0,108508805,1.1372909391655945
108518638,1406,816,946,80,0,108518638,1.1372909391655945
108531335,1409,882,926,80,0,108531335,1.1372909391655945
108543615,1408,852,922,80,0,108543615,1.1372909391655945
108557716,1417,865,933,80,0,108557716,1.1372909391655945
108571206,1464,898,928,80,0,108571206,1.1372909391655945
108585052,1470,854,946,80,0,108585052,1.1372909391655945
108594388,1396,819,930,80,0,108594388,1.1372909391655945
108604926,1363,834,936,80,0,108604926,1.1372909391655945
108617394,1408,852,937,80,0,108617394,1.1372909391655945
108629379,1454,892,892,80,0,108629379,1.1372909391655945
108647592,1354,888,938,80,0,108647592,1.1372909391655945
108659457,1400,830,930,80,0,108659457,1.1372909391655945
108672004,1366,833,938,80,0,108672004,1.1372909391655945
108685822,1273,806,912,80,0,108685822,1.1372909391655945
108697664,1418,817,922,80,0,108697664,1.1372909391655945
108709512,1384,846,930,80,0,108709512,1.1372909391655945
108722545,1462,803,891,80,0,108722545,1.1372909391655945
108732436,1417,798,921,80,0,108732436,1.1372909391655945
108747217,1356,804,936,80,0,108747217,1.1372909391655945
108762085,1397,881,937,80,0,108762085,1.1372909391655945
108780234,1414,868,929,80,0,108780234,1.1372909391655945
108792551,1375,915,914,80,0,108792551,1.1372909391655945
108802852,1370,909,932,80,0,108802852,1.1372909391655945
108816269,1330,836,940,80,0,108816269,1.1372909391655945
108828697,1314,844,927,80,0,108828697,1.1372909391655945
108841646,1382,787,878,80,0,108841646,1.1372909391655945
108853615,1415,883,964,80,0,108853615,1.1372909391655945
108863409,1458,838,952,80,0,108863409,1.1372909391655945
108876118,1378,757,918,80,0,108876118,1.1372909391655945
108885726,1408,756,874,80,0,108885726,1.1372909391655945
108900676,1412,805,931,80,0,108900676,1.1372909391655945
108913335,1348,802,921,80,0,108913335,1.1372909391655945
108923854,1414,825,931,80,0,108923854,1.1372909391655945
108936765,1418,833,873,80,0,108936765,1.1372909391655945
108947465,1408,811,897,80,0,108947465,1.1372909391655945
108958528,1324,833,921,80,0,108958528,1.1372909391655945
108969808,1422,845,918,80,0,108969808,1.1372909391655945
108982621,1450,925,947,80,0,108982621,1.1372909391655945
108996579,1455,923,945,80,0,108996579,1.1372909391655945
109006923,1468,899,949,80,0,109006923,1.1372909391655945
109020543,1420,859,938,80,0,109020543,1.1372909391655945
109034257,1349,810,933,80,0,109034257,1.1372909391655945
109043557,1396,809,924,80,0,109043557,1.1372909391655945
109057998,1379,857,937,80,0,109057998,1.1372909391655945
109070452,1451,845,939,80,0,109070452,1.1372909391655945
109080688,1411,801,924,80,0,109080688,1.1372909391655945
109093033,1371,720,938,80,0,109093033,1.1372909391655945
109104292,1365,771,925,80,0,109104292,1.1372909391655945
109115464,1383,792,921,80,0,109115464,1.1372909391655945
109128201,1432,810,910,80,0,109128201,1.1372909391655945
109140077,1470,797,937,80,0,109140077,1.1372909391655945
109152143,1489,836,923,80,0,109152143,1.1372909391655945
109165701,1428,822,921,80,0,109165701,1.1372909391655945
109177154,1406,806,899,80,0,109177154,1.1372909391655945
109191749,1384,781,913,80,0,109191749,1.1372909391655945
109206339,1400,764,942,80,0,109206339,1.1372909391655945
109217813,1418,817,920,80,0,109217813,1.1372909391655945
109228728,1422,870,932,80,0,109228728,1.1372909391655945
109241669,1437,843,936,80,0,109241669,1.1372909391655945
109254643,1462,1096,892,80,0,109254643,1.1372909391655945
109269069,1368,824,922,80,0,109269069,1.1372909391655945
109279881,1459,778,907,80,0,109279881,1.1372909391655945
109294082,1410,773,927,80,0,109294082,1.1372909391655945
109305722,1310,739,920,80,0,109305722,1.1372909391655945
109318758,1377,777,880,80,0,109318758,1.1372909391655945
109335228,1408,775,917,80,0,109335228,1.1372909391655945
109346467,1509,834,928,80,0,109346467,1.1372909391655945
109362062,1489,801,914,80,0,109362062,1.1372909391655945
109374458,1430,829,930,80,0,109374458,1.1372909391655945
109390898,1563,817,928,80,0,109390898,1.1372909391655945
109399396,1434,855,936,80,0,109399396,1.1372909391655945
109412574,1436,825,918,80,0,109412574,1.1372909391655945
109425667,1418,817,929,80,0,109425667,1.1372909391655945
109439025,1395,757,893,80,0,109439025,1.1372909391655945
109449750,1371,796,933,80,0,109449750,1.1372909391655945
109464359,1341,732,913,80,0,109464359,1.1372909391655945
109475758,1283,769,891,80,0,109475758,1.1372909391655945
109488161,1333,760,906,80,0,109488161,1.1372909391655945
109501116,1404,780,933,80,0,109501116,1.1372909391655945
109513101,1357,786,921,80,0,109513101,1.1372909391655945
109522747,1325,747,868,80,0,109522747,1.1372909391655945
109533786,1362,756,917,80,0,109533786,1.1372909391655945
109546394,1370,791,899,80,0,109546394,1.1372909391655945
109560212,1430,832,935,80,0,109560212,1.1372909391655945
109570637,1428,821,931,80,0,109570637,1.1372909391655945
109582589,1358,803,928,80,0,109582589,1.1372909391655945
109594963,1305,736,908,80,0,109594963,1.1372909391655945
109606539,1339,739,902,80,0,109606539,1.1372909391655945
109617582,1301,682,912,80,0,109617582,1.1372909391655945
109630793,1408,765,917,80,0,109630793,1.1372909391655945
109646201,1370,737,922,80,0,109646201,1.1372909391655945
109660205,1420,808,940,80,0,109660205,1.1372909391655945
109674910,1429,802,922,80,0,109674910,1.1372909391655945
109689491,1456,785,921,80,0,109689491,1.1372909391655945
109700263,1453,846,933,80,0,109700263,1.1372909391655945
109713792,1398,761,913,80,0,109713792,1.1372909391655945
109729065,1406,770,915,80,0,109729065,1.1372909391655945
109739000,1397,795,908,80,0,109739000,1.1372909391655945
109753938,1241,833,929,80,0,109753938,1.1372909391655945
109765517,1357,841,944,80,0,109765517,1.1372909391655945
109776235,1387,784,901,80,0,109776235,1.1372909391655945
109788599,1381,749,912,80,0,109788599,1.1372909391655945
109804758,1336,781,924,80,0,109804758,1.1372909391655945
109818632,1471,816,942,80,0,109818632,1.1372909391655945
109833035,1458,828,935,80,0,109833035,1.1372909391655945
109845154,1438,845,893,80,0,109845154,1.1372909391655945
109856312,1373,802,921,80,0,109856312,1.1372909391655945
109868694,1432,798,931,80,0,109868694,1.1372909391655945
109881975,1409,794,920,80,0,109881975,1.1372909391655945
109893644,1408,801,942,80,0,109893644,1.1372909391655945
109907511,1473,828,907,80,0,109907511,1.1372909391655945
109918200,1450,821,926,80,0,109918200,1.1372909391655945
109930720,1445,795,930,80,0,109930720,1.1372909391655945
109945190,1422,780,924,80,0,109945190,1.1372909391655945
109955965,1474,818,921,80,0,109955965,1.1372909391655945
109969450,1496,843,936,80,0,109969450,1.1372909391655945
109982282,1483,825,929,80,0,109982282,1.1372909391655945
109992283,1467,778,931,80,0,109992283,1.1372909391655945
110003876,1421,780,921,80,0,110003876,1.1372909391655945
110018994,1416,784,927,80,0,110018994,1.1372909391655945
110033317,1394,846,931,80,0,110033317,1.1372909391655945
110047147,1410,863,928,80,0,110047147,1.1372909391655945
110060204,1404,805,937,80,0,110060204,1.1372909391655945
110072784,1410,777,923,80,0,110072784,1.1372909391655945
110083016,1367,814,924,80,0,110083016,1.1372909391655945
110094677,1425,811,925,80,0,110094677,1.1372909391655945
110108054,1398,848,936,80,0,110108054,1.1372909391655945
110119125,1453,827,918,80,0,110119125,1.1372909391655945
110129663,1433,848,929,80,0,110129663,1.1372909391655945
110145406,1358,792,891,80,0,110145406,1.1372909391655945
110158386,1398,810,933,80,0,110158386,1.1372909391655945
110173196,1412,833,892,80,0,110173196,1.1372909391655945
110186128,1406,819,939,80,0,110186128,1.1372909391655945
110197947,1420,826,904,80,0,110197947,1.1372909391655945
110211320,1406,801,913,80,0,110211320,1.1372909391655945
110223892,1444,813,931,80,0,110223892,1.1372909391655945
110238272,1450,805,879,80,0,110238272,1.1372909391655945
110250170,1450,826,925,80,0,110250170,1.1372909391655945
110262565,1444,834,933,80,0,110262565,1.1372909391655945
110277626,1429,773,878,80,0,110277626,1.1372909391655945
110287060,1402,764,916,80,0,110287060,1.1372909391655945
110301854,1481,805,926,80,0,110301854,1.1372909391655945
110313074,1501,838,934,80,0,110313074,1.1372909391655945
110325708,1445,855,923,80,0,110325708,1.1372909391655945
110338571,1480,821,929,80,0,110338571,1.1372909391655945
110351580,1385,807,931,80,0,110351580,1.1372909391655945
110361376,1346,792,930,80,0,110361376,1.1372909391655945
110375580,1448,853,946,80,0,110375580,1.1372909391655945
110385503,1452,818,932,80,0,110385503,1.1372909391655945
110394976,1430,854,926,80,0,110394976,1.1372909391655945
110405551,1450,830,914,80,0,110405551,1.1372909391655945
110416953,1398,802,889,80,0,110416953,1.1372909391655945
110428843,1362,797,923,80,0,110428843,1.1372909391655945
110442638,1305,779,875,80,0,110442638,1.1372909391655945
110455916,1429,817,922,80,0,110455916,1.1372909391655945
110467397,1421,796,912,80,0,110467397,1.1372909391655945
110482107,1460,811,932,80,0,110482107,1.1372909391655945
110496169,1396,793,891,80,0,110496169,1.1372909391655945
110507136,1396,773,914,80,0,110507136,1.1372909391655945
110519978,1432,826,933,80,0,110519978,1.1372909391655945
110530299,1464,794,929,80,0,110530299,1.1372909391655945
110543936,1403,827,909,80,0,110543936,1.1372909391655945
110557406,1385,768,936,80,0,110557406,1.1372909391655945
110572356,1422,804,908,80,0,110572356,1.1372909391655945
110586680,1431,798,925,80,0,110586680,1.1372909391655945
110599602,1469,819,917,80,0,110599602,1.1372909391655945
110613921,1445,869,928,80,0,110613921,1.1372909391655945
110626887,1436,844,939,80,0,110626887,1.1372909391655945
110641788,1385,821,897,80,0,110641788,1.1372909391655945
110654331,1380,819,864,80,0,110654331,1.1372909391655945
110665882,1401,862,929,80,0,110665882,1.1372909391655945
110676687,1414,857,936,80,0,110676687,1.1372909391655945
110688470,1406,901,925,80,0,110688470,1.1372909391655945
110701417,1406,862,917,80,0,110701417,1.1372909391655945
110714192,1355,786,920,80,0,110714192,1.1372909391655945
110725427,1402,777,929,80,0,110725427,1.1372909391655945
110743168,1448,849,937,80,0,110743168,1.1372909391655945
110755394,1474,851,941,80,0,110755394,1.1372909391655945
110766846,1483,1152,948,80,0,110766846,1.1372909391655945
110780159,1410,863,921,80,0,110780159,1.1372909391655945
110792269,1422,838,932,80,0,110792269,1.1372909391655945
110807256,1481,860,938,80,0,110807256,1.1372909391655945
110818838,1481,880,898,80,0,110818838,1.1372909391655945
110831022,1490,824,914,80,0,110831022,1.1372909391655945
110843340,1492,852,922,80,0,110843340,1.1372909391655945
110854955,1446,849,933,80,0,110854955,1.1372909391655945
110866575,1416,866,932,80,0,110866575,1.1372909391655945
110881020,1465,867,908,80,0,110881020,1.1372909391655945
110897904,1461,884,939,80,0,110897904,1.1372909391655945
110909997,1427,871,933,80,0,110909997,1.1372909391655945
110921656,1445,862,926,80,0,110921656,1.1372909391655945
110931962,1393,836,929,80,0,110931962,1.1372909391655945
110943616,1454,835,934,80,0,110943616,1.1372909391655945
110954085,1526,934,944,80,0,110954085,1.1372909391655945
110968300,1513,921,946,80,0,110968300,1.1372909391655945
110979272,1484,978,944,80,0,110979272,1.1372909391655945
110993259,1406,921,944,80,0,110993259,1.1372909391655945
111003506,1376,889,934,80,0,111003506,1.1372909391655945
111016092,1408,890,924,80,0,111016092,1.1372909391655945
111029017,1347,795,932,80,0,111029017,1.1372909391655945
111041690,1272,846,931,80,0,111041690,1.1372909391655945
111057187,1472,857,881,80,0,111057187,1.1372909391655945
111069861,1484,818,918,80,0,111069861,1.1372909391655945
111083201,1375,732,920,80,0,111083201,1.1372909391655945
111093808,1327,771,921,80,0,111093808,1.1372909391655945
111103961,1315,776,859,80,0,111103961,1.1372909391655945
111115039,1289,808,932,80,0,111115039,1.1372909391655945
111127935,1290,841,937,80,0,111127935,1.1372909391655945
111140528,1339,749,832,80,0,111140528,1.1372909391655945
111151797,1298,675,889,80,0,111151797,1.1372909391655945
111162814,1299,656,898,80,0,111162814,1.1372909391655945
111177660,1396,732,921,80,0,111177660,1.1372909391655945
111191978,1344,750,919,80,0,111191978,1.1372909391655945
111204000,1389,808,891,80,0,111204000,1.1372909391655945
111217142,1394,742,884,80,0,111217142,1.1372909391655945
111228083,1403,755,923,80,0,111228083,1.1372909391655945
111239085,1429,793,897,80,0,111239085,1.1372909391655945
111252867,1446,766,917,80,0,111252867,1.1372909391655945
111265394,1421,825,920,80,0,111265394,1.1372909391655945
111279265,1441,856,937,80,0,111279265,1.1372909391655945
111290761,1380,779,914,80,0,111290761,1.1372909391655945
111306864,1449,829,891,80,0,111306864,1.1372909391655945
111319034,1461,867,950,80,0,111319034,1.1372909391655945
111330705,1524,883,937,80,0,111330705,1.1372909391655945
111342771,1523,879,912,80,0,111342771,1.1372909391655945
111356569,1546,882,901,80,0,111356569,1.1372909391655945
111369092,1613,878,885,80,0,111369092,1.1372909391655945
111380219,1531,875,943,80,0,111380219,1.1372909391655945
111395762,1533,934,891,80,0,111395762,1.1372909391655945
111408110,1515,928,946,80,0,111408110,1.1372909391655945
111427065,1484,886,912,80,0,111427065,1.1372909391655945
111441334,1457,863,923,80,0,111441334,1.1372909391655945
111452294,1417,836,926,80,0,111452294,1.1372909391655945
111463127,1370,821,918,80,0,111463127,1.1372909391655945
111474436,1336,877,932,80,0,111474436,1.1372909391655945
111487034,1318,850,937,80,0,111487034,1.1372909391655945
111503652,1470,913,923,80,0,111503652,1.1372909391655945
111515920,1415,923,915,80,0,111515920,1.1372909391655945
111527018,1378,826,889,80,0,111527018,1.1372909391655945
111541021,1290,750,931,80,0,111541021,1.1372909391655945
111554228,1417,802,922,80,0,111554228,1.1372909391655945
111568685,1435,906,900,80,0,111568685,1.1372909391655945
111578700,1464,812,811,80,0,111578700,1.1372909391655945
111588850,1475,817,909,80,0,111588850,1.1372909391655945
111599076,1422,862,916,80,0,111599076,1.1372909391655945
111613170,1452,777,936,80,0,111613170,1.1372909391655945
111621568,66,524,129,80,0,111621568,1.1372909391655945
111636628,1197,854,933,80,0,111636628,1.1372909391655945
111648033,1139,851,942,80,0,111648033,1.1372909391655945
111659901,1305,899,938,80,0,111659901,1.1372909391655945
111676976,1441,833,938,80,0,111676976,1.1372909391655945
111688289,1225,837,929,80,0,111688289,1.1372909391655945
111699459,1221,516,266,80,0,111699459,1.1372909391655945
111718958,1190,1075,968,80,0,111718958,1.1372909391655945
111733816,1190,1086,976,80,0,111733816,1.1372909391655945
111748431,1207,1081,930,80,0,111748431,1.1372909391655945
111760934,1117,795,923,80,0,111760934,1.1372909391655945
111771050,1137,734,888,80,0,111771050,1.1372909391655945
111783524,1143,699,920,80,0,111783524,1.1372909391655945
111796037,1346,1233,1003,80,0,111796037,1.1372909391655945
111809457,1400,865,941,80,0,111809457,1.1372909391655945
111821317,1387,849,934,80,0,111821317,1.1372909391655945
111831320,1313,762,915,80,0,111831320,1.1372909391655945
111845137,1308,707,693,80,0,111845137,1.1372909391655945
111861266,1381,738,910,80,0,111861266,1.1372909391655945
111874146,1396,816,868,80,0,111874146,1.1372909391655945
111887109,1416,844,933,80,0,111887109,1.1372909391655945
111900203,1360,778,921,80,0,111900203,1.1372909391655945
111913739,1413,797,914,80,0,111913739,1.1372909391655945
111925222,1419,809,921,80,0,111925222,1.1372909391655945
111935410,1424,800,918,80,0,111935410,1.1372909391655945
111946634,1448,830,896,80,0,111946634,1.1372909391655945
111956949,1501,868,898,80,0,111956949,1.1372909391655945
111967897,1506,898,936,80,0,111967897,1.1372909391655945
111978237,1496,907,942,80,0,111978237,1.1372909391655945
111991294,1532,933,952,80,0,111991294,1.1372909391655945
112002673,1537,988,962,80,0,112002673,1.1372909391655945
112015445,1457,992,950,80,0,112015445,1.1372909391655945
112027786,1408,925,886,80,0,112027786,1.1372909391655945
112042096,1358,892,905,80,0,112042096,1.1372909391655945
112054698,1330,804,922,80,0,112054698,1.1372909391655945
112067632,1265,793,922,80,0,112067632,1.1372909391655945
112080182,1275,784,928,80,0,112080182,1.1372909391655945
112091153,1245,772,812,80,0,112091153,1.1372909391655945
112103512,1323,804,925,80,0,112103512,1.1372909391655945
112117879,1445,883,927,80,0,112117879,1.1372909391655945
112131148,1428,850,840,80,0,112131148,1.1372909391655945
112142817,1392,921,912,80,0,112142817,1.1372909391655945
112153909,1411,860,939,80,0,112153909,1.1372909391655945
112165636,1401,1034,936,80,0,112165636,1.1372909391655945
112178314,1438,832,922,80,0,112178314,1.1372909391655945
112189438,1413,854,914,80,0,112189438,1.1372909391655945
112204297,1390,864,925,80,0,112204297,1.1372909391655945
112215856,1396,849,940,80,0,112215856,1.1372909391655945
112228363,1381,870,846,80,0,112228363,1.1372909391655945
112243560,1416,853,934,80,0,112243560,1.1372909391655945
112260328,1368,825,928,80,0,112260328,1.1372909391655945
112274222,1353,772,884,80,0,112274222,1.1372909391655945
112286287,1344,786,924,80,0,112286287,1.1372909391655945
112297842,1385,822,930,80,0,112297842,1.1372909391655945
112309638,1416,832,936,80,0,112309638,1.1372909391655945
112323407,1426,829,915,80,0,112323407,1.1372909391655945
112335956,1430,869,842,80,0,112335956,1.1372909391655945
112352769,1369,806,920,80,0,112352769,1.1372909391655945
112365376,1338,826,913,80,0,112365376,1.1372909391655945
112375270,1415,862,925,80,0,112375270,1.1372909391655945
112386858,1402,908,924,80,0,112386858,1.1372909391655945
112404024,1408,864,918,80,0,112404024,1.1372909391655945
112415558,1384,884,934,80,0,112415558,1.1372909391655945
112431561,1392,897,939,80,0,112431561,1.1372909391655945
112444853,1489,918,871,80,0,112444853,1.1372909391655945
112455552,1460,922,926,80,0,112455552,1.1372909391655945
112467781,1473,893,943,80,0,112467781,1.1372909391655945
112480430,1382,858,937,80,0,112480430,1.1372909391655945
112492525,1360,834,933,80,0,112492525,1.1372909391655945
112503328,1328,837,925,80,0,112503328,1.1372909391655945
112517054,1362,846,931,80,0,112517054,1.1372909391655945
112531014,1456,843,920,80,0,112531014,1.1372909391655945
112542576,1464,904,940,80,0,112542576,1.1372909391655945
112555957,1457,875,928,80,0,112555957,1.1372909391655945
112572994,1353,849,929,80,0,112572994,1.1372909391655945
112587357,1348,827,882,80,0,112587357,1.1372909391655945
112600192,1350,805,888,80,0,112600192,1.1372909391655945
112611224,1402,799,918,80,0,112611224,1.1372909391655945
112626049,1454,879,906,80,0,112626049,1.1372909391655945
112639357,1431,905,893,80,0,112639357,1.1372909391655945
112652399,1358,858,952,80,0,112652399,1.1372909391655945
112663471,1352,888,949,80,0,112663471,1.1372909391655945
112675847,1408,873,941,80,0,112675847,1.1372909391655945
112689368,1360,834,869,80,0,112689368,1.1372909391655945
112701173,1400,840,881,80,0,112701173,1.1372909391655945
112713495,1388,801,920,80,0,112713495,1.1372909391655945
112727338,1326,855,939,80,0,112727338,1.1372909391655945
112738681,1384,881,941,80,0,112738681,1.1372909391655945
112750767,1419,867,907,80,0,112750767,1.1372909391655945
67641408,1025,8,512,81,0,67641408,1.1247932365374012
112777183,1400,877,896,81,0,112777183,1.1247932365374012
112788842,1344,851,913,81,0,112788842,1.1247932365374012
112799545,1302,820,913,81,0,112799545,1.1247932365374012
112813612,1363,862,859,81,0,112813612,1.1247932365374012
112826803,1374,846,893,81,0,112826803,1.1247932365374012
112837202,1385,856,907,81,0,112837202,1.1247932365374012
112848278,1420,829,898,81,0,112848278,1.1247932365374012
112859829,1424,816,865,81,0,112859829,1.1247932365374012
112868603,1411,825,924,81,0,112868603,1.1247932365374012
112881373,1434,830,860,81,0,112881373,1.1247932365374012
112892100,1411,919,939,81,0,112892100,1.1247932365374012
112903732,1430,901,914,81,0,112903732,1.1247932365374012
112915053,1451,909,909,81,0,112915053,1.1247932365374012
112930086,1421,828,926,81,0,112930086,1.1247932365374012
112943024,1302,786,923,81,0,112943024,1.1247932365374012
112955601,1324,802,913,81,0,112955601,1.1247932365374012
112970129,1365,831,937,81,0,112970129,1.1247932365374012
112980582,1355,835,885,81,0,112980582,1.1247932365374012
112992391,1421,879,911,81,0,112992391,1.1247932365374012
113006419,1379,844,915,81,0,113006419,1.1247932365374012
113021961,1408,817,919,81,0,113021961,1.1247932365374012
113034592,1415,866,930,81,0,113034592,1.1247932365374012
113049186,1443,887,943,81,0,113049186,1.1247932365374012
113062386,1419,920,929,81,0,113062386,1.1247932365374012
113074642,1378,1089,924,81,0,113074642,1.1247932365374012
113086725,1386,836,938,81,0,113086725,1.1247932365374012
113100048,1376,899,900,81,0,113100048,1.1247932365374012
113111200,1433,829,893,81,0,113111200,1.1247932365374012
113123146,1472,869,932,81,0,113123146,1.1247932365374012
113134938,1462,893,936,81,0,113134938,1.1247932365374012
113147246,1451,910,940,81,0,113147246,1.1247932365374012
113161252,1373,878,940,81,0,113161252,1.1247932365374012
113173712,1453,867,947,81,0,113173712,1.1247932365374012
113184272,1498,839,911,81,0,113184272,1.1247932365374012
113196750,1509,898,912,81,0,113196750,1.1247932365374012
113210220,1470,900,944,81,0,113210220,1.1247932365374012
113221315,1440,888,940,81,0,113221315,1.1247932365374012
113233928,1436,861,947,81,0,113233928,1.1247932365374012
113245943,1440,883,936,81,0,113245943,1.1247932365374012
113257845,1400,888,938,81,0,113257845,1.1247932365374012
113268125,1384,841,931,81,0,113268125,1.1247932365374012
113281565,1417,884,938,81,0,113281565,1.1247932365374012
113292909,1370,882,938,81,0,113292909,1.1247932365374012
113304172,1380,886,925,81,0,113304172,1.1247932365374012
113315939,1462,907,925,81,0,113315939,1.1247932365374012
113325301,1496,954,949,81,0,113325301,1.1247932365374012
113337815,1473,934,966,81,0,113337815,1.1247932365374012
113351614,1452,950,929,81,0,113351614,1.1247932365374012
113362207,1369,893,924,81,0,113362207,1.1247932365374012
113374552,1368,859,928,81,0,113374552,1.1247932365374012
113385764,1359,850,925,81,0,113385764,1.1247932365374012
113397093,1444,837,940,81,0,113397093,1.1247932365374012
113409687,1465,922,946,81,0,113409687,1.1247932365374012
113423927,1500,904,944,81,0,113423927,1.1247932365374012
113434132,1491,882,941,81,0,113434132,1.1247932365374012
113445387,1488,916,955,81,0,113445387,1.1247932365374012
113458785,1497,894,948,81,0,113458785,1.1247932365374012
113467537,1477,900,940,81,0,113467537,1.1247932365374012
113480812,1508,901,949,81,0,113480812,1.1247932365374012
113493818,1513,907,926,81,0,113493818,1.1247932365374012
113507729,1435,899,933,81,0,113507729,1.1247932365374012
113520036,1457,849,945,81,0,113520036,1.1247932365374012
113532368,1442,879,931,81,0,113532368,1.1247932365374012
113545181,1426,863,929,81,0,113545181,1.1247932365374012
113558051,1449,870,937,81,0,113558051,1.1247932365374012
113572573,1449,861,922,81,0,113572573,1.1247932365374012
113582330,1445,833,939,81,0,113582330,1.1247932365374012
113593631,1405,846,942,81,0,113593631,1.1247932365374012
113606260,1433,909,946,81,0,113606260,1.1247932365374012
113620005,1432,913,953,81,0,113620005,1.1247932365374012
113631236,424,16,517,81,0,113631236,1.1247932365374012
113644336,1421,905,942,81,0,113644336,1.1247932365374012
113655400,1336,809,897,81,0,113655400,1.1247932365374012
113666014,1333,805,896,81,0,113666014,1.1247932365374012
113677061,1347,851,933,81,0,113677061,1.1247932365374012
113689943,1326,823,925,81,0,113689943,1.1247932365374012
113701609,1361,786,864,81,0,113701609,1.1247932365374012
113713053,1384,852,904,81,0,113713053,1.1247932365374012
113724610,1411,814,804,81,0,113724610,1.1247932365374012
113736122,1417,822,931,81,0,113736122,1.1247932365374012
113750163,1457,851,934,81,0,113750163,1.1247932365374012
113761969,1469,836,881,81,0,113761969,1.1247932365374012
113774228,1442,884,945,81,0,113774228,1.1247932365374012
113786248,1426,827,937,81,0,113786248,1.1247932365374012
113798705,1361,846,935,81,0,113798705,1.1247932365374012
113812191,1470,862,948,81,0,113812191,1.1247932365374012
113822140,1467,904,945,81,0,113822140,1.1247932365374012
113832718,1506,932,940,81,0,113832718,1.1247932365374012
113842172,1466,936,941,81,0,113842172,1.1247932365374012
113853820,1471,932,933,81,0,113853820,1.1247932365374012
113866580,1434,880,930,81,0,113866580,1.1247932365374012
113876384,1428,858,908,81,0,113876384,1.1247932365374012
113890089,1424,880,944,81,0,113890089,1.1247932365374012
113901264,1474,879,936,81,0,113901264,1.1247932365374012
113912470,1492,883,914,81,0,113912470,1.1247932365374012
113923397,1457,905,889,81,0,113923397,1.1247932365374012
113935361,1425,921,906,81,0,113935361,1.1247932365374012
113945552,1442,901,907,81,0,113945552,1.1247932365374012
113958409,1398,913,960,81,0,113958409,1.1247932365374012
113967610,1404,917,960,81,0,113967610,1.1247932365374012
113980312,1462,900,944,81,0,113980312,1.1247932365374012
113991821,1426,882,899,81,0,113991821,1.1247932365374012
114002995,1396,850,921,81,0,114002995,1.1247932365374012
114014448,1420,855,940,81,0,114014448,1.1247932365374012
114026669,1433,882,954,81,0,114026669,1.1247932365374012
114038426,1401,927,952,81,0,114038426,1.1247932365374012
114049856,1388,946,942,81,0,114049856,1.1247932365374012
114062143,1372,856,894,81,0,114062143,1.1247932365374012
114078834,1347,861,945,81,0,114078834,1.1247932365374012
114090797,1353,835,896,81,0,114090797,1.1247932365374012
114101986,1377,864,924,81,0,114101986,1.1247932365374012
114112933,1376,869,931,81,0,114112933,1.1247932365374012
114125636,1431,857,939,81,0,114125636,1.1247932365374012
114136892,1427,837,933,81,0,114136892,1.1247932365374012
114149053,1374,851,940,81,0,114149053,1.1247932365374012
114159304,1371,875,937,81,0,114159304,1.1247932365374012
114170746,1422,877,936,81,0,114170746,1.1247932365374012
114184197,1444,893,928,81,0,114184197,1.1247932365374012
114194301,1448,904,941,81,0,114194301,1.1247932365374012
114204915,1414,876,922,81,0,114204915,1.1247932365374012
114217204,1388,881,941,81,0,114217204,1.1247932365374012
114229252,1373,877,941,81,0,114229252,1.1247932365374012
114243912,1419,897,944,81,0,114243912,1.1247932365374012
114257655,1366,886,946,81,0,114257655,1.1247932365374012
114270189,1412,866,939,81,0,114270189,1.1247932365374012
114280681,1409,864,945,81,0,114280681,1.1247932365374012
114293103,1350,852,942,81,0,114293103,1.1247932365374012
114303393,1392,828,933,81,0,114303393,1.1247932365374012
114316323,1481,877,940,81,0,114316323,1.1247932365374012
114328243,1418,867,924,81,0,114328243,1.1247932365374012
114342151,1443,908,945,81,0,114342151,1.1247932365374012
114358416,1382,826,931,81,0,114358416,1.1247932365374012
114371888,1406,858,943,81,0,114371888,1.1247932365374012
114387347,1432,901,883,81,0,114387347,1.1247932365374012
114402285,1416,912,936,81,0,114402285,1.1247932365374012
114413435,1419,832,928,81,0,114413435,1.1247932365374012
114425596,1427,842,931,81,0,114425596,1.1247932365374012
114436517,1433,836,928,81,0,114436517,1.1247932365374012
114448370,1445,858,915,81,0,114448370,1.1247932365374012
114461086,1448,908,949,81,0,114461086,1.1247932365374012
114472686,1356,987,963,81,0,114472686,1.1247932365374012
114485336,1357,946,933,81,0,114485336,1.1247932365374012
114496777,1292,1206,953,81,0,114496777,1.1247932365374012
114508476,1354,845,950,81,0,114508476,1.1247932365374012
114520067,1303,818,931,81,0,114520067,1.1247932365374012
114532830,1265,853,906,81,0,114532830,1.1247932365374012
114545747,1378,834,948,81,0,114545747,1.1247932365374012
114560469,1428,842,931,81,0,114560469,1.1247932365374012
114573542,1327,762,914,81,0,114573542,1.1247932365374012
114584622,1373,771,917,81,0,114584622,1.1247932365374012
114596210,1412,842,870,81,0,114596210,1.1247932365374012
114607056,1313,837,929,81,0,114607056,1.1247932365374012
114618327,1434,865,926,81,0,114618327,1.1247932365374012
114629833,1418,786,919,81,0,114629833,1.1247932365374012
114643679,1329,858,930,81,0,114643679,1.1247932365374012
114654758,1326,785,910,81,0,114654758,1.1247932365374012
114667549,1385,867,865,81,0,114667549,1.1247932365374012
114680370,1406,909,938,81,0,114680370,1.1247932365374012
114694425,1384,900,947,81,0,114694425,1.1247932365374012
114704478,1401,880,942,81,0,114704478,1.1247932365374012
114717049,1356,876,942,81,0,114717049,1.1247932365374012
114729325,1389,875,927,81,0,114729325,1.1247932365374012
114741328,1360,824,930,81,0,114741328,1.1247932365374012
114751813,1357,938,922,81,0,114751813,1.1247932365374012
114766127,1385,896,937,81,0,114766127,1.1247932365374012
114780167,1350,846,946,81,0,114780167,1.1247932365374012
114790285,1341,837,924,81,0,114790285,1.1247932365374012
114801659,1340,792,910,81,0,114801659,1.1247932365374012
114812124,1342,841,873,81,0,114812124,1.1247932365374012
114824143,1418,892,937,81,0,114824143,1.1247932365374012
114833514,1470,931,947,81,0,114833514,1.1247932365374012
114845863,1412,900,956,81,0,114845863,1.1247932365374012
114860240,1445,873,940,81,0,114860240,1.1247932365374012
114876558,1426,832,931,81,0,114876558,1.1247932365374012
114888326,1421,844,928,81,0,114888326,1.1247932365374012
114897538,1424,856,899,81,0,114897538,1.1247932365374012
114909526,1406,833,926,81,0,114909526,1.1247932365374012
114920877,1429,872,942,81,0,114920877,1.1247932365374012
114933774,1366,882,926,81,0,114933774,1.1247932365374012
114945326,1374,902,934,81,0,114945326,1.1247932365374012
114958209,1328,879,945,81,0,114958209,1.1247932365374012
114971558,1382,850,904,81,0,114971558,1.1247932365374012
114983301,1381,834,931,81,0,114983301,1.1247932365374012
114995219,1283,797,901,81,0,114995219,1.1247932365374012
115009987,1365,892,950,81,0,115009987,1.1247932365374012
115024842,1313,818,949,81,0,115024842,1.1247932365374012
115037845,1419,858,935,81,0,115037845,1.1247932365374012
115051449,1432,844,833,81,0,115051449,1.1247932365374012
115062160,1378,854,911,81,0,115062160,1.1247932365374012
115075766,1322,841,929,81,0,115075766,1.1247932365374012
115088699,1292,866,951,81,0,115088699,1.1247932365374012
115103344,1363,875,945,81,0,115103344,1.1247932365374012
115116477,1426,896,943,81,0,115116477,1.1247932365374012
115128452,1370,852,918,81,0,115128452,1.1247932365374012
115139334,1350,915,926,81,0,115139334,1.1247932365374012
115151554,1304,794,925,81,0,115151554,1.1247932365374012
115163750,1206,749,915,81,0,115163750,1.1247932365374012
115182258,1443,867,940,81,0,115182258,1.1247932365374012
115193481,1414,850,940,81,0,115193481,1.1247932365374012
115206249,1349,774,918,81,0,115206249,1.1247932365374012
115221820,1368,806,923,81,0,115221820,1.1247932365374012
115230064,1421,852,912,81,0,115230064,1.1247932365374012
115244572,1352,825,924,81,0,115244572,1.1247932365374012
115258128,1342,841,934,81,0,115258128,1.1247932365374012
115274828,1305,751,915,81,0,115274828,1.1247932365374012
115285110,1299,736,922,81,0,115285110,1.1247932365374012
115296955,1310,780,914,81,0,115296955,1.1247932365374012
115309904,1366,718,909,81,0,115309904,1.1247932365374012
115321614,1400,801,918,81,0,115321614,1.1247932365374012
115334440,1370,780,932,81,0,115334440,1.1247932365374012
115345773,1346,757,913,81,0,115345773,1.1247932365374012
115359984,1415,802,872,81,0,115359984,1.1247932365374012
115372208,1397,837,933,81,0,115372208,1.1247932365374012
115385635,1444,830,929,81,0,115385635,1.1247932365374012
115398374,1440,815,921,81,0,115398374,1.1247932365374012
115411959,1368,783,923,81,0,115411959,1.1247932365374012
115427221,1334,754,921,81,0,115427221,1.1247932365374012
115438583,1394,856,941,81,0,115438583,1.1247932365374012
115450871,1386,838,924,81,0,115450871,1.1247932365374012
115463911,1446,894,883,81,0,115463911,1.1247932365374012
115478689,1346,842,927,81,0,115478689,1.1247932365374012
115492491,1386,806,936,81,0,115492491,1.1247932365374012
115508901,1430,825,923,81,0,115508901,1.1247932365374012
115526522,1388,844,927,81,0,115526522,1.1247932365374012
115540532,1359,806,884,81,0,115540532,1.1247932365374012
115555179,1358,804,933,81,0,115555179,1.1247932365374012
115569429,1370,800,836,81,0,115569429,1.1247932365374012
115581892,1449,864,941,81,0,115581892,1.1247932365374012
115592885,1488,861,943,81,0,115592885,1.1247932365374012
115604146,1478,824,932,81,0,115604146,1.1247932365374012
115615412,1435,816,861,81,0,115615412,1.1247932365374012
115628020,1369,824,923,81,0,115628020,1.1247932365374012
115644312,1438,832,930,81,0,115644312,1.1247932365374012
115653952,1438,829,929,81,0,115653952,1.1247932365374012
115664847,1444,868,933,81,0,115664847,1.1247932365374012
115676319,1456,865,941,81,0,115676319,1.1247932365374012
115690228,1425,822,934,81,0,115690228,1.1247932365374012
115704273,1456,853,944,81,0,115704273,1.1247932365374012
115717021,1435,853,948,81,0,115717021,1.1247932365374012
115727045,1454,926,944,81,0,115727045,1.1247932365374012
115737717,1446,867,936,81,0,115737717,1.1247932365374012
115749501,1449,861,934,81,0,115749501,1.1247932365374012
115762583,1437,815,880,81,0,115762583,1.1247932365374012
115776816,1373,841,937,81,0,115776816,1.1247932365374012
115789142,1401,848,942,81,0,115789142,1.1247932365374012
115810202,1430,887,925,81,0,115810202,1.1247932365374012
115822367,1432,867,923,81,0,115822367,1.1247932365374012
115832891,1419,841,936,81,0,115832891,1.1247932365374012
115842539,1370,798,888,81,0,115842539,1.1247932365374012
115854533,1438,850,937,81,0,115854533,1.1247932365374012
115869186,1406,876,916,81,0,115869186,1.1247932365374012
115881599,1431,859,921,81,0,115881599,1.1247932365374012
115891950,1419,859,933,81,0,115891950,1.1247932365374012
115904017,1384,778,937,81,0,115904017,1.1247932365374012
115918775,1387,810,868,81,0,115918775,1.1247932365374012
115931871,1421,872,936,81,0,115931871,1.1247932365374012
115943574,1408,830,924,81,0,115943574,1.1247932365374012
115956801,1402,838,883,81,0,115956801,1.1247932365374012
115970164,1423,798,901,81,0,115970164,1.1247932365374012
115980754,1381,825,928,81,0,115980754,1.1247932365374012
115992691,1384,806,937,81,0,115992691,1.1247932365374012
116003347,1410,829,916,81,0,116003347,1.1247932365374012
116016105,1406,837,930,81,0,116016105,1.1247932365374012
116025259,1195,866,933,81,0,116025259,1.1247932365374012
116037223,1389,806,900,81,0,116037223,1.1247932365374012
116052874,1365,807,916,81,0,116052874,1.1247932365374012
116064609,1332,811,936,81,0,116064609,1.1247932365374012
116076081,1421,864,927,81,0,116076081,1.1247932365374012
116087941,1389,846,931,81,0,116087941,1.1247932365374012
116099615,1451,857,929,81,0,116099615,1.1247932365374012
116112384,1433,819,894,81,0,116112384,1.1247932365374012
116124464,1346,835,926,81,0,116124464,1.1247932365374012
116136333,1305,837,933,81,0,116136333,1.1247932365374012
116149225,1427,843,941,81,0,116149225,1.1247932365374012
116163052,1385,810,931,81,0,116163052,1.1247932365374012
116172711,1333,869,929,81,0,116172711,1.1247932365374012
116187044,1394,846,941,81,0,116187044,1.1247932365374012
116199534,1354,849,913,81,0,116199534,1.1247932365374012
116212098,1428,273,947,81,0,116212098,1.1247932365374012
116224192,1418,857,932,81,0,116224192,1.1247932365374012
116234631,1432,858,940,81,0,116234631,1.1247932365374012
116247460,1464,883,945,81,0,116247460,1.1247932365374012
116258215,1436,843,932,81,0,116258215,1.1247932365374012
116270760,1438,820,913,81,0,116270760,1.1247932365374012
116282976,1440,875,901,81,0,116282976,1.1247932365374012
116294172,1486,868,917,81,0,116294172,1.1247932365374012
116306829,1478,909,892,81,0,116306829,1.1247932365374012
116324049,1455,917,925,81,0,116324049,1.1247932365374012
116337452,1397,848,939,81,0,116337452,1.1247932365374012
116352508,1392,866,914,81,0,116352508,1.1247932365374012
116361222,1398,885,932,81,0,116361222,1.1247932365374012
116377483,1444,930,949,81,0,116377483,1.1247932365374012
116388559,1452,937,937,81,0,116388559,1.1247932365374012
116401494,1469,946,941,81,0,116401494,1.1247932365374012
116415354,1408,918,937,81,0,116415354,1.1247932365374012
116431473,1494,885,917,81,0,116431473,1.1247932365374012
116446156,1469,892,941,81,0,116446156,1.1247932365374012
116457193,1473,835,913,81,0,116457193,1.1247932365374012
116470229,1467,894,946,81,0,116470229,1.1247932365374012
116484797,1444,912,960,81,0,116484797,1.1247932365374012
116500140,1473,906,941,81,0,116500140,1.1247932365374012
116515302,1528,934,946,81,0,116515302,1.1247932365374012
116527999,1474,937,918,81,0,116527999,1.1247932365374012
116539423,1461,914,925,81,0,116539423,1.1247932365374012
116551095,1463,906,921,81,0,116551095,1.1247932365374012
116561127,1416,877,938,81,0,116561127,1.1247932365374012
116571883,1434,908,938,81,0,116571883,1.1247932365374012
116583574,1451,830,940,81,0,116583574,1.1247932365374012
116596112,1436,893,942,81,0,116596112,1.1247932365374012
116608389,1477,900,934,81,0,116608389,1.1247932365374012
1264836,4,0,22,82,0,1264836,1.1805734240029406
116636180,1361,798,924,82,0,116636180,1.1805734240029406
116650780,1366,819,929,82,0,116650780,1.1805734240029406
116663482,1332,890,934,82,0,116663482,1.1805734240029406
116675640,1316,859,924,82,0,116675640,1.1805734240029406
116687199,1361,878,917,82,0,116687199,1.1805734240029406
116698625,1356,908,847,82,0,116698625,1.1805734240029406
116708985,1326,883,932,82,0,116708985,1.1805734240029406
116726053,1321,754,929,82,0,116726053,1.1805734240029406
116739488,1263,720,908,82,0,116739488,1.1805734240029406
116757187,1348,762,942,82,0,116757187,1.1805734240029406
116770734,1365,759,923,82,0,116770734,1.1805734240029406
116787494,1405,795,897,82,0,116787494,1.1805734240029406
116799643,1448,801,894,82,0,116799643,1.1805734240029406
116810163,1453,766,928,82,0,116810163,1.1805734240029406
116821112,1514,777,920,82,0,116821112,1.1805734240029406
116832571,1450,774,917,82,0,116832571,1.1805734240029406
116846270,1475,829,938,82,0,116846270,1.1805734240029406
116864038,1452,801,938,82,0,116864038,1.1805734240029406
116877182,1445,846,923,82,0,116877182,1.1805734240029406
116889722,1492,854,936,82,0,116889722,1.1805734240029406
116900017,1459,896,910,82,0,116900017,1.1805734240029406
116911245,1421,892,942,82,0,116911245,1.1805734240029406
116922763,1434,900,969,82,0,116922763,1.1805734240029406
116935700,1512,894,939,82,0,116935700,1.1805734240029406
116950659,1473,930,938,82,0,116950659,1.1805734240029406
116961705,1518,901,936,82,0,116961705,1.1805734240029406
116974278,1536,952,948,82,0,116974278,1.1805734240029406
116987193,1524,940,939,82,0,116987193,1.1805734240029406
117000015,1485,933,918,82,0,117000015,1.1805734240029406
117011705,1502,923,942,82,0,117011705,1.1805734240029406
117022523,1456,888,940,82,0,117022523,1.1805734240029406
117032691,1426,900,952,82,0,117032691,1.1805734240029406
117042407,1396,875,853,82,0,117042407,1.1805734240029406
117059073,1420,890,942,82,0,117059073,1.1805734240029406
117072572,1330,1000,923,82,0,117072572,1.1805734240029406
117083319,1320,962,917,82,0,117083319,1.1805734240029406
117095211,1361,978,926,82,0,117095211,1.1805734240029406
117108639,1334,941,948,82,0,117108639,1.1805734240029406
117121969,1299,869,942,82,0,117121969,1.1805734240029406
117137009,1350,780,908,82,0,117137009,1.1805734240029406
117148419,1275,806,933,82,0,117148419,1.1805734240029406
117162295,1441,828,923,82,0,117162295,1.1805734240029406
117173956,1424,824,918,82,0,117173956,1.1805734240029406
117185004,1440,814,913,82,0,117185004,1.1805734240029406
117200850,1379,821,940,82,0,117200850,1.1805734240029406
117214615,1429,760,919,82,0,117214615,1.1805734240029406
117225433,1360,795,856,82,0,117225433,1.1805734240029406
117236443,1341,809,925,82,0,117236443,1.1805734240029406
117253497,1267,804,905,82,0,117253497,1.1805734240029406
117270215,1302,810,945,82,0,117270215,1.1805734240029406
117279323,1350,779,924,82,0,117279323,1.1805734240029406
117291030,1427,872,949,82,0,117291030,1.1805734240029406
117303460,1278,893,945,82,0,117303460,1.1805734240029406
117319300,1208,890,954,82,0,117319300,1.1805734240029406
117332414,1124,1094,968,82,0,117332414,1.1805734240029406
117347441,1141,1040,956,82,0,117347441,1.1805734240029406
117359989,1204,1017,942,82,0,117359989,1.1805734240029406
117372271,1243,929,945,82,0,117372271,1.1805734240029406
117387825,1214,705,892,82,0,117387825,1.1805734240029406
117398583,1284,718,842,82,0,117398583,1.1805734240029406
117411011,1258,732,908,82,0,117411011,1.1805734240029406
117425173,1376,828,863,82,0,117425173,1.1805734240029406
117439415,1395,704,876,82,0,117439415,1.1805734240029406
117450614,1428,744,886,82,0,117450614,1.1805734240029406
117464038,1477,809,939,82,0,117464038,1.1805734240029406
117475824,1437,817,929,82,0,117475824,1.1805734240029406
117488698,1401,826,926,82,0,117488698,1.1805734240029406
117501773,1361,848,522,82,0,117501773,1.1805734240029406
117516110,1397,729,925,82,0,117516110,1.1805734240029406
117528982,1410,771,899,82,0,117528982,1.1805734240029406
117540258,1440,763,906,82,0,117540258,1.1805734240029406
117550817,1440,837,910,82,0,117550817,1.1805734240029406
117566670,1528,884,945,82,0,117566670,1.1805734240029406
117580972,1542,895,931,82,0,117580972,1.1805734240029406
117597378,1512,911,953,82,0,117597378,1.1805734240029406
117610699,1509,968,954,82,0,117610699,1.1805734240029406
117622935,1478,923,941,82,0,117622935,1.1805734240029406
117643253,756,914,897,82,0,117643253,1.1805734240029406
117654573,1389,898,922,82,0,117654573,1.1805734240029406
117669798,1369,805,929,82,0,117669798,1.1805734240029406
33686528,1040,0,512,83,0,33686528,1.1430803161183607
117696394,1334,803,918,83,0,117696394,1.1430803161183607
117716534,1410,851,932,83,0,117716534,1.1430803161183607
117725944,1453,858,931,83,0,117725944,1.1430803161183607
117741247,1475,511,939,83,0,117741247,1.1430803161183607
117755956,1491,865,936,83,0,117755956,1.1430803161183607
117767882,1461,908,945,83,0,117767882,1.1430803161183607
117779883,1488,876,932,83,0,117779883,1.1430803161183607
117793719,1467,874,938,83,0,117793719,1.1430803161183607
117808136,1444,874,937,83,0,117808136,1.1430803161183607
117817240,1418,821,910,83,0,117817240,1.1430803161183607
117831127,1350,831,932,83,0,117831127,1.1430803161183607
117843735,1333,842,937,83,0,117843735,1.1430803161183607
117856974,1386,824,934,83,0,117856974,1.1430803161183607
117868344,1282,800,912,83,0,117868344,1.1430803161183607
117881402,1430,884,893,83,0,117881402,1.1430803161183607
117902427,1369,818,938,83,0,117902427,1.1430803161183607
117916724,1375,801,915,83,0,117916724,1.1430803161183607
117927207,1393,851,948,83,0,117927207,1.1430803161183607
117938810,1407,853,936,83,0,117938810,1.1430803161183607
117952526,1424,844,932,83,0,117952526,1.1430803161183607
117963118,1392,824,846,83,0,117963118,1.1430803161183607
117975666,1380,805,937,83,0,117975666,1.1430803161183607
117987857,1404,805,938,83,0,117987857,1.1430803161183607
117999743,1412,830,923,83,0,117999743,1.1430803161183607
118011591,1437,864,923,83,0,118011591,1.1430803161183607
118025255,1534,878,927,83,0,118025255,1.1430803161183607
118037977,1490,910,918,83,0,118037977,1.1430803161183607
118053389,1489,857,896,83,0,118053389,1.1430803161183607
118065730,1418,877,929,83,0,118065730,1.1430803161183607
118076352,1434,835,885,83,0,118076352,1.1430803161183607
118092388,1449,821,929,83,0,118092388,1.1430803161183607
118103738,1468,885,950,83,0,118103738,1.1430803161183607
118115253,1469,868,923,83,0,118115253,1.1430803161183607
118127254,1441,844,905,83,0,118127254,1.1430803161183607
118138584,1412,867,900,83,0,118138584,1.1430803161183607
118151073,1449,891,918,83,0,118151073,1.1430803161183607
118164006,1405,861,947,83,0,118164006,1.1430803161183607
118177183,1402,880,940,83,0,118177183,1.1430803161183607
118188680,1449,877,936,83,0,118188680,1.1430803161183607
118202662,1338,352,926,83,0,118202662,1.1430803161183607
118214798,1396,832,905,83,0,118214798,1.1430803161183607
118227087,1476,886,933,83,0,118227087,1.1430803161183607
118238023,1438,867,941,83,0,118238023,1.1430803161183607
118249455,1437,852,943,83,0,118249455,1.1430803161183607
118262005,1425,837,903,83,0,118262005,1.1430803161183607
118273510,1360,812,925,83,0,118273510,1.1430803161183607
118283983,1348,768,882,83,0,118283983,1.1430803161183607
118296686,1349,828,913,83,0,118296686,1.1430803161183607
118310465,1421,825,920,83,0,118310465,1.1430803161183607
118322294,1441,853,928,83,0,118322294,1.1430803161183607
118334203,1412,856,930,83,0,118334203,1.1430803161183607
118352363,1446,846,924,83,0,118352363,1.1430803161183607
118363636,1457,850,907,83,0,118363636,1.1430803161183607
118375743,1433,874,932,83,0,118375743,1.1430803161183607
118389262,1405,710,936,83,0,118389262,1.1430803161183607
118404890,1414,808,931,83,0,118404890,1.1430803161183607
118417400,1412,804,870,83,0,118417400,1.1430803161183607
118428059,1398,828,929,83,0,118428059,1.1430803161183607
118442275,1392,852,924,83,0,118442275,1.1430803161183607
118453822,1409,842,861,83,0,118453822,1.1430803161183607
118465218,1433,852,899,83,0,118465218,1.1430803161183607
118476146,1416,856,924,83,0,118476146,1.1430803161183607
118486224,1373,843,928,83,0,118486224,1.1430803161183607
118499158,1459,838,936,83,0,118499158,1.1430803161183607
118510417,1421,862,905,83,0,118510417,1.1430803161183607
118523460,1368,886,942,83,0,118523460,1.1430803161183607
118535614,1357,886,941,83,0,118535614,1.1430803161183607
118550835,1354,821,899,83,0,118550835,1.1430803161183607
118564259,1329,824,923,83,0,118564259,1.1430803161183607
118573634,1336,829,908,83,0,118573634,1.1430803161183607
118586295,1314,815,920,83,0,118586295,1.1430803161183607
118597598,1314,796,892,83,0,118597598,1.1430803161183607
118609374,1392,808,920,83,0,118609374,1.1430803161183607
118621439,1394,840,932,83,0,118621439,1.1430803161183607
118635599,1428,857,943,83,0,118635599,1.1430803161183607
118648076,1427,850,942,83,0,118648076,1.1430803161183607
118658164,1416,861,942,83,0,118658164,1.1430803161183607
118673631,1450,876,939,83,0,118673631,1.1430803161183607
118686196,1458,857,933,83,0,118686196,1.1430803161183607
118703129,1371,800,930,83,0,118703129,1.1430803161183607
118714436,1408,791,930,83,0,118714436,1.1430803161183607
118727009,1384,843,937,83,0,118727009,1.1430803161183607
118739805,1430,862,944,83,0,118739805,1.1430803161183607
118749808,1465,869,937,83,0,118749808,1.1430803161183607
118759885,1483,850,945,83,0,118759885,1.1430803161183607
118772456,1409,859,928,83,0,118772456,1.1430803161183607
118784401,1404,863,940,83,0,118784401,1.1430803161183607
118794759,1459,875,928,83,0,118794759,1.1430803161183607
118805659,1481,881,945,83,0,118805659,1.1430803161183607
118818722,1449,893,924,83,0,118818722,1.1430803161183607
118833222,1416,890,948,83,0,118833222,1.1430803161183607
118844449,1388,869,948,83,0,118844449,1.1430803161183607
118856545,1337,812,914,83,0,118856545,1.1430803161183607
118868821,1348,838,938,83,0,118868821,1.1430803161183607
118883316,1374,821,937,83,0,118883316,1.1430803161183607
118894586,1437,820,926,83,0,118894586,1.1430803161183607
118907567,1452,841,909,83,0,118907567,1.1430803161183607
118921151,1469,877,946,83,0,118921151,1.1430803161183607
118937175,1434,935,917,83,0,118937175,1.1430803161183607
118951527,1441,931,941,83,0,118951527,1.1430803161183607
118968548,1421,908,939,83,0,118968548,1.1430803161183607
118979870,1395,902,947,83,0,118979870,1.1430803161183607
118992358,1403,874,934,83,0,118992358,1.1430803161183607
119003562,1442,921,949,83,0,119003562,1.1430803161183607
119015692,1476,917,943,83,0,119015692,1.1430803161183607
119026083,1523,933,961,83,0,119026083,1.1430803161183607
119040767,1509,933,944,83,0,119040767,1.1430803161183607
119053347,1479,964,937,83,0,119053347,1.1430803161183607
119066079,1441,966,955,83,0,119066079,1.1430803161183607
119077187,1481,921,957,83,0,119077187,1.1430803161183607
119092787,1505,909,899,83,0,119092787,1.1430803161183607
119108371,1534,934,940,83,0,119108371,1.1430803161183607
119119428,1485,946,946,83,0,119119428,1.1430803161183607
119133090,1485,904,952,83,0,119133090,1.1430803161183607
119146586,1445,925,942,83,0,119146586,1.1430803161183607
119156650,1455,915,952,83,0,119156650,1.1430803161183607
119167682,1430,906,937,83,0,119167682,1.1430803161183607
119178626,1411,881,929,83,0,119178626,1.1430803161183607
119191280,1410,884,934,83,0,119191280,1.1430803161183607
119203521,1392,864,929,83,0,119203521,1.1430803161183607
119215637,1374,857,946,83,0,119215637,1.1430803161183607
119229080,1430,881,953,83,0,119229080,1.1430803161183607
119242884,1388,929,942,83,0,119242884,1.1430803161183607
119254530,1390,886,937,83,0,119254530,1.1430803161183607
119265937,1367,844,926,83,0,119265937,1.1430803161183607
119278453,1344,840,945,83,0,119278453,1.1430803161183607
119291023,1332,830,938,83,0,119291023,1.1430803161183607
119302520,1325,876,943,83,0,119302520,1.1430803161183607
119312406,1316,884,943,83,0,119312406,1.1430803161183607
119325496,1408,892,938,83,0,119325496,1.1430803161183607
119341059,1337,798,929,83,0,119341059,1.1430803161183607
119354689,1339,829,922,83,0,119354689,1.1430803161183607
119367967,1365,801,923,83,0,119367967,1.1430803161183607
119378899,1392,865,937,83,0,119378899,1.1430803161183607
119391963,1432,917,947,83,0,119391963,1.1430803161183607
119404618,1413,885,954,83,0,119404618,1.1430803161183607
119414944,1369,866,940,83,0,119414944,1.1430803161183607
119425513,1391,857,934,83,0,119425513,1.1430803161183607
119439520,1419,862,936,83,0,119439520,1.1430803161183607
119451790,1468,904,902,83,0,119451790,1.1430803161183607
119469028,1469,904,902,83,0,119469028,1.1430803161183607
119483617,1470,871,955,83,0,119483617,1.1430803161183607
119493943,1426,888,950,83,0,119493943,1.1430803161183607
119505414,1475,890,954,83,0,119505414,1.1430803161183607
119519893,1536,928,943,83,0,119519893,1.1430803161183607
119533889,1512,971,938,83,0,119533889,1.1430803161183607
119545666,1442,922,938,83,0,119545666,1.1430803161183607
119557275,1444,910,924,83,0,119557275,1.1430803161183607
119569376,1436,844,936,83,0,119569376,1.1430803161183607
119583071,1454,957,932,83,0,119583071,1.1430803161183607
119598036,1401,941,933,83,0,119598036,1.1430803161183607
119606857,1440,910,941,83,0,119606857,1.1430803161183607
119617624,1408,880,945,83,0,119617624,1.1430803161183607
119629239,1332,886,934,83,0,119629239,1.1430803161183607
119642285,1379,886,934,83,0,119642285,1.1430803161183607
119655601,1366,887,949,83,0,119655601,1.1430803161183607
119666853,1329,968,954,83,0,119666853,1.1430803161183607
119678243,1395,864,936,83,0,119678243,1.1430803161183607
119691514,1323,829,939,83,0,119691514,1.1430803161183607
119702536,1305,792,910,83,0,119702536,1.1430803161183607
119714072,1370,838,938,83,0,119714072,1.1430803161183607
119726551,1315,863,928,83,0,119726551,1.1430803161183607
119740330,1364,846,923,83,0,119740330,1.1430803161183607
119750351,1436,834,896,83,0,119750351,1.1430803161183607
119763065,600,824,937,83,0,119763065,1.1430803161183607
119775621,1410,837,924,83,0,119775621,1.1430803161183607
119787486,1409,844,932,83,0,119787486,1.1430803161183607
119799371,1392,831,922,83,0,119799371,1.1430803161183607
119812497,1440,888,937,83,0,119812497,1.1430803161183607
119825298,1441,827,931,83,0,119825298,1.1430803161183607
119837442,1408,848,939,83,0,119837442,1.1430803161183607
119848280,1413,882,902,83,0,119848280,1.1430803161183607
119862209,1315,960,944,83,0,119862209,1.1430803161183607
119871205,1316,1037,944,83,0,119871205,1.1430803161183607
119884638,1371,996,945,83,0,119884638,1.1430803161183607
119894869,1352,937,949,83,0,119894869,1.1430803161183607
119905710,1316,906,946,83,0,119905710,1.1430803161183607
119918995,1333,821,926,83,0,119918995,1.1430803161183607
119931567,1438,861,937,83,0,119931567,1.1430803161183607
119944345,1437,875,936,83,0,119944345,1.1430803161183607
119956978,1472,841,949,83,0,119956978,1.1430803161183607
119970979,1448,912,922,83,0,119970979,1.1430803161183607
119982465,1408,929,955,83,0,119982465,1.1430803161183607
119996149,1384,834,922,83,0,119996149,1.1430803161183607
120007356,1395,789,865,83,0,120007356,1.1430803161183607
120021579,1513,868,936,83,0,120021579,1.1430803161183607
120035433,1474,852,929,83,0,120035433,1.1430803161183607
120048465,1434,865,942,83,0,120048465,1.1430803161183607
120060134,1390,828,934,83,0,120060134,1.1430803161183607
120070906,1469,867,944,83,0,120070906,1.1430803161183607
120084926,1443,864,937,83,0,120084926,1.1430803161183607
120100029,1449,860,925,83,0,120100029,1.1430803161183607
120110660,1450,842,936,83,0,120110660,1.1430803161183607
120124210,1298,961,907,83,0,120124210,1.1430803161183607
120134221,1322,924,945,83,0,120134221,1.1430803161183607
120147022,1253,917,941,83,0,120147022,1.1430803161183607
120161934,1436,951,956,83,0,120161934,1.1430803161183607
120176261,1372,837,939,83,0,120176261,1.1430803161183607
120189387,1325,748,879,83,0,120189387,1.1430803161183607
120200096,1296,763,927,83,0,120200096,1.1430803161183607
120211247,1309,781,939,83,0,120211247,1.1430803161183607
120227042,1270,897,909,83,0,120227042,1.1430803161183607
120239254,1437,573,939,83,0,120239254,1.1430803161183607
120251961,1373,733,916,83,0,120251961,1.1430803161183607
120265808,1368,702,893,83,0,120265808,1.1430803161183607
120276265,1377,821,915,83,0,120276265,1.1430803161183607
120289063,1416,826,929,83,0,120289063,1.1430803161183607
120299314,1403,810,922,83,0,120299314,1.1430803161183607
120311188,1298,781,921,83,0,120311188,1.1430803161183607
120323715,1386,819,925,83,0,120323715,1.1430803161183607
120334207,1381,815,920,83,0,120334207,1.1430803161183607
120344504,1467,846,928,83,0,120344504,1.1430803161183607
120357478,1428,836,912,83,0,120357478,1.1430803161183607
120372418,1334,832,928,83,0,120372418,1.1430803161183607
120383871,1353,787,912,83,0,120383871,1.1430803161183607
120397544,1377,762,917,83,0,120397544,1.1430803161183607
120411545,1347,851,930,83,0,120411545,1.1430803161183607
120428666,1374,829,936,83,0,120428666,1.1430803161183607
120448135,1428,814,930,83,0,120448135,1.1430803161183607
120459293,1404,778,921,83,0,120459293,1.1430803161183607
120472348,1313,754,924,83,0,120472348,1.1430803161183607
120489805,1342,794,877,83,0,120489805,1.1430803161183607
120500674,1372,842,938,83,0,120500674,1.1430803161183607
120514413,1419,840,928,83,0,120514413,1.1430803161183607
120524515,1422,868,936,83,0,120524515,1.1430803161183607
120540478,1406,800,929,83,0,120540478,1.1430803161183607
120552635,1338,826,946,83,0,120552635,1.1430803161183607
120565738,1392,856,936,83,0,120565738,1.1430803161183607
120577451,1413,852,932,83,0,120577451,1.1430803161183607
120588398,1410,862,936,83,0,120588398,1.1430803161183607
120599178,1425,822,928,83,0,120599178,1.1430803161183607
120611413,1394,834,862,83,0,120611413,1.1430803161183607
120623254,1332,928,901,83,0,120623254,1.1430803161183607
120640258,1314,790,905,83,0,120640258,1.1430803161183607
120650781,1345,882,931,83,0,120650781,1.1430803161183607
120661373,1466,883,936,83,0,120661373,1.1430803161183607
120672466,1442,810,921,83,0,120672466,1.1430803161183607
120684791,1356,774,861,83,0,120684791,1.1430803161183607
120696523,1400,515,930,83,0,120696523,1.1430803161183607
120712999,1401,839,921,83,0,120712999,1.1430803161183607
120727314,1439,854,942,83,0,120727314,1.1430803161183607
120738878,1427,831,925,83,0,120738878,1.1430803161183607
120750755,1355,817,847,83,0,120750755,1.1430803161183607
120761888,1350,798,931,83,0,120761888,1.1430803161183607
120774177,1354,799,927,83,0,120774177,1.1430803161183607
120784943,1265,831,930,83,0,120784943,1.1430803161183607
120795627,1301,839,932,83,0,120795627,1.1430803161183607
120807131,1328,777,918,83,0,120807131,1.1430803161183607
120818188,1271,717,908,83,0,120818188,1.1430803161183607
120827908,1302,741,885,83,0,120827908,1.1430803161183607
120838211,1341,730,922,83,0,120838211,1.1430803161183607
120848057,1396,864,941,83,0,120848057,1.1430803161183607
120861732,1352,929,941,83,0,120861732,1.1430803161183607
120877349,1405,816,924,83,0,120877349,1.1430803161183607
120890208,1425,825,939,83,0,120890208,1.1430803161183607
120903744,1397,846,936,83,0,120903744,1.1430803161183607
120915083,1430,844,937,83,0,120915083,1.1430803161183607
120928084,1354,850,939,83,0,120928084,1.1430803161183607
120938195,1371,824,926,83,0,120938195,1.1430803161183607
120948627,1405,763,930,83,0,120948627,1.1430803161183607
120960076,1394,815,907,83,0,120960076,1.1430803161183607
120971144,1362,788,927,83,0,120971144,1.1430803161183607
120982454,1324,749,924,83,0,120982454,1.1430803161183607
120995066,1350,804,937,83,0,120995066,1.1430803161183607
121007447,1390,803,942,83,0,121007447,1.1430803161183607
121021647,1412,806,917,83,0,121021647,1.1430803161183607
121032703,1443,857,928,83,0,121032703,1.1430803161183607
121046541,1366,835,939,83,0,121046541,1.1430803161183607
121060381,1439,818,922,83,0,121060381,1.1430803161183607
121070886,1425,844,926,83,0,121070886,1.1430803161183607
121084296,1434,821,933,83,0,121084296,1.1430803161183607
121096528,1357,822,924,83,0,121096528,1.1430803161183607
121110904,1398,815,921,83,0,121110904,1.1430803161183607
121123581,1393,837,937,83,0,121123581,1.1430803161183607
121135930,1364,873,922,83,0,121135930,1.1430803161183607
121150850,1433,837,932,83,0,121150850,1.1430803161183607
121160763,1438,817,921,83,0,121160763,1.1430803161183607
121172576,1405,850,881,83,0,121172576,1.1430803161183607
121187324,1396,803,928,83,0,121187324,1.1430803161183607
121200353,1460,826,934,83,0,121200353,1.1430803161183607
121210843,1451,828,929,83,0,121210843,1.1430803161183607
121223363,1475,841,932,83,0,121223363,1.1430803161183607
121235052,1462,782,942,83,0,121235052,1.1430803161183607
121248496,1434,828,930,83,0,121248496,1.1430803161183607
121259234,1451,856,911,83,0,121259234,1.1430803161183607
121271673,1467,890,948,83,0,121271673,1.1430803161183607
121284043,1430,923,940,83,0,121284043,1.1430803161183607
121297195,1467,854,932,83,0,121297195,1.1430803161183607
121312476,1455,864,940,83,0,121312476,1.1430803161183607
121324049,1428,825,906,83,0,121324049,1.1430803161183607
121337253,1447,865,941,83,0,121337253,1.1430803161183607
121349026,1459,877,934,83,0,121349026,1.1430803161183607
121360399,1496,848,932,83,0,121360399,1.1430803161183607
121370167,1469,877,926,83,0,121370167,1.1430803161183607
121380756,1391,813,935,83,0,121380756,1.1430803161183607
121393427,1464,820,939,83,0,121393427,1.1430803161183607
121410593,1453,885,884,83,0,121410593,1.1430803161183607
121423685,1492,907,937,83,0,121423685,1.1430803161183607
121434402,1489,860,945,83,0,121434402,1.1430803161183607
121449037,1451,821,935,83,0,121449037,1.1430803161183607
121460360,1442,815,931,83,0,121460360,1.1430803161183607
121471470,1460,835,923,83,0,121471470,1.1430803161183607
121484391,1448,820,931,83,0,121484391,1.1430803161183607
121498153,1459,883,926,83,0,121498153,1.1430803161183607
121510645,1451,862,953,83,0,121510645,1.1430803161183607
121521621,1429,845,900,83,0,121521621,1.1430803161183607
121534830,1446,819,935,83,0,121534830,1.1430803161183607
121547509,1397,888,941,83,0,121547509,1.1430803161183607
121561802,1386,868,934,83,0,121561802,1.1430803161183607
121572405,1388,881,938,83,0,121572405,1.1430803161183607
121586162,1421,867,940,83,0,121586162,1.1430803161183607
121597336,1425,862,942,83,0,121597336,1.1430803161183607
121609515,1381,831,932,83,0,121609515,1.1430803161183607
121622157,1385,825,883,83,0,121622157,1.1430803161183607
121634694,1381,852,934,83,0,121634694,1.1430803161183607
121648087,1446,879,930,83,0,121648087,1.1430803161183607
121665487,1389,837,927,83,0,121665487,1.1430803161183607
121677774,1413,810,931,83,0,121677774,1.1430803161183607
121687219,1395,833,918,83,0,121687219,1.1430803161183607
121700961,1363,847,937,83,0,121700961,1.1430803161183607
121713400,1414,868,939,83,0,121713400,1.1430803161183607
121725409,1446,840,948,83,0,121725409,1.1430803161183607
121738289,1385,824,921,83,0,121738289,1.1430803161183607
121751393,1414,819,927,83,0,121751393,1.1430803161183607
121764509,1385,1152,930,83,0,121764509,1.1430803161183607
121777058,1395,827,913,83,0,121777058,1.1430803161183607
121788855,1391,867,933,83,0,121788855,1.1430803161183607
121800687,1427,836,939,83,0,121800687,1.1430803161183607
121812589,1404,789,931,83,0,121812589,1.1430803161183607
121825953,1374,833,917,83,0,121825953,1.1430803161183607
121835567,1371,852,933,83,0,121835567,1.1430803161183607
121847084,1390,926,939,83,0,121847084,1.1430803161183607
121859868,1403,879,945,83,0,121859868,1.1430803161183607
121872935,1386,829,932,83,0,121872935,1.1430803161183607
121888102,1410,819,923,83,0,121888102,1.1430803161183607
121898188,1408,814,923,83,0,121898188,1.1430803161183607
121907724,1454,885,932,83,0,121907724,1.1430803161183607
121917758,1434,829,937,83,0,121917758,1.1430803161183607
121929991,1444,868,925,83,0,121929991,1.1430803161183607
121942333,1451,883,945,83,0,121942333,1.1430803161183607
121954657,1423,819,939,83,0,121954657,1.1430803161183607
121966477,1447,876,927,83,0,121966477,1.1430803161183607
121979067,1478,877,940,83,0,121979067,1.1430803161183607
121990559,1514,907,941,83,0,121990559,1.1430803161183607
122006914,1535,936,937,83,0,122006914,1.1430803161183607
122024654,1514,906,944,83,0,122024654,1.1430803161183607
122035706,1476,904,928,83,0,122035706,1.1430803161183607
122049292,1474,911,946,83,0,122049292,1.1430803161183607
122059466,1464,905,947,83,0,122059466,1.1430803161183607
122070975,1429,886,938,83,0,122070975,1.1430803161183607
122085492,1464,921,938,83,0,122085492,1.1430803161183607
122099344,1387,844,948,83,0,122099344,1.1430803161183607
122115839,1394,808,915,83,0,122115839,1.1430803161183607
122127498,1393,899,916,83,0,122127498,1.1430803161183607
122139835,1444,923,915,83,0,122139835,1.1430803161183607
122156369,1523,890,933,83,0,122156369,1.1430803161183607
122168112,1440,871,944,83,0,122168112,1.1430803161183607
122181470,1360,849,940,83,0,122181470,1.1430803161183607
122193080,1388,867,932,83,0,122193080,1.1430803161183607
122206205,1419,882,932,83,0,122206205,1.1430803161183607
122219182,1389,910,933,83,0,122219182,1.1430803161183607
122231646,1405,946,949,83,0,122231646,1.1430803161183607
122244470,1346,876,915,83,0,122244470,1.1430803161183607
122255201,1284,873,924,83,0,122255201,1.1430803161183607
122268274,1326,836,910,83,0,122268274,1.1430803161183607
122282849,1337,858,939,83,0,122282849,1.1430803161183607
122292730,1325,848,938,83,0,122292730,1.1430803161183607
122303799,1437,830,881,83,0,122303799,1.1430803161183607
122317540,1433,838,934,83,0,122317540,1.1430803161183607
122330007,1324,784,912,83,0,122330007,1.1430803161183607
122341696,1347,827,931,83,0,122341696,1.1430803161183607
122355257,1413,877,918,83,0,122355257,1.1430803161183607
122365301,1454,890,905,83,0,122365301,1.1430803161183607
67764740,1024,0,10,84,0,67764740,1.1294798750229738
122389128,1450,806,929,84,0,122389128,1.1294798750229738
122400216,1411,824,916,84,0,122400216,1.1294798750229738
122412576,1408,925,939,84,0,122412576,1.1294798750229738
122426949,1418,904,921,84,0,122426949,1.1294798750229738
122439046,1348,873,943,84,0,122439046,1.1294798750229738
122454532,1410,786,921,84,0,122454532,1.1294798750229738
122473930,1387,844,942,84,0,122473930,1.1294798750229738
122483219,1413,844,949,84,0,122483219,1.1294798750229738
122492889,1464,902,940,84,0,122492889,1.1294798750229738
122506253,1404,874,922,84,0,122506253,1.1294798750229738
122519453,1378,881,939,84,0,122519453,1.1294798750229738
122532040,1320,912,922,84,0,122532040,1.1294798750229738
122543637,1322,875,940,84,0,122543637,1.1294798750229738
122558316,1333,789,925,84,0,122558316,1.1294798750229738
122570055,1348,806,928,84,0,122570055,1.1294798750229738
122583273,1379,824,913,84,0,122583273,1.1294798750229738
122599136,1406,796,922,84,0,122599136,1.1294798750229738
122612751,1469,868,930,84,0,122612751,1.1294798750229738
122626928,1489,909,937,84,0,122626928,1.1294798750229738
122637768,1526,902,941,84,0,122637768,1.1294798750229738
122650997,1515,915,941,84,0,122650997,1.1294798750229738
122662441,1488,916,938,84,0,122662441,1.1294798750229738
122672510,1454,1037,945,84,0,122672510,1.1294798750229738
122688372,1342,833,923,84,0,122688372,1.1294798750229738
122701162,1305,853,925,84,0,122701162,1.1294798750229738
122715388,1352,864,946,84,0,122715388,1.1294798750229738
122724667,1393,891,945,84,0,122724667,1.1294798750229738
122739332,1347,913,939,84,0,122739332,1.1294798750229738
122749974,1396,926,950,84,0,122749974,1.1294798750229738
122763802,1368,982,916,84,0,122763802,1.1294798750229738
122776871,1315,893,934,84,0,122776871,1.1294798750229738
122789349,1283,868,943,84,0,122789349,1.1294798750229738
122804185,1269,827,870,84,0,122804185,1.1294798750229738
122819260,1391,920,938,84,0,122819260,1.1294798750229738
122830334,1425,786,925,84,0,122830334,1.1294798750229738
122842413,1405,912,944,84,0,122842413,1.1294798750229738
122857816,1442,829,928,84,0,122857816,1.1294798750229738
122867754,1416,886,939,84,0,122867754,1.1294798750229738
122881358,1275,816,912,84,0,122881358,1.1294798750229738
122893457,1236,891,944,84,0,122893457,1.1294798750229738
122907073,1293,953,949,84,0,122907073,1.1294798750229738
122917595,1225,774,916,84,0,122917595,1.1294798750229738
122932759,1394,856,945,84,0,122932759,1.1294798750229738
122946439,1418,933,946,84,0,122946439,1.1294798750229738
122957252,1292,927,925,84,0,122957252,1.1294798750229738
122968261,1158,955,939,84,0,122968261,1.1294798750229738
122978063,1135,1020,942,84,0,122978063,1.1294798750229738
122990457,1209,1078,945,84,0,122990457,1.1294798750229738
123004560,1163,1062,966,84,0,123004560,1.1294798750229738
123015458,1177,991,973,84,0,123015458,1.1294798750229738
123030154,1141,758,928,84,0,123030154,1.1294798750229738
123042404,1240,750,908,84,0,123042404,1.1294798750229738
123053648,1374,911,950,84,0,123053648,1.1294798750229738
123063053,1377,765,909,84,0,123063053,1.1294798750229738
123082359,1380,801,853,84,0,123082359,1.1294798750229738
123094036,1395,787,914,84,0,123094036,1.1294798750229738
123106818,1361,833,936,84,0,123106818,1.1294798750229738
123118664,1364,849,937,84,0,123118664,1.1294798750229738
123129758,1443,822,944,84,0,123129758,1.1294798750229738
123146845,1371,748,920,84,0,123146845,1.1294798750229738
123156484,1341,769,886,84,0,123156484,1.1294798750229738
123166967,1406,801,886,84,0,123166967,1.1294798750229738
123180120,1442,858,934,84,0,123180120,1.1294798750229738
123192015,1430,850,867,84,0,123192015,1.1294798750229738
123203548,1453,848,938,84,0,123203548,1.1294798750229738
123214921,1468,845,929,84,0,123214921,1.1294798750229738
123225863,1481,862,925,84,0,123225863,1.1294798750229738
123239738,1497,894,947,84,0,123239738,1.1294798750229738
123250768,1526,956,945,84,0,123250768,1.1294798750229738
123264109,1515,971,944,84,0,123264109,1.1294798750229738
123274403,1486,974,921,84,0,123274403,1.1294798750229738
123288636,1411,910,937,84,0,123288636,1.1294798750229738
123299724,1383,865,930,84,0,123299724,1.1294798750229738
123312989,1318,791,935,84,0,123312989,1.1294798750229738
123327930,1365,798,924,84,0,123327930,1.1294798750229738
123338285,1386,798,859,84,0,123338285,1.1294798750229738
123349996,1420,820,906,84,0,123349996,1.1294798750229738
123362438,1427,821,930,84,0,123362438,1.1294798750229738
123375328,1379,793,928,84,0,123375328,1.1294798750229738
123389112,1362,932,918,84,0,123389112,1.1294798750229738
123404875,1415,834,913,84,0,123404875,1.1294798750229738
123417166,1441,852,914,84,0,123417166,1.1294798750229738
123427416,1464,829,875,84,0,123427416,1.1294798750229738
123440807,1421,893,910,84,0,123440807,1.1294798750229738
123452800,1363,887,923,84,0,123452800,1.1294798750229738
123466227,1396,861,947,84,0,123466227,1.1294798750229738
123478046,1370,832,892,84,0,123478046,1.1294798750229738
123490709,1349,865,926,84,0,123490709,1.1294798750229738
123503651,1379,785,922,84,0,123503651,1.1294798750229738
123517998,1299,742,881,84,0,123517998,1.1294798750229738
123532087,1401,780,838,84,0,123532087,1.1294798750229738
123543728,1406,810,925,84,0,123543728,1.1294798750229738
123554724,1454,821,929,84,0,123554724,1.1294798750229738
123565790,1416,853,943,84,0,123565790,1.1294798750229738
123579024,1420,804,930,84,0,123579024,1.1294798750229738
123591186,1332,767,902,84,0,123591186,1.1294798750229738
123602924,1350,760,865,84,0,123602924,1.1294798750229738
123613920,1353,769,925,84,0,123613920,1.1294798750229738
123627366,1350,778,895,84,0,123627366,1.1294798750229738
123643691,1451,846,925,84,0,123643691,1.1294798750229738
123655705,1437,864,944,84,0,123655705,1.1294798750229738
123667275,1443,898,936,84,0,123667275,1.1294798750229738
123680653,1435,832,927,84,0,123680653,1.1294798750229738
123692847,1421,847,907,84,0,123692847,1.1294798750229738
123705471,1443,839,907,84,0,123705471,1.1294798750229738
123719007,1437,813,932,84,0,123719007,1.1294798750229738
123729662,1394,853,940,84,0,123729662,1.1294798750229738
123743946,1353,800,927,84,0,123743946,1.1294798750229738
123755657,1361,809,928,84,0,123755657,1.1294798750229738
123769380,1381,852,915,84,0,123769380,1.1294798750229738
123780423,1355,836,901,84,0,123780423,1.1294798750229738
123790928,1385,836,935,84,0,123790928,1.1294798750229738
123802212,1379,816,928,84,0,123802212,1.1294798750229738
123817817,1386,828,930,84,0,123817817,1.1294798750229738
123828336,1388,794,901,84,0,123828336,1.1294798750229738
123839979,1417,809,921,84,0,123839979,1.1294798750229738
123850484,1425,898,938,84,0,123850484,1.1294798750229738
123861294,1406,856,929,84,0,123861294,1.1294798750229738
123873800,1405,827,928,84,0,123873800,1.1294798750229738
123886016,1354,805,892,84,0,123886016,1.1294798750229738
123897715,1409,804,925,84,0,123897715,1.1294798750229738
123908482,1392,811,926,84,0,123908482,1.1294798750229738
123918534,1390,811,933,84,0,123918534,1.1294798750229738
123930593,1368,824,934,84,0,123930593,1.1294798750229738
123942466,1301,866,933,84,0,123942466,1.1294798750229738
123955446,1380,802,906,84,0,123955446,1.1294798750229738
123967475,1352,848,934,84,0,123967475,1.1294798750229738
123981132,1390,852,933,84,0,123981132,1.1294798750229738
123993817,1424,827,882,84,0,123993817,1.1294798750229738
124007326,1412,824,918,84,0,124007326,1.1294798750229738
124020251,1392,808,929,84,0,124020251,1.1294798750229738
124032070,1315,800,934,84,0,124032070,1.1294798750229738
124047237,1375,826,907,84,0,124047237,1.1294798750229738
123735176,66,512,640,85,0,123735176,1.1214850211358207
124071957,1384,821,863,85,0,124071957,1.1214850211358207
124086398,1418,849,937,85,0,124086398,1.1214850211358207
124099974,1453,827,932,85,0,124099974,1.1214850211358207
124112890,1389,848,925,85,0,124112890,1.1214850211358207
124126822,1402,849,889,85,0,124126822,1.1214850211358207
124137123,1402,825,927,85,0,124137123,1.1214850211358207
124149005,1355,819,909,85,0,124149005,1.1214850211358207
124161527,1419,855,917,85,0,124161527,1.1214850211358207
124173521,1395,800,910,85,0,124173521,1.1214850211358207
124184057,1316,785,911,85,0,124184057,1.1214850211358207
124194246,1304,805,885,85,0,124194246,1.1214850211358207
124204157,1331,825,930,85,0,124204157,1.1214850211358207
124216576,1318,832,862,85,0,124216576,1.1214850211358207
124228020,1335,832,905,85,0,124228020,1.1214850211358207
124240656,1363,806,925,85,0,124240656,1.1214850211358207
124252701,1386,812,903,85,0,124252701,1.1214850211358207
124266387,1360,808,899,85,0,124266387,1.1214850211358207
124278581,1363,867,915,85,0,124278581,1.1214850211358207
124290657,1437,877,913,85,0,124290657,1.1214850211358207
124302178,1417,859,917,85,0,124302178,1.1214850211358207
124314610,1400,828,900,85,0,124314610,1.1214850211358207
124325752,1346,822,904,85,0,124325752,1.1214850211358207
124335532,1397,810,937,85,0,124335532,1.1214850211358207
124349323,1379,883,940,85,0,124349323,1.1214850211358207
124359843,1440,852,909,85,0,124359843,1.1214850211358207
124373096,1467,883,945,85,0,124373096,1.1214850211358207
124383362,1436,877,928,85,0,124383362,1.1214850211358207
124396237,1409,818,930,85,0,124396237,1.1214850211358207
124409018,1405,830,875,85,0,124409018,1.1214850211358207
124421242,1427,831,925,85,0,124421242,1.1214850211358207
124431871,1437,861,934,85,0,124431871,1.1214850211358207
124442541,1411,904,892,85,0,124442541,1.1214850211358207
124457426,1406,867,927,85,0,124457426,1.1214850211358207
124472473,1322,807,932,85,0,124472473,1.1214850211358207
124487220,1315,793,878,85,0,124487220,1.1214850211358207
124497841,1345,803,900,85,0,124497841,1.1214850211358207
124510996,1365,803,923,85,0,124510996,1.1214850211358207
124522059,1463,872,938,85,0,124522059,1.1214850211358207
124535410,1432,902,932,85,0,124535410,1.1214850211358207
124549451,1443,877,949,85,0,124549451,1.1214850211358207
124562714,1432,840,951,85,0,124562714,1.1214850211358207
124574802,1342,900,913,85,0,124574802,1.1214850211358207
124585269,1381,856,927,85,0,124585269,1.1214850211358207
124598487,1435,825,930,85,0,124598487,1.1214850211358207
124610287,1410,849,934,85,0,124610287,1.1214850211358207
124623819,1341,890,896,85,0,124623819,1.1214850211358207
124636016,1422,865,896,85,0,124636016,1.1214850211358207
124646936,1456,925,934,85,0,124646936,1.1214850211358207
124657767,1426,942,950,85,0,124657767,1.1214850211358207
124668595,1408,941,943,85,0,124668595,1.1214850211358207
124679808,1435,891,932,85,0,124679808,1.1214850211358207
124690955,1434,906,939,85,0,124690955,1.1214850211358207
124702418,1451,882,918,85,0,124702418,1.1214850211358207
124718667,1450,869,940,85,0,124718667,1.1214850211358207
124730909,1483,912,946,85,0,124730909,1.1214850211358207
124744107,1482,909,949,85,0,124744107,1.1214850211358207
124757177,1417,875,915,85,0,124757177,1.1214850211358207
124768406,1475,846,918,85,0,124768406,1.1214850211358207
124780890,1504,908,943,85,0,124780890,1.1214850211358207
124793860,1496,891,943,85,0,124793860,1.1214850211358207
124807063,1441,879,926,85,0,124807063,1.1214850211358207
124817655,1433,882,923,85,0,124817655,1.1214850211358207
124831353,1412,869,902,85,0,124831353,1.1214850211358207
124844289,1389,893,954,85,0,124844289,1.1214850211358207
124859252,1368,834,949,85,0,124859252,1.1214850211358207
124869751,1410,874,934,85,0,124869751,1.1214850211358207
124882690,1382,834,917,85,0,124882690,1.1214850211358207
124894252,1278,798,929,85,0,124894252,1.1214850211358207
124908979,1350,832,926,85,0,124908979,1.1214850211358207
124921037,1380,831,872,85,0,124921037,1.1214850211358207
124933516,1353,870,925,85,0,124933516,1.1214850211358207
124949077,1394,908,948,85,0,124949077,1.1214850211358207
124962689,1391,888,925,85,0,124962689,1.1214850211358207
124973555,1297,852,930,85,0,124973555,1.1214850211358207
124985388,1309,779,926,85,0,124985388,1.1214850211358207
124997350,1252,788,928,85,0,124997350,1.1214850211358207
125009915,1411,595,932,85,0,125009915,1.1214850211358207
125021424,1435,850,891,85,0,125021424,1.1214850211358207
125032246,1400,828,924,85,0,125032246,1.1214850211358207
125046056,1365,812,943,85,0,125046056,1.1214850211358207
125057559,1412,832,925,85,0,125057559,1.1214850211358207
125069850,1444,858,922,85,0,125069850,1.1214850211358207
125081384,1446,852,928,85,0,125081384,1.1214850211358207
125092871,1441,894,947,85,0,125092871,1.1214850211358207
125104492,1417,843,939,85,0,125104492,1.1214850211358207
125114691,1509,901,943,85,0,125114691,1.1214850211358207
125127780,1490,1066,910,85,0,125127780,1.1214850211358207
125139219,1371,1069,969,85,0,125139219,1.1214850211358207
125150929,1456,1074,970,85,0,125150929,1.1214850211358207
125162712,1470,1054,969,85,0,125162712,1.1214850211358207
125173058,1405,957,956,85,0,125173058,1.1214850211358207
125189044,1356,957,957,85,0,125189044,1.1214850211358207
125199444,1387,883,944,85,0,125199444,1.1214850211358207
125211225,1427,950,946,85,0,125211225,1.1214850211358207
125222158,1472,947,946,85,0,125222158,1.1214850211358207
125235912,1482,970,959,85,0,125235912,1.1214850211358207
125245734,1443,982,955,85,0,125245734,1.1214850211358207
125255579,1402,1002,963,85,0,125255579,1.1214850211358207
125269215,1378,922,957,85,0,125269215,1.1214850211358207
125285030,1364,913,890,85,0,125285030,1.1214850211358207
125300602,1360,897,907,85,0,125300602,1.1214850211358207
125311238,1369,867,942,85,0,125311238,1.1214850211358207
125322590,1368,948,932,85,0,125322590,1.1214850211358207
125333864,1330,524,944,85,0,125333864,1.1214850211358207
125347037,1204,796,885,85,0,125347037,1.1214850211358207
125358713,1308,861,928,85,0,125358713,1.1214850211358207
125372642,1321,864,926,85,0,125372642,1.1214850211358207
125385031,1391,819,926,85,0,125385031,1.1214850211358207
125397561,1362,808,923,85,0,125397561,1.1214850211358207
125411436,1409,855,942,85,0,125411436,1.1214850211358207
125426346,1396,898,859,85,0,125426346,1.1214850211358207
125436943,1437,891,866,85,0,125436943,1.1214850211358207
125447606,1358,857,939,85,0,125447606,1.1214850211358207
125457345,1332,796,926,85,0,125457345,1.1214850211358207
125470347,1336,797,922,85,0,125470347,1.1214850211358207
125484081,1428,908,935,85,0,125484081,1.1214850211358207
125497456,1370,845,939,85,0,125497456,1.1214850211358207
125507092,1421,869,936,85,0,125507092,1.1214850211358207
125520150,1394,898,943,85,0,125520150,1.1214850211358207
125530027,1324,888,948,85,0,125530027,1.1214850211358207
125543100,1402,874,928,85,0,125543100,1.1214850211358207
125553631,1386,897,943,85,0,125553631,1.1214850211358207
125565477,1336,933,948,85,0,125565477,1.1214850211358207
125577670,1390,831,926,85,0,125577670,1.1214850211358207
125588192,1380,835,903,85,0,125588192,1.1214850211358207
125601295,1345,862,944,85,0,125601295,1.1214850211358207
125614203,1354,857,910,85,0,125614203,1.1214850211358207
125625129,1606,890,950,85,0,125625129,1.1214850211358207
125637214,1342,876,914,85,0,125637214,1.1214850211358207
125649258,1402,864,948,85,0,125649258,1.1214850211358207
125660704,1342,824,936,85,0,125660704,1.1214850211358207
125671475,1333,814,934,85,0,125671475,1.1214850211358207
125684027,1460,865,929,85,0,125684027,1.1214850211358207
125694214,1469,872,931,85,0,125694214,1.1214850211358207
125712155,1512,878,914,85,0,125712155,1.1214850211358207
125725255,1458,876,945,85,0,125725255,1.1214850211358207
125741803,1370,860,926,85,0,125741803,1.1214850211358207
125751678,1860,859,909,85,0,125751678,1.1214850211358207
125763462,1418,840,951,85,0,125763462,1.1214850211358207
125776595,1444,904,931,85,0,125776595,1.1214850211358207
125793014,1381,856,936,85,0,125793014,1.1214850211358207
125803905,1384,864,940,85,0,125803905,1.1214850211358207
125815436,1318,887,915,85,0,125815436,1.1214850211358207
125832414,1321,826,932,85,0,125832414,1.1214850211358207
125844675,1369,949,952,85,0,125844675,1.1214850211358207
125859411,1382,796,891,85,0,125859411,1.1214850211358207
125872872,1354,757,929,85,0,125872872,1.1214850211358207
125885900,1297,770,916,85,0,125885900,1.1214850211358207
125899556,1318,798,905,85,0,125899556,1.1214850211358207
125911524,1201,795,928,85,0,125911524,1.1214850211358207
125923998,1337,771,882,85,0,125923998,1.1214850211358207
125935676,1391,779,933,85,0,125935676,1.1214850211358207
125949194,1376,907,921,85,0,125949194,1.1214850211358207
125960203,1258,797,899,85,0,125960203,1.1214850211358207
125970010,1305,819,910,85,0,125970010,1.1214850211358207
125982690,1212,771,906,85,0,125982690,1.1214850211358207
125994894,1450,850,934,85,0,125994894,1.1214850211358207
126007318,1443,890,931,85,0,126007318,1.1214850211358207
126018834,1342,832,929,85,0,126018834,1.1214850211358207
126033638,1289,867,939,85,0,126033638,1.1214850211358207
126047127,1260,581,938,85,0,126047127,1.1214850211358207
126060009,1281,819,921,85,0,126060009,1.1214850211358207
126071680,1341,848,938,85,0,126071680,1.1214850211358207
126084310,1362,846,907,85,0,126084310,1.1214850211358207
126095294,1366,891,931,85,0,126095294,1.1214850211358207
126107711,1416,907,942,85,0,126107711,1.1214850211358207
126118341,1287,836,925,85,0,126118341,1.1214850211358207
126129779,1230,897,932,85,0,126129779,1.1214850211358207
126140424,1358,824,944,85,0,126140424,1.1214850211358207
126152673,1293,760,927,85,0,126152673,1.1214850211358207
126166032,1315,756,933,85,0,126166032,1.1214850211358207
126179315,1342,829,931,85,0,126179315,1.1214850211358207
126189622,1350,873,912,85,0,126189622,1.1214850211358207
126200929,1360,813,934,85,0,126200929,1.1214850211358207
126213771,1350,867,865,85,0,126213771,1.1214850211358207
126225742,1344,817,934,85,0,126225742,1.1214850211358207
126237472,1301,808,936,85,0,126237472,1.1214850211358207
126250475,1281,800,901,85,0,126250475,1.1214850211358207
126262413,1278,800,925,85,0,126262413,1.1214850211358207
126272705,1330,820,930,85,0,126272705,1.1214850211358207
126282928,1383,789,872,85,0,126282928,1.1214850211358207
126297439,1325,739,873,85,0,126297439,1.1214850211358207
126312544,1280,752,915,85,0,126312544,1.1214850211358207
126326329,1354,847,928,85,0,126326329,1.1214850211358207
126340101,1352,833,925,85,0,126340101,1.1214850211358207
126351646,1430,854,942,85,0,126351646,1.1214850211358207
126363615,1426,813,938,85,0,126363615,1.1214850211358207
126378206,1403,808,930,85,0,126378206,1.1214850211358207
126390174,1397,853,940,85,0,126390174,1.1214850211358207
126403251,1405,864,908,85,0,126403251,1.1214850211358207
126417373,1412,864,916,85,0,126417373,1.1214850211358207
126428923,1418,835,939,85,0,126428923,1.1214850211358207
126441759,1326,830,928,85,0,126441759,1.1214850211358207
126453063,1266,778,934,85,0,126453063,1.1214850211358207
126466614,1320,870,940,85,0,126466614,1.1214850211358207
126479448,1220,805,943,85,0,126479448,1.1214850211358207
126493620,1389,806,891,85,0,126493620,1.1214850211358207
126505175,1289,712,900,85,0,126505175,1.1214850211358207
126519151,1329,737,910,85,0,126519151,1.1214850211358207
67765324,1040,514,521,86,0,67765324,1.1538320161734976
126542014,1317,799,916,86,0,126542014,1.1538320161734976
126556632,1340,846,840,86,0,126556632,1.1538320161734976
126568107,1389,864,931,86,0,126568107,1.1538320161734976
126581380,1330,762,919,86,0,126581380,1.1538320161734976
126593631,1226,714,920,86,0,126593631,1.1538320161734976
126605924,1320,726,913,86,0,126605924,1.1538320161734976
126618393,1306,742,918,86,0,126618393,1.1538320161734976
126634708,1410,789,926,86,0,126634708,1.1538320161734976
126646594,1357,765,902,86,0,126646594,1.1538320161734976
126657732,1366,785,908,86,0,126657732,1.1538320161734976
126672804,1380,832,877,86,0,126672804,1.1538320161734976
126682730,1379,826,934,86,0,126682730,1.1538320161734976
126696471,1316,843,889,86,0,126696471,1.1538320161734976
126706847,1337,784,926,86,0,126706847,1.1538320161734976
126719628,1348,754,929,86,0,126719628,1.1538320161734976
126731503,1313,777,913,86,0,126731503,1.1538320161734976
126744925,1367,797,930,86,0,126744925,1.1538320161734976
126754048,1353,848,938,86,0,126754048,1.1538320161734976
126765493,1417,841,935,86,0,126765493,1.1538320161734976
126779956,1406,902,913,86,0,126779956,1.1538320161734976
126792961,1353,804,932,86,0,126792961,1.1538320161734976
126803927,1341,852,938,86,0,126803927,1.1538320161734976
126816036,1355,802,920,86,0,126816036,1.1538320161734976
126828383,1330,787,923,86,0,126828383,1.1538320161734976
126839848,1384,773,920,86,0,126839848,1.1538320161734976
126852374,1371,789,927,86,0,126852374,1.1538320161734976
126865896,1310,812,915,86,0,126865896,1.1538320161734976
126875495,1353,829,924,86,0,126875495,1.1538320161734976
126889665,1425,835,940,86,0,126889665,1.1538320161734976
126901173,1432,848,952,86,0,126901173,1.1538320161734976
126911843,1413,828,943,86,0,126911843,1.1538320161734976
126922141,1435,811,915,86,0,126922141,1.1538320161734976
126935409,1421,808,929,86,0,126935409,1.1538320161734976
126947995,1412,798,924,86,0,126947995,1.1538320161734976
126958304,1466,845,942,86,0,126958304,1.1538320161734976
126977061,1385,878,953,86,0,126977061,1.1538320161734976
126988531,1445,806,931,86,0,126988531,1.1538320161734976
127001543,1396,819,923,86,0,127001543,1.1538320161734976
127013733,1408,841,913,86,0,127013733,1.1538320161734976
127024435,1391,852,921,86,0,127024435,1.1538320161734976
127037673,1394,886,945,86,0,127037673,1.1538320161734976
127049337,1427,886,940,86,0,127049337,1.1538320161734976
127062687,1453,885,929,86,0,127062687,1.1538320161734976
127075680,1384,824,932,86,0,127075680,1.1538320161734976
127089048,1365,857,946,86,0,127089048,1.1538320161734976
127101400,1436,848,920,86,0,127101400,1.1538320161734976
127114048,1435,841,927,86,0,127114048,1.1538320161734976
127128596,1416,884,915,86,0,127128596,1.1538320161734976
127140109,1389,856,919,86,0,127140109,1.1538320161734976
127153318,1434,840,928,86,0,127153318,1.1538320161734976
127165722,1233,845,933,86,0,127165722,1.1538320161734976
127182691,1446,885,933,86,0,127182691,1.1538320161734976
127195618,1427,851,909,86,0,127195618,1.1538320161734976
127210101,1445,840,914,86,0,127210101,1.1538320161734976
127222313,1420,822,933,86,0,127222313,1.1538320161734976
127238373,1417,851,910,86,0,127238373,1.1538320161734976
127249215,1371,869,918,86,0,127249215,1.1538320161734976
127262425,1358,859,950,86,0,127262425,1.1538320161734976
127272794,1384,847,962,86,0,127272794,1.1538320161734976
127284504,1370,830,925,86,0,127284504,1.1538320161734976
127297020,1352,834,861,86,0,127297020,1.1538320161734976
127309526,1342,837,934,86,0,127309526,1.1538320161734976
127318869,1354,877,945,86,0,127318869,1.1538320161734976
127330336,1377,913,942,86,0,127330336,1.1538320161734976
127342440,1457,891,940,86,0,127342440,1.1538320161734976
127354843,1382,861,926,86,0,127354843,1.1538320161734976
127368116,1379,830,925,86,0,127368116,1.1538320161734976
127377950,1389,860,944,86,0,127377950,1.1538320161734976
127392351,1404,827,922,86,0,127392351,1.1538320161734976
127404873,1535,886,921,86,0,127404873,1.1538320161734976
127417126,1413,864,944,86,0,127417126,1.1538320161734976
127432795,1352,841,914,86,0,127432795,1.1538320161734976
127442536,1395,815,921,86,0,127442536,1.1538320161734976
127456190,1351,878,920,86,0,127456190,1.1538320161734976
127469140,1384,850,933,86,0,127469140,1.1538320161734976
127482361,1441,862,928,86,0,127482361,1.1538320161734976
127494445,1429,814,916,86,0,127494445,1.1538320161734976
127507945,1435,821,924,86,0,127507945,1.1538320161734976
127520344,1454,844,930,86,0,127520344,1.1538320161734976
127532219,1469,856,932,86,0,127532219,1.1538320161734976
127543328,1459,886,944,86,0,127543328,1.1538320161734976
127559380,1494,854,933,86,0,127559380,1.1538320161734976
127573131,1539,860,936,86,0,127573131,1.1538320161734976
127586528,1445,838,944,86,0,127586528,1.1538320161734976
127598823,1442,847,933,86,0,127598823,1.1538320161734976
127610400,1458,939,913,86,0,127610400,1.1538320161734976
127624788,1467,908,893,86,0,127624788,1.1538320161734976
127634738,1472,893,944,86,0,127634738,1.1538320161734976
127648414,1408,851,931,86,0,127648414,1.1538320161734976
127666179,1364,854,950,86,0,127666179,1.1538320161734976
127678909,1440,873,925,86,0,127678909,1.1538320161734976
127691628,1405,821,910,86,0,127691628,1.1538320161734976
127706037,1423,855,945,86,0,127706037,1.1538320161734976
127718136,1390,863,949,86,0,127718136,1.1538320161734976
127731455,1400,884,944,86,0,127731455,1.1538320161734976
127743230,1420,872,917,86,0,127743230,1.1538320161734976
127759380,1396,821,926,86,0,127759380,1.1538320161734976
127768394,1409,870,939,86,0,127768394,1.1538320161734976
127781408,1406,825,917,86,0,127781408,1.1538320161734976
127796231,1366,836,922,86,0,127796231,1.1538320161734976
127808574,1344,817,925,86,0,127808574,1.1538320161734976
127823084,1372,853,934,86,0,127823084,1.1538320161734976
127839671,1307,905,945,86,0,127839671,1.1538320161734976
127852848,1318,864,934,86,0,127852848,1.1538320161734976
127865071,1305,800,881,86,0,127865071,1.1538320161734976
127877410,1314,826,935,86,0,127877410,1.1538320161734976
127888742,1341,822,934,86,0,127888742,1.1538320161734976
127901438,1296,808,923,86,0,127901438,1.1538320161734976
127918771,1211,788,876,86,0,127918771,1.1538320161734976
127930286,1392,746,912,86,0,127930286,1.1538320161734976
127947763,1248,732,868,86,0,127947763,1.1538320161734976
127961288,1301,755,920,86,0,127961288,1.1538320161734976
127973965,1379,800,932,86,0,127973965,1.1538320161734976
127988267,1368,766,891,86,0,127988267,1.1538320161734976
127999729,1382,815,933,86,0,127999729,1.1538320161734976
128015036,1286,821,929,86,0,128015036,1.1538320161734976
128029693,1309,760,914,86,0,128029693,1.1538320161734976
128040987,1281,755,920,86,0,128040987,1.1538320161734976
1175438267,4121,46613,541,87,0,1175438267,1.1660080867487594
128074812,1366,798,892,87,0,128074812,1.1660080867487594
128086621,1324,815,938,87,0,128086621,1.1660080867487594
128097800,1301,806,917,87,0,128097800,1.1660080867487594
128109790,1384,841,906,87,0,128109790,1.1660080867487594
128122277,1393,856,923,87,0,128122277,1.1660080867487594
128134564,1380,883,941,87,0,128134564,1.1660080867487594
128146129,1433,903,944,87,0,128146129,1.1660080867487594
128158816,1376,812,879,87,0,128158816,1.1660080867487594
128172013,1362,794,923,87,0,128172013,1.1660080867487594
128183650,1445,841,937,87,0,128183650,1.1660080867487594
128195368,1438,878,936,87,0,128195368,1.1660080867487594
128205459,1442,928,944,87,0,128205459,1.1660080867487594
128217170,1470,925,905,87,0,128217170,1.1660080867487594
128228717,1483,946,942,87,0,128228717,1.1660080867487594
128241505,1467,960,944,87,0,128241505,1.1660080867487594
128254460,1419,911,953,87,0,128254460,1.1660080867487594
128266828,1448,902,904,87,0,128266828,1.1660080867487594
128279140,1412,902,942,87,0,128279140,1.1660080867487594
128291632,1378,883,948,87,0,128291632,1.1660080867487594
128308414,1325,827,1021,87,0,128308414,1.1660080867487594
128327933,1315,874,930,87,0,128327933,1.1660080867487594
128340499,1394,935,930,87,0,128340499,1.1660080867487594
128352698,1404,891,913,87,0,128352698,1.1660080867487594
128365348,1405,908,950,87,0,128365348,1.1660080867487594
128376705,1421,895,905,87,0,128376705,1.1660080867487594
128387345,1302,721,886,87,0,128387345,1.1660080867487594
128403381,1310,793,921,87,0,128403381,1.1660080867487594
128418331,1371,823,929,87,0,128418331,1.1660080867487594
128433878,1402,931,938,87,0,128433878,1.1660080867487594
128450279,1448,860,906,87,0,128450279,1.1660080867487594
128463578,1430,862,817,87,0,128463578,1.1660080867487594
128476393,1398,936,937,87,0,128476393,1.1660080867487594
128488347,1386,852,941,87,0,128488347,1.1660080867487594
128504937,1348,938,947,87,0,128504937,1.1660080867487594
128519142,1352,829,927,87,0,128519142,1.1660080867487594
128529234,1248,751,902,87,0,128529234,1.1660080867487594
128542186,1213,803,923,87,0,128542186,1.1660080867487594
128554918,1384,867,942,87,0,128554918,1.1660080867487594
128567690,1320,904,945,87,0,128567690,1.1660080867487594
128579720,1173,902,940,87,0,128579720,1.1660080867487594
128593901,1234,996,949,87,0,128593901,1.1660080867487594
128604200,1240,1011,930,87,0,128604200,1.1660080867487594
128618795,1126,997,968,87,0,128618795,1.1660080867487594
128633431,1261,1105,961,87,0,128633431,1.1660080867487594
128644908,1189,979,943,87,0,128644908,1.1660080867487594
128655440,1177,644,901,87,0,128655440,1.1660080867487594
128668964,1209,846,937,87,0,128668964,1.1660080867487594
128679589,1342,733,833,87,0,128679589,1.1660080867487594
128692477,1241,745,894,87,0,128692477,1.1660080867487594
128705813,1371,852,899,87,0,128705813,1.1660080867487594
128715751,1416,734,787,87,0,128715751,1.1660080867487594
128728923,1383,834,856,87,0,128728923,1.1660080867487594
128743881,1400,806,838,87,0,128743881,1.1660080867487594
128754998,1344,753,906,87,0,128754998,1.1660080867487594
128767688,1296,737,898,87,0,128767688,1.1660080867487594
128779611,1283,752,899,87,0,128779611,1.1660080867487594
128795722,1301,807,907,87,0,128795722,1.1660080867487594
128807417,1317,758,888,87,0,128807417,1.1660080867487594
128820190,1418,788,930,87,0,128820190,1.1660080867487594
128833243,1346,828,938,87,0,128833243,1.1660080867487594
128847546,1418,842,929,87,0,128847546,1.1660080867487594
128860417,1440,872,932,87,0,128860417,1.1660080867487594
128875780,1416,884,949,87,0,128875780,1.1660080867487594
128889528,1406,846,924,87,0,128889528,1.1660080867487594
128901868,1332,821,941,87,0,128901868,1.1660080867487594
128918025,1288,745,906,87,0,128918025,1.1660080867487594
128933141,1306,738,912,87,0,128933141,1.1660080867487594
128944107,1339,742,921,87,0,128944107,1.1660080867487594
128958819,1274,780,914,87,0,128958819,1.1660080867487594
128971019,1373,785,890,87,0,128971019,1.1660080867487594
128981986,1366,750,842,87,0,128981986,1.1660080867487594
128996378,1397,770,878,87,0,128996378,1.1660080867487594
129006581,1425,810,905,87,0,129006581,1.1660080867487594
129020502,1446,825,931,87,0,129020502,1.1660080867487594
129031218,1417,802,914,87,0,129031218,1.1660080867487594
129043199,1478,849,923,87,0,129043199,1.1660080867487594
129057550,1395,840,917,87,0,129057550,1.1660080867487594
129072289,1370,878,880,87,0,129072289,1.1660080867487594
129082251,1329,838,908,87,0,129082251,1.1660080867487594
129095200,1249,838,929,87,0,129095200,1.1660080867487594
129108672,1244,762,916,87,0,129108672,1.1660080867487594
129120720,1323,810,923,87,0,129120720,1.1660080867487594
129131671,1326,742,908,87,0,129131671,1.1660080867487594
129144413,1365,748,861,87,0,129144413,1.1660080867487594
129158860,1336,763,830,87,0,129158860,1.1660080867487594
129173384,1375,772,915,87,0,129173384,1.1660080867487594
129184965,1411,786,927,87,0,129184965,1.1660080867487594
129201284,1389,704,920,87,0,129201284,1.1660080867487594
129213913,1338,798,923,87,0,129213913,1.1660080867487594
129226616,1393,774,889,87,0,129226616,1.1660080867487594
129240000,1404,792,894,87,0,129240000,1.1660080867487594
129251633,1438,825,864,87,0,129251633,1.1660080867487594
129262389,1471,849,923,87,0,129262389,1.1660080867487594
129276946,1441,825,934,87,0,129276946,1.1660080867487594
129288197,1442,814,932,87,0,129288197,1.1660080867487594
129305083,1462,865,912,87,0,129305083,1.1660080867487594
129316193,1432,887,889,87,0,129316193,1.1660080867487594
129327366,1375,866,891,87,0,129327366,1.1660080867487594
129342166,1416,776,921,87,0,129342166,1.1660080867487594
129353185,1371,766,922,87,0,129353185,1.1660080867487594
129382578,1334,825,918,88,0,129382578,1.1479507443484653
129398305,1349,806,931,88,0,129398305,1.1479507443484653
129409975,1446,855,932,88,0,129409975,1.1479507443484653
129422329,1368,840,926,88,0,129422329,1.1479507443484653
129433544,1312,821,933,88,0,129433544,1.1479507443484653
129445124,1368,814,933,88,0,129445124,1.1479507443484653
129456832,1400,820,877,88,0,129456832,1.1479507443484653
129468230,1391,825,932,88,0,129468230,1.1479507443484653
129481324,1442,820,939,88,0,129481324,1.1479507443484653
129501052,1335,810,926,88,0,129501052,1.1479507443484653
129515157,1286,817,924,88,0,129515157,1.1479507443484653
129526564,1306,764,868,88,0,129526564,1.1479507443484653
129538270,1285,721,920,88,0,129538270,1.1479507443484653
129550531,1345,777,923,88,0,129550531,1.1479507443484653
129563909,1388,738,887,88,0,129563909,1.1479507443484653
129577250,1372,797,873,88,0,129577250,1.1479507443484653
129588192,1369,826,922,88,0,129588192,1.1479507443484653
129601549,1406,832,940,88,0,129601549,1.1479507443484653
129612489,1340,844,912,88,0,129612489,1.1479507443484653
129625388,1388,844,865,88,0,129625388,1.1479507443484653
129637306,1436,786,920,88,0,129637306,1.1479507443484653
129650306,1361,809,931,88,0,129650306,1.1479507443484653
129662403,1358,851,920,88,0,129662403,1.1479507443484653
129677595,1394,811,874,88,0,129677595,1.1479507443484653
129689229,1449,845,944,88,0,129689229,1.1479507443484653
129699273,1446,314,884,88,0,129699273,1.1479507443484653
129712124,1432,781,928,88,0,129712124,1.1479507443484653
129724215,1316,854,925,88,0,129724215,1.1479507443484653
129735183,1366,865,912,88,0,129735183,1.1479507443484653
129751395,1362,906,933,88,0,129751395,1.1479507443484653
129760690,1393,923,937,88,0,129760690,1.1479507443484653
129774692,1378,898,929,88,0,129774692,1.1479507443484653
129790033,1315,810,925,88,0,129790033,1.1479507443484653
129800444,1340,826,933,88,0,129800444,1.1479507443484653
129812936,1365,843,928,88,0,129812936,1.1479507443484653
129826877,1406,836,939,88,0,129826877,1.1479507443484653
129839677,1447,905,935,88,0,129839677,1.1479507443484653
129851197,1449,884,938,88,0,129851197,1.1479507443484653
129865019,1440,895,863,88,0,129865019,1.1479507443484653
129876341,1413,906,941,88,0,129876341,1.1479507443484653
129888366,1383,877,926,88,0,129888366,1.1479507443484653
129902318,1411,829,929,88,0,129902318,1.1479507443484653
129915813,1452,860,928,88,0,129915813,1.1479507443484653
129929295,1455,870,930,88,0,129929295,1.1479507443484653
129942481,1477,872,949,88,0,129942481,1.1479507443484653
129956232,1523,902,928,88,0,129956232,1.1479507443484653
129970847,1461,928,906,88,0,129970847,1.1479507443484653
129983451,1490,931,954,88,0,129983451,1.1479507443484653
129993691,1469,920,938,88,0,129993691,1.1479507443484653
130005269,1421,864,926,88,0,130005269,1.1479507443484653
130017933,1440,864,944,88,0,130017933,1.1479507443484653
130031161,1455,899,864,88,0,130031161,1.1479507443484653
130042914,1402,909,939,88,0,130042914,1.1479507443484653
130054489,1436,925,937,88,0,130054489,1.1479507443484653
130068702,1374,889,924,88,0,130068702,1.1479507443484653
130078289,1338,821,937,88,0,130078289,1.1479507443484653
130091587,1284,769,918,88,0,130091587,1.1479507443484653
130106104,1328,781,917,88,0,130106104,1.1479507443484653
130119830,1356,808,928,88,0,130119830,1.1479507443484653
130131308,1392,804,928,88,0,130131308,1.1479507443484653
130149033,1396,812,920,88,0,130149033,1.1479507443484653
130162235,1416,816,936,88,0,130162235,1.1479507443484653
130173761,1387,865,926,88,0,130173761,1.1479507443484653
130184620,1363,857,932,88,0,130184620,1.1479507443484653
130196632,1348,850,914,88,0,130196632,1.1479507443484653
130207415,1379,777,904,88,0,130207415,1.1479507443484653
130223061,1368,773,869,88,0,130223061,1.1479507443484653
130238253,1372,809,925,88,0,130238253,1.1479507443484653
130251006,1438,819,914,88,0,130251006,1.1479507443484653
130262942,1427,849,934,88,0,130262942,1.1479507443484653
130276063,1455,832,929,88,0,130276063,1.1479507443484653
130289968,1422,865,935,88,0,130289968,1.1479507443484653
130302941,1428,833,931,88,0,130302941,1.1479507443484653
130312892,1418,837,921,88,0,130312892,1.1479507443484653
130325186,1417,817,924,88,0,130325186,1.1479507443484653
130341042,1414,873,952,88,0,130341042,1.1479507443484653
130350068,1405,882,944,88,0,130350068,1.1479507443484653
130365191,1457,915,905,88,0,130365191,1.1479507443484653
130375648,1440,894,933,88,0,130375648,1.1479507443484653
130387992,1460,915,943,88,0,130387992,1.1479507443484653
130400805,1507,900,944,88,0,130400805,1.1479507443484653
130413832,1502,920,897,88,0,130413832,1.1479507443484653
130422684,1520,898,949,88,0,130422684,1.1479507443484653
130441264,1484,889,952,88,0,130441264,1.1479507443484653
130454248,1475,925,948,88,0,130454248,1.1479507443484653
130465482,1521,954,957,88,0,130465482,1.1479507443484653
130478110,1473,926,940,88,0,130478110,1.1479507443484653
130490703,1466,929,942,88,0,130490703,1.1479507443484653
130504090,1438,876,941,88,0,130504090,1.1479507443484653
130514800,1444,875,939,88,0,130514800,1.1479507443484653
130525148,1409,859,944,88,0,130525148,1.1479507443484653
130537316,1405,948,964,88,0,130537316,1.1479507443484653
130550852,1381,920,920,88,0,130550852,1.1479507443484653
130561911,1410,897,946,88,0,130561911,1.1479507443484653
130572926,1352,791,934,88,0,130572926,1.1479507443484653
130584420,1330,816,928,88,0,130584420,1.1479507443484653
130594205,1376,816,888,88,0,130594205,1.1479507443484653
130605524,1408,837,920,88,0,130605524,1.1479507443484653
130615708,1364,858,938,88,0,130615708,1.1479507443484653
130629458,1422,806,928,88,0,130629458,1.1479507443484653
130642385,1353,774,915,88,0,130642385,1.1479507443484653
130653974,1260,802,925,88,0,130653974,1.1479507443484653
130664874,1310,789,906,88,0,130664874,1.1479507443484653
130677497,1389,864,930,88,0,130677497,1.1479507443484653
130689732,1387,820,931,88,0,130689732,1.1479507443484653
130720289,1436,864,934,89,0,130720289,1.1349016724866752
130739441,1369,846,931,89,0,130739441,1.1349016724866752
130748430,1411,838,936,89,0,130748430,1.1349016724866752
130760792,1418,904,920,89,0,130760792,1.1349016724866752
130773079,1396,912,942,89,0,130773079,1.1349016724866752
130785467,1425,857,945,89,0,130785467,1.1349016724866752
130798364,1401,890,924,89,0,130798364,1.1349016724866752
130812196,1369,862,897,89,0,130812196,1.1349016724866752
130822943,1366,867,938,89,0,130822943,1.1349016724866752
130834136,1385,117,942,89,0,130834136,1.1349016724866752
130847436,1418,865,934,89,0,130847436,1.1349016724866752
130859653,1406,888,923,89,0,130859653,1.1349016724866752
130876021,1369,891,886,89,0,130876021,1.1349016724866752
130890019,1448,872,942,89,0,130890019,1.1349016724866752
130906670,1426,875,922,89,0,130906670,1.1349016724866752
130918747,1387,907,947,89,0,130918747,1.1349016724866752
130931709,1369,832,940,89,0,130931709,1.1349016724866752
130942331,1384,816,939,89,0,130942331,1.1349016724866752
130954949,1348,872,941,89,0,130954949,1.1349016724866752
130967034,1411,842,906,89,0,130967034,1.1349016724866752
130981774,1408,888,928,89,0,130981774,1.1349016724866752
130991558,1417,852,933,89,0,130991558,1.1349016724866752
131003699,1388,862,933,89,0,131003699,1.1349016724866752
131016354,1343,818,920,89,0,131016354,1.1349016724866752
131029158,1402,851,928,89,0,131029158,1.1349016724866752
131040895,1352,872,930,89,0,131040895,1.1349016724866752
131051995,1410,906,941,89,0,131051995,1.1349016724866752
131063582,1354,837,864,89,0,131063582,1.1349016724866752
131076045,1302,828,913,89,0,131076045,1.1349016724866752
131087402,1317,828,899,89,0,131087402,1.1349016724866752
131099802,1387,852,896,89,0,131099802,1.1349016724866752
131111572,1368,866,936,89,0,131111572,1.1349016724866752
131123306,1421,881,940,89,0,131123306,1.1349016724866752
131146757,1295,834,946,89,0,131146757,1.1349016724866752
131158143,1312,821,937,89,0,131158143,1.1349016724866752
131169419,1401,838,925,89,0,131169419,1.1349016724866752
131181664,1386,834,943,89,0,131181664,1.1349016724866752
131195276,1353,905,940,89,0,131195276,1.1349016724866752
131211819,1337,821,937,89,0,131211819,1.1349016724866752
131224920,1382,818,930,89,0,131224920,1.1349016724866752
131238300,1360,852,936,89,0,131238300,1.1349016724866752
131250755,1377,816,929,89,0,131250755,1.1349016724866752
131263769,1384,828,921,89,0,131263769,1.1349016724866752
131277380,1365,842,893,89,0,131277380,1.1349016724866752
131289505,1387,827,940,89,0,131289505,1.1349016724866752
131302137,1419,187,942,89,0,131302137,1.1349016724866752
131316489,1400,882,952,89,0,131316489,1.1349016724866752
131331055,1437,864,947,89,0,131331055,1.1349016724866752
131342742,1441,858,925,89,0,131342742,1.1349016724866752
131356039,1434,830,941,89,0,131356039,1.1349016724866752
131370379,1459,826,923,89,0,131370379,1.1349016724866752
131382226,1470,910,920,89,0,131382226,1.1349016724866752
131395528,1498,928,956,89,0,131395528,1.1349016724866752
131410800,1472,929,940,89,0,131410800,1.1349016724866752
131423399,1375,841,938,89,0,131423399,1.1349016724866752
131434830,1402,813,894,89,0,131434830,1.1349016724866752
131448766,1397,862,942,89,0,131448766,1.1349016724866752
131460379,1342,914,938,89,0,131460379,1.1349016724866752
131471124,1391,889,939,89,0,131471124,1.1349016724866752
131485204,1348,878,933,89,0,131485204,1.1349016724866752
131499583,1288,778,926,89,0,131499583,1.1349016724866752
131508866,1257,733,921,89,0,131508866,1.1349016724866752
131522645,1326,796,942,89,0,131522645,1.1349016724866752
131532593,1325,824,932,89,0,131532593,1.1349016724866752
131544298,1406,818,929,89,0,131544298,1.1349016724866752
131555709,1424,789,920,89,0,131555709,1.1349016724866752
131572779,1360,818,926,89,0,131572779,1.1349016724866752
131585276,1301,777,915,89,0,131585276,1.1349016724866752
131597085,1198,738,922,89,0,131597085,1.1349016724866752
131611705,1248,802,920,89,0,131611705,1.1349016724866752
131622655,1337,772,926,89,0,131622655,1.1349016724866752
131633254,1304,823,897,89,0,131633254,1.1349016724866752
131643859,1304,691,876,89,0,131643859,1.1349016724866752
131654959,1321,777,923,89,0,131654959,1.1349016724866752
131668184,1296,792,922,89,0,131668184,1.1349016724866752
131682772,1289,867,943,89,0,131682772,1.1349016724866752
131695416,1336,829,833,89,0,131695416,1.1349016724866752
131708604,1323,778,933,89,0,131708604,1.1349016724866752
131721409,1269,802,911,89,0,131721409,1.1349016724866752
131731549,1268,747,923,89,0,131731549,1.1349016724866752
131742290,1213,779,929,89,0,131742290,1.1349016724866752
131754378,1273,825,928,89,0,131754378,1.1349016724866752
131767021,1321,774,902,89,0,131767021,1.1349016724866752
131776973,1342,788,936,89,0,131776973,1.1349016724866752
131792950,1300,867,946,89,0,131792950,1.1349016724866752
131802867,1323,854,925,89,0,131802867,1.1349016724866752
131817926,1341,769,909,89,0,131817926,1.1349016724866752
131828295,1355,757,927,89,0,131828295,1.1349016724866752
131841638,1365,764,928,89,0,131841638,1.1349016724866752
131855786,1352,793,931,89,0,131855786,1.1349016724866752
131869751,1409,763,932,89,0,131869751,1.1349016724866752
131882970,1426,852,938,89,0,131882970,1.1349016724866752
131897672,1417,873,940,89,0,131897672,1.1349016724866752
131908658,1390,803,945,89,0,131908658,1.1349016724866752
131920768,1362,798,935,89,0,131920768,1.1349016724866752
131934352,1351,816,926,89,0,131934352,1.1349016724866752
131948056,1394,940,951,89,0,131948056,1.1349016724866752
131960194,1354,857,931,89,0,131960194,1.1349016724866752
131971750,1357,867,942,89,0,131971750,1.1349016724866752
131984294,1418,793,937,89,0,131984294,1.1349016724866752
132000404,1318,787,921,89,0,132000404,1.1349016724866752
132011146,1345,819,932,89,0,132011146,1.1349016724866752
132023295,1406,818,938,89,0,132023295,1.1349016724866752
132034875,1395,770,934,89,0,132034875,1.1349016724866752
132047061,1474,808,936,89,0,132047061,1.1349016724866752
132063757,1382,899,928,89,0,132063757,1.1349016724866752
132077745,1465,829,925,89,0,132077745,1.1349016724866752
132089667,1424,859,954,89,0,132089667,1.1349016724866752
132104407,1445,857,937,89,0,132104407,1.1349016724866752
132120383,1444,875,934,89,0,132120383,1.1349016724866752
132131013,1419,804,929,89,0,132131013,1.1349016724866752
132141504,1432,810,921,89,0,132141504,1.1349016724866752
132155221,1388,858,932,89,0,132155221,1.1349016724866752
132167771,1414,870,932,89,0,132167771,1.1349016724866752
132178477,1361,858,934,89,0,132178477,1.1349016724866752
132189835,1368,893,940,89,0,132189835,1.1349016724866752
132203020,1430,788,933,89,0,132203020,1.1349016724866752
132217717,1337,787,929,89,0,132217717,1.1349016724866752
132231191,1409,792,935,89,0,132231191,1.1349016724866752
132242891,1417,810,947,89,0,132242891,1.1349016724866752
132253948,1439,863,945,89,0,132253948,1.1349016724866752
132264005,1462,894,940,89,0,132264005,1.1349016724866752
132276510,1432,861,920,89,0,132276510,1.1349016724866752
132289501,1360,780,924,89,0,132289501,1.1349016724866752
132303937,1316,844,938,89,0,132303937,1.1349016724866752
132315102,1417,855,945,89,0,132315102,1.1349016724866752
132326380,1364,786,942,89,0,132326380,1.1349016724866752
132337525,1434,844,926,89,0,132337525,1.1349016724866752
132348219,1382,865,940,89,0,132348219,1.1349016724866752
132359775,1391,857,945,89,0,132359775,1.1349016724866752
132370583,1400,839,933,89,0,132370583,1.1349016724866752
132383781,1398,849,934,89,0,132383781,1.1349016724866752
132398252,1402,892,941,89,0,132398252,1.1349016724866752
132411808,1446,883,942,89,0,132411808,1.1349016724866752
132423651,1449,841,932,89,0,132423651,1.1349016724866752
132434621,1414,817,941,89,0,132434621,1.1349016724866752
132447972,1469,832,934,89,0,132447972,1.1349016724866752
132463474,1531,899,942,89,0,132463474,1.1349016724866752
132476119,1495,898,940,89,0,132476119,1.1349016724866752
132484760,1512,898,947,89,0,132484760,1.1349016724866752
132496904,1473,880,946,89,0,132496904,1.1349016724866752
132508756,1448,858,939,89,0,132508756,1.1349016724866752
132520359,1493,874,941,89,0,132520359,1.1349016724866752
132536941,1480,914,950,89,0,132536941,1.1349016724866752
132549527,1445,918,946,89,0,132549527,1.1349016724866752
132560717,1470,862,941,89,0,132560717,1.1349016724866752
132569325,1512,872,944,89,0,132569325,1.1349016724866752
132579721,1476,875,937,89,0,132579721,1.1349016724866752
132593443,1458,839,938,89,0,132593443,1.1349016724866752
132607302,1394,769,930,89,0,132607302,1.1349016724866752
132620454,1445,765,926,89,0,132620454,1.1349016724866752
132630541,1473,745,921,89,0,132630541,1.1349016724866752
132644245,1434,803,928,89,0,132644245,1.1349016724866752
132656320,1430,814,929,89,0,132656320,1.1349016724866752
132667854,1425,778,936,89,0,132667854,1.1349016724866752
132681469,1395,782,930,89,0,132681469,1.1349016724866752
132693357,1398,802,932,89,0,132693357,1.1349016724866752
132704037,1437,811,930,89,0,132704037,1.1349016724866752
132721138,1465,786,926,89,0,132721138,1.1349016724866752
132731187,1476,792,928,89,0,132731187,1.1349016724866752
132743733,1483,771,926,89,0,132743733,1.1349016724866752
132757010,1494,769,921,89,0,132757010,1.1349016724866752
132768306,1486,774,921,89,0,132768306,1.1349016724866752
132779259,1502,781,922,89,0,132779259,1.1349016724866752
132792145,1506,792,937,89,0,132792145,1.1349016724866752
132803728,1496,786,939,89,0,132803728,1.1349016724866752
132817265,1467,810,937,89,0,132817265,1.1349016724866752
132830871,1446,836,938,89,0,132830871,1.1349016724866752
132842002,1492,812,934,89,0,132842002,1.1349016724866752
132854673,1493,822,929,89,0,132854673,1.1349016724866752
132870483,1477,850,938,89,0,132870483,1.1349016724866752
132881010,1516,834,946,89,0,132881010,1.1349016724866752
132895274,1456,808,937,89,0,132895274,1.1349016724866752
132905909,1432,811,926,89,0,132905909,1.1349016724866752
132920188,1450,814,937,89,0,132920188,1.1349016724866752
132933217,1515,806,941,89,0,132933217,1.1349016724866752
132946116,1535,808,936,89,0,132946116,1.1349016724866752
132957663,1535,827,928,89,0,132957663,1.1349016724866752
132967923,1510,851,932,89,0,132967923,1.1349016724866752
132979333,1488,836,931,89,0,132979333,1.1349016724866752
132989589,1496,832,936,89,0,132989589,1.1349016724866752
133004180,1459,809,941,89,0,133004180,1.1349016724866752
133016202,1495,821,935,89,0,133016202,1.1349016724866752
133030768,1516,860,947,89,0,133030768,1.1349016724866752
133041961,1521,851,938,89,0,133041961,1.1349016724866752
133053461,1521,849,944,89,0,133053461,1.1349016724866752
133066273,1509,801,946,89,0,133066273,1.1349016724866752
133082292,1476,820,940,89,0,133082292,1.1349016724866752
133096640,1517,842,932,89,0,133096640,1.1349016724866752
133109303,1522,830,934,89,0,133109303,1.1349016724866752
133122849,1517,862,940,89,0,133122849,1.1349016724866752
133134926,1513,859,944,89,0,133134926,1.1349016724866752
133146886,1503,852,935,89,0,133146886,1.1349016724866752
133159432,1534,857,944,89,0,133159432,1.1349016724866752
133171251,1513,841,933,89,0,133171251,1.1349016724866752
133184002,1530,874,943,89,0,133184002,1.1349016724866752
133198880,1535,862,941,89,0,133198880,1.1349016724866752
133210827,1499,866,944,89,0,133210827,1.1349016724866752
133222224,1485,875,947,89,0,133222224,1.1349016724866752
133235451,1494,864,941,89,0,133235451,1.1349016724866752
133245924,1509,848,943,89,0,133245924,1.1349016724866752
133257903,1535,858,940,89,0,133257903,1.1349016724866752
133267909,1560,853,938,89,0,133267909,1.1349016724866752
133279681,1591,853,942,89,0,133279681,1.1349016724866752
133291152,1550,853,943,89,0,133291152,1.1349016724866752
133304784,1529,859,933,89,0,133304784,1.1349016724866752
133316762,1529,816,945,89,0,133316762,1.1349016724866752
133328371,1510,840,941,89,0,133328371,1.1349016724866752
133340370,1535,830,933,89,0,133340370,1.1349016724866752
133351954,1551,856,936,89,0,133351954,1.1349016724866752
133365262,1566,844,946,89,0,133365262,1.1349016724866752
133377222,1584,858,938,89,0,133377222,1.1349016724866752
133388466,1564,833,936,89,0,133388466,1.1349016724866752
133401434,1556,842,944,89,0,133401434,1.1349016724866752
133415665,1489,852,933,89,0,133415665,1.1349016724866752
133431573,1520,804,934,89,0,133431573,1.1349016724866752
133446796,1535,826,935,89,0,133446796,1.1349016724866752
133459999,1551,845,940,89,0,133459999,1.1349016724866752
133472357,1536,865,944,89,0,133472357,1.1349016724866752
133486302,1564,816,932,89,0,133486302,1.1349016724866752
133499539,1533,813,928,89,0,133499539,1.1349016724866752
133513582,1508,875,932,89,0,133513582,1.1349016724866752
133526332,1491,798,929,89,0,133526332,1.1349016724866752
133538702,1493,770,929,89,0,133538702,1.1349016724866752
133549942,1505,782,928,89,0,133549942,1.1349016724866752
133562489,1435,788,923,89,0,133562489,1.1349016724866752
133574771,1476,733,931,89,0,133574771,1.1349016724866752
133586254,1445,818,939,89,0,133586254,1.1349016724866752
133598653,1432,836,929,89,0,133598653,1.1349016724866752
133612172,1470,773,931,89,0,133612172,1.1349016724866752
133622811,1446,860,941,89,0,133622811,1.1349016724866752
133634886,1478,827,937,89,0,133634886,1.1349016724866752
133647419,1505,773,929,89,0,133647419,1.1349016724866752
133662743,1493,778,926,89,0,133662743,1.1349016724866752
133675448,1501,760,936,89,0,133675448,1.1349016724866752
133686661,1507,772,928,89,0,133686661,1.1349016724866752
133697993,1518,778,938,89,0,133697993,1.1349016724866752
133711674,1535,811,933,89,0,133711674,1.1349016724866752
133723674,1515,787,928,89,0,133723674,1.1349016724866752
133737455,1550,776,923,89,0,133737455,1.1349016724866752
133749941,1509,808,933,89,0,133749941,1.1349016724866752
133765058,1476,740,921,89,0,133765058,1.1349016724866752
133776823,1458,780,929,89,0,133776823,1.1349016724866752
133790185,1493,785,937,89,0,133790185,1.1349016724866752
133799831,1534,820,931,89,0,133799831,1.1349016724866752
133814059,1561,850,947,89,0,133814059,1.1349016724866752
133825665,1517,873,944,89,0,133825665,1.1349016724866752
133837337,1502,890,942,89,0,133837337,1.1349016724866752
133849317,1501,865,939,89,0,133849317,1.1349016724866752
133860903,1474,864,946,89,0,133860903,1.1349016724866752
133870908,1460,842,936,89,0,133870908,1.1349016724866752
133882171,1487,826,944,89,0,133882171,1.1349016724866752
133896066,1481,841,938,89,0,133896066,1.1349016724866752
133909210,1480,870,937,89,0,133909210,1.1349016724866752
133919748,1492,884,946,89,0,133919748,1.1349016724866752
133931253,1525,904,954,89,0,133931253,1.1349016724866752
133943707,1500,906,942,89,0,133943707,1.1349016724866752
133958372,1416,968,952,89,0,133958372,1.1349016724866752
133970465,1348,982,958,89,0,133970465,1.1349016724866752
133982130,1333,998,967,89,0,133982130,1.1349016724866752
133995564,1242,1021,960,89,0,133995564,1.1349016724866752
134007740,1236,1042,970,89,0,134007740,1.1349016724866752
134020344,1345,1001,962,89,0,134020344,1.1349016724866752
134030444,1414,993,954,89,0,134030444,1.1349016724866752
134043234,1489,949,948,89,0,134043234,1.1349016724866752
134056744,1489,951,950,89,0,134056744,1.1349016724866752
134068325,1486,904,942,89,0,134068325,1.1349016724866752
134083655,1486,908,950,89,0,134083655,1.1349016724866752
134094784,1482,952,960,89,0,134094784,1.1349016724866752
134104217,1522,939,950,89,0,134104217,1.1349016724866752
134121980,1521,917,942,89,0,134121980,1.1349016724866752
134134981,1517,891,946,89,0,134134981,1.1349016724866752
134147467,1507,922,944,89,0,134147467,1.1349016724866752
134158087,1513,933,949,89,0,134158087,1.1349016724866752
134170369,1545,931,946,89,0,134170369,1.1349016724866752
134181386,1542,913,944,89,0,134181386,1.1349016724866752
134193246,1540,905,947,89,0,134193246,1.1349016724866752
134205306,1562,863,947,89,0,134205306,1.1349016724866752
134216960,1534,894,944,89,0,134216960,1.1349016724866752
134233094,1517,941,955,89,0,134233094,1.1349016724866752
134249808,1470,981,948,89,0,134249808,1.1349016724866752
134262556,1492,970,957,89,0,134262556,1.1349016724866752
134274310,1541,938,944,89,0,134274310,1.1349016724866752
134284603,1546,890,946,89,0,134284603,1.1349016724866752
134296788,1563,885,949,89,0,134296788,1.1349016724866752
134308439,1547,886,942,89,0,134308439,1.1349016724866752
134320135,1553,847,940,89,0,134320135,1.1349016724866752
134329117,1565,849,946,89,0,134329117,1.1349016724866752
134339829,1568,883,944,89,0,134339829,1.1349016724866752
134353861,1547,902,947,89,0,134353861,1.1349016724866752
134364712,1567,869,952,89,0,134364712,1.1349016724866752
134375278,1570,922,956,89,0,134375278,1.1349016724866752
134385439,1573,904,948,89,0,134385439,1.1349016724866752
134398576,1611,899,954,89,0,134398576,1.1349016724866752
134409845,1597,906,937,89,0,134409845,1.1349016724866752
134424456,1576,932,950,89,0,134424456,1.1349016724866752
134438864,1562,940,942,89,0,134438864,1.1349016724866752
134451047,1470,964,948,89,0,134451047,1.1349016724866752
134468934,1433,985,956,89,0,134468934,1.1349016724866752
134479709,1421,994,952,89,0,134479709,1.1349016724866752
134491100,1368,1004,960,89,0,134491100,1.1349016724866752
134504329,1364,1020,964,89,0,134504329,1.1349016724866752
134517595,1371,1002,961,89,0,134517595,1.1349016724866752
134529030,1427,981,954,89,0,134529030,1.1349016724866752
134541755,1463,973,955,89,0,134541755,1.1349016724866752
134554080,1436,955,949,89,0,134554080,1.1349016724866752
134568944,1494,889,950,89,0,134568944,1.1349016724866752
134581399,1531,924,952,89,0,134581399,1.1349016724866752
134594269,1538,886,943,89,0,134594269,1.1349016724866752
134610965,1586,931,953,89,0,134610965,1.1349016724866752
134623227,1556,904,937,89,0,134623227,1.1349016724866752
134634866,1569,908,941,89,0,134634866,1.1349016724866752
134649231,1539,921,942,89,0,134649231,1.1349016724866752
134661749,1561,882,940,89,0,134661749,1.1349016724866752
134673135,1558,876,937,89,0,134673135,1.1349016724866752
134686995,1552,956,945,89,0,134686995,1.1349016724866752
134700112,1484,946,956,89,0,134700112,1.1349016724866752
134713510,1517,952,945,89,0,134713510,1.1349016724866752
134727818,1469,938,952,89,0,134727818,1.1349016724866752
134741886,1498,953,949,89,0,134741886,1.1349016724866752
134754525,1498,925,954,89,0,134754525,1.1349016724866752
134767844,1503,970,954,89,0,134767844,1.1349016724866752
134778768,1513,946,942,89,0,134778768,1.1349016724866752
134789939,1498,881,941,89,0,134789939,1.1349016724866752
134799772,1538,876,946,89,0,134799772,1.1349016724866752
134814069,1518,858,942,89,0,134814069,1.1349016724866752
134829421,1509,906,952,89,0,134829421,1.1349016724866752
134843221,1511,950,948,89,0,134843221,1.1349016724866752
134854310,1484,950,953,89,0,134854310,1.1349016724866752
134865608,1473,997,958,89,0,134865608,1.1349016724866752
134875791,1494,932,955,89,0,134875791,1.1349016724866752
134887695,1524,946,955,89,0,134887695,1.1349016724866752
134898215,1515,925,948,89,0,134898215,1.1349016724866752
134911040,1541,942,956,89,0,134911040,1.1349016724866752
134923024,1547,957,948,89,0,134923024,1.1349016724866752
134932949,1569,909,949,89,0,134932949,1.1349016724866752
134945499,1569,897,944,89,0,134945499,1.1349016724866752
134958605,1539,904,949,89,0,134958605,1.1349016724866752
134969129,1539,887,941,89,0,134969129,1.1349016724866752
134981286,1529,886,941,89,0,134981286,1.1349016724866752
134995019,1535,886,949,89,0,134995019,1.1349016724866752
135006973,1535,892,944,89,0,135006973,1.1349016724866752
135017277,1538,932,949,89,0,135017277,1.1349016724866752
135028525,1535,937,958,89,0,135028525,1.1349016724866752
135041348,1528,945,957,89,0,135041348,1.1349016724866752
135055815,1526,941,961,89,0,135055815,1.1349016724866752
135072119,1535,916,956,89,0,135072119,1.1349016724866752
135084129,1530,860,939,89,0,135084129,1.1349016724866752
135096270,1516,883,948,89,0,135096270,1.1349016724866752
135107879,1531,864,940,89,0,135107879,1.1349016724866752
135119431,1555,882,953,89,0,135119431,1.1349016724866752
135131361,1552,885,950,89,0,135131361,1.1349016724866752
135140973,1556,878,940,89,0,135140973,1.1349016724866752
135154642,1571,918,950,89,0,135154642,1.1349016724866752
135168763,1550,886,938,89,0,135168763,1.1349016724866752
135178791,1532,825,940,89,0,135178791,1.1349016724866752
135188161,1531,850,940,89,0,135188161,1.1349016724866752
135202141,1534,832,939,89,0,135202141,1.1349016724866752
135215458,1525,769,925,89,0,135215458,1.1349016724866752
135225445,1554,667,908,89,0,135225445,1.1349016724866752
135240540,1529,664,912,89,0,135240540,1.1349016724866752
135250244,1539,693,909,89,0,135250244,1.1349016724866752
135262781,1530,718,920,89,0,135262781,1.1349016724866752
135275317,1528,771,929,89,0,135275317,1.1349016724866752
135288268,1560,762,929,89,0,135288268,1.1349016724866752
135299345,1578,745,926,89,0,135299345,1.1349016724866752
135310410,1566,748,919,89,0,135310410,1.1349016724866752
135323806,1546,746,917,89,0,135323806,1.1349016724866752
135334880,1533,723,928,89,0,135334880,1.1349016724866752
135345357,1492,760,930,89,0,135345357,1.1349016724866752
135365237,1519,743,922,89,0,135365237,1.1349016724866752
135375335,1520,750,933,89,0,135375335,1.1349016724866752
135389528,1547,770,928,89,0,135389528,1.1349016724866752
135401858,1555,788,925,89,0,135401858,1.1349016724866752
135412988,1552,721,929,89,0,135412988,1.1349016724866752
135424782,1535,727,925,89,0,135424782,1.1349016724866752
135437089,1548,731,924,89,0,135437089,1.1349016724866752
135449619,1551,723,915,89,0,135449619,1.1349016724866752
135463817,1539,705,916,89,0,135463817,1.1349016724866752
135476832,1545,725,915,89,0,135476832,1.1349016724866752
135489878,1524,747,921,89,0,135489878,1.1349016724866752
135503121,1544,760,937,89,0,135503121,1.1349016724866752
135514889,1573,781,929,89,0,135514889,1.1349016724866752
135526077,1555,748,926,89,0,135526077,1.1349016724866752
135538726,1535,724,920,89,0,135538726,1.1349016724866752
135549096,1543,731,918,89,0,135549096,1.1349016724866752
135565397,1509,730,927,89,0,135565397,1.1349016724866752
135578147,1513,709,915,89,0,135578147,1.1349016724866752
135589759,1532,734,922,89,0,135589759,1.1349016724866752
135602631,1555,745,937,89,0,135602631,1.1349016724866752
135614952,1547,752,933,89,0,135614952,1.1349016724866752
135626647,1550,746,921,89,0,135626647,1.1349016724866752
135638348,1557,705,916,89,0,135638348,1.1349016724866752
135651181,1535,688,915,89,0,135651181,1.1349016724866752
135664593,1564,711,927,89,0,135664593,1.1349016724866752
135678365,1528,721,916,89,0,135678365,1.1349016724866752
135689947,1525,730,923,89,0,135689947,1.1349016724866752
135703713,1535,761,925,89,0,135703713,1.1349016724866752
135717377,1562,725,921,89,0,135717377,1.1349016724866752
135729758,1563,676,909,89,0,135729758,1.1349016724866752
135744724,1535,688,921,89,0,135744724,1.1349016724866752
135757160,1535,751,924,89,0,135757160,1.1349016724866752
135771790,1533,696,918,89,0,135771790,1.1349016724866752
135782801,1517,757,922,89,0,135782801,1.1349016724866752
135795365,1532,765,931,89,0,135795365,1.1349016724866752
135807034,1537,787,923,89,0,135807034,1.1349016724866752
135818199,1546,776,931,89,0,135818199,1.1349016724866752
135830135,1573,771,926,89,0,135830135,1.1349016724866752
135841752,1550,724,924,89,0,135841752,1.1349016724866752
135853193,1549,722,912,89,0,135853193,1.1349016724866752
135865960,1535,707,923,89,0,135865960,1.1349016724866752
135880004,1548,713,926,89,0,135880004,1.1349016724866752
135892142,1535,733,917,89,0,135892142,1.1349016724866752
135902959,1535,754,934,89,0,135902959,1.1349016724866752
135914229,1535,746,928,89,0,135914229,1.1349016724866752
135928114,1535,709,920,89,0,135928114,1.1349016724866752
135943517,1519,704,916,89,0,135943517,1.1349016724866752
135953759,1535,708,914,89,0,135953759,1.1349016724866752
135963888,1543,709,918,89,0,135963888,1.1349016724866752
135976929,1546,740,923,89,0,135976929,1.1349016724866752
135988465,1568,731,924,89,0,135988465,1.1349016724866752
136001334,1540,707,924,89,0,136001334,1.1349016724866752
136015068,1535,686,919,89,0,136015068,1.1349016724866752
136026662,1533,682,919,89,0,136026662,1.1349016724866752
136037578,1535,715,922,89,0,136037578,1.1349016724866752
136050421,1535,748,920,89,0,136050421,1.1349016724866752
136064110,1555,766,921,89,0,136064110,1.1349016724866752
136077058,1549,751,939,89,0,136077058,1.1349016724866752
136087347,1535,746,928,89,0,136087347,1.1349016724866752
136100418,1534,724,922,89,0,136100418,1.1349016724866752
136113636,1545,725,916,89,0,136113636,1.1349016724866752
136125541,1535,727,924,89,0,136125541,1.1349016724866752
136137487,1550,754,927,89,0,136137487,1.1349016724866752
136149123,1552,753,924,89,0,136149123,1.1349016724866752
136160540,1536,730,932,89,0,136160540,1.1349016724866752
136174099,1535,737,921,89,0,136174099,1.1349016724866752
136187147,1536,750,924,89,0,136187147,1.1349016724866752
136198974,1542,760,930,89,0,136198974,1.1349016724866752
136212590,1529,785,936,89,0,136212590,1.1349016724866752
136225453,1536,771,934,89,0,136225453,1.1349016724866752
136236373,1535,789,933,89,0,136236373,1.1349016724866752
136248348,1526,776,930,89,0,136248348,1.1349016724866752
136261754,1505,774,929,89,0,136261754,1.1349016724866752
136274009,1521,771,926,89,0,136274009,1.1349016724866752
136287002,1499,809,939,89,0,136287002,1.1349016724866752
136298859,1507,832,928,89,0,136298859,1.1349016724866752
136309228,1508,805,940,89,0,136309228,1.1349016724866752
136322681,1505,837,936,89,0,136322681,1.1349016724866752
136332826,1490,838,936,89,0,136332826,1.1349016724866752
136343960,1507,880,937,89,0,136343960,1.1349016724866752
136353966,1505,858,942,89,0,136353966,1.1349016724866752
136366023,1495,898,949,89,0,136366023,1.1349016724866752
136377582,1501,901,954,89,0,136377582,1.1349016724866752
136391877,1471,925,950,89,0,136391877,1.1349016724866752
136402082,1469,938,953,89,0,136402082,1.1349016724866752
136413922,1454,952,962,89,0,136413922,1.1349016724866752
136425033,1466,934,956,89,0,136425033,1.1349016724866752
136437806,1467,942,948,89,0,136437806,1.1349016724866752
136449927,1480,877,949,89,0,136449927,1.1349016724866752
136461171,1471,854,937,89,0,136461171,1.1349016724866752
136472910,1451,865,942,89,0,136472910,1.1349016724866752
136483988,1472,921,960,89,0,136483988,1.1349016724866752
136493102,1450,970,944,89,0,136493102,1.1349016724866752
136505731,1442,982,960,89,0,136505731,1.1349016724866752
136520907,1449,988,961,89,0,136520907,1.1349016724866752
136532205,1446,973,969,89,0,136532205,1.1349016724866752
136547936,1425,987,957,89,0,136547936,1.1349016724866752
136560461,1428,1030,966,89,0,136560461,1.1349016724866752
136572185,1424,1037,961,89,0,136572185,1.1349016724866752
136585047,1423,1035,966,89,0,136585047,1.1349016724866752
136598931,1424,1050,976,89,0,136598931,1.1349016724866752
136612464,1417,1040,969,89,0,136612464,1.1349016724866752
136624995,1419,1053,963,89,0,136624995,1.1349016724866752
136639151,1423,1048,978,89,0,136639151,1.1349016724866752
136650792,1409,1064,962,89,0,136650792,1.1349016724866752
136663706,1401,1109,969,89,0,136663706,1.1349016724866752
136674126,1378,1075,973,89,0,136674126,1.1349016724866752
136687442,1397,1082,968,89,0,136687442,1.1349016724866752
136699638,1413,1091,969,89,0,136699638,1.1349016724866752
136712405,1431,1065,968,89,0,136712405,1.1349016724866752
136724005,1402,1078,977,89,0,136724005,1.1349016724866752
136737796,1408,1126,969,89,0,136737796,1.1349016724866752
136752920,1385,1117,970,89,0,136752920,1.1349016724866752
136763547,1420,1106,973,89,0,136763547,1.1349016724866752
136775456,1411,1075,967,89,0,136775456,1.1349016724866752
136787542,1440,1089,969,89,0,136787542,1.1349016724866752
136799609,1419,1118,973,89,0,136799609,1.1349016724866752
136810033,1419,1107,977,89,0,136810033,1.1349016724866752
136826097,1427,1098,979,89,0,136826097,1.1349016724866752
136841944,1441,1093,972,89,0,136841944,1.1349016724866752
136854958,1425,1074,974,89,0,136854958,1.1349016724866752
136870020,1429,1042,970,89,0,136870020,1.1349016724866752
136881538,1444,1025,974,89,0,136881538,1.1349016724866752
136890643,1446,1004,965,89,0,136890643,1.1349016724866752
136903315,1453,986,962,89,0,136903315,1.1349016724866752
136916316,1422,1008,964,89,0,136916316,1.1349016724866752
136928047,1455,986,967,89,0,136928047,1.1349016724866752
136938537,1471,976,960,89,0,136938537,1.1349016724866752
136949042,1460,987,955,89,0,136949042,1.1349016724866752
136961936,1435,982,957,89,0,136961936,1.1349016724866752
136974146,1459,959,964,89,0,136974146,1.1349016724866752
136985596,1450,978,958,89,0,136985596,1.1349016724866752
136998051,1453,955,949,89,0,136998051,1.1349016724866752
137008201,1459,974,960,89,0,137008201,1.1349016724866752
137018431,1463,964,955,89,0,137018431,1.1349016724866752
137032298,1496,967,958,89,0,137032298,1.1349016724866752
137043894,1448,972,958,89,0,137043894,1.1349016724866752
137055475,1452,957,957,89,0,137055475,1.1349016724866752
137066541,1488,972,958,89,0,137066541,1.1349016724866752
137077693,1467,978,952,89,0,137077693,1.1349016724866752
137089930,1472,980,957,89,0,137089930,1.1349016724866752
137103319,1445,985,958,89,0,137103319,1.1349016724866752
137114924,1458,988,958,89,0,137114924,1.1349016724866752
137129912,1469,945,952,89,0,137129912,1.1349016724866752
137141478,1472,947,955,89,0,137141478,1.1349016724866752
137154487,1465,946,954,89,0,137154487,1.1349016724866752
137169936,1496,948,954,89,0,137169936,1.1349016724866752
137182185,1466,966,958,89,0,137182185,1.1349016724866752
137194223,1451,968,956,89,0,137194223,1.1349016724866752
137205404,1451,974,962,89,0,137205404,1.1349016724866752
137215792,1468,976,949,89,0,137215792,1.1349016724866752
137227224,1466,924,949,89,0,137227224,1.1349016724866752
137236362,1465,929,944,89,0,137236362,1.1349016724866752
137249925,1438,944,949,89,0,137249925,1.1349016724866752
137259820,1448,959,958,89,0,137259820,1.1349016724866752
137270879,1507,953,957,89,0,137270879,1.1349016724866752
137281263,1453,973,949,89,0,137281263,1.1349016724866752
137293941,1466,993,950,89,0,137293941,1.1349016724866752
137306095,1468,955,956,89,0,137306095,1.1349016724866752
137317492,1485,938,946,89,0,137317492,1.1349016724866752
137328877,1459,915,945,89,0,137328877,1.1349016724866752
137341869,1468,956,947,89,0,137341869,1.1349016724866752
137353736,1482,949,958,89,0,137353736,1.1349016724866752
137364985,1483,976,963,89,0,137364985,1.1349016724866752
137375248,1458,970,960,89,0,137375248,1.1349016724866752
137385594,1467,957,955,89,0,137385594,1.1349016724866752
137395708,1455,958,949,89,0,137395708,1.1349016724866752
137408746,1486,937,960,89,0,137408746,1.1349016724866752
137420645,1488,965,953,89,0,137420645,1.1349016724866752
137434528,1464,940,956,89,0,137434528,1.1349016724866752
137446899,1468,961,957,89,0,137446899,1.1349016724866752
137459521,1467,943,948,89,0,137459521,1.1349016724866752
137474253,1462,953,954,89,0,137474253,1.1349016724866752
137484786,1464,938,957,89,0,137484786,1.1349016724866752
137496635,1461,950,953,89,0,137496635,1.1349016724866752
137507478,1482,960,955,89,0,137507478,1.1349016724866752
137518479,1459,977,949,89,0,137518479,1.1349016724866752
137532544,1472,932,950,89,0,137532544,1.1349016724866752
137543300,1477,933,957,89,0,137543300,1.1349016724866752
137556787,1486,934,955,89,0,137556787,1.1349016724866752
137571350,1469,929,946,89,0,137571350,1.1349016724866752
137582587,1475,932,952,89,0,137582587,1.1349016724866752
137594212,1474,953,962,89,0,137594212,1.1349016724866752
137606818,1480,940,952,89,0,137606818,1.1349016724866752
137619351,1473,941,952,89,0,137619351,1.1349016724866752
137630588,1473,932,947,89,0,137630588,1.1349016724866752
137642745,1469,939,952,89,0,137642745,1.1349016724866752
137653422,1473,942,958,89,0,137653422,1.1349016724866752
137663981,1462,949,950,89,0,137663981,1.1349016724866752
137677723,1465,962,944,89,0,137677723,1.1349016724866752
137694189,1448,949,956,89,0,137694189,1.1349016724866752
137706191,1483,918,961,89,0,137706191,1.1349016724866752
137719382,1468,925,958,89,0,137719382,1.1349016724866752
137729415,1477,937,952,89,0,137729415,1.1349016724866752
137740703,1506,937,954,89,0,137740703,1.1349016724866752
137753062,1475,954,957,89,0,137753062,1.1349016724866752
137763894,1464,957,947,89,0,137763894,1.1349016724866752
137778327,1435,958,957,89,0,137778327,1.1349016724866752
137792048,1451,942,960,89,0,137792048,1.1349016724866752
137807517,1458,939,955,89,0,137807517,1.1349016724866752
137819807,1444,947,945,89,0,137819807,1.1349016724866752
137832309,1458,936,954,89,0,137832309,1.1349016724866752
137848253,1462,939,949,89,0,137848253,1.1349016724866752
137860147,1481,945,952,89,0,137860147,1.1349016724866752
137873759,1465,944,960,89,0,137873759,1.1349016724866752
137884977,1458,963,955,89,0,137884977,1.1349016724866752
137903124,1476,931,952,89,0,137903124,1.1349016724866752
137916082,1493,936,950,89,0,137916082,1.1349016724866752
137927708,1467,941,955,89,0,137927708,1.1349016724866752
137940775,1460,945,949,89,0,137940775,1.1349016724866752
137952381,1464,944,954,89,0,137952381,1.1349016724866752
137964627,1473,929,954,89,0,137964627,1.1349016724866752
137974895,1465,938,954,89,0,137974895,1.1349016724866752
137984806,1474,936,945,89,0,137984806,1.1349016724866752
137999569,1467,937,948,89,0,137999569,1.1349016724866752
138012922,1473,918,952,89,0,138012922,1.1349016724866752
138026534,1502,932,954,89,0,138026534,1.1349016724866752
138041555,1476,948,954,89,0,138041555,1.1349016724866752
138051449,1435,937,957,89,0,138051449,1.1349016724866752
138063294,1460,936,957,89,0,138063294,1.1349016724866752
138073763,1453,942,944,89,0,138073763,1.1349016724866752
138089137,1462,931,948,89,0,138089137,1.1349016724866752
138104245,1459,939,949,89,0,138104245,1.1349016724866752
138116224,1453,936,950,89,0,138116224,1.1349016724866752
138127222,1468,942,948,89,0,138127222,1.1349016724866752
138138810,1453,928,952,89,0,138138810,1.1349016724866752
138149552,1483,925,952,89,0,138149552,1.1349016724866752
138161092,1456,909,941,89,0,138161092,1.1349016724866752
138173618,1429,890,946,89,0,138173618,1.1349016724866752
138187873,1467,889,941,89,0,138187873,1.1349016724866752
138197978,1449,861,937,89,0,138197978,1.1349016724866752
138212212,1448,866,945,89,0,138212212,1.1349016724866752
138223874,1443,890,947,89,0,138223874,1.1349016724866752
138235376,1442,923,955,89,0,138235376,1.1349016724866752
138247866,1427,917,958,89,0,138247866,1.1349016724866752
138258538,1398,974,954,89,0,138258538,1.1349016724866752
138273460,1431,966,951,89,0,138273460,1.1349016724866752
138285197,1414,977,960,89,0,138285197,1.1349016724866752
138295934,1419,983,959,89,0,138295934,1.1349016724866752
138308435,1405,1004,955,89,0,138308435,1.1349016724866752
138323014,1400,1018,970,89,0,138323014,1.1349016724866752
138334054,1399,1038,958,89,0,138334054,1.1349016724866752
138345452,1409,1018,964,89,0,138345452,1.1349016724866752
138356516,1436,1025,965,89,0,138356516,1.1349016724866752
138367235,1396,1038,965,89,0,138367235,1.1349016724866752
138380068,1398,1034,962,89,0,138380068,1.1349016724866752
138391972,1413,1036,965,89,0,138391972,1.1349016724866752
138401793,1405,1038,970,89,0,138401793,1.1349016724866752
138414200,1382,1053,962,89,0,138414200,1.1349016724866752
138426434,1374,1041,955,89,0,138426434,1.1349016724866752
138437682,1396,1061,964,89,0,138437682,1.1349016724866752
138450970,1391,1043,974,89,0,138450970,1.1349016724866752
138462025,1408,1054,961,89,0,138462025,1.1349016724866752
138475984,1413,1044,966,89,0,138475984,1.1349016724866752
138485135,1434,1019,968,89,0,138485135,1.1349016724866752
138495699,1428,1061,960,89,0,138495699,1.1349016724866752
138507626,1435,1049,973,89,0,138507626,1.1349016724866752
138519747,1422,1055,972,89,0,138519747,1.1349016724866752
138532645,1407,1032,960,89,0,138532645,1.1349016724866752
138545611,1429,1050,970,89,0,138545611,1.1349016724866752
138562495,1402,1047,966,89,0,138562495,1.1349016724866752
138574935,1430,1042,961,89,0,138574935,1.1349016724866752
138588439,1388,1044,962,89,0,138588439,1.1349016724866752
138599203,1397,1045,969,89,0,138599203,1.1349016724866752
138610395,1391,1051,965,89,0,138610395,1.1349016724866752
138625784,1400,1046,972,89,0,138625784,1.1349016724866752
138637294,1414,1022,970,89,0,138637294,1.1349016724866752
138648922,1423,1024,961,89,0,138648922,1.1349016724866752
138660015,1433,1028,969,89,0,138660015,1.1349016724866752
138672021,1441,1090,970,89,0,138672021,1.1349016724866752
138684692,1432,1048,961,89,0,138684692,1.1349016724866752
138696867,1433,1030,964,89,0,138696867,1.1349016724866752
138709593,1428,1020,968,89,0,138709593,1.1349016724866752
138722382,1430,1028,974,89,0,138722382,1.1349016724866752
138732182,1420,1032,964,89,0,138732182,1.1349016724866752
138745631,1438,1022,960,89,0,138745631,1.1349016724866752
138757475,1427,1028,964,89,0,138757475,1.1349016724866752
138768689,1428,1022,961,89,0,138768689,1.1349016724866752
138779778,1455,1020,960,89,0,138779778,1.1349016724866752
138792343,1429,1042,968,89,0,138792343,1.1349016724866752
138806830,1436,1025,961,89,0,138806830,1.1349016724866752
138822913,1452,1032,958,89,0,138822913,1.1349016724866752
138833845,1421,1023,966,89,0,138833845,1.1349016724866752
138847244,1419,1051,963,89,0,138847244,1.1349016724866752
138860629,1420,1043,965,89,0,138860629,1.1349016724866752
138872240,1400,1041,963,89,0,138872240,1.1349016724866752
138884673,1432,1038,959,89,0,138884673,1.1349016724866752
138894044,1446,1043,958,89,0,138894044,1.1349016724866752
138907846,1445,1035,963,89,0,138907846,1.1349016724866752
138921271,1442,1031,961,89,0,138921271,1.1349016724866752
138935951,1433,1020,965,89,0,138935951,1.1349016724866752
138951833,1417,1042,974,89,0,138951833,1.1349016724866752
138964659,1438,1027,961,89,0,138964659,1.1349016724866752
138975999,1428,1030,966,89,0,138975999,1.1349016724866752
138988949,1459,1029,968,89,0,138988949,1.1349016724866752
139001089,1452,1034,969,89,0,139001089,1.1349016724866752
139012430,1461,1028,968,89,0,139012430,1.1349016724866752
139022993,1454,1039,966,89,0,139022993,1.1349016724866752
139033052,1458,1028,960,89,0,139033052,1.1349016724866752
139047687,1450,1057,962,89,0,139047687,1.1349016724866752
139057838,1450,1050,964,89,0,139057838,1.1349016724866752
139068912,1457,1035,963,89,0,139068912,1.1349016724866752
139081757,1446,1017,972,89,0,139081757,1.1349016724866752
139092982,1473,1029,963,89,0,139092982,1.1349016724866752
139104673,1454,1024,968,89,0,139104673,1.1349016724866752
139121388,1409,1048,967,89,0,139121388,1.1349016724866752
139132674,1443,1024,969,89,0,139132674,1.1349016724866752
139144746,1428,1030,970,89,0,139144746,1.1349016724866752
139157775,1427,1045,972,89,0,139157775,1.1349016724866752
139170934,1408,1027,970,89,0,139170934,1.1349016724866752
139183264,1425,1043,976,89,0,139183264,1.1349016724866752
139194314,1417,1025,968,89,0,139194314,1.1349016724866752
139206215,1420,1016,958,89,0,139206215,1.1349016724866752
139221967,1416,1074,958,89,0,139221967,1.1349016724866752
139234660,1418,1028,961,89,0,139234660,1.1349016724866752
139247931,1394,1014,962,89,0,139247931,1.1349016724866752
139256457,1411,1010,969,89,0,139256457,1.1349016724866752
139272589,1406,1040,974,89,0,139272589,1.1349016724866752
139283053,1429,1030,967,89,0,139283053,1.1349016724866752
139296042,1426,1027,956,89,0,139296042,1.1349016724866752
139306868,1410,1024,956,89,0,139306868,1.1349016724866752
139317326,1451,1056,966,89,0,139317326,1.1349016724866752
139328646,1420,1022,964,89,0,139328646,1.1349016724866752
139342253,1410,1041,971,89,0,139342253,1.1349016724866752
139353555,1397,1042,968,89,0,139353555,1.1349016724866752
139366644,1417,1053,961,89,0,139366644,1.1349016724866752
139380167,1417,1018,961,89,0,139380167,1.1349016724866752
139396103,1429,1054,969,89,0,139396103,1.1349016724866752
139415678,1424,1023,960,89,0,139415678,1.1349016724866752
139428941,1432,1037,966,89,0,139428941,1.1349016724866752
139440940,1442,1029,969,89,0,139440940,1.1349016724866752
139453239,1450,1022,963,89,0,139453239,1.1349016724866752
139465429,1427,1040,973,89,0,139465429,1.1349016724866752
139477136,1416,1029,964,89,0,139477136,1.1349016724866752
139488619,1435,1025,970,89,0,139488619,1.1349016724866752
139501262,1410,1045,962,89,0,139501262,1.1349016724866752
139515543,1430,1049,961,89,0,139515543,1.1349016724866752
139527130,1453,1024,964,89,0,139527130,1.1349016724866752
139538592,1401,1034,972,89,0,139538592,1.1349016724866752
139551790,1450,1028,966,89,0,139551790,1.1349016724866752
139563585,1453,1027,960,89,0,139563585,1.1349016724866752
139577225,1424,1019,960,89,0,139577225,1.1349016724866752
139592254,1432,1024,960,89,0,139592254,1.1349016724866752
139603163,1438,1017,962,89,0,139603163,1.1349016724866752
139614808,1419,1022,965,89,0,139614808,1.1349016724866752
139627332,1432,1034,967,89,0,139627332,1.1349016724866752
139641355,1456,1022,962,89,0,139641355,1.1349016724866752
139653252,1423,1009,972,89,0,139653252,1.1349016724866752
139665175,1431,1022,966,89,0,139665175,1.1349016724866752
139679498,1435,1022,959,89,0,139679498,1.1349016724866752
139690272,1440,1022,966,89,0,139690272,1.1349016724866752
139702662,1440,1018,965,89,0,139702662,1.1349016724866752
139715218,1445,1022,961,89,0,139715218,1.1349016724866752
139726581,1427,1045,962,89,0,139726581,1.1349016724866752
139737412,1450,1043,967,89,0,139737412,1.1349016724866752
139754994,1436,1029,965,89,0,139754994,1.1349016724866752
139769838,1440,1018,968,89,0,139769838,1.1349016724866752
139783255,1435,1039,963,89,0,139783255,1.1349016724866752
139796034,1457,1020,958,89,0,139796034,1.1349016724866752
139808539,1443,1034,974,89,0,139808539,1.1349016724866752
139821911,1433,1029,969,89,0,139821911,1.1349016724866752
139835957,1457,1032,971,89,0,139835957,1.1349016724866752
139851961,1433,1034,973,89,0,139851961,1.1349016724866752
139862614,1446,1010,965,89,0,139862614,1.1349016724866752
139873533,1426,1027,958,89,0,139873533,1.1349016724866752
139885568,1404,1035,955,89,0,139885568,1.1349016724866752
139900123,1414,1044,965,89,0,139900123,1.1349016724866752
139912309,1442,1030,961,89,0,139912309,1.1349016724866752
139924630,1448,1040,975,89,0,139924630,1.1349016724866752
139936383,1451,1043,965,89,0,139936383,1.1349016724866752
139949253,1414,1043,965,89,0,139949253,1.1349016724866752
139961153,1416,1037,958,89,0,139961153,1.1349016724866752
139971530,1419,1026,970,89,0,139971530,1.1349016724866752
139984700,1427,1017,968,89,0,139984700,1.1349016724866752
140000456,1435,1029,963,89,0,140000456,1.1349016724866752
140012736,1435,1042,964,89,0,140012736,1.1349016724866752
140022839,1420,1037,964,89,0,140022839,1.1349016724866752
140038165,1425,1021,968,89,0,140038165,1.1349016724866752
140049651,1433,1038,960,89,0,140049651,1.1349016724866752
140062395,1435,1022,973,89,0,140062395,1.1349016724866752
140073410,1462,1033,958,89,0,140073410,1.1349016724866752
140085431,1428,1026,964,89,0,140085431,1.1349016724866752
140099640,1440,1040,966,89,0,140099640,1.1349016724866752
140112227,1430,1037,959,89,0,140112227,1.1349016724866752
140126772,1427,1040,964,89,0,140126772,1.1349016724866752
140136599,1438,994,962,89,0,140136599,1.1349016724866752
140147421,1427,1036,968,89,0,140147421,1.1349016724866752
140161145,1442,1028,963,89,0,140161145,1.1349016724866752
140170667,1444,1042,965,89,0,140170667,1.1349016724866752
140182585,1443,1033,962,89,0,140182585,1.1349016724866752
140197490,1441,1057,972,89,0,140197490,1.1349016724866752
140210069,1432,1044,966,89,0,140210069,1.1349016724866752
140222822,1435,1013,958,89,0,140222822,1.1349016724866752
140234316,1425,1025,961,89,0,140234316,1.1349016724866752
140246091,1422,1016,970,89,0,140246091,1.1349016724866752
140257321,1420,1006,959,89,0,140257321,1.1349016724866752
140269942,1416,1006,964,89,0,140269942,1.1349016724866752
140280064,1414,1029,957,89,0,140280064,1.1349016724866752
140296020,1406,1024,965,89,0,140296020,1.1349016724866752
140307946,1419,1049,959,89,0,140307946,1.1349016724866752
140323463,1419,1024,965,89,0,140323463,1.1349016724866752
140333570,1400,1038,966,89,0,140333570,1.1349016724866752
140345700,1413,1035,963,89,0,140345700,1.1349016724866752
140356444,1404,1037,958,89,0,140356444,1.1349016724866752
140368114,1395,1022,965,89,0,140368114,1.1349016724866752
140379776,1394,1040,974,89,0,140379776,1.1349016724866752
140392140,1389,1021,978,89,0,140392140,1.1349016724866752
140405620,1395,1045,967,89,0,140405620,1.1349016724866752
140416744,1397,1045,970,89,0,140416744,1.1349016724866752
140426858,1403,1036,970,89,0,140426858,1.1349016724866752
140441345,1401,1032,965,89,0,140441345,1.1349016724866752
140456870,1415,1025,958,89,0,140456870,1.1349016724866752
140470586,1421,1022,965,89,0,140470586,1.1349016724866752
140482624,1404,1020,968,89,0,140482624,1.1349016724866752
140494856,1422,1036,972,89,0,140494856,1.1349016724866752
140508855,1406,1044,957,89,0,140508855,1.1349016724866752
140520151,1416,1035,962,89,0,140520151,1.1349016724866752
140533996,1429,1026,966,89,0,140533996,1.1349016724866752
140547224,1402,1066,968,89,0,140547224,1.1349016724866752
140563749,1386,1044,961,89,0,140563749,1.1349016724866752
140577205,1418,1037,966,89,0,140577205,1.1349016724866752
140591363,1421,1046,968,89,0,140591363,1.1349016724866752
140606357,1404,991,969,89,0,140606357,1.1349016724866752
140617188,1421,1029,977,89,0,140617188,1.1349016724866752
140627802,1388,1043,969,89,0,140627802,1.1349016724866752
140638261,1413,1037,962,89,0,140638261,1.1349016724866752
140651523,1436,1044,963,89,0,140651523,1.1349016724866752
140662982,1400,1030,964,89,0,140662982,1.1349016724866752
140675105,1397,1043,959,89,0,140675105,1.1349016724866752
140687438,1430,1042,973,89,0,140687438,1.1349016724866752
140700009,1416,1030,965,89,0,140700009,1.1349016724866752
140711703,1425,1038,962,89,0,140711703,1.1349016724866752
140724874,1406,1012,960,89,0,140724874,1.1349016724866752
140737494,1427,1042,968,89,0,140737494,1.1349016724866752
140750197,1414,1027,962,89,0,140750197,1.1349016724866752
140764058,1402,1028,968,89,0,140764058,1.1349016724866752
140774869,1404,1034,969,89,0,140774869,1.1349016724866752
140785762,1406,1030,960,89,0,140785762,1.1349016724866752
140798415,1396,1046,962,89,0,140798415,1.1349016724866752
140811271,1413,1033,961,89,0,140811271,1.1349016724866752
140824337,1388,1048,962,89,0,140824337,1.1349016724866752
140839105,1422,1036,964,89,0,140839105,1.1349016724866752
140851030,1418,1034,966,89,0,140851030,1.1349016724866752
140862210,1392,1049,963,89,0,140862210,1.1349016724866752
140874485,1398,1030,953,89,0,140874485,1.1349016724866752
140888257,1405,1046,961,89,0,140888257,1.1349016724866752
140900692,1411,1018,972,89,0,140900692,1.1349016724866752
140912461,1403,1035,969,89,0,140912461,1.1349016724866752
140925227,1405,1019,972,89,0,140925227,1.1349016724866752
140938941,1402,1018,965,89,0,140938941,1.1349016724866752
140949226,1401,1032,970,89,0,140949226,1.1349016724866752
140962959,1385,1024,968,89,0,140962959,1.1349016724866752
140975001,1405,1011,969,89,0,140975001,1.1349016724866752
140988281,1410,1030,965,89,0,140988281,1.1349016724866752
140999194,1411,1028,960,89,0,140999194,1.1349016724866752
141013384,1395,1049,961,89,0,141013384,1.1349016724866752
141026031,1407,1033,957,89,0,141026031,1.1349016724866752
141038154,1414,1052,962,89,0,141038154,1.1349016724866752
141054768,1404,1032,962,89,0,141054768,1.1349016724866752
141065843,1410,1028,970,89,0,141065843,1.1349016724866752
141079785,1420,1040,966,89,0,141079785,1.1349016724866752
141090654,1413,1053,969,89,0,141090654,1.1349016724866752
141101080,1385,1035,962,89,0,141101080,1.1349016724866752
141113569,1389,1020,971,89,0,141113569,1.1349016724866752
141125866,1416,1038,966,89,0,141125866,1.1349016724866752
141138441,1411,1033,970,89,0,141138441,1.1349016724866752
141156238,1381,1026,963,89,0,141156238,1.1349016724866752
141168294,1413,1004,968,89,0,141168294,1.1349016724866752
141182917,1387,1033,962,89,0,141182917,1.1349016724866752
141194021,1398,1026,970,89,0,141194021,1.1349016724866752
141206713,1424,1038,969,89,0,141206713,1.1349016724866752
141218289,1395,1030,973,89,0,141218289,1.1349016724866752
141232263,1402,1024,971,89,0,141232263,1.1349016724866752
141247888,1401,1021,972,89,0,141247888,1.1349016724866752
141259822,1401,1026,964,89,0,141259822,1.1349016724866752
141270989,1385,1028,968,89,0,141270989,1.1349016724866752
141282595,1385,1041,962,89,0,141282595,1.1349016724866752
141296236,1408,1026,968,89,0,141296236,1.1349016724866752
141310313,1373,1038,968,89,0,141310313,1.1349016724866752
141320951,1393,1053,962,89,0,141320951,1.1349016724866752
141332984,1404,1032,966,89,0,141332984,1.1349016724866752
141346811,1412,1027,961,89,0,141346811,1.1349016724866752
141359313,1406,1035,970,89,0,141359313,1.1349016724866752
141372869,1408,1026,963,89,0,141372869,1.1349016724866752
141384676,1406,1061,971,89,0,141384676,1.1349016724866752
141396663,1401,1054,964,89,0,141396663,1.1349016724866752
141410011,1387,1056,964,89,0,141410011,1.1349016724866752
141425243,1406,1028,972,89,0,141425243,1.1349016724866752
141437082,1396,1035,964,89,0,141437082,1.1349016724866752
141447812,1388,1058,970,89,0,141447812,1.1349016724866752
141460215,1401,1019,961,89,0,141460215,1.1349016724866752
141473379,1404,1029,976,89,0,141473379,1.1349016724866752
141483508,1410,1021,957,89,0,141483508,1.1349016724866752
141495326,1441,1053,970,89,0,141495326,1.1349016724866752
141508779,1386,1021,965,89,0,141508779,1.1349016724866752
141522529,1434,1034,965,89,0,141522529,1.1349016724866752
141539472,1412,1044,968,89,0,141539472,1.1349016724866752
141552746,1425,1006,962,89,0,141552746,1.1349016724866752
141566483,1418,1016,964,89,0,141566483,1.1349016724866752
141579989,1395,1036,966,89,0,141579989,1.1349016724866752
141595154,1385,1039,962,89,0,141595154,1.1349016724866752
141612692,1393,1026,973,89,0,141612692,1.1349016724866752
141627563,1422,1051,966,89,0,141627563,1.1349016724866752
141637611,1394,1032,962,89,0,141637611,1.1349016724866752
141651925,1395,1018,960,89,0,141651925,1.1349016724866752
141667267,1398,1033,967,89,0,141667267,1.1349016724866752
141681047,1398,1028,962,89,0,141681047,1.1349016724866752
141697770,1399,1057,968,89,0,141697770,1.1349016724866752
141710456,1394,1032,964,89,0,141710456,1.1349016724866752
141721516,1411,1047,964,89,0,141721516,1.1349016724866752
141733190,1413,1029,966,89,0,141733190,1.1349016724866752
141743940,1389,1017,984,89,0,141743940,1.1349016724866752
141759715,1414,1045,969,89,0,141759715,1.1349016724866752
141770109,1409,1026,969,89,0,141770109,1.1349016724866752
141783161,1420,1078,969,89,0,141783161,1.1349016724866752
141798602,1408,1035,966,89,0,141798602,1.1349016724866752
141811596,1413,1043,969,89,0,141811596,1.1349016724866752
141823007,1434,1030,971,89,0,141823007,1.1349016724866752
141836119,1420,1033,961,89,0,141836119,1.1349016724866752
141847005,1384,1022,968,89,0,141847005,1.1349016724866752
141861884,1448,1041,963,89,0,141861884,1.1349016724866752
141873665,1418,1042,978,89,0,141873665,1.1349016724866752
141892106,1426,1042,968,89,0,141892106,1.1349016724866752
141902966,1436,1018,963,89,0,141902966,1.1349016724866752
141917088,1417,1043,966,89,0,141917088,1.1349016724866752
141929531,1421,1041,959,89,0,141929531,1.1349016724866752
141941792,1427,992,965,89,0,141941792,1.1349016724866752
141953683,1431,1014,961,89,0,141953683,1.1349016724866752
141964278,1454,1036,964,89,0,141964278,1.1349016724866752
141979894,1423,1030,962,89,0,141979894,1.1349016724866752
141989615,1434,1034,968,89,0,141989615,1.1349016724866752
142004232,1448,1034,969,89,0,142004232,1.1349016724866752
142014569,1450,1033,965,89,0,142014569,1.1349016724866752
142025235,1405,1041,968,89,0,142025235,1.1349016724866752
142037585,1437,1043,970,89,0,142037585,1.1349016724866752
142048926,1429,1033,963,89,0,142048926,1.1349016724866752
142061858,1453,1041,964,89,0,142061858,1.1349016724866752
142077746,1442,1029,970,89,0,142077746,1.1349016724866752
142088724,1446,1049,962,89,0,142088724,1.1349016724866752
142100694,1436,1052,969,89,0,142100694,1.1349016724866752
142112413,1433,1022,971,89,0,142112413,1.1349016724866752
142127732,1435,1034,968,89,0,142127732,1.1349016724866752
142139483,1422,1033,960,89,0,142139483,1.1349016724866752
142151457,1419,1037,965,89,0,142151457,1.1349016724866752
142164631,1418,1038,965,89,0,142164631,1.1349016724866752
142178074,1425,1038,972,89,0,142178074,1.1349016724866752
142189615,1427,1052,971,89,0,142189615,1.1349016724866752
142202147,1423,1021,968,89,0,142202147,1.1349016724866752
142213940,1412,1037,968,89,0,142213940,1.1349016724866752
142228276,1417,1065,961,89,0,142228276,1.1349016724866752
142240040,1416,1057,968,89,0,142240040,1.1349016724866752
142254876,1410,1072,968,89,0,142254876,1.1349016724866752
142268298,1415,1083,966,89,0,142268298,1.1349016724866752
142280557,1421,1069,962,89,0,142280557,1.1349016724866752
142292407,1414,1060,971,89,0,142292407,1.1349016724866752
142306723,1405,1075,964,89,0,142306723,1.1349016724866752
142319681,1403,1067,982,89,0,142319681,1.1349016724866752
142331623,1412,1055,960,89,0,142331623,1.1349016724866752
142342136,1414,1082,968,89,0,142342136,1.1349016724866752
142353894,1440,1078,969,89,0,142353894,1.1349016724866752
142365754,1400,1072,973,89,0,142365754,1.1349016724866752
142376505,1417,1069,978,89,0,142376505,1.1349016724866752
142387398,1430,1053,974,89,0,142387398,1.1349016724866752
142400376,1421,1085,977,89,0,142400376,1.1349016724866752
142410332,1419,1050,962,89,0,142410332,1.1349016724866752
142423168,1427,1074,974,89,0,142423168,1.1349016724866752
142437743,1419,1062,970,89,0,142437743,1.1349016724866752
142451797,1433,1065,973,89,0,142451797,1.1349016724866752
142467719,1466,1083,971,89,0,142467719,1.1349016724866752
142482385,1425,1102,970,89,0,142482385,1.1349016724866752
142493010,1437,1073,987,89,0,142493010,1.1349016724866752
142504821,1427,1059,967,89,0,142504821,1.1349016724866752
142517708,1421,1054,971,89,0,142517708,1.1349016724866752
142528633,1434,1061,960,89,0,142528633,1.1349016724866752
142538927,1424,1048,966,89,0,142538927,1.1349016724866752
142551994,1432,1077,966,89,0,142551994,1.1349016724866752
142562352,1457,1037,966,89,0,142562352,1.1349016724866752
142574941,1437,1050,965,89,0,142574941,1.1349016724866752
142587672,1432,1036,969,89,0,142587672,1.1349016724866752
142598836,1441,1041,957,89,0,142598836,1.1349016724866752
142611803,1432,1044,966,89,0,142611803,1.1349016724866752
142622057,1448,1058,971,89,0,142622057,1.1349016724866752
142635474,1419,1022,965,89,0,142635474,1.1349016724866752
142647955,1418,1036,968,89,0,142647955,1.1349016724866752
142658571,1436,1044,963,89,0,142658571,1.1349016724866752
142675938,1409,1059,965,89,0,142675938,1.1349016724866752
142687893,1442,1025,967,89,0,142687893,1.1349016724866752
142704258,1438,1031,962,89,0,142704258,1.1349016724866752
142717027,1395,1043,968,89,0,142717027,1.1349016724866752
142729219,1408,1031,966,89,0,142729219,1.1349016724866752
142742292,1403,1043,962,89,0,142742292,1.1349016724866752
142755944,1423,1035,965,89,0,142755944,1.1349016724866752
142767101,1410,1036,962,89,0,142767101,1.1349016724866752
142780730,1413,1067,962,89,0,142780730,1.1349016724866752
142793563,1422,1043,957,89,0,142793563,1.1349016724866752
142809499,1412,1021,966,89,0,142809499,1.1349016724866752
142821974,1414,1064,961,89,0,142821974,1.1349016724866752
142834251,1413,1054,973,89,0,142834251,1.1349016724866752
142852246,1410,1036,964,89,0,142852246,1.1349016724866752
142865547,1418,1029,962,89,0,142865547,1.1349016724866752
142875620,1422,1050,973,89,0,142875620,1.1349016724866752
142887374,1430,1044,970,89,0,142887374,1.1349016724866752
142902587,1411,1032,968,89,0,142902587,1.1349016724866752
142917043,1409,1043,962,89,0,142917043,1.1349016724866752
142931082,1409,1045,961,89,0,142931082,1.1349016724866752
142943044,1404,1042,968,89,0,142943044,1.1349016724866752
142953724,1395,1073,964,89,0,142953724,1.1349016724866752
142966424,1420,1037,964,89,0,142966424,1.1349016724866752
142981038,1443,1042,965,89,0,142981038,1.1349016724866752
142991339,1394,1049,968,89,0,142991339,1.1349016724866752
143005396,1411,1037,969,89,0,143005396,1.1349016724866752
143021707,1412,1033,962,89,0,143021707,1.1349016724866752
143032536,1417,1030,968,89,0,143032536,1.1349016724866752
143046250,1397,1040,967,89,0,143046250,1.1349016724866752
143056425,1421,1038,969,89,0,143056425,1.1349016724866752
143071732,1397,1049,962,89,0,143071732,1.1349016724866752
143082675,1428,1038,971,89,0,143082675,1.1349016724866752
143094582,1424,1040,963,89,0,143094582,1.1349016724866752
143105613,1433,1058,973,89,0,143105613,1.1349016724866752
143117747,1450,1037,966,89,0,143117747,1.1349016724866752
143129567,1433,1013,964,89,0,143129567,1.1349016724866752
143147448,1422,1036,972,89,0,143147448,1.1349016724866752
143161542,1428,1055,965,89,0,143161542,1.1349016724866752
143174013,1432,1051,976,89,0,143174013,1.1349016724866752
143185716,1417,1060,971,89,0,143185716,1.1349016724866752
143200032,1425,1052,963,89,0,143200032,1.1349016724866752
143212923,1422,1035,963,89,0,143212923,1.1349016724866752
143225278,1428,1040,964,89,0,143225278,1.1349016724866752
143237589,1410,1036,969,89,0,143237589,1.1349016724866752
143249747,1422,1028,969,89,0,143249747,1.1349016724866752
143261780,1420,1041,961,89,0,143261780,1.1349016724866752
143273731,1414,1055,968,89,0,143273731,1.1349016724866752
143284672,1444,1038,960,89,0,143284672,1.1349016724866752
143298414,1438,1058,973,89,0,143298414,1.1349016724866752
143309599,1431,1038,975,89,0,143309599,1.1349016724866752
143323824,1430,1024,968,89,0,143323824,1.1349016724866752
143335040,1430,1025,960,89,0,143335040,1.1349016724866752
143348613,1413,1028,965,89,0,143348613,1.1349016724866752
143360639,1414,1034,962,89,0,143360639,1.1349016724866752
143375240,1411,1026,967,89,0,143375240,1.1349016724866752
143386887,1419,1037,963,89,0,143386887,1.1349016724866752
143398641,1450,1051,966,89,0,143398641,1.1349016724866752
143409605,1436,1035,966,89,0,143409605,1.1349016724866752
143423275,1442,1034,971,89,0,143423275,1.1349016724866752
143435065,1462,1041,961,89,0,143435065,1.1349016724866752
143446968,1432,1036,968,89,0,143446968,1.1349016724866752
143458370,1446,1031,959,89,0,143458370,1.1349016724866752
143471374,1437,1046,970,89,0,143471374,1.1349016724866752
143485162,1421,1030,964,89,0,143485162,1.1349016724866752
143497906,1454,1038,966,89,0,143497906,1.1349016724866752
143510001,1436,1035,962,89,0,143510001,1.1349016724866752
143525319,1449,1037,965,89,0,143525319,1.1349016724866752
143537619,1434,1032,965,89,0,143537619,1.1349016724866752
143549887,1414,1034,966,89,0,143549887,1.1349016724866752
143563628,1421,1030,969,89,0,143563628,1.1349016724866752
143576771,1408,1062,961,89,0,143576771,1.1349016724866752
143587700,1410,1037,974,89,0,143587700,1.1349016724866752
143599444,1416,1048,963,89,0,143599444,1.1349016724866752
143610367,1412,1064,965,89,0,143610367,1.1349016724866752
143622528,1426,1027,969,89,0,143622528,1.1349016724866752
143639767,1409,1043,964,89,0,143639767,1.1349016724866752
143652908,1417,1024,962,89,0,143652908,1.1349016724866752
143663882,1422,1022,969,89,0,143663882,1.1349016724866752
143677681,1403,1033,964,89,0,143677681,1.1349016724866752
143688767,1409,1033,965,89,0,143688767,1.1349016724866752
143704172,1423,1028,960,89,0,143704172,1.1349016724866752
143715074,1413,1027,965,89,0,143715074,1.1349016724866752
143728808,1414,1049,961,89,0,143728808,1.1349016724866752
143742185,1438,1040,963,89,0,143742185,1.1349016724866752
143752644,1417,1060,967,89,0,143752644,1.1349016724866752
143768133,1419,1035,956,89,0,143768133,1.1349016724866752
143781770,1432,1034,964,89,0,143781770,1.1349016724866752
143794860,1422,1027,978,89,0,143794860,1.1349016724866752
143805757,1404,1043,971,89,0,143805757,1.1349016724866752
143818650,1427,1066,963,89,0,143818650,1.1349016724866752
143830974,1445,1017,970,89,0,143830974,1.1349016724866752
143844592,1419,1017,961,89,0,143844592,1.1349016724866752
143856529,1417,1035,962,89,0,143856529,1.1349016724866752
143868089,1425,1045,963,89,0,143868089,1.1349016724866752
143879565,1410,1035,961,89,0,143879565,1.1349016724866752
143893238,1428,1047,964,89,0,143893238,1.1349016724866752
143906623,1404,1056,964,89,0,143906623,1.1349016724866752
143916420,1414,1045,968,89,0,143916420,1.1349016724866752
143931110,1406,1035,962,89,0,143931110,1.1349016724866752
143942843,1419,1044,958,89,0,143942843,1.1349016724866752
143956493,1444,1035,972,89,0,143956493,1.1349016724866752
143968954,1429,1040,961,89,0,143968954,1.1349016724866752
143981115,1438,1032,959,89,0,143981115,1.1349016724866752
143993117,1437,1044,970,89,0,143993117,1.1349016724866752
144004084,1430,1049,960,89,0,144004084,1.1349016724866752
144015414,1442,1044,965,89,0,144015414,1.1349016724866752
144027208,1442,1046,963,89,0,144027208,1.1349016724866752
144038366,1422,1041,963,89,0,144038366,1.1349016724866752
144051211,1430,1075,958,89,0,144051211,1.1349016724866752
144061183,1439,1037,957,89,0,144061183,1.1349016724866752
144071244,1438,1039,959,89,0,144071244,1.1349016724866752
144081283,1433,1042,964,89,0,144081283,1.1349016724866752
144096049,1424,1026,969,89,0,144096049,1.1349016724866752
144107124,1422,1028,958,89,0,144107124,1.1349016724866752
144121414,1424,1035,963,89,0,144121414,1.1349016724866752
144135784,1408,1030,972,89,0,144135784,1.1349016724866752
144146813,1412,1006,960,89,0,144146813,1.1349016724866752
144159397,1417,1045,961,89,0,144159397,1.1349016724866752
144171126,1432,1030,976,89,0,144171126,1.1349016724866752
144183744,1392,1050,963,89,0,144183744,1.1349016724866752
144194271,1422,1041,975,89,0,144194271,1.1349016724866752
144207272,1411,1025,956,89,0,144207272,1.1349016724866752
144221015,1433,1045,964,89,0,144221015,1.1349016724866752
144236087,1445,1057,963,89,0,144236087,1.1349016724866752
144246635,1426,1032,971,89,0,144246635,1.1349016724866752
144262530,1443,1037,969,89,0,144262530,1.1349016724866752
144272671,1422,1041,970,89,0,144272671,1.1349016724866752
144283932,1421,1039,970,89,0,144283932,1.1349016724866752
144297396,1418,1064,969,89,0,144297396,1.1349016724866752
144310094,1400,1033,966,89,0,144310094,1.1349016724866752
144323398,1426,1036,961,89,0,144323398,1.1349016724866752
144335429,1425,1016,975,89,0,144335429,1.1349016724866752
144344489,1437,1027,966,89,0,144344489,1.1349016724866752
144357778,1429,1036,969,89,0,144357778,1.1349016724866752
144369888,1433,1033,958,89,0,144369888,1.1349016724866752
144381914,1429,1046,965,89,0,144381914,1.1349016724866752
144394990,1436,1032,961,89,0,144394990,1.1349016724866752
144407688,1425,1054,970,89,0,144407688,1.1349016724866752
144418977,1425,1027,961,89,0,144418977,1.1349016724866752
144430540,1446,1034,969,89,0,144430540,1.1349016724866752
144441507,1438,1029,971,89,0,144441507,1.1349016724866752
144453827,1425,1028,963,89,0,144453827,1.1349016724866752
144463805,1419,1025,964,89,0,144463805,1.1349016724866752
144475751,1419,1022,967,89,0,144475751,1.1349016724866752
144486885,1426,1018,964,89,0,144486885,1.1349016724866752
144500429,1427,1027,966,89,0,144500429,1.1349016724866752
144513458,1445,1032,966,89,0,144513458,1.1349016724866752
144526464,1410,1040,964,89,0,144526464,1.1349016724866752
144540347,1430,1053,965,89,0,144540347,1.1349016724866752
144551556,1424,1027,973,89,0,144551556,1.1349016724866752
144562931,1442,1037,970,89,0,144562931,1.1349016724866752
144577816,1432,1032,969,89,0,144577816,1.1349016724866752
144590539,1429,1033,965,89,0,144590539,1.1349016724866752
144603899,1421,1036,963,89,0,144603899,1.1349016724866752
144617206,1414,1035,964,89,0,144617206,1.1349016724866752
144632649,1432,1021,962,89,0,144632649,1.1349016724866752
144645751,1430,1033,963,89,0,144645751,1.1349016724866752
144663007,1436,1035,966,89,0,144663007,1.1349016724866752
144674457,1414,1042,966,89,0,144674457,1.1349016724866752
144688680,1426,1033,963,89,0,144688680,1.1349016724866752
144701573,1432,1033,962,89,0,144701573,1.1349016724866752
144714390,1439,1032,959,89,0,144714390,1.1349016724866752
144725545,1411,1038,963,89,0,144725545,1.1349016724866752
144737545,1433,1021,972,89,0,144737545,1.1349016724866752
144749212,1422,1048,964,89,0,144749212,1.1349016724866752
144760992,1417,1025,963,89,0,144760992,1.1349016724866752
144774029,1428,1053,964,89,0,144774029,1.1349016724866752
144785963,1433,1053,962,89,0,144785963,1.1349016724866752
144801392,1445,1029,964,89,0,144801392,1.1349016724866752
144812513,1442,1041,966,89,0,144812513,1.1349016724866752
144822890,1440,1049,963,89,0,144822890,1.1349016724866752
144833961,1436,1053,963,89,0,144833961,1.1349016724866752
144846634,1456,1038,961,89,0,144846634,1.1349016724866752
144859201,1442,1051,962,89,0,144859201,1.1349016724866752
144870623,1436,1072,962,89,0,144870623,1.1349016724866752
144883321,1429,1040,961,89,0,144883321,1.1349016724866752
144894692,1436,1018,968,89,0,144894692,1.1349016724866752
144906888,1428,1035,968,89,0,144906888,1.1349016724866752
144917909,1450,1060,967,89,0,144917909,1.1349016724866752
144933022,1410,1049,970,89,0,144933022,1.1349016724866752
144945096,1443,1050,973,89,0,144945096,1.1349016724866752
144956037,1427,1043,974,89,0,144956037,1.1349016724866752
144967812,1442,1030,965,89,0,144967812,1.1349016724866752
144978568,1440,1036,964,89,0,144978568,1.1349016724866752
144989850,1446,1032,963,89,0,144989850,1.1349016724866752
145002425,1424,1037,973,89,0,145002425,1.1349016724866752
145014203,1438,1029,965,89,0,145014203,1.1349016724866752
145026128,1433,1034,961,89,0,145026128,1.1349016724866752
145036324,1438,1035,968,89,0,145036324,1.1349016724866752
145045494,1432,1041,961,89,0,145045494,1.1349016724866752
145056618,1442,1042,961,89,0,145056618,1.1349016724866752
145068058,1432,1037,965,89,0,145068058,1.1349016724866752
145081240,1419,1020,975,89,0,145081240,1.1349016724866752
145092897,1451,1033,973,89,0,145092897,1.1349016724866752
145105754,1421,1043,966,89,0,145105754,1.1349016724866752
145117548,1434,1048,968,89,0,145117548,1.1349016724866752
145132114,1426,1042,964,89,0,145132114,1.1349016724866752
145145400,1435,1040,959,89,0,145145400,1.1349016724866752
145160346,1424,1026,964,89,0,145160346,1.1349016724866752
145176705,1420,1055,964,89,0,145176705,1.1349016724866752
145188873,1472,1026,970,89,0,145188873,1.1349016724866752
145200888,1411,1032,970,89,0,145200888,1.1349016724866752
145211993,1428,1032,977,89,0,145211993,1.1349016724866752
145222488,1421,1054,964,89,0,145222488,1.1349016724866752
145236671,1432,1021,959,89,0,145236671,1.1349016724866752
145247393,1411,1044,963,89,0,145247393,1.1349016724866752
145259028,1437,1040,969,89,0,145259028,1.1349016724866752
145272896,1427,1031,970,89,0,145272896,1.1349016724866752
145285118,1417,1020,961,89,0,145285118,1.1349016724866752
145299699,1410,1049,964,89,0,145299699,1.1349016724866752
145310824,1405,1032,973,89,0,145310824,1.1349016724866752
145324914,1421,1037,973,89,0,145324914,1.1349016724866752
145337799,1417,1021,969,89,0,145337799,1.1349016724866752
145349331,1410,1022,969,89,0,145349331,1.1349016724866752
145360681,1425,1029,969,89,0,145360681,1.1349016724866752
145369540,1423,1036,960,89,0,145369540,1.1349016724866752
145385951,1399,1060,965,89,0,145385951,1.1349016724866752
145400309,1403,1046,965,89,0,145400309,1.1349016724866752
145412666,1410,1056,971,89,0,145412666,1.1349016724866752
145424780,1408,1040,969,89,0,145424780,1.1349016724866752
145437789,1424,1044,964,89,0,145437789,1.1349016724866752
145449362,1417,1033,961,89,0,145449362,1.1349016724866752
145463555,1422,1035,967,89,0,145463555,1.1349016724866752
145473626,1423,1056,964,89,0,145473626,1.1349016724866752
145489624,1446,1051,963,89,0,145489624,1.1349016724866752
145500240,1410,1035,971,89,0,145500240,1.1349016724866752
145512817,1410,1044,962,89,0,145512817,1.1349016724866752
145524340,1443,1059,962,89,0,145524340,1.1349016724866752
145539778,1454,1060,968,89,0,145539778,1.1349016724866752
145551049,1430,1045,974,89,0,145551049,1.1349016724866752
145566293,1413,1053,966,89,0,145566293,1.1349016724866752
145575962,1442,1039,970,89,0,145575962,1.1349016724866752
145591995,1416,1049,977,89,0,145591995,1.1349016724866752
145606729,1406,1036,969,89,0,145606729,1.1349016724866752
145618133,1403,1045,965,89,0,145618133,1.1349016724866752
145628112,1413,1043,957,89,0,145628112,1.1349016724866752
145640777,1408,1046,964,89,0,145640777,1.1349016724866752
145653403,1411,1038,973,89,0,145653403,1.1349016724866752
145665700,1406,1035,971,89,0,145665700,1.1349016724866752
145678572,1416,1040,967,89,0,145678572,1.1349016724866752
145691834,1421,1030,972,89,0,145691834,1.1349016724866752
145702886,1440,1048,963,89,0,145702886,1.1349016724866752
145717034,1400,1048,969,89,0,145717034,1.1349016724866752
145728357,1405,1040,965,89,0,145728357,1.1349016724866752
145740487,1397,1037,965,89,0,145740487,1.1349016724866752
145752128,1428,1043,973,89,0,145752128,1.1349016724866752
145765662,1413,1036,966,89,0,145765662,1.1349016724866752
145776368,1408,1043,961,89,0,145776368,1.1349016724866752
145789786,1430,1061,966,89,0,145789786,1.1349016724866752
145801849,1424,1050,970,89,0,145801849,1.1349016724866752
145814722,1417,1038,970,89,0,145814722,1.1349016724866752
145827603,1452,1043,960,89,0,145827603,1.1349016724866752
145840051,1427,1036,976,89,0,145840051,1.1349016724866752
145851526,1417,1054,958,89,0,145851526,1.1349016724866752
145862333,1428,1043,964,89,0,145862333,1.1349016724866752
145872035,1432,1056,960,89,0,145872035,1.1349016724866752
145885262,1425,1051,961,89,0,145885262,1.1349016724866752
145894282,1430,1025,968,89,0,145894282,1.1349016724866752
145907619,1405,1036,964,89,0,145907619,1.1349016724866752
145918655,1416,1066,961,89,0,145918655,1.1349016724866752
145931242,1429,1050,971,89,0,145931242,1.1349016724866752
145942983,1433,1042,969,89,0,145942983,1.1349016724866752
145953265,1419,1041,962,89,0,145953265,1.1349016724866752
145965377,1396,1048,961,89,0,145965377,1.1349016724866752
145977418,1424,1056,974,89,0,145977418,1.1349016724866752
145989951,1394,1059,958,89,0,145989951,1.1349016724866752
146001283,1443,1044,956,89,0,146001283,1.1349016724866752
146013264,1423,1035,966,89,0,146013264,1.1349016724866752
146027436,1432,1026,968,89,0,146027436,1.1349016724866752
146036886,1434,1026,970,89,0,146036886,1.1349016724866752
146047211,1419,1028,967,89,0,146047211,1.1349016724866752
146060587,1426,1051,971,89,0,146060587,1.1349016724866752
146073267,1398,1073,970,89,0,146073267,1.1349016724866752
146085566,1428,1049,960,89,0,146085566,1.1349016724866752
146098361,1424,1044,962,89,0,146098361,1.1349016724866752
146111509,1408,1035,971,89,0,146111509,1.1349016724866752
146123108,1420,1041,972,89,0,146123108,1.1349016724866752
146136315,1417,1041,973,89,0,146136315,1.1349016724866752
146149011,1410,1037,969,89,0,146149011,1.1349016724866752
146159455,1420,1046,974,89,0,146159455,1.1349016724866752
146173422,1400,1060,974,89,0,146173422,1.1349016724866752
146186604,1419,1062,973,89,0,146186604,1.1349016724866752
146197614,1443,1060,968,89,0,146197614,1.1349016724866752
146208384,1425,1035,966,89,0,146208384,1.1349016724866752
146222477,1430,1044,965,89,0,146222477,1.1349016724866752
146236966,1419,1048,974,89,0,146236966,1.1349016724866752
146248167,1448,1054,971,89,0,146248167,1.1349016724866752
146260262,1419,1062,974,89,0,146260262,1.1349016724866752
146271009,1449,1051,957,89,0,146271009,1.1349016724866752
146283026,1427,1043,963,89,0,146283026,1.1349016724866752
146294264,1429,1073,978,89,0,146294264,1.1349016724866752
146306682,1400,1073,969,89,0,146306682,1.1349016724866752
146321585,1414,1045,970,89,0,146321585,1.1349016724866752
146333361,1419,1046,962,89,0,146333361,1.1349016724866752
146348043,1406,1064,964,89,0,146348043,1.1349016724866752
146360689,1408,1045,964,89,0,146360689,1.1349016724866752
146374542,1414,1039,972,89,0,146374542,1.1349016724866752
146388761,1405,1028,972,89,0,146388761,1.1349016724866752
146404288,1390,1055,963,89,0,146404288,1.1349016724866752
146417378,1399,1033,968,89,0,146417378,1.1349016724866752
146430538,1405,1046,962,89,0,146430538,1.1349016724866752
146440969,1418,1043,963,89,0,146440969,1.1349016724866752
146456762,1394,1064,973,89,0,146456762,1.1349016724866752
146468505,1422,1048,960,89,0,146468505,1.1349016724866752
146483116,1377,1051,962,89,0,146483116,1.1349016724866752
146493278,1393,1048,967,89,0,146493278,1.1349016724866752
146504794,1405,1038,973,89,0,146504794,1.1349016724866752
146518397,1409,1034,952,89,0,146518397,1.1349016724866752
146533953,1412,1053,961,89,0,146533953,1.1349016724866752
146544797,1413,1045,963,89,0,146544797,1.1349016724866752
146557642,1419,1051,963,89,0,146557642,1.1349016724866752
146569193,1418,1051,965,89,0,146569193,1.1349016724866752
146583752,1395,1039,961,89,0,146583752,1.1349016724866752
146596279,1404,1059,959,89,0,146596279,1.1349016724866752
146609415,1405,1040,969,89,0,146609415,1.1349016724866752
146621747,1434,1050,966,89,0,146621747,1.1349016724866752
146636119,1400,1041,968,89,0,146636119,1.1349016724866752
146650061,1402,1054,974,89,0,146650061,1.1349016724866752
146661633,1401,1044,964,89,0,146661633,1.1349016724866752
146672518,1416,1044,980,89,0,146672518,1.1349016724866752
146686209,1415,1032,973,89,0,146686209,1.1349016724866752
146697401,1409,1056,964,89,0,146697401,1.1349016724866752
146709200,1410,1064,977,89,0,146709200,1.1349016724866752
146723709,1401,1070,966,89,0,146723709,1.1349016724866752
146737668,1406,1043,968,89,0,146737668,1.1349016724866752
146750655,1390,1030,956,89,0,146750655,1.1349016724866752
146763225,1401,1059,968,89,0,146763225,1.1349016724866752
146777341,1412,1050,966,89,0,146777341,1.1349016724866752
146788860,1405,1057,965,89,0,146788860,1.1349016724866752
146801636,1405,1058,970,89,0,146801636,1.1349016724866752
146813976,1410,1048,976,89,0,146813976,1.1349016724866752
146826912,1408,1068,966,89,0,146826912,1.1349016724866752
146836909,1406,1044,968,89,0,146836909,1.1349016724866752
146847250,1413,1046,974,89,0,146847250,1.1349016724866752
146861438,1421,1049,964,89,0,146861438,1.1349016724866752
146873502,1429,1066,971,89,0,146873502,1.1349016724866752
146887135,1416,1032,963,89,0,146887135,1.1349016724866752
146901170,1413,1051,970,89,0,146901170,1.1349016724866752
146918062,1432,1044,968,89,0,146918062,1.1349016724866752
146931492,1424,1057,972,89,0,146931492,1.1349016724866752
146943359,1408,1051,963,89,0,146943359,1.1349016724866752
146956353,1394,1050,964,89,0,146956353,1.1349016724866752
146967413,1396,1046,977,89,0,146967413,1.1349016724866752
146980355,1414,1057,969,89,0,146980355,1.1349016724866752
146991288,1409,1069,968,89,0,146991288,1.1349016724866752
147002380,1425,1032,980,89,0,147002380,1.1349016724866752
147015093,1417,1036,964,89,0,147015093,1.1349016724866752
147029180,1416,1038,968,89,0,147029180,1.1349016724866752
147042482,1416,1072,976,89,0,147042482,1.1349016724866752
147053541,1421,1032,970,89,0,147053541,1.1349016724866752
147064853,1434,1049,963,89,0,147064853,1.1349016724866752
147076573,1422,1061,966,89,0,147076573,1.1349016724866752
147090587,1431,1051,969,89,0,147090587,1.1349016724866752
147101140,1413,1064,963,89,0,147101140,1.1349016724866752
147115002,1427,1050,973,89,0,147115002,1.1349016724866752
147127575,1421,1054,953,89,0,147127575,1.1349016724866752
147138532,1413,1051,972,89,0,147138532,1.1349016724866752
147149483,1414,1035,965,89,0,147149483,1.1349016724866752
147161948,1402,1046,955,89,0,147161948,1.1349016724866752
147176580,1413,1073,965,89,0,147176580,1.1349016724866752
147190239,1429,1050,966,89,0,147190239,1.1349016724866752
147204441,1445,1050,963,89,0,147204441,1.1349016724866752
147218594,1411,1054,971,89,0,147218594,1.1349016724866752
147233966,1412,1049,966,89,0,147233966,1.1349016724866752
147245276,1429,1038,965,89,0,147245276,1.1349016724866752
147258749,1437,1049,966,89,0,147258749,1.1349016724866752
147271529,1427,1035,962,89,0,147271529,1.1349016724866752
147283814,1417,1053,974,89,0,147283814,1.1349016724866752
147297190,1411,1027,964,89,0,147297190,1.1349016724866752
147309696,1438,1054,962,89,0,147309696,1.1349016724866752
147321030,1424,1029,958,89,0,147321030,1.1349016724866752
147333787,1443,1049,970,89,0,147333787,1.1349016724866752
147344164,1442,1046,970,89,0,147344164,1.1349016724866752
147352970,1418,1042,961,89,0,147352970,1.1349016724866752
147365752,1405,1075,969,89,0,147365752,1.1349016724866752
147377401,1421,1058,969,89,0,147377401,1.1349016724866752
147390580,1427,1058,959,89,0,147390580,1.1349016724866752
147406269,1432,1049,969,89,0,147406269,1.1349016724866752
147419027,1417,1048,970,89,0,147419027,1.1349016724866752
147432404,1424,1078,962,89,0,147432404,1.1349016724866752
147441954,1429,1046,970,89,0,147441954,1.1349016724866752
147452804,1418,1059,970,89,0,147452804,1.1349016724866752
147465878,1431,1032,957,89,0,147465878,1.1349016724866752
147478146,1420,1063,963,89,0,147478146,1.1349016724866752
147487865,1418,1044,968,89,0,147487865,1.1349016724866752
147500256,1427,1050,962,89,0,147500256,1.1349016724866752
147510695,1426,1033,964,89,0,147510695,1.1349016724866752
147524977,1442,1049,966,89,0,147524977,1.1349016724866752
147538116,1426,1044,965,89,0,147538116,1.1349016724866752
147551587,1426,1037,960,89,0,147551587,1.1349016724866752
147569036,1421,1040,960,89,0,147569036,1.1349016724866752
147587137,1409,1024,961,89,0,147587137,1.1349016724866752
147601160,1403,1049,968,89,0,147601160,1.1349016724866752
147613245,1441,1034,961,89,0,147613245,1.1349016724866752
147622720,1391,1054,966,89,0,147622720,1.1349016724866752
147635519,1403,1053,970,89,0,147635519,1.1349016724866752
147646369,1414,1044,969,89,0,147646369,1.1349016724866752
147655801,1402,1041,962,89,0,147655801,1.1349016724866752
147668176,1416,1040,965,89,0,147668176,1.1349016724866752
147678475,1412,1060,970,89,0,147678475,1.1349016724866752
147689820,1419,1027,965,89,0,147689820,1.1349016724866752
147702840,1419,1046,960,89,0,147702840,1.1349016724866752
147713932,1433,1041,971,89,0,147713932,1.1349016724866752
147726328,1405,1034,967,89,0,147726328,1.1349016724866752
147739984,1410,1036,963,89,0,147739984,1.1349016724866752
147754373,1424,1015,961,89,0,147754373,1.1349016724866752
147766695,1419,1062,965,89,0,147766695,1.1349016724866752
147778209,1448,1042,970,89,0,147778209,1.1349016724866752
147790365,1420,1024,963,89,0,147790365,1.1349016724866752
147810836,1433,1032,969,89,0,147810836,1.1349016724866752
147822979,1419,1028,962,89,0,147822979,1.1349016724866752
147838376,1433,1049,974,89,0,147838376,1.1349016724866752
147853223,1448,1027,971,89,0,147853223,1.1349016724866752
147864138,1430,1039,959,89,0,147864138,1.1349016724866752
147876981,1405,1051,963,89,0,147876981,1.1349016724866752
147890674,1426,1041,972,89,0,147890674,1.1349016724866752
147902772,1419,1027,963,89,0,147902772,1.1349016724866752
147915296,1418,1039,964,89,0,147915296,1.1349016724866752
147925743,1413,1033,965,89,0,147925743,1.1349016724866752
147937705,1420,1043,968,89,0,147937705,1.1349016724866752
147951447,1421,1037,971,89,0,147951447,1.1349016724866752
147964079,1418,1050,970,89,0,147964079,1.1349016724866752
147977382,1411,1053,970,89,0,147977382,1.1349016724866752
147990438,1418,1048,963,89,0,147990438,1.1349016724866752
148002382,1433,1045,964,89,0,148002382,1.1349016724866752
148015987,1429,1037,970,89,0,148015987,1.1349016724866752
148034499,1411,1039,974,89,0,148034499,1.1349016724866752
148046866,1421,1044,965,89,0,148046866,1.1349016724866752
148059333,1427,1038,961,89,0,148059333,1.1349016724866752
148072274,1421,1040,968,89,0,148072274,1.1349016724866752
148082593,1422,1017,969,89,0,148082593,1.1349016724866752
148093154,1402,1056,967,89,0,148093154,1.1349016724866752
148106278,1419,1029,966,89,0,148106278,1.1349016724866752
148116713,1412,1028,964,89,0,148116713,1.1349016724866752
148128829,1423,1038,962,89,0,148128829,1.1349016724866752
148140800,1426,1022,968,89,0,148140800,1.1349016724866752
148152912,1415,1046,969,89,0,148152912,1.1349016724866752
148169053,1413,1056,964,89,0,148169053,1.1349016724866752
148182458,1448,1022,976,89,0,148182458,1.1349016724866752
148195598,1434,1042,972,89,0,148195598,1.1349016724866752
148210351,1427,1026,972,89,0,148210351,1.1349016724866752
148223639,1426,1066,976,89,0,148223639,1.1349016724866752
148237684,1442,1048,962,89,0,148237684,1.1349016724866752
148251582,1402,1053,965,89,0,148251582,1.1349016724866752
148264267,1426,1050,961,89,0,148264267,1.1349016724866752
148276757,1419,1043,960,89,0,148276757,1.1349016724866752
148291544,1416,1040,965,89,0,148291544,1.1349016724866752
148305584,1410,1065,962,89,0,148305584,1.1349016724866752
148316240,1409,1038,964,89,0,148316240,1.1349016724866752
148327176,1401,1053,971,89,0,148327176,1.1349016724866752
148337747,1438,1042,967,89,0,148337747,1.1349016724866752
148347956,1422,1032,961,89,0,148347956,1.1349016724866752
148359972,1416,1061,965,89,0,148359972,1.1349016724866752
148373003,1406,1048,968,89,0,148373003,1.1349016724866752
148384776,1408,1053,962,89,0,148384776,1.1349016724866752
148396646,1425,1037,960,89,0,148396646,1.1349016724866752
148408232,1410,1025,959,89,0,148408232,1.1349016724866752
148420436,1424,1043,970,89,0,148420436,1.1349016724866752
148432919,1412,1037,966,89,0,148432919,1.1349016724866752
148447916,1418,1062,969,89,0,148447916,1.1349016724866752
148460115,1413,1048,961,89,0,148460115,1.1349016724866752
148472756,1426,1038,974,89,0,148472756,1.1349016724866752
148491151,1412,1033,963,89,0,148491151,1.1349016724866752
148504524,1408,1021,963,89,0,148504524,1.1349016724866752
148515210,1426,1039,956,89,0,148515210,1.1349016724866752
148528138,1412,1044,970,89,0,148528138,1.1349016724866752
148542700,1427,1038,961,89,0,148542700,1.1349016724866752
148554523,1408,1043,961,89,0,148554523,1.1349016724866752
148565211,1424,1060,965,89,0,148565211,1.1349016724866752
148578592,1448,1040,968,89,0,148578592,1.1349016724866752
148592370,1429,1035,970,89,0,148592370,1.1349016724866752
148603300,1418,1041,966,89,0,148603300,1.1349016724866752
148620197,1426,1041,962,89,0,148620197,1.1349016724866752
148634223,1410,1028,970,89,0,148634223,1.1349016724866752
148645657,1425,1044,971,89,0,148645657,1.1349016724866752
148657031,1429,1038,967,89,0,148657031,1.1349016724866752
148675542,1420,1054,973,89,0,148675542,1.1349016724866752
148689095,1455,1049,968,89,0,148689095,1.1349016724866752
148701501,1427,1036,970,89,0,148701501,1.1349016724866752
148715069,1435,1048,972,89,0,148715069,1.1349016724866752
148726710,1427,1032,973,89,0,148726710,1.1349016724866752
148741119,1404,1032,964,89,0,148741119,1.1349016724866752
148754598,1432,1033,969,89,0,148754598,1.1349016724866752
148766807,1422,1038,964,89,0,148766807,1.1349016724866752
148778392,1422,1052,962,89,0,148778392,1.1349016724866752
148791417,1420,1025,972,89,0,148791417,1.1349016724866752
148808125,1419,1054,963,89,0,148808125,1.1349016724866752
148820464,1434,1036,962,89,0,148820464,1.1349016724866752
148833821,1436,1037,958,89,0,148833821,1.1349016724866752
148847969,1437,1018,970,89,0,148847969,1.1349016724866752
148858007,1420,1038,968,89,0,148858007,1.1349016724866752
148867953,1442,1050,966,89,0,148867953,1.1349016724866752
148881286,1432,1046,972,89,0,148881286,1.1349016724866752
148897466,1422,1030,964,89,0,148897466,1.1349016724866752
148909886,1422,1035,971,89,0,148909886,1.1349016724866752
148923071,1405,1051,965,89,0,148923071,1.1349016724866752
148933828,1426,1043,966,89,0,148933828,1.1349016724866752
148946214,1410,1057,965,89,0,148946214,1.1349016724866752
148958904,1448,1040,958,89,0,148958904,1.1349016724866752
148971187,1413,1012,972,89,0,148971187,1.1349016724866752
148987049,1435,1031,962,89,0,148987049,1.1349016724866752
148996732,1420,1049,960,89,0,148996732,1.1349016724866752
149007392,1432,1038,973,89,0,149007392,1.1349016724866752
149018596,1427,1024,973,89,0,149018596,1.1349016724866752
149029215,1465,1050,970,89,0,149029215,1.1349016724866752
149042429,1418,1056,966,89,0,149042429,1.1349016724866752
149053509,1433,1045,966,89,0,149053509,1.1349016724866752
149063264,1430,1045,962,89,0,149063264,1.1349016724866752
149075382,1430,1018,964,89,0,149075382,1.1349016724866752
149087718,1434,1030,970,89,0,149087718,1.1349016724866752
149100051,1420,1040,964,89,0,149100051,1.1349016724866752
149115358,1422,1060,966,89,0,149115358,1.1349016724866752
149131752,1433,1037,969,89,0,149131752,1.1349016724866752
149142549,1430,1042,958,89,0,149142549,1.1349016724866752
149159193,1434,1028,961,89,0,149159193,1.1349016724866752
149168395,1438,1030,964,89,0,149168395,1.1349016724866752
149182305,1432,1051,979,89,0,149182305,1.1349016724866752
149193134,1428,1044,964,89,0,149193134,1.1349016724866752
149203985,1429,1049,971,89,0,149203985,1.1349016724866752
149216558,1425,1061,973,89,0,149216558,1.1349016724866752
149227852,1436,1034,965,89,0,149227852,1.1349016724866752
149241742,1422,1050,963,89,0,149241742,1.1349016724866752
149254549,1433,1061,963,89,0,149254549,1.1349016724866752
149267683,1438,1043,965,89,0,149267683,1.1349016724866752
149280777,1412,1034,960,89,0,149280777,1.1349016724866752
149295173,1432,1038,969,89,0,149295173,1.1349016724866752
149304362,1436,1028,960,89,0,149304362,1.1349016724866752
149318758,1418,1030,961,89,0,149318758,1.1349016724866752
149331144,1404,1041,963,89,0,149331144,1.1349016724866752
149340483,1417,1040,960,89,0,149340483,1.1349016724866752
149350648,1426,1046,972,89,0,149350648,1.1349016724866752
149361603,1435,1045,969,89,0,149361603,1.1349016724866752
149372597,1433,1037,971,89,0,149372597,1.1349016724866752
149385702,1424,1030,961,89,0,149385702,1.1349016724866752
149397744,1425,1053,965,89,0,149397744,1.1349016724866752
149409284,1424,1051,959,89,0,149409284,1.1349016724866752
149420854,1429,1032,973,89,0,149420854,1.1349016724866752
149434839,1424,1032,968,89,0,149434839,1.1349016724866752
149447415,1425,1049,955,89,0,149447415,1.1349016724866752
149456999,1424,1058,968,89,0,149456999,1.1349016724866752
149467465,1400,1025,968,89,0,149467465,1.1349016724866752
149482028,1437,1053,971,89,0,149482028,1.1349016724866752
149491570,1419,1056,968,89,0,149491570,1.1349016724866752
149504818,1440,1040,965,89,0,149504818,1.1349016724866752
149516350,1425,1055,970,89,0,149516350,1.1349016724866752
149530606,1414,1052,968,89,0,149530606,1.1349016724866752
149542591,1434,1062,972,89,0,149542591,1.1349016724866752
149554409,1443,1037,961,89,0,149554409,1.1349016724866752
149565895,1435,1032,966,89,0,149565895,1.1349016724866752
149575887,1430,1052,968,89,0,149575887,1.1349016724866752
149587389,1468,1038,966,89,0,149587389,1.1349016724866752
149599435,1478,1034,967,89,0,149599435,1.1349016724866752
149610673,1442,1040,968,89,0,149610673,1.1349016724866752
149621714,1436,1027,963,89,0,149621714,1.1349016724866752
149635094,1436,1061,962,89,0,149635094,1.1349016724866752
149645941,1465,1051,959,89,0,149645941,1.1349016724866752
149659864,1453,1069,962,89,0,149659864,1.1349016724866752
149671586,1456,1042,965,89,0,149671586,1.1349016724866752
149685015,1458,1038,970,89,0,149685015,1.1349016724866752
149698356,1461,1046,971,89,0,149698356,1.1349016724866752
149710446,1444,1049,962,89,0,149710446,1.1349016724866752
149724084,1430,1066,966,89,0,149724084,1.1349016724866752
149741283,1446,1043,968,89,0,149741283,1.1349016724866752
149754856,1438,1065,966,89,0,149754856,1.1349016724866752
149766754,1413,1054,973,89,0,149766754,1.1349016724866752
149776999,1460,1042,973,89,0,149776999,1.1349016724866752
149793497,1465,1035,967,89,0,149793497,1.1349016724866752
149807474,1435,1051,968,89,0,149807474,1.1349016724866752
149821384,1459,1053,966,89,0,149821384,1.1349016724866752
149835320,1466,1034,962,89,0,149835320,1.1349016724866752
149851432,1443,1028,963,89,0,149851432,1.1349016724866752
149861853,1443,1045,969,89,0,149861853,1.1349016724866752
149876400,1449,1054,962,89,0,149876400,1.1349016724866752
149889208,1451,1041,962,89,0,149889208,1.1349016724866752
149905668,1437,1038,973,89,0,149905668,1.1349016724866752
149919108,1453,1063,960,89,0,149919108,1.1349016724866752
149935718,1437,1038,974,89,0,149935718,1.1349016724866752
149949231,1441,1042,963,89,0,149949231,1.1349016724866752
149962599,1420,1037,963,89,0,149962599,1.1349016724866752
149972765,1430,1064,970,89,0,149972765,1.1349016724866752
149984595,1427,1041,970,89,0,149984595,1.1349016724866752
149998001,1420,1047,962,89,0,149998001,1.1349016724866752
150012096,1420,1048,973,89,0,150012096,1.1349016724866752
150025132,1421,1043,966,89,0,150025132,1.1349016724866752
150040358,1424,1061,978,89,0,150040358,1.1349016724866752
150052061,1432,1048,976,89,0,150052061,1.1349016724866752
150063241,1422,1060,965,89,0,150063241,1.1349016724866752
150074809,1434,1046,974,89,0,150074809,1.1349016724866752
150086199,1432,1062,968,89,0,150086199,1.1349016724866752
150096541,1427,1051,966,89,0,150096541,1.1349016724866752
150107563,1433,1052,971,89,0,150107563,1.1349016724866752
150118588,1440,1051,974,89,0,150118588,1.1349016724866752
150132156,1449,1036,969,89,0,150132156,1.1349016724866752
150146286,1441,1052,970,89,0,150146286,1.1349016724866752
150159773,1450,1043,966,89,0,150159773,1.1349016724866752
150172887,1451,1056,976,89,0,150172887,1.1349016724866752
150185288,1449,1034,967,89,0,150185288,1.1349016724866752
150196214,1436,1037,959,89,0,150196214,1.1349016724866752
150210488,1443,1012,972,89,0,150210488,1.1349016724866752
150219610,1449,1046,978,89,0,150219610,1.1349016724866752
150231065,1479,1059,962,89,0,150231065,1.1349016724866752
150243817,1412,1029,964,89,0,150243817,1.1349016724866752
150256944,1423,1049,973,89,0,150256944,1.1349016724866752
150269541,1441,1032,963,89,0,150269541,1.1349016724866752
150281887,1438,1051,960,89,0,150281887,1.1349016724866752
150293940,1432,1035,969,89,0,150293940,1.1349016724866752
150313771,1408,1045,957,89,0,150313771,1.1349016724866752
150323280,1427,1053,972,89,0,150323280,1.1349016724866752
150337295,1444,1060,961,89,0,150337295,1.1349016724866752
150347560,1413,1028,973,89,0,150347560,1.1349016724866752
150360698,1430,1030,971,89,0,150360698,1.1349016724866752
150373613,1412,1028,972,89,0,150373613,1.1349016724866752
150387388,1414,1033,965,89,0,150387388,1.1349016724866752
150400516,1421,1043,964,89,0,150400516,1.1349016724866752
150411057,1419,1037,970,89,0,150411057,1.1349016724866752
150423643,1422,1018,968,89,0,150423643,1.1349016724866752
150438076,1437,1036,969,89,0,150438076,1.1349016724866752
150456520,1407,1036,976,89,0,150456520,1.1349016724866752
150469112,1423,1049,964,89,0,150469112,1.1349016724866752
150480145,1421,1040,963,89,0,150480145,1.1349016724866752
150489770,1425,1026,962,89,0,150489770,1.1349016724866752
150501578,1419,1042,969,89,0,150501578,1.1349016724866752
150513443,1434,1052,974,89,0,150513443,1.1349016724866752
150528428,1452,1042,964,89,0,150528428,1.1349016724866752
150541831,1446,1044,965,89,0,150541831,1.1349016724866752
150554993,1432,1083,967,89,0,150554993,1.1349016724866752
150568169,1444,1062,965,89,0,150568169,1.1349016724866752
150580702,1460,1044,973,89,0,150580702,1.1349016724866752
150592291,1418,1066,963,89,0,150592291,1.1349016724866752
150602289,1452,1022,967,89,0,150602289,1.1349016724866752
150615074,1468,1042,972,89,0,150615074,1.1349016724866752
150628055,1421,1028,958,89,0,150628055,1.1349016724866752
150642467,1454,1028,963,89,0,150642467,1.1349016724866752
150651727,1441,1050,965,89,0,150651727,1.1349016724866752
150664241,1443,1058,969,89,0,150664241,1.1349016724866752
150675350,1457,1074,966,89,0,150675350,1.1349016724866752
150688233,1440,1025,958,89,0,150688233,1.1349016724866752
150703732,1430,1032,963,89,0,150703732,1.1349016724866752
150714765,1436,1040,962,89,0,150714765,1.1349016724866752
150726698,1432,1040,970,89,0,150726698,1.1349016724866752
150737827,1428,1069,976,89,0,150737827,1.1349016724866752
150751031,1444,1040,962,89,0,150751031,1.1349016724866752
150765622,1432,1056,968,89,0,150765622,1.1349016724866752
150777408,1439,1030,958,89,0,150777408,1.1349016724866752
150790793,1433,1042,971,89,0,150790793,1.1349016724866752
150803592,1429,1053,964,89,0,150803592,1.1349016724866752
150815351,1400,1029,964,89,0,150815351,1.1349016724866752
150829466,1415,1058,964,89,0,150829466,1.1349016724866752
150839321,1420,1058,971,89,0,150839321,1.1349016724866752
150851274,1417,1043,970,89,0,150851274,1.1349016724866752
150864288,1418,1045,971,89,0,150864288,1.1349016724866752
150875874,1436,1049,968,89,0,150875874,1.1349016724866752
150890400,1417,1030,969,89,0,150890400,1.1349016724866752
150901093,1420,1072,966,89,0,150901093,1.1349016724866752
150914329,1432,1022,969,89,0,150914329,1.1349016724866752
150924543,1451,1034,966,89,0,150924543,1.1349016724866752
150934955,1441,1037,964,89,0,150934955,1.1349016724866752
150949140,1426,1042,972,89,0,150949140,1.1349016724866752
150965582,1452,1027,967,89,0,150965582,1.1349016724866752
150981280,1439,1048,974,89,0,150981280,1.1349016724866752
150991031,1425,1057,963,89,0,150991031,1.1349016724866752
151002090,1421,1053,961,89,0,151002090,1.1349016724866752
151014135,1409,1042,980,89,0,151014135,1.1349016724866752
151026926,1449,1034,969,89,0,151026926,1.1349016724866752
151040453,1443,1032,963,89,0,151040453,1.1349016724866752
151051567,1441,1019,970,89,0,151051567,1.1349016724866752
151064339,1440,1032,960,89,0,151064339,1.1349016724866752
151077410,1421,1060,965,89,0,151077410,1.1349016724866752
151090151,1432,1055,962,89,0,151090151,1.1349016724866752
151102814,1433,1046,972,89,0,151102814,1.1349016724866752
151114273,1433,1024,964,89,0,151114273,1.1349016724866752
151127721,1426,1061,969,89,0,151127721,1.1349016724866752
151145864,1426,1036,966,89,0,151145864,1.1349016724866752
151157402,1445,1037,968,89,0,151157402,1.1349016724866752
151172431,1420,1045,962,89,0,151172431,1.1349016724866752
151186201,1436,1038,969,89,0,151186201,1.1349016724866752
151198490,1421,1052,968,89,0,151198490,1.1349016724866752
151208529,1427,1029,964,89,0,151208529,1.1349016724866752
151219819,1425,1038,973,89,0,151219819,1.1349016724866752
151230679,1426,1054,977,89,0,151230679,1.1349016724866752
151242013,1406,1044,964,89,0,151242013,1.1349016724866752
151260641,1413,1068,971,89,0,151260641,1.1349016724866752
151275187,1440,1039,969,89,0,151275187,1.1349016724866752
151286032,1425,1029,968,89,0,151286032,1.1349016724866752
151298691,1420,1019,966,89,0,151298691,1.1349016724866752
151308602,1421,1044,964,89,0,151308602,1.1349016724866752
151321240,1437,1037,977,89,0,151321240,1.1349016724866752
151334162,1433,1037,966,89,0,151334162,1.1349016724866752
151349055,1436,1020,973,89,0,151349055,1.1349016724866752
151363054,1429,1028,966,89,0,151363054,1.1349016724866752
151375786,1456,1041,970,89,0,151375786,1.1349016724866752
151389775,1436,1051,974,89,0,151389775,1.1349016724866752
151400403,1428,1034,972,89,0,151400403,1.1349016724866752
151412132,1426,1032,969,89,0,151412132,1.1349016724866752
151424953,1403,1040,964,89,0,151424953,1.1349016724866752
151438499,1428,1044,968,89,0,151438499,1.1349016724866752
151449690,1465,1037,963,89,0,151449690,1.1349016724866752
151463226,1381,1044,964,89,0,151463226,1.1349016724866752
151475559,1450,1042,963,89,0,151475559,1.1349016724866752
151486933,1427,1067,970,89,0,151486933,1.1349016724866752
151498828,1430,1021,966,89,0,151498828,1.1349016724866752
151514009,1436,1037,962,89,0,151514009,1.1349016724866752
151526831,1429,1038,971,89,0,151526831,1.1349016724866752
151538846,1427,1068,964,89,0,151538846,1.1349016724866752
151550255,1425,1033,977,89,0,151550255,1.1349016724866752
151562712,1450,1042,963,89,0,151562712,1.1349016724866752
151574922,1436,1023,968,89,0,151574922,1.1349016724866752
151587737,1441,1043,974,89,0,151587737,1.1349016724866752
151600065,1422,1042,966,89,0,151600065,1.1349016724866752
151610681,1458,1044,973,89,0,151610681,1.1349016724866752
151625481,1416,1066,963,89,0,151625481,1.1349016724866752
151638015,1431,1054,971,89,0,151638015,1.1349016724866752
151649372,1440,1078,966,89,0,151649372,1.1349016724866752
151670647,1428,1029,961,89,0,151670647,1.1349016724866752
151688321,1444,1052,976,89,0,151688321,1.1349016724866752
151698565,1402,1053,973,89,0,151698565,1.1349016724866752
151710066,1432,1049,958,89,0,151710066,1.1349016724866752
151722434,1433,1044,971,89,0,151722434,1.1349016724866752
151735571,1408,1054,968,89,0,151735571,1.1349016724866752
151745973,1447,1053,960,89,0,151745973,1.1349016724866752
151762374,1417,1062,959,89,0,151762374,1.1349016724866752
151776972,1421,1024,970,89,0,151776972,1.1349016724866752
151787514,1441,1044,973,89,0,151787514,1.1349016724866752
151798664,1459,1048,972,89,0,151798664,1.1349016724866752
151811382,1433,1041,975,89,0,151811382,1.1349016724866752
151824116,1428,1049,965,89,0,151824116,1.1349016724866752
151836674,1417,1051,980,89,0,151836674,1.1349016724866752
151846593,1441,1053,979,89,0,151846593,1.1349016724866752
151858656,1415,1043,969,89,0,151858656,1.1349016724866752
151871567,1410,1029,969,89,0,151871567,1.1349016724866752
151889561,1409,1046,969,89,0,151889561,1.1349016724866752
151899275,1446,1040,967,89,0,151899275,1.1349016724866752
151913295,1436,1046,963,89,0,151913295,1.1349016724866752
151926162,1421,1040,971,89,0,151926162,1.1349016724866752
151939114,1424,1049,974,89,0,151939114,1.1349016724866752
151949267,1437,1037,976,89,0,151949267,1.1349016724866752
151962440,1409,1051,974,89,0,151962440,1.1349016724866752
151974040,1438,1045,960,89,0,151974040,1.1349016724866752
151989908,1427,1030,958,89,0,151989908,1.1349016724866752
152003245,1426,1064,961,89,0,152003245,1.1349016724866752
152015959,1427,1039,966,89,0,152015959,1.1349016724866752
152031606,1425,1032,965,89,0,152031606,1.1349016724866752
152044178,1426,1066,974,89,0,152044178,1.1349016724866752
152056774,1434,1010,957,89,0,152056774,1.1349016724866752
152072938,1454,1053,965,89,0,152072938,1.1349016724866752
152086362,1439,1040,966,89,0,152086362,1.1349016724866752
152100159,1438,1054,968,89,0,152100159,1.1349016724866752
152112187,1438,1045,963,89,0,152112187,1.1349016724866752
152125640,1441,1046,968,89,0,152125640,1.1349016724866752
152138548,1442,1044,977,89,0,152138548,1.1349016724866752
152151052,1445,1044,971,89,0,152151052,1.1349016724866752
152161948,1433,1010,972,89,0,152161948,1.1349016724866752
152175628,1423,1037,974,89,0,152175628,1.1349016724866752
152195605,1452,1051,962,89,0,152195605,1.1349016724866752
152208259,1426,1044,968,89,0,152208259,1.1349016724866752
152220738,1430,1030,973,89,0,152220738,1.1349016724866752
152234266,1427,1042,964,89,0,152234266,1.1349016724866752
152248966,1427,1050,973,89,0,152248966,1.1349016724866752
152264789,1427,1043,978,89,0,152264789,1.1349016724866752
152276898,1418,1053,968,89,0,152276898,1.1349016724866752
152290370,1444,1046,965,89,0,152290370,1.1349016724866752
152302793,1442,1041,969,89,0,152302793,1.1349016724866752
152314794,1438,1037,968,89,0,152314794,1.1349016724866752
152329300,1425,1034,965,89,0,152329300,1.1349016724866752
152341975,1433,1044,960,89,0,152341975,1.1349016724866752
152355252,1438,1038,963,89,0,152355252,1.1349016724866752
152366992,1434,1035,972,89,0,152366992,1.1349016724866752
152379277,1448,1061,975,89,0,152379277,1.1349016724866752
152391628,1435,1032,971,89,0,152391628,1.1349016724866752
152401690,1430,1034,971,89,0,152401690,1.1349016724866752
152416391,1414,1049,966,89,0,152416391,1.1349016724866752
152429602,1436,1036,975,89,0,152429602,1.1349016724866752
152442124,1428,1039,966,89,0,152442124,1.1349016724866752
152456938,1439,1049,966,89,0,152456938,1.1349016724866752
152469708,1444,1056,968,89,0,152469708,1.1349016724866752
152480971,1446,1033,961,89,0,152480971,1.1349016724866752
152493080,1424,1035,967,89,0,152493080,1.1349016724866752
152504240,1427,1034,971,89,0,152504240,1.1349016724866752
152515455,1432,1035,968,89,0,152515455,1.1349016724866752
152529951,1435,1028,976,89,0,152529951,1.1349016724866752
152541095,1438,1043,964,89,0,152541095,1.1349016724866752
152553478,1427,1038,971,89,0,152553478,1.1349016724866752
152565545,1436,1044,965,89,0,152565545,1.1349016724866752
152578501,1427,1064,964,89,0,152578501,1.1349016724866752
152592265,1434,1040,977,89,0,152592265,1.1349016724866752
152609955,1429,1051,965,89,0,152609955,1.1349016724866752
152623793,1430,1049,963,89,0,152623793,1.1349016724866752
152636555,1414,1038,969,89,0,152636555,1.1349016724866752
152648824,1438,1036,970,89,0,152648824,1.1349016724866752
152660834,1454,1034,968,89,0,152660834,1.1349016724866752
152674399,1439,1044,976,89,0,152674399,1.1349016724866752
152687718,1424,1056,972,89,0,152687718,1.1349016724866752
152701085,1453,1033,965,89,0,152701085,1.1349016724866752
152712649,1432,1065,965,89,0,152712649,1.1349016724866752
152725632,1437,1075,973,89,0,152725632,1.1349016724866752
152739480,1434,1043,970,89,0,152739480,1.1349016724866752
152750429,1432,1054,965,89,0,152750429,1.1349016724866752
152761611,1424,1046,963,89,0,152761611,1.1349016724866752
152773989,1422,1049,966,89,0,152773989,1.1349016724866752
152787293,1435,1041,968,89,0,152787293,1.1349016724866752
152803949,1426,1043,965,89,0,152803949,1.1349016724866752
152814914,1442,1051,971,89,0,152814914,1.1349016724866752
152827591,1438,1058,963,89,0,152827591,1.1349016724866752
152842073,1412,1074,959,89,0,152842073,1.1349016724866752
152854431,1437,1044,958,89,0,152854431,1.1349016724866752
152868507,1437,1037,970,89,0,152868507,1.1349016724866752
152885108,1403,1061,963,89,0,152885108,1.1349016724866752
152899862,1414,1034,962,89,0,152899862,1.1349016724866752
152911418,1422,1058,967,89,0,152911418,1.1349016724866752
152924393,1401,1052,964,89,0,152924393,1.1349016724866752
152934731,1423,1061,962,89,0,152934731,1.1349016724866752
152945745,1423,1057,967,89,0,152945745,1.1349016724866752
152956721,1436,1037,963,89,0,152956721,1.1349016724866752
152967518,1449,1043,971,89,0,152967518,1.1349016724866752
152979025,1417,1046,971,89,0,152979025,1.1349016724866752
152993015,1441,1038,968,89,0,152993015,1.1349016724866752
153004643,1429,1046,968,89,0,153004643,1.1349016724866752
153016620,1422,1038,961,89,0,153016620,1.1349016724866752
153028206,1432,1046,967,89,0,153028206,1.1349016724866752
153041392,1442,1050,962,89,0,153041392,1.1349016724866752
153053141,1444,1052,978,89,0,153053141,1.1349016724866752
153063216,1433,1040,962,89,0,153063216,1.1349016724866752
153076339,1430,1052,970,89,0,153076339,1.1349016724866752
153092167,1427,1036,960,89,0,153092167,1.1349016724866752
153103601,1412,1043,969,89,0,153103601,1.1349016724866752
153115751,1425,1050,961,89,0,153115751,1.1349016724866752
153128111,1434,1037,976,89,0,153128111,1.1349016724866752
153140488,1427,1040,964,89,0,153140488,1.1349016724866752
153151400,1436,1053,968,89,0,153151400,1.1349016724866752
153163994,1428,1028,969,89,0,153163994,1.1349016724866752
153176690,1433,1039,957,89,0,153176690,1.1349016724866752
153193397,1408,1038,962,89,0,153193397,1.1349016724866752
153205708,1419,1030,966,89,0,153205708,1.1349016724866752
153220395,1446,1043,965,89,0,153220395,1.1349016724866752
153232406,1431,1062,973,89,0,153232406,1.1349016724866752
153244283,1424,1029,962,89,0,153244283,1.1349016724866752
153259537,1426,1046,962,89,0,153259537,1.1349016724866752
153272205,1433,1038,969,89,0,153272205,1.1349016724866752
153281581,1432,1051,966,89,0,153281581,1.1349016724866752
153293174,1427,1043,973,89,0,153293174,1.1349016724866752
153307892,1425,1070,969,89,0,153307892,1.1349016724866752
153321379,1427,1042,973,89,0,153321379,1.1349016724866752
153334037,1429,1054,960,89,0,153334037,1.1349016724866752
153347323,1443,1049,968,89,0,153347323,1.1349016724866752
153358469,1443,1048,971,89,0,153358469,1.1349016724866752
153367765,1430,1035,964,89,0,153367765,1.1349016724866752
153379682,1424,1048,963,89,0,153379682,1.1349016724866752
153391872,1434,1037,964,89,0,153391872,1.1349016724866752
153403584,1448,1041,965,89,0,153403584,1.1349016724866752
153415374,1423,1029,965,89,0,153415374,1.1349016724866752
153428201,1425,1043,965,89,0,153428201,1.1349016724866752
153440114,1430,1065,961,89,0,153440114,1.1349016724866752
153454443,1418,1038,966,89,0,153454443,1.1349016724866752
153464314,1401,1036,969,89,0,153464314,1.1349016724866752
153476950,1415,1025,964,89,0,153476950,1.1349016724866752
153489611,1422,1058,965,89,0,153489611,1.1349016724866752
153502925,1422,1051,969,89,0,153502925,1.1349016724866752
153515533,1418,1050,969,89,0,153515533,1.1349016724866752
153532126,1422,1054,970,89,0,153532126,1.1349016724866752
153546809,1425,1046,964,89,0,153546809,1.1349016724866752
153559321,1418,1052,963,89,0,153559321,1.1349016724866752
153575334,1422,1084,969,89,0,153575334,1.1349016724866752
153588557,1432,1053,966,89,0,153588557,1.1349016724866752
153601020,1442,1050,970,89,0,153601020,1.1349016724866752
153616288,1443,1031,969,89,0,153616288,1.1349016724866752
153630624,1449,1057,968,89,0,153630624,1.1349016724866752
153643802,1443,1008,966,89,0,153643802,1.1349016724866752
153655169,1454,1022,969,89,0,153655169,1.1349016724866752
153669422,1436,1074,970,89,0,153669422,1.1349016724866752
153682173,1421,1051,963,89,0,153682173,1.1349016724866752
153695923,1428,1033,964,89,0,153695923,1.1349016724866752
153709522,1436,1054,972,89,0,153709522,1.1349016724866752
153725663,1397,1018,969,89,0,153725663,1.1349016724866752
153737060,1433,1042,969,89,0,153737060,1.1349016724866752
153749564,1434,1056,964,89,0,153749564,1.1349016724866752
153763040,1427,1034,968,89,0,153763040,1.1349016724866752
153776024,1408,1027,966,89,0,153776024,1.1349016724866752
153791736,1392,1057,962,89,0,153791736,1.1349016724866752
153804028,1430,1046,963,89,0,153804028,1.1349016724866752
153816508,1417,1035,971,89,0,153816508,1.1349016724866752
153828611,1443,1044,972,89,0,153828611,1.1349016724866752
153839682,1433,1039,976,89,0,153839682,1.1349016724866752
153851128,1454,1039,979,89,0,153851128,1.1349016724866752
153864531,1424,1045,964,89,0,153864531,1.1349016724866752
153876232,1425,1051,972,89,0,153876232,1.1349016724866752
153888677,1434,1059,963,89,0,153888677,1.1349016724866752
153899591,1420,1043,970,89,0,153899591,1.1349016724866752
153911694,1435,1042,958,89,0,153911694,1.1349016724866752
153923460,1420,1037,972,89,0,153923460,1.1349016724866752
153933551,1433,1048,961,89,0,153933551,1.1349016724866752
153946461,1420,1057,968,89,0,153946461,1.1349016724866752
153958945,1419,1020,965,89,0,153958945,1.1349016724866752
153971137,1417,1049,970,89,0,153971137,1.1349016724866752
153982276,1429,1026,972,89,0,153982276,1.1349016724866752
153993989,1426,1046,966,89,0,153993989,1.1349016724866752
154005197,1427,1051,971,89,0,154005197,1.1349016724866752
154017018,1433,1022,963,89,0,154017018,1.1349016724866752
154032184,1419,1052,965,89,0,154032184,1.1349016724866752
154042248,1429,1051,962,89,0,154042248,1.1349016724866752
154055359,1433,1054,966,89,0,154055359,1.1349016724866752
154068471,1444,1052,972,89,0,154068471,1.1349016724866752
154081997,1451,1056,964,89,0,154081997,1.1349016724866752
154094122,1429,1045,969,89,0,154094122,1.1349016724866752
154109124,1441,1038,965,89,0,154109124,1.1349016724866752
154123885,1430,1044,963,89,0,154123885,1.1349016724866752
154136623,1443,1061,971,89,0,154136623,1.1349016724866752
154148082,1420,1048,960,89,0,154148082,1.1349016724866752
154160173,1428,1035,971,89,0,154160173,1.1349016724866752
154172762,1426,1003,969,89,0,154172762,1.1349016724866752
154187387,1409,1053,964,89,0,154187387,1.1349016724866752
154198846,1438,1035,964,89,0,154198846,1.1349016724866752
154209523,1429,1021,964,89,0,154209523,1.1349016724866752
154223919,1426,1034,965,89,0,154223919,1.1349016724866752
154246970,1425,1045,965,89,0,154246970,1.1349016724866752
154259297,1411,1046,957,89,0,154259297,1.1349016724866752
154273046,1433,1041,960,89,0,154273046,1.1349016724866752
154285096,1440,1025,971,89,0,154285096,1.1349016724866752
154296509,1426,1050,972,89,0,154296509,1.1349016724866752
154310850,1417,1065,972,89,0,154310850,1.1349016724866752
154323190,1435,1054,963,89,0,154323190,1.1349016724866752
154334180,1425,1056,963,89,0,154334180,1.1349016724866752
154347938,1432,1048,962,89,0,154347938,1.1349016724866752
154358358,1427,1046,977,89,0,154358358,1.1349016724866752
154370747,1437,1057,978,89,0,154370747,1.1349016724866752
154386059,1452,1052,971,89,0,154386059,1.1349016724866752
154397312,1419,1034,974,89,0,154397312,1.1349016724866752
154410902,1424,1034,971,89,0,154410902,1.1349016724866752
154422942,1421,1056,975,89,0,154422942,1.1349016724866752
154437617,1441,1033,960,89,0,154437617,1.1349016724866752
154449512,1420,1030,970,89,0,154449512,1.1349016724866752
154460624,1422,1054,969,89,0,154460624,1.1349016724866752
154471404,1454,1061,970,89,0,154471404,1.1349016724866752
154482251,1422,1045,963,89,0,154482251,1.1349016724866752
154494767,1444,1046,965,89,0,154494767,1.1349016724866752
154513156,1419,1031,968,89,0,154513156,1.1349016724866752
154523073,1422,1045,963,89,0,154523073,1.1349016724866752
154535959,1420,1046,965,89,0,154535959,1.1349016724866752
154547849,1443,1033,968,89,0,154547849,1.1349016724866752
154561928,1393,1044,963,89,0,154561928,1.1349016724866752
154573001,1417,1037,973,89,0,154573001,1.1349016724866752
154584259,1394,1070,968,89,0,154584259,1.1349016724866752
154597806,1406,1043,962,89,0,154597806,1.1349016724866752
154608680,1412,1038,968,89,0,154608680,1.1349016724866752
154625209,1437,1012,967,89,0,154625209,1.1349016724866752
154638113,1429,1057,968,89,0,154638113,1.1349016724866752
154652111,1427,1025,971,89,0,154652111,1.1349016724866752
154664399,1433,1049,967,89,0,154664399,1.1349016724866752
154677848,1424,1054,962,89,0,154677848,1.1349016724866752
154689365,1417,1046,966,89,0,154689365,1.1349016724866752
154702866,1424,1046,969,89,0,154702866,1.1349016724866752
154717853,1424,1029,961,89,0,154717853,1.1349016724866752
154731119,1409,1057,961,89,0,154731119,1.1349016724866752
154743522,1402,1020,970,89,0,154743522,1.1349016724866752
154754106,1413,1040,963,89,0,154754106,1.1349016724866752
154765863,1400,1050,961,89,0,154765863,1.1349016724866752
154778271,1411,1039,964,89,0,154778271,1.1349016724866752
154793306,1419,1049,963,89,0,154793306,1.1349016724866752
154805074,1433,1046,974,89,0,154805074,1.1349016724866752
154814758,1414,1051,968,89,0,154814758,1.1349016724866752
154829067,1424,1030,965,89,0,154829067,1.1349016724866752
154839591,1408,1054,969,89,0,154839591,1.1349016724866752
154851453,1437,1037,959,89,0,154851453,1.1349016724866752
154863305,1422,1052,969,89,0,154863305,1.1349016724866752
154875308,1435,1038,957,89,0,154875308,1.1349016724866752
154888420,1462,1061,966,89,0,154888420,1.1349016724866752
154901598,1446,1043,967,89,0,154901598,1.1349016724866752
154915358,1427,1073,966,89,0,154915358,1.1349016724866752
154926716,1436,1045,964,89,0,154926716,1.1349016724866752
154938002,1417,1052,960,89,0,154938002,1.1349016724866752
154947213,1429,1045,973,89,0,154947213,1.1349016724866752
154958623,1435,1073,966,89,0,154958623,1.1349016724866752
154969965,1416,1060,966,89,0,154969965,1.1349016724866752
154981519,1437,1044,970,89,0,154981519,1.1349016724866752
154992900,1432,1039,968,89,0,154992900,1.1349016724866752
155004936,1417,1040,974,89,0,155004936,1.1349016724866752
155022205,1436,1043,965,89,0,155022205,1.1349016724866752
155033443,1401,1032,972,89,0,155033443,1.1349016724866752
155044839,1422,1040,958,89,0,155044839,1.1349016724866752
155058274,1427,1034,971,89,0,155058274,1.1349016724866752
155068995,1409,1050,971,89,0,155068995,1.1349016724866752
155080934,1413,1036,976,89,0,155080934,1.1349016724866752
155092834,1410,1067,965,89,0,155092834,1.1349016724866752
155104855,1392,1036,966,89,0,155104855,1.1349016724866752
155117542,1428,1040,962,89,0,155117542,1.1349016724866752
155129201,1443,1051,967,89,0,155129201,1.1349016724866752
155143388,1453,1046,963,89,0,155143388,1.1349016724866752
155156281,1438,1050,970,89,0,155156281,1.1349016724866752
155169213,1449,1050,969,89,0,155169213,1.1349016724866752
155181371,1440,1041,968,89,0,155181371,1.1349016724866752
155193422,1467,1043,968,89,0,155193422,1.1349016724866752
155205597,1422,1064,973,89,0,155205597,1.1349016724866752
155219972,1441,1038,964,89,0,155219972,1.1349016724866752
155232429,1426,1025,963,89,0,155232429,1.1349016724866752
155245063,1403,1043,970,89,0,155245063,1.1349016724866752
155258559,1454,1034,965,89,0,155258559,1.1349016724866752
155271083,1442,1043,966,89,0,155271083,1.1349016724866752
155281786,1426,1049,963,89,0,155281786,1.1349016724866752
155297754,1433,1045,972,89,0,155297754,1.1349016724866752
155310789,1427,1057,970,89,0,155310789,1.1349016724866752
155322716,1427,1072,968,89,0,155322716,1.1349016724866752
155336133,1397,1052,969,89,0,155336133,1.1349016724866752
155347414,1405,1056,968,89,0,155347414,1.1349016724866752
155359945,1433,1021,970,89,0,155359945,1.1349016724866752
155371890,1434,1029,976,89,0,155371890,1.1349016724866752
155385763,1408,1048,974,89,0,155385763,1.1349016724866752
155397079,1427,1033,962,89,0,155397079,1.1349016724866752
155409726,1429,1065,960,89,0,155409726,1.1349016724866752
155420803,1440,1061,970,89,0,155420803,1.1349016724866752
155436299,1424,1029,971,89,0,155436299,1.1349016724866752
155449407,1433,1038,962,89,0,155449407,1.1349016724866752
155460807,1448,1044,977,89,0,155460807,1.1349016724866752
155472875,1444,1053,970,89,0,155472875,1.1349016724866752
155490780,1445,1043,972,89,0,155490780,1.1349016724866752
155505613,1460,1050,980,89,0,155505613,1.1349016724866752
155518402,1454,1039,965,89,0,155518402,1.1349016724866752
155528950,1425,1023,970,89,0,155528950,1.1349016724866752
155540013,1439,1067,962,89,0,155540013,1.1349016724866752
155553674,1449,1053,977,89,0,155553674,1.1349016724866752
155566394,1456,1046,976,89,0,155566394,1.1349016724866752
155578481,1436,1037,964,89,0,155578481,1.1349016724866752
155593324,1441,1036,977,89,0,155593324,1.1349016724866752
155605409,1462,1051,980,89,0,155605409,1.1349016724866752
155621870,1439,1048,964,89,0,155621870,1.1349016724866752
155632854,1439,1042,969,89,0,155632854,1.1349016724866752
155647954,1419,1057,972,89,0,155647954,1.1349016724866752
155658817,1450,1024,967,89,0,155658817,1.1349016724866752
155670840,1441,1046,963,89,0,155670840,1.1349016724866752
155682816,1441,1050,969,89,0,155682816,1.1349016724866752
155695324,1441,1042,964,89,0,155695324,1.1349016724866752
155709547,1456,1060,978,89,0,155709547,1.1349016724866752
155722619,1441,1075,963,89,0,155722619,1.1349016724866752
155737902,1451,1050,961,89,0,155737902,1.1349016724866752
155751942,1418,1041,970,89,0,155751942,1.1349016724866752
155763966,1429,1068,966,89,0,155763966,1.1349016724866752
155781365,1420,1041,972,89,0,155781365,1.1349016724866752
155792317,1424,1019,961,89,0,155792317,1.1349016724866752
155805988,1425,1038,967,89,0,155805988,1.1349016724866752
155818205,1434,1034,971,89,0,155818205,1.1349016724866752
155828689,1430,1069,969,89,0,155828689,1.1349016724866752
155839181,1443,1054,967,89,0,155839181,1.1349016724866752
155853614,1436,1045,977,89,0,155853614,1.1349016724866752
155866448,1446,1056,977,89,0,155866448,1.1349016724866752
155877552,1461,1050,971,89,0,155877552,1.1349016724866752
155889024,1435,1058,973,89,0,155889024,1.1349016724866752
155901923,1451,1064,970,89,0,155901923,1.1349016724866752
155911884,1429,1048,965,89,0,155911884,1.1349016724866752
155923146,1437,1050,973,89,0,155923146,1.1349016724866752
155933554,1425,1049,968,89,0,155933554,1.1349016724866752
155948520,1429,1062,969,89,0,155948520,1.1349016724866752
155964023,1421,1053,967,89,0,155964023,1.1349016724866752
155975007,1420,1043,969,89,0,155975007,1.1349016724866752
155987616,1426,1039,965,89,0,155987616,1.1349016724866752
156000643,1437,1038,971,89,0,156000643,1.1349016724866752
156010195,1433,1046,972,89,0,156010195,1.1349016724866752
156022269,1419,1070,972,89,0,156022269,1.1349016724866752
156038846,1438,1053,964,89,0,156038846,1.1349016724866752
156048753,1415,1057,963,89,0,156048753,1.1349016724866752
156063578,1434,1050,965,89,0,156063578,1.1349016724866752
156074118,1435,1056,972,89,0,156074118,1.1349016724866752
156085411,1432,1037,978,89,0,156085411,1.1349016724866752
156098953,1416,1073,972,89,0,156098953,1.1349016724866752
156111124,1412,1036,979,89,0,156111124,1.1349016724866752
156125585,1446,1056,971,89,0,156125585,1.1349016724866752
156137772,1435,1043,968,89,0,156137772,1.1349016724866752
156148442,1454,1060,968,89,0,156148442,1.1349016724866752
156160985,1438,1068,977,89,0,156160985,1.1349016724866752
156171059,1438,1049,970,89,0,156171059,1.1349016724866752
156187861,1428,1056,967,89,0,156187861,1.1349016724866752
156202232,1422,1018,963,89,0,156202232,1.1349016724866752
156213528,1438,1062,968,89,0,156213528,1.1349016724866752
156227946,1421,1054,968,89,0,156227946,1.1349016724866752
156239197,1433,1045,970,89,0,156239197,1.1349016724866752
156249383,1416,1061,975,89,0,156249383,1.1349016724866752
156261961,1443,1044,970,89,0,156261961,1.1349016724866752
156272472,1428,1053,964,89,0,156272472,1.1349016724866752
156285120,1438,1054,966,89,0,156285120,1.1349016724866752
156297835,1425,1062,962,89,0,156297835,1.1349016724866752
156308506,1425,1074,971,89,0,156308506,1.1349016724866752
156321056,1446,1068,963,89,0,156321056,1.1349016724866752
156334010,1428,1056,974,89,0,156334010,1.1349016724866752
156348151,1419,1028,969,89,0,156348151,1.1349016724866752
156360587,1419,1037,963,89,0,156360587,1.1349016724866752
156370580,1419,1053,965,89,0,156370580,1.1349016724866752
156383567,1425,1053,972,89,0,156383567,1.1349016724866752
156395143,1433,1042,967,89,0,156395143,1.1349016724866752
156406423,1428,1051,970,89,0,156406423,1.1349016724866752
156416981,1426,1058,966,89,0,156416981,1.1349016724866752
156427048,1436,1041,963,89,0,156427048,1.1349016724866752
156443961,1412,1056,965,89,0,156443961,1.1349016724866752
156456729,1420,1029,962,89,0,156456729,1.1349016724866752
156471653,1421,1051,960,89,0,156471653,1.1349016724866752
156485017,1433,1050,966,89,0,156485017,1.1349016724866752
156496964,1429,1030,961,89,0,156496964,1.1349016724866752
156511005,1435,1043,970,89,0,156511005,1.1349016724866752
156523946,1427,1054,976,89,0,156523946,1.1349016724866752
156538375,1433,1028,972,89,0,156538375,1.1349016724866752
156549853,1443,1045,966,89,0,156549853,1.1349016724866752
156565940,1438,1044,964,89,0,156565940,1.1349016724866752
156577117,1422,1066,957,89,0,156577117,1.1349016724866752
156588832,1433,1050,963,89,0,156588832,1.1349016724866752
156599939,1441,1046,972,89,0,156599939,1.1349016724866752
156611517,1424,1037,962,89,0,156611517,1.1349016724866752
156621443,1448,1052,963,89,0,156621443,1.1349016724866752
156634199,1443,1062,973,89,0,156634199,1.1349016724866752
156645844,1428,1049,968,89,0,156645844,1.1349016724866752
156656776,1441,1033,972,89,0,156656776,1.1349016724866752
156671166,1457,1062,974,89,0,156671166,1.1349016724866752
156681291,1443,1050,962,89,0,156681291,1.1349016724866752
156691730,1440,1055,971,89,0,156691730,1.1349016724866752
156703935,1446,1057,970,89,0,156703935,1.1349016724866752
156716045,1414,1045,971,89,0,156716045,1.1349016724866752
156726497,1453,1046,968,89,0,156726497,1.1349016724866752
156746404,1430,1042,971,89,0,156746404,1.1349016724866752
156757973,1432,1062,976,89,0,156757973,1.1349016724866752
156772248,1443,1050,976,89,0,156772248,1.1349016724866752
156782932,1422,1042,967,89,0,156782932,1.1349016724866752
156795207,1436,1041,970,89,0,156795207,1.1349016724866752
156809632,1426,1054,981,89,0,156809632,1.1349016724866752
156824082,1437,1040,965,89,0,156824082,1.1349016724866752
156837257,1428,1046,960,89,0,156837257,1.1349016724866752
156847173,1415,1022,963,89,0,156847173,1.1349016724866752
156860492,1419,1037,963,89,0,156860492,1.1349016724866752
156871705,1429,1044,966,89,0,156871705,1.1349016724866752
156883811,1423,1041,965,89,0,156883811,1.1349016724866752
156896590,1435,1042,970,89,0,156896590,1.1349016724866752
156911668,1420,1045,974,89,0,156911668,1.1349016724866752
156922813,1406,1067,961,89,0,156922813,1.1349016724866752
156936759,1430,1038,968,89,0,156936759,1.1349016724866752
156948596,1405,1050,963,89,0,156948596,1.1349016724866752
156960945,1414,1036,972,89,0,156960945,1.1349016724866752
156974259,1410,1062,970,89,0,156974259,1.1349016724866752
156989489,1400,1065,968,89,0,156989489,1.1349016724866752
157000169,1408,1044,964,89,0,157000169,1.1349016724866752
157012991,1443,1058,968,89,0,157012991,1.1349016724866752
157024402,1425,1066,976,89,0,157024402,1.1349016724866752
157037343,1428,1070,968,89,0,157037343,1.1349016724866752
157052612,1443,1043,970,89,0,157052612,1.1349016724866752
157062043,1425,1050,973,89,0,157062043,1.1349016724866752
157072889,1448,1056,969,89,0,157072889,1.1349016724866752
157085772,1424,1056,969,89,0,157085772,1.1349016724866752
157096402,1413,1062,969,89,0,157096402,1.1349016724866752
157107039,1428,1056,968,89,0,157107039,1.1349016724866752
157122910,1430,1056,970,89,0,157122910,1.1349016724866752
157135509,1391,1067,969,89,0,157135509,1.1349016724866752
157146281,1421,1042,966,89,0,157146281,1.1349016724866752
157161986,1412,1054,961,89,0,157161986,1.1349016724866752
157174613,1418,1046,970,89,0,157174613,1.1349016724866752
157187183,1425,1062,965,89,0,157187183,1.1349016724866752
157197619,1417,1048,971,89,0,157197619,1.1349016724866752
157211817,1418,1035,972,89,0,157211817,1.1349016724866752
157222950,1424,1044,961,89,0,157222950,1.1349016724866752
157234830,1407,1056,969,89,0,157234830,1.1349016724866752
157248858,1413,1065,969,89,0,157248858,1.1349016724866752
157261185,1446,1051,962,89,0,157261185,1.1349016724866752
157272268,1435,1055,966,89,0,157272268,1.1349016724866752
157286078,1426,1038,964,89,0,157286078,1.1349016724866752
157297540,1437,1045,976,89,0,157297540,1.1349016724866752
157308806,1422,1069,969,89,0,157308806,1.1349016724866752
157322548,1426,1056,971,89,0,157322548,1.1349016724866752
157333084,1453,1059,969,89,0,157333084,1.1349016724866752
157347956,1446,1058,965,89,0,157347956,1.1349016724866752
157361828,1438,1053,962,89,0,157361828,1.1349016724866752
157374065,1420,1041,976,89,0,157374065,1.1349016724866752
157384944,1428,1036,972,89,0,157384944,1.1349016724866752
157396022,1421,1056,973,89,0,157396022,1.1349016724866752
157406592,1413,1058,969,89,0,157406592,1.1349016724866752
157418930,1420,1049,964,89,0,157418930,1.1349016724866752
157430707,1435,1050,966,89,0,157430707,1.1349016724866752
157442786,1427,1058,973,89,0,157442786,1.1349016724866752
157455023,1417,1050,969,89,0,157455023,1.1349016724866752
157469274,1405,1062,963,89,0,157469274,1.1349016724866752
157483335,1390,1074,971,89,0,157483335,1.1349016724866752
157494826,1417,1038,966,89,0,157494826,1.1349016724866752
157508199,1423,1040,970,89,0,157508199,1.1349016724866752
157521371,1404,1080,971,89,0,157521371,1.1349016724866752
157533369,1402,1044,964,89,0,157533369,1.1349016724866752
157545864,1403,1058,961,89,0,157545864,1.1349016724866752
157557073,1438,1069,971,89,0,157557073,1.1349016724866752
157568719,1436,1056,968,89,0,157568719,1.1349016724866752
157581892,1404,1070,965,89,0,157581892,1.1349016724866752
157595777,1376,1084,973,89,0,157595777,1.1349016724866752
157607947,1437,1056,968,89,0,157607947,1.1349016724866752
157621362,1441,1036,964,89,0,157621362,1.1349016724866752
157632831,1419,1058,967,89,0,157632831,1.1349016724866752
157644384,1432,1055,968,89,0,157644384,1.1349016724866752
157656342,1442,1051,977,89,0,157656342,1.1349016724866752
157667407,1423,1039,976,89,0,157667407,1.1349016724866752
157679540,1412,1058,965,89,0,157679540,1.1349016724866752
157694170,1437,1054,971,89,0,157694170,1.1349016724866752
157707442,1417,1067,966,89,0,157707442,1.1349016724866752
157720691,1436,1045,958,89,0,157720691,1.1349016724866752
157731601,1433,1051,976,89,0,157731601,1.1349016724866752
157745554,1438,1070,966,89,0,157745554,1.1349016724866752
157761949,1434,1048,965,89,0,157761949,1.1349016724866752
157772489,1422,1026,974,89,0,157772489,1.1349016724866752
157787305,1442,1049,974,89,0,157787305,1.1349016724866752
157796426,1438,1075,962,89,0,157796426,1.1349016724866752
157806593,1433,1065,965,89,0,157806593,1.1349016724866752
157818309,1419,1037,965,89,0,157818309,1.1349016724866752
157831313,1436,1060,972,89,0,157831313,1.1349016724866752
157841830,1436,1035,961,89,0,157841830,1.1349016724866752
157856260,1432,1077,966,89,0,157856260,1.1349016724866752
157867136,1416,1046,962,89,0,157867136,1.1349016724866752
157878630,1413,1066,959,89,0,157878630,1.1349016724866752
157890350,1427,1038,963,89,0,157890350,1.1349016724866752
157901483,1438,1035,971,89,0,157901483,1.1349016724866752
157912156,1430,1061,971,89,0,157912156,1.1349016724866752
157926151,1451,1043,974,89,0,157926151,1.1349016724866752
157937387,1430,1049,972,89,0,157937387,1.1349016724866752
157948541,1438,1044,973,89,0,157948541,1.1349016724866752
157962990,1451,1040,973,89,0,157962990,1.1349016724866752
157975216,1433,1042,971,89,0,157975216,1.1349016724866752
157987134,1434,1058,963,89,0,157987134,1.1349016724866752
157999629,1458,1051,961,89,0,157999629,1.1349016724866752
158012744,1441,1056,961,89,0,158012744,1.1349016724866752
158024577,1468,1042,970,89,0,158024577,1.1349016724866752
158039168,1424,1069,974,89,0,158039168,1.1349016724866752
158050669,1436,1044,968,89,0,158050669,1.1349016724866752
158064102,1431,1041,969,89,0,158064102,1.1349016724866752
158078749,1449,1058,970,89,0,158078749,1.1349016724866752
158089023,1443,1070,969,89,0,158089023,1.1349016724866752
158103226,1419,1052,963,89,0,158103226,1.1349016724866752
158118550,1432,1051,966,89,0,158118550,1.1349016724866752
158131269,1434,1056,961,89,0,158131269,1.1349016724866752
158143038,1450,1053,962,89,0,158143038,1.1349016724866752
158155402,1427,1072,966,89,0,158155402,1.1349016724866752
158168308,1437,1057,972,89,0,158168308,1.1349016724866752
158179102,1435,1079,962,89,0,158179102,1.1349016724866752
158191686,1420,1059,968,89,0,158191686,1.1349016724866752
158201200,1432,1056,976,89,0,158201200,1.1349016724866752
158214199,1453,1048,963,89,0,158214199,1.1349016724866752
158227437,1458,1064,967,89,0,158227437,1.1349016724866752
158238338,1445,1054,969,89,0,158238338,1.1349016724866752
158249922,1448,1051,969,89,0,158249922,1.1349016724866752
158260324,1443,1060,966,89,0,158260324,1.1349016724866752
158271297,1437,1070,969,89,0,158271297,1.1349016724866752
158284134,1444,1053,968,89,0,158284134,1.1349016724866752
158296363,1434,1042,971,89,0,158296363,1.1349016724866752
158307423,1410,1037,962,89,0,158307423,1.1349016724866752
158319116,1427,1056,966,89,0,158319116,1.1349016724866752
158329374,1432,1052,973,89,0,158329374,1.1349016724866752
158342557,1451,1045,964,89,0,158342557,1.1349016724866752
158353500,1444,1048,968,89,0,158353500,1.1349016724866752
158365349,1445,1070,968,89,0,158365349,1.1349016724866752
158377437,1453,1041,973,89,0,158377437,1.1349016724866752
158390424,1440,1041,976,89,0,158390424,1.1349016724866752
158402045,1441,1057,968,89,0,158402045,1.1349016724866752
158413239,1447,1043,968,89,0,158413239,1.1349016724866752
158425989,1419,1034,973,89,0,158425989,1.1349016724866752
158438182,1459,1049,971,89,0,158438182,1.1349016724866752
158448752,1432,1037,970,89,0,158448752,1.1349016724866752
158464956,1420,1071,969,89,0,158464956,1.1349016724866752
158479444,1437,1049,966,89,0,158479444,1.1349016724866752
158490896,1409,1049,973,89,0,158490896,1.1349016724866752
158505300,1444,1052,962,89,0,158505300,1.1349016724866752
158515872,1433,1050,961,89,0,158515872,1.1349016724866752
158529701,1442,1053,974,89,0,158529701,1.1349016724866752
158541373,1419,1033,970,89,0,158541373,1.1349016724866752
158556210,1462,1055,965,89,0,158556210,1.1349016724866752
158568063,1412,1043,963,89,0,158568063,1.1349016724866752
158579205,1416,1038,964,89,0,158579205,1.1349016724866752
158594550,1421,1059,973,89,0,158594550,1.1349016724866752
158606609,1428,1032,962,89,0,158606609,1.1349016724866752
158617703,1422,1040,967,89,0,158617703,1.1349016724866752
158628170,1422,1044,964,89,0,158628170,1.1349016724866752
158640591,1419,1041,966,89,0,158640591,1.1349016724866752
158652798,1435,1047,970,89,0,158652798,1.1349016724866752
158664659,1435,1058,966,89,0,158664659,1.1349016724866752
158675158,1442,1026,966,89,0,158675158,1.1349016724866752
158685954,1445,1065,961,89,0,158685954,1.1349016724866752
158702348,1440,1052,972,89,0,158702348,1.1349016724866752
158714363,1444,1052,970,89,0,158714363,1.1349016724866752
158724350,1430,1059,962,89,0,158724350,1.1349016724866752
158734872,1439,1040,965,89,0,158734872,1.1349016724866752
158744850,1433,1040,962,89,0,158744850,1.1349016724866752
158755188,1448,1041,970,89,0,158755188,1.1349016724866752
158765113,1446,1051,963,89,0,158765113,1.1349016724866752
158780274,1428,1066,960,89,0,158780274,1.1349016724866752
158790728,1438,1050,969,89,0,158790728,1.1349016724866752
158803863,1419,1069,966,89,0,158803863,1.1349016724866752
158814223,1422,1052,963,89,0,158814223,1.1349016724866752
158825238,1422,1057,964,89,0,158825238,1.1349016724866752
158835919,1419,1043,964,89,0,158835919,1.1349016724866752
158848228,1425,1065,963,89,0,158848228,1.1349016724866752
158861597,1416,1042,972,89,0,158861597,1.1349016724866752
158878325,1413,1076,963,89,0,158878325,1.1349016724866752
158888554,1395,1058,976,89,0,158888554,1.1349016724866752
158898821,1443,1048,969,89,0,158898821,1.1349016724866752
158914285,1413,1057,954,89,0,158914285,1.1349016724866752
158922681,1441,1060,962,89,0,158922681,1.1349016724866752
158936438,1432,1044,966,89,0,158936438,1.1349016724866752
158949938,1408,1073,973,89,0,158949938,1.1349016724866752
158961680,1428,1071,969,89,0,158961680,1.1349016724866752
158972937,1402,1048,961,89,0,158972937,1.1349016724866752
158986328,1394,1030,964,89,0,158986328,1.1349016724866752
159002766,1427,1055,970,89,0,159002766,1.1349016724866752
159015702,1433,1059,961,89,0,159015702,1.1349016724866752
159028772,1459,1051,965,89,0,159028772,1.1349016724866752
159038753,1426,1035,971,89,0,159038753,1.1349016724866752
159051987,1420,1051,969,89,0,159051987,1.1349016724866752
159062726,1417,1062,962,89,0,159062726,1.1349016724866752
159074878,1410,1059,968,89,0,159074878,1.1349016724866752
159085222,1425,1053,966,89,0,159085222,1.1349016724866752
159097099,1429,1066,971,89,0,159097099,1.1349016724866752
159108316,1424,1047,963,89,0,159108316,1.1349016724866752
159119792,1421,1064,960,89,0,159119792,1.1349016724866752
159132209,1432,1042,970,89,0,159132209,1.1349016724866752
159143216,1421,1050,972,89,0,159143216,1.1349016724866752
159158226,1409,1064,964,89,0,159158226,1.1349016724866752
159171471,1452,1046,957,89,0,159171471,1.1349016724866752
159181400,1441,1057,963,89,0,159181400,1.1349016724866752
159193265,1441,1040,973,89,0,159193265,1.1349016724866752
159204975,1433,1043,966,89,0,159204975,1.1349016724866752
159217141,1420,1057,968,89,0,159217141,1.1349016724866752
159229038,1416,1069,968,89,0,159229038,1.1349016724866752
159241258,1424,1056,968,89,0,159241258,1.1349016724866752
159255445,1426,1054,978,89,0,159255445,1.1349016724866752
159268868,1438,1051,962,89,0,159268868,1.1349016724866752
159279756,1422,1032,974,89,0,159279756,1.1349016724866752
159291168,1429,1041,968,89,0,159291168,1.1349016724866752
159304904,1427,1038,963,89,0,159304904,1.1349016724866752
159316460,1450,1053,965,89,0,159316460,1.1349016724866752
159328545,1424,1047,974,89,0,159328545,1.1349016724866752
159340043,1417,1070,964,89,0,159340043,1.1349016724866752
159351748,1428,1038,962,89,0,159351748,1.1349016724866752
159362388,1424,1064,972,89,0,159362388,1.1349016724866752
159378076,1449,1048,976,89,0,159378076,1.1349016724866752
159391263,1426,1058,970,89,0,159391263,1.1349016724866752
159411052,1420,1036,971,89,0,159411052,1.1349016724866752
159425216,1433,1041,972,89,0,159425216,1.1349016724866752
159436235,1430,1041,962,89,0,159436235,1.1349016724866752
159450959,1442,1020,970,89,0,159450959,1.1349016724866752
159462007,1435,1051,961,89,0,159462007,1.1349016724866752
159475638,1429,1060,969,89,0,159475638,1.1349016724866752
159489643,1428,1035,963,89,0,159489643,1.1349016724866752
159499361,1442,1035,968,89,0,159499361,1.1349016724866752
159512796,1413,1053,971,89,0,159512796,1.1349016724866752
159525925,1469,1056,969,89,0,159525925,1.1349016724866752
159541609,1436,1072,969,89,0,159541609,1.1349016724866752
159552566,1417,1034,967,89,0,159552566,1.1349016724866752
159568812,1422,1059,958,89,0,159568812,1.1349016724866752
159582860,1424,1048,973,89,0,159582860,1.1349016724866752
159594674,1430,1038,970,89,0,159594674,1.1349016724866752
159607949,1433,1041,964,89,0,159607949,1.1349016724866752
159623527,1427,1036,969,89,0,159623527,1.1349016724866752
159636991,1427,1068,961,89,0,159636991,1.1349016724866752
159647677,1424,1030,976,89,0,159647677,1.1349016724866752
159659707,1423,1054,970,89,0,159659707,1.1349016724866752
159671176,1428,1034,970,89,0,159671176,1.1349016724866752
159683450,1413,1058,966,89,0,159683450,1.1349016724866752
159695186,1445,1051,965,89,0,159695186,1.1349016724866752
159714647,1432,1045,966,89,0,159714647,1.1349016724866752
159725479,1443,1046,969,89,0,159725479,1.1349016724866752
159739453,1438,1046,965,89,0,159739453,1.1349016724866752
159749631,1450,1046,964,89,0,159749631,1.1349016724866752
159762698,1420,1076,964,89,0,159762698,1.1349016724866752
159773547,1439,1046,970,89,0,159773547,1.1349016724866752
159785773,1431,1020,964,89,0,159785773,1.1349016724866752
159796583,1448,1043,968,89,0,159796583,1.1349016724866752
159808121,1433,1044,962,89,0,159808121,1.1349016724866752
159819028,1441,1021,970,89,0,159819028,1.1349016724866752
159832644,1408,1060,964,89,0,159832644,1.1349016724866752
159845053,1436,1043,974,89,0,159845053,1.1349016724866752
159856909,1421,1073,972,89,0,159856909,1.1349016724866752
159868915,1427,1044,964,89,0,159868915,1.1349016724866752
159879813,1433,1063,960,89,0,159879813,1.1349016724866752
159891887,1413,1061,963,89,0,159891887,1.1349016724866752
159903265,1430,1044,962,89,0,159903265,1.1349016724866752
159916437,1448,1048,970,89,0,159916437,1.1349016724866752
159929316,1438,1042,965,89,0,159929316,1.1349016724866752
159942648,1433,1077,968,89,0,159942648,1.1349016724866752
159953032,1440,1060,962,89,0,159953032,1.1349016724866752
159965517,1446,1058,973,89,0,159965517,1.1349016724866752
159977649,1436,1052,969,89,0,159977649,1.1349016724866752
159992777,1429,1062,963,89,0,159992777,1.1349016724866752
160003366,1428,1048,972,89,0,160003366,1.1349016724866752
160014609,1413,1047,968,89,0,160014609,1.1349016724866752
160024301,1429,1067,968,89,0,160024301,1.1349016724866752
160036478,1420,1060,971,89,0,160036478,1.1349016724866752
160050319,1423,1062,970,89,0,160050319,1.1349016724866752
160061003,1428,1041,972,89,0,160061003,1.1349016724866752
160072525,1443,1064,970,89,0,160072525,1.1349016724866752
160083247,1420,1063,966,89,0,160083247,1.1349016724866752
160093934,1430,1060,968,89,0,160093934,1.1349016724866752
160107007,1468,1054,964,89,0,160107007,1.1349016724866752
160119257,1438,1074,963,89,0,160119257,1.1349016724866752
160131870,1442,1045,968,89,0,160131870,1.1349016724866752
160142466,1451,1047,961,89,0,160142466,1.1349016724866752
160152696,1446,1046,963,89,0,160152696,1.1349016724866752
160163811,1430,1044,964,89,0,160163811,1.1349016724866752
160174856,1459,1063,972,89,0,160174856,1.1349016724866752
160187955,1435,1050,973,89,0,160187955,1.1349016724866752
160201217,1428,1061,964,89,0,160201217,1.1349016724866752
160211607,1417,1052,975,89,0,160211607,1.1349016724866752
160222360,1427,1036,966,89,0,160222360,1.1349016724866752
160235396,1432,1052,978,89,0,160235396,1.1349016724866752
160246250,1433,1065,968,89,0,160246250,1.1349016724866752
160259516,1453,1057,980,89,0,160259516,1.1349016724866752
160272360,1437,1048,964,89,0,160272360,1.1349016724866752
160285247,1425,1045,964,89,0,160285247,1.1349016724866752
160297581,1430,1052,957,89,0,160297581,1.1349016724866752
160307183,1429,1035,970,89,0,160307183,1.1349016724866752
160316461,1444,1041,963,89,0,160316461,1.1349016724866752
160328434,1424,1070,974,89,0,160328434,1.1349016724866752
160341654,1432,1044,970,89,0,160341654,1.1349016724866752
160352777,1429,1038,963,89,0,160352777,1.1349016724866752
160364909,1429,1065,974,89,0,160364909,1.1349016724866752
160377641,1434,1039,971,89,0,160377641,1.1349016724866752
160389460,1437,1038,961,89,0,160389460,1.1349016724866752
160403596,1441,1072,968,89,0,160403596,1.1349016724866752
160415989,1483,1068,969,89,0,160415989,1.1349016724866752
160427131,1450,1045,971,89,0,160427131,1.1349016724866752
160438708,1432,1052,960,89,0,160438708,1.1349016724866752
160455806,1425,1057,963,89,0,160455806,1.1349016724866752
160469033,1425,1067,976,89,0,160469033,1.1349016724866752
160481532,1425,1059,975,89,0,160481532,1.1349016724866752
160492037,1437,1045,968,89,0,160492037,1.1349016724866752
160509659,1439,1059,968,89,0,160509659,1.1349016724866752
160521530,1437,1037,973,89,0,160521530,1.1349016724866752
160533216,1429,1040,966,89,0,160533216,1.1349016724866752
160545713,1430,1049,965,89,0,160545713,1.1349016724866752
160558679,1434,1062,968,89,0,160558679,1.1349016724866752
160571820,1438,1052,971,89,0,160571820,1.1349016724866752
160582141,1426,1048,962,89,0,160582141,1.1349016724866752
160594616,1437,1058,970,89,0,160594616,1.1349016724866752
160605605,1440,1042,964,89,0,160605605,1.1349016724866752
160617501,1434,1057,969,89,0,160617501,1.1349016724866752
160629073,1428,1057,973,89,0,160629073,1.1349016724866752
160641924,1452,1045,970,89,0,160641924,1.1349016724866752
160654120,1440,1034,966,89,0,160654120,1.1349016724866752
160665592,1445,1044,961,89,0,160665592,1.1349016724866752
160679014,1419,1034,958,89,0,160679014,1.1349016724866752
160693663,1462,1038,965,89,0,160693663,1.1349016724866752
160708686,1436,1056,969,89,0,160708686,1.1349016724866752
160719833,1439,1048,967,89,0,160719833,1.1349016724866752
160732128,1435,1041,970,89,0,160732128,1.1349016724866752
160746544,1450,1050,963,89,0,160746544,1.1349016724866752
160757190,1420,1049,976,89,0,160757190,1.1349016724866752
160766041,1426,1041,974,89,0,160766041,1.1349016724866752
160782483,1458,1040,966,89,0,160782483,1.1349016724866752
160794375,1440,1026,962,89,0,160794375,1.1349016724866752
160807399,1450,1049,969,89,0,160807399,1.1349016724866752
160819607,1440,1052,961,89,0,160819607,1.1349016724866752
160833461,1463,1042,975,89,0,160833461,1.1349016724866752
160847804,1443,1043,964,89,0,160847804,1.1349016724866752
160859911,1440,1026,973,89,0,160859911,1.1349016724866752
160870149,1443,1049,971,89,0,160870149,1.1349016724866752
160881463,1432,1021,963,89,0,160881463,1.1349016724866752
160891274,1432,1042,965,89,0,160891274,1.1349016724866752
160903026,1460,1052,964,89,0,160903026,1.1349016724866752
160915123,1446,1040,964,89,0,160915123,1.1349016724866752
160925987,1446,1049,979,89,0,160925987,1.1349016724866752
160938989,1434,1035,972,89,0,160938989,1.1349016724866752
160950238,1451,1051,974,89,0,160950238,1.1349016724866752
160965072,1436,1034,963,89,0,160965072,1.1349016724866752
160979663,1430,1070,971,89,0,160979663,1.1349016724866752
160989976,1429,1057,973,89,0,160989976,1.1349016724866752
161000866,1440,1028,963,89,0,161000866,1.1349016724866752
161012411,1443,1050,969,89,0,161012411,1.1349016724866752
161022155,1436,1050,963,89,0,161022155,1.1349016724866752
161035519,1428,1027,968,89,0,161035519,1.1349016724866752
161049685,1427,1065,962,89,0,161049685,1.1349016724866752
161064132,1460,1042,963,89,0,161064132,1.1349016724866752
161078550,1439,1039,963,89,0,161078550,1.1349016724866752
161091658,1430,1054,965,89,0,161091658,1.1349016724866752
161104655,1427,1041,964,89,0,161104655,1.1349016724866752
161117039,1421,1041,970,89,0,161117039,1.1349016724866752
161129500,1409,1064,973,89,0,161129500,1.1349016724866752
161142895,1440,1045,972,89,0,161142895,1.1349016724866752
161155084,1413,1045,970,89,0,161155084,1.1349016724866752
161171032,1413,1064,971,89,0,161171032,1.1349016724866752
161180965,1431,1052,959,89,0,161180965,1.1349016724866752
161197463,1422,1052,961,89,0,161197463,1.1349016724866752
161209407,1409,1061,961,89,0,161209407,1.1349016724866752
161223020,1434,1085,969,89,0,161223020,1.1349016724866752
161236382,1426,1060,968,89,0,161236382,1.1349016724866752
161248764,1424,1050,971,89,0,161248764,1.1349016724866752
161260373,1429,1036,964,89,0,161260373,1.1349016724866752
161271874,1423,1034,970,89,0,161271874,1.1349016724866752
161283500,1437,1056,970,89,0,161283500,1.1349016724866752
161295685,1435,1046,968,89,0,161295685,1.1349016724866752
161310178,1427,1036,970,89,0,161310178,1.1349016724866752
161321463,1425,1052,957,89,0,161321463,1.1349016724866752
161332980,1440,1049,957,89,0,161332980,1.1349016724866752
161349387,1423,1031,962,89,0,161349387,1.1349016724866752
161363254,1428,1050,966,89,0,161363254,1.1349016724866752
161376250,1420,1054,969,89,0,161376250,1.1349016724866752
161389399,1439,1026,957,89,0,161389399,1.1349016724866752
161400759,1400,1053,969,89,0,161400759,1.1349016724866752
161413951,1441,1042,960,89,0,161413951,1.1349016724866752
161428535,1425,1020,967,89,0,161428535,1.1349016724866752
161438841,1425,1028,964,89,0,161438841,1.1349016724866752
161452504,1441,1047,961,89,0,161452504,1.1349016724866752
161465296,1438,1033,969,89,0,161465296,1.1349016724866752
161479987,1421,1049,973,89,0,161479987,1.1349016724866752
161490278,1423,1032,961,89,0,161490278,1.1349016724866752
161501213,1435,1041,972,89,0,161501213,1.1349016724866752
161514708,1437,1062,969,89,0,161514708,1.1349016724866752
161529845,1430,1029,965,89,0,161529845,1.1349016724866752
161541825,1439,1053,962,89,0,161541825,1.1349016724866752
161553708,1426,1018,962,89,0,161553708,1.1349016724866752
161566952,1420,1049,971,89,0,161566952,1.1349016724866752
161588777,1425,1042,973,89,0,161588777,1.1349016724866752
161599649,1400,1067,964,89,0,161599649,1.1349016724866752
161611933,1408,1041,972,89,0,161611933,1.1349016724866752
161624528,1405,1037,969,89,0,161624528,1.1349016724866752
161636045,1436,1050,979,89,0,161636045,1.1349016724866752
161647778,1396,1046,969,89,0,161647778,1.1349016724866752
161658014,1417,1036,974,89,0,161658014,1.1349016724866752
161676425,1422,1025,960,89,0,161676425,1.1349016724866752
161689920,1405,1017,957,89,0,161689920,1.1349016724866752
161703374,1443,1044,972,89,0,161703374,1.1349016724866752
161714851,1405,1054,962,89,0,161714851,1.1349016724866752
161727711,1406,1057,954,89,0,161727711,1.1349016724866752
161741666,1425,1041,959,89,0,161741666,1.1349016724866752
161755573,1384,1047,968,89,0,161755573,1.1349016724866752
161767704,1414,1001,976,89,0,161767704,1.1349016724866752
161778361,1402,1044,964,89,0,161778361,1.1349016724866752
161788470,1421,1045,966,89,0,161788470,1.1349016724866752
161799478,1401,1059,965,89,0,161799478,1.1349016724866752
161810195,1414,1050,965,89,0,161810195,1.1349016724866752
161820739,1410,1036,960,89,0,161820739,1.1349016724866752
161832248,1392,1046,971,89,0,161832248,1.1349016724866752
161844489,1418,1049,969,89,0,161844489,1.1349016724866752
161856868,1397,1040,972,89,0,161856868,1.1349016724866752
161869510,1417,1042,967,89,0,161869510,1.1349016724866752
161881565,1409,1081,963,89,0,161881565,1.1349016724866752
161899378,1448,1054,968,89,0,161899378,1.1349016724866752
161913687,1420,1074,970,89,0,161913687,1.1349016724866752
161926676,1454,1045,955,89,0,161926676,1.1349016724866752
161940424,1403,1049,969,89,0,161940424,1.1349016724866752
161949741,1417,1034,965,89,0,161949741,1.1349016724866752
161963021,1418,1041,965,89,0,161963021,1.1349016724866752
161975488,1423,1044,972,89,0,161975488,1.1349016724866752
161987802,1411,1051,969,89,0,161987802,1.1349016724866752
161998394,1413,1042,970,89,0,161998394,1.1349016724866752
162011060,1414,1040,960,89,0,162011060,1.1349016724866752
162021373,1378,1046,964,89,0,162021373,1.1349016724866752
162037387,1409,1037,965,89,0,162037387,1.1349016724866752
162048475,1435,1052,972,89,0,162048475,1.1349016724866752
162062715,1398,1053,978,89,0,162062715,1.1349016724866752
162077314,1408,1042,965,89,0,162077314,1.1349016724866752
162089660,1406,1048,967,89,0,162089660,1.1349016724866752
162102471,1424,1051,958,89,0,162102471,1.1349016724866752
162114324,1416,1034,970,89,0,162114324,1.1349016724866752
162128327,1427,1044,964,89,0,162128327,1.1349016724866752
162141585,1434,1057,962,89,0,162141585,1.1349016724866752
162153669,1417,1054,965,89,0,162153669,1.1349016724866752
162167702,1417,1069,973,89,0,162167702,1.1349016724866752
162178742,1421,1046,976,89,0,162178742,1.1349016724866752
162192626,1421,1045,965,89,0,162192626,1.1349016724866752
162203748,1410,1050,968,89,0,162203748,1.1349016724866752
162216739,1426,1077,970,89,0,162216739,1.1349016724866752
162227938,1429,1062,961,89,0,162227938,1.1349016724866752
162240222,1430,1034,962,89,0,162240222,1.1349016724866752
162251539,1418,1022,966,89,0,162251539,1.1349016724866752
162264992,1409,1046,960,89,0,162264992,1.1349016724866752
162276039,1395,1052,962,89,0,162276039,1.1349016724866752
162288999,1417,1025,976,89,0,162288999,1.1349016724866752
162300386,1424,1032,966,89,0,162300386,1.1349016724866752
162314724,1419,1046,961,89,0,162314724,1.1349016724866752
162324105,1401,1032,964,89,0,162324105,1.1349016724866752
162334952,1400,1049,965,89,0,162334952,1.1349016724866752
162347522,1422,1043,961,89,0,162347522,1.1349016724866752
162359864,1416,1035,969,89,0,162359864,1.1349016724866752
162372608,1414,1056,969,89,0,162372608,1.1349016724866752
162383074,1420,1027,970,89,0,162383074,1.1349016724866752
162393311,1420,1074,960,89,0,162393311,1.1349016724866752
162405901,1406,1062,970,89,0,162405901,1.1349016724866752
162420224,1410,1042,967,89,0,162420224,1.1349016724866752
162431035,1412,1029,968,89,0,162431035,1.1349016724866752
162440958,1446,1045,971,89,0,162440958,1.1349016724866752
162453358,1424,1044,963,89,0,162453358,1.1349016724866752
162465068,1430,1077,968,89,0,162465068,1.1349016724866752
162476494,1432,1069,979,89,0,162476494,1.1349016724866752
162487953,1428,1052,971,89,0,162487953,1.1349016724866752
162498271,1411,1051,961,89,0,162498271,1.1349016724866752
162511830,1425,1048,965,89,0,162511830,1.1349016724866752
162526566,1441,1054,973,89,0,162526566,1.1349016724866752
162537581,1420,1044,962,89,0,162537581,1.1349016724866752
162548567,1424,1059,971,89,0,162548567,1.1349016724866752
162558867,1418,1027,963,89,0,162558867,1.1349016724866752
162572311,1430,1041,972,89,0,162572311,1.1349016724866752
162586987,1433,1037,968,89,0,162586987,1.1349016724866752
162599020,1438,1056,964,89,0,162599020,1.1349016724866752
162609328,1425,1045,954,89,0,162609328,1.1349016724866752
162622896,1409,1056,963,89,0,162622896,1.1349016724866752
162634829,1398,1038,968,89,0,162634829,1.1349016724866752
162646997,1430,1053,960,89,0,162646997,1.1349016724866752
162661885,1432,1069,969,89,0,162661885,1.1349016724866752
162674872,1428,1058,965,89,0,162674872,1.1349016724866752
162686748,1434,1082,958,89,0,162686748,1.1349016724866752
162699162,1406,1060,971,89,0,162699162,1.1349016724866752
162713453,1413,1053,968,89,0,162713453,1.1349016724866752
162724069,1414,1046,966,89,0,162724069,1.1349016724866752
162735055,1408,1076,969,89,0,162735055,1.1349016724866752
162748249,1412,1065,962,89,0,162748249,1.1349016724866752
162759658,1414,1051,972,89,0,162759658,1.1349016724866752
162770976,1418,1054,962,89,0,162770976,1.1349016724866752
162782392,1425,1046,975,89,0,162782392,1.1349016724866752
162793322,1420,1040,974,89,0,162793322,1.1349016724866752
162806179,1400,1043,965,89,0,162806179,1.1349016724866752
162816388,1386,1016,961,89,0,162816388,1.1349016724866752
162828760,1414,1046,962,89,0,162828760,1.1349016724866752
162841480,1421,1048,969,89,0,162841480,1.1349016724866752
162854564,1418,1043,965,89,0,162854564,1.1349016724866752
162867463,1418,1036,976,89,0,162867463,1.1349016724866752
162881116,1400,1049,966,89,0,162881116,1.1349016724866752
162891993,1419,1057,963,89,0,162891993,1.1349016724866752
162904653,1398,1058,962,89,0,162904653,1.1349016724866752
162919534,1422,1047,959,89,0,162919534,1.1349016724866752
162932442,1397,1043,970,89,0,162932442,1.1349016724866752
162945197,1418,1041,965,89,0,162945197,1.1349016724866752
162955883,1426,1049,960,89,0,162955883,1.1349016724866752
162970266,1424,1025,969,89,0,162970266,1.1349016724866752
162980494,1422,1040,966,89,0,162980494,1.1349016724866752
162993864,1404,1040,963,89,0,162993864,1.1349016724866752
163007727,1414,1036,968,89,0,163007727,1.1349016724866752
163017991,1412,1050,967,89,0,163017991,1.1349016724866752
163027739,1397,1044,968,89,0,163027739,1.1349016724866752
163044679,1405,1053,966,89,0,163044679,1.1349016724866752
163057589,1434,1042,965,89,0,163057589,1.1349016724866752
163070262,1398,1045,971,89,0,163070262,1.1349016724866752
163083431,1425,1043,970,89,0,163083431,1.1349016724866752
