timestamp,strain_gauge_1,strain_gauge_2,strain_gauge_3,chunk_id,bit_shift_detected,corrected_timestamp,rate_ratio
44090150,2075,514,1263,0,0,44090150,0.9999085839656275
44102449,2124,523,1519,0,0,44102449,0.9999085839656275
44111703,2078,518,1304,0,0,44111703,0.9999085839656275
44121489,2093,513,1294,0,0,44121489,0.9999085839656275
44131826,2089,530,1290,0,0,44131826,0.9999085839656275
44143609,2077,511,1516,0,0,44143609,0.9999085839656275
44154529,2089,511,1254,0,0,44154529,0.9999085839656275
44164055,2085,509,1253,0,0,44164055,0.9999085839656275
44176456,2078,502,1514,0,0,44176456,0.9999085839656275
44186356,2086,511,1258,0,0,44186356,0.9999085839656275
44197211,2084,511,1048,0,0,44197211,0.9999085839656275
44209367,2094,509,1272,0,0,44209367,0.9999085839656275
44219733,2111,511,1258,0,0,44219733,0.9999085839656275
44229320,2113,511,1217,0,0,44229320,0.9999085839656275
44239660,2108,511,1025,0,0,44239660,0.9999085839656275
44256745,2107,503,1244,0,0,44256745,0.9999085839656275
44267456,2089,511,1268,0,0,44267456,0.9999085839656275
44278132,2098,498,1274,0,0,44278132,0.9999085839656275
44289642,2105,507,1274,0,0,44289642,0.9999085839656275
44299276,2110,498,1277,0,0,44299276,0.9999085839656275
44308996,2106,512,1261,0,0,44308996,0.9999085839656275
44321080,2116,516,1273,0,0,44321080,0.9999085839656275
44330377,2112,481,1267,0,0,44330377,0.9999085839656275
44341431,2100,521,1237,0,0,44341431,0.9999085839656275
44352025,2079,511,1291,0,0,44352025,0.9999085839656275
44363200,2083,497,1068,0,0,44363200,0.9999085839656275
44377998,2084,505,1517,0,0,44377998,0.9999085839656275
44389039,2090,497,1237,0,0,44389039,0.9999085839656275
44399959,2084,511,1038,0,0,44399959,0.9999085839656275
44412256,2088,513,1025,0,0,44412256,0.9999085839656275
44424096,2092,501,1230,0,0,44424096,0.9999085839656275
44433916,2081,504,1227,0,0,44433916,0.9999085839656275
44444039,2092,511,1226,0,0,44444039,0.9999085839656275
44453280,2092,518,1262,0,0,44453280,0.9999085839656275
44463919,2097,511,1049,0,0,44463919,0.9999085839656275
44474522,2097,511,1273,0,0,44474522,0.9999085839656275
44483607,2089,511,1248,0,0,44483607,0.9999085839656275
44495041,2101,511,1257,0,0,44495041,0.9999085839656275
44507578,2100,511,1045,0,0,44507578,0.9999085839656275
44517852,2097,497,1271,0,0,44517852,0.9999085839656275
44527839,2099,508,1266,0,0,44527839,0.9999085839656275
44540125,2059,511,1248,0,0,44540125,0.9999085839656275
44549726,2097,511,1265,0,0,44549726,0.9999085839656275
44560221,2100,511,1523,0,0,44560221,0.9999085839656275
44571728,2095,506,1251,0,0,44571728,0.9999085839656275
44584182,2092,509,1029,0,0,44584182,0.9999085839656275
44595431,2097,511,1526,0,0,44595431,0.9999085839656275
44605617,2089,510,1041,0,0,44605617,0.9999085839656275
44616021,2097,508,1074,0,0,44616021,0.9999085839656275
44625067,2093,508,1533,0,0,44625067,0.9999085839656275
44634902,2093,511,1286,0,0,44634902,0.9999085839656275
44644168,2107,506,1276,0,0,44644168,0.9999085839656275
44656431,2108,510,1047,0,0,44656431,0.9999085839656275
44665948,2088,512,1528,0,0,44665948,0.9999085839656275
44676716,2091,511,1262,0,0,44676716,0.9999085839656275
44687210,2077,508,1262,0,0,44687210,0.9999085839656275
44701217,2088,514,1270,0,0,44701217,0.9999085839656275
44711752,2105,511,1253,0,0,44711752,0.9999085839656275
44724113,2109,504,1262,0,0,44724113,0.9999085839656275
44735346,2088,501,1251,0,0,44735346,0.9999085839656275
44744992,2089,509,1254,0,0,44744992,0.9999085839656275
44756836,2097,493,1030,0,0,44756836,0.9999085839656275
44767264,2102,511,1038,0,0,44767264,0.9999085839656275
44776216,2095,511,1279,0,0,44776216,0.9999085839656275
44785623,2100,511,1049,0,0,44785623,0.9999085839656275
44798219,2094,505,1227,0,0,44798219,0.9999085839656275
44807576,2099,501,1035,0,0,44807576,0.9999085839656275
44817274,2092,505,1322,0,0,44817274,0.9999085839656275
44827459,2086,500,1264,0,0,44827459,0.9999085839656275
44838965,2099,506,1272,0,0,44838965,0.9999085839656275
44850716,2082,511,1042,0,0,44850716,0.9999085839656275
44862085,2102,510,1052,0,0,44862085,0.9999085839656275
44871437,2110,504,1509,0,0,44871437,0.9999085839656275
44883123,2102,499,1254,0,0,44883123,0.9999085839656275
44894253,2117,497,1069,0,0,44894253,0.9999085839656275
44904786,2094,511,1286,0,0,44904786,0.9999085839656275
44917017,2096,500,1274,0,0,44917017,0.9999085839656275
44927606,2105,500,1255,0,0,44927606,0.9999085839656275
44938844,2096,505,1245,0,0,44938844,0.9999085839656275
44950415,2107,511,1529,0,0,44950415,0.9999085839656275
44961098,2107,511,1243,0,0,44961098,0.9999085839656275
44969964,2104,511,1303,0,0,44969964,0.9999085839656275
44981526,2095,511,1137,0,0,44981526,0.9999085839656275
44995355,2093,511,1244,0,0,44995355,0.9999085839656275
45005336,2096,513,1261,0,0,45005336,0.9999085839656275
45017872,2094,507,1269,0,0,45017872,0.9999085839656275
45027744,2101,511,1235,0,0,45027744,0.9999085839656275
45039493,2092,511,1265,0,0,45039493,0.9999085839656275
45050072,2104,501,1265,0,0,45050072,0.9999085839656275
45059392,2108,510,1264,0,0,45059392,0.9999085839656275
45069434,2104,500,1276,0,0,45069434,0.9999085839656275
45081073,2107,491,1273,0,0,45081073,0.9999085839656275
45093289,2092,511,1260,0,0,45093289,0.9999085839656275
45105183,2090,511,1262,0,0,45105183,0.9999085839656275
45115685,2101,511,1032,0,0,45115685,0.9999085839656275
45124071,2098,511,1250,0,0,45124071,0.9999085839656275
45133102,2099,512,1257,0,0,45133102,0.9999085839656275
45143232,2118,511,1278,0,0,45143232,0.9999085839656275
45156022,2097,501,1269,0,0,45156022,0.9999085839656275
45169012,2107,511,1250,0,0,45169012,0.9999085839656275
45178591,2090,508,1254,0,0,45178591,0.9999085839656275
45191601,2103,538,1276,0,0,45191601,0.9999085839656275
45201790,2100,507,1227,0,0,45201790,0.9999085839656275
45212728,2098,510,1027,0,0,45212728,0.9999085839656275
45222899,2112,510,1267,0,0,45222899,0.9999085839656275
45232496,2095,505,1024,0,0,45232496,0.9999085839656275
45242051,2093,496,1032,0,0,45242051,0.9999085839656275
45250408,2100,509,1264,0,0,45250408,0.9999085839656275
45261149,2093,522,1041,0,0,45261149,0.9999085839656275
45273642,2099,509,1042,0,0,45273642,0.9999085839656275
45283633,2094,520,1260,0,0,45283633,0.9999085839656275
45294080,2096,515,1277,0,0,45294080,0.9999085839656275
45306558,2100,511,1259,0,0,45306558,0.9999085839656275
45316347,2101,519,1268,0,0,45316347,0.9999085839656275
45326865,2089,518,1260,0,0,45326865,0.9999085839656275
45338872,2102,513,1240,0,0,45338872,0.9999085839656275
45351111,2110,514,1252,0,0,45351111,0.9999085839656275
45363797,2088,511,1261,0,0,45363797,0.9999085839656275
45376866,2095,513,1237,0,0,45376866,0.9999085839656275
45388042,2097,512,1256,0,0,45388042,0.9999085839656275
45397432,2106,511,1278,0,0,45397432,0.9999085839656275
45407188,2104,511,1273,0,0,45407188,0.9999085839656275
45419044,2102,509,1265,0,0,45419044,0.9999085839656275
45429107,2100,511,1257,0,0,45429107,0.9999085839656275
45439445,2101,514,1266,0,0,45439445,0.9999085839656275
45448004,2104,511,1262,0,0,45448004,0.9999085839656275
45460879,2112,511,1269,0,0,45460879,0.9999085839656275
45473940,2117,511,1249,0,0,45473940,0.9999085839656275
45485031,2099,511,1268,0,0,45485031,0.9999085839656275
45494359,2082,520,1262,0,0,45494359,0.9999085839656275
45506137,2085,511,1275,0,0,45506137,0.9999085839656275
45516493,2086,506,1266,0,0,45516493,0.9999085839656275
45528444,2100,509,1257,0,0,45528444,0.9999085839656275
45538152,2086,508,1266,0,0,45538152,0.9999085839656275
45549443,2093,527,1501,0,0,45549443,0.9999085839656275
45558989,2092,512,1024,0,0,45558989,0.9999085839656275
45567459,2097,500,1261,0,0,45567459,0.9999085839656275
45584444,2092,516,1249,0,0,45584444,0.9999085839656275
45594287,2110,511,1267,0,0,45594287,0.9999085839656275
45605202,2096,511,1259,0,0,45605202,0.9999085839656275
45617702,2103,505,1250,0,0,45617702,0.9999085839656275
45627350,2091,532,1250,0,0,45627350,0.9999085839656275
45636316,2084,550,1237,0,0,45636316,0.9999085839656275
45646193,2089,511,1243,0,0,45646193,0.9999085839656275
45661421,2109,506,1224,0,0,45661421,0.9999085839656275
45671046,2093,508,1229,0,0,45671046,0.9999085839656275
45679947,2115,511,1256,0,0,45679947,0.9999085839656275
45689889,2093,511,1249,0,0,45689889,0.9999085839656275
45700907,2108,498,1267,0,0,45700907,0.9999085839656275
45715764,2108,504,1253,0,0,45715764,0.9999085839656275
45725027,2109,508,1277,0,0,45725027,0.9999085839656275
45736173,2124,556,1260,0,0,45736173,0.9999085839656275
45748938,2124,511,1246,0,0,45748938,0.9999085839656275
45757946,2123,511,1028,0,0,45757946,0.9999085839656275
45767528,2110,511,1252,0,0,45767528,0.9999085839656275
45778895,2116,511,1254,0,0,45778895,0.9999085839656275
45789039,2120,520,1024,0,0,45789039,0.9999085839656275
45798917,2108,511,1257,0,0,45798917,0.9999085839656275
45812593,2104,507,1230,0,0,45812593,0.9999085839656275
45822618,2112,511,1276,0,0,45822618,0.9999085839656275
45833112,2098,511,1262,0,0,45833112,0.9999085839656275
45845645,2093,512,1277,0,0,45845645,0.9999085839656275
45855905,2101,511,1262,0,0,45855905,0.9999085839656275
45869560,2098,511,1240,0,0,45869560,0.9999085839656275
45879650,2096,512,1281,0,0,45879650,0.9999085839656275
45888865,2101,518,1533,0,0,45888865,0.9999085839656275
45899732,2102,512,1534,0,0,45899732,0.9999085839656275
45910218,2091,515,1458,0,0,45910218,0.9999085839656275
45925561,2090,523,1294,0,0,45925561,0.9999085839656275
45937119,2117,533,1292,0,0,45937119,0.9999085839656275
45947246,2104,525,1316,0,0,45947246,0.9999085839656275
45957659,2085,523,1298,0,0,45957659,0.9999085839656275
45969977,2090,514,1291,0,0,45969977,0.9999085839656275
45978722,2082,511,1293,0,0,45978722,0.9999085839656275
45988052,2078,511,1290,0,0,45988052,0.9999085839656275
45999690,2068,522,1521,0,0,45999690,0.9999085839656275
46011585,2067,508,1328,0,0,46011585,0.9999085839656275
46021256,2081,512,1029,0,0,46021256,0.9999085839656275
46035546,2085,511,1272,0,0,46035546,0.9999085839656275
46047661,2099,511,1528,0,0,46047661,0.9999085839656275
46058773,2085,511,1024,0,0,46058773,0.9999085839656275
46068596,2101,511,1284,0,0,46068596,0.9999085839656275
46080501,2095,514,1257,0,0,46080501,0.9999085839656275
46090122,2089,514,1275,0,0,46090122,0.9999085839656275
46101386,2088,511,1032,0,0,46101386,0.9999085839656275
46114052,2100,511,1264,0,0,46114052,0.9999085839656275
46124652,2094,508,1256,0,0,46124652,0.9999085839656275
46135834,2097,511,1266,0,0,46135834,0.9999085839656275
46146776,2089,490,1237,0,0,46146776,0.9999085839656275
46157046,2093,510,1217,0,0,46157046,0.9999085839656275
46168213,2066,511,1040,0,0,46168213,0.9999085839656275
46178608,2108,511,1252,0,0,46178608,0.9999085839656275
46188776,2107,510,1232,0,0,46188776,0.9999085839656275
46199992,2140,526,1262,0,0,46199992,0.9999085839656275
46209733,2126,511,1491,0,0,46209733,0.9999085839656275
46219798,2109,511,1269,0,0,46219798,0.9999085839656275
46228972,2102,511,1040,0,0,46228972,0.9999085839656275
46241596,2091,507,1311,0,0,46241596,0.9999085839656275
46252207,2100,512,1046,0,0,46252207,0.9999085839656275
46262207,2093,511,1530,0,0,46262207,0.9999085839656275
46270737,2075,517,1524,0,0,46270737,0.9999085839656275
46281397,2089,517,1294,0,0,46281397,0.9999085839656275
46291755,2051,527,1029,0,0,46291755,0.9999085839656275
46302030,2102,552,1306,0,0,46302030,0.9999085839656275
46318446,2093,516,1288,0,0,46318446,0.9999085839656275
46327158,2092,532,1426,0,0,46327158,0.9999085839656275
46340049,2090,517,1336,0,0,46340049,0.9999085839656275
46351694,2080,544,1520,0,0,46351694,0.9999085839656275
46361015,2088,538,1026,0,0,46361015,0.9999085839656275
46375123,2083,527,1509,0,0,46375123,0.9999085839656275
46384939,2094,517,1037,0,0,46384939,0.9999085839656275
46397169,2099,511,1259,0,0,46397169,0.9999085839656275
46407288,2110,518,1267,0,0,46407288,0.9999085839656275
46417757,2091,511,1268,0,0,46417757,0.9999085839656275
46430475,2091,514,1246,0,0,46430475,0.9999085839656275
46441520,2110,511,1235,0,0,46441520,0.9999085839656275
46454068,2108,509,1235,0,0,46454068,0.9999085839656275
46465960,2102,500,1217,0,0,46465960,0.9999085839656275
46475437,2106,532,1265,0,0,46475437,0.9999085839656275
46485747,2099,509,1252,0,0,46485747,0.9999085839656275
46498507,2083,508,1093,0,0,46498507,0.9999085839656275
46508754,2094,511,1245,0,0,46508754,0.9999085839656275
46517669,2097,517,1035,0,0,46517669,0.9999085839656275
46528923,2118,522,1263,0,0,46528923,0.9999085839656275
46539339,2112,514,1524,0,0,46539339,0.9999085839656275
46550376,2101,521,1046,0,0,46550376,0.9999085839656275
46562836,2104,514,1323,0,0,46562836,0.9999085839656275
46573208,2106,511,1288,0,0,46573208,0.9999085839656275
46583780,2117,528,1525,0,0,46583780,0.9999085839656275
46593488,2109,515,1515,0,0,46593488,0.9999085839656275
46604039,2115,533,1293,0,0,46604039,0.9999085839656275
46616015,2107,511,1024,0,0,46616015,0.9999085839656275
46626519,2104,511,1026,0,0,46626519,0.9999085839656275
46638146,2098,511,1283,0,0,46638146,0.9999085839656275
46648785,2093,514,1269,0,0,46648785,0.9999085839656275
46659312,2094,508,1269,0,0,46659312,0.9999085839656275
46670153,2098,517,1277,0,0,46670153,0.9999085839656275
46683070,2090,511,1504,0,0,46683070,0.9999085839656275
46694486,2096,547,1285,0,0,46694486,0.9999085839656275
46703956,2116,520,1038,0,0,46703956,0.9999085839656275
46715802,2102,514,1288,0,0,46715802,0.9999085839656275
46726863,2108,520,1040,0,0,46726863,0.9999085839656275
46737738,2096,528,1531,0,0,46737738,0.9999085839656275
46748812,2108,529,1296,0,0,46748812,0.9999085839656275
46760266,2090,526,1316,0,0,46760266,0.9999085839656275
46770177,2096,521,1059,0,0,46770177,0.9999085839656275
46781712,2093,511,1286,0,0,46781712,0.9999085839656275
46791784,2097,520,1534,0,0,46791784,0.9999085839656275
46800816,2091,516,1516,0,0,46800816,0.9999085839656275
46812521,2104,518,1528,0,0,46812521,0.9999085839656275
46821977,2098,518,1049,0,0,46821977,0.9999085839656275
46834452,2098,518,1027,0,0,46834452,0.9999085839656275
46846015,2094,526,1040,0,0,46846015,0.9999085839656275
46854647,2100,513,1250,0,0,46854647,0.9999085839656275
46865743,2114,514,1262,0,0,46865743,0.9999085839656275
46878414,2115,521,1267,0,0,46878414,0.9999085839656275
46890146,2114,530,1269,0,0,46890146,0.9999085839656275
46900770,2105,517,1290,0,0,46900770,0.9999085839656275
46912267,2108,520,1297,0,0,46912267,0.9999085839656275
46924168,2094,523,1044,0,0,46924168,0.9999085839656275
46933308,2101,528,1250,0,0,46933308,0.9999085839656275
46942485,2094,511,1322,0,0,46942485,0.9999085839656275
46953524,2104,516,1058,0,0,46953524,0.9999085839656275
46962951,2094,508,1513,0,0,46962951,0.9999085839656275
46973186,2096,518,1032,0,0,46973186,0.9999085839656275
46986628,2094,525,1282,0,0,46986628,0.9999085839656275
46999025,2085,511,1277,0,0,46999025,0.9999085839656275
47009935,2079,527,1294,0,0,47009935,0.9999085839656275
47019755,2073,511,1251,0,0,47019755,0.9999085839656275
47029793,2086,511,1270,0,0,47029793,0.9999085839656275
47042408,2101,524,1253,0,0,47042408,0.9999085839656275
47053238,2092,539,1048,0,0,47053238,0.9999085839656275
47065150,2078,522,1032,0,0,47065150,0.9999085839656275
47076190,2115,511,1522,0,0,47076190,0.9999085839656275
47086569,2100,511,1060,0,0,47086569,0.9999085839656275
47096108,2111,511,1050,0,0,47096108,0.9999085839656275
47106544,2112,509,1270,0,0,47106544,0.9999085839656275
47119589,2112,511,1282,0,0,47119589,0.9999085839656275
47128517,2098,504,1508,0,0,47128517,0.9999085839656275
47138900,2106,504,1237,0,0,47138900,0.9999085839656275
47149897,2101,501,1233,0,0,47149897,0.9999085839656275
47160487,2098,518,1028,0,0,47160487,0.9999085839656275
47170100,2107,517,1273,0,0,47170100,0.9999085839656275
47180692,2133,511,1299,0,0,47180692,0.9999085839656275
47190096,2125,525,1520,0,0,47190096,0.9999085839656275
47200630,2101,508,1027,0,0,47200630,0.9999085839656275
47211355,2117,521,1508,0,0,47211355,0.9999085839656275
47220667,2102,519,1291,0,0,47220667,0.9999085839656275
47232960,2107,512,1291,0,0,47232960,0.9999085839656275
47243774,2106,511,1528,0,0,47243774,0.9999085839656275
47256699,2097,513,1516,0,0,47256699,0.9999085839656275
47266499,2092,521,1532,0,0,47266499,0.9999085839656275
47277058,2102,524,1252,0,0,47277058,0.9999085839656275
47288079,2106,528,1399,0,0,47288079,0.9999085839656275
47296444,2121,542,1275,0,0,47296444,0.9999085839656275
47312020,2106,525,1531,0,0,47312020,0.9999085839656275
47324160,2104,530,1285,0,0,47324160,0.9999085839656275
47333427,2101,517,1053,0,0,47333427,0.9999085839656275
47344801,2126,538,1281,0,0,47344801,0.9999085839656275
47354863,2113,526,1289,0,0,47354863,0.9999085839656275
47364911,2109,526,1266,0,0,47364911,0.9999085839656275
47375707,2107,524,1533,0,0,47375707,0.9999085839656275
47386585,2108,518,1275,0,0,47386585,0.9999085839656275
47397690,2128,524,1251,0,0,47397690,0.9999085839656275
47408544,2096,511,1248,0,0,47408544,0.9999085839656275
47419996,2076,514,1044,0,0,47419996,0.9999085839656275
47431703,2112,509,1515,0,0,47431703,0.9999085839656275
47443570,2096,511,1252,0,0,47443570,0.9999085839656275
47454982,2118,514,1276,0,0,47454982,0.9999085839656275
47464738,2123,528,1262,0,0,47464738,0.9999085839656275
47475766,2116,539,1281,0,0,47475766,0.9999085839656275
47487284,2115,528,1040,0,0,47487284,0.9999085839656275
47498907,2095,516,1282,0,0,47498907,0.9999085839656275
47511152,2086,512,1269,0,0,47511152,0.9999085839656275
47521540,2088,521,1276,0,0,47521540,0.9999085839656275
47533409,2102,525,1033,0,0,47533409,0.9999085839656275
47544946,2113,511,1325,0,0,47544946,0.9999085839656275
47554535,2096,514,1332,0,0,47554535,0.9999085839656275
47566404,2098,486,1521,0,0,47566404,0.9999085839656275
47577342,2097,542,1296,0,0,47577342,0.9999085839656275
47588258,2092,522,1344,0,0,47588258,0.9999085839656275
47598560,2103,533,1302,0,0,47598560,0.9999085839656275
47609910,2102,534,1296,0,0,47609910,0.9999085839656275
47620943,2102,529,1330,0,0,47620943,0.9999085839656275
47630148,2104,537,1305,0,0,47630148,0.9999085839656275
47642753,2100,538,1280,0,0,47642753,0.9999085839656275
47654092,2099,544,1281,0,0,47654092,0.9999085839656275
47664224,2122,534,1317,0,0,47664224,0.9999085839656275
47673791,2109,528,1521,0,0,47673791,0.9999085839656275
47684705,2100,513,1035,0,0,47684705,0.9999085839656275
47696670,2107,518,1525,0,0,47696670,0.9999085839656275
47705303,2121,528,1027,0,0,47705303,0.9999085839656275
47718205,2110,524,1274,0,0,47718205,0.9999085839656275
47728951,2108,518,1264,0,0,47728951,0.9999085839656275
47738897,2105,524,1293,0,0,47738897,0.9999085839656275
47749573,2100,516,1049,0,0,47749573,0.9999085839656275
47762043,2106,530,1525,0,0,47762043,0.9999085839656275
47777283,2120,538,1285,0,0,47777283,0.9999085839656275
47787126,2109,523,1290,0,0,47787126,0.9999085839656275
47799549,2108,542,1293,0,0,47799549,0.9999085839656275
47809850,2092,539,1250,0,0,47809850,0.9999085839656275
47819605,2110,539,1275,0,0,47819605,0.9999085839656275
47829535,2102,503,1506,0,0,47829535,0.9999085839656275
47839352,2089,525,1505,0,0,47839352,0.9999085839656275
47853003,2092,538,1534,0,0,47853003,0.9999085839656275
47861658,2097,511,1227,0,0,47861658,0.9999085839656275
47870632,2108,536,1309,0,0,47870632,0.9999085839656275
47883195,2098,524,1509,0,0,47883195,0.9999085839656275
47893390,2113,537,1326,0,0,47893390,0.9999085839656275
47905156,2104,533,1258,0,0,47905156,0.9999085839656275
47916105,2097,541,1298,0,0,47916105,0.9999085839656275
47926092,2075,562,1282,0,0,47926092,0.9999085839656275
47936261,2097,536,1240,0,0,47936261,0.9999085839656275
47945294,2088,530,1031,0,0,47945294,0.9999085839656275
47956596,2093,524,1487,0,0,47956596,0.9999085839656275
47967122,2091,509,1255,0,0,47967122,0.9999085839656275
47976181,2083,530,1253,0,0,47976181,0.9999085839656275
47988669,2092,553,1272,0,0,47988669,0.9999085839656275
48000093,2095,521,1272,0,0,48000093,0.9999085839656275
48010207,2090,520,1279,0,0,48010207,0.9999085839656275
48019651,2101,543,1046,0,0,48019651,0.9999085839656275
48031592,2096,533,1292,0,0,48031592,0.9999085839656275
48041885,2096,523,1280,0,0,48041885,0.9999085839656275
48052364,2105,524,1521,0,0,48052364,0.9999085839656275
48064742,2098,529,1054,0,0,48064742,0.9999085839656275
48075130,2097,541,1512,0,0,48075130,0.9999085839656275
48087628,2100,526,1024,0,0,48087628,0.9999085839656275
48097661,2089,523,1290,0,0,48097661,0.9999085839656275
48107605,2113,536,1025,0,0,48107605,0.9999085839656275
48119820,2086,541,1260,0,0,48119820,0.9999085839656275
48130904,2102,527,1259,0,0,48130904,0.9999085839656275
48140865,2112,524,1262,0,0,48140865,0.9999085839656275
48152466,2090,526,1275,0,0,48152466,0.9999085839656275
48161865,2106,538,1244,0,0,48161865,0.9999085839656275
48173829,2099,540,1033,0,0,48173829,0.9999085839656275
48184443,2109,520,1330,0,0,48184443,0.9999085839656275
48194331,2102,525,1268,0,0,48194331,0.9999085839656275
48203550,2106,517,1237,0,0,48203550,0.9999085839656275
48213208,2095,525,1025,0,0,48213208,0.9999085839656275
48225020,2089,516,1262,0,0,48225020,0.9999085839656275
48234943,2083,511,1267,0,0,48234943,0.9999085839656275
48245717,2077,512,1215,0,0,48245717,0.9999085839656275
48255491,2086,520,1025,0,0,48255491,0.9999085839656275
48266811,2070,511,1268,0,0,48266811,0.9999085839656275
48275824,2086,517,1307,0,0,48275824,0.9999085839656275
48286905,2077,511,1042,0,0,48286905,0.9999085839656275
48297149,2092,511,1253,0,0,48297149,0.9999085839656275
48305586,2076,516,1535,0,0,48305586,0.9999085839656275
48316142,2083,526,1514,0,0,48316142,0.9999085839656275
48324578,2081,507,1295,0,0,48324578,0.9999085839656275
48333701,2089,532,1048,0,0,48333701,0.9999085839656275
48346594,2094,524,1517,0,0,48346594,0.9999085839656275
48356963,2089,522,1311,0,0,48356963,0.9999085839656275
48366947,2088,524,1274,0,0,48366947,0.9999085839656275
48376421,2099,520,1529,0,0,48376421,0.9999085839656275
48387523,2093,532,1265,0,0,48387523,0.9999085839656275
48396716,2091,532,1042,0,0,48396716,0.9999085839656275
48408423,2096,547,1499,0,0,48408423,0.9999085839656275
48417600,2104,532,1276,0,0,48417600,0.9999085839656275
48429051,2121,522,1034,0,0,48429051,0.9999085839656275
48440591,2086,541,1047,0,0,48440591,0.9999085839656275
48451857,2092,534,1259,0,0,48451857,0.9999085839656275
48462386,2083,545,1281,0,0,48462386,0.9999085839656275
48476838,2097,539,1305,0,0,48476838,0.9999085839656275
48486975,2114,553,1283,0,0,48486975,0.9999085839656275
48497815,2110,527,1533,0,0,48497815,0.9999085839656275
48507852,2110,524,1318,0,0,48507852,0.9999085839656275
48518813,2123,532,1282,0,0,48518813,0.9999085839656275
48529132,2102,541,1275,0,0,48529132,0.9999085839656275
48540833,2104,528,1242,0,0,48540833,0.9999085839656275
48551052,2099,530,1292,0,0,48551052,0.9999085839656275
48560084,2099,529,1284,0,0,48560084,0.9999085839656275
48568788,2083,534,1029,0,0,48568788,0.9999085839656275
48580443,2082,536,1506,0,0,48580443,0.9999085839656275
48589640,2083,529,1028,0,0,48589640,0.9999085839656275
48598817,2112,533,1533,0,0,48598817,0.9999085839656275
48608836,2101,534,1533,0,0,48608836,0.9999085839656275
48621752,2120,542,1269,0,0,48621752,0.9999085839656275
48632483,2116,536,1288,0,0,48632483,0.9999085839656275
48641648,2118,537,1288,0,0,48641648,0.9999085839656275
48653382,2084,547,1294,0,0,48653382,0.9999085839656275
48663707,2082,556,1319,0,0,48663707,0.9999085839656275
48674379,2100,541,1534,0,0,48674379,0.9999085839656275
48683275,2089,541,1326,0,0,48683275,0.9999085839656275
48694258,2105,568,1293,0,0,48694258,0.9999085839656275
48708038,2097,536,1308,0,0,48708038,0.9999085839656275
48718662,2105,542,1515,0,0,48718662,0.9999085839656275
48729253,2097,548,1323,0,0,48729253,0.9999085839656275
48740411,2091,542,1312,0,0,48740411,0.9999085839656275
48751294,2103,537,1334,0,0,48751294,0.9999085839656275
48760920,2095,553,1300,0,0,48760920,0.9999085839656275
48770098,2101,546,1294,0,0,48770098,0.9999085839656275
48779136,2116,554,1292,0,0,48779136,0.9999085839656275
48789751,2113,545,1294,0,0,48789751,0.9999085839656275
48799765,2126,553,1523,0,0,48799765,0.9999085839656275
48813409,2114,552,1322,0,0,48813409,0.9999085839656275
48823701,2101,540,1294,0,0,48823701,0.9999085839656275
48833041,2078,537,1286,0,0,48833041,0.9999085839656275
48843517,2104,538,1291,0,0,48843517,0.9999085839656275
48855526,2080,543,1290,0,0,48855526,0.9999085839656275
48867612,2092,539,1298,0,0,48867612,0.9999085839656275
48877978,2100,534,1507,0,0,48877978,0.9999085839656275
48888098,2099,532,1283,0,0,48888098,0.9999085839656275
48898811,2097,534,1302,0,0,48898811,0.9999085839656275
48909881,2100,544,1296,0,0,48909881,0.9999085839656275
48920965,2112,561,1325,0,0,48920965,0.9999085839656275
48931441,2120,564,1304,0,0,48931441,0.9999085839656275
48941630,2104,561,1043,0,0,48941630,0.9999085839656275
48951877,2105,556,1289,0,0,48951877,0.9999085839656275
48961726,2109,560,1342,0,0,48961726,0.9999085839656275
48973738,2102,560,1310,0,0,48973738,0.9999085839656275
48984447,2116,552,1301,0,0,48984447,0.9999085839656275
48996265,2107,549,1304,0,0,48996265,0.9999085839656275
49007374,2110,569,1324,0,0,49007374,0.9999085839656275
49016988,2118,564,1519,0,0,49016988,0.9999085839656275
49025648,2110,561,1299,0,0,49025648,0.9999085839656275
49036310,2087,550,1307,0,0,49036310,0.9999085839656275
49047240,2109,540,1505,0,0,49047240,0.9999085839656275
49057486,2107,560,1322,0,0,49057486,0.9999085839656275
49067739,2091,546,1280,0,0,49067739,0.9999085839656275
49079377,2099,544,1530,0,0,49079377,0.9999085839656275
49090604,2096,550,1305,0,0,49090604,0.9999085839656275
49099453,2101,540,1293,0,0,49099453,0.9999085839656275
49108006,2106,557,1295,0,0,49108006,0.9999085839656275
49120228,2108,542,1290,0,0,49120228,0.9999085839656275
49131016,2106,563,1520,0,0,49131016,0.9999085839656275
49141974,2110,560,1458,0,0,49141974,0.9999085839656275
49151788,2106,565,1294,0,0,49151788,0.9999085839656275
49161402,2078,546,1433,0,0,49161402,0.9999085839656275
49173545,2106,562,1318,0,0,49173545,0.9999085839656275
49183024,2104,533,1308,0,0,49183024,0.9999085839656275
49194379,2109,541,1534,0,0,49194379,0.9999085839656275
49208457,2099,548,1024,0,0,49208457,0.9999085839656275
49219140,2097,548,1534,0,0,49219140,0.9999085839656275
49228956,2105,554,1323,0,0,49228956,0.9999085839656275
49238830,2108,546,1294,0,0,49238830,0.9999085839656275
49248021,2112,562,1282,0,0,49248021,0.9999085839656275
49262466,2115,543,1289,0,0,49262466,0.9999085839656275
49273492,2113,542,1280,0,0,49273492,0.9999085839656275
49282681,2102,544,1322,0,0,49282681,0.9999085839656275
49294628,2108,545,1298,0,0,49294628,0.9999085839656275
49304571,2111,559,1311,0,0,49304571,0.9999085839656275
49315076,2138,544,1337,0,0,49315076,0.9999085839656275
49325642,2107,551,1307,0,0,49325642,0.9999085839656275
49334972,2105,532,1280,0,0,49334972,0.9999085839656275
49344554,2104,547,1287,0,0,49344554,0.9999085839656275
49354659,2112,533,1349,0,0,49354659,0.9999085839656275
49365653,2099,545,1291,0,0,49365653,0.9999085839656275
49373938,2112,538,1282,0,0,49373938,0.9999085839656275
49383848,2107,535,1523,0,0,49383848,0.9999085839656275
49397444,2090,541,1282,0,0,49397444,0.9999085839656275
49407479,2096,558,1294,0,0,49407479,0.9999085839656275
49418043,2093,544,1294,0,0,49418043,0.9999085839656275
49426959,2096,535,1318,0,0,49426959,0.9999085839656275
49436021,2096,563,1308,0,0,49436021,0.9999085839656275
49449122,2103,556,1286,0,0,49449122,0.9999085839656275
49459342,2088,554,1285,0,0,49459342,0.9999085839656275
49468304,2092,541,1303,0,0,49468304,0.9999085839656275
49480817,2079,548,1327,0,0,49480817,0.9999085839656275
49491447,2094,546,1304,0,0,49491447,0.9999085839656275
49504802,2108,541,1521,0,0,49504802,0.9999085839656275
49514959,2100,544,1315,0,0,49514959,0.9999085839656275
49524311,2108,540,1295,0,0,49524311,0.9999085839656275
49535881,2102,532,1330,0,0,49535881,0.9999085839656275
49545625,2099,550,1282,0,0,49545625,0.9999085839656275
49558243,2102,546,1347,0,0,49558243,0.9999085839656275
49567942,2102,549,1040,0,0,49567942,0.9999085839656275
49578260,2101,537,1527,0,0,49578260,0.9999085839656275
49588533,2095,548,1312,0,0,49588533,0.9999085839656275
49600346,2112,536,1520,0,0,49600346,0.9999085839656275
49610476,2109,542,1048,0,0,49610476,0.9999085839656275
49619052,2098,541,1026,0,0,49619052,0.9999085839656275
49628952,2100,544,1257,0,0,49628952,0.9999085839656275
49639455,2083,537,1249,0,0,49639455,0.9999085839656275
49648547,2094,530,1534,0,0,49648547,0.9999085839656275
49660195,2110,524,1056,0,0,49660195,0.9999085839656275
49670817,2107,528,1287,0,0,49670817,0.9999085839656275
49680281,2100,555,1026,0,0,49680281,0.9999085839656275
49691419,2105,538,1498,0,0,49691419,0.9999085839656275
49701011,2121,538,1505,0,0,49701011,0.9999085839656275
49710140,2101,517,1522,0,0,49710140,0.9999085839656275
49722541,2098,549,1531,0,0,49722541,0.9999085839656275
49734202,2090,553,1288,0,0,49734202,0.9999085839656275
49744750,2094,545,1520,0,0,49744750,0.9999085839656275
49755747,2096,542,1320,0,0,49755747,0.9999085839656275
49767575,2098,554,1317,0,0,49767575,0.9999085839656275
49776878,2098,546,1513,0,0,49776878,0.9999085839656275
49786507,2099,529,1386,0,0,49786507,0.9999085839656275
49805320,2097,539,1521,0,0,49805320,0.9999085839656275
49815500,2093,544,1288,0,0,49815500,0.9999085839656275
49830345,2100,535,1301,0,0,49830345,0.9999085839656275
49840161,2084,539,1290,0,0,49840161,0.9999085839656275
49850279,2096,545,1233,0,0,49850279,0.9999085839656275
49863830,2102,542,1285,0,0,49863830,0.9999085839656275
49874189,2107,541,1285,0,0,49874189,0.9999085839656275
49884131,2117,540,1329,0,0,49884131,0.9999085839656275
49894142,2107,537,1529,0,0,49894142,0.9999085839656275
49904969,2117,536,1312,0,0,49904969,0.9999085839656275
49914768,2106,540,1281,0,0,49914768,0.9999085839656275
49924399,2099,533,1304,0,0,49924399,0.9999085839656275
49934310,2110,538,1513,0,0,49934310,0.9999085839656275
49946089,2102,548,1037,0,0,49946089,0.9999085839656275
49957701,2107,528,1494,0,0,49957701,0.9999085839656275
49968640,2089,547,1307,0,0,49968640,0.9999085839656275
49978292,2105,552,1285,0,0,49978292,0.9999085839656275
49988181,2109,548,1504,0,0,49988181,0.9999085839656275
49998143,2105,555,1300,0,0,49998143,0.9999085839656275
50008443,2114,552,1315,0,0,50008443,0.9999085839656275
50021061,2100,536,1300,0,0,50021061,0.9999085839656275
50032000,2109,536,1530,0,0,50032000,0.9999085839656275
50041528,2117,538,1527,0,0,50041528,0.9999085839656275
50051274,2121,545,1284,0,0,50051274,0.9999085839656275
50061121,2072,534,1298,0,0,50061121,0.9999085839656275
50070496,2113,546,1281,0,0,50070496,0.9999085839656275
50082230,2105,544,1284,0,0,50082230,0.9999085839656275
50093094,2113,547,1296,0,0,50093094,0.9999085839656275
50103862,2095,541,1531,0,0,50103862,0.9999085839656275
50115122,2098,548,1519,0,0,50115122,0.9999085839656275
50126131,2115,546,1268,0,0,50126131,0.9999085839656275
50135928,2102,549,1286,0,0,50135928,0.9999085839656275
50147814,2107,557,1290,0,0,50147814,0.9999085839656275
50158875,2109,544,1278,0,0,50158875,0.9999085839656275
50168782,2104,545,1306,0,0,50168782,0.9999085839656275
50180665,2101,552,1280,0,0,50180665,0.9999085839656275
50198208,2098,558,1488,0,0,50198208,0.9999085839656275
50207956,2089,547,1293,0,0,50207956,0.9999085839656275
50218105,2096,554,1305,0,0,50218105,0.9999085839656275
50228125,2122,536,1286,0,0,50228125,0.9999085839656275
50236970,2102,561,1294,0,0,50236970,0.9999085839656275
50249557,2086,549,1305,0,0,50249557,0.9999085839656275
50260830,2108,555,1282,0,0,50260830,0.9999085839656275
50271277,2090,549,1296,0,0,50271277,0.9999085839656275
50282061,2100,548,1307,0,0,50282061,0.9999085839656275
50292104,2094,542,1317,0,0,50292104,0.9999085839656275
50301569,2093,555,1292,0,0,50301569,0.9999085839656275
50311451,2098,542,1291,0,0,50311451,0.9999085839656275
50325377,2097,532,1529,0,0,50325377,0.9999085839656275
50334208,2101,540,1521,0,0,50334208,0.9999085839656275
50344882,2105,549,1323,0,0,50344882,0.9999085839656275
50355525,2116,530,1300,0,0,50355525,0.9999085839656275
50365857,2121,541,1288,0,0,50365857,0.9999085839656275
50377882,2112,540,1327,0,0,50377882,0.9999085839656275
50387333,2112,553,1309,0,0,50387333,0.9999085839656275
50398533,2110,545,1293,0,0,50398533,0.9999085839656275
50408001,2102,549,1296,0,0,50408001,0.9999085839656275
50419886,2099,587,1284,0,0,50419886,0.9999085839656275
50431074,2100,561,1298,0,0,50431074,0.9999085839656275
50441719,2097,546,1301,0,0,50441719,0.9999085839656275
50450708,2112,569,1307,0,0,50450708,0.9999085839656275
50463527,2102,545,1532,0,0,50463527,0.9999085839656275
50474566,2098,521,1311,0,0,50474566,0.9999085839656275
50484915,2093,556,1296,0,0,50484915,0.9999085839656275
50496598,2105,550,1334,0,0,50496598,0.9999085839656275
50507779,2096,594,1324,0,0,50507779,0.9999085839656275
50517947,2110,545,1299,0,0,50517947,0.9999085839656275
50527597,2124,545,1309,0,0,50527597,0.9999085839656275
50535769,2106,560,1342,0,0,50535769,0.9999085839656275
50549563,2099,556,1299,0,0,50549563,0.9999085839656275
50560384,2108,554,1353,0,0,50560384,0.9999085839656275
50569559,2151,565,1293,0,0,50569559,0.9999085839656275
50579322,2108,547,1301,0,0,50579322,0.9999085839656275
50590153,2107,550,1307,0,0,50590153,0.9999085839656275
50603797,2101,552,1286,0,0,50603797,0.9999085839656275
50615328,2096,564,1316,0,0,50615328,0.9999085839656275
50627042,2105,560,1344,0,0,50627042,0.9999085839656275
50639667,2122,564,1529,0,0,50639667,0.9999085839656275
50651666,2125,568,1535,0,0,50651666,0.9999085839656275
50662909,2116,569,1313,0,0,50662909,0.9999085839656275
50673524,2116,546,1529,0,0,50673524,0.9999085839656275
50687410,2123,562,1282,0,0,50687410,0.9999085839656275
50697515,2118,560,1529,0,0,50697515,0.9999085839656275
50707307,2144,555,1306,0,0,50707307,0.9999085839656275
50717254,2116,564,1299,0,0,50717254,0.9999085839656275
50725938,2125,570,1332,0,0,50725938,0.9999085839656275
50740302,2142,565,1325,0,0,50740302,0.9999085839656275
50751755,2112,550,1312,0,0,50751755,0.9999085839656275
50764119,2113,568,1283,0,0,50764119,0.9999085839656275
50779803,2110,548,1316,0,0,50779803,0.9999085839656275
50789606,2104,558,1316,0,0,50789606,0.9999085839656275
50799523,2114,559,1311,0,0,50799523,0.9999085839656275
50809564,2108,559,1308,0,0,50809564,0.9999085839656275
50821105,2111,561,1532,0,0,50821105,0.9999085839656275
50829739,2102,609,1294,0,0,50829739,0.9999085839656275
50839983,2101,565,1310,0,0,50839983,0.9999085839656275
50849561,2114,569,1418,0,0,50849561,0.9999085839656275
50862413,2117,579,1285,0,0,50862413,0.9999085839656275
50873072,2102,564,1334,0,0,50873072,0.9999085839656275
50882983,2110,563,1282,0,0,50882983,0.9999085839656275
50892580,2110,555,1535,0,0,50892580,0.9999085839656275
50903679,2107,568,1281,0,0,50903679,0.9999085839656275
50915387,2109,564,1326,0,0,50915387,0.9999085839656275
50925512,2101,565,1292,0,0,50925512,0.9999085839656275
50935594,2092,574,1283,0,0,50935594,0.9999085839656275
50946291,2111,584,1316,0,0,50946291,0.9999085839656275
50956373,2100,570,1304,0,0,50956373,0.9999085839656275
50967517,2097,578,1307,0,0,50967517,0.9999085839656275
50977955,2094,550,1308,0,0,50977955,0.9999085839656275
50989579,2088,564,1297,0,0,50989579,0.9999085839656275
51000569,2090,556,1294,0,0,51000569,0.9999085839656275
51011568,2099,564,1297,0,0,51011568,0.9999085839656275
51023941,2101,542,1293,0,0,51023941,0.9999085839656275
51036354,2101,566,1530,0,0,51036354,0.9999085839656275
51046711,2093,523,1306,0,0,51046711,0.9999085839656275
51057078,2101,544,1281,0,0,51057078,0.9999085839656275
51067710,2094,564,1050,0,0,51067710,0.9999085839656275
51077947,2095,553,1535,0,0,51077947,0.9999085839656275
51089286,2093,561,1034,0,0,51089286,0.9999085839656275
51100015,2096,557,1314,0,0,51100015,0.9999085839656275
51109280,2109,568,1309,0,0,51109280,0.9999085839656275
51120150,2101,537,1289,0,0,51120150,0.9999085839656275
51129320,2100,549,1306,0,0,51129320,0.9999085839656275
51140140,2121,555,1313,0,0,51140140,0.9999085839656275
51150103,2098,560,1515,0,0,51150103,0.9999085839656275
51159862,2101,549,1517,0,0,51159862,0.9999085839656275
51170301,2107,560,1284,0,0,51170301,0.9999085839656275
51182335,2097,511,1288,0,0,51182335,0.9999085839656275
51193078,2113,548,1296,0,0,51193078,0.9999085839656275
51201743,2107,550,1300,0,0,51201743,0.9999085839656275
51212808,2105,548,1533,0,0,51212808,0.9999085839656275
51223814,2094,550,1355,0,0,51223814,0.9999085839656275
51233833,2113,556,1322,0,0,51233833,0.9999085839656275
51244216,2112,558,1502,0,0,51244216,0.9999085839656275
51255403,2101,556,1299,0,0,51255403,0.9999085839656275
51268540,2097,555,1316,0,0,51268540,0.9999085839656275
51277711,2113,555,1292,0,0,51277711,0.9999085839656275
51288692,2121,554,1296,0,0,51288692,0.9999085839656275
51300703,2105,553,1530,0,0,51300703,0.9999085839656275
51311768,2104,552,1323,0,0,51311768,0.9999085839656275
51320450,2106,557,1300,0,0,51320450,0.9999085839656275
51329780,2126,548,1306,0,0,51329780,0.9999085839656275
51341086,2113,546,1047,0,0,51341086,0.9999085839656275
51352982,2120,547,1341,0,0,51352982,0.9999085839656275
51362875,2129,548,1287,0,0,51362875,0.9999085839656275
51373558,2106,549,1284,0,0,51373558,0.9999085839656275
51382495,2084,555,1532,0,0,51382495,0.9999085839656275
51392362,2117,561,1314,0,0,51392362,0.9999085839656275
51402438,2113,561,1309,0,0,51402438,0.9999085839656275
51411951,2096,540,1296,0,0,51411951,0.9999085839656275
51424780,2113,553,1026,0,0,51424780,0.9999085839656275
51436027,2120,560,1304,0,0,51436027,0.9999085839656275
51446772,2108,555,1290,0,0,51446772,0.9999085839656275
51456508,2112,560,1505,0,0,51456508,0.9999085839656275
51468953,2113,562,1299,0,0,51468953,0.9999085839656275
51479957,2106,559,1042,0,0,51479957,0.9999085839656275
51490627,2124,563,1325,0,0,51490627,0.9999085839656275
51501145,2099,550,1316,0,0,51501145,0.9999085839656275
51511136,2109,555,1280,0,0,51511136,0.9999085839656275
51519859,2106,557,1531,0,0,51519859,0.9999085839656275
51532512,2113,554,1294,0,0,51532512,0.9999085839656275
51544754,2103,546,1534,0,0,51544754,0.9999085839656275
51556477,2115,557,1291,0,0,51556477,0.9999085839656275
51568190,2106,553,1310,0,0,51568190,0.9999085839656275
51577173,2107,557,1525,0,0,51577173,0.9999085839656275
51588431,2098,537,1289,0,0,51588431,0.9999085839656275
51599658,2115,562,1523,0,0,51599658,0.9999085839656275
51608773,2076,557,1497,0,0,51608773,0.9999085839656275
51619751,2115,577,1284,0,0,51619751,0.9999085839656275
51630788,2107,546,1508,0,0,51630788,0.9999085839656275
51641696,2120,546,1281,0,0,51641696,0.9999085839656275
51654032,2112,554,1305,0,0,51654032,0.9999085839656275
51664387,2112,560,1292,0,0,51664387,0.9999085839656275
51674087,2097,549,1056,0,0,51674087,0.9999085839656275
51684059,2101,576,1317,0,0,51684059,0.9999085839656275
51694897,2105,564,1332,0,0,51694897,0.9999085839656275
51707566,2107,554,1300,0,0,51707566,0.9999085839656275
51717681,2101,553,1312,0,0,51717681,0.9999085839656275
51728678,2095,556,1280,0,0,51728678,0.9999085839656275
51737982,2091,556,1039,0,0,51737982,0.9999085839656275
51751896,2097,554,1280,0,0,51751896,0.9999085839656275
51761243,2109,569,1310,0,0,51761243,0.9999085839656275
51771927,2092,565,1283,0,0,51771927,0.9999085839656275
51780753,2088,559,1308,0,0,51780753,0.9999085839656275
51790916,2090,557,1298,0,0,51790916,0.9999085839656275
51803169,2099,559,1522,0,0,51803169,0.9999085839656275
51812616,2105,570,1505,0,0,51812616,0.9999085839656275
51824754,2106,547,1533,0,0,51824754,0.9999085839656275
51834964,2107,566,1306,0,0,51834964,0.9999085839656275
51844034,2091,552,1273,0,0,51844034,0.9999085839656275
51853785,2110,563,1534,0,0,51853785,0.9999085839656275
51867364,2093,560,1050,0,0,51867364,0.9999085839656275
51878567,2093,562,1029,0,0,51878567,0.9999085839656275
51888675,2108,554,1242,0,0,51888675,0.9999085839656275
51898164,2097,550,1277,0,0,51898164,0.9999085839656275
51911356,2107,557,1293,0,0,51911356,0.9999085839656275
51920843,2098,558,1326,0,0,51920843,0.9999085839656275
51929450,2100,557,1302,0,0,51929450,0.9999085839656275
51939516,2092,547,1296,0,0,51939516,0.9999085839656275
51951180,2098,562,1286,0,0,51951180,0.9999085839656275
51962553,2093,570,1313,0,0,51962553,0.9999085839656275
51982547,2092,563,1513,0,0,51982547,0.9999085839656275
51993444,2104,560,1283,0,0,51993444,0.9999085839656275
52003670,2085,559,1300,0,0,52003670,0.9999085839656275
52013369,2116,561,1296,0,0,52013369,0.9999085839656275
52023571,2112,574,1296,0,0,52023571,0.9999085839656275
52034310,2113,575,1298,0,0,52034310,0.9999085839656275
52047169,2115,579,1316,0,0,52047169,0.9999085839656275
52058905,2117,569,1280,0,0,52058905,0.9999085839656275
52071007,2112,564,1327,0,0,52071007,0.9999085839656275
52082552,2104,559,1532,0,0,52082552,0.9999085839656275
52095323,2120,557,1520,0,0,52095323,0.9999085839656275
52105219,2112,557,1027,0,0,52105219,0.9999085839656275
52115494,2107,555,1317,0,0,52115494,0.9999085839656275
52127686,2121,567,1299,0,0,52127686,0.9999085839656275
52139741,2099,560,1531,0,0,52139741,0.9999085839656275
52155535,2110,560,1290,0,0,52155535,0.9999085839656275
52164601,2098,580,1329,0,0,52164601,0.9999085839656275
52175677,2112,558,1280,0,0,52175677,0.9999085839656275
52187314,2108,557,1313,0,0,52187314,0.9999085839656275
52197859,2126,558,1308,0,0,52197859,0.9999085839656275
52207333,2102,558,1307,0,0,52207333,0.9999085839656275
52219261,2113,599,1281,0,0,52219261,0.9999085839656275
52229258,2096,550,1535,0,0,52229258,0.9999085839656275
52240657,2113,560,1390,0,0,52240657,0.9999085839656275
52252596,2109,574,1320,0,0,52252596,0.9999085839656275
52264221,2100,551,1313,0,0,52264221,0.9999085839656275
52276436,2094,550,1316,0,0,52276436,0.9999085839656275
52286632,2112,562,1318,0,0,52286632,0.9999085839656275
52296323,2090,562,1296,0,0,52296323,0.9999085839656275
52307997,2116,549,1326,0,0,52307997,0.9999085839656275
52319365,2105,546,1286,0,0,52319365,0.9999085839656275
52329576,2098,562,1288,0,0,52329576,0.9999085839656275
52341214,2112,555,1301,0,0,52341214,0.9999085839656275
52352068,2091,545,1520,0,0,52352068,0.9999085839656275
52364618,2099,554,1298,0,0,52364618,0.9999085839656275
52377027,2096,562,1306,0,0,52377027,0.9999085839656275
52389653,2108,565,1523,0,0,52389653,0.9999085839656275
52400699,2098,556,1289,0,0,52400699,0.9999085839656275
52411785,2105,550,1313,0,0,52411785,0.9999085839656275
52421699,2113,557,1526,0,0,52421699,0.9999085839656275
52432873,2112,569,1304,0,0,52432873,0.9999085839656275
52442145,2118,557,1294,0,0,52442145,0.9999085839656275
52453969,2110,558,1320,0,0,52453969,0.9999085839656275
52465611,2097,562,1297,0,0,52465611,0.9999085839656275
52476754,2104,565,1281,0,0,52476754,0.9999085839656275
52487290,2105,580,1314,0,0,52487290,0.9999085839656275
52496242,2106,561,1302,0,0,52496242,0.9999085839656275
52507299,2113,550,1309,0,0,52507299,0.9999085839656275
52517905,2113,558,1322,0,0,52517905,0.9999085839656275
52528550,2129,562,1340,0,0,52528550,0.9999085839656275
52538753,2117,559,1285,0,0,52538753,0.9999085839656275
52549792,2136,561,1314,0,0,52549792,0.9999085839656275
52560750,2124,564,1302,0,0,52560750,0.9999085839656275
52572082,2116,558,1311,0,0,52572082,0.9999085839656275
52581821,2125,569,1326,0,0,52581821,0.9999085839656275
52594184,2116,566,1532,0,0,52594184,0.9999085839656275
52605382,2133,569,1305,0,0,52605382,0.9999085839656275
52613760,2113,566,1306,0,0,52613760,0.9999085839656275
52625774,2118,576,1304,0,0,52625774,0.9999085839656275
52636520,2108,566,1421,0,0,52636520,0.9999085839656275
52650207,2095,541,1315,0,0,52650207,0.9999085839656275
52662693,2101,558,1300,0,0,52662693,0.9999085839656275
52672622,2096,560,1282,0,0,52672622,0.9999085839656275
52686276,2096,558,1312,0,0,52686276,0.9999085839656275
52695865,2082,545,1324,0,0,52695865,0.9999085839656275
52708803,2080,549,1331,0,0,52708803,0.9999085839656275
52725616,2077,565,1293,0,0,52725616,0.9999085839656275
52740923,2086,570,1292,0,0,52740923,0.9999085839656275
52755655,2097,573,1324,0,0,52755655,0.9999085839656275
52765572,2138,573,1322,0,0,52765572,0.9999085839656275
52780049,2104,582,1295,0,0,52780049,0.9999085839656275
52792911,2097,579,1324,0,0,52792911,0.9999085839656275
52809193,2104,573,1318,0,0,52809193,0.9999085839656275
52822825,2088,568,1314,0,0,52822825,0.9999085839656275
52842645,2085,567,1304,0,0,52842645,0.9999085839656275
52858980,2080,557,1531,0,0,52858980,0.9999085839656275
52873195,2084,552,1285,0,0,52873195,0.9999085839656275
52887205,2089,562,1316,0,0,52887205,0.9999085839656275
52905119,2094,562,1280,0,0,52905119,0.9999085839656275
52920268,2099,561,1320,0,0,52920268,0.9999085839656275
52934568,2097,573,1512,0,0,52934568,0.9999085839656275
52948523,2108,563,1282,0,0,52948523,0.9999085839656275
52965062,2095,549,1530,0,0,52965062,0.9999085839656275
52982056,2099,556,1286,0,0,52982056,0.9999085839656275
52998041,2101,578,1525,0,0,52998041,0.9999085839656275
53014254,2080,558,1284,0,0,53014254,0.9999085839656275
53027695,2099,561,1273,0,0,53027695,0.9999085839656275
53044912,2096,545,1084,0,0,53044912,0.9999085839656275
53061205,2090,525,1263,0,0,53061205,0.9999085839656275
53079796,2078,558,1265,0,0,53079796,0.9999085839656275
53095833,2129,564,1270,0,0,53095833,0.9999085839656275
53113582,2086,556,1270,0,0,53113582,0.9999085839656275
53129618,2086,556,1270,0,0,53129618,0.9999085839656275
53144119,2082,548,1245,0,0,53144119,0.9999085839656275
53158880,2080,548,1264,0,0,53158880,0.9999085839656275
53173966,2067,532,1249,0,0,53173966,0.9999085839656275
53189785,2070,547,1261,0,0,53189785,0.9999085839656275
53210849,2077,540,1273,0,0,53210849,0.9999085839656275
53228456,2096,547,1271,0,0,53228456,0.9999085839656275
53239673,2124,539,1282,0,0,53239673,0.9999085839656275
53250477,2085,548,1267,0,0,53250477,0.9999085839656275
53261428,2094,543,1269,0,0,53261428,0.9999085839656275
53272675,2098,547,1252,0,0,53272675,0.9999085839656275
53282980,2094,552,1275,0,0,53282980,0.9999085839656275
53293278,2091,552,1027,0,0,53293278,0.9999085839656275
53303289,2103,548,1027,0,0,53303289,0.9999085839656275
53314532,2083,532,1038,0,0,53314532,0.9999085839656275
53325368,2069,535,1243,0,0,53325368,0.9999085839656275
53336304,2080,540,1241,0,0,53336304,0.9999085839656275
53345760,2082,535,1266,0,0,53345760,0.9999085839656275
53355453,2091,534,1231,0,0,53355453,0.9999085839656275
53367101,2112,547,1274,0,0,53367101,0.9999085839656275
53380439,2097,544,1266,0,0,53380439,0.9999085839656275
53389566,2099,542,1267,0,0,53389566,0.9999085839656275
53399992,2088,566,1263,0,0,53399992,0.9999085839656275
53420130,2108,548,1040,0,0,53420130,0.9999085839656275
53444670,2091,543,1058,0,0,53444670,0.9999085839656275
53459965,2104,539,1296,0,0,53459965,0.9999085839656275
53472377,2093,539,1230,0,0,53472377,0.9999085839656275
53483433,2083,530,1253,0,0,53483433,0.9999085839656275
53496041,2094,542,1035,0,0,53496041,0.9999085839656275
53506294,2095,537,1243,0,0,53506294,0.9999085839656275
53515928,2090,534,1266,0,0,53515928,0.9999085839656275
53524749,2094,538,1256,0,0,53524749,0.9999085839656275
53534491,2100,538,1266,0,0,53534491,0.9999085839656275
53545001,2093,534,1268,0,0,53545001,0.9999085839656275
53555764,2089,537,1240,0,0,53555764,0.9999085839656275
53568262,2089,531,1241,0,0,53568262,0.9999085839656275
53579800,2093,534,1270,0,0,53579800,0.9999085839656275
53589885,2097,536,1041,0,0,53589885,0.9999085839656275
53610944,2103,546,1259,0,0,53610944,0.9999085839656275
53627417,2089,523,1262,0,0,53627417,0.9999085839656275
53647133,2096,515,1258,0,0,53647133,0.9999085839656275
53659828,2090,528,1275,0,0,53659828,0.9999085839656275
53674662,2094,534,1267,0,0,53674662,0.9999085839656275
53688707,2116,536,1261,0,0,53688707,0.9999085839656275
53703208,2105,549,1259,0,0,53703208,0.9999085839656275
53725124,2097,535,1032,0,0,53725124,0.9999085839656275
53738503,2097,541,1250,0,0,53738503,0.9999085839656275
53748314,2090,538,1524,0,0,53748314,0.9999085839656275
53765137,2091,539,1264,0,0,53765137,0.9999085839656275
53784145,2088,515,1256,0,0,53784145,0.9999085839656275
53796058,2091,533,1047,0,0,53796058,0.9999085839656275
53806518,2088,545,1040,0,0,53806518,0.9999085839656275
53823038,2088,538,1028,0,0,53823038,0.9999085839656275
53834258,2086,552,1275,0,0,53834258,0.9999085839656275
53844986,2073,543,1253,0,0,53844986,0.9999085839656275
53856749,2102,511,1263,0,0,53856749,0.9999085839656275
53868255,2099,538,1266,0,0,53868255,0.9999085839656275
53879114,2109,549,1273,0,0,53879114,0.9999085839656275
53891823,2109,542,1034,0,0,53891823,0.9999085839656275
53903467,2135,550,1229,0,0,53903467,0.9999085839656275
53913784,2115,556,1268,0,0,53913784,0.9999085839656275
53925622,2107,552,1267,0,0,53925622,0.9999085839656275
53937320,2123,556,1263,0,0,53937320,0.9999085839656275
53949040,2113,548,1259,0,0,53949040,0.9999085839656275
53961407,2096,545,1275,0,0,53961407,0.9999085839656275
53976339,2088,538,1258,0,0,53976339,0.9999085839656275
53987033,2101,534,1246,0,0,53987033,0.9999085839656275
53998600,2086,536,1248,0,0,53998600,0.9999085839656275
54012304,2090,549,1261,0,0,54012304,0.9999085839656275
54035957,2119,541,1489,0,0,54035957,0.9999085839656275
54051094,2109,539,1259,0,0,54051094,0.9999085839656275
54074897,2096,544,1243,0,0,54074897,0.9999085839656275
54088085,2099,550,1214,0,0,54088085,0.9999085839656275
54103312,2105,551,1272,0,0,54103312,0.9999085839656275
54113601,2101,540,1257,0,0,54113601,0.9999085839656275
54126410,2084,544,1268,0,0,54126410,0.9999085839656275
54140759,2079,537,1256,0,0,54140759,0.9999085839656275
54152440,2083,548,1278,0,0,54152440,0.9999085839656275
54166066,2088,538,1269,0,0,54166066,0.9999085839656275
54181563,2088,533,1050,0,0,54181563,0.9999085839656275
54192100,2097,543,1029,0,0,54192100,0.9999085839656275
54202563,2098,546,1277,0,0,54202563,0.9999085839656275
54217018,2080,546,1037,0,0,54217018,0.9999085839656275
54229584,2092,553,1260,0,0,54229584,0.9999085839656275
54241576,2104,552,1259,0,0,54241576,0.9999085839656275
54251813,2087,535,1265,0,0,54251813,0.9999085839656275
54261712,2080,533,1030,0,0,54261712,0.9999085839656275
54273159,2081,538,1049,0,0,54273159,0.9999085839656275
54286359,2104,523,1046,0,0,54286359,0.9999085839656275
54301034,2082,542,1046,0,0,54301034,0.9999085839656275
54312162,2102,541,1267,0,0,54312162,0.9999085839656275
54321572,2099,526,1274,0,0,54321572,0.9999085839656275
54332163,2102,542,1026,0,0,54332163,0.9999085839656275
54349711,2090,544,1258,0,0,54349711,0.9999085839656275
54362085,2090,552,1260,0,0,54362085,0.9999085839656275
54373713,2099,543,1244,0,0,54373713,0.9999085839656275
54385456,2097,539,1266,0,0,54385456,0.9999085839656275
54399823,2088,553,1260,0,0,54399823,0.9999085839656275
54414097,2095,552,1027,0,0,54414097,0.9999085839656275
54429068,2092,537,1265,0,0,54429068,0.9999085839656275
54441158,2099,539,1249,0,0,54441158,0.9999085839656275
54452274,2110,548,1267,0,0,54452274,0.9999085839656275
54461939,2105,548,1280,0,0,54461939,0.9999085839656275
54473781,2107,547,1272,0,0,54473781,0.9999085839656275
54487387,2102,561,1235,0,0,54487387,0.9999085839656275
54499036,2099,542,1049,0,0,54499036,0.9999085839656275
54510559,2104,555,1262,0,0,54510559,0.9999085839656275
54521597,2122,540,1042,0,0,54521597,0.9999085839656275
54531339,2117,550,1238,0,0,54531339,0.9999085839656275
54547067,2109,550,1230,0,0,54547067,0.9999085839656275
54558201,2094,548,1042,0,0,54558201,0.9999085839656275
54568470,2102,549,1239,0,0,54568470,0.9999085839656275
54579860,2112,549,1261,0,0,54579860,0.9999085839656275
54589223,2106,552,1049,0,0,54589223,0.9999085839656275
54604172,2110,540,1041,0,0,54604172,0.9999085839656275
54618493,2105,542,1229,0,0,54618493,0.9999085839656275
54636159,2097,567,1526,0,0,54636159,0.9999085839656275
54653967,2104,544,1266,0,0,54653967,0.9999085839656275
54664713,2101,545,1034,0,0,54664713,0.9999085839656275
54673670,2113,544,1029,0,0,54673670,0.9999085839656275
54683482,2109,540,1274,0,0,54683482,0.9999085839656275
54697823,2115,541,1245,0,0,54697823,0.9999085839656275
54710003,2089,534,1278,0,0,54710003,0.9999085839656275
54727217,2110,537,1025,0,0,54727217,0.9999085839656275
54742306,2113,555,1261,0,0,54742306,0.9999085839656275
54756868,2103,581,1329,0,0,54756868,0.9999085839656275
54794297,2107,556,1251,0,0,54794297,0.9999085839656275
54817937,2096,552,1024,0,0,54817937,0.9999085839656275
54844072,2088,547,1250,0,0,54844072,0.9999085839656275
54867143,2141,548,1237,0,0,54867143,0.9999085839656275
54888387,2083,544,1522,0,0,54888387,0.9999085839656275
54905019,2086,545,1259,0,0,54905019,0.9999085839656275
54930390,2097,540,1522,0,0,54930390,0.9999085839656275
54953225,2084,553,1301,0,0,54953225,0.9999085839656275
54976996,2093,546,1265,0,0,54976996,0.9999085839656275
54999465,2096,533,1210,0,0,54999465,0.9999085839656275
55022689,2102,548,1024,0,0,55022689,0.9999085839656275
55043501,2094,539,1245,0,0,55043501,0.9999085839656275
55058753,2111,547,1250,0,0,55058753,0.9999085839656275
55076782,2107,548,1254,0,0,55076782,0.9999085839656275
55097827,2097,529,1237,0,0,55097827,0.9999085839656275
55110830,2093,547,1251,0,0,55110830,0.9999085839656275
55123171,2127,546,1270,0,0,55123171,0.9999085839656275
55135482,2095,549,1257,0,0,55135482,0.9999085839656275
55148448,2079,560,1268,0,0,55148448,0.9999085839656275
55161184,2098,552,1028,0,0,55161184,0.9999085839656275
55172608,2096,554,1253,0,0,55172608,0.9999085839656275
55186832,2090,550,1276,0,0,55186832,0.9999085839656275
55200320,2103,541,1026,0,0,55200320,0.9999085839656275
55212176,2110,582,1300,0,0,55212176,0.9999085839656275
55224525,2089,561,1268,0,0,55224525,0.9999085839656275
55238032,2108,557,1267,0,0,55238032,0.9999085839656275
55249119,2112,555,1260,0,0,55249119,0.9999085839656275
55270059,2112,538,1273,0,0,55270059,0.9999085839656275
55302184,2093,528,1030,0,0,55302184,0.9999085839656275
55321726,2099,542,1272,0,0,55321726,0.9999085839656275
55339560,2101,552,1035,0,0,55339560,0.9999085839656275
55357573,2113,556,1529,0,0,55357573,0.9999085839656275
55373094,2099,556,1024,0,0,55373094,0.9999085839656275
55387838,2112,564,1267,0,0,55387838,0.9999085839656275
55402216,2117,552,1280,0,0,55402216,0.9999085839656275
55417899,2107,554,1531,0,0,55417899,0.9999085839656275
55431121,2114,539,1281,0,0,55431121,0.9999085839656275
55443407,2085,543,1294,0,0,55443407,0.9999085839656275
55455814,2088,536,1507,0,0,55455814,0.9999085839656275
55470250,2084,529,1260,0,0,55470250,0.9999085839656275
55486398,2093,540,1270,0,0,55486398,0.9999085839656275
55499746,2070,535,1263,0,0,55499746,0.9999085839656275
55513181,2076,521,1258,0,0,55513181,0.9999085839656275
55530449,2100,541,1243,0,0,55530449,0.9999085839656275
55543576,2111,555,1257,0,0,55543576,0.9999085839656275
55555874,2104,539,1033,0,0,55555874,0.9999085839656275
55573636,2097,554,1507,0,0,55573636,0.9999085839656275
55595815,2070,556,1267,0,0,55595815,0.9999085839656275
55651475,2085,537,1242,1,0,55651475,0.9991315476734619
55724500,2094,556,1250,1,0,55724500,0.9991315476734619
55774217,2106,545,1290,1,0,55774217,0.9991315476734619
55812062,2090,538,1233,1,0,55812062,0.9991315476734619
55841616,2093,558,1322,1,0,55841616,0.9991315476734619
55868225,2084,557,1521,1,0,55868225,0.9991315476734619
55883833,2091,552,1346,1,0,55883833,0.9991315476734619
55897963,2082,563,1524,1,0,55897963,0.9991315476734619
55911376,2099,552,1284,1,0,55911376,0.9991315476734619
55924735,2075,556,1298,1,0,55924735,0.9991315476734619
55944964,2097,568,1510,1,0,55944964,0.9991315476734619
55969764,2092,564,1313,1,0,55969764,0.9991315476734619
55982829,2103,553,1285,1,0,55982829,0.9991315476734619
55996827,2088,558,1295,1,0,55996827,0.9991315476734619
56007238,2086,556,1309,1,0,56007238,0.9991315476734619
56017238,2099,565,1308,1,0,56017238,0.9991315476734619
56025727,2091,573,1280,1,0,56025727,0.9991315476734619
56036110,2100,577,1532,1,0,56036110,0.9991315476734619
56049467,2100,558,1526,1,0,56049467,0.9991315476734619
56062005,2113,557,1335,1,0,56062005,0.9991315476734619
56073789,2107,557,1040,1,0,56073789,0.9991315476734619
56085626,2123,566,1280,1,0,56085626,0.9991315476734619
56096506,2106,532,1265,1,0,56096506,0.9991315476734619
56106868,2149,545,1270,1,0,56106868,0.9991315476734619
56118966,2094,540,1245,1,0,56118966,0.9991315476734619
56128798,2094,565,1496,1,0,56128798,0.9991315476734619
56141599,2097,538,1261,1,0,56141599,0.9991315476734619
56151475,2095,547,1256,1,0,56151475,0.9991315476734619
56163541,2093,550,1248,1,0,56163541,0.9991315476734619
56173178,2093,523,1262,1,0,56173178,0.9991315476734619
56185405,2120,541,1033,1,0,56185405,0.9991315476734619
56197686,2117,546,1270,1,0,56197686,0.9991315476734619
56207150,2094,555,1260,1,0,56207150,0.9991315476734619
56217547,2099,528,1250,1,0,56217547,0.9991315476734619
56229618,2091,547,1209,1,0,56229618,0.9991315476734619
56239908,2096,528,1027,1,0,56239908,0.9991315476734619
56251363,2100,536,1254,1,0,56251363,0.9991315476734619
56263265,2122,541,1247,1,0,56263265,0.9991315476734619
56273184,2126,544,1233,1,0,56273184,0.9991315476734619
56281914,2121,525,1028,1,0,56281914,0.9991315476734619
56294188,2118,531,1252,1,0,56294188,0.9991315476734619
56304743,2124,549,1242,1,0,56304743,0.9991315476734619
56314477,2109,546,1274,1,0,56314477,0.9991315476734619
56325286,2106,532,1245,1,0,56325286,0.9991315476734619
56335234,2108,549,1260,1,0,56335234,0.9991315476734619
56348094,2116,541,1262,1,0,56348094,0.9991315476734619
56357541,2116,542,1274,1,0,56357541,0.9991315476734619
56369295,2104,526,1264,1,0,56369295,0.9991315476734619
56380376,2096,549,1258,1,0,56380376,0.9991315476734619
56390847,2094,534,1272,1,0,56390847,0.9991315476734619
56400457,2100,540,1028,1,0,56400457,0.9991315476734619
56411592,2115,536,1245,1,0,56411592,0.9991315476734619
56422287,2091,525,1254,1,0,56422287,0.9991315476734619
56434815,2101,539,1240,1,0,56434815,0.9991315476734619
56445559,2101,533,1039,1,0,56445559,0.9991315476734619
56457628,2112,533,1249,1,0,56457628,0.9991315476734619
56469659,2134,540,1286,1,0,56469659,0.9991315476734619
56480480,2112,544,1037,1,0,56480480,0.9991315476734619
56493097,2107,537,1282,1,0,56493097,0.9991315476734619
56509006,2100,545,1271,1,0,56509006,0.9991315476734619
56520323,2104,541,1260,1,0,56520323,0.9991315476734619
56530819,2104,540,1262,1,0,56530819,0.9991315476734619
56540232,2072,548,1273,1,0,56540232,0.9991315476734619
56550773,2096,536,1272,1,0,56550773,0.9991315476734619
56562403,2092,569,1235,1,0,56562403,0.9991315476734619
56573015,2108,559,1254,1,0,56573015,0.9991315476734619
56583005,2098,544,1257,1,0,56583005,0.9991315476734619
56592947,2099,523,1276,1,0,56592947,0.9991315476734619
56603121,2095,550,1278,1,0,56603121,0.9991315476734619
56620557,2121,532,1250,1,0,56620557,0.9991315476734619
56631486,2102,541,1271,1,0,56631486,0.9991315476734619
56640738,2106,532,1251,1,0,56640738,0.9991315476734619
56651374,2112,534,1251,1,0,56651374,0.9991315476734619
56661653,2114,541,1228,1,0,56661653,0.9991315476734619
56674136,2096,534,1273,1,0,56674136,0.9991315476734619
56685605,2093,532,1274,1,0,56685605,0.9991315476734619
56697125,2101,533,1266,1,0,56697125,0.9991315476734619
56706667,2089,542,1257,1,0,56706667,0.9991315476734619
56718975,2094,552,1038,1,0,56718975,0.9991315476734619
56731300,2101,537,1262,1,0,56731300,0.9991315476734619
56740665,2121,536,1261,1,0,56740665,0.9991315476734619
56750521,2109,540,1269,1,0,56750521,0.9991315476734619
56759846,2109,538,1266,1,0,56759846,0.9991315476734619
56768571,2104,540,1266,1,0,56768571,0.9991315476734619
56778779,2111,555,1254,1,0,56778779,0.9991315476734619
56792058,2097,538,1257,1,0,56792058,0.9991315476734619
56802064,2099,529,1261,1,0,56802064,0.9991315476734619
56813246,2101,547,1246,1,0,56813246,0.9991315476734619
56826327,2102,529,1269,1,0,56826327,0.9991315476734619
56837229,2104,524,1221,1,0,56837229,0.9991315476734619
56848334,2096,525,1258,1,0,56848334,0.9991315476734619
56859563,2105,523,1253,1,0,56859563,0.9991315476734619
56872778,2109,520,1260,1,0,56872778,0.9991315476734619
56884296,2098,523,1041,1,0,56884296,0.9991315476734619
56894137,2106,524,1290,1,0,56894137,0.9991315476734619
56904754,2102,539,1272,1,0,56904754,0.9991315476734619
56915643,2116,544,1517,1,0,56915643,0.9991315476734619
56926147,2096,539,1504,1,0,56926147,0.9991315476734619
56936033,2112,535,1515,1,0,56936033,0.9991315476734619
56947470,2099,538,1034,1,0,56947470,0.9991315476734619
56958119,2096,523,1498,1,0,56958119,0.9991315476734619
56969759,2082,546,1277,1,0,56969759,0.9991315476734619
56980007,2090,525,1365,1,0,56980007,0.9991315476734619
56992428,2101,530,1036,1,0,56992428,0.9991315476734619
57005423,2087,524,1283,1,0,57005423,0.9991315476734619
57017390,2079,530,1048,1,0,57017390,0.9991315476734619
57032327,2082,521,1272,1,0,57032327,0.9991315476734619
57043458,2097,533,1043,1,0,57043458,0.9991315476734619
57053582,2093,539,1522,1,0,57053582,0.9991315476734619
57064012,2090,546,1257,1,0,57064012,0.9991315476734619
57075347,2092,528,1056,1,0,57075347,0.9991315476734619
57086910,2092,537,1273,1,0,57086910,0.9991315476734619
57096687,2097,527,1249,1,0,57096687,0.9991315476734619
57107603,2083,518,1270,1,0,57107603,0.9991315476734619
57119325,2106,511,1263,1,0,57119325,0.9991315476734619
57133556,2096,513,1242,1,0,57133556,0.9991315476734619
57144285,2076,515,1273,1,0,57144285,0.9991315476734619
57153596,2089,511,1252,1,0,57153596,0.9991315476734619
57165795,2081,513,1252,1,0,57165795,0.9991315476734619
57175869,2085,506,1257,1,0,57175869,0.9991315476734619
57186100,2073,501,1275,1,0,57186100,0.9991315476734619
57198435,2102,507,1041,1,0,57198435,0.9991315476734619
57209690,2109,511,1246,1,0,57209690,0.9991315476734619
57219460,2101,511,1238,1,0,57219460,0.9991315476734619
57228494,2095,524,1272,1,0,57228494,0.9991315476734619
57239151,2098,513,1268,1,0,57239151,0.9991315476734619
57248524,2092,511,1265,1,0,57248524,0.9991315476734619
57259316,2056,511,1270,1,0,57259316,0.9991315476734619
57269644,2087,521,1266,1,0,57269644,0.9991315476734619
57285638,2092,516,1272,1,0,57285638,0.9991315476734619
57295157,2089,514,1034,1,0,57295157,0.9991315476734619
57310359,2075,519,1024,1,0,57310359,0.9991315476734619
57318859,2049,514,1274,1,0,57318859,0.9991315476734619
57329604,2064,518,1053,1,0,57329604,0.9991315476734619
57340718,2080,531,1260,1,0,57340718,0.9991315476734619
57351067,2063,539,1038,1,0,57351067,0.9991315476734619
57362759,2076,532,1267,1,0,57362759,0.9991315476734619
57374131,2088,513,1518,1,0,57374131,0.9991315476734619
57386802,2099,564,1531,1,0,57386802,0.9991315476734619
57395611,2101,523,1525,1,0,57395611,0.9991315476734619
57406760,2096,524,1041,1,0,57406760,0.9991315476734619
57415457,2104,525,1274,1,0,57415457,0.9991315476734619
57427555,2092,511,1242,1,0,57427555,0.9991315476734619
57439786,2085,511,1262,1,0,57439786,0.9991315476734619
57451688,2076,517,1028,1,0,57451688,0.9991315476734619
57462159,2095,515,1040,1,0,57462159,0.9991315476734619
57471934,2096,516,1244,1,0,57471934,0.9991315476734619
57482176,2089,511,1519,1,0,57482176,0.9991315476734619
57492608,2092,515,1524,1,0,57492608,0.9991315476734619
57502972,2088,522,1029,1,0,57502972,0.9991315476734619
57511968,2092,511,1228,1,0,57511968,0.9991315476734619
57522162,2085,511,1263,1,0,57522162,0.9991315476734619
57532833,2102,512,1279,1,0,57532833,0.9991315476734619
57543574,2106,524,1224,1,0,57543574,0.9991315476734619
57553655,2094,526,1497,1,0,57553655,0.9991315476734619
57565195,2092,514,1024,1,0,57565195,0.9991315476734619
57577015,2089,511,1260,1,0,57577015,0.9991315476734619
57587486,2131,522,1257,1,0,57587486,0.9991315476734619
57598512,2097,517,1292,1,0,57598512,0.9991315476734619
57607233,2096,511,1264,1,0,57607233,0.9991315476734619
57616804,2090,511,1275,1,0,57616804,0.9991315476734619
57627506,2091,520,1257,1,0,57627506,0.9991315476734619
57638471,2085,532,1244,1,0,57638471,0.9991315476734619
57649271,2110,525,1261,1,0,57649271,0.9991315476734619
57658645,2087,517,1302,1,0,57658645,0.9991315476734619
57671565,2089,511,1041,1,0,57671565,0.9991315476734619
57682015,2066,514,1230,1,0,57682015,0.9991315476734619
57694103,2085,497,1244,1,0,57694103,0.9991315476734619
57704563,2089,506,1263,1,0,57704563,0.9991315476734619
57713537,2093,509,1230,1,0,57713537,0.9991315476734619
57724671,2097,497,1240,1,0,57724671,0.9991315476734619
57733440,2100,501,1260,1,0,57733440,0.9991315476734619
57747069,2091,487,1264,1,0,57747069,0.9991315476734619
57757607,2079,502,1049,1,0,57757607,0.9991315476734619
57767983,2089,502,1214,1,0,57767983,0.9991315476734619
57782459,2076,492,1240,1,0,57782459,0.9991315476734619
57794048,2092,494,1215,1,0,57794048,0.9991315476734619
57805875,2085,482,1259,1,0,57805875,0.9991315476734619
57814681,2089,499,1035,1,0,57814681,0.9991315476734619
57825681,2099,493,1205,1,0,57825681,0.9991315476734619
57852656,2098,496,1250,1,0,57852656,0.9991315476734619
57865255,2083,497,1248,1,0,57865255,0.9991315476734619
57877656,2089,474,1270,1,0,57877656,0.9991315476734619
57891683,2091,483,1258,1,0,57891683,0.9991315476734619
57903228,2078,489,1221,1,0,57903228,0.9991315476734619
57920559,2085,483,1220,1,0,57920559,0.9991315476734619
57938069,2078,478,1251,1,0,57938069,0.9991315476734619
57951449,2070,480,1238,1,0,57951449,0.9991315476734619
57965450,2083,474,1045,1,0,57965450,0.9991315476734619
57980723,2078,491,1232,1,0,57980723,0.9991315476734619
57994304,2069,488,1226,1,0,57994304,0.9991315476734619
58003582,2062,482,1024,1,0,58003582,0.9991315476734619
58012183,2067,494,1224,1,0,58012183,0.9991315476734619
58038788,2120,490,1251,1,0,58038788,0.9991315476734619
58055048,2082,491,1206,1,0,58055048,0.9991315476734619
58074024,2072,485,1030,1,0,58074024,0.9991315476734619
58088711,2077,482,1248,1,0,58088711,0.9991315476734619
58104866,2092,479,1224,1,0,58104866,0.9991315476734619
58120685,2094,479,1245,1,0,58120685,0.9991315476734619
58136175,2089,476,1248,1,0,58136175,0.9991315476734619
58159260,2080,484,1267,1,0,58159260,0.9991315476734619
58177260,2082,485,1530,1,0,58177260,0.9991315476734619
58193860,2081,473,1251,1,0,58193860,0.9991315476734619
58212176,2083,486,1228,1,0,58212176,0.9991315476734619
58227256,2075,482,1258,1,0,58227256,0.9991315476734619
58237120,2074,500,1028,1,0,58237120,0.9991315476734619
58246837,2084,477,1236,1,0,58246837,0.9991315476734619
58258745,2096,486,1086,1,0,58258745,0.9991315476734619
58268581,2077,484,1232,1,0,58268581,0.9991315476734619
58277590,2057,483,1272,1,0,58277590,0.9991315476734619
58291097,2073,495,1253,1,0,58291097,0.9991315476734619
58305322,2096,494,1245,1,0,58305322,0.9991315476734619
58321251,2060,496,1245,1,0,58321251,0.9991315476734619
58338504,2077,498,1244,1,0,58338504,0.9991315476734619
58359445,2090,492,1268,1,0,58359445,0.9991315476734619
58376174,2066,498,1217,1,0,58376174,0.9991315476734619
58391482,2073,467,1274,1,0,58391482,0.9991315476734619
58406611,2078,481,1218,1,0,58406611,0.9991315476734619
58428162,2060,493,1273,1,0,58428162,0.9991315476734619
58446059,2062,488,1244,1,0,58446059,0.9991315476734619
58462338,2097,480,1229,1,0,58462338,0.9991315476734619
58478388,2088,492,1254,1,0,58478388,0.9991315476734619
58494591,2081,483,1273,1,0,58494591,0.9991315476734619
58510036,2068,483,1275,1,0,58510036,0.9991315476734619
58522498,2091,496,1273,1,0,58522498,0.9991315476734619
58535346,2074,485,1254,1,0,58535346,0.9991315476734619
58550700,2075,476,1234,1,0,58550700,0.9991315476734619
58567826,2075,485,1249,1,0,58567826,0.9991315476734619
58583884,2078,494,1234,1,0,58583884,0.9991315476734619
58599737,2085,490,1226,1,0,58599737,0.9991315476734619
58615027,2085,479,1261,1,0,58615027,0.9991315476734619
58631724,2084,485,1243,1,0,58631724,0.9991315476734619
58647653,2081,492,1152,1,0,58647653,0.9991315476734619
58660446,2084,483,1234,1,0,58660446,0.9991315476734619
58670547,2095,489,1256,1,0,58670547,0.9991315476734619
58682962,2089,485,1231,1,0,58682962,0.9991315476734619
58692875,2089,490,1270,1,0,58692875,0.9991315476734619
58712820,2093,477,1233,1,0,58712820,0.9991315476734619
58731021,2092,488,1275,1,0,58731021,0.9991315476734619
58749916,2080,492,1246,1,0,58749916,0.9991315476734619
58767781,2078,489,1276,1,0,58767781,0.9991315476734619
58783203,2094,499,1239,1,0,58783203,0.9991315476734619
58800226,2078,490,1258,1,0,58800226,0.9991315476734619
58816221,2110,491,1245,1,0,58816221,0.9991315476734619
58832429,2091,489,1236,1,0,58832429,0.9991315476734619
58848706,2071,489,1238,1,0,58848706,0.9991315476734619
58865251,2078,491,1232,1,0,58865251,0.9991315476734619
58880092,2077,477,1263,1,0,58880092,0.9991315476734619
58894107,2081,482,1216,1,0,58894107,0.9991315476734619
58910712,2107,493,1254,1,0,58910712,0.9991315476734619
58926670,2088,489,1254,1,0,58926670,0.9991315476734619
58943123,2080,485,1260,1,0,58943123,0.9991315476734619
58962769,2080,461,1233,1,0,58962769,0.9991315476734619
58978258,2092,491,1274,1,0,58978258,0.9991315476734619
58997708,2081,496,1272,1,0,58997708,0.9991315476734619
59021978,2064,493,1241,1,0,59021978,0.9991315476734619
59041226,2079,490,1221,1,0,59041226,0.9991315476734619
59057916,2062,491,1260,1,0,59057916,0.9991315476734619
59074718,2077,501,1233,1,0,59074718,0.9991315476734619
59089114,2086,491,1233,1,0,59089114,0.9991315476734619
59105222,2084,488,1234,1,0,59105222,0.9991315476734619
59116206,2079,511,1270,1,0,59116206,0.9991315476734619
59130319,2090,482,1037,1,0,59130319,0.9991315476734619
59143483,2078,511,1230,1,0,59143483,0.9991315476734619
59154481,2066,489,1250,1,0,59154481,0.9991315476734619
59167479,2052,488,1233,1,0,59167479,0.9991315476734619
59179773,2069,491,1245,1,0,59179773,0.9991315476734619
59193441,2069,489,1257,1,0,59193441,0.9991315476734619
59206137,2094,490,1267,1,0,59206137,0.9991315476734619
59223099,2095,491,1234,1,0,59223099,0.9991315476734619
59234407,2081,525,1239,1,0,59234407,0.9991315476734619
59244157,2075,492,1232,1,0,59244157,0.9991315476734619
59253817,2079,495,1249,1,0,59253817,0.9991315476734619
59266541,2081,499,1046,1,0,59266541,0.9991315476734619
59276376,2075,481,1263,1,0,59276376,0.9991315476734619
59286946,2096,490,1266,1,0,59286946,0.9991315476734619
59300418,2090,485,1236,1,0,59300418,0.9991315476734619
59310604,2104,503,1251,1,0,59310604,0.9991315476734619
59324740,2102,490,1240,1,0,59324740,0.9991315476734619
59341329,2072,490,1262,1,0,59341329,0.9991315476734619
59367382,2071,511,1261,1,0,59367382,0.9991315476734619
59383728,2070,497,1268,1,0,59383728,0.9991315476734619
59401737,2069,492,1244,1,0,59401737,0.9991315476734619
59417819,2078,481,1252,1,0,59417819,0.9991315476734619
59430517,2077,492,1217,1,0,59430517,0.9991315476734619
59453469,2053,485,1254,1,0,59453469,0.9991315476734619
59478825,2085,486,1245,1,0,59478825,0.9991315476734619
59499785,2081,486,1270,1,0,59499785,0.9991315476734619
59518649,2088,494,1272,1,0,59518649,0.9991315476734619
59535782,2075,493,1260,1,0,59535782,0.9991315476734619
59562084,2084,492,1256,1,0,59562084,0.9991315476734619
59578469,2088,495,1265,1,0,59578469,0.9991315476734619
59593072,2091,483,1252,1,0,59593072,0.9991315476734619
59607013,2082,490,1229,1,0,59607013,0.9991315476734619
59618169,2094,483,1251,1,0,59618169,0.9991315476734619
59632069,2093,483,1244,1,0,59632069,0.9991315476734619
59640539,2093,496,1261,1,0,59640539,0.9991315476734619
59653411,2086,504,1259,1,0,59653411,0.9991315476734619
59664829,2096,478,1242,1,0,59664829,0.9991315476734619
59676777,2088,501,1253,1,0,59676777,0.9991315476734619
59688699,2083,498,1260,1,0,59688699,0.9991315476734619
59698810,2090,490,1028,1,0,59698810,0.9991315476734619
59708705,2086,507,1264,1,0,59708705,0.9991315476734619
59719476,2096,488,1034,1,0,59719476,0.9991315476734619
59730616,2094,492,1268,1,0,59730616,0.9991315476734619
59744309,2078,497,1226,1,0,59744309,0.9991315476734619
59753722,2069,507,1254,1,0,59753722,0.9991315476734619
59762179,2089,497,1242,1,0,59762179,0.9991315476734619
59774440,2078,496,1033,1,0,59774440,0.9991315476734619
59784856,2059,505,1261,1,0,59784856,0.9991315476734619
59796100,2057,510,1230,1,0,59796100,0.9991315476734619
59809039,2090,492,1250,1,0,59809039,0.9991315476734619
59818999,2085,496,1251,1,0,59818999,0.9991315476734619
59831691,2079,489,1256,1,0,59831691,0.9991315476734619
59842945,2092,494,1256,1,0,59842945,0.9991315476734619
59851799,2089,482,1243,1,0,59851799,0.9991315476734619
59862149,2100,497,1260,1,0,59862149,0.9991315476734619
59871623,2084,510,1272,1,0,59871623,0.9991315476734619
59881418,2078,500,1250,1,0,59881418,0.9991315476734619
59892273,2085,490,1246,1,0,59892273,0.9991315476734619
59902513,2083,496,1229,1,0,59902513,0.9991315476734619
59917124,2084,511,1048,1,0,59917124,0.9991315476734619
59928944,2086,500,1272,1,0,59928944,0.9991315476734619
59938402,2092,500,1026,1,0,59938402,0.9991315476734619
59949698,2076,500,1275,1,0,59949698,0.9991315476734619
59959632,2096,489,1269,1,0,59959632,0.9991315476734619
59969335,2073,492,1251,1,0,59969335,0.9991315476734619
59984168,2091,482,1223,1,0,59984168,0.9991315476734619
59994025,2090,484,1254,1,0,59994025,0.9991315476734619
60005977,2090,479,1043,1,0,60005977,0.9991315476734619
60017567,2099,486,1260,1,0,60017567,0.9991315476734619
60027767,2085,482,1272,1,0,60027767,0.9991315476734619
60037447,2094,486,1245,1,0,60037447,0.9991315476734619
60048910,2107,488,1198,1,0,60048910,0.9991315476734619
60059678,2086,494,1033,1,0,60059678,0.9991315476734619
60069399,2068,491,1212,1,0,60069399,0.9991315476734619
60078501,2069,497,1236,1,0,60078501,0.9991315476734619
60090324,2068,489,1268,1,0,60090324,0.9991315476734619
60099738,2070,498,1257,1,0,60099738,0.9991315476734619
60111478,2084,480,1225,1,0,60111478,0.9991315476734619
60120598,2082,485,1171,1,0,60120598,0.9991315476734619
60132016,2079,490,1231,1,0,60132016,0.9991315476734619
60140820,2083,493,1230,1,0,60140820,0.9991315476734619
60154303,2101,497,1234,1,0,60154303,0.9991315476734619
60165147,2084,503,1258,1,0,60165147,0.9991315476734619
60175297,2083,490,1222,1,0,60175297,0.9991315476734619
60184758,2097,508,1253,1,0,60184758,0.9991315476734619
60195762,2088,497,1201,1,0,60195762,0.9991315476734619
60208147,2087,511,1238,1,0,60208147,0.9991315476734619
60217824,2090,504,1268,1,0,60217824,0.9991315476734619
60230142,2080,498,1242,1,0,60230142,0.9991315476734619
60239829,2065,499,1275,1,0,60239829,0.9991315476734619
60248836,2078,496,1268,1,0,60248836,0.9991315476734619
60259558,2083,506,1252,1,0,60259558,0.9991315476734619
60270812,2089,497,1263,1,0,60270812,0.9991315476734619
60282371,2089,501,1250,1,0,60282371,0.9991315476734619
60292373,2100,483,1267,1,0,60292373,0.9991315476734619
60302293,2101,505,1273,1,0,60302293,0.9991315476734619
60312605,2096,496,1246,1,0,60312605,0.9991315476734619
60323168,2092,508,1246,1,0,60323168,0.9991315476734619
60332650,2105,499,1233,1,0,60332650,0.9991315476734619
60341372,2085,494,1261,1,0,60341372,0.9991315476734619
60351180,2075,494,1212,1,0,60351180,0.9991315476734619
60364432,2085,504,1226,1,0,60364432,0.9991315476734619
60373354,2091,489,1252,1,0,60373354,0.9991315476734619
60385839,2080,482,1254,1,0,60385839,0.9991315476734619
60398373,2097,486,1237,1,0,60398373,0.9991315476734619
60409111,2077,484,1256,1,0,60409111,0.9991315476734619
60420833,2081,491,1274,1,0,60420833,0.9991315476734619
60430247,2074,489,1276,1,0,60430247,0.9991315476734619
60441724,2075,484,1276,1,0,60441724,0.9991315476734619
60452535,2086,498,1249,1,0,60452535,0.9991315476734619
60462243,2080,491,1236,1,0,60462243,0.9991315476734619
60471838,2075,508,1225,1,0,60471838,0.9991315476734619
60482474,2107,500,1257,1,0,60482474,0.9991315476734619
60495572,2073,494,1253,1,0,60495572,0.9991315476734619
60505324,2076,499,1259,1,0,60505324,0.9991315476734619
60515893,2080,500,1269,1,0,60515893,0.9991315476734619
60526703,2099,490,1250,1,0,60526703,0.9991315476734619
60537303,2095,491,1248,1,0,60537303,0.9991315476734619
60547563,2083,490,1241,1,0,60547563,0.9991315476734619
60558473,2097,502,1241,1,0,60558473,0.9991315476734619
60569020,2093,498,1220,1,0,60569020,0.9991315476734619
60579164,2077,493,1221,1,0,60579164,0.9991315476734619
60587914,2083,497,1239,1,0,60587914,0.9991315476734619
60601230,2069,493,1220,1,0,60601230,0.9991315476734619
60611460,2077,480,1236,1,0,60611460,0.9991315476734619
60620987,2074,476,1265,1,0,60620987,0.9991315476734619
60631068,2089,488,1240,1,0,60631068,0.9991315476734619
60643491,2090,498,1243,1,0,60643491,0.9991315476734619
60653805,2093,484,1032,1,0,60653805,0.9991315476734619
60663747,2107,482,1253,1,0,60663747,0.9991315476734619
60674763,2110,493,1276,1,0,60674763,0.9991315476734619
60685097,2086,504,1185,1,0,60685097,0.9991315476734619
60695290,2091,496,1208,1,0,60695290,0.9991315476734619
60705010,2094,491,1254,1,0,60705010,0.9991315476734619
60714287,2059,493,1248,1,0,60714287,0.9991315476734619
60726086,2102,492,1224,1,0,60726086,0.9991315476734619
60735137,2121,502,1246,1,0,60735137,0.9991315476734619
60745291,2081,502,1253,1,0,60745291,0.9991315476734619
60757112,2091,494,1261,1,0,60757112,0.9991315476734619
60766286,2076,499,1238,1,0,60766286,0.9991315476734619
60776117,2086,495,1244,1,0,60776117,0.9991315476734619
60788581,2072,507,1233,1,0,60788581,0.9991315476734619
60802036,2090,472,1260,1,0,60802036,0.9991315476734619
60811708,2088,483,1260,1,0,60811708,0.9991315476734619
60821607,2077,508,1267,1,0,60821607,0.9991315476734619
60834243,2075,493,1042,1,0,60834243,0.9991315476734619
60842856,2088,506,1040,1,0,60842856,0.9991315476734619
60852529,2087,493,1240,1,0,60852529,0.9991315476734619
60864126,2051,511,1250,1,0,60864126,0.9991315476734619
60874136,2082,491,1236,1,0,60874136,0.9991315476734619
60882865,2083,481,1256,1,0,60882865,0.9991315476734619
60892501,2081,494,1205,1,0,60892501,0.9991315476734619
60902101,2084,512,1240,1,0,60902101,0.9991315476734619
60914104,2085,499,1241,1,0,60914104,0.9991315476734619
60925704,2080,489,1246,1,0,60925704,0.9991315476734619
60936582,2082,487,1234,1,0,60936582,0.9991315476734619
60948155,2084,487,1027,1,0,60948155,0.9991315476734619
60959530,2078,491,1266,1,0,60959530,0.9991315476734619
60969433,2104,498,1247,1,0,60969433,0.9991315476734619
60978948,2097,494,1025,1,0,60978948,0.9991315476734619
60987957,2102,499,1219,1,0,60987957,0.9991315476734619
60998343,2096,494,1264,1,0,60998343,0.9991315476734619
61010644,2095,489,1024,1,0,61010644,0.9991315476734619
61024412,2085,510,1264,1,0,61024412,0.9991315476734619
61034314,2095,490,1257,1,0,61034314,0.9991315476734619
61044981,2089,485,1259,1,0,61044981,0.9991315476734619
61055348,2080,489,1226,1,0,61055348,0.9991315476734619
61067213,2082,494,1241,1,0,61067213,0.9991315476734619
61079698,2085,499,1260,1,0,61079698,0.9991315476734619
61091696,2072,486,1240,1,0,61091696,0.9991315476734619
61101554,2056,507,1250,1,0,61101554,0.9991315476734619
61112208,2087,491,1249,1,0,61112208,0.9991315476734619
61122057,2073,492,1248,1,0,61122057,0.9991315476734619
61132048,2115,504,1236,1,0,61132048,0.9991315476734619
61142207,2092,501,1254,1,0,61142207,0.9991315476734619
61151479,2080,511,1221,1,0,61151479,0.9991315476734619
61163939,2085,502,1222,1,0,61163939,0.9991315476734619
61173963,2077,508,1249,1,0,61173963,0.9991315476734619
61185459,2088,506,1210,1,0,61185459,0.9991315476734619
61199159,2073,508,1240,1,0,61199159,0.9991315476734619
61209702,2069,483,1246,1,0,61209702,0.9991315476734619
61219682,2069,491,1222,1,0,61219682,0.9991315476734619
61229380,2097,500,1037,1,0,61229380,0.9991315476734619
61238778,2077,493,1257,1,0,61238778,0.9991315476734619
61248416,2077,483,1270,1,0,61248416,0.9991315476734619
61259306,2060,504,1241,1,0,61259306,0.9991315476734619
61269853,2079,520,1205,1,0,61269853,0.9991315476734619
61279241,2076,497,1251,1,0,61279241,0.9991315476734619
61288901,2069,483,1262,1,0,61288901,0.9991315476734619
61299082,2081,485,1243,1,0,61299082,0.9991315476734619
61308518,2079,494,1269,1,0,61308518,0.9991315476734619
61318646,2088,484,1236,1,0,61318646,0.9991315476734619
61329016,2090,491,1257,1,0,61329016,0.9991315476734619
61338515,2093,496,1243,1,0,61338515,0.9991315476734619
61347921,2084,506,1237,1,0,61347921,0.9991315476734619
61360565,2093,492,1249,1,0,61360565,0.9991315476734619
61371123,2082,490,1252,1,0,61371123,0.9991315476734619
61381680,2078,510,1254,1,0,61381680,0.9991315476734619
61391873,2092,497,1264,1,0,61391873,0.9991315476734619
61401341,2072,496,1210,1,0,61401341,0.9991315476734619
61412729,2056,493,1238,1,0,61412729,0.9991315476734619
61422723,2090,491,1236,1,0,61422723,0.9991315476734619
61432433,2083,496,1243,1,0,61432433,0.9991315476734619
61444458,2071,492,1265,1,0,61444458,0.9991315476734619
61453618,2077,496,1027,1,0,61453618,0.9991315476734619
61463339,2077,511,1194,1,0,61463339,0.9991315476734619
61472457,2045,511,1232,1,0,61472457,0.9991315476734619
61484445,2077,489,1218,1,0,61484445,0.9991315476734619
61494620,2073,501,1247,1,0,61494620,0.9991315476734619
61506877,2069,497,1251,1,0,61506877,0.9991315476734619
61515408,2077,490,1261,1,0,61515408,0.9991315476734619
61524786,2080,495,1248,1,0,61524786,0.9991315476734619
61535526,2090,490,1028,1,0,61535526,0.9991315476734619
61548383,2078,496,1242,1,0,61548383,0.9991315476734619
61559570,2082,500,1229,1,0,61559570,0.9991315476734619
61569729,2077,482,1245,1,0,61569729,0.9991315476734619
61579852,2078,502,1275,1,0,61579852,0.9991315476734619
61591069,2075,490,1256,1,0,61591069,0.9991315476734619
61600563,2067,499,1236,1,0,61600563,0.9991315476734619
61612083,2090,504,1268,1,0,61612083,0.9991315476734619
61621999,2072,489,1278,1,0,61621999,0.9991315476734619
61631785,2093,491,1252,1,0,61631785,0.9991315476734619
61644340,2094,496,1264,1,0,61644340,0.9991315476734619
61656108,2077,502,1274,1,0,61656108,0.9991315476734619
61666421,2074,499,1249,1,0,61666421,0.9991315476734619
61675770,2104,492,1258,1,0,61675770,0.9991315476734619
61687412,2067,500,1267,1,0,61687412,0.9991315476734619
61697613,2078,504,1261,1,0,61697613,0.9991315476734619
61707021,2086,478,1218,1,0,61707021,0.9991315476734619
61718835,2081,502,1233,1,0,61718835,0.9991315476734619
61728583,2097,486,1240,1,0,61728583,0.9991315476734619
61737427,2086,493,1257,1,0,61737427,0.9991315476734619
61747742,2086,491,1237,1,0,61747742,0.9991315476734619
61760639,2084,505,1228,1,0,61760639,0.9991315476734619
61770787,2073,492,1271,1,0,61770787,0.9991315476734619
61783009,2098,490,1237,1,0,61783009,0.9991315476734619
61792435,2080,488,1262,1,0,61792435,0.9991315476734619
61803258,2088,489,1249,1,0,61803258,0.9991315476734619
61813621,2084,481,1242,1,0,61813621,0.9991315476734619
61824157,2056,493,1030,1,0,61824157,0.9991315476734619
61832988,2081,491,1251,1,0,61832988,0.9991315476734619
61844260,2077,489,1038,1,0,61844260,0.9991315476734619
61855187,2096,501,1266,1,0,61855187,0.9991315476734619
61865237,2070,492,1260,1,0,61865237,0.9991315476734619
61873792,2085,502,1249,1,0,61873792,0.9991315476734619
61885432,2077,482,1237,1,0,61885432,0.9991315476734619
61898601,2078,484,1271,1,0,61898601,0.9991315476734619
61910102,2065,481,1264,1,0,61910102,0.9991315476734619
61920338,2079,488,1242,1,0,61920338,0.9991315476734619
61930247,2071,482,1248,1,0,61930247,0.9991315476734619
61943709,2088,493,1270,1,0,61943709,0.9991315476734619
61954893,2074,509,1239,1,0,61954893,0.9991315476734619
61965203,2073,510,1248,1,0,61965203,0.9991315476734619
61976558,2069,494,1232,1,0,61976558,0.9991315476734619
61986076,2070,496,1244,1,0,61986076,0.9991315476734619
61994668,2077,497,1256,1,0,61994668,0.9991315476734619
62005709,2069,491,1243,1,0,62005709,0.9991315476734619
62014675,2058,479,1248,1,0,62014675,0.9991315476734619
62028514,2091,492,1246,1,0,62028514,0.9991315476734619
62039853,2072,505,1247,1,0,62039853,0.9991315476734619
62050791,2069,492,1244,1,0,62050791,0.9991315476734619
62061379,2073,484,1245,1,0,62061379,0.9991315476734619
62072828,2065,502,1268,1,0,62072828,0.9991315476734619
62082695,2075,498,1257,1,0,62082695,0.9991315476734619
62093399,2084,487,1275,1,0,62093399,0.9991315476734619
62103042,2074,483,1045,1,0,62103042,0.9991315476734619
62111866,2075,492,1257,1,0,62111866,0.9991315476734619
62123974,2097,511,1266,1,0,62123974,0.9991315476734619
62134385,2082,500,1034,1,0,62134385,0.9991315476734619
62143288,2078,502,1241,1,0,62143288,0.9991315476734619
62152682,2078,494,1233,1,0,62152682,0.9991315476734619
62163250,2066,503,1236,1,0,62163250,0.9991315476734619
62173579,2083,504,1233,1,0,62173579,0.9991315476734619
62183141,2065,497,1031,1,0,62183141,0.9991315476734619
62192940,2069,482,1244,1,0,62192940,0.9991315476734619
62205458,2084,496,1219,1,0,62205458,0.9991315476734619
62214757,2080,493,1256,1,0,62214757,0.9991315476734619
62225363,2096,494,1260,1,0,62225363,0.9991315476734619
62235721,2074,503,1241,1,0,62235721,0.9991315476734619
62246044,2079,500,1262,1,0,62246044,0.9991315476734619
62255980,2090,472,1243,1,0,62255980,0.9991315476734619
62265405,2067,496,1232,1,0,62265405,0.9991315476734619
62276479,2077,511,1213,1,0,62276479,0.9991315476734619
62286560,2094,490,1252,1,0,62286560,0.9991315476734619
62296639,2082,491,1249,1,0,62296639,0.9991315476734619
62306076,2078,492,1254,1,0,62306076,0.9991315476734619
62316529,2064,483,1274,1,0,62316529,0.9991315476734619
62329236,2080,489,1201,1,0,62329236,0.9991315476734619
62340143,2088,488,1236,1,0,62340143,0.9991315476734619
62350426,2083,497,1259,1,0,62350426,0.9991315476734619
62359500,2079,492,1261,1,0,62359500,0.9991315476734619
62369674,2085,498,1026,1,0,62369674,0.9991315476734619
62379498,2092,488,1254,1,0,62379498,0.9991315476734619
62389125,2081,497,1251,1,0,62389125,0.9991315476734619
62400230,2076,499,1211,1,0,62400230,0.9991315476734619
62414646,2076,489,1525,1,0,62414646,0.9991315476734619
62427015,2081,496,1222,1,0,62427015,0.9991315476734619
62438706,2079,478,1102,1,0,62438706,0.9991315476734619
62448263,2093,499,1262,1,0,62448263,0.9991315476734619
62460445,2067,498,1227,1,0,62460445,0.9991315476734619
62469284,2106,499,1250,1,0,62469284,0.9991315476734619
62479773,2093,508,1251,1,0,62479773,0.9991315476734619
62491936,2078,492,1249,1,0,62491936,0.9991315476734619
62501667,2095,500,1256,1,0,62501667,0.9991315476734619
62511198,2083,493,1217,1,0,62511198,0.9991315476734619
62520635,2080,511,1245,1,0,62520635,0.9991315476734619
62532505,2077,492,1240,1,0,62532505,0.9991315476734619
62544289,2076,492,1257,1,0,62544289,0.9991315476734619
62554907,2077,508,1036,1,0,62554907,0.9991315476734619
62566010,2080,500,1024,1,0,62566010,0.9991315476734619
62579573,2076,488,1249,1,0,62579573,0.9991315476734619
62589873,2061,497,1244,1,0,62589873,0.9991315476734619
62599354,2068,501,1252,1,0,62599354,0.9991315476734619
62607955,2088,501,1272,1,0,62607955,0.9991315476734619
62619962,2078,489,1244,1,0,62619962,0.9991315476734619
62630330,2090,499,1042,1,0,62630330,0.9991315476734619
62640910,2089,500,1260,1,0,62640910,0.9991315476734619
62650841,2084,498,1242,1,0,62650841,0.9991315476734619
62663273,2098,494,1232,1,0,62663273,0.9991315476734619
62673187,2106,490,1261,1,0,62673187,0.9991315476734619
62682394,2090,488,1233,1,0,62682394,0.9991315476734619
62693592,2096,531,1235,1,0,62693592,0.9991315476734619
62704072,2091,500,1258,1,0,62704072,0.9991315476734619
62715976,2086,507,1221,1,0,62715976,0.9991315476734619
62725061,2090,495,1228,1,0,62725061,0.9991315476734619
62735545,2090,511,1262,1,0,62735545,0.9991315476734619
62746940,2066,504,1244,1,0,62746940,0.9991315476734619
62758098,2072,494,1266,1,0,62758098,0.9991315476734619
62768940,2077,510,1240,1,0,62768940,0.9991315476734619
62779285,2080,512,1244,1,0,62779285,0.9991315476734619
62788602,2082,495,1195,1,0,62788602,0.9991315476734619
62804102,2079,505,1242,1,0,62804102,0.9991315476734619
62814916,2083,496,1235,1,0,62814916,0.9991315476734619
62825776,2076,512,1029,1,0,62825776,0.9991315476734619
62835928,2082,496,1273,1,0,62835928,0.9991315476734619
62844883,2090,502,1248,1,0,62844883,0.9991315476734619
62853095,2098,505,1252,1,0,62853095,0.9991315476734619
62863124,2089,488,1167,1,0,62863124,0.9991315476734619
62873096,2082,494,1213,1,0,62873096,0.9991315476734619
62883034,2101,491,1039,1,0,62883034,0.9991315476734619
62895475,2088,505,1253,1,0,62895475,0.9991315476734619
62906177,2093,494,1217,1,0,62906177,0.9991315476734619
62916889,2084,482,1260,1,0,62916889,0.9991315476734619
62928356,2099,493,1231,1,0,62928356,0.9991315476734619
62939131,2088,494,1249,1,0,62939131,0.9991315476734619
62949881,2086,490,1259,1,0,62949881,0.9991315476734619
62960562,2091,511,1242,1,0,62960562,0.9991315476734619
62971837,2093,486,1267,1,0,62971837,0.9991315476734619
62982400,2088,481,1242,1,0,62982400,0.9991315476734619
62992389,2116,512,1214,1,0,62992389,0.9991315476734619
63004100,2078,504,1253,1,0,63004100,0.9991315476734619
63014179,2096,495,1264,1,0,63014179,0.9991315476734619
63024707,2081,494,1242,1,0,63024707,0.9991315476734619
63034267,2084,497,1257,1,0,63034267,0.9991315476734619
63044679,2097,492,1266,1,0,63044679,0.9991315476734619
63053930,2083,502,1502,1,0,63053930,0.9991315476734619
63064719,2080,490,1248,1,0,63064719,0.9991315476734619
63072948,2090,484,1249,1,0,63072948,0.9991315476734619
63082926,2077,493,1231,1,0,63082926,0.9991315476734619
63093361,2085,486,1244,1,0,63093361,0.9991315476734619
63103521,2081,501,1241,1,0,63103521,0.9991315476734619
63114888,2088,482,1257,1,0,63114888,0.9991315476734619
63128340,2074,493,1237,1,0,63128340,0.9991315476734619
63137467,2081,503,1257,1,0,63137467,0.9991315476734619
63146942,2089,494,1237,1,0,63146942,0.9991315476734619
63158311,2086,497,1233,1,0,63158311,0.9991315476734619
63170272,2078,485,1238,1,0,63170272,0.9991315476734619
63180624,2084,500,1253,1,0,63180624,0.9991315476734619
63192274,2070,504,1032,1,0,63192274,0.9991315476734619
63202375,2069,494,1245,1,0,63202375,0.9991315476734619
63211327,2078,494,1242,1,0,63211327,0.9991315476734619
63221215,2078,505,1038,1,0,63221215,0.9991315476734619
63230926,2070,503,1025,1,0,63230926,0.9991315476734619
63241527,2073,483,1272,1,0,63241527,0.9991315476734619
63252363,2076,506,1260,1,0,63252363,0.9991315476734619
63263436,2085,494,1277,1,0,63263436,0.9991315476734619
63275019,2090,494,1505,1,0,63275019,0.9991315476734619
63289526,2081,490,1270,1,0,63289526,0.9991315476734619
63302606,2086,490,1248,1,0,63302606,0.9991315476734619
63313042,2090,492,1262,1,0,63313042,0.9991315476734619
63323408,2078,502,1244,1,0,63323408,0.9991315476734619
63333717,2077,503,1243,1,0,63333717,0.9991315476734619
63343472,2082,496,1267,1,0,63343472,0.9991315476734619
63352252,2080,490,1274,1,0,63352252,0.9991315476734619
63365355,2072,505,1222,1,0,63365355,0.9991315476734619
63375987,2082,503,1246,1,0,63375987,0.9991315476734619
63390283,2099,489,1208,1,0,63390283,0.9991315476734619
63400173,2089,502,1036,1,0,63400173,0.9991315476734619
63409963,2089,491,1243,1,0,63409963,0.9991315476734619
63421999,2100,494,1225,1,0,63421999,0.9991315476734619
63432017,2090,505,1258,1,0,63432017,0.9991315476734619
63442712,2106,498,1245,1,0,63442712,0.9991315476734619
63453601,2088,509,1032,1,0,63453601,0.9991315476734619
63465773,2089,501,1268,1,0,63465773,0.9991315476734619
63475777,2078,499,1249,1,0,63475777,0.9991315476734619
63488681,2075,490,1253,1,0,63488681,0.9991315476734619
63500418,2080,507,1224,1,0,63500418,0.9991315476734619
63511411,2083,511,1218,1,0,63511411,0.9991315476734619
63521913,2078,507,1032,1,0,63521913,0.9991315476734619
63533319,2079,456,1257,1,0,63533319,0.9991315476734619
63545176,2088,479,1246,1,0,63545176,0.9991315476734619
63556972,2093,496,1227,1,0,63556972,0.9991315476734619
63570027,2089,508,1223,1,0,63570027,0.9991315476734619
63581660,2091,491,1250,1,0,63581660,0.9991315476734619
63596383,2068,494,1220,1,0,63596383,0.9991315476734619
63606560,2070,489,1028,1,0,63606560,0.9991315476734619
63616277,2086,488,1268,1,0,63616277,0.9991315476734619
63628194,2109,493,1265,1,0,63628194,0.9991315476734619
63640980,2103,485,1267,1,0,63640980,0.9991315476734619
63654344,2105,499,1512,1,0,63654344,0.9991315476734619
63665057,2107,500,1272,1,0,63665057,0.9991315476734619
63674468,2098,500,1255,1,0,63674468,0.9991315476734619
63686751,2100,491,1241,1,0,63686751,0.9991315476734619
63697194,2098,504,1238,1,0,63697194,0.9991315476734619
63714041,2095,494,1257,1,0,63714041,0.9991315476734619
63725303,2095,496,1252,1,0,63725303,0.9991315476734619
63735483,2094,500,1251,1,0,63735483,0.9991315476734619
63747614,2091,493,1243,1,0,63747614,0.9991315476734619
63758724,2093,499,1224,1,0,63758724,0.9991315476734619
63768533,2093,494,1242,1,0,63768533,0.9991315476734619
63779019,2084,505,1037,1,0,63779019,0.9991315476734619
63789162,2093,500,1238,1,0,63789162,0.9991315476734619
63798481,2095,478,1230,1,0,63798481,0.9991315476734619
63810376,2081,494,1211,1,0,63810376,0.9991315476734619
63822557,2078,511,1245,1,0,63822557,0.9991315476734619
63833414,2091,498,1241,1,0,63833414,0.9991315476734619
63845255,2085,520,1237,1,0,63845255,0.9991315476734619
63855811,2087,485,1229,1,0,63855811,0.9991315476734619
63866932,2089,497,1245,1,0,63866932,0.9991315476734619
63876231,2080,494,1251,1,0,63876231,0.9991315476734619
63887984,2073,498,1252,1,0,63887984,0.9991315476734619
63900902,2064,491,1245,1,0,63900902,0.9991315476734619
63912553,2076,500,1233,1,0,63912553,0.9991315476734619
63922625,2080,491,1186,1,0,63922625,0.9991315476734619
63934379,2078,502,1259,1,0,63934379,0.9991315476734619
63947337,2085,506,1237,1,0,63947337,0.9991315476734619
63956987,2098,505,1256,1,0,63956987,0.9991315476734619
63970431,2082,505,1233,1,0,63970431,0.9991315476734619
63981627,2067,499,1235,1,0,63981627,0.9991315476734619
63991191,2099,497,1228,1,0,63991191,0.9991315476734619
64002884,2093,500,1222,1,0,64002884,0.9991315476734619
64013471,2115,500,1229,1,0,64013471,0.9991315476734619
64024348,2088,497,1228,1,0,64024348,0.9991315476734619
64034401,2092,477,1231,1,0,64034401,0.9991315476734619
64043286,2089,501,1205,1,0,64043286,0.9991315476734619
64056128,2096,489,1227,1,0,64056128,0.9991315476734619
64066134,2073,501,1226,1,0,64066134,0.9991315476734619
64074735,2098,499,1221,1,0,64074735,0.9991315476734619
64086943,2110,505,1249,1,0,64086943,0.9991315476734619
64098996,2090,510,1251,1,0,64098996,0.9991315476734619
64111042,2114,497,1276,1,0,64111042,0.9991315476734619
64122225,2098,488,1200,1,0,64122225,0.9991315476734619
64132529,2114,498,1221,1,0,64132529,0.9991315476734619
64143578,2110,499,1232,1,0,64143578,0.9991315476734619
64155527,2129,483,1241,1,0,64155527,0.9991315476734619
64165560,2093,500,1224,1,0,64165560,0.9991315476734619
64177096,2097,501,1276,1,0,64177096,0.9991315476734619
64187620,2098,485,1198,1,0,64187620,0.9991315476734619
64198852,2112,507,1195,1,0,64198852,0.9991315476734619
64209302,2109,499,1202,1,0,64209302,0.9991315476734619
64219614,2101,477,1186,1,0,64219614,0.9991315476734619
64231106,2117,489,1250,1,0,64231106,0.9991315476734619
64240314,2110,486,1235,1,0,64240314,0.9991315476734619
64252081,2114,489,1237,1,0,64252081,0.9991315476734619
64262888,2112,493,1234,1,0,64262888,0.9991315476734619
64277018,2054,488,1240,1,0,64277018,0.9991315476734619
64287906,2080,486,1226,1,0,64287906,0.9991315476734619
64298583,2073,502,1226,1,0,64298583,0.9991315476734619
64308330,2080,484,1218,1,0,64308330,0.9991315476734619
64321408,2086,483,1273,1,0,64321408,0.9991315476734619
64333903,2089,494,1276,1,0,64333903,0.9991315476734619
64344926,2082,505,1050,1,0,64344926,0.9991315476734619
64356337,2099,509,1028,1,0,64356337,0.9991315476734619
64367771,2088,511,1278,1,0,64367771,0.9991315476734619
64376802,2096,511,1257,1,0,64376802,0.9991315476734619
64386712,2073,511,1259,1,0,64386712,0.9991315476734619
64400688,2082,512,1237,1,0,64400688,0.9991315476734619
64411144,2083,511,1246,1,0,64411144,0.9991315476734619
64420429,2084,511,1278,1,0,64420429,0.9991315476734619
64430897,2097,526,1274,1,0,64430897,0.9991315476734619
64440652,2092,499,1238,1,0,64440652,0.9991315476734619
64453259,2085,504,1259,1,0,64453259,0.9991315476734619
64464587,2106,508,1244,1,0,64464587,0.9991315476734619
64475913,2082,507,1253,1,0,64475913,0.9991315476734619
64485201,2081,500,1263,1,0,64485201,0.9991315476734619
64495011,2088,510,1024,1,0,64495011,0.9991315476734619
64505757,2089,509,1252,1,0,64505757,0.9991315476734619
64515998,2092,500,1211,1,0,64515998,0.9991315476734619
64527857,2099,509,1227,1,0,64527857,0.9991315476734619
64537667,2112,501,1237,1,0,64537667,0.9991315476734619
64547296,2121,510,1250,1,0,64547296,0.9991315476734619
64556953,2116,502,1252,1,0,64556953,0.9991315476734619
64567584,2107,497,1235,1,0,64567584,0.9991315476734619
64577464,2122,498,1219,1,0,64577464,0.9991315476734619
64588083,2105,493,1240,1,0,64588083,0.9991315476734619
64597034,2137,506,1252,1,0,64597034,0.9991315476734619
64606811,2100,500,1268,1,0,64606811,0.9991315476734619
64618135,2112,501,1247,1,0,64618135,0.9991315476734619
64629586,2113,511,1233,1,0,64629586,0.9991315476734619
64640236,2105,494,1200,1,0,64640236,0.9991315476734619
64650646,2107,507,1254,1,0,64650646,0.9991315476734619
64660730,2104,502,1221,1,0,64660730,0.9991315476734619
64670367,2096,502,1232,1,0,64670367,0.9991315476734619
64682544,2094,501,1234,1,0,64682544,0.9991315476734619
64691436,2094,505,1243,1,0,64691436,0.9991315476734619
64704385,2081,511,1203,1,0,64704385,0.9991315476734619
64713124,2096,500,1221,1,0,64713124,0.9991315476734619
64725588,2088,497,1238,1,0,64725588,0.9991315476734619
64736354,2084,499,1229,1,0,64736354,0.9991315476734619
64746553,2088,508,1246,1,0,64746553,0.9991315476734619
64756717,2094,509,1242,1,0,64756717,0.9991315476734619
64765727,2092,502,1247,1,0,64765727,0.9991315476734619
64776330,2089,511,1253,1,0,64776330,0.9991315476734619
64787062,2091,493,1220,1,0,64787062,0.9991315476734619
64796937,2089,505,1251,1,0,64796937,0.9991315476734619
64807040,2116,497,1235,1,0,64807040,0.9991315476734619
64819940,2128,502,1249,1,0,64819940,0.9991315476734619
64834643,2104,499,1192,1,0,64834643,0.9991315476734619
64844793,2129,505,1249,1,0,64844793,0.9991315476734619
64860492,2116,505,1235,1,0,64860492,0.9991315476734619
64871775,2094,508,1212,1,0,64871775,0.9991315476734619
64886957,2101,506,1026,1,0,64886957,0.9991315476734619
64895323,2105,509,1249,1,0,64895323,0.9991315476734619
64905217,2109,502,1233,1,0,64905217,0.9991315476734619
64917785,2101,511,1526,1,0,64917785,0.9991315476734619
64928844,2124,511,1254,1,0,64928844,0.9991315476734619
64942205,2106,533,1253,1,0,64942205,0.9991315476734619
64952041,2114,511,1251,1,0,64952041,0.9991315476734619
64964995,2094,507,1268,1,0,64964995,0.9991315476734619
64976338,2113,515,1025,1,0,64976338,0.9991315476734619
64987968,2105,509,1258,1,0,64987968,0.9991315476734619
64999932,2091,511,1234,1,0,64999932,0.9991315476734619
65011809,2096,511,1249,1,0,65011809,0.9991315476734619
65022974,2076,515,1258,1,0,65022974,0.9991315476734619
65034363,2083,511,1223,1,0,65034363,0.9991315476734619
65045409,2081,516,1243,1,0,65045409,0.9991315476734619
65057333,2083,512,1127,1,0,65057333,0.9991315476734619
65070102,2092,518,1226,1,0,65070102,0.9991315476734619
65082089,2096,511,1243,1,0,65082089,0.9991315476734619
65093676,2109,511,1232,1,0,65093676,0.9991315476734619
65104862,2096,516,1037,1,0,65104862,0.9991315476734619
65119183,2106,511,1252,1,0,65119183,0.9991315476734619
65133485,2117,511,1236,1,0,65133485,0.9991315476734619
65147810,2118,520,1229,1,0,65147810,0.9991315476734619
65160861,2107,496,1253,1,0,65160861,0.9991315476734619
65173586,2116,497,1254,1,0,65173586,0.9991315476734619
65186892,2102,511,1238,1,0,65186892,0.9991315476734619
65212208,2123,511,1237,1,0,65212208,0.9991315476734619
65232565,2113,514,1245,1,0,65232565,0.9991315476734619
65252397,2125,511,1243,1,0,65252397,0.9991315476734619
65267450,2098,521,1251,1,0,65267450,0.9991315476734619
65280526,2107,500,1213,1,0,65280526,0.9991315476734619
65288821,2096,511,1257,1,0,65288821,0.9991315476734619
65301105,2099,506,1236,1,0,65301105,0.9991315476734619
65310957,2099,505,1241,1,0,65310957,0.9991315476734619
65324158,2080,511,1264,1,0,65324158,0.9991315476734619
65338437,2088,506,1274,1,0,65338437,0.9991315476734619
65350416,2099,511,1237,1,0,65350416,0.9991315476734619
65361920,2108,508,1222,1,0,65361920,0.9991315476734619
65373909,2102,511,1258,1,0,65373909,0.9991315476734619
65385975,2100,511,1248,1,0,65385975,0.9991315476734619
65398427,2084,511,1229,1,0,65398427,0.9991315476734619
65417981,2089,511,1224,1,0,65417981,0.9991315476734619
65431976,2092,497,1253,1,0,65431976,0.9991315476734619
65445615,2121,502,1276,1,0,65445615,0.9991315476734619
65454635,2104,480,1224,1,0,65454635,0.9991315476734619
65469736,2085,500,1252,1,0,65469736,0.9991315476734619
65481803,2100,509,1248,1,0,65481803,0.9991315476734619
65493625,2091,505,1165,1,0,65493625,0.9991315476734619
65506260,2102,511,1261,1,0,65506260,0.9991315476734619
65516328,2094,508,1243,1,0,65516328,0.9991315476734619
65527687,2097,498,1241,1,0,65527687,0.9991315476734619
65539031,2099,494,1207,1,0,65539031,0.9991315476734619
65562869,2096,508,1232,1,0,65562869,0.9991315476734619
65584123,2092,501,1270,1,0,65584123,0.9991315476734619
65606883,2107,504,1224,1,0,65606883,0.9991315476734619
65626944,2093,502,1249,1,0,65626944,0.9991315476734619
65643177,2096,503,1223,1,0,65643177,0.9991315476734619
65657666,2100,511,1233,1,0,65657666,0.9991315476734619
65672550,2101,511,1248,1,0,65672550,0.9991315476734619
65688135,2092,511,1238,1,0,65688135,0.9991315476734619
65709788,2097,524,1233,1,0,65709788,0.9991315476734619
65726673,2118,509,1251,1,0,65726673,0.9991315476734619
65740859,2107,511,1038,1,0,65740859,0.9991315476734619
65750875,2114,497,1205,1,0,65750875,0.9991315476734619
65764765,2102,485,1244,1,0,65764765,0.9991315476734619
65777367,2106,490,1265,1,0,65777367,0.9991315476734619
65787662,2112,501,1251,1,0,65787662,0.9991315476734619
65797616,2099,489,1029,1,0,65797616,0.9991315476734619
65808592,2094,496,1229,1,0,65808592,0.9991315476734619
65817834,2086,492,1235,1,0,65817834,0.9991315476734619
65831947,2075,505,1229,1,0,65831947,0.9991315476734619
65845131,2076,505,1238,1,0,65845131,0.9991315476734619
65856838,2085,513,1233,1,0,65856838,0.9991315476734619
65864716,2104,511,1179,1,0,65864716,0.9991315476734619
65879795,2081,511,1244,1,0,65879795,0.9991315476734619
65900651,2110,513,1251,1,0,65900651,0.9991315476734619
65930312,2088,512,1266,1,0,65930312,0.9991315476734619
65960136,2079,501,1275,1,0,65960136,0.9991315476734619
65986011,2088,509,1217,1,0,65986011,0.9991315476734619
65999782,2094,497,1276,1,0,65999782,0.9991315476734619
66008308,2091,505,1226,1,0,66008308,0.9991315476734619
66022937,2086,511,1260,1,0,66022937,0.9991315476734619
66040210,2091,511,1217,1,0,66040210,0.9991315476734619
66051644,2084,498,1227,1,0,66051644,0.9991315476734619
66061674,2089,502,1243,1,0,66061674,0.9991315476734619
66071424,2085,511,1216,1,0,66071424,0.9991315476734619
66083230,2088,533,1254,1,0,66083230,0.9991315476734619
66093838,2093,511,1256,1,0,66093838,0.9991315476734619
66106941,2084,511,1254,1,0,66106941,0.9991315476734619
66118687,2093,493,1243,1,0,66118687,0.9991315476734619
66131621,2107,508,1229,1,0,66131621,0.9991315476734619
66146055,2112,512,1258,1,0,66146055,0.9991315476734619
66163200,2129,511,1025,1,0,66163200,0.9991315476734619
66179626,2096,511,1253,1,0,66179626,0.9991315476734619
66195869,2100,496,1034,1,0,66195869,0.9991315476734619
66218772,2099,493,1034,1,0,66218772,0.9991315476734619
66239360,2092,495,1242,1,0,66239360,0.9991315476734619
66258387,2099,500,1256,1,0,66258387,0.9991315476734619
66269944,2091,505,1253,1,0,66269944,0.9991315476734619
66282958,2089,513,1262,1,0,66282958,0.9991315476734619
66294240,2106,497,1259,1,0,66294240,0.9991315476734619
66314688,2096,502,1211,1,0,66314688,0.9991315476734619
66331122,2097,507,1227,1,0,66331122,0.9991315476734619
66345593,2086,515,1272,1,0,66345593,0.9991315476734619
66366636,2086,507,1259,1,0,66366636,0.9991315476734619
66382110,2080,500,1246,1,0,66382110,0.9991315476734619
66399561,2081,510,1246,1,0,66399561,0.9991315476734619
66421315,2049,506,1245,1,0,66421315,0.9991315476734619
66440033,2096,511,1205,1,0,66440033,0.9991315476734619
66456055,2093,505,1232,1,0,66456055,0.9991315476734619
66474677,2100,506,1254,1,0,66474677,0.9991315476734619
66490380,2096,518,1264,1,0,66490380,0.9991315476734619
66498655,2094,517,1276,1,0,66498655,0.9991315476734619
66507622,2101,506,1251,1,0,66507622,0.9991315476734619
66519293,2091,512,1262,1,0,66519293,0.9991315476734619
66531902,2089,516,1278,1,0,66531902,0.9991315476734619
66542043,2094,509,1248,1,0,66542043,0.9991315476734619
66553854,2088,511,1229,1,0,66553854,0.9991315476734619
66566354,2074,511,1226,1,0,66566354,0.9991315476734619
66576463,2090,531,1237,1,0,66576463,0.9991315476734619
66595781,2096,515,1241,1,0,66595781,0.9991315476734619
66605596,2092,515,1245,1,0,66605596,0.9991315476734619
66616207,2106,511,1252,1,0,66616207,0.9991315476734619
66626190,2101,508,1254,1,0,66626190,0.9991315476734619
66636455,2086,511,1244,1,0,66636455,0.9991315476734619
66647863,2092,515,1241,1,0,66647863,0.9991315476734619
66659573,2097,511,1242,1,0,66659573,0.9991315476734619
66669663,2094,513,1251,1,0,66669663,0.9991315476734619
66678866,2088,512,1196,1,0,66678866,0.9991315476734619
66688572,2092,511,1204,1,0,66688572,0.9991315476734619
66699002,2086,511,1237,1,0,66699002,0.9991315476734619
66710427,2097,529,1214,1,0,66710427,0.9991315476734619
66720249,2094,505,1224,1,0,66720249,0.9991315476734619
66730068,2085,528,1224,1,0,66730068,0.9991315476734619
66739732,2092,509,1243,1,0,66739732,0.9991315476734619
66749879,2112,511,1029,1,0,66749879,0.9991315476734619
66759104,2106,511,1241,1,0,66759104,0.9991315476734619
66771188,2102,511,1221,1,0,66771188,0.9991315476734619
66779871,2108,511,1255,1,0,66779871,0.9991315476734619
66789328,2109,512,1216,1,0,66789328,0.9991315476734619
66799746,2114,514,1260,1,0,66799746,0.9991315476734619
66808870,2112,511,1222,1,0,66808870,0.9991315476734619
66821378,2110,506,1232,1,0,66821378,0.9991315476734619
66832787,2103,511,1254,1,0,66832787,0.9991315476734619
66843435,2097,511,1257,1,0,66843435,0.9991315476734619
66853872,2099,510,1234,1,0,66853872,0.9991315476734619
66864286,2094,512,1235,1,0,66864286,0.9991315476734619
66876629,2105,511,1253,1,0,66876629,0.9991315476734619
66887607,2086,521,1227,1,0,66887607,0.9991315476734619
66898374,2100,511,1026,1,0,66898374,0.9991315476734619
66909396,2105,511,1245,1,0,66909396,0.9991315476734619
66920365,2098,511,1250,1,0,66920365,0.9991315476734619
66932450,2100,514,1237,1,0,66932450,0.9991315476734619
66942307,2113,492,1260,1,0,66942307,0.9991315476734619
66953588,2097,511,1230,1,0,66953588,0.9991315476734619
66964245,2102,511,1241,1,0,66964245,0.9991315476734619
66974203,2108,513,1238,1,0,66974203,0.9991315476734619
66983428,2091,517,1241,1,0,66983428,0.9991315476734619
66993532,2099,512,1221,1,0,66993532,0.9991315476734619
67007963,2098,511,1252,1,0,67007963,0.9991315476734619
67017984,2097,512,1254,1,0,67017984,0.9991315476734619
67027377,2098,511,1025,1,0,67027377,0.9991315476734619
67038185,2090,511,1265,1,0,67038185,0.9991315476734619
67051052,2087,511,1042,1,0,67051052,0.9991315476734619
67063092,2097,511,1245,1,0,67063092,0.9991315476734619
67072132,2104,511,1237,1,0,67072132,0.9991315476734619
67081442,2092,511,1208,1,0,67081442,0.9991315476734619
67090070,2093,518,1233,1,0,67090070,0.9991315476734619
67102897,2078,511,1274,1,0,67102897,0.9991315476734619
67116561,2104,506,1258,1,0,67116561,0.9991315476734619
67134238,2105,511,1237,1,0,67134238,0.9991315476734619
67147365,2091,511,1246,1,0,67147365,0.9991315476734619
67159070,2091,511,1261,1,0,67159070,0.9991315476734619
67169823,2096,511,1235,1,0,67169823,0.9991315476734619
67179308,2104,511,1254,1,0,67179308,0.9991315476734619
67191019,2088,501,1189,1,0,67191019,0.9991315476734619
67200788,2104,540,1267,1,0,67200788,0.9991315476734619
67210505,2093,520,1226,1,0,67210505,0.9991315476734619
67223559,2094,508,1243,1,0,67223559,0.9991315476734619
67235429,2092,493,1227,1,0,67235429,0.9991315476734619
67245835,2100,509,1221,1,0,67245835,0.9991315476734619
67255853,2106,511,1158,1,0,67255853,0.9991315476734619
67268410,2106,511,1202,1,0,67268410,0.9991315476734619
67280281,2075,507,1250,1,0,67280281,0.9991315476734619
67290842,2091,501,1238,1,0,67290842,0.9991315476734619
67300639,2097,509,1265,1,0,67300639,0.9991315476734619
67309821,2096,511,1247,1,0,67309821,0.9991315476734619
67324502,2102,517,1259,1,0,67324502,0.9991315476734619
67333824,2088,500,1231,1,0,67333824,0.9991315476734619
67345857,2086,502,1249,1,0,67345857,0.9991315476734619
67356041,2093,506,1258,1,0,67356041,0.9991315476734619
67368265,2101,511,1243,1,0,67368265,0.9991315476734619
67379622,2097,493,1236,1,0,67379622,0.9991315476734619
67389369,2097,504,1251,1,0,67389369,0.9991315476734619
67400966,2090,511,1024,1,0,67400966,0.9991315476734619
67411485,2089,494,1217,1,0,67411485,0.9991315476734619
67425469,2089,509,1233,1,0,67425469,0.9991315476734619
67436642,2092,510,1226,1,0,67436642,0.9991315476734619
67445339,2116,514,1030,1,0,67445339,0.9991315476734619
67454942,2102,511,1248,1,0,67454942,0.9991315476734619
67465604,2095,511,1219,1,0,67465604,0.9991315476734619
67475918,2066,512,1236,1,0,67475918,0.9991315476734619
67486526,2101,511,1247,1,0,67486526,0.9991315476734619
67498147,2109,517,1246,1,0,67498147,0.9991315476734619
67509745,2102,511,1224,1,0,67509745,0.9991315476734619
67524712,2084,511,1277,1,0,67524712,0.9991315476734619
67536463,2092,511,1228,1,0,67536463,0.9991315476734619
67546714,2094,509,1235,1,0,67546714,0.9991315476734619
67558971,2098,506,1267,1,0,67558971,0.9991315476734619
67568143,2095,506,1228,1,0,67568143,0.9991315476734619
67578567,2093,511,1220,1,0,67578567,0.9991315476734619
67592028,2095,510,1243,1,0,67592028,0.9991315476734619
67601617,2100,514,1248,1,0,67601617,0.9991315476734619
67612122,2097,511,1243,1,0,67612122,0.9991315476734619
67623186,2106,508,1246,1,0,67623186,0.9991315476734619
67633185,2098,511,1034,1,0,67633185,0.9991315476734619
67642565,2091,498,1263,1,0,67642565,0.9991315476734619
67652187,2106,511,1229,1,0,67652187,0.9991315476734619
67667273,2101,511,1245,1,0,67667273,0.9991315476734619
67678900,2097,491,1496,1,0,67678900,0.9991315476734619
67690456,2112,502,1219,1,0,67690456,0.9991315476734619
67699484,2085,513,1035,1,0,67699484,0.9991315476734619
67709073,2112,511,1257,1,0,67709073,0.9991315476734619
67720108,2124,510,1259,1,0,67720108,0.9991315476734619
67735586,2085,504,1241,1,0,67735586,0.9991315476734619
67744756,2099,509,1266,1,0,67744756,0.9991315476734619
67754668,2106,478,1276,1,0,67754668,0.9991315476734619
67766521,2093,511,1228,1,0,67766521,0.9991315476734619
67777245,2110,511,1253,1,0,67777245,0.9991315476734619
67787460,2091,510,1251,1,0,67787460,0.9991315476734619
67797391,2088,502,1253,1,0,67797391,0.9991315476734619
67810980,2091,506,1232,1,0,67810980,0.9991315476734619
67821153,2096,511,1256,1,0,67821153,0.9991315476734619
67833156,2092,511,1206,1,0,67833156,0.9991315476734619
67842270,2098,505,1226,1,0,67842270,0.9991315476734619
67853595,2096,511,1045,1,0,67853595,0.9991315476734619
67866281,2097,511,1258,1,0,67866281,0.9991315476734619
67876946,2099,511,1230,1,0,67876946,0.9991315476734619
67888676,2105,505,1235,1,0,67888676,0.9991315476734619
67899334,2104,504,1248,1,0,67899334,0.9991315476734619
67911624,2075,509,1240,1,0,67911624,0.9991315476734619
67923329,2112,502,1233,1,0,67923329,0.9991315476734619
67934475,2106,486,1025,1,0,67934475,0.9991315476734619
67944303,2094,502,1252,1,0,67944303,0.9991315476734619
67954614,2092,511,1030,1,0,67954614,0.9991315476734619
67963836,2109,461,1028,1,0,67963836,0.9991315476734619
67972907,2098,507,1231,1,0,67972907,0.9991315476734619
67982991,2096,517,1266,1,0,67982991,0.9991315476734619
67992561,2092,511,1244,1,0,67992561,0.9991315476734619
68003559,2108,533,1243,1,0,68003559,0.9991315476734619
68012950,2088,511,1254,1,0,68012950,0.9991315476734619
68026032,2097,510,1243,1,0,68026032,0.9991315476734619
68036807,2096,509,1218,1,0,68036807,0.9991315476734619
68047870,2081,511,1247,1,0,68047870,0.9991315476734619
68057869,2098,511,1278,1,0,68057869,0.9991315476734619
68073026,2083,511,1233,1,0,68073026,0.9991315476734619
68084839,2090,511,1260,1,0,68084839,0.9991315476734619
68096739,2104,513,1273,1,0,68096739,0.9991315476734619
68108909,2100,511,1213,1,0,68108909,0.9991315476734619
68121278,2100,487,1237,1,0,68121278,0.9991315476734619
68133152,2105,510,1241,1,0,68133152,0.9991315476734619
68142631,2108,510,1235,1,0,68142631,0.9991315476734619
68153253,2088,511,1231,1,0,68153253,0.9991315476734619
68162237,2090,511,1242,1,0,68162237,0.9991315476734619
68171969,2088,521,1148,1,0,68171969,0.9991315476734619
68181858,2092,517,1239,1,0,68181858,0.9991315476734619
68191446,2101,556,1244,1,0,68191446,0.9991315476734619
68201355,2100,512,1237,1,0,68201355,0.9991315476734619
68214310,2110,516,1259,1,0,68214310,0.9991315476734619
68224817,2107,511,1237,1,0,68224817,0.9991315476734619
68234147,2089,511,1246,1,0,68234147,0.9991315476734619
68242806,2084,512,1252,1,0,68242806,0.9991315476734619
68254869,2077,522,1273,1,0,68254869,0.9991315476734619
68264237,2076,505,1247,1,0,68264237,0.9991315476734619
68274062,2082,508,1241,1,0,68274062,0.9991315476734619
68288950,2098,511,1254,1,0,68288950,0.9991315476734619
68298020,2090,511,1230,1,0,68298020,0.9991315476734619
68309775,2112,511,1230,1,0,68309775,0.9991315476734619
68321710,2088,507,1273,1,0,68321710,0.9991315476734619
68333282,2091,511,1265,1,0,68333282,0.9991315476734619
68343045,2092,514,1250,1,0,68343045,0.9991315476734619
68355446,2104,508,1030,1,0,68355446,0.9991315476734619
68366552,2103,511,1050,1,0,68366552,0.9991315476734619
68376206,2097,512,1221,1,0,68376206,0.9991315476734619
68386008,2107,509,1272,1,0,68386008,0.9991315476734619
68397635,2091,511,1232,1,0,68397635,0.9991315476734619
68408200,2096,512,1249,1,0,68408200,0.9991315476734619
68418482,2097,511,1244,1,0,68418482,0.9991315476734619
68429331,2109,511,1228,1,0,68429331,0.9991315476734619
68438852,2091,512,1044,1,0,68438852,0.9991315476734619
68451717,2108,508,1253,1,0,68451717,0.9991315476734619
68461757,2094,506,1270,1,0,68461757,0.9991315476734619
68470502,2094,501,1049,1,0,68470502,0.9991315476734619
68485121,2089,550,1252,1,0,68485121,0.9991315476734619
68494050,2099,506,1258,1,0,68494050,0.9991315476734619
68503282,2098,507,1242,1,0,68503282,0.9991315476734619
68513339,2092,501,1054,1,0,68513339,0.9991315476734619
68522428,2109,528,1259,1,0,68522428,0.9991315476734619
68536849,2126,510,1242,1,0,68536849,0.9991315476734619
68547732,2109,511,1032,1,0,68547732,0.9991315476734619
68558246,2115,518,1224,1,0,68558246,0.9991315476734619
68572622,2099,517,1254,1,0,68572622,0.9991315476734619
68584505,2089,515,1277,1,0,68584505,0.9991315476734619
68595550,2100,504,1277,1,0,68595550,0.9991315476734619
68606302,2094,520,1256,1,0,68606302,0.9991315476734619
68615741,2089,506,1213,1,0,68615741,0.9991315476734619
68626601,2089,498,1278,1,0,68626601,0.9991315476734619
68637995,2083,511,1264,1,0,68637995,0.9991315476734619
68646507,2095,507,1040,1,0,68646507,0.9991315476734619
68658208,2085,538,1222,1,0,68658208,0.9991315476734619
68668417,2101,516,1266,1,0,68668417,0.9991315476734619
68681403,2100,505,1224,1,0,68681403,0.9991315476734619
68691857,2116,511,1271,1,0,68691857,0.9991315476734619
68702966,2113,505,1040,1,0,68702966,0.9991315476734619
68712357,2112,512,1264,1,0,68712357,0.9991315476734619
68723422,2108,510,1217,1,0,68723422,0.9991315476734619
68734877,2105,511,1243,1,0,68734877,0.9991315476734619
68747179,2117,539,1513,1,0,68747179,0.9991315476734619
68757341,2154,592,1361,1,0,68757341,0.9991315476734619
68768824,2158,633,1358,1,0,68768824,0.9991315476734619
68778218,2369,678,1369,1,0,68778218,0.9991315476734619
68794095,2088,659,1533,1,0,68794095,0.9991315476734619
68805145,2114,673,1353,1,0,68805145,0.9991315476734619
68814855,2122,683,1404,1,0,68814855,0.9991315476734619
68826603,2129,674,1369,1,0,68826603,0.9991315476734619
68836404,2132,672,1422,1,0,68836404,0.9991315476734619
68846224,2126,681,1401,1,0,68846224,0.9991315476734619
68856251,2113,697,1408,1,0,68856251,0.9991315476734619
68868399,2125,673,1354,1,0,68868399,0.9991315476734619
68877608,2093,686,1372,1,0,68877608,0.9991315476734619
68888305,2116,687,1428,1,0,68888305,0.9991315476734619
68897893,2128,697,1486,1,0,68897893,0.9991315476734619
68907687,2102,702,1339,1,0,68907687,0.9991315476734619
68920449,2128,688,1409,1,0,68920449,0.9991315476734619
68931812,2106,677,1375,1,0,68931812,0.9991315476734619
68944763,2120,676,1396,1,0,68944763,0.9991315476734619
68954426,2137,689,1379,1,0,68954426,0.9991315476734619
68967153,2132,676,1344,1,0,68967153,0.9991315476734619
68979678,2139,690,1366,1,0,68979678,0.9991315476734619
68991213,2125,678,1360,1,0,68991213,0.9991315476734619
69000449,2144,700,1372,1,0,69000449,0.9991315476734619
69014997,2113,681,1353,1,0,69014997,0.9991315476734619
69025098,2124,691,1353,1,0,69025098,0.9991315476734619
69036411,2106,691,1372,1,0,69036411,0.9991315476734619
69049156,2120,662,1356,1,0,69049156,0.9991315476734619
69060157,2116,694,1360,1,0,69060157,0.9991315476734619
69072543,2120,696,1428,1,0,69072543,0.9991315476734619
69082471,2116,697,1384,1,0,69082471,0.9991315476734619
69091619,2163,697,1341,1,0,69091619,0.9991315476734619
69103559,2102,692,1378,1,0,69103559,0.9991315476734619
69114028,2107,700,1392,1,0,69114028,0.9991315476734619
69124790,2116,685,1336,1,0,69124790,0.9991315476734619
69136106,2132,694,1404,1,0,69136106,0.9991315476734619
69148851,2111,698,1369,1,0,69148851,0.9991315476734619
69157887,2129,714,1370,1,0,69157887,0.9991315476734619
69169298,2132,701,1333,1,0,69169298,0.9991315476734619
69179232,2125,700,1378,1,0,69179232,0.9991315476734619
69191374,2138,684,1392,1,0,69191374,0.9991315476734619
69199957,2127,694,1422,1,0,69199957,0.9991315476734619
69211387,2123,688,1411,1,0,69211387,0.9991315476734619
69220065,2139,718,1410,1,0,69220065,0.9991315476734619
69232405,2119,696,1392,1,0,69232405,0.9991315476734619
69241570,2126,684,1411,1,0,69241570,0.9991315476734619
69253958,2120,672,1358,1,0,69253958,0.9991315476734619
69263140,2118,678,1426,1,0,69263140,0.9991315476734619
69273304,2113,667,1337,1,0,69273304,0.9991315476734619
69286351,2101,657,1381,1,0,69286351,0.9991315476734619
69297171,2113,657,1368,1,0,69297171,0.9991315476734619
69307425,2114,670,1358,1,0,69307425,0.9991315476734619
69316119,2094,640,1358,1,0,69316119,0.9991315476734619
69327188,2107,627,1364,1,0,69327188,0.9991315476734619
69337600,2126,632,1373,1,0,69337600,0.9991315476734619
69349148,2124,633,1387,1,0,69349148,0.9991315476734619
69360396,2130,627,1346,1,0,69360396,0.9991315476734619
69371103,2128,637,1348,1,0,69371103,0.9991315476734619
69382052,2117,656,1380,1,0,69382052,0.9991315476734619
69392199,2118,623,1290,1,0,69392199,0.9991315476734619
69401068,2124,627,1411,1,0,69401068,0.9991315476734619
69411050,2116,640,1341,1,0,69411050,0.9991315476734619
69420766,2109,620,1345,1,0,69420766,0.9991315476734619
69431916,2120,630,1379,1,0,69431916,0.9991315476734619
69441816,2117,634,1346,1,0,69441816,0.9991315476734619
69452481,2154,637,1368,1,0,69452481,0.9991315476734619
69463691,2136,627,1345,1,0,69463691,0.9991315476734619
69473305,2121,624,1330,1,0,69473305,0.9991315476734619
69482586,2145,637,1344,1,0,69482586,0.9991315476734619
69494150,2131,617,1325,1,0,69494150,0.9991315476734619
69506176,2134,627,1355,1,0,69506176,0.9991315476734619
69518194,2133,629,1322,1,0,69518194,0.9991315476734619
69527567,2140,624,1352,1,0,69527567,0.9991315476734619
69536128,2137,635,1352,1,0,69536128,0.9991315476734619
69548254,2139,646,1374,1,0,69548254,0.9991315476734619
69559659,2143,605,1320,1,0,69559659,0.9991315476734619
69570923,2140,653,1339,1,0,69570923,0.9991315476734619
69581386,2121,666,1342,1,0,69581386,0.9991315476734619
69593225,2133,697,1369,1,0,69593225,0.9991315476734619
69604178,2128,689,1396,1,0,69604178,0.9991315476734619
69613979,2124,684,1368,1,0,69613979,0.9991315476734619
69624877,2120,683,1350,1,0,69624877,0.9991315476734619
69634096,2114,674,1353,1,0,69634096,0.9991315476734619
69646759,2099,685,1373,1,0,69646759,0.9991315476734619
69656629,2104,674,1364,1,0,69656629,0.9991315476734619
69670305,2112,675,1345,1,0,69670305,0.9991315476734619
69681185,2093,662,1394,1,0,69681185,0.9991315476734619
69691846,2095,684,1359,1,0,69691846,0.9991315476734619
69702595,2101,684,1374,1,0,69702595,0.9991315476734619
69713810,2098,668,1368,1,0,69713810,0.9991315476734619
69723820,2099,683,1356,1,0,69723820,0.9991315476734619
69733980,2093,682,1364,1,0,69733980,0.9991315476734619
69744910,2087,677,1379,1,0,69744910,0.9991315476734619
69757688,2070,692,1357,1,0,69757688,0.9991315476734619
69768530,2079,689,1366,1,0,69768530,0.9991315476734619
69777484,2082,695,1333,1,0,69777484,0.9991315476734619
69787748,2081,689,1507,1,0,69787748,0.9991315476734619
69802293,2092,689,1336,1,0,69802293,0.9991315476734619
69812938,2096,679,1323,1,0,69812938,0.9991315476734619
69821834,2076,692,1352,1,0,69821834,0.9991315476734619
69831538,2101,692,1358,1,0,69831538,0.9991315476734619
69841426,2095,694,1362,1,0,69841426,0.9991315476734619
69855861,2104,700,1361,1,0,69855861,0.9991315476734619
69867077,2097,690,1378,1,0,69867077,0.9991315476734619
69879593,2104,686,1341,1,0,69879593,0.9991315476734619
69892217,2101,686,1379,1,0,69892217,0.9991315476734619
69902560,2098,685,1389,1,0,69902560,0.9991315476734619
69914349,2104,682,1357,1,0,69914349,0.9991315476734619
69927345,2094,687,1348,1,0,69927345,0.9991315476734619
69936919,2082,686,1354,1,0,69936919,0.9991315476734619
69946912,2085,717,1362,1,0,69946912,0.9991315476734619
69958707,2098,679,1393,1,0,69958707,0.9991315476734619
69971352,2092,683,1341,1,0,69971352,0.9991315476734619
69981957,2086,679,1345,1,0,69981957,0.9991315476734619
69993143,2092,676,1336,1,0,69993143,0.9991315476734619
70003982,2093,660,1334,1,0,70003982,0.9991315476734619
70014527,2099,680,1336,1,0,70014527,0.9991315476734619
70030589,2097,676,1389,1,0,70030589,0.9991315476734619
70039912,2096,688,1331,1,0,70039912,0.9991315476734619
70053054,2106,699,1322,1,0,70053054,0.9991315476734619
70065158,2091,673,1354,1,0,70065158,0.9991315476734619
70075420,2092,534,1368,1,0,70075420,0.9991315476734619
70088548,2083,683,1365,1,0,70088548,0.9991315476734619
70099744,2036,676,1358,1,0,70099744,0.9991315476734619
70109841,2089,698,1337,1,0,70109841,0.9991315476734619
70122821,2090,679,1075,1,0,70122821,0.9991315476734619
70132518,2073,685,1330,1,0,70132518,0.9991315476734619
70142144,2093,668,1346,1,0,70142144,0.9991315476734619
70155463,2078,675,1329,1,0,70155463,0.9991315476734619
70167789,2073,671,1357,1,0,70167789,0.9991315476734619
70178300,2075,676,1316,1,0,70178300,0.9991315476734619
70188150,2091,653,1361,1,0,70188150,0.9991315476734619
70198527,2085,670,1326,1,0,70198527,0.9991315476734619
70207080,2099,682,1361,1,0,70207080,0.9991315476734619
70218939,2090,686,1335,1,0,70218939,0.9991315476734619
70231011,2069,684,1351,1,0,70231011,0.9991315476734619
70243070,2082,682,1365,1,0,70243070,0.9991315476734619
70254652,2085,689,1356,1,0,70254652,0.9991315476734619
70264432,2081,690,1368,1,0,70264432,0.9991315476734619
70275692,2075,710,1369,1,0,70275692,0.9991315476734619
70286040,2077,682,1368,1,0,70286040,0.9991315476734619
70297107,2097,681,1309,1,0,70297107,0.9991315476734619
70305955,2084,637,1372,1,0,70305955,0.9991315476734619
70317898,2082,689,1349,1,0,70317898,0.9991315476734619
70328784,2083,658,1330,1,0,70328784,0.9991315476734619
70341724,2082,672,1315,1,0,70341724,0.9991315476734619
70353203,2073,717,1348,1,0,70353203,0.9991315476734619
70362769,2087,674,1336,1,0,70362769,0.9991315476734619
70371780,2084,682,1350,1,0,70371780,0.9991315476734619
70381841,2088,683,1329,1,0,70381841,0.9991315476734619
70393187,2083,673,1385,1,0,70393187,0.9991315476734619
70403001,2098,683,1362,1,0,70403001,0.9991315476734619
70414798,2097,662,1410,1,0,70414798,0.9991315476734619
70425860,2083,668,1300,1,0,70425860,0.9991315476734619
70435031,2073,675,1330,1,0,70435031,0.9991315476734619
70446041,2074,677,1358,1,0,70446041,0.9991315476734619
70455045,2082,670,1328,1,0,70455045,0.9991315476734619
70466861,2077,675,1361,1,0,70466861,0.9991315476734619
70476544,12,672,1075,1,0,70476544,0.9991315476734619
70504680,2075,673,1350,2,0,70504680,0.9733065179632507
70513943,2083,687,1361,2,0,70513943,0.9733065179632507
70524962,2037,678,1362,2,0,70524962,0.9733065179632507
70537610,2076,655,1337,2,0,70537610,0.9733065179632507
70546914,2081,672,1354,2,0,70546914,0.9733065179632507
70559041,2077,687,1331,2,0,70559041,0.9733065179632507
70572957,2081,674,1368,2,0,70572957,0.9733065179632507
70583336,2080,677,1344,2,0,70583336,0.9733065179632507
70593065,2066,684,1373,2,0,70593065,0.9733065179632507
70602756,2075,664,1329,2,0,70602756,0.9733065179632507
70612428,2051,690,1342,2,0,70612428,0.9733065179632507
70623658,2080,671,1366,2,0,70623658,0.9733065179632507
70632681,2086,665,1354,2,0,70632681,0.9733065179632507
70643132,2068,638,1339,2,0,70643132,0.9733065179632507
70654925,2065,664,1291,2,0,70654925,0.9733065179632507
70666010,2057,653,1313,2,0,70666010,0.9733065179632507
70676266,2074,681,1341,2,0,70676266,0.9733065179632507
70687027,2079,675,1329,2,0,70687027,0.9733065179632507
70681600,0,656,1032,2,0,70681600,0.9733065179632507
70711528,2075,674,1354,2,0,70711528,0.9733065179632507
70722135,2080,664,1282,2,0,70722135,0.9733065179632507
70735720,2074,650,1328,2,0,70735720,0.9733065179632507
70745600,2072,641,1320,2,0,70745600,0.9733065179632507
70755065,2074,656,1354,2,0,70755065,0.9733065179632507
70764699,2085,667,1316,2,0,70764699,0.9733065179632507
70775044,2089,674,1293,2,0,70775044,0.9733065179632507
70785164,2070,669,1315,2,0,70785164,0.9733065179632507
70795573,2069,667,1318,2,0,70795573,0.9733065179632507
70807321,2081,657,1340,2,0,70807321,0.9733065179632507
70818321,2064,645,1297,2,0,70818321,0.9733065179632507
70830052,2070,661,1309,2,0,70830052,0.9733065179632507
70840960,2050,644,1322,2,0,70840960,0.9733065179632507
70851394,2052,629,1360,2,0,70851394,0.9733065179632507
70863004,2036,614,1289,2,0,70863004,0.9733065179632507
70873315,2043,622,1283,2,0,70873315,0.9733065179632507
70880320,1957,576,1081,2,0,70880320,0.9733065179632507
70895933,2060,637,1301,2,0,70895933,0.9733065179632507
70904756,2090,649,1316,2,0,70904756,0.9733065179632507
70916325,2050,636,1362,2,0,70916325,0.9733065179632507
70928913,2049,638,1322,2,0,70928913,0.9733065179632507
70939163,2048,628,1323,2,0,70939163,0.9733065179632507
70949857,2050,649,1284,2,0,70949857,0.9733065179632507
70962584,2020,630,1299,2,0,70962584,0.9733065179632507
70972033,2050,629,1315,2,0,70972033,0.9733065179632507
70982720,2064,644,1292,2,0,70982720,0.9733065179632507
70992180,2091,650,1302,2,0,70992180,0.9733065179632507
71004938,2064,626,1314,2,0,71004938,0.9733065179632507
71017073,2076,613,1305,2,0,71017073,0.9733065179632507
71026399,2062,617,1292,2,0,71026399,0.9733065179632507
71038714,2064,617,1291,2,0,71038714,0.9733065179632507
71048491,2064,610,1084,2,0,71048491,0.9733065179632507
71062062,2058,615,1297,2,0,71062062,0.9733065179632507
71075695,2065,622,1308,2,0,71075695,0.9733065179632507
71083982,2066,593,1533,2,0,71083982,0.9733065179632507
71095362,2072,609,1325,2,0,71095362,0.9733065179632507
71105447,2068,620,1297,2,0,71105447,0.9733065179632507
71106561,16,0,1080,3,0,71106561,0.9626108419416766
71108625,25,1,1076,3,0,71108625,0.9626108419416766
71132192,0,8,1056,3,0,71132192,0.9626108419416766
71145934,2060,648,1344,3,0,71145934,0.9626108419416766
71156964,2068,610,1532,3,0,71156964,0.9626108419416766
71166745,2069,604,1303,3,0,71166745,0.9626108419416766
71181146,2060,599,1300,3,0,71181146,0.9626108419416766
71191794,2051,600,1280,3,0,71191794,0.9626108419416766
71201990,2053,602,1282,3,0,71201990,0.9626108419416766
71213603,2058,591,1292,3,0,71213603,0.9626108419416766
71222716,2063,602,1292,3,0,71222716,0.9626108419416766
71232394,2038,588,1355,3,0,71232394,0.9626108419416766
71241642,2058,604,1527,3,0,71241642,0.9626108419416766
71259039,2067,636,1295,3,0,71259039,0.9626108419416766
71269587,2064,606,1333,3,0,71269587,0.9626108419416766
71280395,2075,593,1335,3,0,71280395,0.9626108419416766
71293026,2069,680,1337,3,0,71293026,0.9626108419416766
71304195,2077,610,1294,3,0,71304195,0.9626108419416766
71312425,2053,612,1280,3,0,71312425,0.9626108419416766
71340354,2060,604,1352,3,0,71340354,0.9626108419416766
71350884,2064,602,1298,3,0,71350884,0.9626108419416766
71361118,2069,596,1290,3,0,71361118,0.9626108419416766
71372561,2074,618,1299,3,0,71372561,0.9626108419416766
71382822,2062,620,1321,3,0,71382822,0.9626108419416766
71393078,2054,601,1064,3,0,71393078,0.9626108419416766
71404604,2054,589,1522,3,0,71404604,0.9626108419416766
71414428,2057,585,1339,3,0,71414428,0.9626108419416766
71424107,2049,586,1297,3,0,71424107,0.9626108419416766
71434067,2063,587,1296,3,0,71434067,0.9626108419416766
71446367,2054,585,1401,3,0,71446367,0.9626108419416766
71458698,2056,590,1340,3,0,71458698,0.9626108419416766
71468854,2060,610,1288,3,0,71468854,0.9626108419416766
71479386,2076,605,1025,3,0,71479386,0.9626108419416766
71491249,2064,606,1296,3,0,71491249,0.9626108419416766
71500036,2,614,1025,3,0,71500036,0.9626108419416766
71514012,2062,562,1526,3,0,71514012,0.9626108419416766
71527144,2057,598,1513,3,0,71527144,0.9626108419416766
71537711,2053,570,1530,3,0,71537711,0.9626108419416766
71547875,2032,585,1246,3,0,71547875,0.9626108419416766
71557832,2071,581,1245,3,0,71557832,0.9626108419416766
71569064,2048,589,1282,3,0,71569064,0.9626108419416766
71578618,2027,576,1040,3,0,71578618,0.9626108419416766
71588644,2043,582,1025,3,0,71588644,0.9626108419416766
71598196,2040,570,1258,3,0,71598196,0.9626108419416766
71607561,2040,580,1054,3,0,71607561,0.9626108419416766
71616371,2049,600,1281,3,0,71616371,0.9626108419416766
71627445,2041,582,1042,3,0,71627445,0.9626108419416766
71637003,2059,600,1267,3,0,71637003,0.9626108419416766
71647358,2062,592,1258,3,0,71647358,0.9626108419416766
71656350,2068,590,1285,3,0,71656350,0.9626108419416766
71668310,2066,591,1032,3,0,71668310,0.9626108419416766
71677016,2041,580,1040,3,0,71677016,0.9626108419416766
71687414,2048,579,1258,3,0,71687414,0.9626108419416766
71698097,2056,581,1528,3,0,71698097,0.9626108419416766
71709034,2093,598,1286,3,0,71709034,0.9626108419416766
71719818,2054,582,1276,3,0,71719818,0.9626108419416766
71729407,2059,605,1525,3,0,71729407,0.9626108419416766
71740789,2079,570,1278,3,0,71740789,0.9626108419416766
71752650,2093,565,1053,3,0,71752650,0.9626108419416766
71763915,2040,569,1266,3,0,71763915,0.9626108419416766
71774925,2053,563,1245,3,0,71774925,0.9626108419416766
71785230,2036,561,1204,3,0,71785230,0.9626108419416766
71796926,2044,561,1277,3,0,71796926,0.9626108419416766
71807318,2058,568,1268,3,0,71807318,0.9626108419416766
71815168,9,573,1026,3,0,71815168,0.9626108419416766
71843203,2073,578,1242,4,0,71843203,1.099552061431575
71855231,2016,588,1243,4,0,71855231,1.099552061431575
71866271,2048,578,1258,4,0,71866271,1.099552061431575
71879638,2057,581,1242,4,0,71879638,1.099552061431575
71890119,2056,557,1268,4,0,71890119,1.099552061431575
71900980,2068,596,1266,4,0,71900980,1.099552061431575
71910021,2080,571,1270,4,0,71910021,1.099552061431575
71925178,2063,564,1254,4,0,71925178,1.099552061431575
71937171,2057,542,1269,4,0,71937171,1.099552061431575
71948140,2078,563,1273,4,0,71948140,1.099552061431575
71960092,2052,555,1261,4,0,71960092,1.099552061431575
71973389,2,0,1096,4,0,71973389,1.099552061431575
71987776,2037,564,1514,4,0,71987776,1.099552061431575
71999668,2064,580,1264,4,0,71999668,1.099552061431575
72007702,16,577,1098,4,0,72007702,1.099552061431575
72024336,17,544,1099,4,0,72024336,1.099552061431575
71893840,2,546,1099,4,0,71893840,1.099552061431575
72069152,1984,546,1090,4,0,72069152,1.099552061431575
72078192,0,2,1098,4,0,72078192,1.099552061431575
72100069,2074,546,1252,4,0,72100069,1.099552061431575
72114300,2064,544,1209,4,0,72114300,1.099552061431575
72125272,2074,551,1279,4,0,72125272,1.099552061431575
72131392,0,528,1100,4,0,72131392,1.099552061431575
72143114,0,554,1100,4,0,72143114,1.099552061431575
72092672,24,544,1101,4,0,72092672,1.099552061431575
72166408,0,545,1096,4,0,72166408,1.099552061431575
72173842,1760,550,1101,4,0,72173842,1.099552061431575
72189184,1,40,1101,4,0,72189184,1.099552061431575
72187907,4,2,1037,4,0,72187907,1.099552061431575
72212483,8,528,1100,4,0,72212483,1.099552061431575
72237376,20,516,1102,4,0,72237376,1.099552061431575
72258048,2050,4,1088,4,0,72258048,1.099552061431575
72292453,2082,548,1257,4,0,72292453,1.099552061431575
72305349,2073,554,1279,4,0,72305349,1.099552061431575
72315305,2098,600,1299,4,0,72315305,1.099552061431575
72343218,2053,585,1529,4,0,72343218,1.099552061431575
72367765,2065,584,1282,4,0,72367765,1.099552061431575
72356761,16,3,1064,4,0,72356761,1.099552061431575
72412547,2057,604,1332,4,0,72412547,1.099552061431575
72435714,2086,598,1509,4,0,72435714,1.099552061431575
72455843,2074,620,1310,4,0,72455843,1.099552061431575
72475166,2061,590,1297,4,0,72475166,1.099552061431575
72504491,2059,592,1294,4,0,72504491,1.099552061431575
72515905,2059,609,1329,4,0,72515905,1.099552061431575
72528534,2056,604,1316,4,0,72528534,1.099552061431575
72536138,17,32,1024,4,0,72536138,1.099552061431575
72487457,6,18,1352,5,0,72487457,1.0231282566962245
72563477,2061,610,1314,5,0,72563477,1.0231282566962245
72575523,2059,612,1304,5,0,72575523,1.0231282566962245
72587505,2066,602,1527,5,0,72587505,1.0231282566962245
72596291,2057,611,1322,5,0,72596291,1.0231282566962245
72607292,2068,596,1485,5,0,72607292,1.0231282566962245
72615580,2050,592,1310,5,0,72615580,1.0231282566962245
72626838,2051,608,1314,5,0,72626838,1.0231282566962245
72660509,2055,617,1331,5,0,72660509,1.0231282566962245
72694580,2032,600,1328,5,0,72694580,1.0231282566962245
72715021,2022,507,1320,5,0,72715021,1.0231282566962245
72728964,0,37,1040,5,0,72728964,1.0231282566962245
72761506,2052,621,1326,5,0,72761506,1.0231282566962245
72779415,2020,608,1339,5,0,72779415,1.0231282566962245
72805741,2043,664,1336,5,0,72805741,1.0231282566962245
72817653,2052,670,1326,5,0,72817653,1.0231282566962245
72836740,2043,648,1384,5,0,72836740,1.0231282566962245
72847809,2044,636,1312,5,0,72847809,1.0231282566962245
72859620,2025,652,1336,5,0,72859620,1.0231282566962245
72870746,2034,635,1411,5,0,72870746,1.0231282566962245
72894902,2017,653,1329,5,0,72894902,1.0231282566962245
72909977,2025,662,1326,5,0,72909977,1.0231282566962245
72909216,1922,8,1036,5,0,72909216,1.0231282566962245
72960359,2021,642,1323,5,0,72960359,1.0231282566962245
72979402,2018,657,1348,5,0,72979402,1.0231282566962245
72998999,2004,646,1374,5,0,72998999,1.0231282566962245
73016768,2016,664,1366,5,0,73016768,1.0231282566962245
73042109,2013,693,1328,5,0,73042109,1.0231282566962245
73057210,1996,653,1354,5,0,73057210,1.0231282566962245
73068327,1986,637,1364,5,0,73068327,1.0231282566962245
73077630,1992,668,1342,5,0,73077630,1.0231282566962245
73086659,1999,665,1344,5,0,73086659,1.0231282566962245
73097481,2001,654,1356,5,0,73097481,1.0231282566962245
73108114,2016,656,1333,5,0,73108114,1.0231282566962245
73121081,1930,660,1341,5,0,73121081,1.0231282566962245
73133446,2005,669,1341,5,0,73133446,1.0231282566962245
73144175,2000,664,1395,5,0,73144175,1.0231282566962245
73154576,1995,665,1353,5,0,73154576,1.0231282566962245
73155648,1880,33,1026,5,0,73155648,1.0231282566962245
73175925,2000,679,1356,5,0,73175925,1.0231282566962245
73188317,2000,676,1356,5,0,73188317,1.0231282566962245
73198892,2004,685,1364,5,0,73198892,1.0231282566962245
73209925,1993,683,1365,5,0,73209925,1.0231282566962245
73218854,2000,689,1315,5,0,73218854,1.0231282566962245
73228229,1991,666,1347,5,0,73228229,1.0231282566962245
73238904,2002,685,1325,5,0,73238904,1.0231282566962245
73244736,1920,49,1088,5,0,73244736,1.0231282566962245
73262414,1987,653,1345,5,0,73262414,1.0231282566962245
73271480,1995,664,1320,5,0,73271480,1.0231282566962245
73282562,1990,667,1336,5,0,73282562,1.0231282566962245
73288720,1921,34,1056,5,0,73288720,1.0231282566962245
73304374,1987,658,1352,5,0,73304374,1.0231282566962245
73316705,1989,674,1372,5,0,73316705,1.0231282566962245
73326001,1986,665,1385,5,0,73326001,1.0231282566962245
73335569,1972,659,1342,5,0,73335569,1.0231282566962245
73347142,1995,689,1366,5,0,73347142,1.0231282566962245
73357037,1988,668,1328,5,0,73357037,1.0231282566962245
73368507,2014,682,1361,5,0,73368507,1.0231282566962245
73378739,1977,670,1350,5,0,73378739,1.0231282566962245
73391838,1983,679,1336,5,0,73391838,1.0231282566962245
73402315,1988,668,1360,5,0,73402315,1.0231282566962245
73412508,1965,680,1343,5,0,73412508,1.0231282566962245
73422122,1963,678,1357,5,0,73422122,1.0231282566962245
73446215,1986,671,1378,6,0,73446215,0.9405338696407349
73456192,1976,681,1529,6,0,73456192,0.9405338696407349
73466235,1981,670,1339,6,0,73466235,0.9405338696407349
73476186,1990,669,1525,6,0,73476186,0.9405338696407349
73486200,1988,667,1329,6,0,73486200,0.9405338696407349
73504507,1982,668,1310,6,0,73504507,0.9405338696407349
73515036,1970,673,1319,6,0,73515036,0.9405338696407349
73526222,1972,677,1347,6,0,73526222,0.9405338696407349
73535753,1920,64,1073,6,0,73535753,0.9405338696407349
73549190,1971,702,1371,6,0,73549190,0.9405338696407349
73558891,1974,709,1368,6,0,73558891,0.9405338696407349
73567583,1970,718,1421,6,0,73567583,0.9405338696407349
73577590,1952,683,1365,6,0,73577590,0.9405338696407349
73586590,1988,702,1321,6,0,73586590,0.9405338696407349
73596724,1986,709,1352,6,0,73596724,0.9405338696407349
73606733,1971,686,1323,6,0,73606733,0.9405338696407349
73616401,1969,681,1370,6,0,73616401,0.9405338696407349
73626027,1958,640,1360,6,0,73626027,0.9405338696407349
73636789,1979,700,1353,6,0,73636789,0.9405338696407349
73646211,1965,699,1352,6,0,73646211,0.9405338696407349
73655772,1962,708,1342,6,0,73655772,0.9405338696407349
73668481,1957,737,1362,6,0,73668481,0.9405338696407349
73676680,1864,64,1092,6,0,73676680,0.9405338696407349
73688008,1937,701,1385,6,0,73688008,0.9405338696407349
73696774,1969,706,1373,6,0,73696774,0.9405338696407349
73709666,1914,711,1372,6,0,73709666,0.9405338696407349
73719652,1948,706,1387,6,0,73719652,0.9405338696407349
73729819,1951,713,1373,6,0,73729819,0.9405338696407349
73739140,1966,723,1370,6,0,73739140,0.9405338696407349
73749406,1953,713,1393,6,0,73749406,0.9405338696407349
73758740,1956,702,1352,6,0,73758740,0.9405338696407349
73768675,1977,712,1384,6,0,73768675,0.9405338696407349
73780858,1966,721,1381,6,0,73780858,0.9405338696407349
73791306,1969,731,1376,6,0,73791306,0.9405338696407349
73801148,1967,710,1377,6,0,73801148,0.9405338696407349
73810045,1944,718,1390,6,0,73810045,0.9405338696407349
73834984,1949,727,1422,6,0,73834984,0.9405338696407349
73846240,1901,737,1388,6,0,73846240,0.9405338696407349
73856652,1944,737,1374,6,0,73856652,0.9405338696407349
73867085,1952,714,1408,6,0,73867085,0.9405338696407349
73877280,1954,712,1127,6,0,73877280,0.9405338696407349
73888142,1954,706,1379,6,0,73888142,0.9405338696407349
73900078,1993,724,1403,6,0,73900078,0.9405338696407349
73911384,1951,711,1364,6,0,73911384,0.9405338696407349
73923391,1945,708,1357,6,0,73923391,0.9405338696407349
73934920,1956,720,1368,6,0,73934920,0.9405338696407349
73946051,1977,725,1389,6,0,73946051,0.9405338696407349
73956734,1931,721,1369,6,0,73956734,0.9405338696407349
73968417,1946,704,1394,6,0,73968417,0.9405338696407349
73978978,1911,711,1364,6,0,73978978,0.9405338696407349
73989507,1964,735,1392,6,0,73989507,0.9405338696407349
73998669,1965,722,1357,6,0,73998669,0.9405338696407349
74006961,1961,713,1381,6,0,74006961,0.9405338696407349
74016861,1952,716,1380,6,0,74016861,0.9405338696407349
74026269,1945,736,1368,6,0,74026269,0.9405338696407349
74037440,1938,738,1384,6,0,74037440,0.9405338696407349
74049918,1965,724,1427,6,0,74049918,0.9405338696407349
74058928,1976,722,1395,6,0,74058928,0.9405338696407349
74068325,1949,725,1418,6,0,74068325,0.9405338696407349
74079447,1976,710,1369,6,0,74079447,0.9405338696407349
74089239,1941,709,1322,6,0,74089239,0.9405338696407349
74098696,1958,716,1393,6,0,74098696,0.9405338696407349
74111437,1933,713,1374,6,0,74111437,0.9405338696407349
74122729,1979,678,1386,6,0,74122729,0.9405338696407349
74132144,1969,693,1375,6,0,74132144,0.9405338696407349
74141815,1963,690,1440,6,0,74141815,0.9405338696407349
74155809,1982,710,1472,6,0,74155809,0.9405338696407349
74165109,1977,724,1381,6,0,74165109,0.9405338696407349
74177186,1964,716,1387,6,0,74177186,0.9405338696407349
74186811,1964,702,1342,6,0,74186811,0.9405338696407349
74200821,1981,714,1380,6,0,74200821,0.9405338696407349
74203170,1840,64,1090,6,0,74203170,0.9405338696407349
74221420,1970,713,1393,6,0,74221420,0.9405338696407349
74236238,1984,715,1393,6,0,74236238,0.9405338696407349
74246727,1987,724,1381,6,0,74246727,0.9405338696407349
74257983,1984,726,1345,6,0,74257983,0.9405338696407349
74269355,1987,730,1374,6,0,74269355,0.9405338696407349
74279298,1969,717,1378,6,0,74279298,0.9405338696407349
74291031,1969,701,1353,6,0,74291031,0.9405338696407349
74300373,1966,699,1369,6,0,74300373,0.9405338696407349
74310684,1988,729,1379,6,0,74310684,0.9405338696407349
74321275,1986,716,1392,6,0,74321275,0.9405338696407349
74332216,1996,705,1374,6,0,74332216,0.9405338696407349
74342920,1988,701,1371,6,0,74342920,0.9405338696407349
74353107,2003,729,1347,6,0,74353107,0.9405338696407349
74364425,1980,689,1380,6,0,74364425,0.9405338696407349
74373405,1990,700,1395,6,0,74373405,0.9405338696407349
74401572,1976,698,1361,7,0,74401572,1.018968827132279
74413551,1958,723,1380,7,0,74413551,1.018968827132279
74423648,1986,715,1350,7,0,74423648,1.018968827132279
74433599,1996,718,1345,7,0,74433599,1.018968827132279
74445011,1987,704,1389,7,0,74445011,1.018968827132279
74456081,2005,708,1366,7,0,74456081,1.018968827132279
74468014,1996,694,1393,7,0,74468014,1.018968827132279
74477703,1985,700,1371,7,0,74477703,1.018968827132279
74487829,1976,701,1394,7,0,74487829,1.018968827132279
74498443,1997,716,1394,7,0,74498443,1.018968827132279
74508224,1987,708,1393,7,0,74508224,1.018968827132279
74519567,1994,717,1376,7,0,74519567,1.018968827132279
74530135,2009,722,1368,7,0,74530135,1.018968827132279
74540436,2013,722,1378,7,0,74540436,1.018968827132279
74550357,2005,708,1368,7,0,74550357,1.018968827132279
74560982,1996,709,1346,7,0,74560982,1.018968827132279
74573598,1984,705,1397,7,0,74573598,1.018968827132279
74583291,1965,722,1385,7,0,74583291,1.018968827132279
74592354,1970,711,1372,7,0,74592354,1.018968827132279
74604067,1996,740,1406,7,0,74604067,1.018968827132279
74614750,1986,718,1353,7,0,74614750,1.018968827132279
74626106,2002,714,1380,7,0,74626106,1.018968827132279
74637118,1993,712,1093,7,0,74637118,1.018968827132279
74649961,1979,710,1382,7,0,74649961,1.018968827132279
74661159,1977,711,1382,7,0,74661159,1.018968827132279
74671652,2000,737,1412,7,0,74671652,1.018968827132279
74681512,1984,755,1388,7,0,74681512,1.018968827132279
74691148,1995,718,1367,7,0,74691148,1.018968827132279
74720982,1981,705,1380,7,0,74720982,1.018968827132279
74730144,1978,701,1409,7,0,74730144,1.018968827132279
74739970,1993,712,1377,7,0,74739970,1.018968827132279
74751995,1994,701,1361,7,0,74751995,1.018968827132279
74760993,1988,702,1387,7,0,74760993,1.018968827132279
74770729,1980,741,1413,7,0,74770729,1.018968827132279
74781038,1964,712,1365,7,0,74781038,1.018968827132279
74793000,1994,712,1384,7,0,74793000,1.018968827132279
74805653,2004,725,1384,7,0,74805653,1.018968827132279
74829956,1942,701,1367,7,0,74829956,1.018968827132279
74841918,2000,702,1367,7,0,74841918,1.018968827132279
74855966,1994,690,1374,7,0,74855966,1.018968827132279
74866645,1996,712,1379,7,0,74866645,1.018968827132279
74879099,2011,696,1394,7,0,74879099,1.018968827132279
74890194,2002,701,1401,7,0,74890194,1.018968827132279
74905570,1986,694,1375,7,0,74905570,1.018968827132279
74919953,1994,713,1391,7,0,74919953,1.018968827132279
74930133,1987,694,1345,7,0,74930133,1.018968827132279
74946647,2010,721,1411,7,0,74946647,1.018968827132279
74966838,2004,716,1397,7,0,74966838,1.018968827132279
74980493,1996,707,1434,7,0,74980493,1.018968827132279
74994087,1986,723,1362,7,0,74994087,1.018968827132279
75016797,2002,721,1618,7,0,75016797,1.018968827132279
75023377,1925,56,1024,7,0,75023377,1.018968827132279
75049630,1984,682,1406,7,0,75049630,1.018968827132279
75077827,2000,698,1389,7,0,75077827,1.018968827132279
75093460,2011,736,1396,7,0,75093460,1.018968827132279
75107873,1995,710,1386,7,0,75107873,1.018968827132279
75118777,2008,685,1429,7,0,75118777,1.018968827132279
75131724,2009,706,1390,7,0,75131724,1.018968827132279
75166136,2008,684,1413,8,0,75166136,1.2673919005393546
75177184,2008,683,1385,8,0,75177184,1.2673919005393546
75187174,2019,700,1409,8,0,75187174,1.2673919005393546
75201262,2006,704,1420,8,0,75201262,1.2673919005393546
75216031,1997,716,1444,8,0,75216031,1.2673919005393546
75236865,1920,0,1056,8,0,75236865,1.2673919005393546
75265227,2019,676,1413,8,0,75265227,1.2673919005393546
75285874,2002,716,1442,8,0,75285874,1.2673919005393546
75297738,2024,720,1404,8,0,75297738,1.2673919005393546
75311209,2001,747,1401,8,0,75311209,1.2673919005393546
75321692,2013,717,1410,8,0,75321692,1.2673919005393546
75334784,1923,64,1024,8,0,75334784,1.2673919005393546
75358794,2012,706,1436,8,0,75358794,1.2673919005393546
75371563,2011,691,1402,8,0,75371563,1.2673919005393546
75382562,2008,686,1315,8,0,75382562,1.2673919005393546
75392657,2019,718,1387,8,0,75392657,1.2673919005393546
75403920,2028,692,1443,8,0,75403920,1.2673919005393546
75414524,2012,691,1404,8,0,75414524,1.2673919005393546
75429581,2014,695,1396,8,0,75429581,1.2673919005393546
75440769,2017,684,1416,8,0,75440769,1.2673919005393546
75470139,2040,691,1422,8,0,75470139,1.2673919005393546
75481116,1996,688,1406,8,0,75481116,1.2673919005393546
75491481,2033,714,1412,8,0,75491481,1.2673919005393546
75500682,2027,696,1423,8,0,75500682,1.2673919005393546
75511885,2012,699,1420,8,0,75511885,1.2673919005393546
75528669,1993,678,1403,8,0,75528669,1.2673919005393546
75530276,1924,8,1068,8,0,75530276,1.2673919005393546
75566455,2020,700,1409,8,0,75566455,1.2673919005393546
75584574,2009,681,1400,8,0,75584574,1.2673919005393546
75608002,2011,674,1417,8,0,75608002,1.2673919005393546
75634496,2026,683,1403,8,0,75634496,1.2673919005393546
75654358,2029,681,1436,8,0,75654358,1.2673919005393546
75671207,2024,658,1427,8,0,75671207,1.2673919005393546
75682029,2024,672,1409,8,0,75682029,1.2673919005393546
75695893,2021,697,1374,8,0,75695893,1.2673919005393546
75706532,2024,698,1421,8,0,75706532,1.2673919005393546
75719596,2024,688,1381,8,0,75719596,1.2673919005393546
75726874,1972,682,1024,8,0,75726874,1.2673919005393546
75748968,2018,684,1387,8,0,75748968,1.2673919005393546
75765063,2049,718,1386,8,0,75765063,1.2673919005393546
75779290,2061,697,1392,8,0,75779290,1.2673919005393546
75791666,2053,692,1398,8,0,75791666,1.2673919005393546
75816052,2033,698,1446,8,0,75816052,1.2673919005393546
75765760,16,676,1152,8,0,75765760,1.2673919005393546
75844566,2054,692,1376,8,0,75844566,1.2673919005393546
75863112,2061,682,1385,8,0,75863112,1.2673919005393546
75881763,2092,699,1504,8,0,75881763,1.2673919005393546
75904843,2045,687,1415,8,0,75904843,1.2673919005393546
75891728,0,16,1104,9,0,75891728,1.054164000365664
75958965,2072,696,1393,9,0,75958965,1.054164000365664
75985065,2102,695,1399,9,0,75985065,1.054164000365664
76005394,32,0,1062,9,0,76005394,1.054164000365664
76038159,2092,671,1384,9,0,76038159,1.054164000365664
76052953,2090,669,1363,9,0,76052953,1.054164000365664
76075255,2078,673,1341,9,0,76075255,1.054164000365664
76084963,2105,673,1364,9,0,76084963,1.054164000365664
76088321,32,641,1025,9,0,76088321,1.054164000365664
76110873,2093,682,1418,9,0,76110873,1.054164000365664
76120848,2064,659,1366,9,0,76120848,1.054164000365664
76134484,2091,683,1377,9,0,76134484,1.054164000365664
76148312,2086,691,1399,9,0,76148312,1.054164000365664
76162528,2090,689,1531,9,0,76162528,1.054164000365664
76177816,2114,678,1364,9,0,76177816,1.054164000365664
76197328,2096,674,1384,9,0,76197328,1.054164000365664
76212581,2088,673,1283,9,0,76212581,1.054164000365664
76228605,2093,667,1323,9,0,76228605,1.054164000365664
76248152,2096,670,1383,9,0,76248152,1.054164000365664
76259840,1,640,1163,9,0,76259840,1.054164000365664
76283072,2100,672,1372,9,0,76283072,1.054164000365664
76300275,2086,665,1371,9,0,76300275,1.054164000365664
76316760,2100,670,1349,9,0,76316760,1.054164000365664
76331906,2061,677,1346,9,0,76331906,1.054164000365664
76347131,2106,658,1401,9,0,76347131,1.054164000365664
76361967,2132,665,1414,9,0,76361967,1.054164000365664
76378304,2061,668,1392,9,0,76378304,1.054164000365664
76390471,2100,637,1363,9,0,76390471,1.054164000365664
76412749,2101,651,1423,9,0,76412749,1.054164000365664
76422694,2110,665,1349,9,0,76422694,1.054164000365664
76420130,32,33,1113,9,0,76420130,1.054164000365664
76449593,2085,656,1308,9,0,76449593,1.054164000365664
76470029,2083,796,1375,9,0,76470029,1.054164000365664
76491028,2093,653,1314,9,0,76491028,1.054164000365664
76501777,2085,660,1385,9,0,76501777,1.054164000365664
76485200,0,0,1048,9,0,76485200,1.054164000365664
76536222,2244,666,1317,9,0,76536222,1.054164000365664
76562892,2091,675,1364,9,0,76562892,1.054164000365664
76580857,2083,683,1400,9,0,76580857,1.054164000365664
76578880,5,688,1092,9,0,76578880,1.054164000365664
76623626,2068,659,1378,9,0,76623626,1.054164000365664
76633481,2092,662,1373,9,0,76633481,1.054164000365664
76642066,2090,677,1362,9,0,76642066,1.054164000365664
76652654,2093,659,1363,9,0,76652654,1.054164000365664
76664117,2112,676,1373,9,0,76664117,1.054164000365664
76691885,2050,668,1381,9,0,76691885,1.054164000365664
76703241,2060,658,1341,9,0,76703241,1.054164000365664
76711906,2066,669,1329,9,0,76711906,1.054164000365664
76722618,2075,665,1320,9,0,76722618,1.054164000365664
76732770,2060,674,1341,9,0,76732770,1.054164000365664
76742120,2085,680,1372,9,0,76742120,1.054164000365664
76754533,2058,676,1349,9,0,76754533,1.054164000365664
76765065,2109,693,1366,9,0,76765065,1.054164000365664
76777220,2086,646,1392,9,0,76777220,1.054164000365664
76788534,2095,676,1338,9,0,76788534,1.054164000365664
76800134,2084,686,1357,9,0,76800134,1.054164000365664
76809202,2093,676,1362,9,0,76809202,1.054164000365664
76818093,2050,689,1365,9,0,76818093,1.054164000365664
76829151,2100,680,1341,9,0,76829151,1.054164000365664
76838413,2058,667,1350,9,0,76838413,1.054164000365664
76850750,2068,670,1337,9,0,76850750,1.054164000365664
76861102,2036,673,1347,9,0,76861102,1.054164000365664
76871159,2074,675,1348,9,0,76871159,1.054164000365664
76881033,1773,640,1323,9,0,76881033,1.054164000365664
76890881,2103,672,1366,9,0,76890881,1.054164000365664
76904489,2082,666,1346,9,0,76904489,1.054164000365664
76914936,2117,643,1329,9,0,76914936,1.054164000365664
76924897,2097,678,1321,9,0,76924897,1.054164000365664
76934770,2098,666,1347,9,0,76934770,1.054164000365664
76941319,18,20,1046,9,0,76941319,1.054164000365664
76957162,2072,664,1337,9,0,76957162,1.054164000365664
76964104,4,16,1026,9,0,76964104,1.054164000365664
76978129,2084,668,1304,9,0,76978129,1.054164000365664
76987943,2089,673,1370,9,0,76987943,1.054164000365664
77002252,2069,664,1313,9,0,77002252,1.054164000365664
77011825,2074,646,1339,9,0,77011825,1.054164000365664
77023997,2096,658,1386,9,0,77023997,1.054164000365664
77034224,2097,657,1340,9,0,77034224,1.054164000365664
77045017,2086,655,1515,9,0,77045017,1.054164000365664
77055795,2072,641,1302,9,0,77055795,1.054164000365664
77067675,2074,672,1355,9,0,77067675,1.054164000365664
77077604,2069,658,1337,9,0,77077604,1.054164000365664
77086923,2075,669,1380,9,0,77086923,1.054164000365664
77097192,2052,621,1326,9,0,77097192,1.054164000365664
77105552,1,0,1024,9,0,77105552,1.054164000365664
77118449,2056,667,1346,9,0,77118449,1.054164000365664
77127875,2098,675,1303,9,0,77127875,1.054164000365664
77139261,2097,667,1356,9,0,77139261,1.054164000365664
77157174,2072,653,1329,9,0,77157174,1.054164000365664
77168494,2090,668,1329,9,0,77168494,1.054164000365664
77201541,2070,661,1403,10,0,77201541,1.132370417771277
77213981,2082,658,1326,10,0,77213981,1.132370417771277
77226368,2063,667,1314,10,0,77226368,1.132370417771277
77237746,2104,662,1348,10,0,77237746,1.132370417771277
77269629,2073,660,1367,10,0,77269629,1.132370417771277
77287892,2106,677,1378,10,0,77287892,1.132370417771277
77299987,2092,668,1380,10,0,77299987,1.132370417771277
77306266,2,25,1051,10,0,77306266,1.132370417771277
77332245,2038,703,1331,10,0,77332245,1.132370417771277
77346737,2075,657,1331,10,0,77346737,1.132370417771277
77357022,2058,634,1326,10,0,77357022,1.132370417771277
77368408,2067,652,1340,10,0,77368408,1.132370417771277
77397344,2029,666,1371,10,0,77397344,1.132370417771277
77412404,2035,667,1335,10,0,77412404,1.132370417771277
77425633,2064,670,1303,10,0,77425633,1.132370417771277
77437770,2059,677,1358,10,0,77437770,1.132370417771277
77449515,2043,667,1323,10,0,77449515,1.132370417771277
77460477,2051,681,1321,10,0,77460477,1.132370417771277
77471580,2051,677,1529,10,0,77471580,1.132370417771277
77483087,2016,667,1292,10,0,77483087,1.132370417771277
77494180,2052,659,1303,10,0,77494180,1.132370417771277
77496640,1892,1,1034,10,0,77496640,1.132370417771277
77515193,2043,658,1312,10,0,77515193,1.132370417771277
77528285,2041,657,1294,10,0,77528285,1.132370417771277
77541452,2029,664,1289,10,0,77541452,1.132370417771277
77551090,2038,673,1326,10,0,77551090,1.132370417771277
77563954,1810,12,1169,10,0,77563954,1.132370417771277
77580734,2054,679,1332,10,0,77580734,1.132370417771277
77590069,2004,691,1349,10,0,77590069,1.132370417771277
77606392,2001,676,1291,10,0,77606392,1.132370417771277
77616147,2059,682,1317,10,0,77616147,1.132370417771277
77595648,1920,0,1036,10,0,77595648,1.132370417771277
77640879,2010,680,1333,10,0,77640879,1.132370417771277
77654552,2019,676,1282,10,0,77654552,1.132370417771277
77665154,2052,682,1326,10,0,77665154,1.132370417771277
77681065,2025,671,1280,10,0,77681065,1.132370417771277
77686938,1840,8,1024,10,0,77686938,1.132370417771277
77708993,2010,658,1292,10,0,77708993,1.132370417771277
77718596,2041,652,1362,10,0,77718596,1.132370417771277
77731358,2001,662,1288,10,0,77731358,1.132370417771277
77745081,2033,681,1296,10,0,77745081,1.132370417771277
77760606,2003,657,1354,10,0,77760606,1.132370417771277
77774356,1955,653,1316,10,0,77774356,1.132370417771277
77785430,1972,660,1318,10,0,77785430,1.132370417771277
77799365,2021,661,1317,10,0,77799365,1.132370417771277
77807700,1832,1,1056,10,0,77807700,1.132370417771277
77826806,1978,685,1382,10,0,77826806,1.132370417771277
77836353,2012,703,1380,10,0,77836353,1.132370417771277
77849163,2006,699,1369,10,0,77849163,1.132370417771277
77861649,1948,686,1336,10,0,77861649,1.132370417771277
77869328,1859,12,1024,10,0,77869328,1.132370417771277
77892376,1962,692,1533,10,0,77892376,1.132370417771277
77903838,1987,675,1360,10,0,77903838,1.132370417771277
77918022,2001,688,1353,10,0,77918022,1.132370417771277
77928082,1981,703,1314,10,0,77928082,1.132370417771277
77939200,1804,40,1029,10,0,77939200,1.132370417771277
77951058,1939,686,1342,10,0,77951058,1.132370417771277
77962828,1976,691,1353,10,0,77962828,1.132370417771277
77977025,2083,688,1336,10,0,77977025,1.132370417771277
77985575,2001,696,1190,10,0,77985575,1.132370417771277
78000090,1969,698,1352,10,0,78000090,1.132370417771277
78008322,1792,0,1058,10,0,78008322,1.132370417771277
78024307,1969,707,1351,10,0,78024307,1.132370417771277
78038031,1968,700,1354,10,0,78038031,1.132370417771277
78047494,1794,66,1056,10,0,78047494,1.132370417771277
78065771,1965,712,1361,10,0,78065771,1.132370417771277
78076820,1942,684,1371,10,0,78076820,1.132370417771277
78090551,1921,721,1348,10,0,78090551,1.132370417771277
78101377,1976,679,1417,10,0,78101377,1.132370417771277
78125376,1925,701,1345,11,0,78125376,1.1969558460553982
78144871,1954,716,1346,11,0,78144871,1.1969558460553982
78157942,1935,705,1338,11,0,78157942,1.1969558460553982
78174033,1925,699,1360,11,0,78174033,1.1969558460553982
78183687,1955,728,1347,11,0,78183687,1.1969558460553982
78196803,1953,706,1313,11,0,78196803,1.1969558460553982
78210828,1944,698,1379,11,0,78210828,1.1969558460553982
78220960,1942,720,1362,11,0,78220960,1.1969558460553982
78234298,1955,724,1388,11,0,78234298,1.1969558460553982
78249326,1956,730,1394,11,0,78249326,1.1969558460553982
78260403,1977,746,1391,11,0,78260403,1.1969558460553982
78272008,1949,724,1387,11,0,78272008,1.1969558460553982
78249986,1312,84,1066,11,0,78249986,1.1969558460553982
78297298,1972,742,1354,11,0,78297298,1.1969558460553982
78311061,2051,717,1370,11,0,78311061,1.1969558460553982
78323992,1984,720,1390,11,0,78323992,1.1969558460553982
78335287,1965,715,1195,11,0,78335287,1.1969558460553982
78349758,1939,710,1393,11,0,78349758,1.1969558460553982
78362454,1950,714,1347,11,0,78362454,1.1969558460553982
78380099,1976,715,1369,11,0,78380099,1.1969558460553982
78393955,1952,739,1328,11,0,78393955,1.1969558460553982
78410021,1982,699,1312,11,0,78410021,1.1969558460553982
78424407,1964,713,1368,11,0,78424407,1.1969558460553982
78437733,1978,716,1378,11,0,78437733,1.1969558460553982
78384640,1824,80,1024,11,0,78384640,1.1969558460553982
78463586,1946,709,1382,11,0,78463586,1.1969558460553982
78477688,1981,691,1374,11,0,78477688,1.1969558460553982
78489099,1957,690,1376,11,0,78489099,1.1969558460553982
78517641,1978,686,1331,11,0,78517641,1.1969558460553982
78533842,1964,680,1380,11,0,78533842,1.1969558460553982
78543774,1980,715,1381,11,0,78543774,1.1969558460553982
78555119,1987,738,1421,11,0,78555119,1.1969558460553982
78566384,1965,702,1348,11,0,78566384,1.1969558460553982
78577558,1945,708,1328,11,0,78577558,1.1969558460553982
78592613,2001,710,1344,11,0,78592613,1.1969558460553982
78606526,2013,692,1368,11,0,78606526,1.1969558460553982
78617763,1995,694,1376,11,0,78617763,1.1969558460553982
78630760,1978,695,1378,11,0,78630760,1.1969558460553982
78648114,1970,930,1362,11,0,78648114,1.1969558460553982
78658674,1985,718,1376,11,0,78658674,1.1969558460553982
78659588,1809,24,1089,11,0,78659588,1.1969558460553982
78680803,2012,695,1337,11,0,78680803,1.1969558460553982
78692879,2024,714,1411,11,0,78692879,1.1969558460553982
78706834,1981,707,1403,11,0,78706834,1.1969558460553982
78717801,2017,736,1382,11,0,78717801,1.1969558460553982
78731704,2012,730,1432,11,0,78731704,1.1969558460553982
78742370,1993,707,1395,11,0,78742370,1.1969558460553982
78751933,2013,693,1393,11,0,78751933,1.1969558460553982
78763269,2009,700,1410,11,0,78763269,1.1969558460553982
78645312,1936,35,1024,12,0,78645312,1.0894505896334217
78786729,2023,699,1370,12,0,78786729,1.0894505896334217
78796132,2015,710,1409,12,0,78796132,1.0894505896334217
78809304,1993,709,1378,12,0,78809304,1.0894505896334217
78822518,1989,692,1407,12,0,78822518,1.0894505896334217
78848215,2006,690,1381,12,0,78848215,1.0894505896334217
78860331,1995,692,1442,12,0,78860331,1.0894505896334217
78873592,2042,701,1428,12,0,78873592,1.0894505896334217
78891428,2042,689,1411,12,0,78891428,1.0894505896334217
78900059,2002,678,1390,12,0,78900059,1.0894505896334217
78916919,2029,694,1412,12,0,78916919,1.0894505896334217
78927482,2026,704,1380,12,0,78927482,1.0894505896334217
78936494,2043,701,1409,12,0,78936494,1.0894505896334217
78951886,2057,706,1379,12,0,78951886,1.0894505896334217
78963849,2069,681,1372,12,0,78963849,1.0894505896334217
78979043,2081,684,1393,12,0,78979043,1.0894505896334217
79005655,2054,690,1402,12,0,79005655,1.0894505896334217
79018895,2066,699,1358,12,0,79018895,1.0894505896334217
79034789,2082,676,1395,12,0,79034789,1.0894505896334217
79046533,2058,696,1378,12,0,79046533,1.0894505896334217
79057737,2056,673,1363,12,0,79057737,1.0894505896334217
79069231,2092,683,1394,12,0,79069231,1.0894505896334217
79080759,2070,678,1374,12,0,79080759,1.0894505896334217
79109462,2060,679,1357,12,0,79109462,1.0894505896334217
79121922,2058,689,1356,12,0,79121922,1.0894505896334217
79139499,2082,710,1372,12,0,79139499,1.0894505896334217
79154266,2089,711,1332,12,0,79154266,1.0894505896334217
79164698,2106,696,1368,12,0,79164698,1.0894505896334217
79180415,2086,682,1308,12,0,79180415,1.0894505896334217
79193482,2089,684,1380,12,0,79193482,1.0894505896334217
79205118,2070,683,1325,12,0,79205118,1.0894505896334217
79220766,2104,692,1289,12,0,79220766,1.0894505896334217
79235879,2102,687,1378,12,0,79235879,1.0894505896334217
79264113,2118,677,1397,12,0,79264113,1.0894505896334217
79273850,2044,644,1330,12,0,79273850,1.0894505896334217
79286254,2088,658,1339,12,0,79286254,1.0894505896334217
79304013,2111,630,1354,12,0,79304013,1.0894505896334217
79314094,2110,652,1326,12,0,79314094,1.0894505896334217
79327993,2115,640,1350,12,0,79327993,1.0894505896334217
79336973,2147,638,1210,12,0,79336973,1.0894505896334217
79352077,2107,656,1320,12,0,79352077,1.0894505896334217
79364666,2029,654,1344,12,0,79364666,1.0894505896334217
79382014,2123,652,1361,12,0,79382014,1.0894505896334217
79394130,2108,659,1364,12,0,79394130,1.0894505896334217
79413465,2120,666,1340,12,0,79413465,1.0894505896334217
79423773,2091,656,1369,12,0,79423773,1.0894505896334217
79436833,2138,657,1353,12,0,79436833,1.0894505896334217
79447240,2126,636,1341,12,0,79447240,1.0894505896334217
79462059,2140,654,1349,12,0,79462059,1.0894505896334217
79473970,2125,633,1322,12,0,79473970,1.0894505896334217
79485495,2118,641,1323,12,0,79485495,1.0894505896334217
79497842,2129,640,1341,12,0,79497842,1.0894505896334217
79513441,2144,652,1364,12,0,79513441,1.0894505896334217
79527600,2169,670,1342,12,0,79527600,1.0894505896334217
79541820,2194,681,1341,12,0,79541820,1.0894505896334217
79560127,2204,670,1316,12,0,79560127,1.0894505896334217
79570182,2187,658,1325,12,0,79570182,1.0894505896334217
79579590,2191,667,1329,12,0,79579590,1.0894505896334217
79592687,2194,681,1341,12,0,79592687,1.0894505896334217
79606117,2182,691,1372,12,0,79606117,1.0894505896334217
79616801,2198,696,1445,12,0,79616801,1.0894505896334217
79626530,97,552,1024,12,0,79626530,1.0894505896334217
79661632,2190,627,1305,12,0,79661632,1.0894505896334217
79687196,2177,713,1324,12,0,79687196,1.0894505896334217
79705900,2188,702,1332,12,0,79705900,1.0894505896334217
79732952,2181,699,1354,12,0,79732952,1.0894505896334217
79760789,2161,684,1363,12,0,79760789,1.0894505896334217
79788180,2178,670,1346,12,0,79788180,1.0894505896334217
79803553,2178,688,1315,12,0,79803553,1.0894505896334217
79825254,2141,660,1293,12,0,79825254,1.0894505896334217
79834403,2180,674,1280,12,0,79834403,1.0894505896334217
79843960,2156,658,1303,12,0,79843960,1.0894505896334217
79852523,2133,644,1507,12,0,79852523,1.0894505896334217
79862932,2181,638,1316,12,0,79862932,1.0894505896334217
79874081,2195,636,1290,12,0,79874081,1.0894505896334217
79884795,2157,610,1276,12,0,79884795,1.0894505896334217
79897498,2210,641,1288,12,0,79897498,1.0894505896334217
79908421,2184,624,1288,12,0,79908421,1.0894505896334217
79918255,2126,656,1283,12,0,79918255,1.0894505896334217
79927405,2186,629,1334,12,0,79927405,1.0894505896334217
79940338,2187,627,1298,12,0,79940338,1.0894505896334217
79950888,2141,609,1284,12,0,79950888,1.0894505896334217
79963535,2118,613,1270,12,0,79963535,1.0894505896334217
79974894,2107,622,1039,12,0,79974894,1.0894505896334217
79986818,2113,590,1273,12,0,79986818,1.0894505896334217
79999505,2088,629,1045,12,0,79999505,1.0894505896334217
80011849,2073,620,1282,12,0,80011849,1.0894505896334217
80022120,2075,633,1302,12,0,80022120,1.0894505896334217
80031695,2081,633,1294,12,0,80031695,1.0894505896334217
80046155,2067,617,1306,12,0,80046155,1.0894505896334217
80056785,2052,643,1326,12,0,80056785,1.0894505896334217
80067265,2010,533,1267,12,0,80067265,1.0894505896334217
80077139,2065,646,1315,12,0,80077139,1.0894505896334217
80088017,2053,665,1532,12,0,80088017,1.0894505896334217
80093212,9,674,1075,12,0,80093212,1.0894505896334217
80110928,2058,688,1312,12,0,80110928,1.0894505896334217
80121321,2066,716,1376,12,0,80121321,1.0894505896334217
80130292,2048,733,1330,12,0,80130292,1.0894505896334217
80143600,2028,701,1307,12,0,80143600,1.0894505896334217
80154709,2086,719,1321,12,0,80154709,1.0894505896334217
80164259,2040,690,1318,12,0,80164259,1.0894505896334217
80174231,2010,682,1271,12,0,80174231,1.0894505896334217
80186452,2006,656,1294,12,0,80186452,1.0894505896334217
80197705,2049,655,1335,12,0,80197705,1.0894505896334217
80206829,2021,641,1322,12,0,80206829,1.0894505896334217
80217838,2049,650,1333,12,0,80217838,1.0894505896334217
80226660,2009,643,1331,12,0,80226660,1.0894505896334217
80236455,2011,653,1325,12,0,80236455,1.0894505896334217
80247403,2004,673,1329,12,0,80247403,1.0894505896334217
80259354,2022,714,1330,12,0,80259354,1.0894505896334217
80270296,1993,721,1343,12,0,80270296,1.0894505896334217
80279082,1988,691,1337,12,0,80279082,1.0894505896334217
80292420,1999,698,1348,12,0,80292420,1.0894505896334217
80302901,2029,717,1378,12,0,80302901,1.0894505896334217
80312733,2017,709,1323,12,0,80312733,1.0894505896334217
80323411,1965,692,1348,12,0,80323411,1.0894505896334217
80336133,1999,705,1305,12,0,80336133,1.0894505896334217
80347202,1996,704,1337,12,0,80347202,1.0894505896334217
80356816,1988,705,1380,12,0,80356816,1.0894505896334217
80366130,1967,711,1345,12,0,80366130,1.0894505896334217
80378535,2008,708,1341,12,0,80378535,1.0894505896334217
80388413,1995,691,1340,12,0,80388413,1.0894505896334217
80400856,1970,672,1374,12,0,80400856,1.0894505896334217
80347146,1808,20,1088,13,0,80347146,0.9628850900447938
80424798,1993,678,1337,13,0,80424798,0.9628850900447938
80434717,2026,716,1417,13,0,80434717,0.9628850900447938
80445994,1984,724,1313,13,0,80445994,0.9628850900447938
80457454,1927,723,1371,13,0,80457454,0.9628850900447938
80468451,1906,718,1349,13,0,80468451,0.9628850900447938
80478467,1960,722,1391,13,0,80478467,0.9628850900447938
80491200,1934,719,1391,13,0,80491200,0.9628850900447938
80502102,1927,716,1378,13,0,80502102,0.9628850900447938
80513223,1902,715,1350,13,0,80513223,0.9628850900447938
80524963,1889,705,1354,13,0,80524963,0.9628850900447938
80536212,1906,700,1387,13,0,80536212,0.9628850900447938
80549452,1954,682,1410,13,0,80549452,0.9628850900447938
80559868,1950,740,1428,13,0,80559868,0.9628850900447938
80571185,1957,755,1417,13,0,80571185,0.9628850900447938
80580457,1893,749,1410,13,0,80580457,0.9628850900447938
80591397,1915,744,1365,13,0,80591397,0.9628850900447938
80600912,1894,735,1364,13,0,80600912,0.9628850900447938
80612255,1904,738,1382,13,0,80612255,0.9628850900447938
80623032,1958,732,1376,13,0,80623032,0.9628850900447938
80633941,1958,742,1413,13,0,80633941,0.9628850900447938
80643968,1964,731,1414,13,0,80643968,0.9628850900447938
80653323,1932,731,1402,13,0,80653323,0.9628850900447938
80666680,1950,721,1416,13,0,80666680,0.9628850900447938
80676857,1985,733,1448,13,0,80676857,0.9628850900447938
80688691,2018,748,1450,13,0,80688691,0.9628850900447938
80697677,1975,734,1411,13,0,80697677,0.9628850900447938
80707228,1930,826,1392,13,0,80707228,0.9628850900447938
80720763,1957,691,1350,13,0,80720763,0.9628850900447938
80730352,1987,706,1415,13,0,80730352,0.9628850900447938
80745813,2001,686,1395,13,0,80745813,0.9628850900447938
80754762,2003,682,1435,13,0,80754762,0.9628850900447938
80765213,1993,682,1419,13,0,80765213,0.9628850900447938
80778250,1954,657,1393,13,0,80778250,0.9628850900447938
80788206,2005,677,1373,13,0,80788206,0.9628850900447938
80799120,2050,697,1376,13,0,80799120,0.9628850900447938
80811113,2065,698,1392,13,0,80811113,0.9628850900447938
80820423,2038,697,1377,13,0,80820423,0.9628850900447938
80833484,2059,678,1342,13,0,80833484,0.9628850900447938
80842977,2078,658,1386,13,0,80842977,0.9628850900447938
80853520,2084,675,1353,13,0,80853520,0.9628850900447938
80864003,2107,657,1400,13,0,80864003,0.9628850900447938
80875696,2081,664,1405,13,0,80875696,0.9628850900447938
80884393,2105,661,1372,13,0,80884393,0.9628850900447938
80895103,2105,671,1384,13,0,80895103,0.9628850900447938
80904243,2112,646,1328,13,0,80904243,0.9628850900447938
80916919,2096,657,1301,13,0,80916919,0.9628850900447938
80929707,2102,629,1307,13,0,80929707,0.9628850900447938
80942217,2055,602,1349,13,0,80942217,0.9628850900447938
80954497,2087,595,1291,13,0,80954497,0.9628850900447938
80966006,2096,606,1340,13,0,80966006,0.9628850900447938
80975907,2089,620,1333,13,0,80975907,0.9628850900447938
80986100,2101,613,1320,13,0,80986100,0.9628850900447938
80996994,2098,614,1348,13,0,80996994,0.9628850900447938
81010833,2125,636,1334,13,0,81010833,0.9628850900447938
81020661,2174,680,1355,13,0,81020661,0.9628850900447938
81034110,2162,677,1391,13,0,81034110,0.9628850900447938
81043761,2169,674,1323,13,0,81043761,0.9628850900447938
81058074,2168,670,1362,13,0,81058074,0.9628850900447938
81067637,2161,658,1324,13,0,81067637,0.9628850900447938
81078233,2124,641,1363,13,0,81078233,0.9628850900447938
81088521,2145,657,1341,13,0,81088521,0.9628850900447938
81099615,2153,670,1352,13,0,81099615,0.9628850900447938
81112143,2148,684,1347,13,0,81112143,0.9628850900447938
81122377,2157,684,1331,13,0,81122377,0.9628850900447938
81132742,2136,672,1362,13,0,81132742,0.9628850900447938
81142271,2126,684,1322,13,0,81142271,0.9628850900447938
81152053,2184,650,1357,13,0,81152053,0.9628850900447938
81162294,2184,674,1330,13,0,81162294,0.9628850900447938
81171048,2107,659,1292,13,0,81171048,0.9628850900447938
81181724,2141,657,1307,13,0,81181724,0.9628850900447938
81191839,2163,666,1322,13,0,81191839,0.9628850900447938
81206779,2140,653,1356,13,0,81206779,0.9628850900447938
81216888,2150,656,1346,13,0,81216888,0.9628850900447938
81227150,2139,660,1363,13,0,81227150,0.9628850900447938
81238089,2114,664,1357,13,0,81238089,0.9628850900447938
81248843,2142,673,1346,13,0,81248843,0.9628850900447938
81259584,2133,679,1386,13,0,81259584,0.9628850900447938
81270555,2127,697,1356,13,0,81270555,0.9628850900447938
81279806,2142,705,1341,13,0,81279806,0.9628850900447938
81291832,2127,669,1318,13,0,81291832,0.9628850900447938
81301273,2133,666,1492,13,0,81301273,0.9628850900447938
81310880,2139,667,1357,13,0,81310880,0.9628850900447938
81322158,2132,666,1292,13,0,81322158,0.9628850900447938
81332691,2110,673,1469,13,0,81332691,0.9628850900447938
81342388,2123,683,1317,13,0,81342388,0.9628850900447938
81353659,2117,670,1322,13,0,81353659,0.9628850900447938
81363839,2129,671,1349,13,0,81363839,0.9628850900447938
81376787,2136,653,1506,13,0,81376787,0.9628850900447938
81387825,2110,616,1298,13,0,81387825,0.9628850900447938
81398625,2105,602,1283,13,0,81398625,0.9628850900447938
81407649,2098,565,1317,13,0,81407649,0.9628850900447938
81418916,2125,645,1276,13,0,81418916,0.9628850900447938
81428124,2112,645,1301,13,0,81428124,0.9628850900447938
81439220,2088,651,1291,13,0,81439220,0.9628850900447938
81449847,2053,655,1308,13,0,81449847,0.9628850900447938
81459383,2067,690,1353,13,0,81459383,0.9628850900447938
81468748,2034,698,1326,13,0,81468748,0.9628850900447938
81478531,2059,703,1313,13,0,81478531,0.9628850900447938
81487463,2041,692,1321,13,0,81487463,0.9628850900447938
81498174,2072,710,1355,13,0,81498174,0.9628850900447938
81507459,2004,677,1334,13,0,81507459,0.9628850900447938
81519920,2023,696,1316,13,0,81519920,0.9628850900447938
81529844,2021,667,1291,13,0,81529844,0.9628850900447938
81540217,2082,706,1337,13,0,81540217,0.9628850900447938
81551160,2070,718,1329,13,0,81551160,0.9628850900447938
81563890,2074,708,1319,13,0,81563890,0.9628850900447938
81575116,2041,715,1328,13,0,81575116,0.9628850900447938
81586036,2025,701,1340,13,0,81586036,0.9628850900447938
81596773,1976,679,1298,13,0,81596773,0.9628850900447938
81607280,2001,686,1315,13,0,81607280,0.9628850900447938
81616487,2057,680,1344,13,0,81616487,0.9628850900447938
81626805,2057,649,1331,13,0,81626805,0.9628850900447938
81640607,2034,678,1343,13,0,81640607,0.9628850900447938
81651421,2041,671,1362,13,0,81651421,0.9628850900447938
81663318,1996,689,1354,13,0,81663318,0.9628850900447938
81674574,1995,686,1325,13,0,81674574,0.9628850900447938
81686630,2018,691,1366,13,0,81686630,0.9628850900447938
81696379,2035,672,1283,13,0,81696379,0.9628850900447938
81705498,2032,642,1355,13,0,81705498,0.9628850900447938
81716086,2033,659,1353,13,0,81716086,0.9628850900447938
81725385,2043,655,1332,13,0,81725385,0.9628850900447938
81744800,2062,661,1354,13,0,81744800,0.9628850900447938
81756578,2057,685,1345,13,0,81756578,0.9628850900447938
81769276,2056,699,1410,13,0,81769276,0.9628850900447938
81779179,2013,666,1397,13,0,81779179,0.9628850900447938
81787907,2067,685,1354,13,0,81787907,0.9628850900447938
81798111,2051,671,1350,13,0,81798111,0.9628850900447938
81807929,2038,677,1380,13,0,81807929,0.9628850900447938
81818309,2029,644,1364,13,0,81818309,0.9628850900447938
81830260,2017,661,1366,13,0,81830260,0.9628850900447938
81840470,2023,702,1360,13,0,81840470,0.9628850900447938
81849903,2084,734,1378,13,0,81849903,0.9628850900447938
81860883,2077,736,1386,13,0,81860883,0.9628850900447938
81871021,2040,708,1368,13,0,81871021,0.9628850900447938
81881201,2006,693,1314,13,0,81881201,0.9628850900447938
81892158,2005,684,1296,13,0,81892158,0.9628850900447938
81901069,1983,673,1327,13,0,81901069,0.9628850900447938
81911044,2157,635,1331,13,0,81911044,0.9628850900447938
81921635,2033,659,1326,13,0,81921635,0.9628850900447938
81931170,2010,637,1300,13,0,81931170,0.9628850900447938
81942573,2033,683,1355,13,0,81942573,0.9628850900447938
81955670,1996,657,1344,13,0,81955670,0.9628850900447938
81967813,2016,678,1294,13,0,81967813,0.9628850900447938
81980620,2005,685,1373,13,0,81980620,0.9628850900447938
81991171,2034,682,1370,13,0,81991171,0.9628850900447938
82002336,2059,690,1368,13,0,82002336,0.9628850900447938
82012866,2013,678,1353,13,0,82012866,0.9628850900447938
82022543,1988,683,1323,13,0,82022543,0.9628850900447938
82031683,1982,689,1317,13,0,82031683,0.9628850900447938
82040823,2026,698,1374,13,0,82040823,0.9628850900447938
82052792,2031,714,1372,13,0,82052792,0.9628850900447938
82061959,2020,705,1341,13,0,82061959,0.9628850900447938
82072079,1997,724,1341,13,0,82072079,0.9628850900447938
82081724,2028,722,1319,13,0,82081724,0.9628850900447938
82094932,2019,716,1304,13,0,82094932,0.9628850900447938
82104542,2024,729,1339,13,0,82104542,0.9628850900447938
82113311,2033,722,1340,13,0,82113311,0.9628850900447938
82131846,1976,678,1316,13,0,82131846,0.9628850900447938
82141290,1975,693,1329,13,0,82141290,0.9628850900447938
82151438,1990,688,1319,13,0,82151438,0.9628850900447938
82162178,2014,683,1363,13,0,82162178,0.9628850900447938
82171931,1995,696,1329,13,0,82171931,0.9628850900447938
82182014,2006,693,1344,13,0,82182014,0.9628850900447938
82191308,2006,720,1342,13,0,82191308,0.9628850900447938
82204506,2028,716,1381,13,0,82204506,0.9628850900447938
82215746,2020,699,1363,13,0,82215746,0.9628850900447938
82224896,2060,699,1339,13,0,82224896,0.9628850900447938
82235582,1928,1,1040,13,0,82235582,0.9628850900447938
82247147,2011,667,1307,13,0,82247147,0.9628850900447938
82257630,2029,697,1397,13,0,82257630,0.9628850900447938
82267479,2049,712,1365,13,0,82267479,0.9628850900447938
82278365,2053,706,1359,13,0,82278365,0.9628850900447938
82288500,2043,712,1438,13,0,82288500,0.9628850900447938
82299419,2039,667,1378,13,0,82299419,0.9628850900447938
82308852,2024,660,1056,13,0,82308852,0.9628850900447938
82318339,2067,683,1364,13,0,82318339,0.9628850900447938
82328755,2081,669,1329,13,0,82328755,0.9628850900447938
82337767,2079,707,1371,13,0,82337767,0.9628850900447938
82346909,2016,674,1354,13,0,82346909,0.9628850900447938
82358249,2010,659,1332,13,0,82358249,0.9628850900447938
82368348,2031,694,1332,13,0,82368348,0.9628850900447938
82383463,1972,661,1367,13,0,82383463,0.9628850900447938
82393435,2000,678,1299,13,0,82393435,0.9628850900447938
82402981,2034,681,1319,13,0,82402981,0.9628850900447938
82413861,2054,685,1342,13,0,82413861,0.9628850900447938
82423134,2054,689,1341,13,0,82423134,0.9628850900447938
82435718,2059,689,1361,13,0,82435718,0.9628850900447938
82446404,2054,684,1315,13,0,82446404,0.9628850900447938
82456665,2012,701,1366,13,0,82456665,0.9628850900447938
82466583,2061,710,1369,13,0,82466583,0.9628850900447938
82475740,2074,716,1358,13,0,82475740,0.9628850900447938
82489261,2060,709,1379,13,0,82489261,0.9628850900447938
82499917,2089,725,1393,13,0,82499917,0.9628850900447938
82511076,2082,747,1398,13,0,82511076,0.9628850900447938
82522188,2062,712,1382,13,0,82522188,0.9628850900447938
82531151,2033,683,1336,13,0,82531151,0.9628850900447938
82540532,2073,678,1349,13,0,82540532,0.9628850900447938
82552450,2062,641,1327,13,0,82552450,0.9628850900447938
82565160,2075,673,1374,13,0,82565160,0.9628850900447938
82575431,2058,657,1348,13,0,82575431,0.9628850900447938
82585174,2065,675,1333,13,0,82585174,0.9628850900447938
67387904,0,0,0,14,0,67387904,0.9550233110887649
82603844,2070,692,1363,14,0,82603844,0.9550233110887649
82615031,2059,682,1365,14,0,82615031,0.9550233110887649
82624702,2066,714,1378,14,0,82624702,0.9550233110887649
82633885,2032,714,1356,14,0,82633885,0.9550233110887649
82643640,2049,704,1352,14,0,82643640,0.9550233110887649
82653263,2022,685,1316,14,0,82653263,0.9550233110887649
82666151,2056,693,1358,14,0,82666151,0.9550233110887649
82678090,2058,680,1374,14,0,82678090,0.9550233110887649
82688802,2069,673,1395,14,0,82688802,0.9550233110887649
82699239,2081,682,1355,14,0,82699239,0.9550233110887649
82708887,2083,708,1387,14,0,82708887,0.9550233110887649
82723817,2114,691,1390,14,0,82723817,0.9550233110887649
82736215,2117,689,1394,14,0,82736215,0.9550233110887649
82746726,2146,696,1374,14,0,82746726,0.9550233110887649
82757052,2083,658,1371,14,0,82757052,0.9550233110887649
82767271,2107,663,1406,14,0,82767271,0.9550233110887649
82780483,2114,674,1357,14,0,82780483,0.9550233110887649
82791860,2105,650,1357,14,0,82791860,0.9550233110887649
82802747,2118,689,1388,14,0,82802747,0.9550233110887649
82811891,2108,687,1328,14,0,82811891,0.9550233110887649
82822013,2129,691,1364,14,0,82822013,0.9550233110887649
82831450,2118,675,1362,14,0,82831450,0.9550233110887649
82841239,2115,675,1379,14,0,82841239,0.9550233110887649
82851337,2124,694,1352,14,0,82851337,0.9550233110887649
82860554,2083,696,1351,14,0,82860554,0.9550233110887649
82872490,2081,690,1281,14,0,82872490,0.9550233110887649
82883202,2116,666,1327,14,0,82883202,0.9550233110887649
82893622,2123,673,1280,14,0,82893622,0.9550233110887649
82905345,2136,690,1341,14,0,82905345,0.9550233110887649
82915577,2144,702,1370,14,0,82915577,0.9550233110887649
82925489,2153,678,1317,14,0,82925489,0.9550233110887649
82933827,2121,709,1377,14,0,82933827,0.9550233110887649
82945337,2120,720,1378,14,0,82945337,0.9550233110887649
82957000,2099,715,1357,14,0,82957000,0.9550233110887649
82965715,2112,726,1368,14,0,82965715,0.9550233110887649
82974655,2106,690,1322,14,0,82974655,0.9550233110887649
82983842,2112,682,1315,14,0,82983842,0.9550233110887649
82997215,2122,674,1312,14,0,82997215,0.9550233110887649
83008022,2128,657,1344,14,0,83008022,0.9550233110887649
83031723,2120,693,1334,14,0,83031723,0.9550233110887649
83041459,2069,669,1337,14,0,83041459,0.9550233110887649
83052497,2093,694,1334,14,0,83052497,0.9550233110887649
83061890,2101,682,1327,14,0,83061890,0.9550233110887649
83073449,2086,681,1310,14,0,83073449,0.9550233110887649
83084173,2131,694,1314,14,0,83084173,0.9550233110887649
83094845,2124,682,1387,14,0,83094845,0.9550233110887649
83104892,2114,698,1329,14,0,83104892,0.9550233110887649
83115132,2116,685,1336,14,0,83115132,0.9550233110887649
83125658,2088,669,1411,14,0,83125658,0.9550233110887649
83135717,2088,664,1310,14,0,83135717,0.9550233110887649
83147523,2104,667,1304,14,0,83147523,0.9550233110887649
83159607,2094,642,1501,14,0,83159607,0.9550233110887649
83170958,2100,637,1302,14,0,83170958,0.9550233110887649
83180940,2102,654,1304,14,0,83180940,0.9550233110887649
83190241,2125,651,1328,14,0,83190241,0.9550233110887649
83200772,2132,667,1317,14,0,83200772,0.9550233110887649
83216544,2097,676,1334,14,0,83216544,0.9550233110887649
83226365,2124,666,1344,14,0,83226365,0.9550233110887649
83237210,2120,670,1296,14,0,83237210,0.9550233110887649
83247106,2121,668,1384,14,0,83247106,0.9550233110887649
83256972,2097,653,1336,14,0,83256972,0.9550233110887649
83267704,2100,652,1297,14,0,83267704,0.9550233110887649
83271756,19,0,1104,14,0,83271756,0.9550233110887649
83285992,2098,656,1288,14,0,83285992,0.9550233110887649
83299383,2104,641,1283,14,0,83299383,0.9550233110887649
83310400,2149,650,1297,14,0,83310400,0.9550233110887649
83319891,2127,657,1350,14,0,83319891,0.9550233110887649
83329662,2101,657,1305,14,0,83329662,0.9550233110887649
83344816,2129,664,1340,14,0,83344816,0.9550233110887649
83356441,2114,646,1366,14,0,83356441,0.9550233110887649
83366347,2118,662,1294,14,0,83366347,0.9550233110887649
83377652,2112,642,1349,14,0,83377652,0.9550233110887649
83388211,2102,641,1523,14,0,83388211,0.9550233110887649
83396960,2048,622,1235,14,0,83396960,0.9550233110887649
83410020,2070,614,1284,14,0,83410020,0.9550233110887649
83421170,2056,634,1338,14,0,83421170,0.9550233110887649
83431490,2031,651,1238,14,0,83431490,0.9550233110887649
83440471,2065,659,1534,14,0,83440471,0.9550233110887649
83450568,2083,674,1517,14,0,83450568,0.9550233110887649
83463846,2040,660,1312,14,0,83463846,0.9550233110887649
83472831,2069,636,1305,14,0,83472831,0.9550233110887649
83482118,2039,660,1328,14,0,83482118,0.9550233110887649
83491400,1997,664,1326,14,0,83491400,0.9550233110887649
83501017,2044,661,1284,14,0,83501017,0.9550233110887649
83513226,2022,642,1285,14,0,83513226,0.9550233110887649
83522490,2030,664,1531,14,0,83522490,0.9550233110887649
83532072,2052,662,1325,14,0,83532072,0.9550233110887649
83541826,2037,656,1342,14,0,83541826,0.9550233110887649
83551906,2014,666,1327,14,0,83551906,0.9550233110887649
83566434,2058,681,1321,14,0,83566434,0.9550233110887649
83576557,2033,686,1329,14,0,83576557,0.9550233110887649
83587014,2020,680,1322,14,0,83587014,0.9550233110887649
83599128,2019,683,1360,14,0,83599128,0.9550233110887649
83611592,2006,653,1305,14,0,83611592,0.9550233110887649
83622305,2020,626,1340,14,0,83622305,0.9550233110887649
83635409,2030,662,1293,14,0,83635409,0.9550233110887649
83645771,2029,670,1369,14,0,83645771,0.9550233110887649
83655624,2017,690,1328,14,0,83655624,0.9550233110887649
83666237,2011,694,1323,14,0,83666237,0.9550233110887649
83677482,1989,725,1358,14,0,83677482,0.9550233110887649
83686976,2008,728,1357,14,0,83686976,0.9550233110887649
83695570,1966,694,1356,14,0,83695570,0.9550233110887649
83704638,2008,709,1360,14,0,83704638,0.9550233110887649
83717874,1987,720,1356,14,0,83717874,0.9550233110887649
83732072,1971,704,1378,14,0,83732072,0.9550233110887649
83743074,1958,690,1373,14,0,83743074,0.9550233110887649
83757366,2026,706,1347,14,0,83757366,0.9550233110887649
83763970,1841,48,1066,14,0,83763970,0.9550233110887649
83777874,1978,707,1357,14,0,83777874,0.9550233110887649
83787249,1996,714,1389,14,0,83787249,0.9550233110887649
83797971,2000,724,1379,14,0,83797971,0.9550233110887649
83807763,1961,720,1339,14,0,83807763,0.9550233110887649
83819569,1975,718,1331,14,0,83819569,0.9550233110887649
83842641,1976,686,1360,15,0,83842641,0.9264100923301947
83853007,1974,709,1321,15,0,83853007,0.9264100923301947
83865142,1981,725,1373,15,0,83865142,0.9264100923301947
83876020,1963,732,1360,15,0,83876020,0.9264100923301947
83885784,1934,736,1337,15,0,83885784,0.9264100923301947
83897347,1952,731,1334,15,0,83897347,0.9264100923301947
83906257,1963,723,1329,15,0,83906257,0.9264100923301947
83918772,1972,718,1387,15,0,83918772,0.9264100923301947
83928542,1961,725,1347,15,0,83928542,0.9264100923301947
83941124,1963,731,1341,15,0,83941124,0.9264100923301947
83951182,1945,716,1353,15,0,83951182,0.9264100923301947
83961369,1965,722,1352,15,0,83961369,0.9264100923301947
83970463,1958,701,1371,15,0,83970463,0.9264100923301947
83982891,1945,728,1332,15,0,83982891,0.9264100923301947
83993462,1944,700,1331,15,0,83993462,0.9264100923301947
84005038,1953,705,1361,15,0,84005038,0.9264100923301947
84018298,1929,724,1355,15,0,84018298,0.9264100923301947
84027527,1963,733,1339,15,0,84027527,0.9264100923301947
84036905,1990,724,1387,15,0,84036905,0.9264100923301947
84046690,1977,715,1370,15,0,84046690,0.9264100923301947
84055447,1970,694,1362,15,0,84055447,0.9264100923301947
84066978,1982,700,1371,15,0,84066978,0.9264100923301947
84076185,1972,713,1328,15,0,84076185,0.9264100923301947
84085643,1991,709,1368,15,0,84085643,0.9264100923301947
84095420,1995,715,1361,15,0,84095420,0.9264100923301947
84107247,1989,693,1358,15,0,84107247,0.9264100923301947
84115837,1995,686,1403,15,0,84115837,0.9264100923301947
84125399,1990,720,1460,15,0,84125399,0.9264100923301947
84139308,1992,741,1418,15,0,84139308,0.9264100923301947
84148177,2009,748,1408,15,0,84148177,0.9264100923301947
84156911,2027,745,1422,15,0,84156911,0.9264100923301947
84168878,2027,735,1399,15,0,84168878,0.9264100923301947
84180010,2058,743,1412,15,0,84180010,0.9264100923301947
84189193,2060,748,1411,15,0,84189193,0.9264100923301947
84212341,2055,748,1414,15,0,84212341,0.9264100923301947
84225678,2066,742,1441,15,0,84225678,0.9264100923301947
84234288,2020,724,1385,15,0,84234288,0.9264100923301947
84244219,2040,716,1372,15,0,84244219,0.9264100923301947
84255321,2034,707,1412,15,0,84255321,0.9264100923301947
84266976,2057,697,1414,15,0,84266976,0.9264100923301947
84275273,2005,684,1416,15,0,84275273,0.9264100923301947
84284348,2026,703,1390,15,0,84284348,0.9264100923301947
84294299,2050,707,1355,15,0,84294299,0.9264100923301947
84306996,2062,690,1385,15,0,84306996,0.9264100923301947
84319149,2068,709,1346,15,0,84319149,0.9264100923301947
84329593,2057,693,1347,15,0,84329593,0.9264100923301947
84338537,2090,746,1356,15,0,84338537,0.9264100923301947
84348971,2106,713,1365,15,0,84348971,0.9264100923301947
84358989,2105,714,1352,15,0,84358989,0.9264100923301947
84369123,2097,713,1388,15,0,84369123,0.9264100923301947
84392345,2114,704,1381,16,0,84392345,0.9989487156047171
84405828,2097,691,1329,16,0,84405828,0.9989487156047171
84415750,2054,697,1350,16,0,84415750,0.9989487156047171
84425082,2078,674,1426,16,0,84425082,0.9989487156047171
84437239,2067,688,1361,16,0,84437239,0.9989487156047171
84445782,2096,676,1357,16,0,84445782,0.9989487156047171
84458381,2104,667,1333,16,0,84458381,0.9989487156047171
84468759,2118,684,1360,16,0,84468759,0.9989487156047171
84479317,2127,681,1396,16,0,84479317,0.9989487156047171
84490103,2123,705,1395,16,0,84490103,0.9989487156047171
84501587,2118,688,1374,16,0,84501587,0.9989487156047171
84511339,2118,699,1364,16,0,84511339,0.9989487156047171
84522818,2102,676,1381,16,0,84522818,0.9989487156047171
84533389,2074,667,1361,16,0,84533389,0.9989487156047171
84542575,2097,693,1340,16,0,84542575,0.9989487156047171
84552518,2080,710,1376,16,0,84552518,0.9989487156047171
84563583,2085,693,1349,16,0,84563583,0.9989487156047171
84574484,2080,698,1388,16,0,84574484,0.9989487156047171
84584802,2092,710,1371,16,0,84584802,0.9989487156047171
84593961,2083,693,1371,16,0,84593961,0.9989487156047171
84603187,2069,697,1322,16,0,84603187,0.9989487156047171
84615054,2069,692,1355,16,0,84615054,0.9989487156047171
84628479,2068,659,1350,16,0,84628479,0.9989487156047171
84637009,2141,676,1333,16,0,84637009,0.9989487156047171
84649441,2106,681,1365,16,0,84649441,0.9989487156047171
84659624,2105,691,1366,16,0,84659624,0.9989487156047171
84672383,2107,670,1368,16,0,84672383,0.9989487156047171
84682826,2089,652,1333,16,0,84682826,0.9989487156047171
84694345,2093,663,1349,16,0,84694345,0.9989487156047171
84705299,2123,660,1315,16,0,84705299,0.9989487156047171
84716943,2101,686,1321,16,0,84716943,0.9989487156047171
84729253,2130,678,1333,16,0,84729253,0.9989487156047171
84740260,2114,679,1396,16,0,84740260,0.9989487156047171
84751308,2128,702,1376,16,0,84751308,0.9989487156047171
84762424,2100,686,1342,16,0,84762424,0.9989487156047171
84774126,2112,700,1309,16,0,84774126,0.9989487156047171
84785397,2100,690,1329,16,0,84785397,0.9989487156047171
84797216,2081,680,1323,16,0,84797216,0.9989487156047171
84805184,4,648,1292,16,0,84805184,0.9989487156047171
84819332,2116,684,1394,16,0,84819332,0.9989487156047171
84830864,2131,662,1343,16,0,84830864,0.9989487156047171
84857503,2117,667,1335,16,0,84857503,0.9989487156047171
84869843,2123,648,1308,16,0,84869843,0.9989487156047171
84879596,2148,650,1360,16,0,84879596,0.9989487156047171
84890313,2138,675,1348,16,0,84890313,0.9989487156047171
84901026,2120,665,1324,16,0,84901026,0.9989487156047171
84911643,2130,665,1341,16,0,84911643,0.9989487156047171
84924086,2110,665,1303,16,0,84924086,0.9989487156047171
84933583,2118,668,1385,16,0,84933583,0.9989487156047171
84943340,2107,669,1358,16,0,84943340,0.9989487156047171
84953523,2138,672,1340,16,0,84953523,0.9989487156047171
84965097,2144,690,1376,16,0,84965097,0.9989487156047171
84973416,2132,662,1376,16,0,84973416,0.9989487156047171
84982626,2088,672,1348,16,0,84982626,0.9989487156047171
84992892,2083,675,1308,16,0,84992892,0.9989487156047171
85003230,2110,673,1305,16,0,85003230,0.9989487156047171
85015390,2098,694,1317,16,0,85015390,0.9989487156047171
85026587,2102,674,1333,16,0,85026587,0.9989487156047171
85035347,2108,665,1530,16,0,85035347,0.9989487156047171
85046653,2077,657,1284,16,0,85046653,0.9989487156047171
85058745,2111,661,1332,16,0,85058745,0.9989487156047171
85082255,2133,658,1361,17,0,85082255,1.01279824481214
85096347,2137,664,1356,17,0,85096347,1.01279824481214
85107846,2149,662,1518,17,0,85107846,1.01279824481214
85121205,2121,664,1379,17,0,85121205,1.01279824481214
85065792,46,648,1041,17,0,85065792,1.01279824481214
85144525,2139,662,1349,17,0,85144525,1.01279824481214
85158800,2129,682,1355,17,0,85158800,1.01279824481214
85171305,2147,677,1375,17,0,85171305,1.01279824481214
85182460,2129,669,1370,17,0,85182460,1.01279824481214
85192069,2102,637,1354,17,0,85192069,1.01279824481214
85200607,2099,640,1332,17,0,85200607,1.01279824481214
85209179,2146,658,1349,17,0,85209179,1.01279824481214
85222806,2134,668,1321,17,0,85222806,1.01279824481214
85233885,2118,670,1342,17,0,85233885,1.01279824481214
85245989,2140,669,1323,17,0,85245989,1.01279824481214
85267583,2144,654,1347,17,0,85267583,1.01279824481214
85280757,2154,661,1353,17,0,85280757,1.01279824481214
85290941,2140,658,1356,17,0,85290941,1.01279824481214
85306557,2149,652,1366,17,0,85306557,1.01279824481214
85316178,2145,653,1372,17,0,85316178,1.01279824481214
85326276,2136,631,1322,17,0,85326276,1.01279824481214
85337600,2104,641,1360,17,0,85337600,1.01279824481214
85348166,2123,665,1345,17,0,85348166,1.01279824481214
85359421,2145,665,1302,17,0,85359421,1.01279824481214
85370063,2137,667,1424,17,0,85370063,1.01279824481214
85380512,2156,682,1398,17,0,85380512,1.01279824481214
85390764,2133,671,1366,17,0,85390764,1.01279824481214
85393794,2,651,1026,17,0,85393794,1.01279824481214
85413832,2128,652,1485,17,0,85413832,1.01279824481214
85424032,2090,650,1318,17,0,85424032,1.01279824481214
85427349,17,670,1096,17,0,85427349,1.01279824481214
85446347,2122,688,1356,17,0,85446347,1.01279824481214
85458362,2136,685,1323,17,0,85458362,1.01279824481214
85469109,2152,675,1372,17,0,85469109,1.01279824481214
85497456,2112,662,1326,17,0,85497456,1.01279824481214
85509174,2120,682,1319,17,0,85509174,1.01279824481214
85518423,2132,694,1345,17,0,85518423,1.01279824481214
85528715,2133,704,1384,17,0,85528715,1.01279824481214
85542878,2089,672,1317,17,0,85542878,1.01279824481214
85552412,2097,654,1312,17,0,85552412,1.01279824481214
85564492,2090,645,1284,17,0,85564492,1.01279824481214
85575783,2092,627,1321,17,0,85575783,1.01279824481214
85584006,16,577,1029,17,0,85584006,1.01279824481214
85595651,2117,657,1346,17,0,85595651,1.01279824481214
85606596,2152,692,1304,17,0,85606596,1.01279824481214
85616251,2107,699,1321,17,0,85616251,1.01279824481214
85642799,2101,682,1320,18,0,85642799,1.0130724929152572
85653183,2107,705,1368,18,0,85653183,1.0130724929152572
85665220,2085,680,1360,18,0,85665220,1.0130724929152572
85674329,2076,684,1307,18,0,85674329,1.0130724929152572
85688257,2069,660,1331,18,0,85688257,1.0130724929152572
85701197,2057,681,1316,18,0,85701197,1.0130724929152572
85713242,1962,677,1328,18,0,85713242,1.0130724929152572
85724572,2062,675,1307,18,0,85724572,1.0130724929152572
85734854,2081,661,1302,18,0,85734854,1.0130724929152572
85747980,2107,669,1297,18,0,85747980,1.0130724929152572
85761099,2077,650,1313,18,0,85761099,1.0130724929152572
85771264,2101,652,1315,18,0,85771264,1.0130724929152572
85782132,2083,643,1319,18,0,85782132,1.0130724929152572
85792267,2057,661,1314,18,0,85792267,1.0130724929152572
85803349,2066,658,1334,18,0,85803349,1.0130724929152572
85804081,4,0,1289,18,0,85804081,1.0130724929152572
85824381,2056,657,1289,18,0,85824381,1.0130724929152572
85834881,2056,688,1299,18,0,85834881,1.0130724929152572
85844669,2034,665,1290,18,0,85844669,1.0130724929152572
85854180,2025,652,1322,18,0,85854180,1.0130724929152572
85866499,2032,669,1315,18,0,85866499,1.0130724929152572
85876821,2022,696,1310,18,0,85876821,1.0130724929152572
85886598,2038,667,1342,18,0,85886598,1.0130724929152572
85901018,2020,681,1328,18,0,85901018,1.0130724929152572
85909305,2027,715,1349,18,0,85909305,1.0130724929152572
85920004,2009,701,1338,18,0,85920004,1.0130724929152572
85945019,1992,682,1339,18,0,85945019,1.0130724929152572
85959443,1992,695,1340,18,0,85959443,1.0130724929152572
85983000,1980,687,1338,18,0,85983000,1.0130724929152572
85994834,1972,686,1354,18,0,85994834,1.0130724929152572
86000292,1798,49,1067,18,0,86000292,1.0130724929152572
86015731,1996,697,1329,18,0,86015731,1.0130724929152572
86026948,2014,688,1346,18,0,86026948,1.0130724929152572
86035910,2004,699,1353,18,0,86035910,1.0130724929152572
86063001,1994,715,1368,18,0,86063001,1.0130724929152572
86077066,1984,709,1362,18,0,86077066,1.0130724929152572
86093079,1910,710,1333,18,0,86093079,1.0130724929152572
86112649,1938,690,1364,18,0,86112649,1.0130724929152572
86150722,1792,141,1282,18,0,86150722,1.0130724929152572
86185160,1898,709,1363,18,0,86185160,1.0130724929152572
86181392,1794,132,1090,18,0,86181392,1.0130724929152572
86220937,1922,729,1394,18,0,86220937,1.0130724929152572
86230036,1824,129,1312,18,0,86230036,1.0130724929152572
86258219,1931,731,1405,18,0,86258219,1.0130724929152572
86246023,1824,160,1024,18,0,86246023,1.0130724929152572
86299215,1872,730,1384,19,0,86299215,1.117652436237316
86249536,1810,150,1032,19,0,86249536,1.117652436237316
86334674,1946,722,1382,19,0,86334674,1.117652436237316
86347507,1964,734,1458,19,0,86347507,1.117652436237316
86362425,1944,725,1371,19,0,86362425,1.117652436237316
86374651,1938,785,1401,19,0,86374651,1.117652436237316
86386533,1973,730,1394,19,0,86386533,1.117652436237316
86398089,1991,718,1394,19,0,86398089,1.117652436237316
86408198,1962,708,1514,19,0,86408198,1.117652436237316
86425664,1968,724,1432,19,0,86425664,1.117652436237316
86436193,1987,745,1409,19,0,86436193,1.117652436237316
86448606,1974,746,1481,19,0,86448606,1.117652436237316
86463646,1987,730,1424,19,0,86463646,1.117652436237316
86474499,2003,746,1429,19,0,86474499,1.117652436237316
86484421,2005,743,1299,19,0,86484421,1.117652436237316
86496298,2000,713,1415,19,0,86496298,1.117652436237316
86501761,1876,2,1064,19,0,86501761,1.117652436237316
86519069,2010,707,1436,19,0,86519069,1.117652436237316
86531034,2034,736,1405,19,0,86531034,1.117652436237316
86540832,1,32,1064,19,0,86540832,1.117652436237316
86553361,2048,736,1408,19,0,86553361,1.117652436237316
86568730,2060,732,1464,19,0,86568730,1.117652436237316
86577168,2057,708,1112,19,0,86577168,1.117652436237316
86599328,2061,710,1392,19,0,86599328,1.117652436237316
86614319,2123,714,1388,19,0,86614319,1.117652436237316
86628213,2105,716,1385,19,0,86628213,1.117652436237316
86641827,2086,681,1388,19,0,86641827,1.117652436237316
86654978,32,692,1312,19,0,86654978,1.117652436237316
86676481,2069,678,1404,19,0,86676481,1.117652436237316
86692928,0,640,1312,19,0,86692928,1.117652436237316
86704646,0,658,1026,19,0,86704646,1.117652436237316
86728580,2117,701,1411,19,0,86728580,1.117652436237316
86747351,2077,658,1358,19,0,86747351,1.117652436237316
86758463,2073,678,1329,19,0,86758463,1.117652436237316
86769744,0,640,1324,19,0,86769744,1.117652436237316
86799179,2096,660,1352,19,0,86799179,1.117652436237316
86806696,32,672,1089,19,0,86806696,1.117652436237316
86834137,2128,697,1370,19,0,86834137,1.117652436237316
86843051,2148,694,1443,19,0,86843051,1.117652436237316
86854990,2144,710,1388,19,0,86854990,1.117652436237316
86864582,2151,706,1389,19,0,86864582,1.117652436237316
86875751,2157,721,1360,19,0,86875751,1.117652436237316
86869268,0,652,1072,19,0,86869268,1.117652436237316
86895989,2140,710,1459,19,0,86895989,1.117652436237316
86906590,2157,705,1377,19,0,86906590,1.117652436237316
86916698,2161,685,1384,19,0,86916698,1.117652436237316
86936332,2133,683,1323,19,0,86936332,1.117652436237316
86955278,2148,697,1356,19,0,86955278,1.117652436237316
86995515,2193,704,1349,19,0,86995515,1.117652436237316
87014815,2197,654,1343,20,0,87014815,1.04817625011427
87026101,2160,682,1345,20,0,87026101,1.04817625011427
87032644,128,513,1044,20,0,87032644,1.04817625011427
87050277,2144,673,1317,20,0,87050277,1.04817625011427
87063652,2147,822,1387,20,0,87063652,1.04817625011427
87072849,160,520,1328,20,0,87072849,1.04817625011427
87108699,2192,629,1371,20,0,87108699,1.04817625011427
87127609,2158,615,1332,20,0,87127609,1.04817625011427
87139839,2163,627,1345,20,0,87139839,1.04817625011427
87146536,98,513,1296,20,0,87146536,1.04817625011427
87167533,2176,656,1352,20,0,87167533,1.04817625011427
87182981,2170,658,1325,20,0,87182981,1.04817625011427
87213412,2134,635,1316,20,0,87213412,1.04817625011427
87165313,112,515,1330,20,0,87165313,1.04817625011427
87260466,2146,662,1347,20,0,87260466,1.04817625011427
87287665,2049,651,1314,20,0,87287665,1.04817625011427
87299192,2105,631,1313,20,0,87299192,1.04817625011427
87308761,2089,612,1332,20,0,87308761,1.04817625011427
87318756,2093,632,1321,20,0,87318756,1.04817625011427
87336663,2078,658,1308,20,0,87336663,1.04817625011427
87353504,2041,656,1285,20,0,87353504,1.04817625011427
87364011,2042,664,1330,20,0,87364011,1.04817625011427
87374025,2055,654,1323,20,0,87374025,1.04817625011427
87396770,2037,674,1306,20,0,87396770,1.04817625011427
87411165,2027,681,1338,20,0,87411165,1.04817625011427
87428070,1972,692,1332,20,0,87428070,1.04817625011427
87438126,2010,738,1353,20,0,87438126,1.04817625011427
87425600,1832,67,1026,20,0,87425600,1.04817625011427
87474975,1941,734,1348,20,0,87474975,1.04817625011427
87486441,1913,717,1380,20,0,87486441,1.04817625011427
87508370,1889,724,1378,20,0,87508370,1.04817625011427
87518814,1872,724,1349,20,0,87518814,1.04817625011427
87528361,1908,712,1335,20,0,87528361,1.04817625011427
87538237,1917,729,1380,20,0,87538237,1.04817625011427
87548643,1889,756,1391,20,0,87548643,1.04817625011427
87560007,1878,742,1401,20,0,87560007,1.04817625011427
87593835,1862,751,1408,20,0,87593835,1.04817625011427
87589668,1586,192,1104,20,0,87589668,1.04817625011427
87616696,1858,781,1435,20,0,87616696,1.04817625011427
87628072,1871,772,1386,20,0,87628072,1.04817625011427
87639983,1893,781,1394,20,0,87639983,1.04817625011427
87651634,1875,764,1413,20,0,87651634,1.04817625011427
87663439,1897,762,1437,20,0,87663439,1.04817625011427
87698370,1858,731,1420,20,0,87698370,1.04817625011427
87693314,1632,1,1034,20,0,87693314,1.04817625011427
87751514,1877,738,1411,21,0,87751514,1.0093244355059878
87752899,1621,224,1136,21,0,87752899,1.0093244355059878
87771607,1863,722,1427,21,0,87771607,1.0093244355059878
87790707,1897,770,1395,21,0,87790707,1.0093244355059878
70909952,0,0,0,21,0,70909952,1.0093244355059878
87810218,1890,712,1400,21,0,87810218,1.0093244355059878
87822123,1874,739,1398,21,0,87822123,1.0093244355059878
87832427,1895,741,1410,21,0,87832427,1.0093244355059878
87843116,1889,737,1417,21,0,87843116,1.0093244355059878
87854563,1909,726,1367,21,0,87854563,1.0093244355059878
87864788,1923,724,1398,21,0,87864788,1.0093244355059878
87889790,1956,747,1387,21,0,87889790,1.0093244355059878
87901993,1963,751,1460,21,0,87901993,1.0093244355059878
87942465,1974,709,1440,21,0,87942465,1.0093244355059878
87957055,2005,706,1454,21,0,87957055,1.0093244355059878
87968287,2008,717,1451,21,0,87968287,1.0093244355059878
87978573,2018,722,1517,21,0,87978573,1.0093244355059878
88003001,1990,691,1386,21,0,88003001,1.0093244355059878
88015310,1996,693,1336,21,0,88015310,1.0093244355059878
88038458,1967,643,1389,21,0,88038458,1.0093244355059878
88052514,2022,667,1442,21,0,88052514,1.0093244355059878
88058241,1856,11,1092,21,0,88058241,1.0093244355059878
88074852,1985,682,1336,21,0,88074852,1.0093244355059878
88081217,1864,8,1024,21,0,88081217,1.0093244355059878
88080384,1844,49,1344,21,0,88080384,1.0093244355059878
88108259,2027,693,1371,21,0,88108259,1.0093244355059878
88118579,2049,714,1357,21,0,88118579,1.0093244355059878
88129182,2033,704,1321,21,0,88129182,1.0093244355059878
88157401,2011,687,1395,21,0,88157401,1.0093244355059878
88169834,2020,693,1368,21,0,88169834,1.0093244355059878
88179691,2014,698,1406,21,0,88179691,1.0093244355059878
88191418,2048,708,1362,21,0,88191418,1.0093244355059878
88201590,2034,701,1350,21,0,88201590,1.0093244355059878
88081440,0,0,0,21,0,88081440,1.0093244355059878
88224026,2067,660,1362,21,0,88224026,1.0093244355059878
88234704,2040,674,1365,21,0,88234704,1.0093244355059878
88211841,3,24,1344,21,0,88211841,1.0093244355059878
88255115,2079,677,1346,21,0,88255115,1.0093244355059878
88267167,2093,682,1393,21,0,88267167,1.0093244355059878
88278208,16,688,1281,21,0,88278208,1.0093244355059878
88296877,2065,675,1361,21,0,88296877,1.0093244355059878
88308392,2083,702,1383,21,0,88308392,1.0093244355059878
88310037,0,642,1347,21,0,88310037,1.0093244355059878
88331013,2093,712,1389,21,0,88331013,1.0093244355059878
88341525,2123,687,1410,21,0,88341525,1.0093244355059878
88352184,2112,708,1378,21,0,88352184,1.0093244355059878
88375631,2099,687,1376,22,0,88375631,0.937562848523631
88386404,2112,682,1380,22,0,88386404,0.937562848523631
88410654,2140,674,1370,22,0,88410654,0.937562848523631
88421704,2161,696,1318,22,0,88421704,0.937562848523631
88428192,64,643,1284,22,0,88428192,0.937562848523631
88445240,2128,670,1305,22,0,88445240,0.937562848523631
88455714,2123,673,1358,22,0,88455714,0.937562848523631
88458248,40,672,1285,22,0,88458248,0.937562848523631
88475973,2147,672,1355,22,0,88475973,0.937562848523631
88487123,2120,673,1315,22,0,88487123,0.937562848523631
88497922,2110,653,1306,22,0,88497922,0.937562848523631
88507773,2115,652,1292,22,0,88507773,0.937562848523631
88520766,2123,660,1304,22,0,88520766,0.937562848523631
88530534,2133,659,1333,22,0,88530534,0.937562848523631
88475696,8,646,1281,22,0,88475696,0.937562848523631
88552017,2099,637,1308,22,0,88552017,0.937562848523631
88561022,2141,642,1289,22,0,88561022,0.937562848523631
88572706,2131,662,1370,22,0,88572706,0.937562848523631
88602777,2077,676,1320,22,0,88602777,0.937562848523631
88606276,12,17,1028,22,0,88606276,0.937562848523631
88623402,2059,662,1514,22,0,88623402,0.937562848523631
88637259,2037,636,1293,22,0,88637259,0.937562848523631
88646374,1936,0,1288,22,0,88646374,0.937562848523631
88657096,2059,651,1321,22,0,88657096,0.937562848523631
88668300,2033,664,1312,22,0,88668300,0.937562848523631
88677382,2054,679,1535,22,0,88677382,0.937562848523631
88715395,2100,691,1352,22,0,88715395,0.937562848523631
88727085,2056,680,1391,22,0,88727085,0.937562848523631
88736814,2070,702,1346,22,0,88736814,0.937562848523631
88746001,2049,705,1341,22,0,88746001,0.937562848523631
88752390,10,657,1346,22,0,88752390,0.937562848523631
88769813,2025,677,1302,22,0,88769813,0.937562848523631
88779896,2032,674,1379,22,0,88779896,0.937562848523631
88790080,2072,669,1317,22,0,88790080,0.937562848523631
88802339,2056,675,1330,22,0,88802339,0.937562848523631
88812069,2074,646,1341,22,0,88812069,0.937562848523631
88835198,2067,685,1319,22,0,88835198,0.937562848523631
88842246,12,32,1056,22,0,88842246,0.937562848523631
88860360,2070,676,1355,22,0,88860360,0.937562848523631
88869989,2058,667,1347,22,0,88869989,0.937562848523631
88880245,2027,643,1336,22,0,88880245,0.937562848523631
88890001,2022,653,1322,22,0,88890001,0.937562848523631
88912917,2067,684,1434,22,0,88912917,0.937562848523631
88928834,2081,715,1353,23,0,88928834,1.0725843312917085
88953592,2032,709,1357,23,0,88953592,1.0725843312917085
88965812,2018,692,1357,23,0,88965812,1.0725843312917085
88975879,1999,673,1338,23,0,88975879,1.0725843312917085
88989326,2015,726,1333,23,0,88989326,1.0725843312917085
88999645,2058,687,1357,23,0,88999645,1.0725843312917085
89010212,2056,707,1371,23,0,89010212,1.0725843312917085
89025849,2024,715,1348,23,0,89025849,1.0725843312917085
89034826,1872,1,1358,23,0,89034826,1.0725843312917085
89050892,1995,726,1331,23,0,89050892,1.0725843312917085
89062517,1944,726,1348,23,0,89062517,1.0725843312917085
89065604,1792,65,1024,23,0,89065604,1.0725843312917085
89101466,1931,717,1372,23,0,89101466,1.0725843312917085
89114288,1964,742,1377,23,0,89114288,1.0725843312917085
89126836,1982,741,1381,23,0,89126836,1.0725843312917085
89139296,1923,722,1360,23,0,89139296,1.0725843312917085
89148574,1969,720,1356,23,0,89148574,1.0725843312917085
89162892,1937,740,1332,23,0,89162892,1.0725843312917085
89169932,1800,64,1025,23,0,89169932,1.0725843312917085
89184986,1960,725,1346,23,0,89184986,1.0725843312917085
89196136,1909,731,1354,23,0,89196136,1.0725843312917085
89204098,1800,99,1361,23,0,89204098,1.0725843312917085
89218797,1892,730,1366,23,0,89218797,1.0725843312917085
89228992,1884,722,1400,23,0,89228992,1.0725843312917085
89227313,1817,166,1345,23,0,89227313,1.0725843312917085
89256228,1906,731,1408,23,0,89256228,1.0725843312917085
89265976,1908,720,1416,23,0,89265976,1.0725843312917085
89260547,1816,128,1282,23,0,89260547,1.0725843312917085
89288381,1957,708,1438,23,0,89288381,1.0725843312917085
89300106,1977,723,1509,23,0,89300106,1.0725843312917085
89294848,1792,72,1282,23,0,89294848,1.0725843312917085
89322479,1952,708,1365,23,0,89322479,1.0725843312917085
89337078,2002,675,1380,23,0,89337078,1.0725843312917085
89363811,2054,718,1394,23,0,89363811,1.0725843312917085
89359749,1856,2,1361,23,0,89359749,1.0725843312917085
89385693,2069,748,1401,23,0,89385693,1.0725843312917085
89397426,2065,707,1415,23,0,89397426,1.0725843312917085
89407552,1905,32,1344,23,0,89407552,1.0725843312917085
89424906,2077,707,1385,23,0,89424906,1.0725843312917085
89438439,2052,717,1372,23,0,89438439,1.0725843312917085
89464243,2078,705,1384,23,0,89464243,1.0725843312917085
89473602,8,0,1348,23,0,89473602,1.0725843312917085
89490332,2073,712,1365,23,0,89490332,1.0725843312917085
89503321,2068,689,1324,23,0,89503321,1.0725843312917085
89527319,2089,644,1327,23,0,89527319,1.0725843312917085
89539936,2076,641,1346,24,0,89539936,1.1716336045342353
89550363,2080,649,1345,24,0,89550363,1.1716336045342353
89560869,2041,661,1362,24,0,89560869,1.1716336045342353
89573768,16,0,1300,24,0,89573768,1.1716336045342353
89595824,2073,672,1328,24,0,89595824,1.1716336045342353
89604273,2069,649,1307,24,0,89604273,1.1716336045342353
89631550,2085,657,1336,24,0,89631550,1.1716336045342353
89659777,2073,668,1352,24,0,89659777,1.1716336045342353
89673924,2076,672,1318,24,0,89673924,1.1716336045342353
89686763,2041,646,1524,24,0,89686763,1.1716336045342353
89699557,2073,629,1326,24,0,89699557,1.1716336045342353
89706496,11,1,1296,24,0,89706496,1.1716336045342353
89726132,2076,629,1347,24,0,89726132,1.1716336045342353
89737554,2097,641,1369,24,0,89737554,1.1716336045342353
89763984,2067,655,1525,24,0,89763984,1.1716336045342353
89791357,2102,682,1410,24,0,89791357,1.1716336045342353
89805094,2085,712,1378,24,0,89805094,1.1716336045342353
89818337,2042,673,1304,24,0,89818337,1.1716336045342353
89832002,2066,669,1338,24,0,89832002,1.1716336045342353
89833474,5,681,1368,24,0,89833474,1.1716336045342353
89851338,2089,682,1396,24,0,89851338,1.1716336045342353
89863486,2048,679,1361,24,0,89863486,1.1716336045342353
89866856,1,708,1128,24,0,89866856,1.1716336045342353
89887461,2115,713,1324,24,0,89887461,1.1716336045342353
89900863,2092,676,1389,24,0,89900863,1.1716336045342353
89914019,2161,726,1361,24,0,89914019,1.1716336045342353
89925283,2117,688,1338,24,0,89925283,1.1716336045342353
89931792,16,656,1040,24,0,89931792,1.1716336045342353
89953361,2109,705,1339,24,0,89953361,1.1716336045342353
89967830,2147,698,1377,24,0,89967830,1.1716336045342353
89979925,2123,697,1377,24,0,89979925,1.1716336045342353
89989360,2166,699,1371,24,0,89989360,1.1716336045342353
90002100,2145,686,1285,24,0,90002100,1.1716336045342353
90015943,2149,712,1362,24,0,90015943,1.1716336045342353
90026262,2096,692,1293,24,0,90026262,1.1716336045342353
90032484,72,657,1305,24,0,90032484,1.1716336045342353
90052634,2138,688,1532,24,0,90052634,1.1716336045342353
90063680,72,640,1026,24,0,90063680,1.1716336045342353
90080973,2118,665,1305,24,0,90080973,1.1716336045342353
90094329,2156,669,1355,24,0,90094329,1.1716336045342353
90123937,2154,675,1344,24,0,90123937,1.1716336045342353
90155028,2129,691,1534,24,0,90155028,1.1716336045342353
90165252,8,640,1375,24,0,90165252,1.1716336045342353
90189903,2041,613,1272,24,0,90189903,1.1716336045342353
90197043,32,736,1344,24,0,90197043,1.1716336045342353
90216644,2098,656,1317,24,0,90216644,1.1716336045342353
90227936,2063,660,1341,24,0,90227936,1.1716336045342353
90252531,2051,658,1523,25,0,90252531,1.1096992412469147
90262794,1856,9,1072,25,0,90262794,1.1096992412469147
90278890,2029,649,1320,25,0,90278890,1.1096992412469147
90292705,2026,649,1326,25,0,90292705,1.1096992412469147
90312464,2029,656,1318,25,0,90312464,1.1096992412469147
90326517,2056,675,1282,25,0,90326517,1.1096992412469147
90350980,2084,682,1324,25,0,90350980,1.1096992412469147
90361894,1936,641,1027,25,0,90361894,1.1096992412469147
90375805,2051,652,1325,25,0,90375805,1.1096992412469147
90387433,2045,654,1341,25,0,90387433,1.1096992412469147
90390595,1,657,1347,25,0,90390595,1.1096992412469147
90409384,2018,669,1309,25,0,90409384,1.1096992412469147
90418735,2038,703,1317,25,0,90418735,1.1096992412469147
90423660,1,644,1345,25,0,90423660,1.1096992412469147
90445267,2074,634,1325,25,0,90445267,1.1096992412469147
90455997,2099,640,1350,25,0,90455997,1.1096992412469147
90482027,2092,616,1301,25,0,90482027,1.1096992412469147
90493485,33,592,1072,25,0,90493485,1.1096992412469147
90508114,2061,648,1330,25,0,90508114,1.1096992412469147
90519784,2069,617,1300,25,0,90519784,1.1096992412469147
90551090,2065,625,1314,25,0,90551090,1.1096992412469147
90584067,2067,650,1366,25,0,90584067,1.1096992412469147
90610671,2027,658,1288,25,0,90610671,1.1096992412469147
90620928,1872,12,1312,25,0,90620928,1.1096992412469147
90637678,1953,640,1332,25,0,90637678,1.1096992412469147
90649538,2007,675,1320,25,0,90649538,1.1096992412469147
90652718,1860,0,1044,25,0,90652718,1.1096992412469147
90675912,1984,675,1326,25,0,90675912,1.1096992412469147
90686660,1982,630,1357,25,0,90686660,1.1096992412469147
90714485,1949,668,1342,25,0,90714485,1.1096992412469147
90741441,1971,720,1406,25,0,90741441,1.1096992412469147
90753580,1824,72,1384,25,0,90753580,1.1096992412469147
90770555,1972,734,1380,25,0,90770555,1.1096992412469147
90781847,1952,734,1384,25,0,90781847,1.1096992412469147
90804470,1907,680,1395,25,0,90804470,1.1096992412469147
90818614,1648,146,1289,25,0,90818614,1.1096992412469147
90836627,1860,713,1341,25,0,90836627,1.1096992412469147
90850942,1883,725,1370,25,0,90850942,1.1096992412469147
90862263,1875,731,1384,25,0,90862263,1.1096992412469147
90879034,1873,760,1388,25,0,90879034,1.1096992412469147
90914816,1545,228,1283,26,0,90914816,1.2094341347472346
90936777,1857,737,1427,26,0,90936777,1.2094341347472346
90946091,1853,706,1441,26,0,90946091,1.2094341347472346
90975823,1920,737,1515,26,0,90975823,1.2094341347472346
91003072,1924,744,1435,26,0,91003072,1.2094341347472346
91013260,1844,96,1280,26,0,91013260,1.2094341347472346
91026543,1914,725,1409,26,0,91026543,1.2094341347472346
91040836,1937,734,1433,26,0,91040836,1.2094341347472346
91071645,1957,680,1393,26,0,91071645,1.2094341347472346
91095364,1872,0,1056,26,0,91095364,1.2094341347472346
91139192,2051,761,1420,26,0,91139192,1.2094341347472346
91166076,2038,741,1405,26,0,91166076,1.2094341347472346
91160640,1872,56,1385,26,0,91160640,1.2094341347472346
91194739,2061,721,1360,26,0,91194739,1.2094341347472346
91193368,1897,65,1056,26,0,91193368,1.2094341347472346
91217483,2036,712,1386,26,0,91217483,1.2094341347472346
91228740,2034,725,1388,26,0,91228740,1.2094341347472346
91235093,1812,48,1392,26,0,91235093,1.2094341347472346
91251134,2017,680,1343,26,0,91251134,1.2094341347472346
91262141,2007,673,1366,26,0,91262141,1.2094341347472346
91269641,1856,16,1328,26,0,91269641,1.2094341347472346
91286939,2075,731,1331,26,0,91286939,1.2094341347472346
91297699,2037,691,1434,26,0,91297699,1.2094341347472346
91308688,2017,693,1366,26,0,91308688,1.2094341347472346
91319470,2037,691,1387,26,0,91319470,1.2094341347472346
91347821,2032,725,1392,26,0,91347821,1.2094341347472346
91361599,2043,710,1344,26,0,91361599,1.2094341347472346
91374829,2035,701,1414,26,0,91374829,1.2094341347472346
91388784,2023,715,1358,26,0,91388784,1.2094341347472346
91390976,1890,2,1378,26,0,91390976,1.2094341347472346
91414569,2024,709,1369,26,0,91414569,1.2094341347472346
91423872,1856,36,1346,26,0,91423872,1.2094341347472346
91450316,2002,656,1400,26,0,91450316,1.2094341347472346
91481733,2052,731,1404,26,0,91481733,1.2094341347472346
91504812,1922,0,1048,26,0,91504812,1.2094341347472346
91542817,2065,669,1361,26,0,91542817,1.2094341347472346
91559813,2085,672,1348,26,0,91559813,1.2094341347472346
91574690,2108,683,1377,26,0,91574690,1.2094341347472346
91602584,2084,667,1385,27,0,91602584,1.169028247554621
91620799,2115,676,1326,27,0,91620799,1.169028247554621
91635592,2132,667,1334,27,0,91635592,1.169028247554621
91660748,2123,699,1359,27,0,91660748,1.169028247554621
91674970,2148,705,1361,27,0,91674970,1.169028247554621
91686595,2107,681,1340,27,0,91686595,1.169028247554621
91696950,2129,694,1368,27,0,91696950,1.169028247554621
91725942,2146,682,1350,27,0,91725942,1.169028247554621
91739978,2152,674,1325,27,0,91739978,1.169028247554621
91751202,2097,677,1333,27,0,91751202,1.169028247554621
91752512,17,649,1312,27,0,91752512,1.169028247554621
91775666,2117,641,1348,27,0,91775666,1.169028247554621
91786872,2113,617,1306,27,0,91786872,1.169028247554621
91812853,2155,658,1376,27,0,91812853,1.169028247554621
91824407,2172,692,1358,27,0,91824407,1.169028247554621
91842146,2144,702,1323,27,0,91842146,1.169028247554621
91822225,89,648,1098,27,0,91822225,1.169028247554621
91865397,2179,680,1348,27,0,91865397,1.169028247554621
91875340,17,642,1361,27,0,91875340,1.169028247554621
91891554,2148,684,1348,27,0,91891554,1.169028247554621
91904078,2137,643,1350,27,0,91904078,1.169028247554621
91917033,2140,661,1520,27,0,91917033,1.169028247554621
91931204,2152,668,1333,27,0,91931204,1.169028247554621
91956659,2095,640,1269,27,0,91956659,1.169028247554621
91985832,2126,648,1292,27,0,91985832,1.169028247554621
92013631,2083,647,1033,27,0,92013631,1.169028247554621
92033313,2084,656,1285,27,0,92033313,1.169028247554621
92045958,2096,659,1534,27,0,92045958,1.169028247554621
92074698,2064,652,1311,27,0,92074698,1.169028247554621
92103671,2030,664,1292,27,0,92103671,1.169028247554621
92137472,1890,8,1293,27,0,92137472,1.169028247554621
92151018,1983,661,1312,27,0,92151018,1.169028247554621
92162109,2003,674,1326,27,0,92162109,1.169028247554621
92174539,2012,690,1323,27,0,92174539,1.169028247554621
92185651,2016,725,1336,27,0,92185651,1.169028247554621
92193664,1882,2,1406,27,0,92193664,1.169028247554621
92209712,1858,25,1024,27,0,92209712,1.169028247554621
92221668,1872,68,1068,27,0,92221668,1.169028247554621
92235007,1982,690,1356,27,0,92235007,1.169028247554621
92247795,1981,699,1374,27,0,92247795,1.169028247554621
92275206,2000,701,1291,28,0,92275206,1.1631776213547855
92288687,1973,670,1344,28,0,92288687,1.1631776213547855
92303080,1955,666,1374,28,0,92303080,1.1631776213547855
92319595,1962,689,1396,28,0,92319595,1.1631776213547855
92329556,1969,697,1320,28,0,92329556,1.1631776213547855
92357892,1938,693,1356,28,0,92357892,1.1631776213547855
92390551,1997,713,1416,28,0,92390551,1.1631776213547855
92406511,1961,726,1356,28,0,92406511,1.1631776213547855
92420116,1874,64,1090,28,0,92420116,1.1631776213547855
92432422,1984,723,1361,28,0,92432422,1.1631776213547855
92444317,1974,718,1374,28,0,92444317,1.1631776213547855
92464353,1996,719,1320,28,0,92464353,1.1631776213547855
92475654,1998,679,1331,28,0,92475654,1.1631776213547855
92487659,2003,669,1345,28,0,92487659,1.1631776213547855
92502581,2021,689,1398,28,0,92502581,1.1631776213547855
92533110,2003,707,1371,28,0,92533110,1.1631776213547855
92546021,2002,717,1375,28,0,92546021,1.1631776213547855
92553733,1860,3,1024,28,0,92553733,1.1631776213547855
92574770,2004,723,1363,28,0,92574770,1.1631776213547855
92586080,2030,727,1402,28,0,92586080,1.1631776213547855
92614660,1858,2,1090,28,0,92614660,1.1631776213547855
92634041,2032,683,1391,28,0,92634041,1.1631776213547855
92643360,1872,34,1028,28,0,92643360,1.1631776213547855
92657130,2043,709,1382,28,0,92657130,1.1631776213547855
92670828,2065,691,1370,28,0,92670828,1.1631776213547855
92684706,2024,699,1357,28,0,92684706,1.1631776213547855
92697091,1892,1,1126,28,0,92697091,1.1631776213547855
92708660,2056,698,1364,28,0,92708660,1.1631776213547855
92724528,2052,708,1404,28,0,92724528,1.1631776213547855
92733878,2058,692,1377,28,0,92733878,1.1631776213547855
92745697,2032,680,1362,28,0,92745697,1.1631776213547855
92752899,0,1,1283,28,0,92752899,1.1631776213547855
92769394,2068,737,1377,28,0,92769394,1.1631776213547855
92780938,2040,717,1430,28,0,92780938,1.1631776213547855
92792424,2029,685,1400,28,0,92792424,1.1631776213547855
92805166,2035,684,1376,28,0,92805166,1.1631776213547855
92825401,2089,676,1364,28,0,92825401,1.1631776213547855
2290158087,8450,38916,1280,28,0,2290158087,1.1631776213547855
92858521,2075,712,1349,28,0,92858521,1.1631776213547855
92869981,2130,708,1320,28,0,92869981,1.1631776213547855
92884044,2106,668,1375,28,0,92884044,1.1631776213547855
92917078,2125,661,1327,28,0,92917078,1.1631776213547855
92929758,2121,660,1350,28,0,92929758,1.1631776213547855
92941490,2110,652,1356,28,0,92941490,1.1631776213547855
92952067,2124,650,1406,28,0,92952067,1.1631776213547855
92965377,2075,668,1379,28,0,92965377,1.1631776213547855
92980564,2109,687,1366,28,0,92980564,1.1631776213547855
92998034,2126,684,1368,28,0,92998034,1.1631776213547855
93008502,2099,678,1352,28,0,93008502,1.1631776213547855
93021208,2127,657,1355,28,0,93021208,1.1631776213547855
93052672,2130,668,1423,29,0,93052672,1.176250114270043
93069864,2133,704,1371,29,0,93069864,1.176250114270043
93078553,40,704,1292,29,0,93078553,1.176250114270043
93091420,2099,706,1327,29,0,93091420,1.176250114270043
93106149,2109,704,1376,29,0,93106149,1.176250114270043
93116473,2089,651,1344,29,0,93116473,1.176250114270043
93130033,2128,627,1312,29,0,93130033,1.176250114270043
93156280,2116,664,1336,29,0,93156280,1.176250114270043
93174138,2086,673,1293,29,0,93174138,1.176250114270043
93061297,61,680,1288,29,0,93061297,1.176250114270043
93203760,2097,675,1352,29,0,93203760,1.176250114270043
93210952,16,640,1292,29,0,93210952,1.176250114270043
93229080,2112,672,1378,29,0,93229080,1.176250114270043
93238902,2101,668,1349,29,0,93238902,1.176250114270043
93252003,2103,674,1347,29,0,93252003,1.176250114270043
93262909,2065,633,1322,29,0,93262909,1.176250114270043
93274623,2121,641,1361,29,0,93274623,1.176250114270043
93291609,2117,656,1333,29,0,93291609,1.176250114270043
93305084,2110,656,1352,29,0,93305084,1.176250114270043
93317014,2125,686,1423,29,0,93317014,1.176250114270043
93329896,2069,664,1346,29,0,93329896,1.176250114270043
93344733,2106,712,1424,29,0,93344733,1.176250114270043
93354542,2118,682,1526,29,0,93354542,1.176250114270043
93365480,2059,658,1316,29,0,93365480,1.176250114270043
93391165,2082,680,1338,29,0,93391165,1.176250114270043
93421704,1906,20,1056,29,0,93421704,1.176250114270043
93438948,2057,693,1341,29,0,93438948,1.176250114270043
93448096,2034,664,1309,29,0,93448096,1.176250114270043
93458652,2027,689,1322,29,0,93458652,1.176250114270043
93469785,2061,694,1325,29,0,93469785,1.176250114270043
93499250,2067,713,1366,29,0,93499250,1.176250114270043
93513462,2029,684,1358,29,0,93513462,1.176250114270043
93523534,2062,734,1310,29,0,93523534,1.176250114270043
93552289,1989,688,1427,29,0,93552289,1.176250114270043
93568183,2016,678,1318,29,0,93568183,1.176250114270043
93578500,1858,24,1048,29,0,93578500,1.176250114270043
93596869,2083,696,1308,29,0,93596869,1.176250114270043
93602417,1794,65,1296,29,0,93602417,1.176250114270043
93621121,1994,713,1358,29,0,93621121,1.176250114270043
93645087,1995,723,1339,29,0,93645087,1.176250114270043
93651468,1844,92,1044,29,0,93651468,1.176250114270043
93677039,2015,717,1357,29,0,93677039,1.176250114270043
93703603,1966,718,1370,30,0,93703603,1.1373068836273883
93716471,1950,729,1341,30,0,93716471,1.1373068836273883
93732023,1967,730,1355,30,0,93732023,1.1373068836273883
93744589,1966,720,1345,30,0,93744589,1.1373068836273883
93749504,1804,48,1430,30,0,93749504,1.1373068836273883
93768170,1939,683,1380,30,0,93768170,1.1373068836273883
93780704,1992,691,1376,30,0,93780704,1.1373068836273883
93792537,1986,723,1360,30,0,93792537,1.1373068836273883
93806592,1872,96,1300,30,0,93806592,1.1373068836273883
93819867,1985,670,1381,30,0,93819867,1.1373068836273883
93832273,1963,728,1382,30,0,93832273,1.1373068836273883
93843664,2010,744,1429,30,0,93843664,1.1373068836273883
93855260,2010,739,1404,30,0,93855260,1.1373068836273883
93867968,1971,706,1368,30,0,93867968,1.1373068836273883
93880066,1996,682,1334,30,0,93880066,1.1373068836273883
93892832,1996,677,1395,30,0,93892832,1.1373068836273883
93903516,2015,675,1416,30,0,93903516,1.1373068836273883
93913288,2020,689,1445,30,0,93913288,1.1373068836273883
93924580,1997,710,1400,30,0,93924580,1.1373068836273883
93929984,1899,8,1110,30,0,93929984,1.1373068836273883
93949651,2009,748,1386,30,0,93949651,1.1373068836273883
93962092,1950,713,1377,30,0,93962092,1.1373068836273883
93973366,2030,720,1333,30,0,93973366,1.1373068836273883
93981025,1905,16,1089,30,0,93981025,1.1373068836273883
93996181,2062,722,1405,30,0,93996181,1.1373068836273883
94006954,2049,720,1389,30,0,94006954,1.1373068836273883
94020172,2072,707,1369,30,0,94020172,1.1373068836273883
94027777,14,0,1024,30,0,94027777,1.1373068836273883
94042442,2052,685,1387,30,0,94042442,1.1373068836273883
94053772,4,640,1307,30,0,94053772,1.1373068836273883
94069260,2117,686,1360,30,0,94069260,1.1373068836273883
94081239,2133,715,1398,30,0,94081239,1.1373068836273883
94080513,40,644,1036,30,0,94080513,1.1373068836273883
94104074,1,656,1291,30,0,94104074,1.1373068836273883
94119573,2093,717,1359,30,0,94119573,1.1373068836273883
94129156,56,714,1088,30,0,94129156,1.1373068836273883
94144904,2122,715,1344,30,0,94144904,1.1373068836273883
94158455,2146,691,1353,30,0,94158455,1.1373068836273883
94171880,2104,667,1358,30,0,94171880,1.1373068836273883
94186194,2129,680,1336,30,0,94186194,1.1373068836273883
94197312,2058,641,1371,30,0,94197312,1.1373068836273883
94220743,2119,696,1345,30,0,94220743,1.1373068836273883
94233387,2128,694,1345,30,0,94233387,1.1373068836273883
94243664,2139,698,1352,30,0,94243664,1.1373068836273883
94251540,50,648,1304,30,0,94251540,1.1373068836273883
94268679,2137,724,1316,30,0,94268679,1.1373068836273883
94275593,68,640,1025,30,0,94275593,1.1373068836273883
94294362,2144,718,1353,30,0,94294362,1.1373068836273883
94322585,2203,706,1314,31,0,94322585,1.052015723557912
94336106,2182,691,1301,31,0,94336106,1.052015723557912
94347841,2052,552,1300,31,0,94347841,1.052015723557912
94359596,2200,714,1387,31,0,94359596,1.052015723557912
94370565,2208,742,1323,31,0,94370565,1.052015723557912
94393505,2049,672,1280,31,0,94393505,1.052015723557912
94415890,2160,742,1346,31,0,94415890,1.052015723557912
94426215,2192,701,1342,31,0,94426215,1.052015723557912
94437275,2142,628,1305,31,0,94437275,1.052015723557912
94464902,2164,661,1336,31,0,94464902,1.052015723557912
94478447,2169,693,1346,31,0,94478447,1.052015723557912
94488142,2048,605,1280,31,0,94488142,1.052015723557912
94504452,2178,766,1357,31,0,94504452,1.052015723557912
94513184,2163,730,1318,31,0,94513184,1.052015723557912
94524131,2164,742,1323,31,0,94524131,1.052015723557912
94550673,2136,681,1316,31,0,94550673,1.052015723557912
94560390,32,640,1120,31,0,94560390,1.052015723557912
94573982,2094,678,1294,31,0,94573982,1.052015723557912
94585959,2062,670,1290,31,0,94585959,1.052015723557912
94595111,2006,656,1307,31,0,94595111,1.052015723557912
94609068,2006,700,1443,31,0,94609068,1.052015723557912
94618945,2025,682,1333,31,0,94618945,1.052015723557912
94630190,2094,744,1390,31,0,94630190,1.052015723557912
94656436,2070,742,1325,31,0,94656436,1.052015723557912
94672505,2019,718,1336,31,0,94672505,1.052015723557912
94684375,2052,760,1342,31,0,94684375,1.052015723557912
94695330,2011,740,1332,31,0,94695330,1.052015723557912
94706760,2030,716,1348,31,0,94706760,1.052015723557912
94716299,2018,714,1307,31,0,94716299,1.052015723557912
94730438,2057,704,1372,31,0,94730438,1.052015723557912
94742802,2003,714,1329,31,0,94742802,1.052015723557912
94754224,1977,708,1352,31,0,94754224,1.052015723557912
94767129,1972,727,1363,31,0,94767129,1.052015723557912
94778814,2044,741,1356,31,0,94778814,1.052015723557912
94792318,2019,718,1350,31,0,94792318,1.052015723557912
94801646,2048,721,1342,31,0,94801646,1.052015723557912
94814370,2013,736,1364,31,0,94814370,1.052015723557912
94825160,2005,750,1341,31,0,94825160,1.052015723557912
94839194,1976,758,1394,31,0,94839194,1.052015723557912
94849097,1926,750,1376,31,0,94849097,1.052015723557912
94860605,1941,770,1418,31,0,94860605,1.052015723557912
94872120,1889,750,1355,31,0,94872120,1.052015723557912
94882422,1912,766,1401,31,0,94882422,1.052015723557912
94893708,1903,725,1391,31,0,94893708,1.052015723557912
94907386,1970,710,1412,31,0,94907386,1.052015723557912
94931939,2101,722,1388,32,0,94931939,1.131044885272877
94950278,2068,702,1369,32,0,94950278,1.131044885272877
94964020,2054,698,1336,32,0,94964020,1.131044885272877
94977022,2082,723,1333,32,0,94977022,1.131044885272877
94989953,2053,716,1465,32,0,94989953,1.131044885272877
95004731,2048,692,1311,32,0,95004731,1.131044885272877
95013883,2059,653,1339,32,0,95013883,1.131044885272877
95021698,24,0,1096,32,0,95021698,1.131044885272877
95037701,2066,622,1339,32,0,95037701,1.131044885272877
95051348,2099,696,1302,32,0,95051348,1.131044885272877
95062866,2093,673,1380,32,0,95062866,1.131044885272877
95075762,2102,693,1368,32,0,95075762,1.131044885272877
95089024,0,640,1104,32,0,95089024,1.131044885272877
95101337,2132,704,1345,32,0,95101337,1.131044885272877
95113386,2179,727,1352,32,0,95113386,1.131044885272877
95125730,2216,763,1341,32,0,95125730,1.131044885272877
95139539,2171,767,1331,32,0,95139539,1.131044885272877
95151480,2134,744,1324,32,0,95151480,1.131044885272877
95165639,2153,734,1517,32,0,95165639,1.131044885272877
95176947,2161,679,1532,32,0,95176947,1.131044885272877
95186333,2184,683,1345,32,0,95186333,1.131044885272877
95200849,2152,673,1520,32,0,95200849,1.131044885272877
95214936,2174,733,1353,32,0,95214936,1.131044885272877
95228174,2138,741,1344,32,0,95228174,1.131044885272877
95243929,2178,751,1365,32,0,95243929,1.131044885272877
95255705,2128,715,1293,32,0,95255705,1.131044885272877
95270141,2143,676,1305,32,0,95270141,1.131044885272877
95283069,2164,655,1316,32,0,95283069,1.131044885272877
95296178,2137,664,1331,32,0,95296178,1.131044885272877
95306694,2145,686,1352,32,0,95306694,1.131044885272877
95316712,2104,675,1325,32,0,95316712,1.131044885272877
95334054,2122,696,1363,32,0,95334054,1.131044885272877
95345349,2086,738,1323,32,0,95345349,1.131044885272877
95361190,2084,748,1301,32,0,95361190,1.131044885272877
95371744,2088,748,1337,32,0,95371744,1.131044885272877
95382149,2091,767,1358,32,0,95382149,1.131044885272877
95395217,2077,724,1340,32,0,95395217,1.131044885272877
95410754,2113,733,1372,32,0,95410754,1.131044885272877
95422067,2066,731,1363,32,0,95422067,1.131044885272877
95432872,2044,717,1321,32,0,95432872,1.131044885272877
95442996,2035,699,1324,32,0,95442996,1.131044885272877
95456808,2059,666,1304,32,0,95456808,1.131044885272877
95467272,2067,676,1299,32,0,95467272,1.131044885272877
95481352,2048,684,1327,32,0,95481352,1.131044885272877
95493474,2066,697,1365,32,0,95493474,1.131044885272877
95510266,2048,697,1373,32,0,95510266,1.131044885272877
95521720,2099,723,1384,32,0,95521720,1.131044885272877
95537443,2089,741,1376,32,0,95537443,1.131044885272877
95552073,2076,706,1370,32,0,95552073,1.131044885272877
95561405,2059,694,1330,32,0,95561405,1.131044885272877
95576173,2068,702,1370,32,0,95576173,1.131044885272877
95589504,2062,702,1386,32,0,95589504,1.131044885272877
95602461,2076,715,1337,32,0,95602461,1.131044885272877
95611867,2081,731,1419,32,0,95611867,1.131044885272877
95625207,2043,720,1360,32,0,95625207,1.131044885272877
95635411,2000,739,1323,32,0,95635411,1.131044885272877
95646537,2000,736,1362,32,0,95646537,1.131044885272877
95657198,1942,701,1359,32,0,95657198,1.131044885272877
95670672,1942,702,1339,32,0,95670672,1.131044885272877
95683763,1964,732,1344,32,0,95683763,1.131044885272877
95693755,1970,693,1361,32,0,95693755,1.131044885272877
95706211,1994,714,1390,32,0,95706211,1.131044885272877
95714948,2017,721,1386,32,0,95714948,1.131044885272877
95729650,2064,735,1415,32,0,95729650,1.131044885272877
95741696,2042,733,1406,32,0,95741696,1.131044885272877
95755957,2029,763,1434,32,0,95755957,1.131044885272877
95768167,2010,745,1353,32,0,95768167,1.131044885272877
95780157,2000,755,1301,32,0,95780157,1.131044885272877
95789447,1998,719,1382,32,0,95789447,1.131044885272877
95803032,1985,692,1350,32,0,95803032,1.131044885272877
95814816,2055,701,1384,32,0,95814816,1.131044885272877
95825749,2030,682,1386,32,0,95825749,1.131044885272877
95837686,2005,672,1299,32,0,95837686,1.131044885272877
95848556,2072,705,1387,32,0,95848556,1.131044885272877
95859966,2065,740,1418,32,0,95859966,1.131044885272877
95872445,2045,724,1386,32,0,95872445,1.131044885272877
95884846,2056,726,1409,32,0,95884846,1.131044885272877
95903553,2069,740,1372,32,0,95903553,1.131044885272877
95912891,2025,704,1394,32,0,95912891,1.131044885272877
95926263,2044,703,1365,32,0,95926263,1.131044885272877
95937003,2056,718,1400,32,0,95937003,1.131044885272877
95949675,2041,706,1395,32,0,95949675,1.131044885272877
95959844,2122,744,1403,32,0,95959844,1.131044885272877
95970730,2115,740,1371,32,0,95970730,1.131044885272877
95982638,2078,699,1342,32,0,95982638,1.131044885272877
95997948,2083,712,1345,32,0,95997948,1.131044885272877
96007162,2107,717,1402,32,0,96007162,1.131044885272877
96018555,2109,727,1350,32,0,96018555,1.131044885272877
96031213,2117,731,1340,32,0,96031213,1.131044885272877
96012040,32,722,1042,33,0,96012040,1.1533046896425634
96054944,2107,741,1338,33,0,96054944,1.1533046896425634
96067954,2114,700,1358,33,0,96067954,1.1533046896425634
96077885,2109,701,1346,33,0,96077885,1.1533046896425634
96092306,2125,676,1374,33,0,96092306,1.1533046896425634
96105701,2130,697,1326,33,0,96105701,1.1533046896425634
96116149,2117,712,1348,33,0,96116149,1.1533046896425634
96128356,2153,714,1362,33,0,96128356,1.1533046896425634
96141841,2140,704,1294,33,0,96141841,1.1533046896425634
96154964,2146,705,1350,33,0,96154964,1.1533046896425634
96168361,2150,687,1331,33,0,96168361,1.1533046896425634
96178919,2123,715,1337,33,0,96178919,1.1533046896425634
96191617,2126,709,1334,33,0,96191617,1.1533046896425634
96203598,2158,713,1321,33,0,96203598,1.1533046896425634
96217651,2168,734,1322,33,0,96217651,1.1533046896425634
96231232,2136,746,1331,33,0,96231232,1.1533046896425634
96247354,2146,777,1346,33,0,96247354,1.1533046896425634
96257698,2132,739,1313,33,0,96257698,1.1533046896425634
96271050,2133,732,1322,33,0,96271050,1.1533046896425634
96282931,2121,711,1311,33,0,96282931,1.1533046896425634
96295689,2099,686,1293,33,0,96295689,1.1533046896425634
96306594,2086,681,1505,33,0,96306594,1.1533046896425634
96316747,2093,700,1326,33,0,96316747,1.1533046896425634
96329327,2066,692,1307,33,0,96329327,1.1533046896425634
96346138,2090,709,1324,33,0,96346138,1.1533046896425634
96358677,2081,692,1329,33,0,96358677,1.1533046896425634
96371768,2105,714,1305,33,0,96371768,1.1533046896425634
96392643,2118,736,1299,33,0,96392643,1.1533046896425634
96404605,2096,731,1360,33,0,96404605,1.1533046896425634
96404049,26,708,1088,33,0,96404049,1.1533046896425634
96426496,68,712,1043,33,0,96426496,1.1533046896425634
96449671,2136,714,1336,33,0,96449671,1.1533046896425634
96463089,2103,738,1364,33,0,96463089,1.1533046896425634
96473100,2074,692,1326,33,0,96473100,1.1533046896425634
96485306,2143,706,1324,33,0,96485306,1.1533046896425634
96497158,2101,731,1289,33,0,96497158,1.1533046896425634
96510906,2089,713,1314,33,0,96510906,1.1533046896425634
96524282,2043,733,1315,33,0,96524282,1.1533046896425634
96536518,2025,705,1516,33,0,96536518,1.1533046896425634
96546930,2081,766,1398,33,0,96546930,1.1533046896425634
96561938,2055,733,1032,33,0,96561938,1.1533046896425634
96575556,2027,694,1289,33,0,96575556,1.1533046896425634
96587718,2027,668,1304,33,0,96587718,1.1533046896425634
96600334,2070,707,1313,33,0,96600334,1.1533046896425634
96614464,2016,709,1306,33,0,96614464,1.1533046896425634
96623546,2024,712,1330,33,0,96623546,1.1533046896425634
96637120,1981,729,1334,33,0,96637120,1.1533046896425634
96649035,2017,768,1315,33,0,96649035,1.1533046896425634
96661094,1994,752,1364,33,0,96661094,1.1533046896425634
96672017,1995,762,1364,33,0,96672017,1.1533046896425634
96683092,2006,745,1337,33,0,96683092,1.1533046896425634
96697034,2025,736,1340,33,0,96697034,1.1533046896425634
96708021,2042,715,1355,33,0,96708021,1.1533046896425634
96726592,2070,721,1363,33,0,96726592,1.1533046896425634
96739871,2059,701,1382,33,0,96739871,1.1533046896425634
96753836,2049,707,1329,33,0,96753836,1.1533046896425634
96764020,2015,724,1285,33,0,96764020,1.1533046896425634
96777266,1956,750,1361,33,0,96777266,1.1533046896425634
96787283,1956,734,1379,33,0,96787283,1.1533046896425634
96802269,1961,744,1352,33,0,96802269,1.1533046896425634
96812824,1961,750,1356,33,0,96812824,1.1533046896425634
96824045,1991,728,1302,33,0,96824045,1.1533046896425634
96834790,2022,717,1372,33,0,96834790,1.1533046896425634
96846692,1978,682,1353,33,0,96846692,1.1533046896425634
96860243,1996,674,1299,33,0,96860243,1.1533046896425634
96872007,2016,703,1338,33,0,96872007,1.1533046896425634
96895908,2037,730,1392,34,0,96895908,1.2144620166377182
96908187,2005,738,1381,34,0,96908187,1.2144620166377182
96919528,2002,756,1370,34,0,96919528,1.2144620166377182
96933730,2032,590,1367,34,0,96933730,1.2144620166377182
96946899,2023,721,1378,34,0,96946899,1.2144620166377182
96963285,2035,713,1368,34,0,96963285,1.2144620166377182
96973828,2049,698,1355,34,0,96973828,1.2144620166377182
96985612,2075,734,1361,34,0,96985612,1.2144620166377182
96999861,2085,730,1357,34,0,96999861,1.2144620166377182
97005576,1892,689,1152,34,0,97005576,1.2144620166377182
97023895,2048,712,1371,34,0,97023895,1.2144620166377182
97035553,2099,743,1357,34,0,97035553,1.2144620166377182
97049281,2106,705,1373,34,0,97049281,1.2144620166377182
97063501,2110,704,1364,34,0,97063501,1.2144620166377182
97075553,2105,715,1337,34,0,97075553,1.2144620166377182
97089247,2134,708,1381,34,0,97089247,1.2144620166377182
97101994,2123,712,1336,34,0,97101994,1.2144620166377182
97115522,2096,714,1530,34,0,97115522,1.2144620166377182
97128807,2109,693,1310,34,0,97128807,1.2144620166377182
97138852,2117,692,1090,34,0,97138852,1.2144620166377182
97157038,2106,731,1325,34,0,97157038,1.2144620166377182
97168029,2126,738,1358,34,0,97168029,1.2144620166377182
97178541,2134,744,1377,34,0,97178541,1.2144620166377182
97188735,2127,740,1364,34,0,97188735,1.2144620166377182
97203668,2126,756,1302,34,0,97203668,1.2144620166377182
97218455,2134,714,1331,34,0,97218455,1.2144620166377182
97232848,2160,705,1350,34,0,97232848,1.2144620166377182
97243845,2151,717,1372,34,0,97243845,1.2144620166377182
97259997,2133,712,1328,34,0,97259997,1.2144620166377182
97270036,2153,723,1291,34,0,97270036,1.2144620166377182
97286294,2128,712,1357,34,0,97286294,1.2144620166377182
97298730,2126,718,1328,34,0,97298730,1.2144620166377182
97304805,66,640,1052,34,0,97304805,1.2144620166377182
97325209,2112,705,1308,34,0,97325209,1.2144620166377182
97339673,2139,694,1355,34,0,97339673,1.2144620166377182
97354497,2126,700,1362,34,0,97354497,1.2144620166377182
97368761,2117,725,1363,34,0,97368761,1.2144620166377182
97394779,2148,726,1372,34,0,97394779,1.2144620166377182
97411012,2117,738,1371,34,0,97411012,1.2144620166377182
97423414,2126,733,1363,34,0,97423414,1.2144620166377182
97433830,2154,744,1365,34,0,97433830,1.2144620166377182
97446298,2101,707,1510,34,0,97446298,1.2144620166377182
97459030,2150,729,1310,34,0,97459030,1.2144620166377182
97473893,2110,686,1291,34,0,97473893,1.2144620166377182
97494358,2146,728,1092,34,0,97494358,1.2144620166377182
97501248,68,640,1040,34,0,97501248,1.2144620166377182
97517202,2117,724,1307,34,0,97517202,1.2144620166377182
97543411,2162,715,1382,35,0,97543411,1.1759758661669257
97562476,2168,727,1362,35,0,97562476,1.1759758661669257
97585730,18,644,1281,35,0,97585730,1.1759758661669257
97605369,2154,712,1377,35,0,97605369,1.1759758661669257
97616709,2139,659,1347,35,0,97616709,1.1759758661669257
97628240,82,642,1296,35,0,97628240,1.1759758661669257
97641694,2130,695,1344,35,0,97641694,1.1759758661669257
97648772,2048,640,1280,35,0,97648772,1.1759758661669257
97666605,2137,750,1349,35,0,97666605,1.1759758661669257
97691883,2126,731,1360,35,0,97691883,1.1759758661669257
97704750,2096,755,1362,35,0,97704750,1.1759758661669257
97715393,0,592,1074,35,0,97715393,1.1759758661669257
97728927,2097,699,1317,35,0,97728927,1.1759758661669257
97731200,68,640,1281,35,0,97731200,1.1759758661669257
97750513,2111,681,1332,35,0,97750513,1.1759758661669257
97763135,2128,717,1317,35,0,97763135,1.1759758661669257
97775996,2128,728,1349,35,0,97775996,1.1759758661669257
97803488,2094,747,1301,35,0,97803488,1.1759758661669257
97818757,2111,753,1394,35,0,97818757,1.1759758661669257
97848600,2113,738,1333,35,0,97848600,1.1759758661669257
97861716,2059,704,1344,35,0,97861716,1.1759758661669257
97873494,2079,723,1331,35,0,97873494,1.1759758661669257
97884685,2098,705,1333,35,0,97884685,1.1759758661669257
97897238,2100,705,1315,35,0,97897238,1.1759758661669257
97910433,2106,702,1290,35,0,97910433,1.1759758661669257
97920672,2082,714,1322,35,0,97920672,1.1759758661669257
97931392,14,737,1296,35,0,97931392,1.1759758661669257
97947546,2054,739,1056,35,0,97947546,1.1759758661669257
97975320,2032,715,1495,35,0,97975320,1.1759758661669257
97987589,2065,730,1351,35,0,97987589,1.1759758661669257
97993360,0,696,1083,35,0,97993360,1.1759758661669257
98012420,2044,698,1326,35,0,98012420,1.1759758661669257
98024099,2042,691,1329,35,0,98024099,1.1759758661669257
98034969,2020,715,1330,35,0,98034969,1.1759758661669257
98044949,2043,726,1339,35,0,98044949,1.1759758661669257
98059340,2037,693,1340,35,0,98059340,1.1759758661669257
98082996,2058,766,1340,35,0,98082996,1.1759758661669257
98098513,1998,704,1322,35,0,98098513,1.1759758661669257
98113211,2010,696,1327,35,0,98113211,1.1759758661669257
98123628,1990,704,1318,35,0,98123628,1.1759758661669257
98142226,1808,70,1024,35,0,98142226,1.1759758661669257
98166197,1989,735,1354,35,0,98166197,1.1759758661669257
98175586,1982,738,1353,35,0,98175586,1.1759758661669257
98189748,1954,754,1364,35,0,98189748,1.1759758661669257
98205829,1945,755,1398,35,0,98205829,1.1759758661669257
98217778,1950,788,1416,35,0,98217778,1.1759758661669257
98231064,1928,766,1364,35,0,98231064,1.1759758661669257
98244377,1904,782,1374,35,0,98244377,1.1759758661669257
98254428,1960,773,1406,35,0,98254428,1.1759758661669257
98267767,1972,746,1417,35,0,98267767,1.1759758661669257
98275968,1796,96,1499,35,0,98275968,1.1759758661669257
98291540,1992,752,1403,35,0,98291540,1.1759758661669257
98296456,1800,88,1483,35,0,98296456,1.1759758661669257
98314356,2009,771,1427,35,0,98314356,1.1759758661669257
98320386,1840,9,1372,35,0,98320386,1.1759758661669257
98338588,1946,762,1406,35,0,98338588,1.1759758661669257
98363508,1856,41,1500,36,0,98363508,1.263003930889478
98379574,1993,736,1380,36,0,98379574,1.263003930889478
98406912,20,16,1024,36,0,98406912,1.263003930889478
98422785,2077,770,1409,36,0,98422785,1.263003930889478
98449117,2109,724,1422,36,0,98449117,1.263003930889478
98457740,64,660,1106,36,0,98457740,1.263003930889478
98474496,2088,697,1349,36,0,98474496,1.263003930889478
98490182,2141,725,1356,36,0,98490182,1.263003930889478
98502688,67,640,1099,36,0,98502688,1.263003930889478
98532735,2137,701,1362,36,0,98532735,1.263003930889478
98558984,84,592,1304,36,0,98558984,1.263003930889478
98577393,2196,738,1337,36,0,98577393,1.263003930889478
98600707,2148,742,1368,36,0,98600707,1.263003930889478
98616829,2175,732,1356,36,0,98616829,1.263003930889478
98623501,2058,536,1088,36,0,98623501,1.263003930889478
98640026,2212,711,1330,36,0,98640026,1.263003930889478
98651952,2218,766,1527,36,0,98651952,1.263003930889478
98665211,2185,789,1349,36,0,98665211,1.263003930889478
98679512,2160,755,1306,36,0,98679512,1.263003930889478
98689024,2056,738,1280,36,0,98689024,1.263003930889478
98702583,2180,721,1276,36,0,98702583,1.263003930889478
98710080,2092,512,1506,36,0,98710080,1.263003930889478
98726704,2147,681,1281,36,0,98726704,1.263003930889478
98752124,2165,748,1506,36,0,98752124,1.263003930889478
98767671,2178,762,1029,36,0,98767671,1.263003930889478
98764164,2050,530,1314,36,0,98764164,1.263003930889478
98796326,2188,819,1321,36,0,98796326,1.263003930889478
98820042,2179,794,1037,36,0,98820042,1.263003930889478
98829376,44,600,1096,36,0,98829376,1.263003930889478
98859544,2091,736,1365,36,0,98859544,1.263003930889478
98884119,2070,750,1356,36,0,98884119,1.263003930889478
98895813,2016,760,1363,36,0,98895813,1.263003930889478
98906112,1920,56,1281,36,0,98906112,1.263003930889478
98919811,2020,790,1364,36,0,98919811,1.263003930889478
98929192,1802,0,1036,36,0,98929192,1.263003930889478
98943008,1796,8,1046,36,0,98943008,1.263003930889478
98971685,1909,787,1389,36,0,98971685,1.263003930889478
98985501,1880,777,1410,36,0,98985501,1.263003930889478
98993153,1826,128,1378,36,0,98993153,1.263003930889478
99010300,1963,773,1414,36,0,99010300,1.263003930889478
99016965,1794,0,1344,36,0,99016965,1.263003930889478
99030471,1930,789,1380,36,0,99030471,1.263003930889478
99026241,1802,0,1379,37,0,99026241,1.191790840113356
99053677,1892,788,1422,37,0,99053677,1.191790840113356
99060929,1624,4,1034,37,0,99060929,1.191790840113356
99076008,1864,794,1396,37,0,99076008,1.191790840113356
99082637,1552,9,1442,37,0,99082637,1.191790840113356
99100075,1822,770,1402,37,0,99100075,1.191790840113356
99124484,1792,44,1408,37,0,99124484,1.191790840113356
99140269,1891,781,1413,37,0,99140269,1.191790840113356
99090444,1792,16,1408,37,0,99090444,1.191790840113356
99167001,1833,787,1425,37,0,99167001,1.191790840113356
99190518,1881,772,1459,37,0,99190518,1.191790840113356
99205921,1974,774,1453,37,0,99205921,1.191790840113356
99213984,1845,100,1409,37,0,99213984,1.191790840113356
99226017,1974,766,1453,37,0,99226017,1.191790840113356
99225610,1888,0,1418,37,0,99225610,1.191790840113356
99252170,2010,767,1379,37,0,99252170,1.191790840113356
99279396,1858,16,1418,37,0,99279396,1.191790840113356
99297727,2008,666,1395,37,0,99297727,1.191790840113356
99312508,2062,689,1408,37,0,99312508,1.191790840113356
99321389,18,648,1355,37,0,99321389,1.191790840113356
99336933,2049,704,1363,37,0,99336933,1.191790840113356
99345666,4,736,1104,37,0,99345666,1.191790840113356
99358887,2082,750,1377,37,0,99358887,1.191790840113356
99356697,18,737,1384,37,0,99356697,1.191790840113356
99389269,2082,756,1372,37,0,99389269,1.191790840113356
99399849,2039,744,1410,37,0,99399849,1.191790840113356
99411209,36,672,1089,37,0,99411209,1.191790840113356
99424246,2132,715,1377,37,0,99424246,1.191790840113356
99420160,0,642,1089,37,0,99420160,1.191790840113356
99450117,2136,733,1341,37,0,99450117,1.191790840113356
99473813,2190,757,1353,37,0,99473813,1.191790840113356
99493874,2182,774,1366,37,0,99493874,1.191790840113356
99519019,2186,764,1363,37,0,99519019,1.191790840113356
99532462,2156,749,1349,37,0,99532462,1.191790840113356
99543308,2161,764,1518,37,0,99543308,1.191790840113356
99553894,2136,720,1337,37,0,99553894,1.191790840113356
99550372,104,576,1321,37,0,99550372,1.191790840113356
99575645,2121,698,1324,37,0,99575645,1.191790840113356
99586816,2154,716,1519,37,0,99586816,1.191790840113356
99597708,2097,696,1362,37,0,99597708,1.191790840113356
99608576,0,704,1357,37,0,99608576,1.191790840113356
99625710,2015,734,1287,37,0,99625710,1.191790840113356
99647771,2000,2,1028,37,0,99647771,1.191790840113356
99669728,2011,738,1329,37,0,99669728,1.191790840113356
99695441,2141,762,1388,38,0,99695441,1.3050553067007953
99711266,2103,700,1310,38,0,99711266,1.3050553067007953
99740312,2117,742,1373,38,0,99740312,1.3050553067007953
99751796,2095,757,1363,38,0,99751796,1.3050553067007953
99747650,22,704,1025,38,0,99747650,1.3050553067007953
99774606,2072,716,1360,38,0,99774606,1.3050553067007953
99783744,1922,4,1312,38,0,99783744,1.3050553067007953
99798256,2056,740,1365,38,0,99798256,1.3050553067007953
99746160,42,768,1024,38,0,99746160,1.3050553067007953
99825709,2049,776,1307,38,0,99825709,1.3050553067007953
99849712,2043,714,1523,38,0,99849712,1.3050553067007953
99870520,2077,747,1356,38,0,99870520,1.3050553067007953
99884648,2054,752,1332,38,0,99884648,1.3050553067007953
99882189,0,2,1344,38,0,99882189,1.3050553067007953
99914015,2011,764,1366,38,0,99914015,1.3050553067007953
99928889,2020,758,1352,38,0,99928889,1.3050553067007953
99935273,1856,1,1344,38,0,99935273,1.3050553067007953
99949458,1994,755,1366,38,0,99949458,1.3050553067007953
99957514,1804,72,1269,38,0,99957514,1.3050553067007953
99978560,1846,64,1057,38,0,99978560,1.3050553067007953
99992183,1993,734,1348,38,0,99992183,1.3050553067007953
100018858,2041,735,1389,38,0,100018858,1.3050553067007953
100033255,1972,749,1369,38,0,100033255,1.3050553067007953
100043842,1974,764,1526,38,0,100043842,1.3050553067007953
100058209,2001,741,1416,38,0,100058209,1.3050553067007953
100064259,0,32,1394,38,0,100064259,1.3050553067007953
100073505,0,690,1349,38,0,100073505,1.3050553067007953
100099604,2108,726,1397,38,0,100099604,1.3050553067007953
100106241,67,912,1364,38,0,100106241,1.3050553067007953
100128406,2123,735,1356,38,0,100128406,1.3050553067007953
100139008,72,672,1360,38,0,100139008,1.3050553067007953
100170121,2107,701,1345,38,0,100170121,1.3050553067007953
100188160,41,641,1025,38,0,100188160,1.3050553067007953
100214162,2094,681,1301,38,0,100214162,1.3050553067007953
100242902,2054,673,1342,38,0,100242902,1.3050553067007953
100237315,1936,656,1034,38,0,100237315,1.3050553067007953
100278784,0,704,1352,38,0,100278784,1.3050553067007953
100298668,2049,716,1340,38,0,100298668,1.3050553067007953
100311661,2033,732,1408,38,0,100311661,1.3050553067007953
100320338,12,772,1056,38,0,100320338,1.3050553067007953
100335500,2110,761,1350,38,0,100335500,1.3050553067007953
100344328,24,704,1304,38,0,100344328,1.3050553067007953
100361190,2121,743,1365,38,0,100361190,1.3050553067007953
100387384,2134,742,1344,39,0,100387384,1.329920468050096
100402082,2114,742,1376,39,0,100402082,1.329920468050096
100428553,2139,774,1377,39,0,100428553,1.329920468050096
100446518,2085,731,1361,39,0,100446518,1.329920468050096
100462639,2186,771,1092,39,0,100462639,1.329920468050096
100472733,2188,739,1355,39,0,100472733,1.329920468050096
100483531,2138,706,1326,39,0,100483531,1.329920468050096
100491298,96,544,1317,39,0,100491298,1.329920468050096
100509522,2173,700,1382,39,0,100509522,1.329920468050096
100500038,2093,514,1533,39,0,100500038,1.329920468050096
100536130,2146,742,1287,39,0,100536130,1.329920468050096
100545697,2161,741,1313,39,0,100545697,1.329920468050096
100558251,2188,763,1336,39,0,100558251,1.329920468050096
100573666,2141,692,1526,39,0,100573666,1.329920468050096
100599540,2076,625,1334,39,0,100599540,1.329920468050096
100612368,2123,680,1322,39,0,100612368,1.329920468050096
100617665,5,692,1369,39,0,100617665,1.329920468050096
100637715,2026,723,1291,39,0,100637715,1.329920468050096
100630528,8,716,1382,39,0,100630528,1.329920468050096
100657719,2094,769,1371,39,0,100657719,1.329920468050096
100664705,1,0,1024,39,0,100664705,1.329920468050096
100684478,2026,781,1392,39,0,100684478,1.329920468050096
100697524,1997,757,1343,39,0,100697524,1.329920468050096
100704256,1889,72,1024,39,0,100704256,1.329920468050096
100720305,2000,714,1305,39,0,100720305,1.329920468050096
100663872,1872,0,1536,39,0,100663872,1.329920468050096
100743946,2072,687,1332,39,0,100743946,1.329920468050096
100745668,1,672,32,39,0,100745668,1.329920468050096
100766202,2061,713,1375,39,0,100766202,1.329920468050096
100791376,2117,783,1470,39,0,100791376,1.329920468050096
100806936,2069,776,1481,39,0,100806936,1.329920468050096
100814148,48,790,1026,39,0,100814148,1.329920468050096
100831405,2117,771,1408,39,0,100831405,1.329920468050096
100856249,2150,734,1366,39,0,100856249,1.329920468050096
100871371,2129,731,1382,39,0,100871371,1.329920468050096
100876880,64,657,1539,39,0,100876880,1.329920468050096
100898707,2117,734,1341,39,0,100898707,1.329920468050096
100911034,2110,742,1363,39,0,100911034,1.329920468050096
100917288,8,4,1025,39,0,100917288,1.329920468050096
100936726,1967,730,1337,39,0,100936726,1.329920468050096
100962432,1812,66,1540,39,0,100962432,1.329920468050096
100976980,1980,723,1379,39,0,100976980,1.329920468050096
100982864,1800,64,1536,39,0,100982864,1.329920468050096
100998868,1971,742,1388,39,0,100998868,1.329920468050096
100995076,1826,84,1028,40,6,6463684864,0.015814973946430205
101021793,2006,759,1412,40,6,6465394752,0.015814973946430205
101045337,1930,763,1352,40,6,6466901568,0.015814973946430205
101062915,1904,760,1373,40,6,6468026560,0.015814973946430205
101073148,1894,768,1412,40,6,6468681472,0.015814973946430205
101086869,1884,772,1431,40,6,6469559616,0.015814973946430205
101111854,1876,763,1542,40,6,6471158656,0.015814973946430205
101123744,1544,192,1105,40,6,6471919616,0.015814973946430205
101132808,1616,192,1538,40,6,6472499712,0.015814973946430205
101153048,1906,758,1430,40,6,6473795072,0.015814973946430205
101163978,1907,748,1429,40,6,6474494592,0.015814973946430205
101174965,1946,770,1444,40,6,6475197760,0.015814973946430205
101185423,1923,738,1420,40,6,6475867072,0.015814973946430205
101195804,1810,64,1024,40,6,6476531456,0.015814973946430205
101215210,1974,713,1360,40,6,6477773440,0.015814973946430205
101253120,8,0,1024,40,6,6480199680,0.015814973946430205
101274176,2098,773,1400,40,6,6481547264,0.015814973946430205
791590,34320,17926,9228,40,6,50661760,0.015814973946430205
791712,48655,64006,7178,40,6,50669568,0.015814973946430205
791746,8192,4096,8,40,6,50671744,0.015814973946430205
791836,32768,512,2060,40,6,50677504,0.015814973946430205
792016,47120,9733,35338,40,6,50689024,0.015814973946430205
792208,16384,5,32776,40,6,50701312,0.015814973946430205
792381,37904,14853,64011,40,6,50712384,0.015814973946430205
792489,19984,517,56330,40,6,50719296,0.015814973946430205
792569,3600,10245,52234,40,6,50724416,0.015814973946430205
792709,38928,4101,34314,40,6,50733376,0.015814973946430205
792902,20496,17925,38922,40,6,50745728,0.015814973946430205
793006,15888,24069,54794,40,6,50752384,0.015814973946430205
793060,38912,4101,49164,40,6,50755840,0.015814973946430205
793221,23056,18949,40459,40,6,50766144,0.015814973946430205
793096,21504,9221,34826,40,6,50758144,0.015814973946430205
793561,33296,37381,46092,40,6,50787904,0.015814973946430205
793648,49680,49157,43530,40,6,50793472,0.015814973946430205
793632,36864,32773,520,40,6,50792448,0.015814973946430205
793842,30737,1541,41994,40,6,50805888,0.015814973946430205
793600,33281,4612,40968,40,6,50790400,0.015814973946430205
794210,13824,57348,53256,40,6,50829440,0.015814973946430205
794366,37392,54277,45066,40,6,50839424,0.015814973946430205
794463,44048,46597,37386,40,6,50845632,0.015814973946430205
794529,2560,8709,9224,41,6,50849856,0.01197550050278819
794660,3600,34821,13834,41,6,50858240,0.01197550050278819
794624,16384,53252,33800,41,6,50855936,0.01197550050278819
794983,16,54789,57354,41,6,50878912,0.01197550050278819
795104,33296,51717,59402,41,6,50886656,0.01197550050278819
795168,8192,20484,47624,41,6,50890752,0.01197550050278819
795275,4624,47621,54282,41,6,50897600,0.01197550050278819
795394,0,35333,8200,41,6,50905216,0.01197550050278819
795630,36880,23557,46602,41,6,50920320,0.01197550050278819
795770,50192,27141,57354,41,6,50929280,0.01197550050278819
795972,41472,16901,8204,41,6,50942208,0.01197550050278819
796103,49680,17925,38410,41,6,50950592,0.01197550050278819
796293,7168,517,33800,41,6,50962752,0.01197550050278819
796426,1552,2053,43018,41,6,50971264,0.01197550050278819
796573,6671,55301,47626,41,6,50980672,0.01197550050278819
796768,15,1024,16904,41,6,50993152,0.01197550050278819
796924,52752,15877,37384,41,6,51003136,0.01197550050278819
797024,53264,14853,42506,41,6,51009536,0.01197550050278819
797057,15,18437,47628,41,6,51011648,0.01197550050278819
797238,14351,62981,52234,41,6,51023232,0.01197550050278819
797396,27151,21509,49164,41,6,51033344,0.01197550050278819
797554,14,32768,34316,41,6,51043456,0.01197550050278819
797702,8206,34816,33288,41,6,51052928,0.01197550050278819
798150,36879,48133,56330,41,6,51081600,0.01197550050278819
798469,4110,38912,4108,41,6,51102016,0.01197550050278819
798594,41999,2560,24588,41,6,51110016,0.01197550050278819
798789,1038,50176,6152,41,6,51122496,0.01197550050278819
798928,44559,41477,49162,41,6,51131392,0.01197550050278819
799040,37903,56325,64522,41,6,51138560,0.01197550050278819
799112,526,40960,8,41,6,51143168,0.01197550050278819
799223,527,30213,60426,41,6,51150272,0.01197550050278819
799338,6159,46085,54794,41,6,51157632,0.01197550050278819
799424,58895,62981,56844,41,6,51163136,0.01197550050278819
799510,23055,59909,45066,41,6,51168640,0.01197550050278819
799552,3072,3,37388,41,6,51171328,0.01197550050278819
799679,5136,18437,37899,41,6,51179456,0.01197550050278819
799817,5136,20485,56330,41,6,51188288,0.01197550050278819
799872,52736,5120,8,41,6,51191808,0.01197550050278819
800013,60432,4613,60938,41,6,51200832,0.01197550050278819
800145,3600,11269,53258,41,6,51209280,0.01197550050278819
800338,15376,16389,51722,41,6,51221632,0.01197550050278819
800433,2576,15877,50699,41,6,51227712,0.01197550050278819
800504,528,12805,38412,42,7,102464512,0.008684523265380748
800584,35344,29701,49162,42,7,102474752,0.008684523265380748
800648,34304,16901,8202,42,7,102482944,0.008684523265380748
800762,4624,28677,50698,42,7,102497536,0.008684523265380748
801091,4112,52229,45066,42,7,102539648,0.008684523265380748
801387,2064,26629,29706,42,7,102577536,0.008684523265380748
801560,33792,20485,16904,42,7,102599680,0.008684523265380748
801690,25616,43525,53770,42,7,102616320,0.008684523265380748
801868,8192,34820,51208,42,7,102639104,0.008684523265380748
802001,23568,50694,5642,42,7,102656128,0.008684523265380748
802096,62480,38406,522,42,7,102668288,0.008684523265380748
802056,5648,517,8200,42,7,102663168,0.008684523265380748
802281,29712,46597,46090,42,7,102691968,0.008684523265380748
802594,33296,9221,50698,42,7,102732032,0.008684523265380748
524288,0,0,0,42,7,67108864,0.008684523265380748
802890,53776,13830,10250,42,7,102769920,0.008684523265380748
802967,9232,27142,10,42,7,102779776,0.008684523265380748
803072,65040,20997,54282,42,7,102793216,0.008684523265380748
803161,3088,29701,53770,42,7,102804608,0.008684523265380748
803208,4096,16901,2056,42,7,102810624,0.008684523265380748
803323,46096,51717,53770,42,7,102825344,0.008684523265380748
803522,10752,32773,32776,42,7,102850816,0.008684523265380748
803622,17936,33798,1546,42,7,102863616,0.008684523265380748
803760,58896,30725,60426,42,7,102881280,0.008684523265380748
803817,16384,5,32776,42,7,102888576,0.008684523265380748
803928,51727,61957,31754,42,7,102902784,0.008684523265380748
804036,54287,37381,30730,42,7,102916608,0.008684523265380748
804119,29200,8709,33802,42,7,102927232,0.008684523265380748
804214,14864,8197,48138,42,7,102939392,0.008684523265380748
804388,25103,44037,45066,42,7,102961664,0.008684523265380748
804465,38928,6149,58378,42,7,102971520,0.008684523265380748
804556,17423,16384,4104,42,7,102983168,0.008684523265380748
804674,23055,51717,58378,42,7,102998272,0.008684523265380748
804771,20495,46597,53770,42,7,103010688,0.008684523265380748
802816,15,0,37896,42,7,102760448,0.008684523265380748
804968,47119,46085,52234,42,7,103035904,0.008684523265380748
805281,53263,59909,50186,42,7,103075968,0.008684523265380748
805384,528,3078,3082,43,7,103089152,0.008867355334125606
805441,14,34816,16904,43,7,103096448,0.008867355334125606
805555,11791,37893,58378,43,7,103111040,0.008867355334125606
805686,3599,53253,59914,43,7,103127808,0.008867355334125606
805762,64527,47109,48650,43,7,103137536,0.008867355334125606
805844,9743,42501,51210,43,7,103148032,0.008867355334125606
805934,21007,18437,53258,43,7,103159552,0.008867355334125606
806022,48655,2053,61450,43,7,103170816,0.008867355334125606
806121,23055,26629,58890,43,7,103183488,0.008867355334125606
806160,24078,16896,9224,43,7,103188480,0.008867355334125606
806301,48655,52230,7179,43,7,103206528,0.008867355334125606
806426,23567,33798,17930,43,7,103222528,0.008867355334125606
806570,41487,46598,6667,43,7,103240960,0.008867355334125606
806656,14,47616,41992,43,7,103251968,0.008867355334125606
806884,39439,45062,1035,43,7,103281152,0.008867355334125606
806993,24591,38405,60938,43,7,103295104,0.008867355334125606
807076,47631,38918,1034,43,7,103305728,0.008867355334125606
807148,35855,44037,62474,43,7,103314944,0.008867355334125606
807329,29712,3078,10,43,7,103338112,0.008867355334125606
807412,9743,57861,56330,43,7,103348736,0.008867355334125606
807462,29696,0,10249,43,7,103355136,0.008867355334125606
807585,22032,1029,43018,43,7,103370880,0.008867355334125606
807682,50704,21509,47626,43,7,103383296,0.008867355334125606
807748,3584,36869,21512,43,7,103391744,0.008867355334125606
807899,30736,38917,55818,43,7,103411072,0.008867355334125606
808006,45584,34822,4618,43,7,103424768,0.008867355334125606
808116,44048,44038,16394,43,7,103438848,0.008867355334125606
808187,42000,64518,7690,43,7,103447936,0.008867355334125606
808287,59920,51717,62986,43,7,103460736,0.008867355334125606
808322,3584,53765,8,43,7,103465216,0.008867355334125606
808463,7696,48133,60426,43,7,103483264,0.008867355334125606
808566,2576,50693,48138,43,7,103496448,0.008867355334125606
808657,42512,53765,53258,43,7,103508096,0.008867355334125606
808742,49168,54789,59402,43,7,103518976,0.008867355334125606
808886,12816,43526,10252,43,7,103537408,0.008867355334125606
808983,47632,29190,9738,43,7,103549824,0.008867355334125606
809026,16,6,520,43,7,103555328,0.008867355334125606
809143,17424,46598,13322,43,7,103570304,0.008867355334125606
809251,5136,58886,10,43,7,103584128,0.008867355334125606
809312,20496,4100,17416,43,7,103591936,0.008867355334125606
809445,28689,14342,16395,43,7,103608960,0.008867355334125606
809542,10257,10758,12810,43,7,103621376,0.008867355334125606
809721,54289,13318,50697,43,7,103644288,0.008867355334125606
809815,1553,3078,27659,43,7,103656320,0.008867355334125606
809857,16,10756,31752,43,7,103661696,0.008867355334125606
810027,10256,64006,25608,44,7,103683456,0.00941585154036018
810145,16400,58374,9737,44,7,103698560,0.00941585154036018
810226,10768,45573,46089,44,7,103708928,0.00941585154036018
810264,33296,6148,49160,44,7,103713792,0.00941585154036018
810427,28688,37893,40970,44,7,103734656,0.00941585154036018
810515,34320,63494,2057,44,7,103745920,0.00941585154036018
810613,37904,51718,8,44,7,103758464,0.00941585154036018
810697,62480,22022,5130,44,7,103769216,0.00941585154036018
810788,37903,53254,522,44,7,103780864,0.00941585154036018
810861,4623,58886,12298,44,7,103790208,0.00941585154036018
810948,59407,38918,5642,44,7,103801344,0.00941585154036018
811029,3599,46085,64010,44,7,103811712,0.00941585154036018
811105,36368,3078,2058,44,7,103821440,0.00941585154036018
811273,34816,1030,8,44,7,103842944,0.00941585154036018
811397,43024,6149,50186,44,7,103858816,0.00941585154036018
811514,36368,30213,56330,44,7,103873792,0.00941585154036018
811681,48144,13317,55306,44,7,103895168,0.00941585154036018
811753,6160,8197,50698,44,7,103904384,0.00941585154036018
811833,58896,6149,47626,44,7,103914624,0.00941585154036018
811982,47120,5637,58890,44,7,103933696,0.00941585154036018
812107,62480,8710,4618,44,7,103949696,0.00941585154036018
812235,9743,54789,64522,44,7,103966080,0.00941585154036018
812334,4111,13829,59402,44,7,103978752,0.00941585154036018
812450,64527,22021,58378,44,7,103993600,0.00941585154036018
812532,28175,32773,64523,44,7,104004096,0.00941585154036018
812613,13839,17925,62474,44,7,104014464,0.00941585154036018
812692,22542,48134,11274,44,7,104024576,0.00941585154036018
812770,49679,7174,16394,44,7,104034560,0.00941585154036018
812904,22543,35334,10,44,7,104051712,0.00941585154036018
813042,53776,34822,4106,44,7,104069376,0.00941585154036018
813127,30223,62981,56330,44,7,104080256,0.00941585154036018
813311,50192,4101,58378,44,7,104103808,0.00941585154036018
813409,24080,15877,62474,44,7,104116352,0.00941585154036018
813513,13327,55813,38410,44,7,104129664,0.00941585154036018
813637,31248,15365,40970,44,7,104145536,0.00941585154036018
813700,37888,4101,36872,44,7,104153600,0.00941585154036018
813853,53775,57861,64522,44,7,104173184,0.00941585154036018
813960,2576,4101,38410,44,7,104186880,0.00941585154036018
814065,28176,52741,55818,44,7,104200320,0.00941585154036018
814168,2065,3077,55818,44,7,104213504,0.00941585154036018
814308,11281,10758,13834,44,7,104231424,0.00941585154036018
814454,48145,17926,20491,44,7,104250112,0.00941585154036018
814579,60432,59910,14344,44,7,104266112,0.00941585154036018
814707,62480,64517,31242,44,7,104282496,0.00941585154036018
814841,16400,59909,40968,44,7,104299648,0.00941585154036018
814933,27153,10757,27146,44,7,104311424,0.00941585154036018
815099,48655,55813,48138,44,7,104332672,0.00941585154036018
815203,9744,55814,9227,45,6,52172992,0.011609836365298474
815297,528,55814,2571,45,6,52179008,0.011609836365298474
815375,25616,50694,13322,45,6,52184000,0.011609836365298474
815478,49168,26118,21002,45,6,52190592,0.011609836365298474
815614,44048,39430,23562,45,6,52199296,0.011609836365298474
815724,40976,29190,4618,45,6,52206336,0.011609836365298474
815782,48144,25094,7688,45,6,52210048,0.011609836365298474
815912,36880,5638,10,45,6,52218368,0.011609836365298474
816019,39951,56837,54282,45,6,52225216,0.011609836365298474
816163,41488,26630,9226,45,6,52234432,0.011609836365298474
816311,61967,50182,1032,45,6,52243904,0.011609836365298474
816457,26639,53254,15370,45,6,52253248,0.011609836365298474
816554,64528,6662,12298,45,6,52259456,0.011609836365298474
816644,13840,51206,4618,45,6,52265216,0.011609836365298474
816730,49168,50694,6154,45,6,52270720,0.011609836365298474
816871,59920,49158,36874,45,6,52279744,0.011609836365298474
816988,27664,25606,5642,45,6,52287232,0.011609836365298474
817115,45584,3590,1547,45,6,52295360,0.011609836365298474
817270,44559,37382,10248,45,6,52305280,0.011609836365298474
817422,62991,24581,54794,45,6,52315008,0.011609836365298474
817551,63503,52230,8202,45,6,52323264,0.011609836365298474
817696,4111,17408,8,45,6,52332544,0.011609836365298474
817824,15,20486,16392,45,6,52340736,0.011609836365298474
818306,0,37382,2056,45,6,52371584,0.011609836365298474
818440,8704,32774,2570,45,6,52380160,0.011609836365298474
818565,16384,16390,8,45,6,52388160,0.011609836365298474
818746,56336,11270,9226,45,6,52399744,0.011609836365298474
818851,6672,16902,1034,45,6,52406464,0.011609836365298474
818957,59920,13318,8714,45,6,52413248,0.011609836365298474
819072,13312,518,14344,45,6,52420608,0.011609836365298474
819201,35328,8198,1032,45,6,52428864,0.011609836365298474
819356,35344,20998,12298,45,6,52438784,0.011609836365298474
819458,61968,22534,6154,45,6,52445312,0.011609836365298474
819609,8720,34310,18954,45,6,52454976,0.011609836365298474
819724,1040,54278,29194,45,6,52462336,0.011609836365298474
819863,8208,48134,36874,45,6,52471232,0.011609836365298474
819979,46096,63494,37386,45,6,52478656,0.011609836365298474
820087,3601,9734,27658,45,6,52485568,0.011609836365298474
820238,52752,51718,16906,45,6,52495232,0.011609836365298474
820565,25104,46598,36362,45,6,52516160,0.011609836365298474
820234,1552,3078,8,45,6,52494976,0.011609836365298474
820949,14864,59910,15370,45,6,52540736,0.011609836365298474
821113,22032,62470,24585,45,6,52551232,0.011609836365298474
821190,20497,1030,33290,45,6,52556160,0.011609836365298474
821335,37392,55814,33800,45,6,52565440,0.011609836365298474
821406,3088,43014,33289,45,6,52569984,0.011609836365298474
821512,18960,49670,30217,45,6,52576768,0.011609836365298474
821590,17936,48646,12298,45,6,52581760,0.011609836365298474
821834,9744,41478,30728,46,7,105194752,0.008410275162263461
821888,14352,20486,37386,46,7,105201664,0.008410275162263461
822057,4112,33286,8,46,7,105223296,0.008410275162263461
822357,17424,58374,28682,46,7,105261696,0.008410275162263461
822476,3088,36870,26634,46,7,105276928,0.008410275162263461
822591,25616,47622,30218,46,7,105291648,0.008410275162263461
822684,46608,44550,40970,46,7,105303552,0.008410275162263461
822778,59920,32774,49162,46,7,105315584,0.008410275162263461
822866,65040,28678,47113,46,7,105326848,0.008410275162263461
822980,45072,35334,36875,46,7,105341440,0.008410275162263461
823099,35856,11270,37897,46,7,105356672,0.008410275162263461
823187,28688,8710,39433,46,7,105367936,0.008410275162263461
823272,17423,60422,30729,46,7,105378816,0.008410275162263461
823368,23056,9222,25096,46,7,105391104,0.008410275162263461
823538,33295,50694,30728,46,7,105412864,0.008410275162263461
823732,53776,12294,28682,46,7,105437696,0.008410275162263461
823855,48655,61958,14858,46,7,105453440,0.008410275162263461
823985,11792,3078,17418,46,7,105470080,0.008410275162263461
824111,3600,33286,36874,46,7,105486208,0.008410275162263461
824276,32784,13830,37898,46,7,105507328,0.008410275162263461
824436,42512,21510,30218,46,7,105527808,0.008410275162263461
824540,23056,21510,23050,46,7,105541120,0.008410275162263461
824613,40976,32774,33290,46,7,105550464,0.008410275162263461
824677,38416,25094,20490,46,7,105558656,0.008410275162263461
824748,34832,38406,33290,46,7,105567744,0.008410275162263461
824851,44048,34310,16906,46,7,105580928,0.008410275162263461
824941,46096,26630,21514,46,7,105592448,0.008410275162263461
825021,38928,10246,27146,46,7,105602688,0.008410275162263461
825113,33296,12806,43529,46,7,105614464,0.008410275162263461
825189,44560,29190,41994,46,7,105624192,0.008410275162263461
825270,54800,48134,54282,46,7,105634560,0.008410275162263461
825345,60432,57350,26634,46,7,105644160,0.008410275162263461
825424,7184,59398,25098,46,7,105654272,0.008410275162263461
825488,1552,20998,4616,46,7,105662464,0.008410275162263461
825622,27665,11270,34826,46,7,105679616,0.008410275162263461
825711,58897,16902,36874,46,7,105691008,0.008410275162263461
825789,14353,31750,46091,46,7,105700992,0.008410275162263461
825874,61969,14854,38922,46,7,105711872,0.008410275162263461
825944,51729,17414,31242,46,7,105720832,0.008410275162263461
826046,34321,18438,23051,46,7,105733888,0.008410275162263461
826144,3601,16902,34827,46,7,105746432,0.008410275162263461
826234,50705,13830,19465,46,7,105757952,0.008410275162263461
826308,57361,18950,11273,46,7,105767424,0.008410275162263461
826408,46609,4614,16905,46,7,105780224,0.008410275162263461
826483,31760,61958,31241,46,7,105789824,0.008410275162263461
826572,22545,4102,35850,46,7,105801216,0.008410275162263461
826673,35345,19974,48138,46,7,105814144,0.008410275162263461
826748,3600,64518,26121,46,7,105823744,0.008410275162263461
826839,50705,7686,17417,46,7,105835392,0.008410275162263461
826961,5649,18438,29194,47,7,105851008,0.007953194990401317
827048,58897,17414,38410,47,7,105862144,0.007953194990401317
827132,31761,6,37387,47,7,105872896,0.007953194990401317
827235,7185,3078,43529,47,7,105886080,0.007953194990401317
827317,12816,57862,50186,47,7,105896576,0.007953194990401317
827393,20496,50694,33800,47,7,105906304,0.007953194990401317
827407,6161,516,15368,47,7,105908096,0.007953194990401317
827572,17,7174,38411,47,7,105929216,0.007953194990401317
827673,22545,12294,41993,47,7,105942144,0.007953194990401317
827779,44561,19462,55306,47,7,105955712,0.007953194990401317
827871,5649,16390,47114,47,7,105967488,0.007953194990401317
827959,62481,17926,59402,47,7,105978752,0.007953194990401317
828054,51729,6150,54281,47,7,105990912,0.007953194990401317
828142,61969,17414,46601,47,7,106002176,0.007953194990401317
828235,10257,21510,35337,47,7,106014080,0.007953194990401317
828354,28177,15366,26121,47,7,106029312,0.007953194990401317
828428,29713,2054,28169,47,7,106038784,0.007953194990401317
828507,58384,55302,42505,47,7,106048896,0.007953194990401317
828594,15376,49670,38921,47,7,106060032,0.007953194990401317
828674,15376,62982,38409,47,7,106070272,0.007953194990401317
828747,16,45574,48137,47,7,106079616,0.007953194990401317
828826,27664,54790,51211,47,7,106089728,0.007953194990401317
828905,61456,56326,39432,47,7,106099840,0.007953194990401317
829020,60433,4102,40458,47,7,106114560,0.007953194990401317
829187,61457,12294,37898,47,7,106135936,0.007953194990401317
829300,19985,10246,37386,47,7,106150400,0.007953194990401317
829375,55824,53254,39946,47,7,106160000,0.007953194990401317
829447,54288,40966,37385,47,7,106169216,0.007953194990401317
829547,16912,57862,39945,47,7,106182016,0.007953194990401317
829616,32784,49158,38920,47,7,106190848,0.007953194990401317
829687,52753,16902,50186,47,7,106199936,0.007953194990401317
829778,18961,5126,28170,47,7,106211584,0.007953194990401317
829980,44048,61446,26121,47,7,106237440,0.007953194990401317
830050,16,6,9226,47,7,106246400,0.007953194990401317
830167,34833,518,35338,47,7,106261376,0.007953194990401317
830260,2065,1542,47114,47,7,106273280,0.007953194990401317
830338,6672,62982,50184,47,7,106283264,0.007953194990401317
830425,58896,40966,31241,47,7,106294400,0.007953194990401317
830510,54288,62982,49161,47,7,106305280,0.007953194990401317
830599,6672,56326,26121,47,7,106316672,0.007953194990401317
830673,46096,64006,38921,47,7,106326144,0.007953194990401317
830746,4112,56326,25097,47,7,106335488,0.007953194990401317
830851,37905,1030,27658,47,7,106348928,0.007953194990401317
830975,3600,51718,46090,47,7,106364800,0.007953194990401317
831072,10256,58374,60426,47,7,106377216,0.007953194990401317
831160,14864,64518,38921,47,7,106388480,0.007953194990401317
831240,33297,1542,36874,47,7,106398720,0.007953194990401317
831491,59408,49670,26121,48,7,106430848,0.009050187402870464
831568,26128,53766,36874,48,7,106440704,0.009050187402870464
831644,59408,54790,33289,48,7,106450432,0.009050187402870464
831730,4112,55814,43529,48,7,106461440,0.009050187402870464
831899,53265,36870,16905,48,7,106483072,0.009050187402870464
832004,16,8198,12300,48,7,106496512,0.009050187402870464
832122,13328,36870,31241,48,7,106511616,0.009050187402870464
832256,6160,1030,16904,48,7,106528768,0.009050187402870464
832384,31248,24582,34315,48,7,106545152,0.009050187402870464
832477,19984,6,39432,48,7,106557056,0.009050187402870464
832521,34304,16390,8200,48,7,106562688,0.009050187402870464
832912,6160,9734,22024,48,7,106612736,0.009050187402870464
832998,3599,62982,38408,48,7,106623744,0.009050187402870464
833085,29200,8198,35848,48,7,106634880,0.009050187402870464
833185,48656,24582,25098,48,7,106647680,0.009050187402870464
833044,4096,8198,2056,48,7,106629632,0.009050187402870464
833405,50192,14342,19467,48,7,106675840,0.009050187402870464
833472,0,4102,1032,48,7,106684416,0.009050187402870464
833657,38415,51718,14857,48,7,106708096,0.009050187402870464
833664,24591,33286,21004,48,7,106708992,0.009050187402870464
833812,24576,2054,26632,48,7,106727936,0.009050187402870464
833962,43535,36870,34824,48,7,106747136,0.009050187402870464
834107,34320,15878,31754,48,7,106765696,0.009050187402870464
834199,2064,52230,35850,48,7,106777472,0.009050187402870464
834275,31248,40966,25610,48,7,106787200,0.009050187402870464
834374,65040,33798,22538,48,7,106799872,0.009050187402870464
834453,41984,12294,8,48,7,106809984,0.009050187402870464
834600,39440,10246,27658,48,7,106828800,0.009050187402870464
834730,31248,23046,34826,48,7,106845440,0.009050187402870464
834820,64016,25606,36875,48,7,106856960,0.009050187402870464
834832,1552,5126,1032,48,7,106858496,0.009050187402870464
835080,54288,21510,24586,48,7,106890240,0.009050187402870464
835201,4624,54278,37898,48,7,106905728,0.009050187402870464
835285,29201,8710,32778,48,7,106916480,0.009050187402870464
835356,46097,45062,51723,48,7,106925568,0.009050187402870464
835333,17,2052,50185,48,7,106922624,0.009050187402870464
835591,29713,39943,6665,48,7,106955648,0.009050187402870464
835589,12305,40964,8200,48,7,106955392,0.009050187402870464
835871,10769,41990,27145,48,7,106991488,0.009050187402870464
836112,49169,49666,54280,48,7,107022336,0.009050187402870464
836285,52241,47623,10249,48,7,107044480,0.009050187402870464
836392,64017,39431,17417,48,7,107058176,0.009050187402870464
836514,12817,44038,56329,48,7,107073792,0.009050187402870464
836612,10769,19462,31753,48,7,107086336,0.009050187402870464
836732,43024,55302,45577,48,7,107101696,0.009050187402870464
836816,50192,54278,54281,49,7,107112448,0.008775939299753177
836874,42000,6,4105,49,7,107119872,0.008775939299753177
836994,6160,58374,4105,49,7,107135232,0.008775939299753177
837115,6160,43015,15372,49,7,107150720,0.008775939299753177
837214,52241,519,29193,49,7,107163392,0.008775939299753177
837301,38929,31752,5129,49,7,107174528,0.008775939299753177
837164,18449,4101,8,49,7,107156992,0.008775939299753177
837380,528,14854,22537,49,7,107184640,0.008775939299753177
837757,24592,61959,13321,49,7,107232896,0.008775939299753177
837838,51216,48134,61964,49,7,107243264,0.008775939299753177
837928,5136,36870,61961,49,7,107254784,0.008775939299753177
838038,15888,55303,2569,49,7,107268864,0.008775939299753177
838144,20992,7,12297,49,7,107282432,0.008775939299753177
838305,14351,0,26632,49,7,107303040,0.008775939299753177
838631,54799,7174,37386,49,7,107344768,0.008775939299753177
838715,25614,49158,37386,49,7,107355520,0.008775939299753177
838693,8718,0,10250,49,7,107352704,0.008775939299753177
838670,526,512,40970,49,7,107349760,0.008775939299753177
839042,8207,20486,49162,49,7,107397376,0.008775939299753177
839136,46095,44550,47114,49,7,107409408,0.008775939299753177
839240,15,5120,8,49,7,107422720,0.008775939299753177
839364,25615,36870,18442,49,7,107438592,0.008775939299753177
839489,17936,5126,29194,49,7,107454592,0.008775939299753177
839621,39439,58374,35850,49,7,107471488,0.008775939299753177
839723,48656,518,37899,49,7,107484544,0.008775939299753177
839826,5136,13318,31754,49,7,107497728,0.008775939299753177
839917,49680,53766,46602,49,7,107509376,0.008775939299753177
839944,16,57862,10250,49,7,107512832,0.008775939299753177
840338,4112,53252,44040,49,7,107563264,0.008775939299753177
840494,63504,59911,1034,49,7,107583232,0.008775939299753177
840578,33809,8196,2056,49,7,107593984,0.008775939299753177
840706,55312,1027,17928,49,7,107610368,0.008775939299753177
840712,13330,2,2057,49,7,107611136,0.008775939299753177
840750,50192,515,1545,49,7,107616000,0.008775939299753177
840736,2064,10244,49161,49,7,107614208,0.008775939299753177
841352,8721,21510,61961,49,7,107693056,0.008775939299753177
841487,33809,1543,11273,49,7,107710336,0.008775939299753177
841572,7696,55303,31753,49,7,107721216,0.008775939299753177
841668,17936,16390,10248,49,7,107733504,0.008775939299753177
841792,1553,25093,52232,49,7,107749376,0.008775939299753177
841910,56849,19463,55305,49,7,107764480,0.008775939299753177
842001,46097,40967,51209,49,7,107776128,0.008775939299753177
842247,1040,8198,8201,50,7,107807616,0.009872931712222324
842369,3088,6,16392,50,7,107823232,0.009872931712222324
842504,17424,37382,21000,50,7,107840512,0.009872931712222324
842646,19472,49158,19464,50,7,107858688,0.009872931712222324
842754,528,2054,35849,50,7,107872512,0.009872931712222324
842881,5136,46086,57353,50,7,107888768,0.009872931712222324
843000,60432,34822,51209,50,7,107904000,0.009872931712222324
843087,12816,10757,64521,50,7,107915136,0.009872931712222324
843484,8192,0,522,50,7,107965952,0.009872931712222324
843586,4112,8198,8,50,7,107979008,0.009872931712222324
843723,49167,36870,32778,50,7,107996544,0.009872931712222324
843798,12303,0,32778,50,7,108006144,0.009872931712222324
843942,36879,59398,39434,50,7,108024576,0.009872931712222324
844047,9232,17926,31754,50,7,108038016,0.009872931712222324
844249,17424,11270,29194,50,7,108063872,0.009872931712222324
844365,40976,42502,43530,50,7,108078720,0.009872931712222324
844438,24592,8198,50186,50,7,108088064,0.009872931712222324
844566,16,20486,33292,50,7,108104448,0.009872931712222324
844709,2576,41478,17418,50,7,108122752,0.009872931712222324
844811,18448,25094,24076,50,7,108135808,0.009872931712222324
844928,57344,38918,2056,50,7,108150784,0.009872931712222324
844864,16,4102,16392,50,7,108142592,0.009872931712222324
845223,15888,17413,49673,50,7,108188544,0.009872931712222324
796160,32778,0,0,50,7,101908480,0.009872931712222324
845954,12304,50182,12,50,7,108282112,0.009872931712222324
846720,1041,33284,49160,50,7,108380160,0.009872931712222324
846837,34321,42502,39433,50,7,108395136,0.009872931712222324
846952,62481,34822,33289,50,7,108409856,0.009872931712222324
847039,27665,45062,49162,50,7,108420992,0.009872931712222324
846851,4111,40966,16392,50,7,108396928,0.009872931712222324
847360,30223,0,16392,50,7,108462080,0.009872931712222324
847360,18446,8704,32776,50,7,108462080,0.009872931712222324
847680,33294,18432,40968,50,7,108503040,0.009872931712222324
847798,527,50182,2058,50,7,108518144,0.009872931712222324
847906,49168,12292,56844,50,7,108531968,0.009872931712222324
848384,16400,8196,9224,51,7,108593152,0.009050187402870464
848642,6162,16387,32777,51,7,108626176,0.009050187402870464
847893,32784,3,33288,51,7,108530304,0.009050187402870464
848898,8721,4613,2057,51,7,108658944,0.009050187402870464
849978,29711,6150,61450,51,7,108797184,0.009050187402870464
850260,3072,16391,8,51,7,108833280,0.009050187402870464
850378,42512,32262,43018,51,7,108848384,0.009050187402870464
850496,40960,32774,524,51,7,108863488,0.009050187402870464
850595,1552,13830,14348,51,7,108876160,0.009050187402870464
850704,528,18438,53768,51,7,108890112,0.009050187402870464
850854,1040,12806,41994,51,7,108909312,0.009050187402870464
851036,4624,56326,31243,51,7,108932608,0.009050187402870464
851360,21520,20998,29194,51,7,108974080,0.009050187402870464
850970,6160,6,2056,51,7,108924160,0.009050187402870464
851840,37904,32774,39432,51,7,109035520,0.009050187402870464
852112,8208,35334,1544,51,7,109070336,0.009050187402870464
852239,16400,39428,52744,51,7,109086592,0.009050187402870464
852354,39441,16901,4104,51,7,109101312,0.009050187402870464
852512,57873,14342,65034,51,7,109121536,0.009050187402870464
852480,8209,4100,51721,51,7,109117440,0.009050187402870464
852673,4112,62468,32777,51,7,109142144,0.009050187402870464
852819,30737,18950,59917,51,7,109160832,0.009050187402870464
852922,5137,1542,53773,51,7,109174016,0.009050187402870464
853030,32272,65030,53257,51,7,109187840,0.009050187402870464
853140,37904,47623,17416,51,7,109201920,0.009050187402870464
1706370,2081,18444,18,51,7,218415360,0.009050187402870464
1573384,32,4096,0,51,7,201393152,0.009050187402870464
1706931,48162,51213,18452,51,7,218487168,0.009050187402870464
1707336,1056,8,4114,51,7,218539008,0.009050187402870464
1708042,32803,9,32785,52,6,109314688,0.019288783252582504
1708294,12322,13320,12307,52,6,109330816,0.019288783252582504
1708544,13346,4105,8211,52,6,109346816,0.019288783252582504
1708800,7202,12296,16402,52,6,109363200,0.019288783252582504
1709700,32,13,16,52,6,109420800,0.019288783252582504
1709970,5153,17421,32785,52,6,109438080,0.019288783252582504
1710130,33,12300,16401,52,6,109448320,0.019288783252582504
1710340,8225,32780,2071,52,6,109461760,0.019288783252582504
1710951,25634,1037,28692,52,6,109500864,0.019288783252582504
1711146,30753,29708,55316,52,6,109513344,0.019288783252582504
1711322,63520,4108,32784,52,6,109524608,0.019288783252582504
1711519,49185,46093,12314,52,6,109537216,0.019288783252582504
1711761,40992,4109,16404,52,6,109552704,0.019288783252582504
1711877,4128,36876,8210,52,6,109560128,0.019288783252582504
1712146,1056,8205,2064,52,6,109577344,0.019288783252582504
1712400,53248,59404,34832,52,6,109593600,0.019288783252582504
1712640,12288,57356,16400,52,6,109608960,0.019288783252582504
1712679,16416,19469,1040,52,6,109611456,0.019288783252582504
1712128,51232,8205,8212,52,6,109576192,0.019288783252582504
1713193,32,45069,24592,52,6,109644352,0.019288783252582504
1714099,62496,45069,9235,52,6,109702336,0.019288783252582504
1714184,32800,13,13328,52,6,109707776,0.019288783252582504
1714635,62496,52238,63508,52,6,109736640,0.019288783252582504
1714816,3073,1036,61456,52,6,109748224,0.019288783252582504
1715085,7200,6156,1040,52,6,109765440,0.019288783252582504
1715292,19488,62477,40980,52,6,109778688,0.019288783252582504
1715522,19489,2060,2068,52,6,109793408,0.019288783252582504
1715744,1057,16394,12308,52,6,109807616,0.019288783252582504
1715947,38945,45070,18452,52,6,109820608,0.019288783252582504
1712150,32801,17420,24596,52,6,109577600,0.019288783252582504
1716372,1056,12,3089,52,6,109847808,0.019288783252582504
1716636,40993,22541,19482,52,6,109864704,0.019288783252582504
1716843,8225,31757,43029,52,6,109877952,0.019288783252582504
1717130,27681,13325,62483,52,6,109896320,0.019288783252582504
1717296,43041,14350,44058,52,6,109906944,0.019288783252582504
1717507,24610,24590,37908,52,6,109920448,0.019288783252582504
1717661,18466,58382,5140,52,6,109930304,0.019288783252582504
1718152,20514,43022,23572,52,6,109961728,0.019288783252582504
1718377,7202,21518,20,52,6,109976128,0.019288783252582504
1718597,25635,28687,26,52,6,109990208,0.019288783252582504
1718818,1058,41998,28691,52,6,110004352,0.019288783252582504
1718823,35,2056,32787,53,6,110004672,0.0180089587713685
1719310,64546,62478,20499,53,6,110035840,0.0180089587713685
1719505,29730,16398,22547,53,6,110048320,0.0180089587713685
1719676,48162,32782,49170,53,6,110059264,0.0180089587713685
1719838,42018,46094,29714,53,6,110069632,0.0180089587713685
1720107,1057,51214,5139,53,6,110086848,0.0180089587713685
1720548,34,27662,59411,53,6,110115072,0.0180089587713685
1720760,61474,30735,12307,53,6,110128640,0.0180089587713685
1720949,18465,55310,52243,53,6,110140736,0.0180089587713685
1721113,60450,22542,25620,53,6,110151232,0.0180089587713685
1720329,18466,7176,1040,53,6,110101056,0.0180089587713685
1721584,40994,21517,28691,53,6,110181376,0.0180089587713685
1721896,23586,4105,36883,53,6,110201344,0.0180089587713685
1722152,43041,55310,10258,53,6,110217728,0.0180089587713685
1722457,18464,61454,1043,53,6,110237248,0.0180089587713685
1722652,28704,15373,21523,53,6,110249728,0.0180089587713685
1722861,26656,55308,46099,53,6,110263104,0.0180089587713685
1723074,47136,33804,55316,53,6,110276736,0.0180089587713685
1723237,58400,13325,27671,53,6,110287168,0.0180089587713685
1723416,30752,45069,45076,53,6,110298624,0.0180089587713685
1723661,53281,26638,15380,53,6,110314304,0.0180089587713685
1723840,56352,55310,22547,53,6,110325760,0.0180089587713685
1724055,42016,50189,60439,53,6,110339520,0.0180089587713685
1724224,39968,50189,50199,53,6,110350336,0.0180089587713685
1724413,49184,60429,35863,53,6,110362432,0.0180089587713685
1724687,22560,54285,1043,53,6,110379968,0.0180089587713685
1725097,33824,62477,54292,53,6,110406208,0.0180089587713685
1725280,25632,45069,52240,53,6,110417920,0.0180089587713685
1725477,5152,15373,52243,53,6,110430528,0.0180089587713685
1725721,39968,62477,25621,53,6,110446144,0.0180089587713685
1726135,51232,27661,62483,53,6,110472640,0.0180089587713685
1726310,57377,15374,11284,53,6,110483840,0.0180089587713685
1726481,1057,22542,1044,53,6,110494784,0.0180089587713685
1726703,20513,52238,6163,53,6,110508992,0.0180089587713685
1726867,18464,54285,40980,53,6,110519488,0.0180089587713685
1727071,61473,46093,50195,53,6,110532544,0.0180089587713685
1727229,17441,41997,46100,53,6,110542656,0.0180089587713685
1727395,22562,5133,46099,53,6,110553280,0.0180089587713685
1727528,40994,10,4116,53,6,110561792,0.0180089587713685
1727805,64545,37902,6160,53,6,110579520,0.0180089587713685
1728149,17442,12301,53268,53,6,110601536,0.0180089587713685
1728314,5154,31757,30740,53,6,110612096,0.0180089587713685
1720321,34,16394,16,53,6,110100544,0.0180089587713685
1728725,61474,33806,42004,53,6,110638400,0.0180089587713685
1728923,6179,17423,35860,53,6,110651072,0.0180089587713685
1729134,58403,2063,61459,53,6,110664576,0.0180089587713685
1729353,62499,6159,27666,53,6,110678592,0.0180089587713685
1728578,4128,6144,1043,54,6,110628992,0.02038577566505165
1729544,32800,12296,16402,54,6,110690816,0.02038577566505165
1730014,6180,47120,40978,54,6,110720896,0.02038577566505165
1730261,37,11281,59410,54,6,110736704,0.02038577566505165
1730431,25637,51219,1043,54,6,110747584,0.02038577566505165
1730617,58405,42002,38931,54,6,110759488,0.02038577566505165
1730840,33829,61458,54292,54,6,110773760,0.02038577566505165
1731020,12326,55315,2064,54,6,110785280,0.02038577566505165
1731187,30758,20498,63507,54,6,110795968,0.02038577566505165
1731409,18470,9234,49170,54,6,110810176,0.02038577566505165
1731652,5157,33808,46099,54,6,110825728,0.02038577566505165
1731603,30756,32768,18,54,6,110822592,0.02038577566505165
1732101,6180,9231,18451,54,6,110854464,0.02038577566505165
1732341,60450,9230,64531,54,6,110869824,0.02038577566505165
1732499,60449,1038,54291,54,6,110879936,0.02038577566505165
1732701,38945,52239,20,54,6,110892864,0.02038577566505165
1733204,35873,11277,57362,54,6,110925056,0.02038577566505165
1733492,33,4110,17429,54,6,110943488,0.02038577566505165
1733641,26657,16398,10261,54,6,110953024,0.02038577566505165
1733875,59425,28686,27668,54,6,110968000,0.02038577566505165
1734057,36897,26638,12308,54,6,110979648,0.02038577566505165
1734162,38944,1034,20,54,6,110986368,0.02038577566505165
1734438,20512,8202,32789,54,6,111004032,0.02038577566505165
1734710,19489,59406,60436,54,6,111021440,0.02038577566505165
1734880,18465,16394,18450,54,6,111032320,0.02038577566505165
1735195,51233,37902,37907,54,6,111052480,0.02038577566505165
1735777,24609,53263,20,54,6,111089728,0.02038577566505165
1735936,14369,26638,12311,54,6,111099904,0.02038577566505165
1736183,15391,11277,36884,54,6,111115712,0.02038577566505165
1736415,64544,61453,37910,54,6,111130560,0.02038577566505165
1736816,20513,30733,42004,54,6,111156224,0.02038577566505165
1736966,54305,30733,37908,54,6,111165824,0.02038577566505165
1737214,36897,46093,25619,54,6,111181696,0.02038577566505165
1737300,32,4106,34842,54,6,111187200,0.02038577566505165
1737539,51233,49166,6164,54,6,111202496,0.02038577566505165
1737774,54306,26634,54292,54,6,111217536,0.02038577566505165
1737933,16418,25608,16402,54,6,111227712,0.02038577566505165
1738199,49187,38926,4115,54,6,111244736,0.02038577566505165
1738430,45091,52238,46096,54,6,111259520,0.02038577566505165
1738599,57379,51214,30739,54,6,111270336,0.02038577566505165
163840,16387,47110,20480,54,6,10485760,0.02038577566505165
1738995,30754,38925,60439,54,6,111295680,0.02038577566505165
1739219,62499,16397,9236,54,6,111310016,0.02038577566505165
1739386,47139,20492,57363,54,6,111320704,0.02038577566505165
1739589,42019,1037,30739,54,6,111333696,0.02038577566505165
1739834,31778,46094,25618,54,6,111349376,0.02038577566505165
1739994,6179,29711,18,54,6,111359616,0.02038577566505165
1740219,56355,16399,17425,55,6,111374016,0.017277630496389067
1740374,37922,52238,64529,55,6,111383936,0.017277630496389067
1740639,29729,60430,34833,55,6,111400896,0.017277630496389067
1740785,26658,5133,50194,55,6,111410240,0.017277630496389067
1740960,2081,16392,53274,55,6,111421440,0.017277630496389067
1741342,46111,36878,4115,55,6,111445888,0.017277630496389067
1741619,50209,37901,44048,55,6,111463616,0.017277630496389067
1741833,64546,54287,7187,55,6,111477312,0.017277630496389067
1742081,42019,3087,47123,55,6,111493184,0.017277630496389067
1742240,58403,21519,38928,55,6,111503360,0.017277630496389067
1742407,35875,11279,1042,55,6,111514048,0.017277630496389067
1742629,31778,36878,18,55,6,111528256,0.017277630496389067
1183745,49152,1030,8218,55,6,75759680,0.017277630496389067
1743045,34849,24590,28691,55,6,111554880,0.017277630496389067
1743299,50209,19471,2068,55,6,111571136,0.017277630496389067
1743515,10273,30733,58387,55,6,111584960,0.017277630496389067
1743706,32801,37901,54288,55,6,111597184,0.017277630496389067
1743898,25633,60429,37908,55,6,111609472,0.017277630496389067
1744158,30753,30732,46099,55,6,111626112,0.017277630496389067
1744317,23585,14348,53264,55,6,111636288,0.017277630496389067
1744481,51233,34828,62484,55,6,111646784,0.017277630496389067
1744690,36898,40973,11284,55,6,111660160,0.017277630496389067
1744894,40994,5133,27667,55,6,111673216,0.017277630496389067
1745081,55329,43021,3090,55,6,111685184,0.017277630496389067
1745261,58402,10254,6170,55,6,111696704,0.017277630496389067
1745508,60450,14350,34836,55,6,111712512,0.017277630496389067
1745668,22561,48142,29715,55,6,111722752,0.017277630496389067
1745865,14369,43022,21523,55,6,111735360,0.017277630496389067
1746058,8225,61454,26644,55,6,111747712,0.017277630496389067
1746232,2082,40974,8211,55,6,111758848,0.017277630496389067
1746421,12322,12301,11283,55,6,111770944,0.017277630496389067
1746601,28705,53262,5140,55,6,111782464,0.017277630496389067
1746822,58402,9229,52243,55,6,111796608,0.017277630496389067
1746992,54305,63503,11284,55,6,111807488,0.017277630496389067
1747171,38945,60432,12304,55,6,111818944,0.017277630496389067
1747352,61474,60431,49172,55,6,111830528,0.017277630496389067
1747578,56355,40975,6160,55,6,111844992,0.017277630496389067
1747808,31779,22541,24595,55,6,111859712,0.017277630496389067
1748014,9251,8205,54288,55,6,111872896,0.017277630496389067
1748225,62499,5134,59411,55,6,111886400,0.017277630496389067
1748402,9250,18446,55315,55,6,111897728,0.017277630496389067
1748579,55330,43023,38928,55,6,111909056,0.017277630496389067
1748726,12323,9231,42003,55,6,111918464,0.017277630496389067
1748888,45090,63503,18451,55,6,111928832,0.017277630496389067
1749065,39971,17422,12307,55,6,111940160,0.017277630496389067
1749292,35,15374,45072,55,6,111954688,0.017277630496389067
1749461,30754,22542,32787,55,6,111965504,0.017277630496389067
1749677,63522,43022,60432,55,6,111979328,0.017277630496389067
1749837,16418,19470,46099,55,6,111989568,0.017277630496389067
1749996,18466,38926,11283,55,6,111999744,0.017277630496389067
1750228,26658,2062,22547,56,6,112014592,0.017643294633878783
1750368,54306,25614,9234,56,6,112023552,0.017643294633878783
1750581,1058,33805,3088,56,6,112037184,0.017643294633878783
1750750,59426,59405,44051,56,6,112048000,0.017643294633878783
1750949,30754,15374,44052,56,6,112060736,0.017643294633878783
1751349,25634,17423,27667,56,6,112086336,0.017643294633878783
1751509,63522,10255,9234,56,6,112096576,0.017643294633878783
1751726,34849,54286,20499,56,6,112110464,0.017643294633878783
1751890,61474,38926,13328,56,6,112120960,0.017643294633878783
1752116,31778,45070,48146,56,6,112135424,0.017643294633878783
1752286,59425,50190,38931,56,6,112146304,0.017643294633878783
1752450,3106,20494,13330,56,6,112156800,0.017643294633878783
1752625,63522,21518,54291,56,6,112168000,0.017643294633878783
1752875,55329,44045,35858,56,6,112184000,0.017643294633878783
1753039,29729,35854,5139,56,6,112194496,0.017643294633878783
1753252,15393,26637,27667,56,6,112208128,0.017643294633878783
1753423,40992,56333,25623,56,6,112219072,0.017643294633878783
1753607,3104,54285,42007,56,6,112230848,0.017643294633878783
1753798,49184,53261,40980,56,6,112243072,0.017643294633878783
1754104,5152,58380,23575,56,6,112262656,0.017643294633878783
1754258,38945,6156,55312,56,6,112272512,0.017643294633878783
1754461,61473,16397,50197,56,6,112285504,0.017643294633878783
1754681,2081,26637,55317,56,6,112299584,0.017643294633878783
1754825,55329,49166,28692,56,6,112308800,0.017643294633878783
1754996,56353,11278,30741,56,6,112319744,0.017643294633878783
1755220,13345,10253,63508,56,6,112334080,0.017643294633878783
1755417,60448,61453,25620,56,6,112346688,0.017643294633878783
1755637,29729,23564,45077,56,6,112360768,0.017643294633878783
1755862,31777,23564,27669,56,6,112375168,0.017643294633878783
1756057,8225,16393,12304,56,6,112387648,0.017643294633878783
1756287,47137,5134,30740,56,6,112402368,0.017643294633878783
1756635,51233,59407,7188,56,6,112424640,0.017643294633878783
1756807,1058,1038,34837,56,6,112435648,0.017643294633878783
1757006,44066,19469,28691,56,6,112448384,0.017643294633878783
1757219,28706,57357,49172,56,6,112462016,0.017643294633878783
1757387,15395,4109,49171,56,6,112472768,0.017643294633878783
1757496,32,5128,1044,56,6,112479744,0.017643294633878783
1757846,39971,26640,5143,56,6,112502144,0.017643294633878783
1758084,5155,33807,22547,56,6,112517376,0.017643294633878783
1758334,44067,49167,1043,56,6,112533376,0.017643294633878783
1758524,58403,43022,20499,56,6,112545536,0.017643294633878783
1758760,61475,33807,18451,56,6,112560640,0.017643294633878783
1758953,48163,34831,33815,56,6,112572992,0.017643294633878783
1759131,1059,22544,2066,56,6,112584384,0.017643294633878783
1759285,62499,6158,57362,56,6,112594240,0.017643294633878783
1759566,6179,8206,38931,56,6,112612224,0.017643294633878783
1759719,30755,14350,19,56,6,112622016,0.017643294633878783
1759879,4130,30734,19475,56,6,112632256,0.017643294633878783
1760034,44066,35854,18,56,6,112642176,0.017643294633878783
1760249,49186,48141,22547,57,6,112655936,0.01791754273699607
1760466,22563,14,3091,57,6,112669824,0.01791754273699607
1760644,58402,52239,17428,57,6,112681216,0.01791754273699607
1760791,14370,49167,17428,57,6,112690624,0.01791754273699607
1760935,51235,5135,37908,57,6,112699840,0.01791754273699607
1761177,58402,52238,30739,57,6,112715328,0.01791754273699607
1761359,54306,63502,44051,57,6,112726976,0.01791754273699607
1761528,48162,21518,40979,57,6,112737792,0.01791754273699607
1761831,27683,12303,7184,57,6,112757184,0.01791754273699607
1762054,61474,28686,38935,57,6,112771456,0.01791754273699607
1762257,7202,19470,13332,57,6,112784448,0.01791754273699607
1762464,4130,4109,37907,57,6,112797696,0.01791754273699607
1762628,12322,28685,61460,57,6,112808192,0.01791754273699607
1762796,31777,58382,9236,57,6,112818944,0.01791754273699607
1762953,40994,10254,53268,57,6,112828992,0.01791754273699607
1763215,63522,8206,53267,57,6,112845760,0.01791754273699607
1763398,31778,29710,37906,57,6,112857472,0.01791754273699607
1763663,36898,27662,8211,57,6,112874432,0.01791754273699607
1763860,25634,47118,9237,57,6,112887040,0.01791754273699607
1764112,45090,21517,55316,57,6,112903168,0.01791754273699607
1764268,17441,57357,58388,57,6,112913152,0.01791754273699607
1764452,25633,51214,28688,57,6,112924928,0.01791754273699607
1764690,22561,61454,14355,57,6,112940160,0.01791754273699607
1764861,19489,39950,5141,57,6,112951104,0.01791754273699607
1765081,53282,19469,42003,57,6,112965184,0.01791754273699607
1765277,18465,14349,27668,57,6,112977728,0.01791754273699607
1765467,29730,13325,31764,57,6,112989888,0.01791754273699607
1765697,59426,20493,11284,57,6,113004608,0.01791754273699607
1765859,12321,57358,12309,57,6,113014976,0.01791754273699607
1766120,35873,54286,16407,57,6,113031680,0.01791754273699607
1766375,43041,62478,17428,57,6,113048000,0.01791754273699607
1766611,17441,62478,2064,57,6,113063104,0.01791754273699607
1766767,14370,9230,2071,57,6,113073088,0.01791754273699607
1767026,27682,9230,1040,57,6,113089664,0.01791754273699607
1767165,24609,45070,26643,57,6,113098560,0.01791754273699607
1767452,8226,23566,17427,57,6,113116928,0.01791754273699607
1767660,19490,16398,49171,57,6,113130240,0.01791754273699607
1767864,22562,2062,6163,57,6,113143296,0.01791754273699607
1768048,60450,11277,29716,57,6,113155072,0.01791754273699607
1768206,46114,17421,53267,57,6,113165184,0.01791754273699607
1768450,9249,30734,7187,57,6,113180800,0.01791754273699607
1768645,27681,55310,1044,57,6,113193280,0.01791754273699607
1768815,8225,36878,30740,57,6,113204160,0.01791754273699607
1769059,52258,13326,38931,57,6,113219776,0.01791754273699607
1769243,17441,40974,4115,57,6,113231552,0.01791754273699607
1769414,46113,36877,6167,57,6,113242496,0.01791754273699607
1769592,45088,53261,40980,57,6,113253888,0.01791754273699607
1769860,24608,63501,45077,57,6,113271040,0.01791754273699607
1769987,35872,45070,1044,57,6,113279168,0.01791754273699607
1770219,63520,28686,4117,57,6,113294016,0.01791754273699607
1770489,26656,40973,36885,58,6,113311296,0.020202943596306793
1770669,33825,13325,36884,58,6,113322816,0.020202943596306793
1771023,20512,44045,25620,58,6,113345472,0.020202943596306793
1771204,12321,17422,11285,58,6,113357056,0.020202943596306793
1771538,51232,57358,5140,58,6,113378432,0.020202943596306793
1771731,39968,40974,17428,58,6,113390784,0.020202943596306793
1771925,26656,29709,54292,58,6,113403200,0.020202943596306793
1772146,59424,16397,16404,58,6,113417344,0.020202943596306793
1772320,64544,45069,29712,58,6,113428480,0.020202943596306793
1772503,2079,54285,20500,58,6,113440192,0.020202943596306793
1772752,47135,59406,7188,58,6,113456128,0.020202943596306793
1773061,2080,8204,27,58,6,113475904,0.020202943596306793
1773152,5152,16397,1044,58,6,113481728,0.020202943596306793
1773589,61472,64524,55316,58,6,113509696,0.020202943596306793
1773843,53280,29708,61461,58,6,113525952,0.020202943596306793
1773960,14368,16396,16400,58,6,113533440,0.020202943596306793
1774215,22560,35853,17428,58,6,113549760,0.020202943596306793
1774425,1057,3086,9237,58,6,113563200,0.020202943596306793
1774640,45088,61453,59412,58,6,113576960,0.020202943596306793
1774920,42017,35853,43029,58,6,113594880,0.020202943596306793
1775081,32801,60430,19477,58,6,113605184,0.020202943596306793
1775322,35874,34829,63515,58,6,113620608,0.020202943596306793
1775484,23586,8205,26644,58,6,113630976,0.020202943596306793
1775664,37923,18445,45076,58,6,113642496,0.020202943596306793
1775904,31779,4109,19475,58,6,113657856,0.020202943596306793
1776208,49188,6,32786,58,6,113677312,0.020202943596306793
1776429,47140,44046,53267,58,6,113691456,0.020202943596306793
1776667,61475,55311,40976,58,6,113706688,0.020202943596306793
1776936,42021,12304,22546,58,6,113723904,0.020202943596306793
1777106,51236,55312,22546,58,6,113734784,0.020202943596306793
1777323,24612,43022,49169,58,6,113748672,0.020202943596306793
1777805,2081,1030,22547,58,6,113779520,0.020202943596306793
1778085,21538,50190,60435,58,6,113797440,0.020202943596306793
1778372,63523,2063,58386,58,6,113815808,0.020202943596306793
1778652,39971,14351,36881,58,6,113833728,0.020202943596306793
1778888,6178,56336,3088,58,6,113848832,0.020202943596306793
1779141,4132,23568,51216,58,6,113865024,0.020202943596306793
1779364,16418,27648,4113,58,6,113879296,0.020202943596306793
1779728,46114,58384,49171,58,6,113902592,0.020202943596306793
1780047,30754,21519,40978,58,6,113923008,0.020202943596306793
1780238,23585,19470,49171,58,6,113935232,0.020202943596306793
1780243,50209,12,20,58,6,113935552,0.020202943596306793
1781061,32800,38927,5139,58,6,113987904,0.020202943596306793
1781282,26655,49166,37911,58,6,114002048,0.020202943596306793
1781802,50205,48141,15381,59,6,114035328,0.016729134290154494
1781932,10269,43021,13333,59,6,114043648,0.016729134290154494
1782134,24604,34829,14357,59,6,114056576,0.016729134290154494
1782282,1053,1,40980,59,6,114066048,0.016729134290154494
1782528,43039,4096,24596,59,6,114081792,0.016729134290154494
1782761,30750,55310,9237,59,6,114096704,0.016729134290154494
1782944,10271,29710,3093,59,6,114108416,0.016729134290154494
1783274,25632,22541,47124,59,6,114129536,0.016729134290154494
1783360,0,12,16404,59,6,114135040,0.016729134290154494
1783552,36896,12,2065,59,6,114147328,0.016729134290154494
1783846,27680,13,13329,59,6,114166144,0.016729134290154494
1784093,56353,49164,18453,59,6,114181952,0.016729134290154494
1784296,26657,47117,8213,59,6,114194944,0.016729134290154494
1784480,53282,1037,16404,59,6,114206720,0.016729134290154494
1784655,59425,60429,29717,59,6,114217920,0.016729134290154494
1784791,16418,49166,24597,59,6,114226624,0.016729134290154494
1784991,11298,57357,53268,59,6,114239424,0.016729134290154494
1785427,54307,1039,13331,59,6,114267328,0.016729134290154494
1785628,3108,31759,53266,59,6,114280192,0.016729134290154494
1785811,2084,62479,58386,59,6,114291904,0.016729134290154494
1785970,6180,12303,40977,59,6,114302080,0.016729134290154494
1786127,28707,18447,4115,59,6,114312128,0.016729134290154494
1786293,43042,60430,44050,59,6,114322752,0.016729134290154494
1786368,32800,33803,17426,59,6,114327552,0.016729134290154494
1786828,35874,38927,61459,59,6,114356992,0.016729134290154494
1787008,56353,40975,34834,59,6,114368512,0.016729134290154494
1787251,12321,51216,22546,59,6,114384064,0.016729134290154494
1787409,21538,55312,44051,59,6,114394176,0.016729134290154494
1787586,15395,35857,58388,59,6,114405504,0.016729134290154494
1787712,35,2048,9232,59,6,114413568,0.016729134290154494
1787936,42019,40961,20,59,6,114427904,0.016729134290154494
1788168,22563,16384,2066,59,6,114442752,0.016729134290154494
1788395,46114,3086,58386,59,6,114457280,0.016729134290154494
1788420,2080,5134,40978,59,6,114458880,0.016729134290154494
1788805,14368,8204,4115,59,6,114483520,0.016729134290154494
1788933,4128,10,8215,59,6,114491712,0.016729134290154494
1789450,40993,38927,6164,59,6,114524800,0.016729134290154494
1789720,32800,10,38930,59,6,114542080,0.016729134290154494
1789962,27680,49166,11284,59,6,114557568,0.016729134290154494
1790134,61472,26637,63504,59,6,114568576,0.016729134290154494
1790338,26657,8205,53269,59,6,114581632,0.016729134290154494
1790500,44065,21518,18452,59,6,114592000,0.016729134290154494
1790675,26657,32782,18452,59,6,114603200,0.016729134290154494
1790834,50209,11278,32788,59,6,114613376,0.016729134290154494
1790975,23585,6158,47124,59,6,114622400,0.016729134290154494
1791181,54305,49166,30740,60,6,114635584,0.01709479842764421
1791362,21536,49165,52244,60,6,114647168,0.01709479842764421
1791524,47135,49165,18452,60,6,114657536,0.01709479842764421
1791679,16416,52237,36884,60,6,114667456,0.01709479842764421
1791754,12320,12,2065,60,6,114672256,0.01709479842764421
1792011,32,2060,16401,60,6,114688704,0.01709479842764421
1792264,45088,16397,12308,60,6,114704896,0.01709479842764421
1792492,33,32780,1044,60,6,114719488,0.01709479842764421
1792716,30753,58382,52243,60,6,114733824,0.01709479842764421
1792904,43042,13326,54292,60,6,114745856,0.01709479842764421
1793367,15392,20493,34836,60,6,114775488,0.01709479842764421
1793552,2080,32781,4113,60,6,114787328,0.01709479842764421
1793824,19489,1037,25621,60,6,114804736,0.01709479842764421
1794016,64544,20493,35860,60,6,114817024,0.01709479842764421
1794227,48159,35853,46099,60,6,114830528,0.01709479842764421
1794425,20512,29710,57364,60,6,114843200,0.01709479842764421
1794688,19490,20490,8208,60,6,114860032,0.01709479842764421
1794824,1058,10,32786,60,6,114868736,0.01709479842764421
1795160,61474,11279,53271,60,6,114890240,0.01709479842764421
1795337,9250,28687,8211,60,6,114901568,0.01709479842764421
1795531,13346,62478,60436,60,6,114913984,0.01709479842764421
533592,2080,1032,0,60,6,34149888,0.01709479842764421
1795827,58403,18446,60435,60,6,114932928,0.01709479842764421
1795978,42019,56335,40978,60,6,114942592,0.01709479842764421
1796170,12324,47120,19,60,6,114954880,0.01709479842764421
1796280,24608,55303,33810,60,6,114961920,0.01709479842764421
1796496,1056,45062,43026,60,6,114975744,0.01709479842764421
1796641,35876,1029,16,60,6,114985024,0.01709479842764421
1796937,36,6,46097,60,6,115003968,0.01709479842764421
1797171,11299,28686,35863,60,6,115018944,0.01709479842764421
1797364,35875,30733,46098,60,6,115031296,0.01709479842764421
1797530,36899,19469,43026,60,6,115041920,0.01709479842764421
1797693,55330,25613,26643,60,6,115052352,0.01709479842764421
1797836,48161,19469,34837,60,6,115061504,0.01709479842764421
1797998,22559,54285,45076,60,6,115071872,0.01709479842764421
1798370,20511,30734,3091,60,6,115095680,0.01709479842764421
1798557,57374,60430,5140,60,6,115107648,0.01709479842764421
1798702,45087,51214,35863,60,6,115116928,0.01709479842764421
1798856,3104,53263,19,60,6,115126784,0.01709479842764421
1798180,32,0,19,60,6,115083520,0.01709479842764421
1799168,34850,2050,4117,60,6,115146752,0.01709479842764421
1799720,61475,1025,8210,60,6,115182080,0.01709479842764421
1800013,13347,64529,46103,60,6,115200832,0.01709479842764421
1800402,48164,13329,6163,61,6,115225728,0.017551878599506354
1800238,32805,20482,16405,61,6,115215232,0.017551878599506354
1800897,37,1025,17,61,6,115257408,0.017551878599506354
1801124,8228,1024,8210,61,6,115271936,0.017551878599506354
1801334,1059,11281,18,61,6,115285376,0.017551878599506354
1801532,56355,15,6162,61,6,115298048,0.017551878599506354
1801734,54305,41999,14354,61,6,115310976,0.017551878599506354
1802137,54304,3086,2067,61,6,115336768,0.017551878599506354
1802306,12319,33805,37904,61,6,115347584,0.017551878599506354
1802466,9246,49165,36884,61,6,115357824,0.017551878599506354
1802639,30,47117,53268,61,6,115368896,0.017551878599506354
1802800,51230,24589,54292,61,6,115379200,0.017551878599506354
1802981,64543,5133,49172,61,6,115390784,0.017551878599506354
1803133,27679,15373,2071,61,6,115400512,0.017551878599506354
1802272,16385,9216,2069,61,6,115345408,0.017551878599506354
1803265,1024,12302,2068,61,6,115408960,0.017551878599506354
1803673,0,1036,40981,61,6,115435072,0.017551878599506354
1803982,37920,44045,32789,61,6,115454848,0.017551878599506354
1804346,11296,12,17,61,6,115478144,0.017551878599506354
1804544,4128,8204,49173,61,6,115490816,0.017551878599506354
1804839,43041,2062,10260,61,6,115509696,0.017551878599506354
1804996,1058,1032,32790,61,6,115519744,0.017551878599506354
1805213,31778,9230,54291,61,6,115533632,0.017551878599506354
1805410,58401,55310,27667,61,6,115546240,0.017551878599506354
1805584,52258,13326,5140,61,6,115557376,0.017551878599506354
1805759,29729,47117,53264,61,6,115568576,0.017551878599506354
1805933,21537,20493,52243,61,6,115579712,0.017551878599506354
1806068,30753,12302,24595,61,6,115588352,0.017551878599506354
1806254,29730,5134,35859,61,6,115600256,0.017551878599506354
1806446,38945,45071,17428,61,6,115612544,0.017551878599506354
1806736,16418,10250,9232,61,6,115631104,0.017551878599506354
1806956,34,10250,32791,61,6,115645184,0.017551878599506354
1807155,17442,31758,57364,61,6,115657920,0.017551878599506354
1807372,21538,22543,9235,61,6,115671808,0.017551878599506354
1807527,5154,36879,5139,61,6,115681728,0.017551878599506354
1807362,32802,32776,53266,61,6,115671168,0.017551878599506354
1808056,10274,12302,29714,61,6,115715584,0.017551878599506354
1808250,59426,21518,19475,61,6,115728000,0.017551878599506354
1808421,8226,5133,39954,61,6,115738944,0.017551878599506354
1808570,17441,63502,13331,61,6,115748480,0.017551878599506354
1808668,32,18442,6163,61,6,115754752,0.017551878599506354
1808921,39969,47118,23572,61,6,115770944,0.017551878599506354
1809152,5154,36878,58388,61,6,115785728,0.017551878599506354
1809303,38946,52238,49172,61,6,115795392,0.017551878599506354
1809669,6178,58382,35863,62,6,115818816,0.01535789377456806
1809837,36899,8207,5136,62,6,115829568,0.01535789377456806
1810002,40994,58383,13332,62,6,115840128,0.01535789377456806
1810142,46115,13327,35862,62,6,115849088,0.01535789377456806
1810311,36899,15,22547,62,6,115859904,0.01535789377456806
1810438,20512,2,50195,62,6,115868032,0.01535789377456806
1810651,9251,20494,54290,62,6,115881664,0.01535789377456806
1810851,43043,21518,45075,62,6,115894464,0.01535789377456806
1811024,40995,24590,42002,62,6,115905536,0.01535789377456806
1811311,57378,30735,2067,62,6,115923904,0.01535789377456806
1811490,34850,10254,57362,62,6,115935360,0.01535789377456806
1811653,62498,53263,24595,62,6,115945792,0.01535789377456806
1811840,22562,13326,48146,62,6,115957760,0.01535789377456806
1811520,43040,2058,49171,62,6,115937280,0.01535789377456806
1812219,36898,11278,6163,62,6,115982016,0.01535789377456806
1812360,4128,10,4115,62,6,115991040,0.01535789377456806
1812635,6177,55311,2067,62,6,116008640,0.01535789377456806
1812799,61473,59406,37907,62,6,116019136,0.01535789377456806
1812941,17442,1038,59411,62,6,116028224,0.01535789377456806
1813263,54306,25614,35856,62,6,116048832,0.01535789377456806
1813460,34850,17421,49171,62,6,116061440,0.01535789377456806
1813629,46113,62477,52243,62,6,116072256,0.01535789377456806
1813768,34850,16397,53264,62,6,116081152,0.01535789377456806
1813890,32,10,14354,62,6,116088960,0.01535789377456806
1814134,20513,16398,2067,62,6,116104576,0.01535789377456806
1814280,20513,1036,18451,62,6,116113920,0.01535789377456806
1814539,48160,61453,50195,62,6,116130496,0.01535789377456806
1814821,37921,15372,60437,62,6,116148544,0.01535789377456806
1814912,4128,34828,21,62,6,116154368,0.01535789377456806
1815083,9248,44044,25620,62,6,116165312,0.01535789377456806
1815296,6176,49164,20,62,6,116178944,0.01535789377456806
1815584,16417,2060,23,62,6,116197376,0.01535789377456806
1815658,5152,34828,17427,62,6,116202112,0.01535789377456806
1816098,3105,52238,29715,62,6,116230272,0.01535789377456806
1816320,32,2061,4116,62,6,116244480,0.01535789377456806
1816617,18464,40972,4112,62,6,116263488,0.01535789377456806
1816874,12321,13,49172,62,6,116279936,0.01535789377456806
1816578,37920,25612,4116,62,6,116260992,0.01535789377456806
1817344,21537,16398,27668,62,6,116310016,0.01535789377456806
1817424,6177,5132,20,62,6,116315136,0.01535789377456806
1817935,38945,58382,32788,62,6,116347840,0.01535789377456806
1818095,5154,26639,21524,62,6,116358080,0.01535789377456806
1818261,15394,35855,9232,62,6,116368704,0.01535789377456806
1818408,32802,28686,28688,62,6,116378112,0.01535789377456806
1818558,28706,53262,44051,62,6,116387712,0.01535789377456806
1818704,34850,10250,16403,62,6,116397056,0.01535789377456806
1818916,10274,24586,19,63,6,116410624,0.015814973946430205
1818661,5152,37898,10258,63,6,116394304,0.015814973946430205
1819346,37922,22542,62483,63,6,116438144,0.015814973946430205
1819540,40992,58377,22,63,6,116450560,0.015814973946430205
1819749,24610,1033,16,63,6,116463936,0.015814973946430205
1819920,3106,32776,24596,63,6,116474880,0.015814973946430205
1820159,51234,62479,13333,63,6,116490176,0.015814973946430205
1820333,52258,46095,25619,63,6,116501312,0.015814973946430205
1820978,32,4104,32785,63,6,116542592,0.015814973946430205
1821184,2080,9,20498,63,6,116555776,0.015814973946430205
1821394,2080,2058,9234,63,6,116569216,0.015814973946430205
1821569,35,33792,1042,63,6,116580416,0.015814973946430205
1822014,35,6144,16400,63,6,116608896,0.015814973946430205
1822286,26659,6160,3090,63,6,116626304,0.015814973946430205
1822624,26659,1034,1042,63,6,116647936,0.015814973946430205
1822831,19491,12303,43027,63,6,116661184,0.015814973946430205
1822992,34,36864,18450,63,6,116671488,0.015814973946430205
1823232,6179,2048,8209,63,6,116686848,0.015814973946430205
1823424,4131,16392,49170,63,6,116699136,0.015814973946430205
1823633,35,9,42002,63,6,116712512,0.015814973946430205
1823760,34,10,1043,63,6,116720640,0.015814973946430205
1824077,10274,35854,53266,63,6,116740928,0.015814973946430205
1824235,5154,9226,10258,63,6,116751040,0.015814973946430205
1824433,30754,3086,32785,63,6,116763712,0.015814973946430205
1824670,30753,12302,26642,63,6,116778880,0.015814973946430205
1824821,7200,37902,30738,63,6,116788544,0.015814973946430205
1824966,44065,22542,34835,63,6,116797824,0.015814973946430205
1824788,33,32780,18450,63,6,116786432,0.015814973946430205
1825435,10273,45068,28690,63,6,116827840,0.015814973946430205
1825697,44065,43022,58388,63,6,116844608,0.015814973946430205
1825898,21538,1039,37904,63,6,116857472,0.015814973946430205
1826041,47137,27663,17424,63,6,116866624,0.015814973946430205
1826242,29729,13326,20496,63,6,116879488,0.015814973946430205
1826402,38945,11278,4115,63,6,116889728,0.015814973946430205
1826540,16417,19470,32786,63,6,116898560,0.015814973946430205
1826703,40993,11279,24594,63,6,116908992,0.015814973946430205
1826863,53281,6158,64531,63,6,116919232,0.015814973946430205
1827024,1057,18446,50195,63,6,116929536,0.015814973946430205
1827189,9249,33807,5139,63,6,116940096,0.015814973946430205
1827354,49185,15374,54291,63,6,116950656,0.015814973946430205
1827527,12321,35854,14355,63,6,116961728,0.015814973946430205
1827678,38945,30734,6167,63,6,116971392,0.015814973946430205
1827835,45089,46094,42004,63,6,116981440,0.015814973946430205
1827999,33825,14,35859,63,6,116991936,0.015814973946430205
1828173,52257,10255,13335,64,6,117003072,0.016729134290154494
1828318,15393,34831,5139,64,6,117012352,0.016729134290154494
1828465,20513,37903,5140,64,6,117021760,0.016729134290154494
1828633,18465,27662,14359,64,6,117032512,0.016729134290154494
1828987,61473,57359,20500,64,6,117055168,0.016729134290154494
1829329,62498,20495,60432,64,6,117077056,0.016729134290154494
1829378,51234,0,16,64,6,117080192,0.016729134290154494
1829699,64546,37904,5136,64,6,117100736,0.016729134290154494
1829908,59427,3087,38931,64,6,117114112,0.016729134290154494
1830117,27683,37904,15379,64,6,117127488,0.016729134290154494
1830160,32804,1024,36882,64,6,117130240,0.016729134290154494
1830465,46115,42000,49171,64,6,117149760,0.016729134290154494
1830402,6180,18434,8208,64,6,117145728,0.016729134290154494
1830841,36,35858,29715,64,6,117173824,0.016729134290154494
1831034,31781,18450,10258,64,6,117186176,0.016729134290154494
1831203,29733,57364,33813,64,6,117196992,0.016729134290154494
1831351,25638,32788,27669,64,6,117206464,0.016729134290154494
1831535,2086,6164,1046,64,6,117218240,0.016729134290154494
1831717,18470,8212,51222,64,6,117229888,0.016729134290154494
1831864,13350,43029,33814,64,6,117239296,0.016729134290154494
1831960,38,35846,16402,64,6,117245440,0.016729134290154494
1832257,44070,38935,29719,64,6,117264448,0.016729134290154494
1832456,23592,16413,40989,64,6,117277184,0.016729134290154494
1832884,55336,20503,62489,64,6,117304576,0.016729134290154494
1833160,36904,42008,37913,64,6,117322240,0.016729134290154494
1833310,22568,33816,4121,64,6,117331840,0.016729134290154494
1833584,28711,48149,40983,64,6,117349376,0.016729134290154494
1833921,31781,28689,38932,64,6,117370944,0.016729134290154494
1833992,4132,2049,20500,64,6,117375488,0.016729134290154494
1834452,2084,17425,30740,64,6,117404928,0.016729134290154494
1834839,63523,50192,9236,64,6,117429696,0.016729134290154494
1834988,46116,1040,22548,64,6,117439232,0.016729134290154494
1835171,11300,16,40979,64,6,117450944,0.016729134290154494
1835348,1059,62481,4115,64,6,117462272,0.016729134290154494
1835538,20515,63504,58387,64,6,117474432,0.016729134290154494
1835705,27682,59408,3091,64,6,117485120,0.016729134290154494
1835892,54306,45072,44051,64,6,117497088,0.016729134290154494
1836052,2083,25616,22544,64,6,117507328,0.016729134290154494
1836246,19491,60432,37908,64,6,117519744,0.016729134290154494
1836426,31779,60432,60436,64,6,117531264,0.016729134290154494
1836615,48163,5136,63507,64,6,117543360,0.016729134290154494
1836811,17443,24594,20,64,6,117555904,0.016729134290154494
1837006,12323,18448,57364,64,6,117568384,0.016729134290154494
1837176,51234,48144,2067,64,6,117579264,0.016729134290154494
1837365,44064,29711,14355,64,6,117591360,0.016729134290154494
1837539,46113,45071,18453,64,6,117602496,0.016729134290154494
1837698,15394,10,32788,64,6,117612672,0.016729134290154494
1838034,14370,3088,10261,65,6,117634176,0.017734710668251212
1838277,6178,43024,20,65,6,117649728,0.017734710668251212
1839020,51236,5137,24596,65,6,117697280,0.017734710668251212
1839186,46115,37905,11285,65,6,117707904,0.017734710668251212
1839350,6179,23568,60436,65,6,117718400,0.017734710668251212
1839507,43043,63504,44052,65,6,117728448,0.017734710668251212
1839667,57380,8208,16404,65,6,117738688,0.017734710668251212
1839824,57380,20496,30740,65,6,117748736,0.017734710668251212
1840020,18468,38928,28691,65,6,117761280,0.017734710668251212
1840138,52261,3089,13331,65,6,117768832,0.017734710668251212
1840343,14372,40977,27667,65,6,117781952,0.017734710668251212
1840505,9252,29713,16403,65,6,117792320,0.017734710668251212
1840667,23590,40976,50194,65,6,117802688,0.017734710668251212
1840853,31779,9233,16403,65,6,117814592,0.017734710668251212
1840986,1059,50193,18451,65,6,117823104,0.017734710668251212
1841128,27683,42000,57363,65,6,117832192,0.017734710668251212
1841339,48162,45073,19,65,6,117845696,0.017734710668251212
1841507,58402,1041,19476,65,6,117856448,0.017734710668251212
1841834,34,15,61460,65,6,117877376,0.017734710668251212
1841971,57377,29711,19476,65,6,117886144,0.017734710668251212
1842148,15393,8207,33808,65,6,117897472,0.017734710668251212
1842332,19490,2063,43028,65,6,117909248,0.017734710668251212
1842485,18466,39952,34836,65,6,117919040,0.017734710668251212
1842617,31778,47120,52244,65,6,117927488,0.017734710668251212
1842788,15394,49169,18453,65,6,117938432,0.017734710668251212
1842982,51235,6161,9236,65,6,117950848,0.017734710668251212
1843125,18467,34832,55316,65,6,117960000,0.017734710668251212
1843501,35,49168,52247,65,6,117984064,0.017734710668251212
1843762,64547,52242,6165,65,6,118000768,0.017734710668251212
1844021,8227,38930,4116,65,6,118017344,0.017734710668251212
1844283,28708,1041,13332,65,6,118034112,0.017734710668251212
1844550,12323,60432,14356,65,6,118051200,0.017734710668251212
1844785,23587,57360,18451,65,6,118066240,0.017734710668251212
1845123,40995,4111,61459,65,6,118087872,0.017734710668251212
1845375,4131,12303,53264,65,6,118104000,0.017734710668251212
1845610,34,60431,52243,65,6,118119040,0.017734710668251212
1845913,26659,30736,38931,65,6,118138432,0.017734710668251212
1846190,21538,55313,42007,65,6,118156160,0.017734710668251212
1846330,43043,12305,47124,65,6,118165120,0.017734710668251212
1846559,27683,3088,54293,65,6,118179776,0.017734710668251212
1846786,35,16384,20500,65,6,118194304,0.017734710668251212
1847245,32804,19474,5141,65,6,118223680,0.017734710668251212
1847744,43045,27667,51221,65,6,118255616,0.017734710668251212
1848071,24612,38930,32787,65,6,118276544,0.017734710668251212
1848411,25636,57361,61456,65,6,118298304,0.017734710668251212
1848564,52261,4114,1044,65,6,118308096,0.017734710668251212
1848805,22564,60434,21524,65,6,118323520,0.017734710668251212
1848969,20517,24594,12308,66,6,118334016,0.015997806015175062
1849166,25637,57363,26644,66,6,118346624,0.015997806015175062
1849344,38949,59411,30740,66,6,118358016,0.015997806015175062
1849504,19493,43026,62484,66,6,118368256,0.015997806015175062
1849672,57381,42003,12308,66,6,118379008,0.015997806015175062
1849941,54309,46099,18452,66,6,118396224,0.015997806015175062
1850296,30756,60434,15379,66,6,118418944,0.015997806015175062
1850438,54309,19474,29715,66,6,118428032,0.015997806015175062
1850584,17444,61458,24595,66,6,118437376,0.015997806015175062
1850748,26660,45074,32784,66,6,118447872,0.015997806015175062
1850889,17444,19474,46096,66,6,118456896,0.015997806015175062
1851053,18468,24594,58388,66,6,118467392,0.015997806015175062
1851184,40996,25618,60436,66,6,118475776,0.015997806015175062
1851327,28707,16402,40980,66,6,118484928,0.015997806015175062
1851470,11299,34834,47127,66,6,118494080,0.015997806015175062
1851625,18468,8211,50196,66,6,118504000,0.015997806015175062
1851766,35876,35859,51222,66,6,118513024,0.015997806015175062
1851907,53284,27667,63510,66,6,118522048,0.015997806015175062
1852048,45091,34835,50198,66,6,118531072,0.015997806015175062
1852269,35,59411,22549,66,6,118545216,0.015997806015175062
1852396,33827,36866,27668,66,6,118553344,0.015997806015175062
1852761,27683,38930,20501,66,6,118576704,0.015997806015175062
1852990,50211,28689,37908,66,6,118591360,0.015997806015175062
1853200,1059,44049,53269,66,6,118604800,0.015997806015175062
1853375,29731,50194,8214,66,6,118616000,0.015997806015175062
1853526,22563,47122,10261,66,6,118625664,0.015997806015175062
1853690,31779,18449,24596,66,6,118636160,0.015997806015175062
1853879,10276,8209,25621,66,6,118648256,0.015997806015175062
1854007,19492,23569,28693,66,6,118656448,0.015997806015175062
1854170,5156,44050,14356,66,6,118666880,0.015997806015175062
1854312,25636,25618,14357,66,6,118675968,0.015997806015175062
1854517,14372,59410,42005,66,6,118689088,0.015997806015175062
1854690,17444,35858,20,66,6,118700160,0.015997806015175062
1854834,17443,46096,55312,66,6,118709376,0.015997806015175062
1855050,29731,15,37907,66,6,118723200,0.015997806015175062
1855281,26658,48143,37907,66,6,118737984,0.015997806015175062
1855560,46115,11280,44051,66,6,118755840,0.015997806015175062
1855747,51235,63505,35860,66,6,118767808,0.015997806015175062
1856120,31781,18,36884,66,6,118791680,0.015997806015175062
1856390,7205,26644,29717,66,6,118808960,0.015997806015175062
1856633,51237,31763,6165,66,6,118824512,0.015997806015175062
1856969,40997,34835,52245,66,6,118846016,0.015997806015175062
1857214,60453,9234,45076,66,6,118861696,0.015997806015175062
1857412,63525,30738,4116,66,6,118874368,0.015997806015175062
1857697,38949,52243,31764,66,6,118892608,0.015997806015175062
1857890,43044,62483,47125,66,6,118904960,0.015997806015175062
1858124,58405,19475,51220,66,6,118919936,0.015997806015175062
1858263,17445,1043,30739,66,6,118928832,0.015997806015175062
1858474,62500,57362,32787,66,6,118942336,0.015997806015175062
1858670,2085,0,18452,67,6,118954880,0.018466038943230643
1858868,44069,22546,55316,67,6,118967552,0.018466038943230643
1859091,22564,63506,57364,67,6,118981824,0.018466038943230643
1859269,20517,12307,6164,67,6,118993216,0.018466038943230643
1859417,2085,52243,58389,67,6,119002688,0.018466038943230643
1859551,43045,21523,48149,67,6,119011264,0.018466038943230643
1859802,32804,34834,34836,67,6,119027328,0.018466038943230643
1859935,38948,32786,14356,67,6,119035840,0.018466038943230643
1860145,14373,12305,44051,67,6,119049280,0.018466038943230643
1860341,16420,44050,14355,67,6,119061824,0.018466038943230643
1860515,24613,4114,18452,67,6,119072960,0.018466038943230643
1860673,3109,24594,64532,67,6,119083072,0.018466038943230643
1861029,23588,57362,63508,67,6,119105856,0.018466038943230643
1861198,60453,8210,21524,67,6,119116672,0.018466038943230643
1861366,52260,47122,27667,67,6,119127424,0.018466038943230643
1861525,12324,31761,36883,67,6,119137600,0.018466038943230643
1861720,61475,63506,37907,67,6,119150080,0.018466038943230643
1861898,29732,13329,36883,67,6,119161472,0.018466038943230643
1862064,8228,18449,4119,67,6,119172096,0.018466038943230643
1862209,58403,54288,52243,67,6,119181376,0.018466038943230643
1862420,64547,31760,44051,67,6,119194880,0.018466038943230643
1862578,36899,59408,60435,67,6,119204992,0.018466038943230643
1862714,3108,11281,42002,67,6,119213696,0.018466038943230643
1862916,47139,33809,12307,67,6,119226624,0.018466038943230643
1863108,63523,14352,21523,67,6,119238912,0.018466038943230643
1863265,59427,27663,57363,67,6,119248960,0.018466038943230643
1863410,52259,16400,6164,67,6,119258240,0.018466038943230643
1863563,10275,34832,18452,67,6,119268032,0.018466038943230643
1863852,8227,22545,17428,67,6,119286528,0.018466038943230643
1863948,8227,36864,20,67,6,119292672,0.018466038943230643
1864281,7203,44049,33808,67,6,119313984,0.018466038943230643
1864503,61475,5136,51216,67,6,119328192,0.018466038943230643
1597446,12290,34825,16400,67,6,102236544,0.018466038943230643
3729939,6216,10272,28713,67,6,238716096,0.018466038943230643
3730345,59463,20513,20520,67,6,238742080,0.018466038943230643
3730689,32839,51234,45095,67,6,238764096,0.018466038943230643
3731022,16455,36899,28712,67,6,238785408,0.018466038943230643
3731422,71,57378,55335,67,6,238811008,0.018466038943230643
3731744,22599,38947,2086,67,6,238831616,0.018466038943230643
3732142,49222,59424,26663,67,6,238857088,0.018466038943230643
3732488,4166,45088,22575,67,6,238879232,0.018466038943230643
3732844,12358,16416,45095,67,6,238902016,0.018466038943230643
3733297,22599,55330,8224,67,6,238931008,0.018466038943230643
3733690,2120,12322,55343,67,6,238956160,0.018466038943230643
3734209,24648,8226,28711,67,6,238989376,0.018466038943230643
3734657,47175,22561,20519,67,6,239018048,0.018466038943230643
3735008,16455,4129,4135,67,6,239040512,0.018466038943230643
3735497,22598,34849,16423,67,6,239071808,0.018466038943230643
3735836,45126,26657,4134,67,6,239093504,0.018466038943230643
3736170,55368,16417,4135,68,5,119557440,0.03748057409269586
3736620,18504,34849,24615,68,5,119571840,0.03748057409269586
3737033,16455,43042,4135,68,5,119585056,0.03748057409269586
3737472,57414,59425,53295,68,5,119599104,0.03748057409269586
3737815,36935,24610,36903,68,5,119610080,0.03748057409269586
3738214,53317,55328,59431,68,5,119622848,0.03748057409269586
3738662,16454,18464,4134,68,5,119637184,0.03748057409269586
3738994,26694,20512,34855,68,5,119647808,0.03748057409269586
3739487,51270,59426,38,68,5,119663584,0.03748057409269586
3739930,63558,34849,57382,68,5,119677760,0.03748057409269586
3740273,12357,34849,16422,68,5,119688736,0.03748057409269586
1572896,16385,10,2055,68,5,50332672,0.03748057409269586
3741347,38982,6175,39,68,5,119723104,0.03748057409269586
3741712,34886,2079,20527,68,5,119734784,0.03748057409269586
3742228,63559,20514,55343,68,5,119751296,0.03748057409269586
3742527,55368,4132,41,68,5,119760864,0.03748057409269586
3742938,4167,20515,51241,68,5,119774016,0.03748057409269586
3743448,10310,40993,6186,68,5,119790336,0.03748057409269586
3743739,34886,6175,36896,68,5,119799648,0.03748057409269586
3744112,14404,20509,28709,68,5,119811584,0.03748057409269586
3744454,38980,29,40999,68,5,119822528,0.03748057409269586
3744747,38980,61470,36902,68,5,119831904,0.03748057409269586
3745148,63556,38943,61479,68,5,119844736,0.03748057409269586
3745564,28741,59425,39,68,5,119858048,0.03748057409269586
3745888,22597,63521,4137,68,5,119868416,0.03748057409269586
3746194,28740,57376,8232,68,5,119878208,0.03748057409269586
3746696,4165,28704,10280,68,5,119894272,0.03748057409269586
3747055,28740,49182,57391,68,5,119905760,0.03748057409269586
3747903,4166,31,57391,68,5,119932896,0.03748057409269586
3748383,4166,38945,49191,68,5,119948256,0.03748057409269586
3748748,55367,22562,4128,68,5,119959936,0.03748057409269586
3749158,32841,24612,53290,68,5,119973056,0.03748057409269586
3749719,73,26659,32808,68,5,119991008,0.03748057409269586
1579014,0,63488,6,68,5,50528448,0.03748057409269586
3750560,47177,53283,49193,68,5,120017920,0.03748057409269586
1580120,1024,24576,0,68,5,50563840,0.03748057409269586
3751472,4173,4135,22570,68,5,120047104,0.03748057409269586
3751866,2126,4135,4137,68,5,120059712,0.03748057409269586
3752245,36940,38950,32807,68,5,120071840,0.03748057409269586
3752773,8268,51238,18464,68,5,120088736,0.03748057409269586
3753136,26699,30756,49191,68,5,120100352,0.03748057409269586
3753635,61515,40994,53287,68,5,120116320,0.03748057409269586
3754055,34890,53283,34855,68,5,120129760,0.03748057409269586
3754472,49225,6179,32800,68,5,120143104,0.03748057409269586
3754906,26695,53283,32807,68,5,120156992,0.03748057409269586
3755305,16455,35,34855,68,5,120169760,0.03748057409269586
3755769,49223,20514,30758,68,5,120184608,0.03748057409269586
3756193,10311,20513,24614,68,5,120198176,0.03748057409269586
3756600,32840,43043,12329,68,5,120211200,0.03748057409269586
3756978,4168,24613,20520,69,5,120223296,0.03720632598957857
3757487,4169,34853,20520,69,5,120239584,0.03720632598957857
3757814,22600,10277,16425,69,5,120250048,0.03720632598957857
3758247,10311,24611,36903,69,5,120263904,0.03720632598957857
3758690,71,53281,32806,69,5,120278080,0.03720632598957857
3759045,53317,63520,4135,69,5,120289440,0.03720632598957857
3759674,51265,53280,59433,69,5,120309568,0.03720632598957857
3759981,38976,53282,42,69,5,120319392,0.03720632598957857
3760296,61505,59425,20520,69,5,120329472,0.03720632598957857
3760703,55361,38944,2088,69,5,120342496,0.03720632598957857
1581056,36864,53262,24577,69,5,50593792,0.03720632598957857
3761615,36930,8220,61483,69,5,120371680,0.03720632598957857
3762137,36927,8219,2089,69,5,120388384,0.03720632598957857
3762548,12352,4123,55338,69,5,120401536,0.03720632598957857
3762930,36929,43035,41002,69,5,120413760,0.03720632598957857
3763391,47170,12315,36911,69,5,120428512,0.03720632598957857
3763732,67,36892,18475,69,5,120439424,0.03720632598957857
1585168,8192,4104,4104,69,5,50725376,0.03720632598957857
3764851,47172,2077,42,69,5,120475232,0.03720632598957857
1585184,32772,4104,16,69,5,50725888,0.03720632598957857
3766290,61512,12319,47145,69,5,120521280,0.03720632598957857
1587341,12289,16385,16389,69,5,50794912,0.03720632598957857
3767479,61513,45090,55328,69,5,120559328,0.03720632598957857
3767917,28744,59427,22566,69,5,120573344,0.03720632598957857
1589190,4096,8192,8196,69,5,50854080,0.03720632598957857
1605632,0,8,49156,69,5,51380224,0.03720632598957857
1605640,34816,2051,51200,69,5,51380480,0.03720632598957857
3769884,18505,18471,14376,69,5,120636288,0.03720632598957857
3770278,43084,43049,16426,69,5,120648896,0.03720632598957857
3770691,6219,41,26668,69,5,120662112,0.03720632598957857
3771234,2121,10276,34856,69,5,120679488,0.03720632598957857
1606676,14339,59394,32772,69,5,51413632,0.03720632598957857
3772020,72,34850,51238,69,5,120704640,0.03720632598957857
3773360,57415,8226,12326,69,5,120747520,0.03720632598957857
3773715,10310,40993,4134,69,5,120758880,0.03720632598957857
3774284,53317,40991,24617,69,5,120777088,0.03720632598957857
3774689,38981,4128,20518,69,5,120790048,0.03720632598957857
3775096,34885,51232,14375,69,5,120803072,0.03720632598957857
3775460,69,53280,26664,69,5,120814720,0.03720632598957857
3775860,63557,6176,28719,69,5,120827520,0.03720632598957857
3776297,57413,28703,53286,69,5,120841504,0.03720632598957857
3776607,38981,49181,63527,69,5,120851424,0.03720632598957857
3777058,55365,18461,43048,69,5,120865856,0.03720632598957857
3777346,41027,8220,38952,69,5,120875072,0.03720632598957857
3777837,38978,36892,12329,69,5,120890784,0.03720632598957857
3778283,22595,18461,28714,69,5,120905056,0.03720632598957857
3778682,12354,32796,12329,69,5,120917824,0.03720632598957857
3779146,47172,8221,51243,70,5,120932672,0.033366852545936555
1606660,2,30729,53250,70,5,51413120,0.033366852545936555
3780049,45128,32802,18471,70,5,120961568,0.033366852545936555
3780503,24649,34852,14375,70,5,120976096,0.033366852545936555
3780964,6216,24610,18468,70,5,120990848,0.033366852545936555
1609986,1,8,32772,70,5,51519552,0.033366852545936555
1609763,1,2056,2054,70,5,51512416,0.033366852545936555
1611904,32769,2049,2052,70,5,51580928,0.033366852545936555
3783289,47174,57381,16426,70,5,121065248,0.033366852545936555
3784067,36937,28714,22571,70,5,121090144,0.033366852545936555
3784852,51273,51239,49195,70,5,121115264,0.033366852545936555
1622048,16388,45060,0,70,5,51905536,0.033366852545936555
1623041,0,20484,8196,70,5,51937312,0.033366852545936555
3788324,63564,18468,12326,70,5,121226368,0.033366852545936555
3788888,45135,40994,43046,70,5,121244416,0.033366852545936555
3789260,28743,51231,40998,70,5,121256320,0.033366852545936555
3789642,63557,6174,49189,70,5,121268544,0.033366852545936555
3790287,20546,8224,20512,70,5,121289184,0.033366852545936555
1622866,1,8193,43009,70,5,51931712,0.033366852545936555
1624064,45056,24580,0,70,5,51970048,0.033366852545936555
3792244,26695,53289,32814,70,5,121351808,0.033366852545936555
1625676,40960,8197,32772,70,5,52021632,0.033366852545936555
3793700,63563,34857,47148,70,5,121398400,0.033366852545936555
3794037,45131,12327,53294,70,5,121409184,0.033366852545936555
3794442,10316,2088,4140,70,5,121422144,0.033366852545936555
3794761,38988,43048,10283,70,5,121432352,0.033366852545936555
3795133,14412,34855,4138,70,5,121444256,0.033366852545936555
3795995,2124,6181,38944,70,5,121471840,0.033366852545936555
3796294,4169,18466,53285,70,5,121481408,0.033366852545936555
3796624,61511,22561,10278,70,5,121491968,0.033366852545936555
3796966,70,49183,40997,70,5,121502912,0.033366852545936555
3797330,57412,38941,38950,70,5,121514560,0.033366852545936555
3797677,53314,34845,8224,70,5,121525664,0.033366852545936555
3797998,20542,18460,61487,70,5,121535936,0.033366852545936555
3798313,51262,57371,51240,70,5,121546016,0.033366852545936555
3798763,26685,38939,51240,70,5,121560416,0.033366852545936555
3799128,8254,4124,8233,70,5,121572096,0.033366852545936555
3799438,61502,32795,18474,70,5,121582016,0.033366852545936555
1636354,6144,12299,32776,70,5,52363328,0.033366852545936555
1637460,4096,10250,0,70,5,52398720,0.033366852545936555
3800540,63552,34843,12330,70,5,121617280,0.033366852545936555
1638157,32,10,34818,70,5,52421024,0.033366852545936555
1572881,12288,16397,3,70,5,50332192,0.033366852545936555
1572873,10241,12,2049,71,5,50331936,0.03309260444281927
3802606,30787,28701,24618,71,5,121683392,0.03309260444281927
3802981,63556,59423,16416,71,5,121695392,0.03309260444281927
3803350,34886,12321,6191,71,5,121707200,0.03309260444281927
3803724,16453,55329,4143,71,5,121719168,0.03309260444281927
3804062,14406,8224,2081,71,5,121729984,0.03309260444281927
3804431,30790,32799,38951,71,5,121741792,0.03309260444281927
3804771,70,61472,43041,71,5,121752672,0.03309260444281927
1574804,4,0,24582,71,5,50393728,0.03309260444281927
1572864,40960,1,20485,71,5,50331648,0.03309260444281927
1572868,47104,8192,4,71,5,50331776,0.03309260444281927
1572864,10244,36864,32768,71,5,50331648,0.03309260444281927
1573072,16388,24576,24581,71,5,50338304,0.03309260444281927
3807119,34886,16415,49191,71,5,121827808,0.03309260444281927
3807530,26694,55327,43040,71,5,121840960,0.03309260444281927
1574922,4100,1,24580,71,5,50397504,0.03309260444281927
3809179,49222,8225,10277,71,5,121893728,0.03309260444281927
3809740,47175,45088,59424,71,5,121911680,0.03309260444281927
3810116,16457,12321,32807,71,5,121923712,0.03309260444281927
1572866,32768,2050,18450,71,5,50331712,0.03309260444281927
3810831,43081,30755,49184,71,5,121946592,0.03309260444281927
3811217,36939,18468,32,71,5,121958944,0.03309260444281927
3811486,38987,10276,18478,71,5,121967552,0.03309260444281927
3811886,47178,6179,2087,71,5,121980352,0.03309260444281927
1573141,32770,0,36869,71,5,50340512,0.03309260444281927
1573922,20482,12288,28672,71,5,50365504,0.03309260444281927
1574664,20481,8194,24580,71,5,50389248,0.03309260444281927
1576972,0,8192,16388,71,5,50463104,0.03309260444281927
3813741,55368,32802,49189,71,5,122039712,0.03309260444281927
3814109,47177,26658,30758,71,5,122051488,0.03309260444281927
3814471,47178,10275,12324,71,5,122063072,0.03309260444281927
1577553,16385,12290,12292,71,5,50481696,0.03309260444281927
1577858,1,32768,4,71,5,50491456,0.03309260444281927
3815701,63561,40997,4133,71,5,122102432,0.03309260444281927
1579079,4096,10242,32774,71,5,50530528,0.03309260444281927
3816437,49222,40993,36901,71,5,122125984,0.03309260444281927
3816791,6215,45088,22565,71,5,122137312,0.03309260444281927
3817074,53319,18463,53287,71,5,122146368,0.03309260444281927
3817507,61510,59424,24615,71,5,122160224,0.03309260444281927
3817852,14406,49185,26657,71,5,122171264,0.03309260444281927
3818160,59462,34849,38950,71,5,122181120,0.03309260444281927
1573008,8194,34817,10246,71,5,50336256,0.03309260444281927
3819071,8262,18463,49189,71,5,122210272,0.03309260444281927
3819452,32838,38942,43041,71,5,122222464,0.03309260444281927
3819737,10309,28701,34855,71,5,122231584,0.03309260444281927
3820123,34885,8221,38950,71,5,122243936,0.03309260444281927
3820432,2116,34846,22565,71,5,122253824,0.03309260444281927
1573968,0,11,4,71,5,50366976,0.03309260444281927
3821204,12356,2078,24614,72,5,122278528,0.03236127616783984
3821575,36930,51229,2087,72,5,122290400,0.03236127616783984
3822189,6211,49181,16419,72,5,122310048,0.03236127616783984
3822619,20548,34846,32809,72,5,122323808,0.03236127616783984
3822975,2115,59422,49192,72,5,122335200,0.03236127616783984
3823340,45124,61472,10279,72,5,122346880,0.03236127616783984
3823742,16452,6175,46,72,5,122359744,0.03236127616783984
3824130,51268,26654,20512,72,5,122372160,0.03236127616783984
3824448,53316,40990,24623,72,5,122382336,0.03236127616783984
3824792,55364,57374,34849,72,5,122393344,0.03236127616783984
3825158,8261,61472,12328,72,5,122405056,0.03236127616783984
3825888,16454,20513,49191,72,5,122428416,0.03236127616783984
3826277,63559,8225,43046,72,5,122440864,0.03236127616783984
3826618,43078,38945,43040,72,5,122451776,0.03236127616783984
3827268,63558,49184,12327,72,5,122472576,0.03236127616783984
3827625,26694,6176,55334,72,5,122484000,0.03236127616783984
1581062,2049,2048,6,72,5,50593984,0.03236127616783984
3828386,2118,55328,26662,72,5,122508352,0.03236127616783984
3828770,14406,43040,10279,72,5,122520640,0.03236127616783984
1582214,8196,32769,4,72,5,50630848,0.03236127616783984
1582852,10244,34817,0,72,5,50651264,0.03236127616783984
3830700,59465,36901,61487,72,5,122582400,0.03236127616783984
1585216,32769,24580,43014,72,5,50726912,0.03236127616783984
1585664,40960,4097,49156,72,5,50741248,0.03236127616783984
3831843,10315,38,39,72,5,122618976,0.03236127616783984
3832225,4169,59429,2085,72,5,122631200,0.03236127616783984
3832566,45130,14373,59424,72,5,122642112,0.03236127616783984
1588292,49152,0,57348,72,5,50825344,0.03236127616783984
1588385,26624,2050,6148,72,5,50828320,0.03236127616783984
1589010,4097,40962,2052,72,5,50848320,0.03236127616783984
3834094,6217,63523,59430,72,5,122691008,0.03236127616783984
3834428,63562,20517,32807,72,5,122701696,0.03236127616783984
3834760,4169,38949,38954,72,5,122712320,0.03236127616783984
3835094,63561,26661,34857,72,5,122723008,0.03236127616783984
3835409,28744,40996,36903,72,5,122733088,0.03236127616783984
3835743,6216,8226,59431,72,5,122743776,0.03236127616783984
3836097,34888,49185,26662,72,5,122755104,0.03236127616783984
3836492,28743,32800,26670,72,5,122767744,0.03236127616783984
3836827,24647,43041,45094,72,5,122778464,0.03236127616783984
1574017,36867,0,34820,72,5,50368544,0.03236127616783984
3837757,4165,16416,57382,72,5,122808224,0.03236127616783984
3838157,16452,55328,59430,72,5,122821024,0.03236127616783984
3838458,49218,61472,26662,72,5,122830656,0.03236127616783984
3838805,53314,26654,55334,72,5,122841760,0.03236127616783984
3839078,55364,61471,59424,72,5,122850496,0.03236127616783984
3839879,30790,22563,55336,73,5,122876128,0.029527379102294544
3840563,18500,55329,26664,73,5,122898016,0.029527379102294544
3840866,30788,34848,22575,73,5,122907712,0.029527379102294544
3841156,20548,20510,45095,73,5,122916992,0.029527379102294544
3841437,20549,47135,16423,73,5,122925984,0.029527379102294544
3841858,10308,24608,40999,73,5,122939456,0.029527379102294544
3842239,22597,40992,36904,73,5,122951648,0.029527379102294544
3842562,28740,38944,22575,73,5,122961984,0.029527379102294544
3842870,49220,59424,22569,73,5,122971840,0.029527379102294544
3843315,43076,43039,36905,73,5,122986080,0.029527379102294544
3843595,45124,28703,22560,73,5,122995040,0.029527379102294544
3843862,6212,24607,20519,73,5,123003584,0.029527379102294544
3844271,43077,12321,4136,73,5,123016672,0.029527379102294544
3844594,55365,22561,34857,73,5,123027008,0.029527379102294544
3844986,8260,53281,10279,73,5,123039552,0.029527379102294544
3845312,63556,36896,12320,73,5,123049984,0.029527379102294544
3845620,6213,20512,2095,73,5,123059840,0.029527379102294544
3845934,10309,55328,8232,73,5,123069888,0.029527379102294544
3846240,55366,8224,40999,73,5,123079680,0.029527379102294544
3846695,32836,55330,4143,73,5,123094240,0.029527379102294544
3847041,30790,26658,32808,73,5,123105312,0.029527379102294544
3847370,55367,28706,55336,73,5,123115840,0.029527379102294544
3847742,59462,51233,4134,73,5,123127744,0.029527379102294544
3848089,63559,34849,59430,73,5,123138848,0.029527379102294544
3848391,61511,40995,22566,73,5,123148512,0.029527379102294544
3848696,8265,4131,30760,73,5,123158272,0.029527379102294544
3848996,63561,10277,6191,73,5,123167872,0.029527379102294544
3849290,45130,20519,22570,73,5,123177280,0.029527379102294544
3849571,57418,28711,34858,73,5,123186272,0.029527379102294544
3849935,12363,24614,16424,73,5,123197920,0.029527379102294544
3850307,2122,34853,49192,73,5,123209824,0.029527379102294544
3850659,18509,20522,53291,73,5,123221088,0.029527379102294544
3850945,6221,10279,45098,73,5,123230240,0.029527379102294544
1589312,14341,10,4,73,5,50857984,0.029527379102294544
1589425,47105,2058,34818,73,5,50861600,0.029527379102294544
3852445,32847,55343,34871,73,5,123278240,0.029527379102294544
3852788,16464,22583,18486,73,5,123289216,0.029527379102294544
3853101,79,22581,59445,73,5,123299232,0.029527379102294544
3853400,38992,20527,32820,73,5,123308800,0.029527379102294544
3853765,63567,63535,26675,73,5,123320480,0.029527379102294544
3854519,51281,22578,32820,73,5,123344608,0.029527379102294544
3854846,43090,6193,45106,73,5,123355072,0.029527379102294544
3855123,43090,16435,18483,73,5,123363936,0.029527379102294544
3855417,34896,53297,22578,73,5,123373344,0.029527379102294544
3855824,16463,28714,38957,73,5,123386368,0.029527379102294544
3856157,10319,36905,10281,73,5,123397024,0.029527379102294544
3856537,20557,34855,4136,74,5,123409184,0.03181277996160527
3857995,57419,45091,16422,74,5,123455840,0.03181277996160527
3858371,24651,16421,32807,74,5,123467872,0.03181277996160527
3858777,10316,10277,45096,74,5,123480864,0.03181277996160527
3859076,49227,49188,18470,74,5,123490432,0.03181277996160527
3859389,49225,51235,26662,74,5,123500448,0.03181277996160527
3859755,41031,26658,59431,74,5,123512160,0.03181277996160527
3860108,57416,10276,28719,74,5,123523456,0.03181277996160527
3860482,47176,2085,49184,74,5,123535424,0.03181277996160527
3860856,14408,49189,36904,74,5,123547392,0.03181277996160527
3861187,26696,55334,18473,74,5,123557984,0.03181277996160527
3861512,45128,45093,28712,74,5,123568384,0.03181277996160527
3861873,4168,53284,24618,74,5,123579936,0.03181277996160527
3862193,4168,43044,40,74,5,123590176,0.03181277996160527
3862546,55368,24612,4138,74,5,123601472,0.03181277996160527
3862894,57416,6180,63528,74,5,123612608,0.03181277996160527
3863239,61512,28709,6184,74,5,123623648,0.03181277996160527
3863507,71,40995,61487,74,5,123632224,0.03181277996160527
3863858,36934,53283,26663,74,5,123643456,0.03181277996160527
3864127,34886,59426,36902,74,5,123652064,0.03181277996160527
3864462,43079,4129,45096,74,5,123662784,0.03181277996160527
3864800,14406,57377,45089,74,5,123673600,0.03181277996160527
3865160,2120,12323,61486,74,5,123685120,0.03181277996160527
3865841,49225,40997,49194,74,5,123706912,0.03181277996160527
3866140,10314,45094,26664,74,5,123716480,0.03181277996160527
3866560,2123,2087,24617,74,5,123729920,0.03181277996160527
3866961,74,22566,4137,74,5,123742752,0.03181277996160527
3867312,36938,36901,53295,74,5,123753984,0.03181277996160527
3867774,36937,51236,47136,74,5,123768768,0.03181277996160527
3868154,22600,63522,22566,74,5,123780928,0.03181277996160527
3868493,36936,38945,24612,74,5,123791776,0.03181277996160527
3868815,18505,49186,8229,74,5,123802080,0.03181277996160527
3869188,61514,45091,26662,74,5,123814016,0.03181277996160527
3869480,49226,26661,61480,74,5,123823360,0.03181277996160527
3869812,74,22568,4137,74,5,123833984,0.03181277996160527
3870190,26698,10279,61482,74,5,123846080,0.03181277996160527
3870508,28746,18470,63527,74,5,123856256,0.03181277996160527
3870783,63561,18469,8231,74,5,123865056,0.03181277996160527
3871109,24647,36897,22567,74,5,123875488,0.03181277996160527
3871442,14406,8224,6181,74,5,123886144,0.03181277996160527
3872099,10310,59425,18470,74,5,123907168,0.03181277996160527
3872387,41030,53283,38,74,5,123916384,0.03181277996160527
3872749,45128,8227,61479,74,5,123927968,0.03181277996160527
3873097,18505,34852,38954,74,5,123939104,0.03181277996160527
3873535,8264,34854,55339,74,5,123953120,0.03181277996160527
3873896,74,10277,18479,74,5,123964672,0.03181277996160527
3874203,22601,53286,45098,75,5,123974496,0.03071578754913612
3874502,6217,10278,40,75,5,123984064,0.03071578754913612
3874827,18504,10279,32810,75,5,123994464,0.03071578754913612
3875193,55367,51238,26665,75,5,124006176,0.03071578754913612
3875526,32842,6183,22571,75,5,124016832,0.03071578754913612
3875847,22604,63530,38957,75,5,124027104,0.03071578754913612
3876169,14411,38951,10283,75,5,124037408,0.03071578754913612
3876471,47178,63527,30762,75,5,124047072,0.03071578754913612
3876753,28747,6184,32809,75,5,124056096,0.03071578754913612
3877153,22602,14373,36911,75,5,124068896,0.03071578754913612
3877490,43080,49187,34855,75,5,124079680,0.03071578754913612
3877805,14407,53280,34852,75,5,124089760,0.03071578754913612
3878108,6216,28703,61477,75,5,124099456,0.03071578754913612
3878448,26695,26658,20519,75,5,124110336,0.03071578754913612
3878840,20552,2085,6185,75,5,124122880,0.03071578754913612
3879181,14407,49188,61472,75,5,124133792,0.03071578754913612
3879501,59464,26660,38953,75,5,124144032,0.03071578754913612
3879837,45128,36900,49199,75,5,124154784,0.03071578754913612
3880138,41034,18470,63530,75,5,124164416,0.03071578754913612
3880447,47180,36904,36907,75,5,124174304,0.03071578754913612
3880815,24652,59431,59435,75,5,124186080,0.03071578754913612
3881194,36939,51238,38953,75,5,124198208,0.03071578754913612
3881533,36940,40999,30759,75,5,124209056,0.03071578754913612
3881863,26699,40998,12328,75,5,124219616,0.03071578754913612
3882213,53324,28708,57376,75,5,124230816,0.03071578754913612
3882536,76,18470,6183,75,5,124241152,0.03071578754913612
3882865,57419,55333,61481,75,5,124251680,0.03071578754913612
3883168,2122,40997,36911,75,5,124261376,0.03071578754913612
3883529,38987,47143,10272,75,5,124272928,0.03071578754913612
3883826,18507,6183,40,75,5,124282432,0.03071578754913612
3884169,32843,43046,33,75,5,124293408,0.03071578754913612
3884537,18506,24614,34856,75,5,124305184,0.03071578754913612
3884870,20557,22573,24621,75,5,124315840,0.03071578754913612
3885186,22604,41003,18477,75,5,124325952,0.03071578754913612
3885641,57420,51243,61487,75,5,124340512,0.03071578754913612
3885972,6219,55340,4142,75,5,124351104,0.03071578754913612
3886592,51275,43049,2092,75,5,124370944,0.03071578754913612
3887150,16458,59431,24618,75,5,124388800,0.03071578754913612
1638538,24580,9,4096,75,5,52433216,0.03071578754913612
3888396,55372,57387,6189,75,5,124428672,0.03071578754913612
3888830,47180,22570,24622,75,5,124442560,0.03071578754913612
3889629,24652,10280,4136,75,5,124468128,0.03071578754913612
3890006,63563,2088,61482,75,5,124480192,0.03071578754913612
3890324,75,41001,38955,75,5,124490368,0.03071578754913612
3890816,22602,49192,26666,75,5,124506112,0.03071578754913612
3891133,18506,59431,20521,75,5,124516256,0.03071578754913612
3891568,4169,55333,51241,75,5,124530176,0.03071578754913612
3891888,24651,10278,57385,75,5,124540416,0.03071578754913612
3892260,24651,53287,49194,75,5,124552320,0.03071578754913612
3892657,28746,49191,49195,75,5,124565024,0.03071578754913612
3892991,2123,22568,16427,76,5,124575712,0.035469421336502424
3893398,53322,28710,45098,76,5,124588736,0.035469421336502424
3893836,2122,59431,55338,76,5,124602752,0.035469421336502424
3894140,63564,2087,61482,76,5,124612480,0.035469421336502424
3894522,38987,22568,28715,76,5,124624704,0.035469421336502424
3894854,55370,26664,43050,76,5,124635328,0.035469421336502424
3895242,2122,28711,18474,76,5,124647744,0.035469421336502424
3895536,53321,57381,14377,76,5,124657152,0.035469421336502424
3895895,51273,16419,24616,76,5,124668640,0.035469421336502424
3896265,28746,8228,53288,76,5,124680480,0.035469421336502424
3896683,8264,61476,34854,76,5,124693856,0.035469421336502424
3896977,38986,38948,57391,76,5,124703264,0.035469421336502424
3897356,51273,10276,59439,76,5,124715392,0.035469421336502424
3897795,38986,4133,24618,76,5,124729440,0.035469421336502424
3898181,49226,63525,34860,76,5,124741792,0.035469421336502424
3898550,8268,20519,49195,76,5,124753600,0.035469421336502424
3899118,57420,8233,6187,76,5,124771776,0.035469421336502424
3899855,41035,51241,10284,76,5,124795360,0.035469421336502424
3900166,14413,28712,43050,76,5,124805312,0.035469421336502424
3900651,32844,63528,20523,76,5,124820832,0.035469421336502424
3901032,41037,59433,16429,76,5,124833024,0.035469421336502424
3901432,57420,59433,61483,76,5,124845824,0.035469421336502424
3901850,30797,6187,47149,76,5,124859200,0.035469421336502424
3902227,41037,12331,14378,76,5,124871264,0.035469421336502424
3902603,12364,49193,59434,76,5,124883296,0.035469421336502424
3902978,45134,10282,49196,76,5,124895296,0.035469421336502424
3903330,24653,51241,34861,76,5,124906560,0.035469421336502424
3903693,41036,2089,49196,76,5,124918176,0.035469421336502424
3904084,63564,6186,28715,76,5,124930688,0.035469421336502424
3904485,18507,28712,12329,76,5,124943520,0.035469421336502424
3904882,10315,30757,20520,76,5,124956224,0.035469421336502424
3905335,55372,57381,53288,76,5,124970720,0.035469421336502424
3905816,38986,38950,41002,76,5,124986112,0.035469421336502424
3906173,45131,8230,59433,76,5,124997536,0.035469421336502424
3906582,20556,14375,51241,76,5,125010624,0.035469421336502424
3906996,61516,18471,41000,76,5,125023872,0.035469421336502424
1675140,18436,16386,2,76,5,53604480,0.035469421336502424
1671177,34820,2050,0,76,5,53477664,0.035469421336502424
3908409,63563,30761,10283,76,5,125069088,0.035469421336502424
3908811,6218,38951,32811,76,5,125081952,0.035469421336502424
3909411,28746,59429,2089,76,5,125101152,0.035469421336502424
3910008,49227,24615,24617,76,5,125120256,0.035469421336502424
3910463,28745,40997,45097,76,5,125134816,0.035469421336502424
3910919,6217,49189,43049,76,5,125149408,0.035469421336502424
3911305,20553,43045,34856,76,5,125161760,0.035469421336502424
3911909,26700,10280,59433,76,5,125181088,0.035469421336502424
3912553,61515,12328,55338,76,5,125201696,0.035469421336502424
3912925,47178,24616,43,76,5,125213600,0.035469421336502424
3913253,47179,30760,10281,76,5,125224096,0.035469421336502424
3913576,61514,20518,53288,76,5,125234432,0.035469421336502424
3913986,47178,40994,32807,77,4,62623776,0.04845049821738733
3914811,53320,34850,61479,77,4,62636976,0.04845049821738733
3915453,18506,34854,59433,77,4,62647248,0.04845049821738733
3915963,55369,36902,36907,77,4,62655408,0.04845049821738733
3916415,47178,4133,63530,77,4,62662640,0.04845049821738733
3916864,28746,30757,36905,77,4,62669824,0.04845049821738733
3917299,43081,59429,41002,77,4,62676784,0.04845049821738733
3917845,8264,49189,18472,77,4,62685520,0.04845049821738733
3918376,63561,51235,57383,77,4,62694016,0.04845049821738733
3918834,51274,30756,32800,77,4,62701344,0.04845049821738733
3919274,24649,22565,22569,77,4,62708384,0.04845049821738733
3919933,74,53286,57385,77,4,62718928,0.04845049821738733
3920942,45131,12326,38955,77,4,62735072,0.04845049821738733
3921945,47179,57388,45101,77,4,62751120,0.04845049821738733
3922797,2122,53286,38953,77,4,62764752,0.04845049821738733
3923533,14410,28707,8229,77,4,62776528,0.04845049821738733
3924405,57417,28710,34850,77,4,62790480,0.04845049821738733
1696002,0,45057,32768,77,4,27136032,0.04845049821738733
3925902,51275,32806,24618,77,4,62814432,0.04845049821738733
3926560,53322,6183,18472,77,4,62824960,0.04845049821738733
3927166,26695,57381,34856,77,4,62834656,0.04845049821738733
3927705,32839,55330,53288,77,4,62843280,0.04845049821738733
3928324,55369,4134,10282,77,4,62853184,0.04845049821738733
3928904,4170,18469,63529,77,4,62862464,0.04845049821738733
3929612,14410,40,10283,77,4,62873792,0.04845049821738733
3930278,6217,59431,20521,77,4,62884448,0.04845049821738733
3931034,20553,36,4128,77,4,62896544,0.04845049821738733
3931564,14408,26660,40,77,4,62905024,0.04845049821738733
3931945,41030,45090,38950,77,4,62911120,0.04845049821738733
3932383,8261,53281,8231,77,4,62918128,0.04845049821738733
3932814,10310,8224,30752,77,4,62925024,0.04845049821738733
3933425,16454,4130,10281,77,4,62934800,0.04845049821738733
3934042,57414,34851,45103,77,4,62944672,0.04845049821738733
3934389,36935,16419,8234,77,4,62950224,0.04845049821738733
3934831,12358,51234,22575,77,4,62957296,0.04845049821738733
3935204,45128,61475,51240,77,4,62963264,0.04845049821738733
3935546,51273,40997,43050,77,4,62968736,0.04845049821738733
3935916,6219,20520,16426,77,4,62974656,0.04845049821738733
3936320,30794,2088,10282,77,4,62981120,0.04845049821738733
1835032,1,16384,26626,77,4,29360512,0.04845049821738733
1835076,34822,32776,12292,77,4,29361216,0.04845049821738733
3938400,26703,2090,43051,77,4,63014400,0.04845049821738733
3939248,63567,28713,32809,77,4,63027968,0.04845049821738733
3939591,53326,22571,38955,77,4,63033456,0.04845049821738733
3939880,47183,32811,8233,77,4,63038080,0.04845049821738733
3940306,14412,43048,24616,77,4,63044896,0.04845049821738733
3941122,47179,22568,30762,77,4,63057952,0.04845049821738733
3941444,8266,16422,51241,77,4,63063104,0.04845049821738733
3941731,36937,18470,49193,78,5,126135392,0.030075875308529117
3942117,55368,22567,14378,78,5,126147744,0.030075875308529117
3942420,4169,22566,55336,78,5,126157440,0.030075875308529117
3942800,4168,24616,36906,78,5,126169600,0.030075875308529117
3943077,41032,53289,24620,78,5,126178464,0.030075875308529117
3943447,22602,41001,57389,78,5,126190304,0.030075875308529117
3943752,22603,41,43,78,5,126200064,0.030075875308529117
3944027,12361,40999,32811,78,5,126208864,0.030075875308529117
3944329,73,43047,32810,78,5,126218528,0.030075875308529117
3944674,38983,63525,14377,78,5,126229568,0.030075875308529117
3945053,18502,6181,34859,78,5,126241696,0.030075875308529117
3945347,26691,8229,28715,78,5,126251104,0.030075875308529117
3945655,22593,45092,28715,78,5,126260960,0.030075875308529117
3945954,45122,4131,43051,78,5,126270528,0.030075875308529117
3946299,55365,12322,26665,78,5,126281568,0.030075875308529117
3946661,32837,45090,43050,78,5,126293152,0.030075875308529117
3946962,8260,53281,24617,78,5,126302784,0.030075875308529117
3947270,18500,2080,8224,78,5,126312640,0.030075875308529117
3947676,30787,43039,49193,78,5,126325632,0.030075875308529117
3947986,30789,4127,16423,78,5,126335552,0.030075875308529117
153618056,0,0,0,78,5,4915777792,0.030075875308529117
3948783,43076,38942,53288,78,5,126361056,0.030075875308529117
3949180,10309,22560,45096,78,5,126373760,0.030075875308529117
3949564,51270,45089,36904,78,5,126386048,0.030075875308529117
3949931,16454,55330,53295,78,5,126397792,0.030075875308529117
1835552,55300,10240,8199,78,5,58737664,0.030075875308529117
3950625,22601,32805,2088,78,5,126420000,0.030075875308529117
1835171,0,4,16389,78,5,58725472,0.030075875308529117
3951478,4171,20516,45098,78,5,126447296,0.030075875308529117
3951930,16461,36904,6184,78,5,126461760,0.030075875308529117
3952311,32846,18472,45097,78,5,126473952,0.030075875308529117
3952629,59468,32807,61479,78,5,126484128,0.030075875308529117
3952997,51274,43045,40999,78,5,126495904,0.030075875308529117
3953353,14409,28708,53285,78,5,126507296,0.030075875308529117
1835054,0,2049,4,78,5,58721728,0.030075875308529117
1835146,3,1,6149,78,5,58724672,0.030075875308529117
3954573,10309,28708,49192,78,5,126546336,0.030075875308529117
3954921,20551,57383,59436,78,5,126557472,0.030075875308529117
3955241,22602,26666,49199,78,5,126567712,0.030075875308529117
3955615,22605,8237,2094,78,5,126579680,0.030075875308529117
3955901,22604,49197,8247,78,5,126588832,0.030075875308529117
3956199,61518,6191,45103,78,5,126598368,0.030075875308529117
3956491,43084,43052,34861,78,5,126607712,0.030075875308529117
3956824,34890,26663,34859,78,5,126618368,0.030075875308529117
3957156,20554,22567,10281,78,5,126628992,0.030075875308529117
3957453,30794,43046,59434,78,5,126638496,0.030075875308529117
3957765,63561,36,63529,78,5,126648480,0.030075875308529117
3958094,57417,30756,22567,78,5,126659008,0.030075875308529117
1843730,49154,8197,5,78,5,58999360,0.030075875308529117
3958916,59466,20519,41004,78,5,126685312,0.030075875308529117
3959295,57416,41001,4141,79,5,126697440,0.030350123411646404
3959632,32843,10283,43054,79,5,126708224,0.030350123411646404
3959998,36938,53290,20525,79,5,126719936,0.030350123411646404
3960368,61513,28710,20521,79,5,126731776,0.030350123411646404
3960715,61512,38948,12328,79,5,126742880,0.030350123411646404
3960996,4168,53283,2086,79,5,126751872,0.030350123411646404
3961313,36934,8224,6182,79,5,126762016,0.030350123411646404
3961728,41030,32800,26662,79,5,126775296,0.030350123411646404
3962023,38981,26656,55343,79,5,126784736,0.030350123411646404
3962334,30790,22560,45095,79,5,126794688,0.030350123411646404
3962704,26693,57376,32806,79,5,126806528,0.030350123411646404
3962975,36934,26656,38949,79,5,126815200,0.030350123411646404
3963413,59463,36898,16422,79,5,126829216,0.030350123411646404
3963764,34887,4132,55337,79,5,126840448,0.030350123411646404
3964064,63561,16423,8235,79,5,126850048,0.030350123411646404
3964348,8267,12329,26667,79,5,126859136,0.030350123411646404
3964627,61515,36906,10285,79,5,126868064,0.030350123411646404
3964944,43083,16425,59434,79,5,126878208,0.030350123411646404
3965324,24651,43048,4137,79,5,126890368,0.030350123411646404
3965696,36939,51238,10280,79,5,126902272,0.030350123411646404
3965991,24650,8229,22567,79,5,126911712,0.030350123411646404
3966300,28744,45092,6176,79,5,126921600,0.030350123411646404
3966588,69,38949,51241,79,5,126930816,0.030350123411646404
3966898,36933,53285,38953,79,5,126940736,0.030350123411646404
1835075,1,34820,1,79,5,58722400,0.030350123411646404
3967542,24643,24613,49195,79,5,126961344,0.030350123411646404
3967832,20551,57383,36908,79,5,126970624,0.030350123411646404
3968209,26697,28712,51245,79,5,126982688,0.030350123411646404
3968541,2121,20519,34860,79,5,126993312,0.030350123411646404
3968853,63561,32809,59437,79,5,127003296,0.030350123411646404
1835148,28677,20480,2066,79,5,58724736,0.030350123411646404
3969821,14416,49197,26669,79,5,127034272,0.030350123411646404
3970220,14415,63528,55338,79,5,127047040,0.030350123411646404
3970563,2128,32813,45099,79,5,127058016,0.030350123411646404
1835784,20480,0,8194,79,5,58745088,0.030350123411646404
3971242,20561,16425,51242,79,5,127079744,0.030350123411646404
3971646,38992,32809,24616,79,5,127092672,0.030350123411646404
3972028,10319,51238,59425,79,5,127104896,0.030350123411646404
3972338,59470,26661,55333,79,5,127114816,0.030350123411646404
3972637,10314,61475,8229,79,5,127124384,0.030350123411646404
3972970,26695,32800,32805,79,5,127135040,0.030350123411646404
1835040,8220,53250,32772,79,5,58721280,0.030350123411646404
3973831,59458,51234,55338,79,5,127162592,0.030350123411646404
3974205,20545,24612,57389,79,5,127174560,0.030350123411646404
3974501,47169,22564,45101,79,5,127184032,0.030350123411646404
3975271,45127,10282,2093,79,5,127208672,0.030350123411646404
3975682,16455,57386,14383,79,5,127221824,0.030350123411646404
3975990,38984,47149,4144,79,5,127231680,0.030350123411646404
3976763,47179,16429,26673,80,5,127256416,0.030441539446018833
3977473,2124,45103,43059,80,5,127279136,0.030441539446018833
3977739,55374,51250,20529,80,5,127287648,0.030441539446018833
3978060,47182,49198,43056,80,5,127297920,0.030441539446018833
1839144,8196,11,32784,80,5,58852608,0.030441539446018833
3978769,2126,2091,59447,80,5,127320608,0.030441539446018833
3979124,24654,43053,32816,80,5,127331968,0.030441539446018833
3979451,49229,57388,22574,80,5,127342432,0.030441539446018833
3979834,57420,34857,12331,80,5,127354688,0.030441539446018833
3980119,61514,12325,49192,80,5,127363808,0.030441539446018833
3980480,41032,38947,16424,80,5,127375360,0.030441539446018833
3980831,49221,26656,53291,80,5,127386592,0.030441539446018833
3981169,18497,36896,18471,80,5,127397408,0.030441539446018833
3981538,34881,36895,12335,80,5,127409216,0.030441539446018833
3981910,47168,26653,43048,80,5,127421120,0.030441539446018833
3982263,36928,16412,32807,80,5,127432416,0.030441539446018833
3982560,61505,10268,16424,80,5,127441920,0.030441539446018833
3982903,41025,22556,38952,80,5,127452896,0.030441539446018833
3983236,2111,40987,36905,80,5,127463552,0.030441539446018833
3983523,34880,34844,63530,80,5,127472736,0.030441539446018833
3983867,14400,51229,12329,80,5,127483744,0.030441539446018833
3984203,24642,22558,18474,80,5,127494496,0.030441539446018833
3984524,63554,49182,16426,80,5,127504768,0.030441539446018833
3984840,34884,22559,32809,80,5,127514880,0.030441539446018833
3985111,41029,59424,22561,80,5,127523552,0.030441539446018833
3985421,2119,61473,53286,80,5,127533472,0.030441539446018833
3985740,59464,55332,8232,80,5,127543680,0.030441539446018833
3986258,34888,16421,18479,80,5,127560256,0.030441539446018833
3986649,57416,24611,63526,80,5,127572768,0.030441539446018833
3987040,26696,53283,2086,80,5,127585280,0.030441539446018833
3987352,51272,57378,53286,80,5,127595264,0.030441539446018833
3987642,51272,59426,63520,80,5,127604544,0.030441539446018833
3988321,16458,38951,4137,80,5,127626272,0.030441539446018833
3988610,59466,28712,10280,80,5,127635520,0.030441539446018833
3988931,30793,61481,8233,80,5,127645792,0.030441539446018833
3989287,16458,26662,28711,80,5,127657184,0.030441539446018833
3989645,51274,4134,6183,80,5,127668640,0.030441539446018833
3990030,14409,22562,45090,80,5,127680960,0.030441539446018833
3990341,45128,6178,20517,80,5,127690912,0.030441539446018833
3990651,43080,10273,53284,80,5,127700832,0.030441539446018833
3990922,2120,61475,34854,80,5,127709504,0.030441539446018833
1859612,6144,16385,16390,80,5,59507584,0.030441539446018833
3991885,49225,55333,36904,80,5,127740320,0.030441539446018833
1859673,4097,0,20480,80,5,59509536,0.030441539446018833
1860612,2050,6144,32768,80,5,59539584,0.030441539446018833
1860817,4,2055,49152,80,5,59546144,0.030441539446018833
1861377,43010,10246,34816,81,5,59564064,0.03080720358350855
3993823,32843,18469,57384,81,5,127802336,0.03080720358350855
3994248,18508,16421,22575,81,5,127815936,0.03080720358350855
3994583,26701,40996,28704,81,5,127826656,0.03080720358350855
3994918,8269,2085,24614,81,5,127837376,0.03080720358350855
3995262,8267,43046,51232,81,5,127848384,0.03080720358350855
3995596,47180,38952,8232,81,5,127859072,0.03080720358350855
3995917,18507,32808,51241,81,5,127869344,0.03080720358350855
3996233,18507,34856,43049,81,5,127879456,0.03080720358350855
3996587,28746,4135,24615,81,5,127890784,0.03080720358350855
3996900,32842,45095,39,81,5,127900800,0.03080720358350855
3997201,24650,24614,40,81,5,127910432,0.03080720358350855
3997565,8267,4134,26656,81,5,127922080,0.03080720358350855
3997877,43081,59430,59432,81,5,127932064,0.03080720358350855
3998142,49225,45094,49193,81,5,127940544,0.03080720358350855
3998609,22601,51237,12320,81,5,127955488,0.03080720358350855
3998971,6216,22562,57376,81,5,127967072,0.03080720358350855
3999732,34889,34,59424,81,5,127991424,0.03080720358350855
4000033,12360,28707,36903,81,5,128001056,0.03080720358350855
4000320,10310,59425,61477,81,5,128010240,0.03080720358350855
4000759,10311,24610,28711,81,5,128024288,0.03080720358350855
4001328,8262,57376,4135,81,5,128042496,0.03080720358350855
1836808,10240,14346,34822,81,5,58777856,0.03080720358350855
1835010,18432,30730,36868,81,5,58720320,0.03080720358350855
4002822,12357,18463,61478,81,5,128090304,0.03080720358350855
4003327,26692,57376,10278,81,5,128106464,0.03080720358350855
4004055,53315,55327,10280,81,5,128129760,0.03080720358350855
4004378,12356,49183,12327,81,5,128140096,0.03080720358350855
4004745,41028,53280,20519,81,5,128151840,0.03080720358350855
4005206,24645,8224,59430,81,5,128166592,0.03080720358350855
4005520,51269,12321,36905,81,5,128176640,0.03080720358350855
4005815,12358,33,2089,81,5,128186080,0.03080720358350855
4006642,63558,59424,55336,81,5,128212544,0.03080720358350855
4007065,30791,51235,10279,81,5,128226080,0.03080720358350855
4007366,36936,63525,10279,81,5,128235712,0.03080720358350855
4007807,10312,38947,59431,81,5,128249824,0.03080720358350855
4008169,59463,55331,6176,81,5,128261408,0.03080720358350855
4008448,47175,53281,57382,81,5,128270336,0.03080720358350855
4008785,43079,34848,6176,81,5,128281120,0.03080720358350855
1836040,12292,0,32773,81,5,58753280,0.03080720358350855
1836583,0,26626,8197,81,5,58770656,0.03080720358350855
4010046,4170,10276,10279,81,5,128321472,0.03080720358350855
4010672,8265,49189,34848,81,5,128341504,0.03080720358350855
4011081,38985,36900,20519,81,5,128354592,0.03080720358350855
4011399,61513,26660,24608,81,5,128364768,0.03080720358350855
4011736,61513,37,22575,81,5,128375552,0.03080720358350855
4013164,12362,43045,20520,82,5,128421248,0.032909772374074414
4013964,59466,61479,36911,82,5,128446848,0.032909772374074414
4014480,22601,32806,24608,82,5,128463360,0.032909772374074414
4014740,57418,28710,36902,82,5,128471680,0.032909772374074414
4015516,4170,26661,59432,82,5,128496512,0.032909772374074414
4015876,53323,10279,6186,82,5,128508032,0.032909772374074414
4016197,45131,57382,43050,82,5,128518304,0.032909772374074414
4016509,47178,36903,57386,82,5,128528288,0.032909772374074414
4016876,6218,16422,51246,82,5,128540032,0.032909772374074414
4017315,51274,37,38953,82,5,128554080,0.032909772374074414
4017611,14408,51235,6183,82,5,128563552,0.032909772374074414
4017983,57417,2082,16423,82,5,128575456,0.032909772374074414
4018313,12361,49185,40997,82,5,128586016,0.032909772374074414
4018669,16457,10275,4134,82,5,128597408,0.032909772374074414
4019019,6214,59426,59430,82,5,128608608,0.032909772374074414
4019963,63557,14369,8230,82,5,128638816,0.032909772374074414
4020351,61508,26656,28711,82,5,128651232,0.032909772374074414
4020643,20549,28704,6182,82,5,128660576,0.032909772374074414
4021086,51269,57378,28713,82,5,128674752,0.032909772374074414
4021557,4165,22562,36904,82,5,128689824,0.032909772374074414
4021909,41029,20513,53280,82,5,128701088,0.032909772374074414
4022391,24645,10271,28713,82,5,128716512,0.032909772374074414
4022749,53317,10271,10281,82,5,128727968,0.032909772374074414
4023133,47173,31,51240,82,5,128740256,0.032909772374074414
4023493,34885,12320,40993,82,5,128751776,0.032909772374074414
4023851,18501,20513,8224,82,5,128763232,0.032909772374074414
4024190,34885,38945,45095,82,5,128774080,0.032909772374074414
4024545,22597,10274,41007,82,5,128785440,0.032909772374074414
4024929,22597,49184,10279,82,5,128797728,0.032909772374074414
4025229,24646,26656,61480,82,5,128807328,0.032909772374074414
4025599,38982,16416,38952,82,5,128819168,0.032909772374074414
4026036,32837,63522,6183,82,5,128833152,0.032909772374074414
4026368,16453,55330,10279,82,5,128843776,0.032909772374074414
4026722,49222,40993,26663,82,5,128855104,0.032909772374074414
4027070,28742,12320,4133,82,5,128866240,0.032909772374074414
4027441,51270,22559,59431,82,5,128878112,0.032909772374074414
4027984,34887,18466,57384,82,5,128895488,0.032909772374074414
4028353,20551,30755,47144,82,5,128907296,0.032909772374074414
4028812,63559,55331,41001,82,5,128921984,0.032909772374074414
4029233,12359,38947,42,82,5,128935456,0.032909772374074414
4029539,53320,57379,40998,82,5,128945248,0.032909772374074414
4029945,8264,51235,26656,82,5,128958240,0.032909772374074414
1851138,8192,10240,40964,82,5,59236416,0.032909772374074414
4030956,22602,32806,51247,82,5,128990592,0.032909772374074414
4031288,28746,38951,6184,82,5,129001216,0.032909772374074414
4031624,18507,40998,61487,83,5,129011968,0.037846238230185576
4031964,32844,8231,49192,83,5,129022848,0.037846238230185576
4032277,57420,18472,24617,83,5,129032864,0.037846238230185576
4032651,61516,41001,43050,83,5,129044832,0.037846238230185576
4033158,41036,2092,41004,83,5,129061056,0.037846238230185576
1868802,24582,8,32769,83,5,59801664,0.037846238230185576
4033931,12366,22572,20526,83,5,129085792,0.037846238230185576
4034391,45136,45108,45108,83,5,129100512,0.037846238230185576
1867856,0,26625,4113,83,5,59771392,0.037846238230185576
4035468,22609,10291,36914,83,5,129134976,0.037846238230185576
4036014,51281,26670,47,83,5,129152448,0.037846238230185576
4036535,20560,57387,12333,83,5,129169120,0.037846238230185576
4036984,53329,57386,57389,83,5,129183488,0.037846238230185576
4037363,53327,61480,55339,83,5,129195616,0.037846238230185576
4037791,12368,41001,22569,83,5,129209312,0.037846238230185576
4038074,26703,4137,20523,83,5,129218368,0.037846238230185576
4038535,4177,34858,28715,83,5,129233120,0.037846238230185576
4038962,4174,45096,24609,83,5,129246784,0.037846238230185576
4039323,51276,8229,61479,83,5,129258336,0.037846238230185576
4039656,53325,37,6182,83,5,129268992,0.037846238230185576
4040218,59466,8228,28719,83,5,129286976,0.037846238230185576
4040589,57417,22563,57383,83,5,129298848,0.037846238230185576
4041017,47175,43044,51240,83,5,129312544,0.037846238230185576
4041419,18503,38946,43047,83,5,129325408,0.037846238230185576
4041866,8261,6180,53288,83,5,129339712,0.037846238230185576
4042280,20551,36901,18474,83,5,129352960,0.037846238230185576
4042791,18504,63524,63530,83,5,129369312,0.037846238230185576
4043103,30792,43044,28713,83,5,129379296,0.037846238230185576
4043547,63561,53286,10283,83,5,129393504,0.037846238230185576
4043918,45128,51236,53290,83,5,129405376,0.037846238230185576
1872408,4096,18433,43025,83,5,59917056,0.037846238230185576
4044689,63561,24614,20522,83,5,129430048,0.037846238230185576
4045229,32839,4130,38945,83,5,129447328,0.037846238230185576
4045554,43079,43043,12328,83,5,129457728,0.037846238230185576
4045925,8263,55330,43049,83,5,129469600,0.037846238230185576
4046402,49223,10277,2081,83,5,129484864,0.037846238230185576
4046848,36937,32807,38955,83,5,129499136,0.037846238230185576
4047303,63563,20520,8234,83,5,129513696,0.037846238230185576
4047791,20554,45096,59436,83,5,129529312,0.037846238230185576
4048144,49226,14372,47144,83,5,129540608,0.037846238230185576
4048470,57416,61476,4137,83,5,129551040,0.037846238230185576
4048987,2120,32803,38953,83,5,129567584,0.037846238230185576
4049396,24648,57380,20520,83,5,129580672,0.037846238230185576
4049694,2120,61476,4136,83,5,129590208,0.037846238230185576
4050142,14410,34851,38953,83,5,129604544,0.037846238230185576
4050660,74,59431,6186,83,5,129621120,0.037846238230185576
4051037,75,51240,53291,83,5,129633184,0.037846238230185576
4051348,43082,22568,38954,83,5,129643136,0.037846238230185576
4051709,38985,49191,34857,83,5,129654688,0.037846238230185576
4052109,73,26661,39,83,5,129667488,0.037846238230185576
4052489,49224,8226,12327,84,5,129679648,0.037846238230185576
4052937,53319,40993,24614,84,5,129693984,0.037846238230185576
4053368,49222,20515,32,84,5,129707776,0.037846238230185576
4053787,57416,16420,59434,84,5,129721184,0.037846238230185576
4054142,16456,12325,30762,84,5,129732544,0.037846238230185576
4054608,30793,12327,51242,84,5,129747456,0.037846238230185576
4055006,30793,53285,59434,84,5,129760192,0.037846238230185576
4055403,53321,16422,22569,84,5,129772896,0.037846238230185576
4055856,55368,24614,59434,84,5,129787392,0.037846238230185576
4056281,61514,16423,12329,84,5,129800992,0.037846238230185576
4056725,26698,22567,61484,84,5,129815200,0.037846238230185576
4057052,75,6183,57388,84,5,129825664,0.037846238230185576
4057439,2122,59430,8235,84,5,129838048,0.037846238230185576
4057864,36938,38950,18474,84,5,129851648,0.037846238230185576
4058378,41034,59428,41002,84,5,129868096,0.037846238230185576
4058738,12361,12323,26665,84,5,129879616,0.037846238230185576
4059100,34889,24610,8230,84,5,129891200,0.037846238230185576
4059539,63561,10273,55334,84,5,129905248,0.037846238230185576
4059987,16455,55332,10279,84,5,129919584,0.037846238230185576
4060429,57415,49190,36905,84,5,129933728,0.037846238230185576
4060925,16454,49187,28711,84,5,129949600,0.037846238230185576
4061259,45128,2083,38944,84,5,129960288,0.037846238230185576
4061785,32845,32809,20523,84,5,129977120,0.037846238230185576
4062069,49229,36905,32814,84,5,129986208,0.037846238230185576
4062645,59469,26667,42,84,5,130004640,0.037846238230185576
4062985,20557,61482,45099,84,5,130015520,0.037846238230185576
4063483,45133,28713,36907,84,5,130031456,0.037846238230185576
4063871,32846,14377,14378,84,5,130043872,0.037846238230185576
4064168,57420,16422,8234,84,5,130053376,0.037846238230185576
4064703,49228,18470,22567,84,5,130070496,0.037846238230185576
4065010,55366,12326,6176,84,5,130080320,0.037846238230185576
4065523,20556,55335,28713,84,5,130096736,0.037846238230185576
4065835,41036,43052,53294,84,5,130106720,0.037846238230185576
4066204,51276,34862,54,84,5,130118528,0.037846238230185576
4066660,47181,49196,34863,84,5,130133120,0.037846238230185576
4067041,12364,57390,41009,84,5,130145312,0.037846238230185576
4067426,32845,36909,51249,84,5,130157632,0.037846238230185576
1966229,32773,24585,59394,84,5,62919328,0.037846238230185576
4068157,36940,38956,45096,84,5,130181024,0.037846238230185576
4068634,59469,8232,41003,84,5,130196288,0.037846238230185576
4068981,38988,28713,59436,84,5,130207392,0.037846238230185576
4069321,8284,38954,34860,84,5,130218272,0.037846238230185576
4069659,2124,34860,24621,84,5,130229088,0.037846238230185576
4070073,51277,57387,10285,84,5,130242336,0.037846238230185576
4070543,22604,51246,12335,84,5,130257376,0.037846238230185576
4071121,22605,2094,47,84,5,130275872,0.037846238230185576
4071466,61516,43053,43048,84,5,130286912,0.037846238230185576
4071868,10316,14380,51246,84,5,130299776,0.037846238230185576
4072234,51276,34858,24621,84,5,130311488,0.037846238230185576
4072672,61516,12329,24618,84,5,130325504,0.037846238230185576
4073148,45131,4134,18474,85,5,130340736,0.0344638449584057
4073541,49228,12326,49194,85,5,130353312,0.0344638449584057
4073910,2124,36906,44,85,5,130365120,0.0344638449584057
4074369,20556,51241,34861,85,5,130379808,0.0344638449584057
4074900,38989,2090,55342,85,5,130396800,0.0344638449584057
4075221,32845,16426,10285,85,5,130407072,0.0344638449584057
4075520,28748,6184,20524,85,5,130416640,0.0344638449584057
4075937,16460,24616,51243,85,5,130429984,0.0344638449584057
4076378,63563,49191,36904,85,5,130444096,0.0344638449584057
4076739,12362,8228,28714,85,5,130455648,0.0344638449584057
4077155,51274,47139,32809,85,5,130468960,0.0344638449584057
4077526,41033,57380,12328,85,5,130480832,0.0344638449584057
4077912,10313,59429,10281,85,5,130493184,0.0344638449584057
4078410,63562,18470,26664,85,5,130509120,0.0344638449584057
4078806,8266,20517,22575,85,5,130521792,0.0344638449584057
4079181,26698,18468,55337,85,5,130533792,0.0344638449584057
4079521,57420,16422,12330,85,5,130544672,0.0344638449584057
4080010,32845,12326,24618,85,5,130560320,0.0344638449584057
4080388,24652,2087,16426,85,5,130572416,0.0344638449584057
4080778,34893,22571,34860,85,5,130584896,0.0344638449584057
4081120,49228,20522,8236,85,5,130595840,0.0344638449584057
4081457,32844,61479,49194,85,5,130606624,0.0344638449584057
4081857,12365,6183,36904,85,5,130619424,0.0344638449584057
4082165,34893,53289,22570,85,5,130629280,0.0344638449584057
4082585,41037,10282,10282,85,5,130642720,0.0344638449584057
4082984,28748,38953,22571,85,5,130655488,0.0344638449584057
4083430,26701,43049,28715,85,5,130669760,0.0344638449584057
4083807,18509,55336,26665,85,5,130681824,0.0344638449584057
4084169,34894,24618,43051,85,5,130693408,0.0344638449584057
4084495,61517,14378,22571,85,5,130703840,0.0344638449584057
4084875,49229,26666,28716,85,5,130716000,0.0344638449584057
4085207,76,38954,16428,85,5,130726624,0.0344638449584057
4085713,43084,36903,59433,85,5,130742816,0.0344638449584057
4086135,24652,28709,57384,85,5,130756320,0.0344638449584057
4086464,10316,59431,38952,85,5,130766848,0.0344638449584057
4086828,57419,26661,18473,85,5,130778496,0.0344638449584057
4087116,2123,10278,43049,85,5,130787712,0.0344638449584057
4087518,16458,30757,59439,85,5,130800576,0.0344638449584057
4087838,2121,55333,59431,85,5,130810816,0.0344638449584057
4088164,32843,10283,40998,85,5,130821248,0.0344638449584057
4088484,30796,51239,26664,85,5,130831488,0.0344638449584057
4088816,47179,24615,41001,85,5,130842112,0.0344638449584057
4089324,24651,45097,8235,85,5,130858368,0.0344638449584057
4089640,28747,51241,55339,85,5,130868480,0.0344638449584057
4090000,59466,55336,45100,85,5,130880000,0.0344638449584057
4090360,51274,45095,6186,85,5,130891520,0.0344638449584057
1974537,32768,4096,20502,85,5,63185184,0.0344638449584057
4091294,30795,2085,34857,85,5,130921408,0.0344638449584057
4091747,43082,51239,26665,85,5,130935904,0.0344638449584057
4092128,28747,39,57385,85,5,130948096,0.0344638449584057
4092478,51274,57382,8232,86,5,130959296,0.038486150470792575
4092763,16459,12324,61479,86,5,130968416,0.038486150470792575
1978416,14336,16384,49152,86,5,63309312,0.038486150470792575
4093600,49227,26662,45098,86,5,130995200,0.038486150470792575
4094139,10314,38952,12331,86,5,131012448,0.038486150470792575
4094456,57418,32806,22570,86,5,131022592,0.038486150470792575
4094777,2122,10283,12335,86,5,131032864,0.038486150470792575
4095226,14410,22563,43048,86,5,131047232,0.038486150470792575
4095498,32842,6179,6191,86,5,131055936,0.038486150470792575
4096054,61512,57379,26671,86,5,131073728,0.038486150470792575
4096511,36937,4132,22590,86,5,131088352,0.038486150470792575
4096964,72,43044,47151,86,5,131102848,0.038486150470792575
4097437,61512,32804,39,86,5,131117984,0.038486150470792575
4097892,32841,47140,18494,86,5,131132544,0.038486150470792575
4098239,41033,55333,22567,86,5,131143648,0.038486150470792575
4098597,4170,26662,55338,86,5,131155104,0.038486150470792575
4099017,61514,10278,34857,86,5,131168544,0.038486150470792575
4099368,59464,61474,40998,86,5,131179776,0.038486150470792575
4099772,10313,26659,45095,86,5,131192704,0.038486150470792575
4100219,12362,16421,2088,86,5,131207008,0.038486150470792575
1966086,34816,24578,16404,86,5,62914752,0.038486150470792575
4101114,41035,2086,45097,86,5,131235648,0.038486150470792575
4101474,10314,22566,45097,86,5,131247168,0.038486150470792575
4101828,10314,38950,22570,86,5,131258496,0.038486150470792575
4102163,47178,28709,26667,86,5,131269216,0.038486150470792575
4102679,12363,22565,41002,86,5,131285728,0.038486150470792575
4103026,45131,38,57386,86,5,131296832,0.038486150470792575
4103447,61515,40,24620,86,5,131310304,0.038486150470792575
4103826,59466,8231,12331,86,5,131322432,0.038486150470792575
4104272,36939,32805,51241,86,5,131336704,0.038486150470792575
4104995,16458,30757,10279,86,5,131359840,0.038486150470792575
4105543,34890,34853,38952,86,5,131377376,0.038486150470792575
1966657,10240,14336,20480,86,5,62933024,0.038486150470792575
4106261,8265,61476,57383,86,5,131400352,0.038486150470792575
4106853,41034,24613,30760,86,5,131419296,0.038486150470792575
4107333,63562,59430,16431,86,5,131434656,0.038486150470792575
4107685,51274,38,41000,86,5,131445920,0.038486150470792575
4108092,30792,61478,59432,86,5,131458944,0.038486150470792575
4108566,8265,2085,2081,86,5,131474112,0.038486150470792575
4109047,57415,53283,12327,86,5,131489504,0.038486150470792575
4109394,6216,49187,4137,86,5,131500608,0.038486150470792575
4109875,4168,12324,4139,86,5,131516000,0.038486150470792575
4110306,53320,32805,28713,86,5,131529792,0.038486150470792575
4110637,32840,32805,18472,86,5,131540384,0.038486150470792575
4111069,8264,59428,34857,86,5,131554208,0.038486150470792575
4111448,24649,20515,36905,86,5,131566336,0.038486150470792575
4111906,20551,34850,8232,86,5,131580992,0.038486150470792575
4112278,47175,10275,32808,86,5,131592896,0.038486150470792575
4112784,16454,57378,59424,86,5,131609088,0.038486150470792575
4113070,10310,20513,28711,87,5,131618240,0.036017917542737
4113496,45127,26657,53288,87,5,131631872,0.036017917542737
4113969,16455,24609,8231,87,5,131647008,0.036017917542737
4114350,30792,34,22560,87,5,131659200,0.036017917542737
4114741,51272,18467,61487,87,5,131671712,0.036017917542737
4115193,20551,14372,2089,87,5,131686176,0.036017917542737
4115554,47176,28706,57386,87,5,131697728,0.036017917542737
4115941,6215,55331,32,87,5,131710112,0.036017917542737
4116268,73,10275,61482,87,5,131720576,0.036017917542737
4116845,38986,57383,38955,87,5,131739040,0.036017917542737
4117246,57419,43,10284,87,5,131751872,0.036017917542737
4117541,49228,26668,61486,87,5,131761312,0.036017917542737
4117934,77,51244,2093,87,5,131773888,0.036017917542737
1984532,20480,45064,34816,87,5,63505024,0.036017917542737
4119496,12369,53293,24622,87,5,131823872,0.036017917542737
1985696,57344,32773,20480,87,5,63542272,0.036017917542737
4121116,24655,63529,42,87,5,131875712,0.036017917542737
1990912,34821,32770,4,87,5,63709184,0.036017917542737
4121821,16458,22566,32808,87,5,131898272,0.036017917542737
4122362,41034,38951,12331,87,5,131915584,0.036017917542737
4122690,28745,28711,28713,87,5,131926080,0.036017917542737
4123011,43079,18470,14378,87,5,131936352,0.036017917542737
4123456,38985,43049,32812,87,5,131950592,0.036017917542737
4123930,45129,20521,59438,87,5,131965760,0.036017917542737
4124483,38986,4137,59435,87,5,131983456,0.036017917542737
4124917,20554,28711,45099,87,5,131997344,0.036017917542737
4125248,24649,45095,18474,87,5,132007936,0.036017917542737
4125665,57416,14372,41,87,5,132021280,0.036017917542737
4126070,36936,2083,45096,87,5,132034240,0.036017917542737
4126653,30789,28708,61482,87,5,132052896,0.036017917542737
4127009,14406,10277,16425,87,5,132064288,0.036017917542737
4127322,26693,55330,55337,87,5,132074304,0.036017917542737
4127864,59460,61473,57383,87,5,132091648,0.036017917542737
4128143,28740,32,2087,87,5,132100576,0.036017917542737
4128556,4163,10270,53280,87,5,132113792,0.036017917542737
4128839,32836,16416,4137,87,5,132122848,0.036017917542737
4129382,53316,51231,51239,87,5,132140224,0.036017917542737
4129686,34885,38943,55336,87,5,132149952,0.036017917542737
4130169,10309,16414,28704,87,5,132165408,0.036017917542737
4130476,4165,16414,63527,87,5,132175232,0.036017917542737
4130959,41029,53281,2086,87,5,132190688,0.036017917542737
4131289,51270,34850,18471,87,5,132201248,0.036017917542737
4131683,30791,51235,24616,87,5,132213856,0.036017917542737
2032640,8193,4096,4096,87,5,65044480,0.036017917542737
4132443,59468,10276,59432,87,5,132238176,0.036017917542737
4133045,24655,63529,26666,87,5,132257440,0.036017917542737
4133410,49231,53290,41002,87,5,132269120,0.036017917542737
4133799,4174,59433,6184,87,5,132281568,0.036017917542737
4134322,32844,24613,30759,88,5,132298304,0.035195173233385134
4134680,51271,57378,55333,88,5,132309760,0.035195173233385134
4135065,14407,18466,43046,88,5,132322080,0.035195173233385134
4135576,14404,16417,4137,88,5,132338432,0.035195173233385134
4136331,59463,16424,2094,88,5,132362592,0.035195173233385134
2035463,24578,8,2054,88,5,65134816,0.035195173233385134
4137116,47180,41004,36919,88,5,132387712,0.035195173233385134
4137588,28748,41004,38959,88,5,132402816,0.035195173233385134
4138059,18506,14375,49195,88,5,132417888,0.035195173233385134
4138584,20554,45095,49195,88,5,132434688,0.035195173233385134
4138978,41033,59429,41,88,5,132447296,0.035195173233385134
4139293,34888,43043,57384,88,5,132457376,0.035195173233385134
4139820,34889,34852,53290,88,5,132474240,0.035195173233385134
721940,8202,32806,55332,88,5,23102080,0.035195173233385134
4140897,51276,53292,57390,88,5,132508704,0.035195173233385134
4141439,34890,63528,30762,88,5,132526048,0.035195173233385134
4141762,34889,34855,34858,88,5,132536384,0.035195173233385134
4142125,47176,6180,20520,88,5,132548000,0.035195173233385134
4142598,8263,45091,10281,88,5,132563136,0.035195173233385134
4142906,22597,40993,22567,88,5,132572992,0.035195173233385134
4143290,61510,12323,32806,88,5,132585280,0.035195173233385134
4143741,16454,10274,28710,88,5,132599712,0.035195173233385134
4144118,32837,55330,16422,88,5,132611776,0.035195173233385134
4144522,16454,38950,26670,88,5,132624704,0.035195173233385134
4144950,61513,18472,30766,88,5,132638400,0.035195173233385134
4145577,10318,45102,12337,88,5,132658464,0.035195173233385134
4146058,28746,34862,24625,88,5,132673856,0.035195173233385134
4146338,38989,49197,51247,88,5,132682816,0.035195173233385134
4146876,20556,10279,34859,88,5,132700032,0.035195173233385134
4147237,30793,36900,22568,88,5,132711584,0.035195173233385134
4147576,51268,57376,53286,88,5,132722432,0.035195173233385134
4147888,24644,34848,61479,88,5,132732416,0.035195173233385134
4148290,10308,45091,12328,88,5,132745280,0.035195173233385134
4148596,55364,45091,53288,88,5,132755072,0.035195173233385134
4148971,53319,22566,20523,88,5,132767072,0.035195173233385134
4149347,28746,38956,49199,88,5,132779104,0.035195173233385134
4150174,8267,38956,43048,88,5,132805568,0.035195173233385134
4150588,43088,20525,51246,88,5,132818816,0.035195173233385134
4150932,38991,41002,4137,88,5,132829824,0.035195173233385134
4151274,28751,30758,36906,88,5,132840768,0.035195173233385134
4152383,14416,40,34859,88,5,132876256,0.035195173233385134
4152695,14416,28712,41001,88,5,132886240,0.035195173233385134
4153105,10321,24618,8233,88,5,132899360,0.035195173233385134
4153495,24656,26667,59431,88,5,132911840,0.035195173233385134
4153992,45132,34852,61478,88,5,132927744,0.035195173233385134
4154297,16457,59425,57382,88,5,132937504,0.035195173233385134
4154634,64,10276,4141,89,5,132948288,0.03565225340524728
4155079,47170,51234,49194,89,5,132962528,0.03565225340524728
4155470,10304,26657,22571,89,5,132975040,0.03565225340524728
4155811,38974,43042,47149,89,5,132985952,0.03565225340524728
4156168,30786,57380,45098,89,5,132997376,0.03565225340524728
4156621,10312,43052,8240,89,5,133011872,0.03565225340524728
4157041,28743,43051,22583,89,5,133025312,0.03565225340524728
4157509,45128,51246,41009,89,5,133040288,0.03565225340524728
2043909,45056,36877,32784,89,5,65405088,0.03565225340524728
2043984,16387,32780,26641,89,5,65407488,0.03565225340524728
2043909,2048,24588,18,89,5,65405088,0.03565225340524728
4159045,4174,22578,32821,89,5,133089440,0.03565225340524728
4159474,49231,41005,12335,89,5,133103168,0.03565225340524728
4159878,32846,18474,18476,89,5,133116096,0.03565225340524728
4160322,63566,57386,26668,89,5,133130304,0.03565225340524728
4160736,36941,18472,22570,89,5,133143552,0.03565225340524728
4161224,47178,34852,2080,89,5,133159168,0.03565225340524728
4161520,10313,38946,57384,89,5,133168640,0.03565225340524728
4161835,41032,49185,20512,89,5,133178720,0.03565225340524728
4162306,6212,61471,40999,89,5,133193792,0.03565225340524728
4162644,59456,16414,51239,89,5,133204608,0.03565225340524728
4163034,47167,45086,12328,89,5,133217088,0.03565225340524728
4163347,18492,59421,36906,89,5,133227104,0.03565225340524728
4163704,26684,8219,26665,89,5,133238528,0.03565225340524728
4164046,28733,59420,6185,89,5,133249472,0.03565225340524728
4164359,12350,53276,32809,89,5,133259488,0.03565225340524728
2065441,28672,12,8195,89,5,66094112,0.03565225340524728
4165372,28738,32798,55337,89,5,133291904,0.03565225340524728
4165736,53314,63518,24617,89,5,133303552,0.03565225340524728
4166214,4164,18462,51241,89,5,133318848,0.03565225340524728
4166741,59461,55331,40,89,5,133335712,0.03565225340524728
4167133,22598,10273,6176,89,5,133348256,0.03565225340524728
4167644,20550,45090,39,89,5,133364608,0.03565225340524728
4167957,47174,49186,18473,89,5,133374624,0.03565225340524728
4168434,14407,16417,41000,89,5,133389888,0.03565225340524728
4168886,51270,55328,26665,89,5,133404352,0.03565225340524728
4169207,16454,55328,22574,89,5,133414624,0.03565225340524728
4169577,61511,18466,53286,89,5,133426464,0.03565225340524728
4170023,26696,32804,16423,89,5,133440736,0.03565225340524728
4170364,45128,26659,18471,89,5,133451648,0.03565225340524728
4170718,49223,57378,26656,89,5,133462976,0.03565225340524728
4171125,72,36897,30759,89,5,133476000,0.03565225340524728
4171545,38985,4129,63528,89,5,133489440,0.03565225340524728
4171890,45129,34,61479,89,5,133500480,0.03565225340524728
4172242,12361,20514,45094,89,5,133511744,0.03565225340524728
4172625,57418,4132,41007,89,5,133524000,0.03565225340524728
4173392,61514,55333,26666,89,5,133548544,0.03565225340524728
4173687,51275,53286,20521,89,5,133557984,0.03565225340524728
4174175,34892,30758,34863,89,5,133573600,0.03565225340524728
4174819,6220,38951,18472,90,5,133594208,0.03345826858030899
4175118,20556,26662,59432,90,5,133603776,0.03345826858030899
4175418,51275,36902,28719,90,5,133613376,0.03345826858030899
428067,8,16388,6152,90,5,13698144,0.03345826858030899
4176635,8267,57383,24617,90,5,133652320,0.03345826858030899
4177085,34891,41000,4129,90,5,133666720,0.03345826858030899
4177567,55371,38,45088,90,5,133682144,0.03345826858030899
2080857,0,28672,0,90,5,66587424,0.03345826858030899
4179561,38983,63522,43047,90,5,133745952,0.03345826858030899
4179974,22599,6177,16422,90,5,133759168,0.03345826858030899
4180326,45126,49183,18469,90,5,133770432,0.03345826858030899
4180794,12358,57375,12325,90,5,133785408,0.03345826858030899
4181099,36934,40991,30756,90,5,133795168,0.03345826858030899
4181554,8262,22561,40997,90,5,133809728,0.03345826858030899
4181850,49222,59426,20517,90,5,133819200,0.03345826858030899
2080800,16386,1,6,90,5,66585600,0.03345826858030899
2080848,2048,0,10246,90,5,66587136,0.03345826858030899
2080806,49152,20492,8199,90,5,66585792,0.03345826858030899
4184174,59459,45087,10279,90,5,133893568,0.03345826858030899
4184594,55364,45088,47,90,5,133907008,0.03345826858030899
4184909,63556,31,28711,90,5,133917088,0.03345826858030899
4185306,12354,43037,30758,90,5,133929792,0.03345826858030899
4185724,61506,61468,14368,90,5,133943168,0.03345826858030899
4186193,45123,8221,12328,90,5,133958176,0.03345826858030899
4186530,36931,49182,32808,90,5,133968960,0.03345826858030899
4187249,6213,61473,36911,90,5,133991968,0.03345826858030899
4188128,61512,4130,18471,90,5,134020096,0.03345826858030899
4188541,14409,34,22569,90,5,134033312,0.03345826858030899
4189145,20551,59426,18471,90,5,134052640,0.03345826858030899
4189492,36935,45090,6183,90,5,134063744,0.03345826858030899
4189784,24648,8225,57376,90,5,134073088,0.03345826858030899
4190128,41032,38944,61479,90,5,134084096,0.03345826858030899
4190598,55367,61473,32800,90,5,134099136,0.03345826858030899
4190896,28744,26659,14368,90,5,134108672,0.03345826858030899
2093066,40960,24576,0,90,5,66978112,0.03345826858030899
2093572,16384,32768,32773,90,5,66994304,0.03345826858030899
4192375,16458,36901,8231,90,5,134156000,0.03345826858030899
4192800,45130,53285,28712,90,5,134169600,0.03345826858030899
4193150,51274,43045,8232,90,5,134180800,0.03345826858030899
4193516,6219,18470,32808,90,5,134192512,0.03345826858030899
2096704,2048,34816,32768,90,5,67094528,0.03345826858030899
4194345,51273,2084,12326,90,5,134219040,0.03345826858030899
18,8195,34817,4,90,5,576,0.03345826858030899
4195324,43080,16418,45094,90,5,134250368,0.03345826858030899
4195806,45128,40996,30760,91,5,134265792,0.03674924581771643
4196141,28745,55334,12335,91,5,134276512,0.03674924581771643
8,6144,4096,7,91,5,256,0.03674924581771643
4196983,8265,35,61480,91,5,134303456,0.03674924581771643
4197525,53320,45090,40,91,5,134320800,0.03674924581771643
4197939,59465,6179,12328,91,5,134334048,0.03674924581771643
4198363,38984,38948,16423,91,5,134347616,0.03674924581771643
4198765,34888,8227,61479,91,5,134360480,0.03674924581771643
4199190,43079,49185,30757,91,5,134374080,0.03674924581771643
4199736,32837,59423,18470,91,5,134391552,0.03674924581771643
549,32770,0,20486,91,5,17568,0.03674924581771643
4200651,51269,59426,38950,91,5,134420832,0.03674924581771643
4201187,2118,53284,2088,91,5,134437984,0.03674924581771643
4201631,12357,53283,2095,91,5,134452192,0.03674924581771643
4202040,4164,14370,26664,91,5,134465280,0.03674924581771643
4202442,12356,40992,22566,91,5,134478144,0.03674924581771643
4202830,12355,61471,49191,91,5,134490560,0.03674924581771643
4203276,51269,36896,10278,91,5,134504832,0.03674924581771643
4203652,12356,14368,4135,91,5,134516864,0.03674924581771643
4204020,18500,61471,43047,91,5,134528640,0.03674924581771643
4204494,32837,31,10279,91,5,134543808,0.03674924581771643
4204855,18500,57375,6176,91,5,134555360,0.03674924581771643
4205305,47171,43040,8238,91,5,134569760,0.03674924581771643
4205718,36932,45087,57390,91,5,134582976,0.03674924581771643
4206050,49220,26656,47144,91,5,134593600,0.03674924581771643
4206486,59460,57376,8239,91,5,134607552,0.03674924581771643
4206852,63557,26656,10280,91,5,134619264,0.03674924581771643
4207205,6213,28704,20512,91,5,134630560,0.03674924581771643
4207546,49221,4129,26664,91,5,134641472,0.03674924581771643
4207963,55365,28705,12327,91,5,134654816,0.03674924581771643
4208384,59461,33,41,91,5,134668288,0.03674924581771643
4208737,51268,34848,12329,91,5,134679584,0.03674924581771643
4209109,8262,40993,20512,91,5,134691488,0.03674924581771643
4209517,24646,28704,61472,91,5,134704544,0.03674924581771643
4209890,6216,12323,55336,91,5,134716480,0.03674924581771643
4210202,8264,6180,28712,91,5,134726464,0.03674924581771643
4210563,6218,37,26665,91,5,134738016,0.03674924581771643
4210972,16457,43045,28712,91,5,134751104,0.03674924581771643
4211376,38987,6181,36904,91,5,134764032,0.03674924581771643
4211731,36940,16421,38953,91,5,134775392,0.03674924581771643
4212249,16459,34855,16424,91,5,134791968,0.03674924581771643
4212548,45132,36904,28713,91,5,134801536,0.03674924581771643
4212893,43083,49192,55335,91,5,134812576,0.03674924581771643
4213261,55371,28710,59432,91,5,134824352,0.03674924581771643
4213614,49229,59429,61480,91,5,134835648,0.03674924581771643
4213918,41035,16424,59435,91,5,134845376,0.03674924581771643
1600,10240,18441,8196,91,5,51200,0.03674924581771643
4214777,53324,51244,4142,91,5,134872864,0.03674924581771643
4215241,20555,51247,61489,91,5,134887712,0.03674924581771643
4215735,6222,26671,36913,91,5,134903520,0.03674924581771643
4216143,4175,34867,45108,92,5,134916576,0.03437242892403328
4216507,10320,22575,32817,92,5,134928224,0.03437242892403328
4217511,20560,26669,22576,92,5,134960352,0.03437242892403328
2520,0,4,2,92,5,80640,0.03437242892403328
4218243,4177,28715,18479,92,5,134983776,0.03437242892403328
4218674,53328,20521,26667,92,5,134997568,0.03437242892403328
4219193,34895,45097,8234,92,5,135014176,0.03437242892403328
4219673,10321,20521,43051,92,5,135029536,0.03437242892403328
4220010,55375,59433,10282,92,5,135040320,0.03437242892403328
4220425,61517,2085,16423,92,5,135053600,0.03437242892403328
4220884,2124,38948,32807,92,5,135068288,0.03437242892403328
4221221,30798,30757,8229,92,5,135079072,0.03437242892403328
4221574,49226,20516,55333,92,5,135090368,0.03437242892403328
4221944,14409,36901,30758,92,5,135102208,0.03437242892403328
4222271,36937,49188,45095,92,5,135112672,0.03437242892403328
4222596,16455,4130,20519,92,5,135123072,0.03437242892403328
4223019,49216,38944,4136,92,5,135136608,0.03437242892403328
4223401,6213,22560,59433,92,5,135148832,0.03437242892403328
4223762,57415,18467,41002,92,5,135160384,0.03437242892403328
4224110,20551,43044,49194,92,5,135171520,0.03437242892403328
4224412,51270,26661,4137,92,5,135181184,0.03437242892403328
4224859,41031,63527,32811,92,5,135195488,0.03437242892403328
4225246,8263,55332,20521,92,5,135207872,0.03437242892403328
4225532,45127,18466,36904,92,5,135217024,0.03437242892403328
4225886,6215,2082,4143,92,5,135228352,0.03437242892403328
4226212,53319,55330,22575,92,5,135238784,0.03437242892403328
4226619,2119,43043,59432,92,5,135251808,0.03437242892403328
4226889,55367,10275,49199,92,5,135260448,0.03437242892403328
4227188,6215,34851,20521,92,5,135270016,0.03437242892403328
4227588,47174,26656,43049,92,5,135282816,0.03437242892403328
4228326,57416,10274,51240,92,5,135306432,0.03437242892403328
4228675,53320,32803,57385,92,5,135317600,0.03437242892403328
4229313,8265,35,22567,92,5,135338016,0.03437242892403328
4229709,43081,16418,57391,92,5,135350688,0.03437242892403328
4230160,20552,59425,8231,92,5,135365120,0.03437242892403328
1024,18432,12296,5,92,5,32768,0.03437242892403328
4231400,59464,34850,28711,92,5,135404800,0.03437242892403328
4231744,59465,38945,24614,92,5,135415808,0.03437242892403328
4232212,6218,61477,12328,92,5,135430784,0.03437242892403328
4232555,59466,38,28713,92,5,135441760,0.03437242892403328
4232931,36937,10277,26663,92,5,135453792,0.03437242892403328
4233446,55368,8226,61478,92,5,135470272,0.03437242892403328
4233892,32838,61473,24614,92,5,135484544,0.03437242892403328
4234350,38981,45087,32805,92,5,135499200,0.03437242892403328
4234861,63558,43040,34854,92,5,135515552,0.03437242892403328
4235181,51271,36898,63528,92,5,135525792,0.03437242892403328
4235586,34888,63525,32809,92,5,135538752,0.03437242892403328
4236106,18505,43046,20520,93,5,135555392,0.03409818082091599
4236542,2121,43043,53289,93,5,135569344,0.03409818082091599
4236869,20553,57381,24618,93,5,135579808,0.03409818082091599
4237237,28745,34851,18472,93,5,135591584,0.03409818082091599
4237620,51274,20515,22568,93,5,135603840,0.03409818082091599
4238004,16458,32804,26665,93,5,135616128,0.03409818082091599
4239304,36939,2084,51240,93,5,135657728,0.03409818082091599
4239601,26699,35,38944,93,5,135667232,0.03409818082091599
4239952,20554,20515,36911,93,5,135678464,0.03409818082091599
4240372,55369,51235,32809,93,5,135691904,0.03409818082091599
4240737,22600,22561,32805,93,5,135703584,0.03409818082091599
4241294,43077,12319,61473,93,5,135721408,0.03409818082091599
4241661,12359,40993,40999,93,5,135733152,0.03409818082091599
4241947,36935,4130,43040,93,5,135742304,0.03409818082091599
4242306,18501,28706,28711,93,5,135753792,0.03409818082091599
4242654,34887,12322,51232,93,5,135764928,0.03409818082091599
4243152,2123,4131,49185,93,5,135780864,0.03409818082091599
4243499,41036,20519,41,93,5,135791968,0.03409818082091599
4244007,20554,63523,38951,93,5,135808224,0.03409818082091599
16770,26656,6,20480,93,5,536640,0.03409818082091599
4244807,76,16424,14378,93,5,135833824,0.03409818082091599
4245436,63562,22564,39,93,5,135853952,0.03409818082091599
4245807,30794,63522,40999,93,5,135865824,0.03409818082091599
4246334,53323,40995,59431,93,5,135882688,0.03409818082091599
4246642,10314,57380,61479,93,5,135892544,0.03409818082091599
4247015,14411,37,36903,93,5,135904480,0.03409818082091599
4247344,18506,28712,20522,93,5,135915008,0.03409818082091599
4247704,53323,45096,16427,93,5,135926528,0.03409818082091599
4248020,41036,38953,55340,93,5,135936640,0.03409818082091599
4248525,8268,22566,34858,93,5,135952800,0.03409818082091599
4249021,53325,28713,8235,93,5,135968672,0.03409818082091599
4249488,30796,36905,28715,93,5,135983616,0.03409818082091599
18513,4097,9,0,93,5,592416,0.03409818082091599
4250333,51276,14377,47147,93,5,136010656,0.03409818082091599
4250890,36940,8234,18477,93,5,136028480,0.03409818082091599
4251296,14413,16427,4142,93,5,136041472,0.03409818082091599
4251693,10316,43051,16428,93,5,136054176,0.03409818082091599
4252241,6220,8235,26668,93,5,136071712,0.03409818082091599
4252602,12364,16427,16428,93,5,136083264,0.03409818082091599
4252957,2124,14377,49194,93,5,136094624,0.03409818082091599
4253292,43084,6184,63531,93,5,136105344,0.03409818082091599
4253844,18506,55336,45098,93,5,136123008,0.03409818082091599
4254380,74,16418,51238,93,5,136140160,0.03409818082091599
4254862,32842,32804,2088,93,5,136155584,0.03409818082091599
4255351,73,45093,45097,93,5,136171232,0.03409818082091599
4255742,10314,53288,10284,93,5,136183744,0.03409818082091599
4256114,43083,38953,26669,93,5,136195648,0.03409818082091599
4256443,34892,16426,12332,93,5,136206176,0.03409818082091599
4256794,16459,22568,18474,93,5,136217408,0.03409818082091599
4257126,22603,16422,34858,94,5,136228032,0.036657829783344
4257619,34890,32803,61479,94,5,136243808,0.036657829783344
4258068,8265,57381,12326,94,5,136258176,0.036657829783344
4258441,61514,61478,38959,94,5,136270112,0.036657829783344
4258874,18505,24613,57383,94,5,136283968,0.036657829783344
4259260,45128,51236,36903,94,5,136296320,0.036657829783344
4259641,26697,51233,51238,94,5,136308512,0.036657829783344
4260023,53321,34852,41001,94,5,136320736,0.036657829783344
4260476,20553,18469,34858,94,5,136335232,0.036657829783344
4260981,10314,32806,51240,94,5,136351392,0.036657829783344
4261381,2123,4133,51241,94,5,136364192,0.036657829783344
4261759,55371,22564,22560,94,5,136376288,0.036657829783344
4262094,26700,16418,59429,94,5,136387008,0.036657829783344
4262585,22603,40998,16425,94,5,136402720,0.036657829783344
4263047,41035,22567,26663,94,5,136417504,0.036657829783344
4263396,18506,34853,34848,94,5,136428672,0.036657829783344
4263723,16460,14373,24615,94,5,136439136,0.036657829783344
4264224,20555,51238,59434,94,5,136455168,0.036657829783344
4264622,57421,36905,36907,94,5,136467904,0.036657829783344
4265102,34891,34858,41004,94,5,136483264,0.036657829783344
4265383,76,10281,53291,94,5,136492256,0.036657829783344
4265904,38989,6183,32810,94,5,136508928,0.036657829783344
4266211,16459,55335,14379,94,5,136518752,0.036657829783344
4266540,26700,39,38955,94,5,136529280,0.036657829783344
4267021,16459,57383,22570,94,5,136544672,0.036657829783344
4267479,32844,40,53290,94,5,136559328,0.036657829783344
4267930,61515,24615,16424,94,5,136573760,0.036657829783344
4268341,20554,37,28712,94,5,136586912,0.036657829783344
4268759,22603,6179,2086,94,5,136600288,0.036657829783344
4269286,22603,35,61472,94,5,136617152,0.036657829783344
4269772,12362,38,16431,94,5,136632704,0.036657829783344
4270110,30794,30758,32807,94,5,136643520,0.036657829783344
4270451,8266,45094,12329,94,5,136654432,0.036657829783344
4270903,43082,43045,45103,94,5,136668896,0.036657829783344
4271335,6218,28709,22569,94,5,136682720,0.036657829783344
4271696,57418,20517,40,94,5,136694272,0.036657829783344
4271998,28746,49190,53288,94,5,136703936,0.036657829783344
4272464,22601,16421,57385,94,5,136718848,0.036657829783344
4272736,18506,12324,32808,94,5,136727552,0.036657829783344
4273144,63560,57378,38944,94,5,136740608,0.036657829783344
4273514,63561,20514,32815,94,5,136752448,0.036657829783344
4273978,24650,20516,10280,94,5,136767296,0.036657829783344
4274379,8265,59429,61480,94,5,136780128,0.036657829783344
4274867,28746,34854,38951,94,5,136795744,0.036657829783344
4275172,26698,32804,22566,94,5,136805504,0.036657829783344
4275566,43082,10273,51237,94,5,136818112,0.036657829783344
4275987,51273,57377,40998,94,5,136831584,0.036657829783344
4276302,22601,35,12335,94,5,136841664,0.036657829783344
4276606,18505,40997,24608,94,5,136851392,0.036657829783344
4276990,45130,28711,6184,94,5,136863680,0.036657829783344
4277348,2121,57382,24623,95,5,136875136,0.035286589267757566
4277688,18506,10276,8230,95,5,136886016,0.035286589267757566
4278264,47177,38945,14374,95,5,136904448,0.035286589267757566
4278564,55370,8225,32807,95,5,136914048,0.035286589267757566
8,6144,4098,32800,95,5,256,0.035286589267757566
4279345,43081,32804,36903,95,5,136939040,0.035286589267757566
4279891,20554,61477,53288,95,5,136956512,0.035286589267757566
4280384,8265,18468,8230,95,5,136972288,0.035286589267757566
4280771,53321,12321,14368,95,5,136984672,0.035286589267757566
4281154,20553,61472,59428,95,5,136996928,0.035286589267757566
64,0,2,2048,95,5,2048,0.035286589267757566
4282234,61511,8225,45093,95,5,137031488,0.035286589267757566
4282585,63559,63520,38949,95,5,137042720,0.035286589267757566
4282999,45128,14369,61487,95,5,137055968,0.035286589267757566
4283550,6215,32804,40,95,5,137073600,0.035286589267757566
4283957,20552,20516,2087,95,5,137086624,0.035286589267757566
4284379,38984,24612,40,95,5,137100128,0.035286589267757566
4284863,8264,51234,40,95,5,137115616,0.035286589267757566
4285141,53321,2083,30766,95,5,137124512,0.035286589267757566
4286003,16457,40997,22569,95,5,137152096,0.035286589267757566
4286431,45130,8230,6186,95,5,137165792,0.035286589267757566
4286887,4169,24613,32815,95,5,137180384,0.035286589267757566
4287206,26697,10276,10282,95,5,137190592,0.035286589267757566
4287709,26697,28708,40,95,5,137206688,0.035286589267757566
4288031,57417,20515,55336,95,5,137216992,0.035286589267757566
4288384,10314,28709,34855,95,5,137228288,0.035286589267757566
4288762,59466,18468,47142,95,5,137240384,0.035286589267757566
4289217,4170,4132,22568,95,5,137254944,0.035286589267757566
4289603,55369,28707,12327,95,5,137267296,0.035286589267757566
4289896,43081,32803,4134,95,5,137276672,0.035286589267757566
4290235,2121,36898,57383,95,5,137287520,0.035286589267757566
4290672,41032,16420,59432,95,5,137301504,0.035286589267757566
14400,20480,0,57344,95,5,460800,0.035286589267757566
4291610,72,20515,18471,95,5,137331520,0.035286589267757566
4292014,22598,4128,32801,95,5,137344448,0.035286589267757566
4292426,14406,26656,32807,95,5,137357632,0.035286589267757566
4292793,41030,53281,26666,95,5,137369376,0.035286589267757566
4293165,34887,43044,4137,95,5,137381280,0.035286589267757566
4293546,41031,18468,57385,95,5,137393472,0.035286589267757566
4293935,53320,36900,34856,95,5,137405920,0.035286589267757566
4294310,20552,12321,24623,95,5,137417920,0.035286589267757566
32772,0,24576,4103,95,5,1048704,0.035286589267757566
4295118,41031,32801,6183,95,5,137443776,0.035286589267757566
4295522,12359,38946,34855,95,5,137456704,0.035286589267757566
4295854,36935,40994,28711,95,5,137467328,0.035286589267757566
4296280,49222,10272,53284,95,5,137480960,0.035286589267757566
4296607,63558,12319,6181,95,5,137491424,0.035286589267757566
4296977,49222,24607,59431,95,5,137503264,0.035286589267757566
4297334,14406,20512,26661,95,5,137514688,0.035286589267757566
4297719,32838,38944,36902,96,5,137527008,0.032909772374074414
4298713,71,12322,41000,96,5,137558816,0.032909772374074414
4299113,55365,61473,39,96,5,137571616,0.032909772374074414
4299506,20551,22561,36903,96,5,137584192,0.032909772374074414
4300002,12361,8227,24617,96,5,137600064,0.032909772374074414
4300298,16457,59427,45097,96,5,137609536,0.032909772374074414
36833,16388,12288,4096,96,5,1178656,0.032909772374074414
33120,49156,0,8224,96,5,1059840,0.032909772374074414
4302515,41040,28714,53291,96,5,137680480,0.032909772374074414
4302939,8273,59434,32811,96,5,137694048,0.032909772374074414
32784,6144,4,2,96,5,1049088,0.032909772374074414
4303760,14416,20521,61481,96,5,137720320,0.032909772374074414
4304115,26703,38953,12326,96,5,137731680,0.032909772374074414
34597,4100,40963,18438,96,5,1107104,0.032909772374074414
4305032,24651,16420,4133,96,5,137761024,0.032909772374074414
4305409,43080,34852,59437,96,5,137773088,0.032909772374074414
4305893,55369,8230,53289,96,5,137788576,0.032909772374074414
4306974,30792,22566,49197,96,5,137823168,0.032909772374074414
4307331,28744,61479,24621,96,5,137834592,0.032909772374074414
4307778,51272,38953,16429,96,5,137848896,0.032909772374074414
4308790,59465,28711,43052,96,5,137881280,0.032909772374074414
4309152,57416,12325,53290,96,5,137892864,0.032909772374074414
4309499,49224,10275,45097,96,5,137903968,0.032909772374074414
4309825,55367,10273,55328,96,5,137914400,0.032909772374074414
49250,24576,2,1,96,5,1576000,0.032909772374074414
4310794,20547,2080,59433,96,5,137945408,0.032909772374074414
4311290,45124,57376,18474,96,5,137961280,0.032909772374074414
4311591,63556,12319,36904,96,5,137970912,0.032909772374074414
4312051,16450,34846,38951,96,5,137985632,0.032909772374074414
4312411,57411,18462,4128,96,5,137997152,0.032909772374074414
4312720,2114,57374,12330,96,5,138007040,0.032909772374074414
4313091,6211,12318,8225,96,5,138018912,0.032909772374074414
4313431,38979,22556,59432,96,5,138029792,0.032909772374074414
4313782,49218,43036,22569,96,5,138041024,0.032909772374074414
4314109,67,53278,10281,96,5,138051488,0.032909772374074414
4314457,24643,36895,20527,96,5,138062624,0.032909772374074414
4314826,68,30751,43053,96,5,138074432,0.032909772374074414
4315146,57414,20511,55334,96,5,138084672,0.032909772374074414
4316266,53324,38950,22568,96,5,138120512,0.032909772374074414
4316556,59469,38952,32811,96,5,138129792,0.032909772374074414
4316988,51278,36905,32811,96,5,138143616,0.032909772374074414
4317303,49230,26664,34854,96,5,138153696,0.032909772374074414
4317734,22604,37,45093,96,5,138167488,0.032909772374074414
4318261,63561,51232,47140,96,5,138184352,0.032909772374074414
4318536,24650,2077,49187,97,5,138193152,0.03866898253953743
58118,2052,9,4100,97,5,1859776,0.03866898253953743
4319643,53317,49189,41003,97,5,138228576,0.03866898253953743
4320051,41031,32808,51246,97,5,138241632,0.03866898253953743
58373,26624,8200,0,97,5,1867936,0.03866898253953743
58912,4,8202,22530,97,5,1885184,0.03866898253953743
4321413,51276,16422,45100,97,5,138285216,0.03866898253953743
4321855,38985,8225,61478,97,5,138299360,0.03866898253953743
4322198,63560,24610,40998,97,5,138310336,0.03866898253953743
4322575,49223,59426,16424,97,5,138322400,0.03866898253953743
61969,4099,10242,0,97,5,1983008,0.03866898253953743
4323975,12362,26663,34861,97,5,138367200,0.03866898253953743
4324480,51274,49191,53291,97,5,138383360,0.03866898253953743
4324768,22604,32809,61485,97,5,138392576,0.03866898253953743
4325118,47181,10281,43051,97,5,138403776,0.03866898253953743
28,32768,2050,1,97,5,896,0.03866898253953743
4325882,2120,2085,24617,97,5,138428224,0.03866898253953743
4326646,14406,59427,8234,97,5,138452672,0.03866898253953743
4327147,12358,22562,16424,97,5,138468704,0.03866898253953743
4327497,8260,32802,12327,97,5,138479904,0.03866898253953743
4327822,43077,26657,16421,97,5,138490304,0.03866898253953743
276,49154,12,4,97,5,8832,0.03866898253953743
1024,2,0,4097,97,5,32768,0.03866898253953743
1574,32768,40960,16388,97,5,50368,0.03866898253953743
4329648,47182,30764,18479,97,5,138548736,0.03866898253953743
4330067,45133,32809,2091,97,5,138562144,0.03866898253953743
4330493,47180,61480,28713,97,5,138575776,0.03866898253953743
4330912,10314,38948,10273,97,5,138589184,0.03866898253953743
4331197,34889,43042,22566,97,5,138598304,0.03866898253953743
4331530,49222,59423,18469,97,5,138608960,0.03866898253953743
4331976,34883,26652,22565,97,5,138623232,0.03866898253953743
3137,49152,34816,8199,97,5,100384,0.03866898253953743
4333456,34887,51237,18475,97,5,138670592,0.03866898253953743
4333889,14411,8233,41006,97,5,138684448,0.03866898253953743
6,0,8200,16386,97,5,192,0.03866898253953743
32,4,9,2048,97,5,1024,0.03866898253953743
4335096,78,24617,43050,97,5,138723072,0.03866898253953743
4335524,30796,20516,55333,97,5,138736768,0.03866898253953743
4336068,26701,45091,53287,97,5,138754176,0.03866898253953743
4336361,79,37,63529,97,5,138763552,0.03866898253953743
4336717,53327,6182,51241,97,5,138774944,0.03866898253953743
4337155,53327,26662,59432,97,5,138788960,0.03866898253953743
4337585,57423,63529,41007,97,5,138802720,0.03866898253953743
4337984,53327,57386,16422,97,5,138815488,0.03866898253953743
4338440,26702,8229,18470,97,5,138830080,0.03866898253953743
4338888,34886,20511,8229,97,5,138844416,0.03866898253953743
4339311,43070,47135,57384,97,5,138857952,0.03866898253953743
6244,16414,32768,4096,98,5,199808,0.03583508547399214
4340766,45123,28707,42,98,5,138904512,0.03583508547399214
4341268,53319,51239,12333,98,5,138920576,0.03583508547399214
4341636,24647,34856,49194,98,5,138932352,0.03583508547399214
4341917,22599,34857,49198,98,5,138941344,0.03583508547399214
4342384,57418,6186,51246,98,5,138956288,0.03583508547399214
4342794,26697,59432,53293,98,5,138969408,0.03583508547399214
4343695,18508,55338,34862,98,5,138998240,0.03583508547399214
4344059,45134,61484,43054,98,5,139009888,0.03583508547399214
4344443,24653,2087,51243,98,5,139022176,0.03583508547399214
4344876,63565,34857,2089,98,5,139036032,0.03583508547399214
4345155,26701,51241,32811,98,5,139044960,0.03583508547399214
4345429,14413,40,49193,98,5,139053728,0.03583508547399214
4345801,4170,16421,6179,98,5,139065632,0.03583508547399214
4346145,30791,59426,6183,98,5,139076640,0.03583508547399214
4346554,55365,53279,47142,98,5,139089728,0.03583508547399214
4346891,34884,2078,6182,98,5,139100512,0.03583508547399214
4347365,20542,10269,61481,98,5,139115680,0.03583508547399214
4347840,24638,28701,45103,98,5,139130880,0.03583508547399214
4348156,14397,8221,24616,98,5,139140992,0.03583508547399214
4348538,16446,36891,53288,98,5,139153216,0.03583508547399214
4348931,12349,34843,45097,98,5,139165792,0.03583508547399214
4349255,51262,24603,28715,98,5,139176160,0.03583508547399214
4349676,53311,16411,6188,98,5,139189632,0.03583508547399214
4350812,38976,28698,55339,98,5,139225984,0.03583508547399214
4351208,49219,6171,51243,98,5,139238656,0.03583508547399214
8722,1,57352,34816,98,5,279104,0.03583508547399214
4351925,55364,38941,24617,98,5,139261600,0.03583508547399214
4352345,38980,22558,34848,98,5,139275040,0.03583508547399214
4352742,28741,45088,4128,98,5,139287744,0.03583508547399214
4353129,45125,43040,18471,98,5,139300128,0.03583508547399214
4353478,22597,28702,28708,98,5,139311296,0.03583508547399214
4353985,10310,18462,30758,98,5,139327520,0.03583508547399214
4354431,61509,28702,26662,98,5,139341792,0.03583508547399214
12552,16388,0,4,98,5,401664,0.03583508547399214
4355192,8264,55331,43045,98,5,139366144,0.03583508547399214
12980,2048,0,5,98,5,415360,0.03583508547399214
4356155,34887,16417,51239,98,5,139396960,0.03583508547399214
4356547,6215,51233,59431,98,5,139409504,0.03583508547399214
4356905,47176,12321,32806,98,5,139420960,0.03583508547399214
4357266,28744,49185,28708,98,5,139432512,0.03583508547399214
4357893,41032,18466,32807,98,5,139452576,0.03583508547399214
4358807,59466,30755,28710,98,5,139481824,0.03583508547399214
96,49156,4,32772,98,5,3072,0.03583508547399214
530,26626,8196,4,98,5,16960,0.03583508547399214
4360117,14411,6180,26663,99,5,139523744,0.037297742023951
4360496,57418,40995,22565,99,5,139535872,0.037297742023951
4361012,22602,16417,22563,99,5,139552384,0.037297742023951
4361855,14412,57379,40998,99,5,139579360,0.037297742023951
4362239,73,63525,34854,99,5,139591648,0.037297742023951
390,8192,20481,0,99,5,12480,0.037297742023951
4363636,47177,20514,55333,99,5,139636352,0.037297742023951
4364533,22601,16418,57376,99,5,139665056,0.037297742023951
4364809,72,18467,6182,99,5,139673888,0.037297742023951
4365289,41032,40994,30756,99,5,139689248,0.037297742023951
4365625,2117,61472,2085,99,5,139700000,0.037297742023951
4366090,10309,18462,28708,99,5,139714880,0.037297742023951
4366585,32836,34845,49190,99,5,139730720,0.037297742023951
4366871,38981,30,49190,99,5,139739872,0.037297742023951
4367346,18500,20511,4134,99,5,139755072,0.037297742023951
4367820,16451,30,28709,99,5,139770240,0.037297742023951
4368118,63556,10270,55333,99,5,139779776,0.037297742023951
4368644,34884,8222,4134,99,5,139796608,0.037297742023951
4368962,22596,6173,63527,99,5,139806784,0.037297742023951
4369383,34884,22557,8239,99,5,139820256,0.037297742023951
4369836,22595,59422,41001,99,5,139834752,0.037297742023951
4370179,59459,22557,26662,99,5,139845728,0.037297742023951
4370596,30787,12317,24614,99,5,139859072,0.037297742023951
4370979,18500,12316,32808,99,5,139871328,0.037297742023951
4371387,34883,59420,51240,99,5,139884384,0.037297742023951
4371679,2116,28701,49199,99,5,139893728,0.037297742023951
4372031,53316,12318,6184,99,5,139904992,0.037297742023951
5056,36864,2057,0,99,5,161792,0.037297742023951
6151,8192,2057,18436,99,5,196832,0.037297742023951
6208,0,32777,16390,99,5,198656,0.037297742023951
4373693,6213,53279,24614,99,5,139958176,0.037297742023951
4374143,43078,36896,4135,99,5,139972576,0.037297742023951
4374641,10312,33,14375,99,5,139988512,0.037297742023951
4375453,4168,20513,61478,99,5,140014496,0.037297742023951
4375754,12361,18464,51238,99,5,140024128,0.037297742023951
4376236,26697,20511,38949,99,5,140039552,0.037297742023951
4376639,28745,53281,59430,99,5,140052448,0.037297742023951
4377121,49226,10275,49188,99,5,140067872,0.037297742023951
4377426,61514,34852,26661,99,5,140077632,0.037297742023951
17474,4097,1,5,99,5,559168,0.037297742023951
4378299,26697,30753,53285,99,5,140105568,0.037297742023951
16545,4096,18432,49157,99,5,529440,0.037297742023951
4379473,26698,22564,53285,99,5,140143136,0.037297742023951
4379935,51274,6181,2086,99,5,140157920,0.037297742023951
4380299,55368,16419,38,99,5,140169568,0.037297742023951
4380756,34889,10273,10278,99,5,140184192,0.037297742023951
4381091,34889,6177,22566,100,5,140194912,0.03839473443642015
4381646,30792,51234,2087,100,5,140212672,0.03839473443642015
4382001,51271,59426,16423,100,5,140224032,0.03839473443642015
20124,4099,32769,2,100,5,643968,0.03839473443642015
4382828,10312,55329,61477,100,5,140250496,0.03839473443642015
4383336,43079,61471,43045,100,5,140266752,0.03839473443642015
4383796,10311,34847,2085,100,5,140281472,0.03839473443642015
4384161,8264,6176,37,100,5,140293152,0.03839473443642015
4384594,63558,59425,18470,100,5,140307008,0.03839473443642015
4384950,30789,38943,40996,100,5,140318400,0.03839473443642015
4385247,51269,28703,55334,100,5,140327904,0.03839473443642015
4385560,34883,45086,38950,100,5,140337920,0.03839473443642015
4385923,51268,32798,43046,100,5,140349536,0.03839473443642015
4386299,4166,43039,26662,100,5,140361568,0.03839473443642015
26416,40962,18432,0,100,5,845312,0.03839473443642015
4387139,12357,20513,61479,100,5,140388448,0.03839473443642015
4387573,36932,59425,20521,100,5,140402336,0.03839473443642015
28677,38912,4106,16388,100,5,917664,0.03839473443642015
4388586,28740,55325,14373,100,5,140434752,0.03839473443642015
4389005,20548,2077,18469,100,5,140448160,0.03839473443642015
4389528,43076,12318,16422,100,5,140464896,0.03839473443642015
4389819,28739,12318,16421,100,5,140474208,0.03839473443642015
4390191,55364,36893,61478,100,5,140486112,0.03839473443642015
4390625,61507,40988,61487,100,5,140500000,0.03839473443642015
4391109,68,53278,30758,100,5,140515488,0.03839473443642015
4391518,59460,32,39,100,5,140528576,0.03839473443642015
4392031,4165,55329,40,100,5,140544992,0.03839473443642015
4392497,12357,26655,4135,100,5,140559904,0.03839473443642015
4392794,41028,26654,22565,100,5,140569408,0.03839473443642015
4393127,51269,16414,12327,100,5,140580064,0.03839473443642015
4393579,18502,18463,34863,100,5,140594528,0.03839473443642015
4394067,14405,59424,47141,100,5,140610144,0.03839473443642015
4394550,18501,55329,2086,100,5,140625600,0.03839473443642015
4395218,10310,6176,34856,100,5,140646976,0.03839473443642015
4395604,59462,26655,57384,100,5,140659328,0.03839473443642015
4396024,51271,57377,49192,100,5,140672768,0.03839473443642015
4396503,73,18468,63529,100,5,140688096,0.03839473443642015
4397082,26699,40998,53288,100,5,140706624,0.03839473443642015
4397348,16459,61478,30760,100,5,140715136,0.03839473443642015
4397756,45131,26662,43047,100,5,140728192,0.03839473443642015
4398256,51276,22565,40999,100,5,140744192,0.03839473443642015
4398652,22604,45094,45096,100,5,140756864,0.03839473443642015
4398978,63564,59432,32809,100,5,140767296,0.03839473443642015
4399406,63563,57385,8233,100,5,140780992,0.03839473443642015
4399700,32844,59433,22569,100,5,140790400,0.03839473443642015
4400149,28750,38958,41006,100,5,140804768,0.03839473443642015
4400461,49229,38960,47,100,5,140814752,0.03839473443642015
66344,28677,2056,16387,100,5,2123008,0.03839473443642015
4401264,61519,36910,59447,100,5,140840448,0.03839473443642015
4401741,14415,61489,28722,100,5,140855712,0.03839473443642015
4402104,34896,6192,16433,101,5,140867328,0.03720632598957857
4402563,57426,45104,57391,101,5,140882016,0.03720632598957857
4403037,45134,57384,28714,101,5,140897184,0.03720632598957857
4403931,53326,28712,22569,101,5,140925792,0.03720632598957857
4404323,16461,8229,26660,101,5,140938336,0.03720632598957857
4404787,26699,18467,43055,101,5,140953184,0.03720632598957857
4405174,10317,4132,18472,101,5,140965568,0.03720632598957857
4405727,2124,8228,18469,101,5,140983264,0.03720632598957857
4406152,30796,18469,26662,101,5,140996864,0.03720632598957857
4406557,75,32805,53280,101,5,141009824,0.03720632598957857
4406921,20555,18468,38950,101,5,141021472,0.03720632598957857
4407382,34889,59426,20518,101,5,141036224,0.03720632598957857
4407675,43080,12321,43046,101,5,141045600,0.03720632598957857
4408068,10312,18467,10278,101,5,141058176,0.03720632598957857
4408475,12355,57378,22560,101,5,141071200,0.03720632598957857
4408850,6211,2081,14376,101,5,141083200,0.03720632598957857
4409325,6214,43042,2090,101,5,141098400,0.03720632598957857
4409645,30791,53281,55337,101,5,141108640,0.03720632598957857
4410223,22598,51235,10273,101,5,141127136,0.03720632598957857
4410504,2119,38947,16425,101,5,141136128,0.03720632598957857
4410933,10309,57378,16424,101,5,141149856,0.03720632598957857
4411276,59462,4129,24614,101,5,141160832,0.03720632598957857
4411662,45126,2080,39,101,5,141173184,0.03720632598957857
4412059,8261,43039,12327,101,5,141185888,0.03720632598957857
4412348,30790,34848,34863,101,5,141195136,0.03720632598957857
4412702,32838,43040,57385,101,5,141206464,0.03720632598957857
4413024,2118,63522,24616,101,5,141216768,0.03720632598957857
4413383,53317,32,55330,101,5,141228256,0.03720632598957857
4413844,8262,32801,24623,101,5,141243008,0.03720632598957857
4414271,43080,32801,57385,101,5,141256672,0.03720632598957857
4414690,57417,35,51240,101,5,141270080,0.03720632598957857
4415180,12360,47140,40992,101,5,141285760,0.03720632598957857
4415555,49224,26659,28713,101,5,141297760,0.03720632598957857
4415997,45128,43041,22567,101,5,141311904,0.03720632598957857
4416334,53320,32800,4135,101,5,141322688,0.03720632598957857
4416841,30793,24610,39,101,5,141338912,0.03720632598957857
4417269,8266,4132,36903,101,5,141352608,0.03720632598957857
4417642,2123,45095,10281,101,5,141364544,0.03720632598957857
4418134,14410,43046,8239,101,5,141380288,0.03720632598957857
4418635,45130,49188,36903,101,5,141396320,0.03720632598957857
4419060,57417,43042,51238,101,5,141409920,0.03720632598957857
4419511,4167,16417,6180,101,5,141424352,0.03720632598957857
4419857,18502,2081,14374,101,5,141435424,0.03720632598957857
4420240,59462,63521,28709,101,5,141447680,0.03720632598957857
4420636,14406,20513,4135,101,5,141460352,0.03720632598957857
4421168,57414,61472,59439,101,5,141477376,0.03720632598957857
4421622,26695,20513,53280,101,5,141491904,0.03720632598957857
4421967,51270,55330,4134,101,5,141502944,0.03720632598957857
4422507,71,40994,24608,101,5,141520224,0.03720632598957857
4422965,63559,10273,30758,102,5,141534880,0.03738915805832343
4423257,49222,36898,6183,102,5,141544224,0.03738915805832343
4423698,26696,61476,8236,102,5,141558336,0.03738915805832343
4424126,32841,4133,6186,102,5,141572032,0.03738915805832343
4424530,2120,22568,8235,102,5,141584960,0.03738915805832343
4424821,59467,20519,57386,102,5,141594272,0.03738915805832343
4425370,12362,2084,39,102,5,141611840,0.03738915805832343
2196266,32768,4096,49153,102,5,70280512,0.03738915805832343
4426258,45128,12320,34855,102,5,141640256,0.03738915805832343
4426778,51271,34848,63525,102,5,141656896,0.03738915805832343
4427107,63556,45088,57382,102,5,141667424,0.03738915805832343
4427688,43077,53281,34855,102,5,141686016,0.03738915805832343
4427961,28743,10274,4135,102,5,141694752,0.03738915805832343
4428340,45127,18467,22569,102,5,141706880,0.03738915805832343
4428666,22600,49189,2090,102,5,141717312,0.03738915805832343
4428988,63563,57383,55339,102,5,141727616,0.03738915805832343
4429503,51278,18474,28715,102,5,141744096,0.03738915805832343
4429980,24652,12326,40997,102,5,141759360,0.03738915805832343
4430660,10317,38,16417,102,5,141781120,0.03738915805832343
4431069,36939,34852,37,102,5,141794208,0.03738915805832343
4431532,14409,32803,10278,102,5,141809024,0.03738915805832343
4431986,55368,38946,53287,102,5,141823552,0.03738915805832343
4432362,59464,40994,6182,102,5,141835584,0.03738915805832343
4432790,38985,40995,49190,102,5,141849280,0.03738915805832343
4433149,63562,49190,53289,102,5,141860768,0.03738915805832343
4433481,10316,41002,36907,102,5,141871392,0.03738915805832343
98312,5,40968,18434,102,5,3145984,0.03738915805832343
4434322,57420,30763,18476,102,5,141898304,0.03738915805832343
4434807,20557,16425,44,102,5,141913824,0.03738915805832343
4435279,28749,4136,38955,102,5,141928928,0.03738915805832343
4435597,28747,59430,55338,102,5,141939104,0.03738915805832343
4435942,2123,45095,20522,102,5,141950144,0.03738915805832343
4436464,53322,59431,55338,102,5,141966848,0.03738915805832343
4436837,49228,41,43,102,5,141978784,0.03738915805832343
4437189,30797,16425,32813,102,5,141990048,0.03738915805832343
4437656,4172,63531,61484,102,5,142004992,0.03738915805832343
4438091,38988,61484,44,102,5,142018912,0.03738915805832343
4438435,2125,16427,53292,102,5,142029920,0.03738915805832343
4438892,59467,43049,55339,102,5,142044544,0.03738915805832343
4439364,34891,38950,8232,102,5,142059648,0.03738915805832343
4439794,18507,26661,63529,102,5,142073408,0.03738915805832343
114725,0,2049,0,102,5,3671200,0.03738915805832343
4440618,61514,38,20522,102,5,142099776,0.03738915805832343
4441144,51274,18470,55337,102,5,142116608,0.03738915805832343
4441509,63562,10277,32815,102,5,142128288,0.03738915805832343
4441839,49225,43044,24616,102,5,142138848,0.03738915805832343
4442144,26698,10277,28713,102,5,142148608,0.03738915805832343
4442441,53323,4134,10282,102,5,142158112,0.03738915805832343
4443165,57418,41,53292,102,5,142181280,0.03738915805832343
4443489,51274,43048,42,103,5,142191648,0.03510375719901271
4443887,32843,6182,16425,103,5,142204384,0.03510375719901271
4444198,10314,22565,45096,103,5,142214336,0.03510375719901271
4444586,2122,22564,10278,103,5,142226752,0.03510375719901271
4444923,47177,14371,55335,103,5,142237536,0.03510375719901271
4445298,8265,34853,16424,103,5,142249536,0.03510375719901271
4445622,16457,22564,36910,103,5,142259904,0.03510375719901271
4446529,51275,43045,43051,103,5,142288928,0.03510375719901271
4446833,57420,34854,55338,103,5,142298656,0.03510375719901271
4447134,22604,2087,43,103,5,142308288,0.03510375719901271
4447558,59467,59431,38954,103,5,142321856,0.03510375719901271
4447888,59468,45095,43048,103,5,142332416,0.03510375719901271
4448248,76,24615,26664,103,5,142343936,0.03510375719901271
4448596,4171,53285,26656,103,5,142355072,0.03510375719901271
4448966,63565,16422,18464,103,5,142366912,0.03510375719901271
4449469,43083,61477,53288,103,5,142383008,0.03510375719901271
4449788,41036,34855,59434,103,5,142393216,0.03510375719901271
4450282,45131,34855,59435,103,5,142409024,0.03510375719901271
4450629,76,20520,43048,103,5,142420128,0.03510375719901271
4451027,30797,28715,36908,103,5,142432864,0.03510375719901271
4451434,18509,28713,34860,103,5,142445888,0.03510375719901271
4451847,47181,28713,34861,103,5,142459104,0.03510375719901271
4452333,63563,43049,28715,103,5,142474656,0.03510375719901271
4452805,61515,34855,43051,103,5,142489760,0.03510375719901271
4453192,6220,4134,36905,103,5,142502144,0.03510375719901271
4453524,57419,43046,40,103,5,142512768,0.03510375719901271
4453896,38988,8232,4138,103,5,142524672,0.03510375719901271
4454225,32844,20520,4139,103,5,142535200,0.03510375719901271
4454709,61514,57383,41002,103,5,142550688,0.03510375719901271
4455070,18505,43044,22567,103,5,142562240,0.03510375719901271
4455431,12363,2083,22567,103,5,142573792,0.03510375719901271
4455815,4170,45091,26662,103,5,142586080,0.03510375719901271
4456286,16459,53286,2088,103,5,142601152,0.03510375719901271
4456724,61515,59432,51243,103,5,142615168,0.03510375719901271
4457093,38987,12328,28713,103,5,142626976,0.03510375719901271
4457481,32843,40999,36906,103,5,142639392,0.03510375719901271
4457956,32842,57382,4136,103,5,142654592,0.03510375719901271
4458430,2121,26661,51240,103,5,142669760,0.03510375719901271
4458806,55369,55333,47,103,5,142681792,0.03510375719901271
4459214,28746,36902,32,103,5,142694848,0.03510375719901271
4459564,51273,28708,40999,103,5,142706048,0.03510375719901271
4459892,12361,2083,26663,103,5,142716544,0.03510375719901271
4460241,16457,36898,53287,103,5,142727712,0.03510375719901271
4460573,36938,57379,49198,103,5,142738336,0.03510375719901271
4461064,20553,40997,22568,103,5,142754048,0.03510375719901271
4461466,47177,63526,22569,103,5,142766912,0.03510375719901271
4461865,36937,30758,40,103,5,142779680,0.03510375719901271
4462299,14409,57380,4136,103,5,142793568,0.03510375719901271
4462693,51273,26659,24616,103,5,142806176,0.03510375719901271
4463017,22601,18466,55337,104,5,142816544,0.03656641374897157
4463449,32842,59429,57384,104,5,142830368,0.03656641374897157
4463756,24650,12326,18473,104,5,142840192,0.03656641374897157
4464074,10313,59429,59434,104,5,142850368,0.03656641374897157
4464392,16457,26661,8239,104,5,142860544,0.03656641374897157
4464706,63562,49187,32808,104,5,142870592,0.03656641374897157
4465255,57418,12324,38953,104,5,142888160,0.03656641374897157
4465655,32842,16421,28712,104,5,142900960,0.03656641374897157
4466018,6217,10278,2089,104,5,142912576,0.03656641374897157
4466498,28745,10277,51242,104,5,142927936,0.03656641374897157
4466833,14408,53284,43046,104,5,142938656,0.03656641374897157
4467334,63562,8227,18469,104,5,142954688,0.03656641374897157
4467651,55370,6179,24614,104,5,142964832,0.03656641374897157
4468091,38985,28707,28704,104,5,142978912,0.03656641374897157
4468409,47177,34852,59439,104,5,142989088,0.03656641374897157
4468755,36935,34851,51239,104,5,143000160,0.03656641374897157
4469768,57415,28705,30758,104,5,143032576,0.03656641374897157
4470203,10312,49187,45088,104,5,143046496,0.03656641374897157
4470562,51272,61477,12329,104,5,143057984,0.03656641374897157
4470970,4168,45094,32808,104,5,143071040,0.03656641374897157
4471407,6217,36,18479,104,5,143085024,0.03656641374897157
4471838,49226,35,43049,104,5,143098816,0.03656641374897157
4472251,51273,40995,28713,104,5,143112032,0.03656641374897157
4472562,45130,4132,10281,104,5,143121984,0.03656641374897157
4472903,34891,8230,55338,104,5,143132896,0.03656641374897157
4473342,8266,28711,30762,104,5,143146944,0.03656641374897157
4474392,28746,38948,18472,104,5,143180544,0.03656641374897157
4474675,18506,24612,59439,104,5,143189600,0.03656641374897157
4475066,4170,61478,28712,104,5,143202112,0.03656641374897157
4475502,45130,10278,8239,104,5,143216064,0.03656641374897157
4475818,55369,32805,53288,104,5,143226176,0.03656641374897157
4476177,51274,4133,16422,104,5,143237664,0.03656641374897157
4477271,12361,24614,2089,104,5,143272672,0.03656641374897157
4477699,38986,47143,16424,104,5,143286368,0.03656641374897157
4478112,14409,12325,24616,104,5,143299584,0.03656641374897157
4478511,57416,26659,28710,104,5,143312352,0.03656641374897157
4478976,49224,47138,10277,104,5,143327232,0.03656641374897157
4479417,30793,2084,4128,104,5,143341344,0.03656641374897157
4479828,16458,2084,61480,104,5,143354496,0.03656641374897157
4480251,34888,55333,22570,104,5,143368032,0.03656641374897157
4480563,55368,43044,51242,104,5,143378016,0.03656641374897157
4480954,24648,57378,63528,104,5,143390528,0.03656641374897157
4481347,73,6177,49192,104,5,143403104,0.03656641374897157
4481774,16455,57377,49190,104,5,143416768,0.03656641374897157
4482107,18503,18465,45093,104,5,143427424,0.03656641374897157
4482586,6215,36897,51237,104,5,143442752,0.03656641374897157
4482989,59462,49184,37,104,5,143455648,0.03656641374897157
4483454,24647,45087,53287,105,5,143470528,0.03702349392083371
4483760,20552,32800,28704,105,5,143480320,0.03702349392083371
4484179,18503,24609,8231,105,5,143493728,0.03702349392083371
4484651,30791,6177,53286,105,5,143508832,0.03702349392083371
4485249,45127,26657,59431,105,5,143527968,0.03702349392083371
4485710,63560,22562,12326,105,5,143542720,0.03702349392083371
4486015,47177,2082,61480,105,5,143552480,0.03702349392083371
4486431,36938,45093,8233,105,5,143565792,0.03702349392083371
4486805,28747,12327,55338,105,5,143577760,0.03702349392083371
4487343,59468,14377,61482,105,5,143594976,0.03702349392083371
4487657,45132,59432,12331,105,5,143605024,0.03702349392083371
4488098,12364,57383,2090,105,5,143619136,0.03702349392083371
4488518,61518,47147,30764,105,5,143632576,0.03702349392083371
4488875,49232,18473,63533,105,5,143644000,0.03702349392083371
4489382,36942,41001,20520,105,5,143660224,0.03702349392083371
4489788,24654,61481,4136,105,5,143673216,0.03702349392083371
4490090,6222,61480,41001,105,5,143682880,0.03702349392083371
4490648,10318,43045,18470,105,5,143700736,0.03702349392083371
4491055,36940,16419,61478,105,5,143713760,0.03702349392083371
4491433,43080,49188,26671,105,5,143725856,0.03702349392083371
4491826,8266,38951,6184,105,5,143738432,0.03702349392083371
4492244,73,28710,2116,105,5,143751808,0.03702349392083371
4492587,53319,38949,4137,105,5,143762784,0.03702349392083371
4492966,43082,36904,24619,105,5,143774912,0.03702349392083371
4493289,10314,49193,24622,105,5,143785248,0.03702349392083371
4493675,20553,10277,63530,105,5,143797600,0.03702349392083371
4494109,57417,26663,61482,105,5,143811488,0.03702349392083371
4494440,34889,49191,20522,105,5,143822080,0.03702349392083371
4494950,30792,26662,34857,105,5,143838400,0.03702349392083371
4495384,14408,55334,16426,105,5,143852288,0.03702349392083371
4495687,30793,4133,57386,105,5,143861984,0.03702349392083371
4496172,24645,2084,53291,105,5,143877504,0.03702349392083371
4496646,49220,38948,49193,105,5,143892672,0.03702349392083371
4497003,53318,43045,2091,105,5,143904096,0.03702349392083371
4497501,16452,18464,36903,105,5,143920032,0.03702349392083371
4497796,20547,22559,26663,105,5,143929472,0.03702349392083371
4498135,32836,10271,16424,105,5,143940320,0.03702349392083371
4498471,2116,24606,49192,105,5,143951072,0.03702349392083371
4498909,53317,28704,20527,105,5,143965088,0.03702349392083371
4499210,51270,8223,36904,105,5,143974720,0.03702349392083371
4499615,34885,22558,28713,105,5,143987680,0.03702349392083371
4500048,45124,49182,4134,105,5,144001536,0.03702349392083371
4500752,38981,45087,6176,105,5,144024064,0.03702349392083371
4501236,2120,26657,61481,105,5,144039552,0.03702349392083371
4501514,72,43042,8231,105,5,144048448,0.03702349392083371
4501950,34890,34,49191,105,5,144062400,0.03702349392083371
4502325,77,45093,38953,105,5,144074400,0.03702349392083371
4502624,4175,63527,63528,105,5,144083968,0.03702349392083371
4503003,24655,45095,57391,105,5,144096096,0.03702349392083371
4503337,20558,34855,34854,105,5,144106784,0.03702349392083371
4503684,51277,22566,45093,106,5,144117888,0.03464667702715056
4504119,8265,18464,59428,106,5,144131808,0.03464667702715056
4504555,24647,26657,36900,106,5,144145760,0.03464667702715056
4504904,63557,51233,38,106,5,144156928,0.03464667702715056
4505279,41029,51236,30760,106,5,144168928,0.03464667702715056
4505621,20551,38,6189,106,5,144179872,0.03464667702715056
33554432,0,0,0,106,5,1073741824,0.03464667702715056
4506437,20555,57390,24625,106,5,144205984,0.03464667702715056
4506851,51277,41005,51249,106,5,144219232,0.03464667702715056
4507168,45132,32811,2095,106,5,144229376,0.03464667702715056
4507645,41033,28711,43,106,5,144244640,0.03464667702715056
4508086,18506,32805,43,106,5,144258752,0.03464667702715056
4508381,10312,22562,2088,106,5,144268192,0.03464667702715056
4508850,53317,45091,20520,106,5,144283200,0.03464667702715056
4509164,6216,6179,51240,106,5,144293248,0.03464667702715056
4509669,63560,30757,10284,106,5,144309408,0.03464667702715056
4510108,75,22568,38956,106,5,144323456,0.03464667702715056
4510456,20554,55335,53291,106,5,144334592,0.03464667702715056
4510828,59467,59431,36907,106,5,144346496,0.03464667702715056
4511287,55369,12325,8232,106,5,144361184,0.03464667702715056
4511806,20551,20515,51240,106,5,144377792,0.03464667702715056
4512092,57416,55331,10281,106,5,144386944,0.03464667702715056
4512531,32840,26657,45097,106,5,144400992,0.03464667702715056
4512995,4167,10272,51238,106,5,144415840,0.03464667702715056
4513494,59462,8225,12326,106,5,144431808,0.03464667702715056
4513981,71,32,20518,106,5,144447392,0.03464667702715056
24576,16384,0,10244,106,5,786432,0.03464667702715056
24578,32773,8202,16,106,5,786496,0.03464667702715056
4516098,38991,49198,38958,106,5,144515136,0.03464667702715056
4516408,36942,59436,38956,106,5,144525056,0.03464667702715056
4516797,59467,47142,55336,106,5,144537504,0.03464667702715056
4517270,2117,24608,12327,106,5,144552640,0.03464667702715056
4517630,6212,20512,36903,106,5,144564160,0.03464667702715056
28720,0,16385,8196,106,5,919040,0.03464667702715056
28768,2048,2048,4,106,5,920576,0.03464667702715056
4519573,16461,36911,14384,106,5,144626336,0.03464667702715056
4519941,24654,45103,6192,106,5,144638112,0.03464667702715056
4520338,22608,8237,20527,106,5,144650816,0.03464667702715056
4520641,63568,59435,49197,106,5,144660512,0.03464667702715056
4520977,43086,34855,22570,106,5,144671264,0.03464667702715056
4521380,12367,53286,26665,106,5,144684160,0.03464667702715056
32610,0,2048,16384,106,5,1043520,0.03464667702715056
4522417,8272,61481,12331,106,5,144717344,0.03464667702715056
4523085,45136,38954,38953,106,5,144738720,0.03464667702715056
67,22535,18436,8198,106,5,2144,0.03464667702715056
4523878,16458,43042,20516,106,5,144764096,0.03464667702715056
4524257,16454,45089,34855,106,5,144776224,0.03464667702715056
256,22528,6146,16389,106,5,8192,0.03464667702715056
1025,32768,4098,1,107,5,32800,0.035469421336502424
1696,8192,49158,2049,107,5,54272,0.035469421336502424
4526128,16455,32808,28714,107,5,144836096,0.035469421336502424
4526637,59462,34854,45098,107,5,144852384,0.035469421336502424
4526982,45127,24616,4139,107,5,144863424,0.035469421336502424
4527423,47177,55336,22573,107,5,144877536,0.035469421336502424
4527786,14411,10281,61485,107,5,144889152,0.035469421336502424
4528133,61514,28713,51245,107,5,144900256,0.035469421336502424
4528936,43085,18473,26669,107,5,144925952,0.035469421336502424
4529293,16461,36906,51245,107,5,144937376,0.035469421336502424
4529761,57421,34856,8236,107,5,144952352,0.035469421336502424
4530126,2125,10280,43052,107,5,144964032,0.035469421336502424
4530492,49229,40,41,107,5,144975744,0.035469421336502424
4530852,16458,43044,28713,107,5,144987264,0.035469421336502424
4531307,8263,53281,40995,107,5,145001824,0.035469421336502424
4531695,10307,63519,32808,107,5,145014240,0.035469421336502424
4531984,47169,18463,32808,107,5,145023488,0.035469421336502424
4532421,24639,20511,34861,107,5,145037472,0.035469421336502424
4532777,43070,61470,24616,107,5,145048864,0.035469421336502424
4533137,28733,30750,10281,107,5,145060384,0.035469421336502424
4533636,12353,10269,16423,107,5,145076352,0.035469421336502424
4533983,20544,49180,43049,107,5,145087456,0.035469421336502424
4534373,12353,61468,4137,107,5,145099936,0.035469421336502424
4534877,63553,10267,28714,107,5,145116064,0.035469421336502424
4485,0,36876,0,107,5,143520,0.035469421336502424
4536175,67,30749,32809,107,5,145157600,0.035469421336502424
4536647,34885,2078,38952,107,5,145172704,0.035469421336502424
4537027,47173,55327,4137,107,5,145184864,0.035469421336502424
4537429,63558,34848,2087,107,5,145197728,0.035469421336502424
4537824,32838,40993,4134,107,5,145210368,0.035469421336502424
4538297,45126,32799,57381,107,5,145225504,0.035469421336502424
4538704,61510,53278,57381,107,5,145238528,0.035469421336502424
4539024,6214,53278,59429,107,5,145248768,0.035469421336502424
4539433,4166,59423,4133,107,5,145261856,0.035469421336502424
4539897,10310,43040,51236,107,5,145276704,0.035469421336502424
4540344,55367,47138,43048,107,5,145291008,0.035469421336502424
4540727,34887,22562,32807,107,5,145303264,0.035469421336502424
4541086,6217,38946,36903,107,5,145314752,0.035469421336502424
4541549,45129,28705,28709,107,5,145329568,0.035469421336502424
4541900,61514,8226,38949,107,5,145340800,0.035469421336502424
1808,2050,2052,16384,107,5,57856,0.035469421336502424
1,32772,6,2050,107,5,32,0.035469421336502424
4543274,2124,53286,26664,107,5,145384768,0.035469421336502424
4543722,63564,4132,34853,107,5,145399104,0.035469421336502424
4544094,22604,36899,59432,107,5,145411008,0.035469421336502424
4544586,55373,14374,2081,107,5,145426752,0.035469421336502424
4544873,24653,26663,10279,107,5,145435936,0.035469421336502424
4546903,34891,37,32808,108,5,145500896,0.03345826858030899
4547450,36938,30759,40,108,5,145518400,0.03345826858030899
4548142,10315,16423,59434,108,5,145540544,0.03345826858030899
4549219,22601,53283,10279,108,5,145575008,0.03345826858030899
4549957,26694,38944,63525,108,5,145598624,0.03345826858030899
4551135,16453,28702,12325,108,5,145636320,0.03345826858030899
4551821,14404,22558,12326,108,5,145658272,0.03345826858030899
4552711,45126,4129,12326,108,5,145686752,0.03345826858030899
4553039,32837,47136,32800,108,5,145697248,0.03345826858030899
4553324,43077,40992,51239,108,5,145706368,0.03345826858030899
4553735,34885,38943,20520,108,5,145719520,0.03345826858030899
4554104,30789,18462,22560,108,5,145731328,0.03345826858030899
4554462,28741,12319,12327,108,5,145742784,0.03345826858030899
4554754,32837,26655,38952,108,5,145752128,0.03345826858030899
4555181,14404,43039,36905,108,5,145765792,0.03345826858030899
4555577,8261,2079,12335,108,5,145778464,0.03345826858030899
4555893,20549,53279,6183,108,5,145788576,0.03345826858030899
4556335,20551,16417,4143,108,5,145802720,0.03345826858030899
4556733,24645,61473,24616,108,5,145815456,0.03345826858030899
4557464,28743,16418,45095,108,5,145838848,0.03345826858030899
4558312,8264,6177,26662,108,5,145865984,0.03345826858030899
4558745,24648,43041,61479,108,5,145879840,0.03345826858030899
4559066,6216,18466,45093,108,5,145890112,0.03345826858030899
4560003,4168,43043,53280,108,5,145920096,0.03345826858030899
32948,34816,2,8196,108,5,1054336,0.03345826858030899
4560716,4170,8226,16424,108,5,145942912,0.03345826858030899
4561118,34889,59427,6181,108,5,145955776,0.03345826858030899
4561455,4170,12325,34855,108,5,145966560,0.03345826858030899
4561770,32843,10279,10279,108,5,145976640,0.03345826858030899
4562093,57418,38,49191,108,5,145986976,0.03345826858030899
4562459,53322,4133,43046,108,5,145998688,0.03345826858030899
4562858,57417,43044,6181,108,5,146011456,0.03345826858030899
4563172,53322,51236,12325,108,5,146021504,0.03345826858030899
4563541,57418,4131,53286,108,5,146033312,0.03345826858030899
4563917,61514,38948,55334,108,5,146045344,0.03345826858030899
4564261,45130,45095,10280,108,5,146056352,0.03345826858030899
4564569,41033,22565,24614,108,5,146066208,0.03345826858030899
4564861,57418,16420,53286,108,5,146075552,0.03345826858030899
4565134,63562,32804,8229,108,5,146084288,0.03345826858030899
4565427,45129,26659,38,108,5,146093664,0.03345826858030899
4565734,47177,32802,51240,108,5,146103488,0.03345826858030899
4566127,14409,4130,18464,108,5,146116064,0.03345826858030899
4566470,30791,55330,38944,108,5,146127040,0.03345826858030899
4566836,22600,40995,24608,108,5,146138752,0.03345826858030899
4567106,41032,36898,26662,108,5,146147392,0.03345826858030899
4567432,2120,43041,61478,109,5,146157824,0.03226986013346741
4567843,16455,53280,49190,109,5,146170976,0.03226986013346741
4568218,45127,32,57380,109,5,146182976,0.03226986013346741
37044,10240,0,16389,109,5,1185408,0.03226986013346741
4568965,20548,45089,10278,109,5,146206880,0.03226986013346741
4569354,6213,2080,59431,109,5,146219328,0.03226986013346741
4569682,20549,20511,61478,109,5,146229824,0.03226986013346741
4570036,57414,20512,22566,109,5,146241152,0.03226986013346741
4570405,61510,40993,10272,109,5,146252960,0.03226986013346741
4570701,61510,26658,16416,109,5,146262432,0.03226986013346741
4570991,63558,55331,61481,109,5,146271712,0.03226986013346741
4571300,22598,22562,20519,109,5,146281600,0.03226986013346741
4571681,41029,36897,8224,109,5,146293792,0.03226986013346741
4571999,18501,18464,6182,109,5,146303968,0.03226986013346741
4572385,20548,18462,40997,109,5,146316320,0.03226986013346741
4572741,34885,20510,28710,109,5,146327712,0.03226986013346741
4573047,49221,18463,20518,109,5,146337504,0.03226986013346741
4573400,6212,59424,36,109,5,146348800,0.03226986013346741
4573749,38983,2082,32,109,5,146359968,0.03226986013346741
4574099,71,4129,12328,109,5,146371168,0.03226986013346741
4574497,10309,55330,4135,109,5,146383904,0.03226986013346741
4574840,51270,20513,20527,109,5,146394880,0.03226986013346741
4575231,28742,28705,12328,109,5,146407392,0.03226986013346741
4575557,4165,59424,16424,109,5,146417824,0.03226986013346741
4576106,69,51232,26661,109,5,146435392,0.03226986013346741
4576434,63558,38945,18464,109,5,146445888,0.03226986013346741
4576862,4166,34848,6176,109,5,146459584,0.03226986013346741
4577207,10309,16415,61478,109,5,146470624,0.03226986013346741
4577523,22598,26656,28709,109,5,146480736,0.03226986013346741
4577914,36934,59425,22560,109,5,146493248,0.03226986013346741
4578281,12359,10274,32808,109,5,146504992,0.03226986013346741
4578704,6215,12322,32,109,5,146518528,0.03226986013346741
4579088,24647,4129,51239,109,5,146530816,0.03226986013346741
4579453,2120,16418,45103,109,5,146542496,0.03226986013346741
4579784,57419,36,12328,109,5,146553088,0.03226986013346741
4580197,26699,55333,53288,109,5,146566304,0.03226986013346741
4580510,4172,49192,10280,109,5,146576320,0.03226986013346741
4580809,63564,32809,18475,109,5,146585888,0.03226986013346741
4581154,10316,57385,41001,109,5,146596928,0.03226986013346741
4581490,22604,55335,43040,109,5,146607680,0.03226986013346741
4581784,18509,59431,51247,109,5,146617088,0.03226986013346741
4582174,8268,51243,24619,109,5,146629568,0.03226986013346741
4582593,51276,55338,32809,109,5,146642976,0.03226986013346741
4582936,24653,53292,4139,109,5,146653952,0.03226986013346741
4583327,43085,38957,6187,109,5,146666464,0.03226986013346741
4583634,34893,45101,12334,109,5,146676288,0.03226986013346741
4583975,32845,34861,18478,109,5,146687200,0.03226986013346741
4584341,26704,12338,49203,109,5,146698912,0.03226986013346741
4584671,30800,22576,50,109,5,146709472,0.03226986013346741
4585049,2129,45106,2098,109,5,146721568,0.03226986013346741
4585343,14418,2098,30771,110,5,146730976,0.03135569978974312
4585656,12370,49,24625,110,5,146740992,0.03135569978974312
4585960,51280,12333,12333,110,5,146750720,0.03135569978974312
4586276,22607,57385,49194,110,5,146760832,0.03135569978974312
4586565,24656,6184,4138,110,5,146770080,0.03135569978974312
4586963,16462,22565,10287,110,5,146782816,0.03135569978974312
4587306,26699,26659,2087,110,5,146793792,0.03135569978974312
4587631,8267,24612,40992,110,5,146804192,0.03135569978974312
4587969,30796,51237,22569,110,5,146815008,0.03135569978974312
4588489,6219,8228,16421,110,5,146831648,0.03135569978974312
4588857,2123,32803,49190,110,5,146843424,0.03135569978974312
4589200,51276,20515,43040,110,5,146854400,0.03135569978974312
4589525,47180,49188,28710,110,5,146864800,0.03135569978974312
4589856,14411,57381,43047,110,5,146875392,0.03135569978974312
4590166,74,26660,53286,110,5,146885312,0.03135569978974312
4590472,43081,57380,49191,110,5,146895104,0.03135569978974312
4590821,16456,22563,45092,110,5,146906272,0.03135569978974312
4591291,51271,18465,43047,110,5,146921312,0.03135569978974312
4591704,57412,34850,61487,110,5,146934528,0.03135569978974312
4592084,55368,59429,32809,110,5,146946688,0.03135569978974312
4592468,51273,55334,45099,110,5,146958976,0.03135569978974312
4592809,14408,18469,36905,110,5,146969888,0.03135569978974312
4593162,59463,24611,49191,110,5,146981184,0.03135569978974312
4593520,2120,34,36906,110,5,146992640,0.03135569978974312
4593885,53319,38946,41000,110,5,147004320,0.03135569978974312
4594270,30791,28706,43047,110,5,147016640,0.03135569978974312
4594698,20552,36899,53287,110,5,147030336,0.03135569978974312
4594991,32840,16419,51240,110,5,147039712,0.03135569978974312
4595401,6215,40994,55328,110,5,147052832,0.03135569978974312
4595777,34887,16417,8232,110,5,147064864,0.03135569978974312
4596156,34885,40992,16422,110,5,147076992,0.03135569978974312
4596536,47174,45089,22567,110,5,147089152,0.03135569978974312
4596872,53320,16418,51240,110,5,147099904,0.03135569978974312
4597173,61512,36899,55336,110,5,147109536,0.03135569978974312
4597457,63560,26658,57384,110,5,147118624,0.03135569978974312
4597746,34888,6178,26664,110,5,147127872,0.03135569978974312
4598073,63561,12322,16425,110,5,147138336,0.03135569978974312
4598422,26697,38945,26663,110,5,147149504,0.03135569978974312
4598802,57415,16417,2087,110,5,147161664,0.03135569978974312
4599133,4168,38945,43046,110,5,147172256,0.03135569978974312
4599525,16457,32,30759,110,5,147184800,0.03135569978974312
4599844,12360,43041,38950,110,5,147195008,0.03135569978974312
4600204,57417,38947,47142,110,5,147206528,0.03135569978974312
4600523,47179,53285,16424,110,5,147216736,0.03135569978974312
4600961,4172,16424,10282,110,5,147230752,0.03135569978974312
4601285,47179,38952,59434,110,5,147241120,0.03135569978974312
4601640,45130,43047,51241,110,5,147252480,0.03135569978974312
4601952,59465,26660,30754,110,5,147262464,0.03135569978974312
4602333,18503,26656,63526,110,5,147274656,0.03135569978974312
4602674,36934,51231,47142,110,5,147285568,0.03135569978974312
4603009,59463,32800,34854,111,5,147296288,0.030350123411646404
4603366,53319,6177,4134,111,5,147307712,0.030350123411646404
4603658,51272,8226,38951,111,5,147317056,0.030350123411646404
4603946,8264,51236,28713,111,5,147326272,0.030350123411646404
4604471,30793,32806,18473,111,5,147343072,0.030350123411646404
4604762,55369,28709,28714,111,5,147352384,0.030350123411646404
4605097,22600,36900,10281,111,5,147363104,0.030350123411646404
4605379,55368,55331,49191,111,5,147372128,0.030350123411646404
4605748,8264,40995,59424,111,5,147383936,0.030350123411646404
4606105,12361,4132,16431,111,5,147395360,0.030350123411646404
4606442,16457,10276,2087,111,5,147406144,0.030350123411646404
4606715,6217,51235,61481,111,5,147414880,0.030350123411646404
4607126,2120,8227,16426,111,5,147428032,0.030350123411646404
4607397,16457,57379,53292,111,5,147436704,0.030350123411646404
4607674,14410,20515,45096,111,5,147445568,0.030350123411646404
4608048,18504,59426,49184,111,5,147457536,0.030350123411646404
4608379,59465,34,40998,111,5,147468128,0.030350123411646404
4608722,22600,61474,47144,111,5,147479104,0.030350123411646404
4609122,10311,51233,34853,111,5,147491904,0.030350123411646404
4609477,43079,36895,53285,111,5,147503264,0.030350123411646404
4609805,43078,28703,8230,111,5,147513760,0.030350123411646404
4610279,20552,2084,41,111,5,147528928,0.030350123411646404
4610681,32839,28708,49192,111,5,147541792,0.030350123411646404
133568,32768,0,8196,111,5,4274176,0.030350123411646404
4611427,24648,35,6189,111,5,147565664,0.030350123411646404
4611785,28748,26663,55338,111,5,147577120,0.030350123411646404
4612182,4173,20519,34859,111,5,147589824,0.030350123411646404
4612505,6220,59430,59433,111,5,147600160,0.030350123411646404
4612950,14412,38952,41000,111,5,147614400,0.030350123411646404
4613258,63565,41000,57384,111,5,147624256,0.030350123411646404
4613604,53325,43048,2088,111,5,147635328,0.030350123411646404
4613931,53323,57381,41007,111,5,147645792,0.030350123411646404
4614208,51274,32802,57382,111,5,147654656,0.030350123411646404
4614531,30793,49185,59429,111,5,147664992,0.030350123411646404
4614904,28747,10275,8231,111,5,147676928,0.030350123411646404
4615206,16458,43043,12324,111,5,147686592,0.030350123411646404
4615660,61512,49189,30760,111,5,147701120,0.030350123411646404
4615988,45129,47142,45098,111,5,147711616,0.030350123411646404
4616357,57420,22569,57389,111,5,147723424,0.030350123411646404
4616642,16460,41000,45100,111,5,147732544,0.030350123411646404
4616983,32842,38949,20521,111,5,147743456,0.030350123411646404
4617289,2122,43045,55336,111,5,147753248,0.030350123411646404
4617592,12363,12326,43050,111,5,147762944,0.030350123411646404
4617924,53323,18471,43051,111,5,147773568,0.030350123411646404
4618225,8267,8231,32810,111,5,147783200,0.030350123411646404
4618601,47180,20520,32810,111,5,147795232,0.030350123411646404
4618912,20557,16426,55341,111,5,147805184,0.030350123411646404
4619254,45132,28714,22573,111,5,147816128,0.030350123411646404
4619559,22604,57387,4140,111,5,147825888,0.030350123411646404
4619835,2125,36908,32813,111,5,147834720,0.030350123411646404
4620186,55372,49197,46,112,5,147845952,0.030441539446018833
4620488,10316,51244,26670,112,5,147855616,0.030441539446018833
4620899,59469,8237,49201,112,5,147868768,0.030441539446018833
4621231,41037,43053,41000,112,5,147879392,0.030441539446018833
4621538,28748,43052,30767,112,5,147889216,0.030441539446018833
4621892,53325,18476,20527,112,5,147900544,0.030441539446018833
4622186,20557,49196,20524,112,5,147909952,0.030441539446018833
4622556,22604,8234,43053,112,5,147921792,0.030441539446018833
4622958,61515,43047,10282,112,5,147934656,0.030441539446018833
4623221,30794,12324,49192,112,5,147943072,0.030441539446018833
4623516,2123,10277,34856,112,5,147952512,0.030441539446018833
4624001,16458,63526,41,112,5,147968032,0.030441539446018833
4624409,20555,18471,22570,112,5,147981088,0.030441539446018833
4624746,38987,41000,8235,112,5,147991872,0.030441539446018833
4625075,43083,36903,55338,112,5,148002400,0.030441539446018833
4625351,57419,22567,8236,112,5,148011232,0.030441539446018833
4625679,57419,51238,24620,112,5,148021728,0.030441539446018833
4626092,14411,40997,28713,112,5,148034944,0.030441539446018833
4626386,4170,47142,18466,112,5,148044352,0.030441539446018833
4626693,28746,37,20512,112,5,148054176,0.030441539446018833
4627090,49225,10277,8224,112,5,148066880,0.030441539446018833
4627798,6216,20513,40992,112,5,148089536,0.030441539446018833
4628181,53320,18466,16425,112,5,148101792,0.030441539446018833
4628520,2121,36,36904,112,5,148112640,0.030441539446018833
4628842,28745,51238,34858,112,5,148122944,0.030441539446018833
4629379,20556,2089,43,112,5,148140128,0.030441539446018833
4629683,16458,59430,10283,112,5,148149856,0.030441539446018833
4630056,43083,28710,2089,112,5,148161792,0.030441539446018833
4630392,55371,28709,49193,112,5,148172544,0.030441539446018833
4630695,45130,45092,55336,112,5,148182240,0.030441539446018833
4631047,12363,32806,32809,112,5,148193504,0.030441539446018833
4631395,51275,4134,61472,112,5,148204640,0.030441539446018833
4631711,61514,57383,12329,112,5,148214752,0.030441539446018833
4631980,57420,32806,59433,112,5,148223360,0.030441539446018833
4632327,61516,30759,36907,112,5,148234464,0.030441539446018833
4632619,32844,49192,34859,112,5,148243808,0.030441539446018833
4632938,41035,61479,24618,112,5,148254016,0.030441539446018833
4633394,34891,43048,47147,112,5,148268608,0.030441539446018833
4633710,38987,51240,36907,112,5,148278720,0.030441539446018833
4634089,43083,36903,32811,112,5,148290848,0.030441539446018833
4634383,57420,16421,53290,112,5,148300256,0.030441539446018833
4634902,32843,55333,57386,112,5,148316864,0.030441539446018833
4635250,2124,2086,12329,112,5,148328000,0.030441539446018833
4635736,43084,4135,18473,112,5,148343552,0.030441539446018833
4636061,10315,2086,47145,112,5,148353952,0.030441539446018833
4636394,38986,57382,2095,112,5,148364608,0.030441539446018833
4636709,22602,57380,34863,112,5,148374688,0.030441539446018833
4637022,45130,45091,57383,112,5,148384704,0.030441539446018833
4637394,45130,12325,16425,112,5,148396608,0.030441539446018833
4637706,26697,43045,34859,113,5,148406592,0.03080720358350855
4638091,24651,20520,26665,113,5,148418912,0.03080720358350855
4638387,41035,14375,41002,113,5,148428384,0.03080720358350855
4638672,8268,30757,59434,113,5,148437504,0.03080720358350855
4638985,38987,4133,26665,113,5,148447520,0.03080720358350855
4639301,8266,8229,61482,113,5,148457632,0.03080720358350855
4639586,24650,61478,41002,113,5,148466752,0.03080720358350855
4639883,4170,10278,45099,113,5,148476256,0.03080720358350855
4640220,16458,6182,34858,113,5,148487040,0.03080720358350855
4640488,36938,6182,41,113,5,148495616,0.03080720358350855
4640799,47178,20517,10280,113,5,148505568,0.03080720358350855
4641091,45130,26660,2080,113,5,148514912,0.03080720358350855
4641407,73,18466,49188,113,5,148525024,0.03080720358350855
4641705,34889,49186,39,113,5,148534560,0.03080720358350855
4642206,59465,2083,43047,113,5,148550592,0.03080720358350855
4642587,36937,28708,57384,113,5,148562784,0.03080720358350855
4642922,10313,36,12327,113,5,148573504,0.03080720358350855
4643277,14407,45090,8230,113,5,148584864,0.03080720358350855
4643583,49224,43040,61479,113,5,148594656,0.03080720358350855
4644187,18504,8224,12328,113,5,148613984,0.03080720358350855
4644519,41031,51233,8232,113,5,148624608,0.03080720358350855
4644861,51272,34,2087,113,5,148635552,0.03080720358350855
4645302,4167,55330,16422,113,5,148649664,0.03080720358350855
4645607,38984,18465,38949,113,5,148659424,0.03080720358350855
4645932,16456,26657,4134,113,5,148669824,0.03080720358350855
4646228,8263,59425,4134,113,5,148679296,0.03080720358350855
4646879,32840,61475,6184,113,5,148700128,0.03080720358350855
4647237,43079,28708,45095,113,5,148711584,0.03080720358350855
4647839,45127,6178,26663,113,5,148730848,0.03080720358350855
4648377,26695,57376,40999,113,5,148748064,0.03080720358350855
4648913,4169,10274,26665,113,5,148765216,0.03080720358350855
4649345,41033,8227,61481,113,5,148779040,0.03080720358350855
4649638,4169,10276,51240,113,5,148788416,0.03080720358350855
4650020,10312,59427,40992,113,5,148800640,0.03080720358350855
4650397,28745,16419,4135,113,5,148812704,0.03080720358350855
4650685,43080,36897,45088,113,5,148821920,0.03080720358350855
4651105,4167,38944,16421,113,5,148835360,0.03080720358350855
4651511,57416,22560,36899,113,5,148848352,0.03080720358350855
4651858,36935,16416,61478,113,5,148859456,0.03080720358350855
4652301,10311,30754,30759,113,5,148873632,0.03080720358350855
4652627,36935,36898,24608,113,5,148884064,0.03080720358350855
4653052,24648,16417,51239,113,5,148897664,0.03080720358350855
4653520,12359,30752,51247,113,5,148912640,0.03080720358350855
4653908,47175,30753,40999,113,5,148925056,0.03080720358350855
4654244,47176,22562,24616,113,5,148935808,0.03080720358350855
4654559,36936,20515,16416,113,5,148945888,0.03080720358350855
4654877,72,36898,55336,113,5,148956064,0.03080720358350855
4655296,55367,57378,14375,113,5,148969472,0.03080720358350855
4655595,34888,55330,16424,113,5,148979040,0.03080720358350855
4656156,55368,28707,30760,113,5,148996992,0.03080720358350855
4656682,57416,4132,4143,114,5,149013824,0.030898619617880978
4657163,43079,63523,32808,114,5,149029216,0.030898619617880978
4657565,55368,22562,38,114,5,149042080,0.030898619617880978
4657897,63561,26659,34854,114,5,149052704,0.030898619617880978
4658353,55369,22564,2095,114,5,149067296,0.030898619617880978
4658664,18504,57379,38952,114,5,149077248,0.030898619617880978
4658905,57416,43044,18473,114,5,149084960,0.030898619617880978
4659207,34888,59427,34863,114,5,149094624,0.030898619617880978
4659578,6216,59427,28712,114,5,149106496,0.030898619617880978
4659853,49224,40994,61481,114,5,149115296,0.030898619617880978
4660093,16456,34850,2080,114,5,149122976,0.030898619617880978
4660380,22601,51233,49189,114,5,149132160,0.030898619617880978
4660916,26697,59427,38,114,5,149149312,0.030898619617880978
4661192,61513,34851,38952,114,5,149158144,0.030898619617880978
4661549,41033,2083,22568,114,5,149169568,0.030898619617880978
4661886,55368,6178,36896,114,5,149180352,0.030898619617880978
4662168,6216,33,10278,114,5,149189376,0.030898619617880978
4662504,72,34847,36901,114,5,149200128,0.030898619617880978
4662823,47176,24608,8230,114,5,149210336,0.030898619617880978
4663225,59464,32,36902,114,5,149223200,0.030898619617880978
4663527,22599,55329,28711,114,5,149232864,0.030898619617880978
4663850,55368,49185,57383,114,5,149243200,0.030898619617880978
4664182,14407,38944,61477,114,5,149253824,0.030898619617880978
4664446,36934,61473,6180,114,5,149262272,0.030898619617880978
4664846,34885,43038,47142,114,5,149275072,0.030898619617880978
4665184,20550,32798,55335,114,5,149285888,0.030898619617880978
4665521,36934,32798,43047,114,5,149296672,0.030898619617880978
4665820,69,18462,40998,114,5,149306240,0.030898619617880978
4666085,8261,26654,59431,114,5,149314720,0.030898619617880978
4666432,6212,61471,36903,114,5,149325824,0.030898619617880978
4666765,10309,4127,22560,114,5,149336480,0.030898619617880978
4667132,51268,30750,4136,114,5,149348224,0.030898619617880978
4667431,61509,51229,43041,114,5,149357792,0.030898619617880978
4667903,53318,20510,12328,114,5,149372896,0.030898619617880978
4668346,16455,10271,20521,114,5,149387072,0.030898619617880978
4668797,6214,53280,12326,114,5,149401504,0.030898619617880978
4669255,12357,49181,59430,114,5,149416160,0.030898619617880978
4669885,18500,2077,2080,114,5,149436320,0.030898619617880978
4670221,2115,22557,34848,114,5,149447072,0.030898619617880978
4670589,63555,53278,20518,114,5,149458848,0.030898619617880978
4670932,63555,12317,36905,114,5,149469824,0.030898619617880978
4671368,55366,6176,32808,114,5,149483776,0.030898619617880978
4671701,26694,63521,43048,114,5,149494432,0.030898619617880978
4672372,72,12321,24616,114,5,149515904,0.030898619617880978
4672818,22600,20513,4135,114,5,149530176,0.030898619617880978
4673097,45128,51233,55335,114,5,149539104,0.030898619617880978
4673513,47177,30753,41007,114,5,149552416,0.030898619617880978
4673931,32842,36896,22575,114,5,149565792,0.030898619617880978
4674451,10313,22559,6182,114,5,149582432,0.030898619617880978
4674924,51272,32797,8239,114,5,149597568,0.030898619617880978
4675341,20552,43037,24616,115,5,149610912,0.042965536155041596
4675784,36935,61470,57383,115,5,149625088,0.042965536155041596
4676578,30791,6174,55333,115,5,149650496,0.042965536155041596
4677162,34884,2077,30762,115,5,149669184,0.042965536155041596
4677960,38981,18461,24615,115,5,149694720,0.042965536155041596
4678483,8259,32798,38,115,5,149711456,0.042965536155041596
4678926,8260,24606,43040,115,5,149725632,0.042965536155041596
4679501,47174,55327,32808,115,5,149744032,0.042965536155041596
4680126,12358,24607,28717,115,5,149764032,0.042965536155041596
4680931,2118,47136,47,115,5,149789792,0.042965536155041596
4681425,36931,40991,38950,115,5,149805600,0.042965536155041596
4682105,26692,18462,6182,115,5,149827360,0.042965536155041596
4682693,41026,55324,55336,115,5,149846176,0.042965536155041596
4683165,55363,26652,47151,115,5,149861280,0.042965536155041596
4683666,28736,38941,8224,115,5,149877312,0.042965536155041596
4684614,61506,2077,16427,115,5,149907648,0.042965536155041596
4684947,55363,45083,51243,115,5,149918304,0.042965536155041596
4685318,24642,51226,63530,115,5,149930176,0.042965536155041596
4685991,26692,49180,18475,115,5,149951712,0.042965536155041596
4686421,6211,38940,22571,115,5,149965472,0.042965536155041596
4686783,28739,38941,12332,115,5,149977056,0.042965536155041596
4687373,26692,18459,55338,115,5,149995936,0.042965536155041596
4687966,6213,51227,61483,115,5,150014912,0.042965536155041596
4688471,43079,12316,34858,115,5,150031072,0.042965536155041596
4688983,61511,47133,6185,115,5,150047456,0.042965536155041596
4689532,20551,32799,12328,115,5,150065024,0.042965536155041596
4689883,38984,16414,18464,115,5,150076256,0.042965536155041596
4690485,45127,22557,10280,115,5,150095520,0.042965536155041596
4691068,26695,26651,8230,115,5,150114176,0.042965536155041596
4691750,36931,53275,4135,115,5,150136000,0.042965536155041596
4692250,43076,61468,22566,115,5,150152000,0.042965536155041596
4692815,6214,45085,28713,115,5,150170080,0.042965536155041596
4693285,8262,59420,55340,115,5,150185120,0.042965536155041596
4693672,45126,24604,51238,115,5,150197504,0.042965536155041596
4694069,16453,26652,16431,115,5,150210208,0.042965536155041596
4694446,10307,22555,43049,115,5,150222272,0.042965536155041596
4694720,20547,49180,26665,115,5,150231040,0.042965536155041596
4695121,26693,2076,16426,115,5,150243872,0.042965536155041596
4695411,63557,6172,4137,115,5,150253152,0.042965536155041596
4695710,8260,10267,40,115,5,150262720,0.042965536155041596
4696000,55364,6173,18473,115,5,150272000,0.042965536155041596
4696390,2116,59420,8235,115,5,150284480,0.042965536155041596
4696684,57412,30747,16426,115,5,150293888,0.042965536155041596
4696994,2115,43035,49194,115,5,150303808,0.042965536155041596
4697364,51269,28,45099,115,5,150315648,0.042965536155041596
4697690,30790,36892,41004,115,5,150326080,0.042965536155041596
4698063,4166,8219,45099,115,5,150338016,0.042965536155041596
4698408,26693,8218,38955,115,5,150349056,0.042965536155041596
4698719,22597,36890,6186,115,5,150359008,0.042965536155041596
4699070,45125,40985,43050,115,5,150370240,0.042965536155041596
4699431,57412,8217,6184,116,5,150381792,0.029527379102294544
4699725,43072,38936,4136,116,5,150391200,0.029527379102294544
4700044,59457,53271,36906,116,5,150401408,0.029527379102294544
4700396,61507,18455,59433,116,5,150412672,0.029527379102294544
4700690,47172,2070,20520,116,5,150422080,0.029527379102294544
4701009,49218,51221,32,116,5,150432288,0.029527379102294544
4701291,47170,47125,10279,116,5,150441312,0.029527379102294544
4701677,24643,45077,55336,116,5,150453664,0.029527379102294544
4701998,57412,22550,26665,116,5,150463936,0.029527379102294544
4702378,38979,28694,36911,116,5,150476096,0.029527379102294544
4702697,28741,2071,40,116,5,150486304,0.029527379102294544
4702987,2118,43032,32806,116,5,150495584,0.029527379102294544
4703274,4167,16409,59438,116,5,150504768,0.029527379102294544
4703604,14406,51225,20517,116,5,150515328,0.029527379102294544
4703964,53318,51224,20517,116,5,150526848,0.029527379102294544
4704382,69,51222,57382,116,5,150540224,0.029527379102294544
4704756,43076,28692,51238,116,5,150552192,0.029527379102294544
4705081,57411,32788,61479,116,5,150562592,0.029527379102294544
4705407,8260,24597,8224,116,5,150573024,0.029527379102294544
4705766,45123,22549,20518,116,5,150584512,0.029527379102294544
4706100,36931,34837,24617,116,5,150595200,0.029527379102294544
4706421,47172,61462,22575,116,5,150605472,0.029527379102294544
4706800,6210,43031,24615,116,5,150617600,0.029527379102294544
4707081,2116,4120,32805,116,5,150626592,0.029527379102294544
4707431,28740,63513,26662,116,5,150637792,0.029527379102294544
4707745,12355,36887,61478,116,5,150647840,0.029527379102294544
4708041,6209,10263,20518,116,5,150657312,0.029527379102294544
4708362,41025,45079,34855,116,5,150667584,0.029527379102294544
4708746,51270,28695,57391,116,5,150679872,0.029527379102294544
4709038,63560,32791,24615,116,5,150689216,0.029527379102294544
4709365,26696,34839,10277,116,5,150699680,0.029527379102294544
4709703,6217,34839,51235,116,5,150710496,0.029527379102294544
4710023,45130,8216,34854,116,5,150720736,0.029527379102294544
4710357,57418,25,51235,116,5,150731424,0.029527379102294544
4710680,59465,55322,22560,116,5,150741760,0.029527379102294544
4711011,55367,30744,24613,116,5,150752352,0.029527379102294544
4711346,6216,16407,43043,116,5,150763072,0.029527379102294544
4711723,26696,8214,12322,116,5,150775136,0.029527379102294544
4712034,12360,18453,45092,116,5,150785088,0.029527379102294544
4712323,55367,28693,8226,116,5,150794336,0.029527379102294544
4712610,18502,51221,34851,116,5,150803520,0.029527379102294544
4712984,36932,49172,16421,116,5,150815488,0.029527379102294544
4713260,43076,53268,26662,116,5,150824320,0.029527379102294544
4713560,10307,34835,47141,116,5,150833920,0.029527379102294544
4713895,26690,57364,34854,116,5,150844640,0.029527379102294544
4714228,55363,55317,16423,116,5,150855296,0.029527379102294544
4714530,55364,4118,2095,116,5,150864960,0.029527379102294544
4714853,32835,38934,57384,116,5,150875296,0.029527379102294544
4715169,55364,40983,45088,116,5,150885408,0.029527379102294544
4715490,14405,26648,22568,116,5,150895680,0.029527379102294544
4715811,32837,53271,63529,117,5,150905952,0.029527379102294544
4716130,28741,32791,10278,117,5,150916160,0.029527379102294544
4716450,34884,40981,61479,117,5,150926400,0.029527379102294544
4716787,59461,2069,40999,117,5,150937184,0.029527379102294544
4717143,34885,55317,49192,117,5,150948576,0.029527379102294544
4717491,59462,14357,36904,117,5,150959712,0.029527379102294544
4717789,45125,59413,24615,117,5,150969248,0.029527379102294544
4718162,61509,55317,6182,117,5,150981184,0.029527379102294544
4718566,47175,22,26662,117,5,150994112,0.029527379102294544
4718878,63559,22,49189,117,5,151004096,0.029527379102294544
4719197,26693,38934,55334,117,5,151014304,0.029527379102294544
4719487,10309,6166,39,117,5,151023584,0.029527379102294544
4719820,20550,2070,39,117,5,151034240,0.029527379102294544
4720176,71,2069,10278,117,5,151045632,0.029527379102294544
4720495,20549,51221,53286,117,5,151055840,0.029527379102294544
4720811,8261,14357,53286,117,5,151065952,0.029527379102294544
4721188,47173,26646,4133,117,5,151078016,0.029527379102294544
4721458,14404,61461,43045,117,5,151086656,0.029527379102294544
4721787,4164,26645,2086,117,5,151097184,0.029527379102294544
4722083,2114,59413,4128,117,5,151106656,0.029527379102294544
4722500,55359,47125,4136,117,5,151120000,0.029527379102294544
4722803,18493,30740,59432,117,5,151129696,0.029527379102294544
4723197,51261,36885,24616,117,5,151142304,0.029527379102294544
4723591,24634,16405,51241,117,5,151154912,0.029527379102294544
4723940,10295,55318,22570,117,5,151166080,0.029527379102294544
4724265,63545,49173,55339,117,5,151176480,0.029527379102294544
4724562,61499,12309,6186,117,5,151185984,0.029527379102294544
4724936,55357,28692,57387,117,5,151197952,0.029527379102294544
4725261,20541,34836,45098,117,5,151208352,0.029527379102294544
4725575,2110,53269,22571,117,5,151218400,0.029527379102294544
4725976,8253,53269,41001,117,5,151231232,0.029527379102294544
4726324,12348,32789,41000,117,5,151242368,0.029527379102294544
4726613,59451,43029,28715,117,5,151251616,0.029527379102294544
4726931,53307,6165,34857,117,5,151261792,0.029527379102294544
4727243,51260,45077,20522,117,5,151271776,0.029527379102294544
4727569,8253,57364,53289,117,5,151282208,0.029527379102294544
4727873,41022,38932,45097,117,5,151291936,0.029527379102294544
4728146,30783,24596,32810,117,5,151300672,0.029527379102294544
4728548,18494,57363,28714,117,5,151313536,0.029527379102294544
4728872,36928,4116,45099,117,5,151323904,0.029527379102294544
4729167,16448,49172,41,117,5,151333344,0.029527379102294544
4729504,59457,4116,8233,117,5,151344128,0.029527379102294544
4729827,12353,4116,38954,117,5,151354464,0.029527379102294544
4730133,18496,10261,12330,117,5,151364256,0.029527379102294544
4730403,64,16404,51241,117,5,151372896,0.029527379102294544
4730802,59455,51221,8233,117,5,151385664,0.029527379102294544
4731110,38975,36884,45103,117,5,151395520,0.029527379102294544
4731459,61504,16404,34857,117,5,151406688,0.029527379102294544
4731770,20544,32788,40,117,5,151416640,0.029527379102294544
4732066,4160,24595,51241,117,5,151426112,0.029527379102294544
4732460,41025,28692,6184,118,5,151438720,0.030990035652253407
4732803,14401,51219,55337,118,5,151449696,0.030990035652253407
4733087,24641,14356,18479,118,5,151458784,0.030990035652253407
4733461,53313,12307,57391,118,5,151470752,0.030990035652253407
4733944,28737,59412,36905,118,5,151486208,0.030990035652253407
4734279,34882,36884,32809,118,5,151496928,0.030990035652253407
4734598,16450,40980,2088,118,5,151507136,0.030990035652253407
4734903,30786,45075,12328,118,5,151516896,0.030990035652253407
4735248,2115,2067,12328,118,5,151527936,0.030990035652253407
4735589,59459,43027,61480,118,5,151538848,0.030990035652253407
4736001,8259,51219,45097,118,5,151552032,0.030990035652253407
4736316,20548,40980,22568,118,5,151562112,0.030990035652253407
4736647,28740,10260,41007,118,5,151572704,0.030990035652253407
4736932,24643,51219,61472,118,5,151581824,0.030990035652253407
4737207,55364,6163,53288,118,5,151590624,0.030990035652253407
4737542,20548,19,53287,118,5,151601344,0.030990035652253407
4737823,61507,12307,20519,118,5,151610336,0.030990035652253407
4738129,28739,32787,32806,118,5,151620128,0.030990035652253407
4738507,24643,59410,61478,118,5,151632224,0.030990035652253407
4738848,55363,45075,20519,118,5,151643136,0.030990035652253407
4739168,36931,20498,61474,118,5,151653376,0.030990035652253407
4739625,43075,26642,63527,118,5,151668000,0.030990035652253407
4739941,2115,32787,63528,118,5,151678112,0.030990035652253407
4740312,12355,30739,28712,118,5,151689984,0.030990035652253407
4740611,26690,61459,51232,118,5,151699552,0.030990035652253407
4740932,10307,51218,53287,118,5,151709824,0.030990035652253407
4741273,24644,2066,4129,118,5,151720736,0.030990035652253407
4741575,61507,53266,22568,118,5,151730400,0.030990035652253407
4741921,22596,18,28719,118,5,151741472,0.030990035652253407
4742234,14404,61459,4128,118,5,151751488,0.030990035652253407
4742626,22596,63508,4143,118,5,151764032,0.030990035652253407
4742933,24644,36884,34855,118,5,151773856,0.030990035652253407
4743306,49220,20,16422,118,5,151785792,0.030990035652253407
4743701,16452,34836,30759,118,5,151798432,0.030990035652253407
4744047,36932,24595,45094,118,5,151809504,0.030990035652253407
4744355,30787,43026,49190,118,5,151819360,0.030990035652253407
4744695,45123,6161,38949,118,5,151830240,0.030990035652253407
4745050,57411,20497,16422,118,5,151841600,0.030990035652253407
4745376,34883,32785,43047,118,5,151852032,0.030990035652253407
4745732,51266,24593,53286,118,5,151863424,0.030990035652253407
4746057,18497,32786,38951,118,5,151873824,0.030990035652253407
4746401,51264,57363,2087,118,5,151884832,0.030990035652253407
4746692,28736,20499,10272,118,5,151894144,0.030990035652253407
4747012,38976,6163,20519,118,5,151904384,0.030990035652253407
4747413,24639,45075,43040,118,5,151917216,0.030990035652253407
4747752,18496,6163,59433,118,5,151928064,0.030990035652253407
4748112,51264,36882,53295,118,5,151939584,0.030990035652253407
4748417,51265,28691,2088,118,5,151949344,0.030990035652253407
4748776,45122,55314,53289,118,5,151960832,0.030990035652253407
4749143,26691,26642,36897,118,5,151972576,0.030990035652253407
4749528,28740,2066,28719,119,5,151984896,0.035286589267757566
4749833,14404,20498,24616,119,5,151994656,0.035286589267757566
4750124,6212,40978,32808,119,5,152003968,0.035286589267757566
4750437,22596,4115,10280,119,5,152013984,0.035286589267757566
4750844,8260,28691,28713,119,5,152027008,0.035286589267757566
4751342,30788,10259,10281,119,5,152042944,0.035286589267757566
4751761,45123,34834,26664,119,5,152056352,0.035286589267757566
4752169,12355,26641,4135,119,5,152069408,0.035286589267757566
4752672,57411,45072,34855,119,5,152085504,0.035286589267757566
4752984,49220,8209,18471,119,5,152095488,0.035286589267757566
4753318,26691,49169,38945,119,5,152106176,0.035286589267757566
4753783,18499,10258,6183,119,5,152121056,0.035286589267757566
4754108,28739,8210,24614,119,5,152131456,0.035286589267757566
4754488,66,59410,18479,119,5,152143616,0.035286589267757566
4754817,34883,16402,61479,119,5,152154144,0.035286589267757566
4755276,22594,34834,8230,119,5,152168832,0.035286589267757566
4755732,6210,30737,36896,119,5,152183424,0.035286589267757566
4756201,61506,32785,43047,119,5,152198432,0.035286589267757566
4756559,53315,28690,4136,119,5,152209888,0.035286589267757566
4756869,41028,8210,18479,119,5,152219808,0.035286589267757566
4757402,55363,38930,12328,119,5,152236864,0.035286589267757566
4757788,47171,22546,4135,119,5,152249216,0.035286589267757566
4758156,12356,32785,59431,119,5,152260992,0.035286589267757566
4758484,4164,2065,34856,119,5,152271488,0.035286589267757566
4758839,57412,17,2087,119,5,152282848,0.035286589267757566
4759191,47171,57360,36902,119,5,152294112,0.035286589267757566
4759497,51267,34833,24614,119,5,152303904,0.035286589267757566
4759838,12355,28690,39,119,5,152314816,0.035286589267757566
4760215,4163,8209,38951,119,5,152326880,0.035286589267757566
4760690,49218,26642,49190,119,5,152342080,0.035286589267757566
4761039,51266,12306,24613,119,5,152353248,0.035286589267757566
4761427,4162,38929,55334,119,5,152365664,0.035286589267757566
4761920,57410,28690,4128,119,5,152381440,0.035286589267757566
4762261,6210,26642,2087,119,5,152392352,0.035286589267757566
4762706,30786,2065,55334,119,5,152406592,0.035286589267757566
4762998,22595,17,61478,119,5,152415936,0.035286589267757566
4763474,63553,61457,55334,119,5,152431168,0.035286589267757566
4763909,24641,51217,55334,119,5,152445088,0.035286589267757566
4764266,4162,18,2086,119,5,152456512,0.035286589267757566
4764685,2114,2066,38950,119,5,152469920,0.035286589267757566
4765161,18498,18,36902,119,5,152485152,0.035286589267757566
4765557,24641,22545,53286,119,5,152497824,0.035286589267757566
4765936,8257,59409,12327,119,5,152509952,0.035286589267757566
4766428,8258,18,2087,119,5,152525696,0.035286589267757566
4766860,51266,40977,40999,119,5,152539520,0.035286589267757566
4767392,41026,26642,24615,119,5,152556544,0.035286589267757566
4767807,30786,28690,26662,119,5,152569824,0.035286589267757566
4768141,38978,32786,20519,119,5,152580512,0.035286589267757566
4768636,61506,63506,38,119,5,152596352,0.035286589267757566
4768969,47170,38929,53287,119,5,152607008,0.035286589267757566
4769611,6209,36880,32806,120,5,152627552,0.03409818082091599
4770057,61505,59408,20519,120,5,152641824,0.03409818082091599
4770420,6210,18448,59430,120,5,152653440,0.03409818082091599
4770773,45122,32784,51239,120,5,152664736,0.03409818082091599
4771170,38978,17,32807,120,5,152677440,0.03409818082091599
4771618,20547,18450,10272,120,5,152691776,0.03409818082091599
4771919,10307,26642,39,120,5,152701408,0.03409818082091599
4772359,57410,36881,24614,120,5,152715488,0.03409818082091599
4772642,14401,59408,34851,120,5,152724544,0.03409818082091599
4773037,41025,51217,24613,120,5,152737184,0.03409818082091599
4773410,49219,17,4135,120,5,152749120,0.03409818082091599
4773779,8258,49169,2087,120,5,152760928,0.03409818082091599
4774228,41026,40977,28704,120,5,152775296,0.03409818082091599
4774527,57410,34834,10278,120,5,152784864,0.03409818082091599
4774973,61506,26642,14376,120,5,152799136,0.03409818082091599
4775405,34882,43026,18473,120,5,152812960,0.03409818082091599
4775703,45124,18,34857,120,5,152822496,0.03409818082091599
4776017,51268,12305,26664,120,5,152832544,0.03409818082091599
4776421,8259,26642,6184,120,5,152845472,0.03409818082091599
4776922,67,45074,51241,120,5,152861504,0.03409818082091599
4777344,63555,20499,39,120,5,152875008,0.03409818082091599
4777783,67,59411,18473,120,5,152889056,0.03409818082091599
4778137,10308,49171,6184,120,5,152900384,0.03409818082091599
4778640,53315,34833,55334,120,5,152916480,0.03409818082091599
4779001,30788,16401,24609,120,5,152928032,0.03409818082091599
4779436,30788,8208,59439,120,5,152941952,0.03409818082091599
4779753,49219,49169,38959,120,5,152952096,0.03409818082091599
4780100,26692,34834,32809,120,5,152963200,0.03409818082091599
4780521,68,24595,30766,120,5,152976672,0.03409818082091599
4780934,57412,2067,32807,120,5,152989888,0.03409818082091599
4781398,6212,28691,12335,120,5,153004736,0.03409818082091599
4781803,6213,16403,51240,120,5,153017696,0.03409818082091599
4782183,32836,43027,26671,120,5,153029856,0.03409818082091599
4782506,30789,38932,8232,120,5,153040192,0.03409818082091599
4782941,26693,2067,16422,120,5,153054112,0.03409818082091599
4783252,53316,40980,6181,120,5,153064064,0.03409818082091599
4783542,51268,20499,49191,120,5,153073344,0.03409818082091599
4783938,4164,34834,49190,120,5,153086016,0.03409818082091599
4784294,59460,8210,6182,120,5,153097408,0.03409818082091599
4784620,53316,15,63525,120,5,153107840,0.03409818082091599
4784923,61507,59407,20516,120,5,153117536,0.03409818082091599
4785253,43076,53263,63526,120,5,153128096,0.03409818082091599
4785582,63557,10257,10278,120,5,153138624,0.03409818082091599
4785944,55364,6161,24615,120,5,153150208,0.03409818082091599
4786351,45123,4113,26661,120,5,153163232,0.03409818082091599
4786681,24641,57362,26663,120,5,153173792,0.03409818082091599
4787049,55363,59411,51247,120,5,153185568,0.03409818082091599
4787519,2116,18451,59432,120,5,153200608,0.03409818082091599
4787871,20546,16403,26656,120,5,153211872,0.03409818082091599
4788340,43073,63506,24615,120,5,153226880,0.03409818082091599
4788705,34879,34833,34854,121,5,153238560,0.03674924581771643
4789233,49210,36881,26665,121,5,153255456,0.03674924581771643
4789548,12349,18,6185,121,5,153265536,0.03674924581771643
4789987,32831,17,57385,121,5,153279584,0.03674924581771643
4790450,32830,51217,61482,121,5,153294400,0.03674924581771643
4790793,28735,34834,34858,121,5,153305376,0.03674924581771643
4791116,30783,32787,2089,121,5,153315712,0.03674924581771643
4791545,26687,43027,24618,121,5,153329440,0.03674924581771643
4792001,63552,40979,22570,121,5,153344032,0.03674924581771643
4792291,43071,28691,26664,121,5,153353312,0.03674924581771643
4792723,6206,59410,47136,121,5,153367136,0.03674924581771643
4793072,16445,26642,8224,121,5,153378304,0.03674924581771643
4793629,53307,18,24617,121,5,153396128,0.03674924581771643
4793999,18489,45075,30760,121,5,153407968,0.03674924581771643
4794362,36922,20500,20522,121,5,153419584,0.03674924581771643
4794760,43065,51220,38953,121,5,153432320,0.03674924581771643
4795085,59448,36884,4139,121,5,153442720,0.03674924581771643
4795537,49211,45075,32810,121,5,153457184,0.03674924581771643
4795849,61501,12307,36905,121,5,153467168,0.03674924581771643
4796303,4158,32786,30762,121,5,153481696,0.03674924581771643
4796722,14399,45074,34857,121,5,153495104,0.03674924581771643
4797138,6208,43026,8233,121,5,153508416,0.03674924581771643
4797535,45120,36882,20527,121,5,153521120,0.03674924581771643
4797884,30785,6162,41001,121,5,153532288,0.03674924581771643
4798428,18497,4114,18465,121,5,153549696,0.03674924581771643
4798868,61504,2063,63527,121,5,153563776,0.03674924581771643
4799280,34882,10255,43047,121,5,153576960,0.03674924581771643
4799682,36931,22544,20522,121,5,153589824,0.03674924581771643
4799981,18500,4112,8231,121,5,153599392,0.03674924581771643
4800274,8260,40976,28704,121,5,153608768,0.03674924581771643
4800720,63556,22545,20519,121,5,153623040,0.03674924581771643
4801056,47173,4114,34856,121,5,153633792,0.03674924581771643
4801391,2116,51219,24616,121,5,153644512,0.03674924581771643
4801708,12356,12308,39,121,5,153654656,0.03674924581771643
4802079,47172,18451,53288,121,5,153666528,0.03674924581771643
4802543,53317,8211,30767,121,5,153681376,0.03674924581771643
4803015,49220,10259,6181,121,5,153696480,0.03674924581771643
4803496,12356,40977,43044,121,5,153711872,0.03674924581771643
4804015,67,20497,34853,121,5,153728480,0.03674924581771643
4804336,47171,45073,26662,121,5,153738752,0.03674924581771643
4804646,26691,61457,38951,121,5,153748672,0.03674924581771643
4805115,20548,22546,45088,121,5,153763680,0.03674924581771643
4805456,30789,12308,24615,121,5,153774592,0.03674924581771643
4805917,36931,43028,20518,121,5,153789344,0.03674924581771643
4806388,8258,61458,61477,121,5,153804416,0.03674924581771643
4806824,22595,10256,61476,121,5,153818368,0.03674924581771643
4807204,61507,43024,34853,121,5,153830528,0.03674924581771643
4807675,12356,17,30758,121,5,153845600,0.03674924581771643
4807979,4163,51218,18470,121,5,153855328,0.03674924581771643
4808331,30787,26642,12325,121,5,153866592,0.03674924581771643
4808613,53315,2066,22566,122,5,153875616,0.03400676478654356
4808941,8258,51219,55334,122,5,153886112,0.03400676478654356
4809379,8258,36883,32803,122,5,153900128,0.03400676478654356
4809730,6210,24596,8230,122,5,153911360,0.03400676478654356
4810151,41026,55316,39,122,5,153924832,0.03400676478654356
4810464,30786,8211,26661,122,5,153934848,0.03400676478654356
4810872,32832,43026,40998,122,5,153947904,0.03400676478654356
4811245,30783,45074,34854,122,5,153959840,0.03400676478654356
4811543,41024,12305,32807,122,5,153969376,0.03400676478654356
4811898,41025,47121,12326,122,5,153980736,0.03400676478654356
4812340,57409,28688,51238,122,5,153994880,0.03400676478654356
4812667,18497,10256,55334,122,5,154005344,0.03400676478654356
4813000,51264,10257,4129,122,5,154016000,0.03400676478654356
4813445,41025,8209,28711,122,5,154030240,0.03400676478654356
4813762,14400,10258,4135,122,5,154040384,0.03400676478654356
4814133,47166,57363,8231,122,5,154052256,0.03400676478654356
4814456,16448,47123,6184,122,5,154062592,0.03400676478654356
4814936,32834,40979,38953,122,5,154077952,0.03400676478654356
4815260,12354,61459,57384,122,5,154088320,0.03400676478654356
4815688,53313,40979,20519,122,5,154102016,0.03400676478654356
4816018,16449,6162,16423,122,5,154112576,0.03400676478654356
4816442,6208,4115,32,122,5,154126144,0.03400676478654356
4816774,12351,59410,59430,122,5,154136768,0.03400676478654356
4817150,18495,51217,59431,122,5,154148800,0.03400676478654356
4817594,41024,30737,40992,122,5,154163008,0.03400676478654356
4817945,61504,57361,38944,122,5,154174240,0.03400676478654356
4818277,63553,24594,16416,122,5,154184864,0.03400676478654356
4818765,16449,32787,32809,122,5,154200480,0.03400676478654356
4819191,8256,38931,36905,122,5,154214112,0.03400676478654356
4819478,51264,32787,20518,122,5,154223296,0.03400676478654356
4819931,36928,8209,30753,122,5,154237792,0.03400676478654356
4820307,38975,45073,40998,122,5,154249824,0.03400676478654356
4820603,51265,12305,6183,122,5,154259296,0.03400676478654356
4820947,10305,49169,22568,122,5,154270304,0.03400676478654356
4821239,6210,59410,2088,122,5,154279648,0.03400676478654356
4821743,18498,53265,47145,122,5,154295776,0.03400676478654356
4822046,55362,26642,43049,122,5,154305472,0.03400676478654356
4822442,4162,22547,4143,122,5,154318144,0.03400676478654356
4822887,41025,55314,20520,122,5,154332384,0.03400676478654356
4823259,45121,59410,51239,122,5,154344288,0.03400676478654356
4823741,2113,61458,57384,122,5,154359712,0.03400676478654356
4824102,45122,2066,6190,122,5,154371264,0.03400676478654356
4824471,28737,45073,45095,122,5,154383072,0.03400676478654356
4824881,43074,38930,22568,122,5,154396192,0.03400676478654356
4825237,24641,59410,4136,122,5,154407584,0.03400676478654356
4825749,66,40978,24617,122,5,154423968,0.03400676478654356
4826249,2114,18,45095,122,5,154439968,0.03400676478654356
4826629,61506,32787,12327,122,5,154452128,0.03400676478654356
4827085,22595,8210,34856,122,5,154466720,0.03400676478654356
4827452,41026,55314,46,122,5,154478464,0.03400676478654356
4827905,49219,24594,32808,123,5,154492960,0.03556083737087485
4828159,30788,4114,22568,123,5,154501088,0.03556083737087485
4828472,32836,34834,26671,123,5,154511104,0.03556083737087485
4828978,20547,38930,8229,123,5,154527296,0.03556083737087485
4829277,8258,61458,38944,123,5,154536864,0.03556083737087485
4829613,14403,18450,57383,123,5,154547616,0.03556083737087485
4830073,28738,53266,53286,123,5,154562336,0.03556083737087485
4830396,26689,59409,57382,123,5,154572672,0.03556083737087485
4830846,26691,22545,20518,123,5,154587072,0.03556083737087485
4831278,36932,12305,26664,123,5,154600896,0.03556083737087485
4831661,30787,36882,43047,123,5,154613152,0.03556083737087485
4832119,59459,28691,45101,123,5,154627808,0.03556083737087485
4832459,59459,26643,38944,123,5,154638688,0.03556083737087485
4832894,63554,12307,40998,123,5,154652608,0.03556083737087485
4833293,6209,61458,43046,123,5,154665376,0.03556083737087485
4833734,41025,59408,53286,123,5,154679488,0.03556083737087485
4834131,8257,18448,59429,123,5,154692192,0.03556083737087485
4834507,64,57361,26660,123,5,154704224,0.03556083737087485
4834918,59458,4113,16422,123,5,154717376,0.03556083737087485
4835257,49217,61457,43047,123,5,154728224,0.03556083737087485
4835664,38978,6161,16424,123,5,154741248,0.03556083737087485
4836049,43074,40979,26656,123,5,154753568,0.03556083737087485
4836389,66,30739,22568,123,5,154764448,0.03556083737087485
4836833,53314,22548,47,123,5,154778656,0.03556083737087485
4837182,24642,28691,30767,123,5,154789824,0.03556083737087485
4837561,45121,51219,49190,123,5,154801952,0.03556083737087485
4838008,26689,63506,61478,123,5,154816256,0.03556083737087485
4838498,47169,32786,8230,123,5,154831936,0.03556083737087485
4838914,32833,18449,57376,123,5,154845248,0.03556083737087485
4839238,12354,18449,57383,123,5,154855616,0.03556083737087485
4839551,2113,45074,4134,123,5,154865632,0.03556083737087485
4839910,51265,34834,16422,123,5,154877120,0.03556083737087485
4840386,45121,38930,49190,123,5,154892352,0.03556083737087485
4840691,2113,24595,39,123,5,154902112,0.03556083737087485
4841076,41025,32787,38,123,5,154914432,0.03556083737087485
4841466,14401,22546,40998,123,5,154926912,0.03556083737087485
4841855,45120,49170,10279,123,5,154939360,0.03556083737087485
4842254,16448,2066,4128,123,5,154952128,0.03556083737087485
4842682,26688,4114,43047,123,5,154965824,0.03556083737087485
4843017,32831,55314,32806,123,5,154976544,0.03556083737087485
4843504,47168,49170,40999,123,5,154992128,0.03556083737087485
4843852,6208,61458,39,123,5,155003264,0.03556083737087485
4844184,38977,28690,20527,123,5,155013888,0.03556083737087485
4844554,49217,2066,22569,123,5,155025728,0.03556083737087485
4844903,16448,26642,51238,123,5,155036896,0.03556083737087485
4845339,16448,40978,49190,123,5,155050848,0.03556083737087485
4845687,59456,51217,55335,123,5,155061984,0.03556083737087485
4846124,53312,40978,16423,123,5,155075968,0.03556083737087485
4846592,64,32786,34855,123,5,155090944,0.03556083737087485
4846988,26688,32786,10278,123,5,155103616,0.03556083737087485
4847385,32833,18450,38944,124,5,155116320,0.03702349392083371
4847800,53312,12306,49190,124,5,155129600,0.03702349392083371
4848333,2111,53266,39,124,5,155146656,0.03702349392083371
4848679,63551,45073,20518,124,5,155157728,0.03702349392083371
4849008,24640,45073,6183,124,5,155168256,0.03702349392083371
4849602,57409,47122,28712,124,5,155187264,0.03702349392083371
4849911,65,45074,24617,124,5,155197152,0.03702349392083371
4850363,20546,6163,2088,124,5,155211616,0.03702349392083371
4850673,47170,38931,12330,124,5,155221536,0.03702349392083371
4851150,8259,22547,8233,124,5,155236800,0.03702349392083371
4851538,43075,8210,36911,124,5,155249216,0.03702349392083371
4851943,2116,16402,4136,124,5,155262176,0.03702349392083371
4852266,49220,53266,34848,124,5,155272512,0.03702349392083371
4852714,41028,49169,26671,124,5,155286848,0.03702349392083371
4853035,4163,61458,43049,124,5,155297120,0.03702349392083371
4853429,41028,10258,24614,124,5,155309728,0.03702349392083371
4853787,14404,26642,49184,124,5,155321184,0.03702349392083371
4854390,10307,2065,59430,124,5,155340480,0.03702349392083371
4854849,22595,40976,32806,124,5,155355168,0.03702349392083371
4855247,20547,49168,8231,124,5,155367904,0.03702349392083371
4855719,28739,49169,18472,124,5,155383008,0.03702349392083371
4856091,22594,59409,53280,124,5,155394912,0.03702349392083371
4856421,53316,36883,6184,124,5,155405472,0.03702349392083371
4856911,47172,2068,20519,124,5,155421152,0.03702349392083371
4857289,47171,61460,14376,124,5,155433248,0.03702349392083371
4857614,55363,20499,40999,124,5,155443648,0.03702349392083371
4858057,53314,18,57382,124,5,155457824,0.03702349392083371
4858530,20546,55313,43047,124,5,155472960,0.03702349392083371
4859056,16451,8208,59430,124,5,155489792,0.03702349392083371
4859749,16451,45072,61478,124,5,155511968,0.03702349392083371
4860559,4163,20498,38950,124,5,155537888,0.03702349392083371
4861283,47170,32787,2086,124,5,155561056,0.03702349392083371
4861873,41026,59411,16422,124,5,155579936,0.03702349392083371
4862523,6210,47122,45094,124,5,155600736,0.03702349392083371
4863025,45122,28689,12325,124,5,155616800,0.03702349392083371
4863574,59459,8209,49190,124,5,155634368,0.03702349392083371
4863996,26690,59410,8231,124,5,155647872,0.03702349392083371
4864880,55362,53267,38950,124,5,155676160,0.03702349392083371
4865263,22594,12307,2086,124,5,155688416,0.03702349392083371
4865552,45121,36883,16422,124,5,155697664,0.03702349392083371
4865857,57409,63506,20518,124,5,155707424,0.03702349392083371
4866244,22594,61457,40998,124,5,155719808,0.03702349392083371
4866570,2114,36881,24614,124,5,155730240,0.03702349392083371
4866935,41026,51217,6178,124,5,155741920,0.03702349392083371
4867375,51267,24593,20522,124,5,155756000,0.03702349392083371
4867732,16451,57362,16431,124,5,155767424,0.03702349392083371
4868027,14403,24594,16422,124,5,155776864,0.03702349392083371
4868455,32835,16402,32806,124,5,155790560,0.03702349392083371
4868797,47170,63506,26662,124,5,155801504,0.03702349392083371
4869051,26690,55314,34853,124,5,155809632,0.03702349392083371
4869408,28739,14354,8231,125,5,155821056,0.03071578754913612
4869772,20546,45073,4134,125,5,155832704,0.03071578754913612
4870108,67,4112,57382,125,5,155843456,0.03071578754913612
4870511,61507,10256,16422,125,5,155856352,0.03071578754913612
4870835,8259,4113,2086,125,5,155866720,0.03071578754913612
4871252,55363,24593,47136,125,5,155880064,0.03071578754913612
4871608,53314,49170,16424,125,5,155891456,0.03071578754913612
4871910,49220,4114,12328,125,5,155901120,0.03071578754913612
4872270,53315,6162,61479,125,5,155912640,0.03071578754913612
4872566,53314,22547,2087,125,5,155922112,0.03071578754913612
4872903,2114,2067,38,125,5,155932896,0.03071578754913612
4873201,66,26642,30758,125,5,155942432,0.03071578754913612
4873469,16450,30738,8231,125,5,155951008,0.03071578754913612
4873801,55361,55314,38950,125,5,155961632,0.03071578754913612
4874182,28738,57362,59430,125,5,155973824,0.03071578754913612
4874525,14402,17,6182,125,5,155984800,0.03071578754913612
4874907,12353,32785,8230,125,5,155997024,0.03071578754913612
4875268,26689,51217,28710,125,5,156008576,0.03071578754913612
4875615,51264,57361,49189,125,5,156019680,0.03071578754913612
4875994,6209,51216,45094,125,5,156031808,0.03071578754913612
4876337,28737,61456,59424,125,5,156042784,0.03071578754913612
4876601,41026,16401,43047,125,5,156051232,0.03071578754913612
4876924,30785,20497,36902,125,5,156061568,0.03071578754913612
4877218,53313,8209,16422,125,5,156070976,0.03071578754913612
4877513,2112,38929,8229,125,5,156080416,0.03071578754913612
4877816,49217,12304,28709,125,5,156090112,0.03071578754913612
4878138,4161,16400,36902,125,5,156100416,0.03071578754913612
4878421,12353,36880,24613,125,5,156109472,0.03071578754913612
4878851,57408,28689,24614,125,5,156123232,0.03071578754913612
4879167,28736,40977,49190,125,5,156133344,0.03071578754913612
4879493,30783,40977,36902,125,5,156143776,0.03071578754913612
4879796,6208,49170,20515,125,5,156153472,0.03071578754913612
4880137,32833,49170,32805,125,5,156164384,0.03071578754913612
4880434,4162,17,38951,125,5,156173888,0.03071578754913612
4880790,2114,2064,53285,125,5,156185280,0.03071578754913612
4881151,41025,53264,43047,125,5,156196832,0.03071578754913612
4881455,32834,16,47143,125,5,156206560,0.03071578754913612
4881761,45122,16,40998,125,5,156216352,0.03071578754913612
4882134,63554,6160,8231,125,5,156228288,0.03071578754913612
4882426,8257,34832,34853,125,5,156237632,0.03071578754913612
4882828,10306,6161,12326,125,5,156250496,0.03071578754913612
4883179,47169,53265,34855,125,5,156261728,0.03071578754913612
4883494,41025,61457,38949,125,5,156271808,0.03071578754913612
4883776,59457,22545,16422,125,5,156280832,0.03071578754913612
4884211,22594,26640,32806,125,5,156294752,0.03071578754913612
4884554,53314,57360,47144,125,5,156305728,0.03071578754913612
4884848,32835,2064,18464,125,5,156315136,0.03071578754913612
4885203,53314,20496,22567,125,5,156326496,0.03071578754913612
4885474,66,34832,59431,125,5,156335168,0.03071578754913612
4885871,36930,45073,2088,125,5,156347872,0.03071578754913612
4886154,4163,57362,20527,126,5,156356928,0.03162994789286041
4886524,38979,40978,36911,126,5,156368768,0.03162994789286041
4886919,47170,43025,38950,126,5,156381408,0.03162994789286041
4887250,36930,4113,32805,126,5,156392000,0.03162994789286041
4887554,36930,43025,38944,126,5,156401728,0.03162994789286041
4887900,51267,43025,53280,126,5,156412800,0.03162994789286041
4888299,14403,2064,59431,126,5,156425568,0.03162994789286041
4888626,30787,45071,63527,126,5,156436032,0.03162994789286041
4888965,53316,8208,4135,126,5,156446880,0.03162994789286041
4889290,36931,28688,59430,126,5,156457280,0.03162994789286041
4889700,47171,6161,12325,126,5,156470400,0.03162994789286041
4890008,4162,38928,36901,126,5,156480256,0.03162994789286041
4890268,43074,49169,49191,126,5,156488576,0.03162994789286041
4890620,49218,59410,20519,126,5,156499840,0.03162994789286041
4891003,24643,24594,39,126,5,156512096,0.03162994789286041
4891346,47171,2065,20519,126,5,156523072,0.03162994789286041
4891617,43074,59408,45094,126,5,156531744,0.03162994789286041
4892002,14402,43024,37,126,5,156544064,0.03162994789286041
4892392,26691,18448,8230,126,5,156556544,0.03162994789286041
4892785,28738,38928,49190,126,5,156569120,0.03162994789286041
4893089,20547,16,45094,126,5,156578848,0.03162994789286041
4893375,66,63504,32807,126,5,156588000,0.03162994789286041
4893721,32835,49169,8224,126,5,156599072,0.03162994789286041
4894117,22594,45073,57382,126,5,156611744,0.03162994789286041
4894460,45123,8209,12325,126,5,156622720,0.03162994789286041
4894738,47170,49169,10279,126,5,156631616,0.03162994789286041
4895134,12355,8208,51238,126,5,156644288,0.03162994789286041
4895503,41027,26640,49190,126,5,156656096,0.03162994789286041
4895909,28739,15,63525,126,5,156669088,0.03162994789286041
4896270,16450,49167,63526,126,5,156680640,0.03162994789286041
4896628,6210,57359,40997,126,5,156692096,0.03162994789286041
4896962,63555,32783,63526,126,5,156702784,0.03162994789286041
4897310,18499,55312,28705,126,5,156713920,0.03162994789286041
4897614,61506,36880,53286,126,5,156723648,0.03162994789286041
4897928,66,49168,59431,126,5,156733696,0.03162994789286041
4898235,43074,22544,57382,126,5,156743520,0.03162994789286041
4898609,63554,2065,32806,126,5,156755488,0.03162994789286041
4898931,53313,43025,30757,126,5,156765792,0.03162994789286041
4899302,10304,47120,43045,126,5,156777664,0.03162994789286041
4899631,32833,18448,22566,126,5,156788192,0.03162994789286041
4900035,18497,51215,63527,126,5,156801120,0.03162994789286041
4900410,57408,51216,37,126,5,156813120,0.03162994789286041
4900755,61504,32784,4133,126,5,156824160,0.03162994789286041
4901148,16447,47120,18470,126,5,156836736,0.03162994789286041
4901425,16447,22544,10278,126,5,156845600,0.03162994789286041
4901739,6208,55312,2080,126,5,156855648,0.03162994789286041
4902171,43072,12304,20519,126,5,156869472,0.03162994789286041
4902592,22591,28688,49190,126,5,156882944,0.03162994789286041
4902904,59456,40977,4136,126,5,156892928,0.03162994789286041
4903215,2111,49169,12327,126,5,156902880,0.03162994789286041
4903492,4159,49169,32809,127,5,156911744,0.03071578754913612
4903767,28735,28688,45094,127,5,156920544,0.03071578754913612
4904050,45119,49169,16423,127,5,156929600,0.03071578754913612
4904476,62,49168,47142,127,5,156943232,0.03071578754913612
4904860,34878,49168,45095,127,5,156955520,0.03071578754913612
4905199,57408,38928,55335,127,5,156966368,0.03071578754913612
4905593,2112,30737,28712,127,5,156978976,0.03071578754913612
4905934,16448,36882,6185,127,5,156989888,0.03071578754913612
4906244,55359,47122,16423,127,5,156999808,0.03071578754913612
4906557,12351,26641,61478,127,5,157009824,0.03071578754913612
4907017,12352,8209,30758,127,5,157024544,0.03071578754913612
4907380,41024,45073,22575,127,5,157036160,0.03071578754913612
4907694,34879,43025,24615,127,5,157046208,0.03071578754913612
4908030,26688,10256,49190,127,5,157056960,0.03071578754913612
4908398,16447,28688,20518,127,5,157068736,0.03071578754913612
4908767,59455,14352,26663,127,5,157080544,0.03071578754913612
4909128,51263,47120,63526,127,5,157092096,0.03071578754913612
4909443,36928,24592,61479,127,5,157102176,0.03071578754913612
4909757,57408,22544,51233,127,5,157112224,0.03071578754913612
4910059,16448,36881,4135,127,5,157121888,0.03071578754913612
4910498,24640,17,36896,127,5,157135936,0.03071578754913612
4910772,45120,43024,55335,127,5,157144704,0.03071578754913612
4911170,4160,55312,40998,127,5,157157440,0.03071578754913612
4911505,38976,49169,4143,127,5,157168160,0.03071578754913612
4911880,65,4112,24615,127,5,157180160,0.03071578754913612
4912231,57409,26641,12334,127,5,157191392,0.03071578754913612
4912555,26690,10256,24616,127,5,157201760,0.03071578754913612
4912896,49219,22544,59431,127,5,157212672,0.03071578754913612
4913215,18498,24592,45094,127,5,157222880,0.03071578754913612
4913497,24642,4112,40999,127,5,157231904,0.03071578754913612
4913831,12355,36881,20519,127,5,157242592,0.03071578754913612
4914148,47171,49168,43040,127,5,157252736,0.03071578754913612
4914462,47171,2064,53287,127,5,157262784,0.03071578754913612
4914829,63555,32785,28711,127,5,157274528,0.03071578754913612
4915175,51267,53264,51239,127,5,157285600,0.03071578754913612
4915484,57411,61456,24615,127,5,157295488,0.03071578754913612
4915808,55364,40976,6181,127,5,157305856,0.03071578754913612
4916200,41027,53263,32806,127,5,157318400,0.03071578754913612
4916572,59460,36880,12327,127,5,157330304,0.03071578754913612
4916887,47173,10257,4128,127,5,157340384,0.03071578754913612
4917266,51268,14354,4135,127,5,157352512,0.03071578754913612
4917588,12356,53266,12327,127,5,157362816,0.03071578754913612
4917906,51268,63507,4128,127,5,157372992,0.03071578754913612
4918248,55363,38930,20518,127,5,157383936,0.03071578754913612
4918635,49219,51217,28710,127,5,157396320,0.03071578754913612
4918995,41027,40976,59430,127,5,157407840,0.03071578754913612
4919300,45123,49168,28709,127,5,157417600,0.03071578754913612
4919603,8259,26639,55333,127,5,157427296,0.03071578754913612
4919908,41027,61455,22565,127,5,157437056,0.03071578754913612
4920268,30787,43023,51238,127,5,157448576,0.03071578754913612
4920610,8260,24591,63525,128,5,157459520,0.030990035652253407
4920879,45124,16,28710,128,5,157468128,0.030990035652253407
4921303,28739,36881,24614,128,5,157481696,0.030990035652253407
4921585,36931,24593,40996,128,5,157490720,0.030990035652253407
4921957,47170,61456,2084,128,5,157502624,0.030990035652253407
4922357,38978,28686,38949,128,5,157515424,0.030990035652253407
4922666,12355,20494,20518,128,5,157525312,0.030990035652253407
4923082,41028,20495,2085,128,5,157538624,0.030990035652253407
4923382,63555,10255,51237,128,5,157548224,0.030990035652253407
4923837,45122,34832,10278,128,5,157562784,0.030990035652253407
4924214,67,38928,38950,128,5,157574848,0.030990035652253407
4924553,10306,32785,38949,128,5,157585696,0.030990035652253407
4924907,10304,55313,36902,128,5,157597024,0.030990035652253407
4925269,61503,55313,2085,128,5,157608608,0.030990035652253407
4925649,36927,49168,36901,128,5,157620768,0.030990035652253407
4926010,63551,8209,37,128,5,157632320,0.030990035652253407
4926350,59455,36880,20518,128,5,157643200,0.030990035652253407
4926849,18496,38928,61479,128,5,157659168,0.030990035652253407
4927156,14399,55313,22567,128,5,157668992,0.030990035652253407
4927492,61503,18449,57383,128,5,157679744,0.030990035652253407
4927906,24637,55314,6183,128,5,157692992,0.030990035652253407
4928256,18491,57362,20527,128,5,157704192,0.030990035652253407
4928571,59452,8209,41007,128,5,157714272,0.030990035652253407
4928891,14395,61457,16422,128,5,157724512,0.030990035652253407
4929215,30780,51216,38951,128,5,157734880,0.030990035652253407
4929521,59451,53264,24614,128,5,157744672,0.030990035652253407
4929875,36923,40976,24615,128,5,157756000,0.030990035652253407
4930203,53307,51216,61478,128,5,157766496,0.030990035652253407
4930529,59451,17,24616,128,5,157776928,0.030990035652253407
4930942,53304,43026,59432,128,5,157790144,0.030990035652253407
4931255,18490,10258,51241,128,5,157800160,0.030990035652253407
4931587,2106,32786,51241,128,5,157810784,0.030990035652253407
4931867,30777,32786,57385,128,5,157819744,0.030990035652253407
4932291,18489,32787,6185,128,5,157833312,0.030990035652253407
4932631,4154,26642,34857,128,5,157844192,0.030990035652253407
4932959,16443,30737,55338,128,5,157854688,0.030990035652253407
4933323,32826,43026,26665,128,5,157866336,0.030990035652253407
4933661,51257,55313,63528,128,5,157877152,0.030990035652253407
4933964,36922,28689,55336,128,5,157886848,0.030990035652253407
4934277,57403,8209,16425,128,5,157896864,0.030990035652253407
4934637,18492,4113,12330,128,5,157908384,0.030990035652253407
4934954,2108,16401,4138,128,5,157918528,0.030990035652253407
4935273,57405,4113,6187,128,5,157928736,0.030990035652253407
4935579,18494,18,41,128,5,157938528,0.030990035652253407
4935973,24639,12306,30761,128,5,157951136,0.030990035652253407
4936333,51262,32786,10280,128,5,157962656,0.030990035652253407
4936694,43071,4113,38952,128,5,157974208,0.030990035652253407
4937046,49216,28689,61480,128,5,157985472,0.030990035652253407
4937383,4160,53265,24616,128,5,157996256,0.030990035652253407
4937682,20544,40976,45088,128,5,158005824,0.030990035652253407
4937971,4160,12304,45095,129,5,158015072,0.0297102111710394
4938283,45121,8207,63527,129,5,158025056,0.0297102111710394
4938627,57410,20496,45095,129,5,158036064,0.0297102111710394
4938923,53313,57360,41001,129,5,158045536,0.0297102111710394
4939268,22593,6160,14374,129,5,158056576,0.0297102111710394
4939616,26689,45072,10279,129,5,158067712,0.0297102111710394
4939929,28737,26640,18471,129,5,158077728,0.0297102111710394
4940254,47169,61456,20520,129,5,158088128,0.0297102111710394
4940586,22594,24592,24608,129,5,158098752,0.0297102111710394
4940979,16450,59409,18472,129,5,158111328,0.0297102111710394
4941327,14402,49168,26664,129,5,158122464,0.0297102111710394
4941821,16451,2064,14383,129,5,158138272,0.0297102111710394
4942112,63555,2064,40999,129,5,158147584,0.0297102111710394
4942400,55363,16400,4143,129,5,158156800,0.0297102111710394
4942715,2114,28687,63527,129,5,158166880,0.0297102111710394
4943224,49219,4111,63526,129,5,158183168,0.0297102111710394
4943551,16451,43024,12328,129,5,158193632,0.0297102111710394
4943957,22596,16,59424,129,5,158206624,0.0297102111710394
4944251,10307,57360,4134,129,5,158216032,0.0297102111710394
4944548,30788,16399,61479,129,5,158225536,0.0297102111710394
4944840,22596,32783,53286,129,5,158234880,0.0297102111710394
4945156,10308,40975,63526,129,5,158244992,0.0297102111710394
4945512,41028,10255,61472,129,5,158256384,0.0297102111710394
4945813,18499,43022,45094,129,5,158266016,0.0297102111710394
4946160,41027,53263,6181,129,5,158277120,0.0297102111710394
4946527,59459,51214,43045,129,5,158288864,0.0297102111710394
4946900,18500,22542,57380,129,5,158300800,0.0297102111710394
4947171,28739,47118,45093,129,5,158309472,0.0297102111710394
4947479,43075,40974,53285,129,5,158319328,0.0297102111710394
4947784,4163,36878,38948,129,5,158329088,0.0297102111710394
4948137,53315,10254,16420,129,5,158340384,0.0297102111710394
4948490,36930,40974,61476,129,5,158351680,0.0297102111710394
4948809,16450,22543,6176,129,5,158361888,0.0297102111710394
4949114,24641,61455,32805,129,5,158371648,0.0297102111710394
4949416,57409,57359,63524,129,5,158381312,0.0297102111710394
4949843,6208,61455,55332,129,5,158394976,0.0297102111710394
4950235,65,36879,63525,129,5,158407520,0.0297102111710394
4950606,57410,53264,16422,129,5,158419392,0.0297102111710394
4950904,18498,16399,63526,129,5,158428928,0.0297102111710394
4951295,10305,57360,8230,129,5,158441440,0.0297102111710394
4951616,10306,30736,24614,129,5,158451712,0.0297102111710394
4951964,18498,45071,63535,129,5,158462848,0.0297102111710394
4952279,24641,55311,28711,129,5,158472928,0.0297102111710394
4952708,26689,45070,61477,129,5,158486656,0.0297102111710394
4953055,28736,32783,37,129,5,158497760,0.0297102111710394
4953353,51264,28687,20516,129,5,158507296,0.0297102111710394
4953676,18496,4111,28709,129,5,158517632,0.0297102111710394
4954047,55359,32783,63525,129,5,158529504,0.0297102111710394
4954352,14398,20495,63526,129,5,158539264,0.0297102111710394
4954661,14398,8207,18470,129,5,158549152,0.0297102111710394
4954984,34879,28687,24608,130,5,158559488,0.030990035652253407
4955287,28736,55312,24616,130,5,158569184,0.030990035652253407
4955586,43072,55313,34863,130,5,158578752,0.030990035652253407
4955924,41024,2065,10272,130,5,158589568,0.030990035652253407
4956232,12352,8209,32807,130,5,158599424,0.030990035652253407
4956707,49217,8209,59432,130,5,158614624,0.030990035652253407
4957087,16449,4113,51239,130,5,158626784,0.030990035652253407
4957400,18497,17,45088,130,5,158636800,0.030990035652253407
4957726,49218,17,38951,130,5,158647232,0.030990035652253407
4958071,51264,43024,61480,130,5,158658272,0.030990035652253407
4958414,26687,45072,16422,130,5,158669248,0.030990035652253407
4958755,43072,8208,28711,130,5,158680160,0.030990035652253407
4959067,16447,36879,26662,130,5,158690144,0.030990035652253407
4959383,57407,45072,24615,130,5,158700256,0.030990035652253407
4959761,8256,47121,4138,130,5,158712352,0.030990035652253407
4960142,34881,6162,20520,130,5,158724544,0.030990035652253407
4960482,4160,24594,14368,130,5,158735424,0.030990035652253407
4960793,12351,53265,34855,130,5,158745376,0.030990035652253407
4961182,59456,18449,26662,130,5,158757824,0.030990035652253407
4961495,10303,4112,53287,130,5,158767840,0.030990035652253407
4961851,57407,34833,59431,130,5,158779232,0.030990035652253407
4962253,2110,51217,8230,130,5,158792096,0.030990035652253407
4962530,16446,12304,38949,130,5,158800960,0.030990035652253407
4962815,38974,18448,40999,130,5,158810080,0.030990035652253407
4963143,62,34831,63526,130,5,158820576,0.030990035652253407
4963483,20542,53264,28704,130,5,158831456,0.030990035652253407
4963806,63551,4112,51233,130,5,158841792,0.030990035652253407
4964160,49214,32784,43046,130,5,158853120,0.030990035652253407
4964493,38973,51216,28709,130,5,158863776,0.030990035652253407
4964794,12349,24592,43047,130,5,158873408,0.030990035652253407
4965101,61502,40975,63525,130,5,158883232,0.030990035652253407
4965498,22591,20496,4128,130,5,158895936,0.030990035652253407
4965865,24639,38928,36904,130,5,158907680,0.030990035652253407
4966184,61503,4113,22567,130,5,158917888,0.030990035652253407
4966580,43071,8209,45088,130,5,158930560,0.030990035652253407
4966921,30783,26642,32808,130,5,158941472,0.030990035652253407
4967296,10304,12306,36904,130,5,158953472,0.030990035652253407
4967628,2112,26640,55336,130,5,158964096,0.030990035652253407
4967967,45120,45073,45097,130,5,158974944,0.030990035652253407
4968382,8256,51217,32800,130,5,158988224,0.030990035652253407
4968655,34881,16401,10287,130,5,158996960,0.030990035652253407
4968996,30784,40977,10287,130,5,159007872,0.030990035652253407
4969447,30785,32783,63527,130,5,159022304,0.030990035652253407
4969773,34881,22543,63527,130,5,159032736,0.030990035652253407
4970100,55361,26640,39,130,5,159043200,0.030990035652253407
4970406,57409,51216,55328,130,5,159052992,0.030990035652253407
4970761,16450,16401,59424,130,5,159064352,0.030990035652253407
4971128,63554,20497,53280,130,5,159076096,0.030990035652253407
4971465,61505,32785,61472,130,5,159086880,0.030990035652253407
4971823,53314,22544,53287,130,5,159098336,0.030990035652253407
4972142,57410,24592,59431,131,5,159108544,0.03418959685528842
4972496,53313,55312,8224,131,5,159119872,0.03418959685528842
4972890,49218,40975,20518,131,5,159132480,0.03418959685528842
4973271,14403,15,34854,131,5,159144672,0.03418959685528842
4973750,2114,55312,12326,131,5,159160000,0.03418959685528842
4974124,45123,4111,49189,131,5,159171968,0.03418959685528842
4974542,34882,12302,28709,131,5,159185344,0.03418959685528842
4975196,6210,40974,51238,131,5,159206272,0.03418959685528842
4975660,55363,4111,36902,131,5,159221120,0.03418959685528842
4975980,45123,20495,59430,131,5,159231360,0.03418959685528842
4976421,4162,20495,63526,131,5,159245472,0.03418959685528842
4976714,32834,49168,30757,131,5,159254848,0.03418959685528842
4977089,26689,51216,37,131,5,159266848,0.03418959685528842
4977478,36929,55311,26661,131,5,159279296,0.03418959685528842
4977839,22594,24591,57382,131,5,159290848,0.03418959685528842
4978173,57410,55312,6182,131,5,159301536,0.03418959685528842
4978509,30786,8208,6182,131,5,159312288,0.03418959685528842
4979038,66,40976,16423,131,5,159329216,0.03418959685528842
4979321,12354,36880,30757,131,5,159338272,0.03418959685528842
4979654,55361,61456,2086,131,5,159348928,0.03418959685528842
4980012,26689,32784,16422,131,5,159360384,0.03418959685528842
4980391,63554,4112,32806,131,5,159372512,0.03418959685528842
4980754,47170,22545,2086,131,5,159384128,0.03418959685528842
4981101,24641,55314,49190,131,5,159395232,0.03418959685528842
4981557,34881,49169,2086,131,5,159409824,0.03418959685528842
4981873,59457,26641,18469,131,5,159419936,0.03418959685528842
4982286,20545,16400,49191,131,5,159433152,0.03418959685528842
4982627,36929,55312,61478,131,5,159444064,0.03418959685528842
4982982,24641,61457,59439,131,5,159455424,0.03418959685528842
4983300,59457,36882,26662,131,5,159465600,0.03418959685528842
4983608,41026,4113,20512,131,5,159475456,0.03418959685528842
4983960,20546,24593,45094,131,5,159486720,0.03418959685528842
4984307,10307,4113,28704,131,5,159497824,0.03418959685528842
4984594,43075,18449,4128,131,5,159507008,0.03418959685528842
4985001,53314,38929,51239,131,5,159520032,0.03418959685528842
4985412,43074,59409,28711,131,5,159533184,0.03418959685528842
4985793,51267,8209,6185,131,5,159545376,0.03418959685528842
4986148,16450,24593,26663,131,5,159556736,0.03418959685528842
4986477,43074,8208,32807,131,5,159567264,0.03418959685528842
4986827,61507,10257,24614,131,5,159578464,0.03418959685528842
4987182,12354,51217,45096,131,5,159589824,0.03418959685528842
4987535,12354,18449,43046,131,5,159601120,0.03418959685528842
4987932,26690,49169,38949,131,5,159613824,0.03418959685528842
4988543,8258,43025,51239,131,5,159633376,0.03418959685528842
4989150,2115,17,45088,131,5,159652800,0.03418959685528842
4989612,55362,22545,24614,131,5,159667584,0.03418959685528842
4990197,49219,16401,6176,131,5,159686304,0.03418959685528842
4990798,61507,38928,53286,131,5,159705536,0.03418959685528842
4991255,16451,45072,53287,131,5,159720160,0.03418959685528842
4991674,26691,55313,39,131,5,159733568,0.03418959685528842
4991992,34883,26641,30752,132,5,159743744,0.02824755462108054
4992500,51267,17,26663,132,5,159760000,0.02824755462108054
4993009,4163,18448,32805,132,5,159776288,0.02824755462108054
4993670,55364,6160,26662,132,5,159797440,0.02824755462108054
4994069,53315,49168,22567,132,5,159810208,0.02824755462108054
4994424,10308,20496,45095,132,5,159821568,0.02824755462108054
4995090,14403,43024,32805,132,5,159842880,0.02824755462108054
4995431,61506,51217,16423,132,5,159853792,0.02824755462108054
4996026,53315,8208,32805,132,5,159872832,0.02824755462108054
4996329,30787,4112,24613,132,5,159882528,0.02824755462108054
4996685,20547,24593,4133,132,5,159893920,0.02824755462108054
4997215,20547,36881,40998,132,5,159910880,0.02824755462108054
4997530,36931,28690,16423,132,5,159920960,0.02824755462108054
4997814,43075,2066,18471,132,5,159930048,0.02824755462108054
4998056,14403,8210,59431,132,5,159937792,0.02824755462108054
4998328,8259,30738,43040,132,5,159946496,0.02824755462108054
4998631,47171,12306,24615,132,5,159956192,0.02824755462108054
4998873,41026,63505,51239,132,5,159963936,0.02824755462108054
4999116,22594,53265,63527,132,5,159971712,0.02824755462108054
4999359,8258,28689,49191,132,5,159979488,0.02824755462108054
4999606,38978,36882,18471,132,5,159987392,0.02824755462108054
4999906,55363,6162,22567,132,5,159996992,0.02824755462108054
5000169,18498,51218,32806,132,5,160005408,0.02824755462108054
5000438,4162,32786,36902,132,5,160014016,0.02824755462108054
5000738,45122,28690,8230,132,5,160023616,0.02824755462108054
5001009,10306,34834,16422,132,5,160032288,0.02824755462108054
5001270,12354,26642,4133,132,5,160040640,0.02824755462108054
5001591,16450,24594,2086,132,5,160050912,0.02824755462108054
5001870,14402,59410,38,132,5,160059840,0.02824755462108054
5002164,47170,34834,18470,132,5,160069248,0.02824755462108054
5002430,28738,32786,2085,132,5,160077760,0.02824755462108054
5002676,32834,61458,14373,132,5,160085632,0.02824755462108054
5002952,59458,17,38950,132,5,160094464,0.02824755462108054
5003261,65,61457,22565,132,5,160104352,0.02824755462108054
5003594,28737,36880,61478,132,5,160115008,0.02824755462108054
5003847,12354,6160,40998,132,5,160123104,0.02824755462108054
5004146,16449,49169,36,132,5,160132672,0.02824755462108054
5004462,53313,45073,4134,132,5,160142784,0.02824755462108054
5004807,61505,43025,12326,132,5,160153824,0.02824755462108054
5005142,49218,10257,51232,132,5,160164544,0.02824755462108054
5005481,12354,18,2086,132,5,160175392,0.02824755462108054
5005840,47169,36882,38950,132,5,160186880,0.02824755462108054
5006135,49217,49170,36901,132,5,160196320,0.02824755462108054
5006447,2114,2066,59430,132,5,160206304,0.02824755462108054
5006807,20545,28690,43047,132,5,160217824,0.02824755462108054
5007080,51265,53266,2086,132,5,160226560,0.02824755462108054
5007443,24641,49169,53286,132,5,160238176,0.02824755462108054
5007783,51265,53266,22565,132,5,160249056,0.02824755462108054
5008285,53314,22546,2086,132,5,160265120,0.02824755462108054
5008687,14402,17,43045,132,5,160277984,0.02824755462108054
5009031,66,8209,36903,133,5,160288992,0.03629216564585428
5009328,61506,12305,55328,133,5,160298496,0.03629216564585428
5009627,2114,10257,53280,133,5,160308064,0.03629216564585428
5009984,18497,51218,6183,133,5,160319488,0.03629216564585428
5010285,12354,10258,37,133,5,160329120,0.03629216564585428
5010580,2114,18,10278,133,5,160338560,0.03629216564585428
5010894,43074,24593,49191,133,5,160348608,0.03629216564585428
5011164,20545,36881,26662,133,5,160357248,0.03629216564585428
5011561,57409,61457,14374,133,5,160369952,0.03629216564585428
5012210,55361,38929,22566,133,5,160390720,0.03629216564585428
5012730,51266,16401,38950,133,5,160407360,0.03629216564585428
5013273,59458,2066,2086,133,5,160424736,0.03629216564585428
5013826,36929,61457,2086,133,5,160442432,0.03629216564585428
5014407,36930,16,24612,133,5,160461024,0.03629216564585428
5014900,47169,16400,61478,133,5,160476800,0.03629216564585428
5015471,51265,38928,24613,133,5,160495072,0.03629216564585428
5016107,8256,59408,49188,133,5,160515424,0.03629216564585428
5016463,65,14352,36902,133,5,160526816,0.03629216564585428
5016878,20545,34832,45091,133,5,160540096,0.03629216564585428
5017320,47169,28688,55329,133,5,160554240,0.03629216564585428
5018162,28737,10257,10277,133,5,160581184,0.03629216564585428
5018851,61504,10256,32805,133,5,160603232,0.03629216564585428
5019472,28736,49167,63525,133,5,160623104,0.03629216564585428
5020133,51264,28687,63525,133,5,160644256,0.03629216564585428
5020869,16448,32784,22565,133,5,160667808,0.03629216564585428
5021571,12352,32784,28710,133,5,160690272,0.03629216564585428
5022307,24639,10256,26662,133,5,160713824,0.03629216564585428
5022693,8255,34832,57381,133,5,160726176,0.03629216564585428
5023131,8254,40976,4134,133,5,160740192,0.03629216564585428
5023595,41021,55313,32807,133,5,160755040,0.03629216564585428
5023976,57406,4113,12326,133,5,160767232,0.03629216564585428
5024281,4157,55313,18471,133,5,160776992,0.03629216564585428
5024585,57406,16400,51238,133,5,160786720,0.03629216564585428
5024893,53310,16401,8230,133,5,160796576,0.03629216564585428
5025432,6206,10256,38951,133,5,160813824,0.03629216564585428
5025786,36926,8208,32806,133,5,160825152,0.03629216564585428
5026097,34877,59408,40998,133,5,160835104,0.03629216564585428
5026387,38973,43025,16422,133,5,160844384,0.03629216564585428
5026735,38973,16400,43045,133,5,160855520,0.03629216564585428
5027042,38972,61457,12326,133,5,160865344,0.03629216564585428
5027512,63548,47121,8230,133,5,160880384,0.03629216564585428
5027957,53308,40977,2087,133,5,160894624,0.03629216564585428
5028420,36924,16401,34854,133,5,160909440,0.03629216564585428
5028780,10300,22545,40998,133,5,160920960,0.03629216564585428
5029126,57404,6161,40999,133,5,160932032,0.03629216564585428
5029448,22587,59409,18479,133,5,160942336,0.03629216564585428
5030172,18491,16401,10279,133,5,160965504,0.03629216564585428
5030503,8251,28689,16431,133,5,160976096,0.03629216564585428
5030813,22586,26641,10281,133,5,160986016,0.03629216564585428
5031153,61500,17,51232,133,5,160996896,0.03629216564585428
5031442,20539,40977,53289,134,5,161006144,0.030441539446018833
5031762,59451,20498,10280,134,5,161016384,0.030441539446018833
5032104,8250,40977,55336,134,5,161027328,0.030441539446018833
5032463,24635,16401,47151,134,5,161038816,0.030441539446018833
5032774,59451,8209,61480,134,5,161048768,0.030441539446018833
5033190,59451,8210,40992,134,5,161062080,0.030441539446018833
5033535,14394,57362,26665,134,5,161073120,0.030441539446018833
5033878,16442,49170,12329,134,5,161084096,0.030441539446018833
5034226,22586,32786,12328,134,5,161095232,0.030441539446018833
5034559,30778,26642,40,134,5,161105888,0.030441539446018833
5034936,57,53265,22568,134,5,161117952,0.030441539446018833
5035229,4153,34834,4136,134,5,161127328,0.030441539446018833
5035566,32826,16402,61481,134,5,161138112,0.030441539446018833
5035852,47161,49170,18473,134,5,161147264,0.030441539446018833
5036173,45114,6161,36904,134,5,161157536,0.030441539446018833
5036459,18490,10258,40,134,5,161166688,0.030441539446018833
5036756,4154,28689,38953,134,5,161176192,0.030441539446018833
5037056,22586,40977,24616,134,5,161185792,0.030441539446018833
5037393,63546,45073,43055,134,5,161196576,0.030441539446018833
5037712,61498,55313,2088,134,5,161206784,0.030441539446018833
5038051,45115,12305,61480,134,5,161217632,0.030441539446018833
5038459,28730,49170,16426,134,5,161230688,0.030441539446018833
5038758,2106,10258,12328,134,5,161240256,0.030441539446018833
5039144,12346,28689,61478,134,5,161252608,0.030441539446018833
5039476,14394,10258,4143,134,5,161263232,0.030441539446018833
5039835,55355,4113,38952,134,5,161274720,0.030441539446018833
5040157,30779,6161,28713,134,5,161285024,0.030441539446018833
5040483,22587,16401,26664,134,5,161295456,0.030441539446018833
5040765,41019,51217,18473,134,5,161304480,0.030441539446018833
5041064,51259,34833,57385,134,5,161314048,0.030441539446018833
5041374,2108,6161,30761,134,5,161323968,0.030441539446018833
5041774,20539,34833,8232,134,5,161336768,0.030441539446018833
5042116,10299,26640,41001,134,5,161347712,0.030441539446018833
5042438,63546,26641,10281,134,5,161358016,0.030441539446018833
5042737,8252,12305,10280,134,5,161367584,0.030441539446018833
5043135,22588,22545,43048,134,5,161380320,0.030441539446018833
5043452,30780,43025,57384,134,5,161390464,0.030441539446018833
5043807,38972,22545,6185,134,5,161401824,0.030441539446018833
5044145,47164,34833,32808,134,5,161412640,0.030441539446018833
5044461,36924,34833,30760,134,5,161422752,0.030441539446018833
5044850,59452,20496,22570,134,5,161435200,0.030441539446018833
5045160,12348,55313,45098,134,5,161445120,0.030441539446018833
5045471,38972,51218,59434,134,5,161455072,0.030441539446018833
5045917,18492,45073,34860,134,5,161469344,0.030441539446018833
5046212,45116,34833,51245,134,5,161478784,0.030441539446018833
5046661,16444,59409,32810,134,5,161493152,0.030441539446018833
5047096,24636,47121,8234,134,5,161507072,0.030441539446018833
5047470,18493,26641,8233,134,5,161519040,0.030441539446018833
5047864,53309,18449,28713,134,5,161531648,0.030441539446018833
5048152,61501,32785,34857,134,5,161540864,0.030441539446018833
5048441,41021,34833,61481,135,5,161550112,0.03556083737087485
5048911,14397,57361,43050,135,5,161565152,0.03556083737087485
5049337,57405,32785,43049,135,5,161578784,0.03556083737087485
5049697,34877,61457,26666,135,5,161590304,0.03556083737087485
5050024,41021,55313,12329,135,5,161600768,0.03556083737087485
5050496,53310,16401,16425,135,5,161615872,0.03556083737087485
5050905,41022,8210,22569,135,5,161628960,0.03556083737087485
5051212,22590,49169,47144,135,5,161638784,0.03556083737087485
5051664,22590,8209,63528,135,5,161653248,0.03556083737087485
5052257,57406,43025,4137,135,5,161672224,0.03556083737087485
5052617,30782,61456,51241,135,5,161683744,0.03556083737087485
5053102,49215,8208,45098,135,5,161699264,0.03556083737087485
5053413,59455,22545,2089,135,5,161709216,0.03556083737087485
5053889,4159,16400,57384,135,5,161724448,0.03556083737087485
5054294,63551,26640,26664,135,5,161737408,0.03556083737087485
5054577,2112,16,51241,135,5,161746464,0.03556083737087485
5054917,43072,17,4136,135,5,161757344,0.03556083737087485
5055268,16447,36880,57385,135,5,161768576,0.03556083737087485
5055646,38975,12304,43048,135,5,161780672,0.03556083737087485
5055955,24639,49168,53289,135,5,161790560,0.03556083737087485
5056389,59455,51216,55337,135,5,161804448,0.03556083737087485
5056849,4159,53264,45096,135,5,161819168,0.03556083737087485
5057360,2112,2065,10280,135,5,161835520,0.03556083737087485
5057787,53312,30736,57391,135,5,161849184,0.03556083737087485
5058134,36928,16401,2088,135,5,161860288,0.03556083737087485
5058578,24640,18448,61480,135,5,161874496,0.03556083737087485
5058871,47168,2065,14376,135,5,161883872,0.03556083737087485
5059382,32832,6160,4137,135,5,161900224,0.03556083737087485
5059722,57408,24592,26664,135,5,161911104,0.03556083737087485
5060230,47168,6161,18473,135,5,161927360,0.03556083737087485
5060559,57408,8208,38953,135,5,161937888,0.03556083737087485
5060865,10304,49168,49199,135,5,161947680,0.03556083737087485
5061381,49216,10257,40,135,5,161964192,0.03556083737087485
5061753,34880,6160,36905,135,5,161976096,0.03556083737087485
5062293,51264,22544,36904,135,5,161993376,0.03556083737087485
5062720,57407,57361,47,135,5,162007040,0.03556083737087485
5063234,6208,12304,41000,135,5,162023488,0.03556083737087485
5063547,2112,16,55337,135,5,162033504,0.03556083737087485
5063855,4160,24593,40,135,5,162043360,0.03556083737087485
5064401,45120,34832,53281,135,5,162060832,0.03556083737087485
5064770,59454,47120,53287,135,5,162072640,0.03556083737087485
5065225,34879,36880,26664,135,5,162087200,0.03556083737087485
5065551,51263,51216,34863,135,5,162097632,0.03556083737087485
5065972,26688,6160,32809,135,5,162111104,0.03556083737087485
5066295,12352,6160,43055,135,5,162121440,0.03556083737087485
5066656,2112,16400,32807,135,5,162132992,0.03556083737087485
5067045,10303,34833,40,135,5,162145440,0.03556083737087485
5067379,38976,16401,6184,135,5,162156128,0.03556083737087485
5067746,32832,38928,45103,135,5,162167872,0.03556083737087485
5068166,55360,12304,53288,135,5,162181312,0.03556083737087485
5068584,51264,16400,38959,136,5,162194688,0.03610933357710942
5069012,28736,6160,55328,136,5,162208384,0.03610933357710942
5069481,14400,10256,38952,136,5,162223392,0.03610933357710942
5069747,20544,26640,55343,136,5,162231904,0.03610933357710942
5070219,32831,59408,40992,136,5,162247008,0.03610933357710942
5070534,4159,53264,36904,136,5,162257088,0.03610933357710942
5071013,49216,22544,34848,136,5,162272416,0.03610933357710942
5071319,53312,16,28704,136,5,162282208,0.03610933357710942
5071750,51263,34833,2087,136,5,162296000,0.03610933357710942
5072098,63551,36880,8232,136,5,162307136,0.03610933357710942
5072523,26688,16,49199,136,5,162320736,0.03610933357710942
5072942,8256,22545,6191,136,5,162334144,0.03610933357710942
5073265,16447,57360,34855,136,5,162344480,0.03610933357710942
5073631,2111,49168,34848,136,5,162356192,0.03610933357710942
5073972,20543,55312,18478,136,5,162367104,0.03610933357710942
5074513,12351,43025,47,136,5,162384416,0.03610933357710942
5074805,36928,17,47,136,5,162393760,0.03610933357710942
5075316,61504,6160,22568,136,5,162410112,0.03610933357710942
5075645,8255,51216,57383,136,5,162420640,0.03610933357710942
5076017,24639,43024,8231,136,5,162432544,0.03610933357710942
5076519,41024,16,59432,136,5,162448608,0.03610933357710942
5076818,28736,12305,32,136,5,162458176,0.03610933357710942
5077239,57407,59408,43040,136,5,162471648,0.03610933357710942
5077767,6208,12304,40992,136,5,162488544,0.03610933357710942
5078097,10304,12304,24608,136,5,162499104,0.03610933357710942
5078648,64,12305,59424,136,5,162516736,0.03610933357710942
5078901,20544,38928,55343,136,5,162524832,0.03610933357710942
5079449,51264,16400,59439,136,5,162542368,0.03610933357710942
5079801,55360,45073,4136,136,5,162553632,0.03610933357710942
5080227,57408,20497,10287,136,5,162567264,0.03610933357710942
5080550,8256,20497,4136,136,5,162577600,0.03610933357710942
5080984,14400,40977,2088,136,5,162591488,0.03610933357710942
5081306,57408,24593,6185,136,5,162601792,0.03610933357710942
5081701,47168,10256,51240,136,5,162614432,0.03610933357710942
5082136,47168,16401,2088,136,5,162628352,0.03610933357710942
5082463,55360,34832,59433,136,5,162638816,0.03610933357710942
5082817,24640,18448,20520,136,5,162650144,0.03610933357710942
5083358,10303,57361,22571,136,5,162667456,0.03610933357710942
5083718,30784,17,22568,136,5,162678976,0.03610933357710942
5084102,12352,26641,18465,136,5,162691264,0.03610933357710942
5084617,14400,26641,38952,136,5,162707744,0.03610933357710942
5084897,36928,28688,47151,136,5,162716704,0.03610933357710942
5085382,6208,20496,43047,136,5,162732224,0.03610933357710942
5085878,34880,20497,6184,136,5,162748096,0.03610933357710942
5086201,6208,4113,16431,136,5,162758432,0.03610933357710942
5086687,55360,61457,8232,136,5,162773984,0.03610933357710942
5087025,32831,57360,53291,136,5,162784800,0.03610933357710942
5087389,43071,49168,61472,136,5,162796448,0.03610933357710942
5088141,16448,4113,14375,136,5,162820512,0.03610933357710942
5088585,8255,53264,40999,136,5,162834720,0.03610933357710942
5088949,16447,59408,36905,137,5,162846368,0.03409818082091599
5089415,36928,14352,57391,137,5,162861280,0.03409818082091599
5089769,22592,18448,51240,137,5,162872608,0.03409818082091599
5090183,4160,17,40,137,5,162885856,0.03409818082091599
5090510,6208,16400,34856,137,5,162896320,0.03409818082091599
5091082,34880,26641,6184,137,5,162914624,0.03409818082091599
5091388,28735,53265,4143,137,5,162924416,0.03409818082091599
5091710,10304,14353,4136,137,5,162934720,0.03409818082091599
5092056,18495,57360,51241,137,5,162945792,0.03409818082091599
5092532,43072,16,36903,137,5,162961024,0.03409818082091599
5092827,59456,6160,43040,137,5,162970464,0.03409818082091599
5093143,51263,57360,38952,137,5,162980576,0.03409818082091599
5093519,49216,10256,32815,137,5,162992608,0.03409818082091599
5094067,36928,12304,55337,137,5,163010144,0.03409818082091599
5094332,12351,28688,28712,137,5,163018624,0.03409818082091599
5094673,34880,18448,57385,137,5,163029536,0.03409818082091599
5095199,20543,36880,43055,137,5,163046368,0.03409818082091599
5095563,47167,8208,43048,137,5,163058016,0.03409818082091599
5096107,43071,24592,61480,137,5,163075424,0.03409818082091599
5096630,41023,6160,45097,137,5,163092160,0.03409818082091599
5097008,2111,34832,34857,137,5,163104256,0.03409818082091599
5097406,63,38928,57384,137,5,163116992,0.03409818082091599
5097783,4158,59408,49199,137,5,163129056,0.03409818082091599
5098229,59455,2064,53289,137,5,163143328,0.03409818082091599
5098557,47167,12304,55336,137,5,163153824,0.03409818082091599
5098904,10302,43024,34856,137,5,163164928,0.03409818082091599
5099263,51262,20496,45089,137,5,163176416,0.03409818082091599
5099898,47167,34833,4143,137,5,163196736,0.03409818082091599
5100261,57407,2064,61480,137,5,163208352,0.03409818082091599
5100600,53311,16400,51240,137,5,163219200,0.03409818082091599
5101162,18495,4112,38952,137,5,163237184,0.03409818082091599
5101553,6207,4112,61480,137,5,163249696,0.03409818082091599
5102002,6207,26640,45095,137,5,163264064,0.03409818082091599
5102325,14399,40976,43048,137,5,163274400,0.03409818082091599
5102740,36927,38928,38959,137,5,163287680,0.03409818082091599
5103070,28736,18448,43046,137,5,163298240,0.03409818082091599
5103374,57408,20496,22567,137,5,163307968,0.03409818082091599
5103785,30784,36880,2087,137,5,163321120,0.03409818082091599
5104459,57408,45071,63527,137,5,163342688,0.03409818082091599
5104798,12353,16399,18471,137,5,163353536,0.03409818082091599
5105140,8257,22543,36902,137,5,163364480,0.03409818082091599
5105623,26688,51215,22566,137,5,163379936,0.03409818082091599
5106087,22592,59407,43046,137,5,163394784,0.03409818082091599
5106381,24640,32783,49191,137,5,163404192,0.03409818082091599
5106754,18496,38927,57382,137,5,163416128,0.03409818082091599
5107221,38977,8207,28711,137,5,163431072,0.03409818082091599
5107587,12353,43023,10279,137,5,163442784,0.03409818082091599
5108123,36928,55311,38950,137,5,163459936,0.03409818082091599
5108486,61505,2063,18471,137,5,163471552,0.03409818082091599
5108792,63553,14,59430,137,5,163481344,0.03409818082091599
5109161,55360,57359,16422,138,5,163493152,0.0325441082365847
5109590,24641,12303,20515,138,5,163506880,0.0325441082365847
5110009,61504,61455,28710,138,5,163520288,0.0325441082365847
5110577,38977,16399,22566,138,5,163538464,0.0325441082365847
5110933,30784,57359,49190,138,5,163549856,0.0325441082365847
5111419,36928,61455,38950,138,5,163565408,0.0325441082365847
5111910,53312,51215,63526,138,5,163581120,0.0325441082365847
5112495,38976,53263,18471,138,5,163599840,0.0325441082365847
5113431,18495,51215,51232,138,5,163629792,0.0325441082365847
5114164,28736,49167,16422,138,5,163653248,0.0325441082365847
5115052,57408,24591,36896,138,5,163681664,0.0325441082365847
5115830,22593,4111,32807,138,5,163706560,0.0325441082365847
5116648,20544,61455,26662,138,5,163732736,0.0325441082365847
5117335,38977,15,12326,138,5,163754720,0.0325441082365847
5117782,6208,38927,32807,138,5,163769024,0.0325441082365847
5118470,45120,59407,53289,138,5,163791040,0.0325441082365847
5118902,61504,57359,4135,138,5,163804864,0.0325441082365847
5119217,32833,6158,53286,138,5,163814944,0.0325441082365847
5119500,14400,59407,22566,138,5,163824000,0.0325441082365847
5119780,26688,59407,8231,138,5,163832960,0.0325441082365847
5120236,59456,53262,28711,138,5,163847552,0.0325441082365847
5120515,24640,61454,61478,138,5,163856480,0.0325441082365847
5120803,24640,28687,16423,138,5,163865696,0.0325441082365847
5121175,36929,15,43047,138,5,163877600,0.0325441082365847
5121500,45121,10255,12326,138,5,163888000,0.0325441082365847
5121858,8256,57359,18470,138,5,163899456,0.0325441082365847
5122290,64,40975,22566,138,5,163913280,0.0325441082365847
5122560,51265,4111,36902,138,5,163921920,0.0325441082365847
5122859,49216,38927,43046,138,5,163931488,0.0325441082365847
5123193,18496,36879,59430,138,5,163942176,0.0325441082365847
5123491,12352,38927,14375,138,5,163951712,0.0325441082365847
5123806,53312,38927,10278,138,5,163961792,0.0325441082365847
5124244,2112,61455,26662,138,5,163975808,0.0325441082365847
5124555,2112,53263,2085,138,5,163985760,0.0325441082365847
5124950,2112,26639,36903,138,5,163998400,0.0325441082365847
5125316,26688,43023,38950,138,5,164010112,0.0325441082365847
5125585,47168,51215,20519,138,5,164018720,0.0325441082365847
5125900,55361,18447,40998,138,5,164028800,0.0325441082365847
5126251,38977,10255,38951,138,5,164040032,0.0325441082365847
5126576,51265,4111,34855,138,5,164050432,0.0325441082365847
5126899,34880,38927,43046,138,5,164060768,0.0325441082365847
5127229,8256,49166,57382,138,5,164071328,0.0325441082365847
5127512,43073,4111,34855,138,5,164080384,0.0325441082365847
5127902,51264,61455,34855,138,5,164092864,0.0325441082365847
5128239,2112,45071,32806,138,5,164103648,0.0325441082365847
5128571,61504,55311,28710,138,5,164114272,0.0325441082365847
5128878,28736,36879,61478,138,5,164124096,0.0325441082365847
5129199,18496,63503,53286,138,5,164134368,0.0325441082365847
5129590,64,53263,24614,138,5,164146880,0.0325441082365847
5129920,16448,34831,26662,138,5,164157440,0.0325441082365847
5130201,45120,51215,34855,139,5,164166432,0.030167291342901546
5130500,34880,12303,26663,139,5,164176000,0.030167291342901546
5130824,55361,20495,63526,139,5,164186368,0.030167291342901546
5131132,47168,49167,30758,139,5,164196224,0.030167291342901546
5131444,57408,43023,32807,139,5,164206208,0.030167291342901546
5131797,28737,16399,28710,139,5,164217504,0.030167291342901546
5132114,51264,49167,32807,139,5,164227648,0.030167291342901546
5132450,18496,49168,12326,139,5,164238400,0.030167291342901546
5132787,38976,61455,4135,139,5,164249184,0.030167291342901546
5133055,64,61455,24614,139,5,164257760,0.030167291342901546
5133372,61504,40975,45095,139,5,164267904,0.030167291342901546
5133885,63552,14351,26661,139,5,164284320,0.030167291342901546
5134199,51264,61455,38951,139,5,164294368,0.030167291342901546
5134511,4161,2063,28711,139,5,164304352,0.030167291342901546
5134874,10304,51215,32807,139,5,164315968,0.030167291342901546
5135250,10304,51215,55335,139,5,164328000,0.030167291342901546
5135583,26689,8207,32806,139,5,164338656,0.030167291342901546
5135852,51264,49167,36902,139,5,164347264,0.030167291342901546
5136135,24640,45071,4134,139,5,164356320,0.030167291342901546
5136453,61504,40974,43047,139,5,164366496,0.030167291342901546
5136764,10304,36879,36902,139,5,164376448,0.030167291342901546
5137183,14400,45070,63526,139,5,164389856,0.030167291342901546
5137558,6208,63503,39,139,5,164401856,0.030167291342901546
5137894,36928,61455,39,139,5,164412608,0.030167291342901546
5138282,47169,2063,22566,139,5,164425024,0.030167291342901546
5138588,28736,51215,22567,139,5,164434816,0.030167291342901546
5138964,12352,10255,34854,139,5,164446848,0.030167291342901546
5139251,47168,10255,22565,139,5,164456032,0.030167291342901546
5139646,49216,59407,38951,139,5,164468672,0.030167291342901546
5139974,10304,10255,51239,139,5,164479168,0.030167291342901546
5140312,53312,34831,22566,139,5,164489984,0.030167291342901546
5140594,4160,12303,63527,139,5,164499008,0.030167291342901546
5140933,32832,51215,51239,139,5,164509856,0.030167291342901546
5141233,26688,45071,18470,139,5,164519456,0.030167291342901546
5141623,59456,47119,20518,139,5,164531936,0.030167291342901546
5141895,41024,45071,24614,139,5,164540640,0.030167291342901546
5142258,16449,6159,32807,139,5,164552256,0.030167291342901546
5142628,24640,55311,18470,139,5,164564096,0.030167291342901546
5142930,43073,15,20518,139,5,164573760,0.030167291342901546
5143196,36928,40975,18471,139,5,164582272,0.030167291342901546
5143510,36928,26639,49191,139,5,164592320,0.030167291342901546
5143851,2113,12303,45094,139,5,164603232,0.030167291342901546
5144227,8256,51215,6183,139,5,164615264,0.030167291342901546
5144557,49216,43023,18470,139,5,164625824,0.030167291342901546
5144879,32833,15,16423,139,5,164636128,0.030167291342901546
5145221,30785,15,28711,139,5,164647072,0.030167291342901546
5145582,61505,4111,36902,139,5,164658624,0.030167291342901546
5145874,55360,57359,26663,139,5,164667968,0.030167291342901546
5146231,12352,51215,36901,139,5,164679392,0.030167291342901546
5146566,36929,16399,28710,139,5,164690112,0.030167291342901546
5146890,63552,45071,32806,140,5,164700480,0.02897888289605997
5147249,51264,55311,59431,140,5,164711968,0.02897888289605997
5147570,47168,61455,51239,140,5,164722240,0.02897888289605997
5147908,28736,40975,8230,140,5,164733056,0.02897888289605997
5148236,30784,38927,38951,140,5,164743552,0.02897888289605997
5148553,20544,43023,34855,140,5,164753696,0.02897888289605997
5148828,53312,55311,38944,140,5,164762496,0.02897888289605997
5149238,61504,51215,45094,140,5,164775616,0.02897888289605997
5149503,2112,26640,14374,140,5,164784096,0.02897888289605997
5149843,16448,51215,51239,140,5,164794976,0.02897888289605997
5150167,47168,55311,28711,140,5,164805344,0.02897888289605997
5150520,10304,28687,51239,140,5,164816640,0.02897888289605997
5150884,45120,43023,16422,140,5,164828288,0.02897888289605997
5151182,24640,61455,49191,140,5,164837824,0.02897888289605997
5151671,51264,51215,8230,140,5,164853472,0.02897888289605997
5151993,53313,6159,49191,140,5,164863776,0.02897888289605997
5152322,57408,28687,16423,140,5,164874304,0.02897888289605997
5152673,20544,20495,37,140,5,164885536,0.02897888289605997
5152979,4160,43023,20519,140,5,164895328,0.02897888289605997
5153295,4160,43023,12327,140,5,164905440,0.02897888289605997
5153580,30784,43023,18470,140,5,164914560,0.02897888289605997
5153988,10304,55311,20518,140,5,164927616,0.02897888289605997
5154288,28736,18447,28711,140,5,164937216,0.02897888289605997
5154597,30784,55311,22566,140,5,164947104,0.02897888289605997
5154935,53312,28687,26656,140,5,164957920,0.02897888289605997
5155258,32832,63502,40999,140,5,164968256,0.02897888289605997
5155555,8256,51215,34854,140,5,164977760,0.02897888289605997
5155853,49217,2063,40998,140,5,164987296,0.02897888289605997
5156183,6209,24591,45095,140,5,164997856,0.02897888289605997
5156484,61504,59407,20519,140,5,165007488,0.02897888289605997
5156775,55361,6159,38951,140,5,165016800,0.02897888289605997
5157099,55361,8207,36902,140,5,165027168,0.02897888289605997
5157441,10305,20495,49190,140,5,165038112,0.02897888289605997
5157714,32832,59407,45094,140,5,165046848,0.02897888289605997
5157978,18496,53263,24614,140,5,165055296,0.02897888289605997
5158337,4161,15,63525,140,5,165066784,0.02897888289605997
5158633,59456,53263,28710,140,5,165076256,0.02897888289605997
5158927,45121,20495,28711,140,5,165085664,0.02897888289605997
5159243,20545,8207,38950,140,5,165095776,0.02897888289605997
5159550,59457,2063,26662,140,5,165105600,0.02897888289605997
5159840,10305,49167,26662,140,5,165114880,0.02897888289605997
5160154,4161,8207,16423,140,5,165124928,0.02897888289605997
5160532,12352,55311,32806,140,5,165137024,0.02897888289605997
5160830,55360,51215,36903,140,5,165146560,0.02897888289605997
5161194,64,43023,36902,140,5,165158208,0.02897888289605997
5161474,24640,6159,34855,140,5,165167168,0.02897888289605997
5161815,20544,49167,34855,140,5,165178080,0.02897888289605997
5162103,4160,43023,40998,140,5,165187296,0.02897888289605997
5162381,43072,59407,14375,140,5,165196192,0.02897888289605997
5162706,38976,59407,14374,140,5,165206592,0.02897888289605997
5163005,41024,40975,43047,141,5,165216160,0.029253130999177257
5163285,57408,40975,28710,141,5,165225120,0.029253130999177257
5163602,43072,43023,10278,141,5,165235264,0.029253130999177257
5163970,64,49167,16422,141,5,165247040,0.029253130999177257
5164306,26688,51215,32807,141,5,165257792,0.029253130999177257
5164594,8256,51215,34855,141,5,165267008,0.029253130999177257
5164951,64,28687,59430,141,5,165278432,0.029253130999177257
5165310,12352,59407,30758,141,5,165289920,0.029253130999177257
5165599,51264,36879,22564,141,5,165299168,0.029253130999177257
5165919,24640,32783,57382,141,5,165309408,0.029253130999177257
5166236,16448,28687,24608,141,5,165319552,0.029253130999177257
5166724,55360,24591,32806,141,5,165335168,0.029253130999177257
5167057,4160,22543,40998,141,5,165345824,0.029253130999177257
5167370,43072,18447,38951,141,5,165355840,0.029253130999177257
5167703,57408,32783,4134,141,5,165366496,0.029253130999177257
5168014,16448,51215,40998,141,5,165376448,0.029253130999177257
5168310,26688,32783,63527,141,5,165385920,0.029253130999177257
5168630,38976,57359,22565,141,5,165396160,0.029253130999177257
5168992,12353,14,63527,141,5,165407744,0.029253130999177257
5169279,28736,59407,49190,141,5,165416928,0.029253130999177257
5169574,10304,40975,59430,141,5,165426368,0.029253130999177257
5169865,34880,26639,63527,141,5,165435680,0.029253130999177257
5170214,24640,26639,18470,141,5,165446848,0.029253130999177257
5170489,34880,28687,16422,141,5,165455648,0.029253130999177257
5170808,49216,45071,32805,141,5,165465856,0.029253130999177257
5171154,8256,57358,53286,141,5,165476928,0.029253130999177257
5171496,47168,32783,2086,141,5,165487872,0.029253130999177257
5171960,43072,36878,30759,141,5,165502720,0.029253130999177257
5172328,32832,43023,24615,141,5,165514496,0.029253130999177257
5172674,34880,26639,53286,141,5,165525568,0.029253130999177257
5172978,34881,6159,59431,141,5,165535296,0.029253130999177257
5173292,22592,55311,26662,141,5,165545344,0.029253130999177257
5173665,10304,57359,36902,141,5,165557280,0.029253130999177257
5173982,34880,45071,12326,141,5,165567424,0.029253130999177257
5174331,4160,55311,24615,141,5,165578592,0.029253130999177257
5174621,2112,30735,30758,141,5,165587872,0.029253130999177257
5174931,32832,57359,22566,141,5,165597792,0.029253130999177257
5175258,47168,10255,26663,141,5,165608256,0.029253130999177257
5175576,61504,36879,4134,141,5,165618432,0.029253130999177257
5175862,51264,18447,18471,141,5,165627584,0.029253130999177257
5176182,41024,28687,12327,141,5,165637824,0.029253130999177257
5176527,4160,22543,10279,141,5,165648864,0.029253130999177257
5176877,57408,28687,40997,141,5,165660064,0.029253130999177257
5177198,6208,28687,55334,141,5,165670336,0.029253130999177257
5177508,38976,43023,10278,141,5,165680256,0.029253130999177257
5177885,41024,20495,14375,141,5,165692320,0.029253130999177257
5178182,47168,36878,59430,141,5,165701824,0.029253130999177257
5178523,59457,10255,6183,141,5,165712736,0.029253130999177257
5179069,53312,61455,38,141,5,165730208,0.029253130999177257
5179359,20545,4111,16422,141,5,165739488,0.029253130999177257
5179763,45120,45071,2087,142,5,165752416,0.029527379102294544
5180061,10304,36879,36903,142,5,165761952,0.029527379102294544
5180366,64,43023,22566,142,5,165771712,0.029527379102294544
5180682,61504,38927,38950,142,5,165781824,0.029527379102294544
5180991,51264,61454,63520,142,5,165791712,0.029527379102294544
5181348,41024,36879,16422,142,5,165803136,0.029527379102294544
5181705,8257,14351,22567,142,5,165814560,0.029527379102294544
5182018,55359,55311,26663,142,5,165824576,0.029527379102294544
5182297,51265,6159,12327,142,5,165833504,0.029527379102294544
5182689,26687,38927,40998,142,5,165846048,0.029527379102294544
5183035,63552,45071,34855,142,5,165857120,0.029527379102294544
5183329,14400,18446,61479,142,5,165866528,0.029527379102294544
5183613,24640,36879,4135,142,5,165875616,0.029527379102294544
5184052,43072,10255,8231,142,5,165889664,0.029527379102294544
5184289,28736,22543,22566,142,5,165897248,0.029527379102294544
5184760,34880,28687,34848,142,5,165912320,0.029527379102294544
5185103,30784,28686,24623,142,5,165923296,0.029527379102294544
5185433,45120,57359,16422,142,5,165933856,0.029527379102294544
5185854,26688,28687,38,142,5,165947328,0.029527379102294544
5186187,63552,10255,34855,142,5,165957984,0.029527379102294544
5186525,10304,16398,59431,142,5,165968800,0.029527379102294544
5186872,45120,2063,20519,142,5,165979904,0.029527379102294544
5187155,28735,57359,6181,142,5,165988960,0.029527379102294544
5187429,57407,57359,24615,142,5,165997728,0.029527379102294544
5187752,6208,15,36903,142,5,166008064,0.029527379102294544
5188027,24639,49167,43047,142,5,166016864,0.029527379102294544
5188321,14399,51215,45095,142,5,166026272,0.029527379102294544
5188671,30784,4111,49191,142,5,166037472,0.029527379102294544
5188982,61504,32783,30759,142,5,166047424,0.029527379102294544
5189305,38976,28687,6183,142,5,166057760,0.029527379102294544
5189592,32832,10255,16416,142,5,166066944,0.029527379102294544
5189873,14400,6159,22561,142,5,166075936,0.029527379102294544
5190185,64,18447,24615,142,5,166085920,0.029527379102294544
5190572,32831,49167,49189,142,5,166098304,0.029527379102294544
5190890,36928,12303,28710,142,5,166108480,0.029527379102294544
5191255,20544,4111,34855,142,5,166120160,0.029527379102294544
5191643,53312,10255,40998,142,5,166132576,0.029527379102294544
5191973,4160,51215,53286,142,5,166143136,0.029527379102294544
5192298,16448,8207,28711,142,5,166153536,0.029527379102294544
5192590,45119,20495,16422,142,5,166162880,0.029527379102294544
5192956,32832,40975,28709,142,5,166174592,0.029527379102294544
5193268,2112,32783,34854,142,5,166184576,0.029527379102294544
5193610,24640,20495,22565,142,5,166195520,0.029527379102294544
5193932,18496,4111,34854,142,5,166205824,0.029527379102294544
5194246,4160,12303,43047,142,5,166215872,0.029527379102294544
5194565,6208,38927,20517,142,5,166226080,0.029527379102294544
5194946,55360,15,26661,142,5,166238272,0.029527379102294544
5195263,28736,28687,34852,142,5,166248416,0.029527379102294544
5195619,53311,53263,28709,142,5,166259808,0.029527379102294544
5195951,32832,28687,45094,142,5,166270432,0.029527379102294544
5196281,43072,6159,40998,143,5,166280992,0.030350123411646404
5196623,8256,49167,22566,143,5,166291936,0.030350123411646404
5196932,28737,15,24613,143,5,166301824,0.030350123411646404
5197207,2112,61454,61478,143,5,166310624,0.030350123411646404
5197501,2112,51215,38950,143,5,166320032,0.030350123411646404
5197836,41024,38927,18471,143,5,166330752,0.030350123411646404
5198136,14399,51215,18470,143,5,166340352,0.030350123411646404
5198414,61504,45071,37,143,5,166349248,0.030350123411646404
5198723,14400,61455,16423,143,5,166359136,0.030350123411646404
5199111,18496,51215,8229,143,5,166371552,0.030350123411646404
5199389,32832,20495,8230,143,5,166380448,0.030350123411646404
5199710,41024,28686,49189,143,5,166390720,0.030350123411646404
5200022,41024,26639,16422,143,5,166400704,0.030350123411646404
5200366,28736,16398,59430,143,5,166411712,0.030350123411646404
5200681,49216,26639,26661,143,5,166421792,0.030350123411646404
5201094,26688,34831,14374,143,5,166435008,0.030350123411646404
5201377,20544,20495,4134,143,5,166444064,0.030350123411646404
5201833,38976,18447,26662,143,5,166458656,0.030350123411646404
5202120,4160,32783,24614,143,5,166467840,0.030350123411646404
5202469,20544,51215,22567,143,5,166479008,0.030350123411646404
5202793,22592,16399,26656,143,5,166489376,0.030350123411646404
5203213,55360,10255,16423,143,5,166502816,0.030350123411646404
5203520,63551,36879,8224,143,5,166512640,0.030350123411646404
5203848,34879,55311,18470,143,5,166523136,0.030350123411646404
5204192,61504,30735,18471,143,5,166534144,0.030350123411646404
5204531,64,12302,49184,143,5,166544992,0.030350123411646404
5204879,45120,22543,34854,143,5,166556128,0.030350123411646404
5205227,34880,59407,14374,143,5,166567264,0.030350123411646404
5205535,8256,34831,4134,143,5,166577120,0.030350123411646404
5205910,61504,38927,6179,143,5,166589120,0.030350123411646404
5206239,8256,61455,12327,143,5,166599648,0.030350123411646404
5206535,43072,45071,6183,143,5,166609120,0.030350123411646404
5206892,43072,38927,34855,143,5,166620544,0.030350123411646404
5207173,53312,32783,36903,143,5,166629536,0.030350123411646404
5207486,43072,38927,26663,143,5,166639552,0.030350123411646404
5207894,64,24591,8230,143,5,166652608,0.030350123411646404
5208245,12352,32783,18470,143,5,166663840,0.030350123411646404
5208535,47168,32783,47142,143,5,166673120,0.030350123411646404
5208847,24640,22543,24615,143,5,166683104,0.030350123411646404
5209265,55360,20495,6183,143,5,166696480,0.030350123411646404
5209551,45120,18447,16423,143,5,166705632,0.030350123411646404
5209850,63552,22542,53287,143,5,166715200,0.030350123411646404
5210246,6208,18447,12327,143,5,166727872,0.030350123411646404
5210584,4161,2063,18471,143,5,166738688,0.030350123411646404
5210918,45120,36879,24615,143,5,166749376,0.030350123411646404
5211262,41024,34831,28704,143,5,166760384,0.030350123411646404
5211697,2112,24591,24615,143,5,166774304,0.030350123411646404
5212116,57408,18447,20516,143,5,166787712,0.030350123411646404
5212484,2112,26639,24615,143,5,166799488,0.030350123411646404
5212816,51264,38927,45095,143,5,166810112,0.030350123411646404
5213134,32832,47119,38950,144,5,166820288,0.029344547033549686
5213431,51264,51215,32807,144,5,166829792,0.029344547033549686
5213760,20544,55311,26662,144,5,166840320,0.029344547033549686
5214124,49216,53263,20519,144,5,166851968,0.029344547033549686
5214464,59457,15,45088,144,5,166862848,0.029344547033549686
5214803,12352,43023,32805,144,5,166873696,0.029344547033549686
5215142,2112,22543,38949,144,5,166884544,0.029344547033549686
5215443,6208,51215,12326,144,5,166894176,0.029344547033549686
5215741,2112,34831,24614,144,5,166903712,0.029344547033549686
5216142,61504,15,26661,144,5,166916544,0.029344547033549686
5216462,2112,22543,16422,144,5,166926784,0.029344547033549686
5216883,51264,38927,34855,144,5,166940256,0.029344547033549686
5217191,53312,26639,32806,144,5,166950112,0.029344547033549686
5217518,16448,34831,53287,144,5,166960576,0.029344547033549686
5217899,45120,20494,45094,144,5,166972768,0.029344547033549686
5218225,10304,2062,63526,144,5,166983200,0.029344547033549686
5218537,30784,38927,28710,144,5,166993184,0.029344547033549686
5218792,20544,4111,6183,144,5,167001344,0.029344547033549686
5219187,57408,61455,22567,144,5,167013984,0.029344547033549686
5219584,51264,20495,18471,144,5,167026688,0.029344547033549686
5219915,41024,22543,34855,144,5,167037280,0.029344547033549686
5220246,64,53263,4134,144,5,167047872,0.029344547033549686
5220575,2112,32783,6182,144,5,167058400,0.029344547033549686
5220901,2112,36879,18471,144,5,167068832,0.029344547033549686
5221337,64,34831,22566,144,5,167082784,0.029344547033549686
5221595,59456,32783,34854,144,5,167091040,0.029344547033549686
5221962,18496,36879,26662,144,5,167102784,0.029344547033549686
5222249,22592,34831,43046,144,5,167111968,0.029344547033549686
5222559,4160,20495,18468,144,5,167121888,0.029344547033549686
5222875,51264,36879,20519,144,5,167132000,0.029344547033549686
5223323,38976,61455,18464,144,5,167146336,0.029344547033549686
5223631,51264,51215,28711,144,5,167156192,0.029344547033549686
5223952,22592,61455,8229,144,5,167166464,0.029344547033549686
5224289,20544,45071,4135,144,5,167177248,0.029344547033549686
5224595,41025,12302,57376,144,5,167187040,0.029344547033549686
5224902,59456,43023,24614,144,5,167196864,0.029344547033549686
5225250,64,38927,16422,144,5,167208000,0.029344547033549686
5225535,49216,38927,24613,144,5,167217120,0.029344547033549686
5225914,6208,4111,18469,144,5,167229248,0.029344547033549686
5226203,38976,38927,18470,144,5,167238496,0.029344547033549686
5226480,28736,2062,61478,144,5,167247360,0.029344547033549686
5226919,63552,22543,8231,144,5,167261408,0.029344547033549686
5227207,57408,40975,36902,144,5,167270624,0.029344547033549686
5227518,30784,10255,8224,144,5,167280576,0.029344547033549686
5227835,45120,16398,49198,144,5,167290720,0.029344547033549686
5228155,38976,8207,32807,144,5,167300960,0.029344547033549686
5228450,26688,6159,38944,144,5,167310400,0.029344547033549686
5228763,32832,14351,24615,144,5,167320416,0.029344547033549686
5229135,38976,18447,55335,144,5,167332320,0.029344547033549686
5229441,4160,32783,16423,144,5,167342112,0.029344547033549686
5229751,64,16399,24615,145,5,167352032,0.02989304323978426
5230147,49216,6159,16422,145,5,167364704,0.02989304323978426
5230507,36928,28687,26662,145,5,167376224,0.02989304323978426
5230820,18495,59407,22566,145,5,167386240,0.02989304323978426
5231094,36928,20495,12320,145,5,167395008,0.02989304323978426
5231414,14400,36879,8230,145,5,167405248,0.02989304323978426
5231707,59456,59407,18471,145,5,167414624,0.02989304323978426
5232062,6208,45071,38,145,5,167425984,0.02989304323978426
5232385,43072,55311,38,145,5,167436320,0.02989304323978426
5232717,28736,51215,14374,145,5,167446944,0.02989304323978426
5233027,41024,59407,6183,145,5,167456864,0.02989304323978426
5233326,28736,32783,28710,145,5,167466432,0.02989304323978426
5233682,45120,43023,20518,145,5,167477824,0.02989304323978426
5233969,61504,32783,12327,145,5,167487008,0.02989304323978426
5234295,2113,6159,10277,145,5,167497440,0.02989304323978426
5234582,2112,45071,16423,145,5,167506624,0.02989304323978426
5234882,12353,15,28710,145,5,167516224,0.02989304323978426
5235275,34880,16399,38950,145,5,167528800,0.02989304323978426
5235634,59456,24591,24614,145,5,167540288,0.02989304323978426
5235961,47168,10255,8230,145,5,167550752,0.02989304323978426
5236249,36928,18447,24614,145,5,167559968,0.02989304323978426
5236632,43072,61455,8230,145,5,167572224,0.02989304323978426
5237033,41024,34831,4133,145,5,167585056,0.02989304323978426
5237355,8256,32782,51238,145,5,167595360,0.02989304323978426
5237630,41024,20495,14373,145,5,167604160,0.02989304323978426
5238045,41023,36879,26662,145,5,167617440,0.02989304323978426
5238422,18496,30735,61478,145,5,167629504,0.02989304323978426
5238737,30784,32783,12326,145,5,167639584,0.02989304323978426
5239032,38976,26639,16421,145,5,167649024,0.02989304323978426
5239409,38976,57359,28711,145,5,167661088,0.02989304323978426
5239757,36929,2063,28710,145,5,167672224,0.02989304323978426
5240185,10304,63503,14374,145,5,167685920,0.02989304323978426
5240503,32832,53263,14375,145,5,167696096,0.02989304323978426
5240803,16448,34831,38,145,5,167705696,0.02989304323978426
5241139,18496,8206,55335,145,5,167716448,0.02989304323978426
5241460,38976,16399,59431,145,5,167726720,0.02989304323978426
5241841,18496,26639,4134,145,5,167738912,0.02989304323978426
5242191,43072,26639,26662,145,5,167750112,0.02989304323978426
5242546,26688,32782,57383,145,5,167761472,0.02989304323978426
5242849,55360,43023,2086,145,5,167771168,0.02989304323978426
5243303,10304,18447,32806,145,5,167785696,0.02989304323978426
5243686,14401,8207,26662,145,5,167797952,0.02989304323978426
5244069,8256,10255,24614,145,5,167810208,0.02989304323978426
5244396,2112,18447,38951,145,5,167820672,0.02989304323978426
5244707,26688,24591,34855,145,5,167830624,0.02989304323978426
5245024,4160,38928,24614,145,5,167840768,0.02989304323978426
5245457,14400,2063,53286,145,5,167854624,0.02989304323978426
5245840,4160,43023,49190,145,5,167866880,0.02989304323978426
5246220,43072,61455,45093,145,5,167879040,0.02989304323978426
5246536,4161,22543,20518,145,5,167889152,0.02989304323978426
5246894,61504,59407,30758,146,5,167900608,0.032726940305329556
5247248,6208,59407,36901,146,5,167911936,0.032726940305329556
5247589,34880,43023,24612,146,5,167922848,0.032726940305329556
5247919,41024,32783,6182,146,5,167933408,0.032726940305329556
5248256,36928,43023,36902,146,5,167944192,0.032726940305329556
5248558,18496,20495,38950,146,5,167953856,0.032726940305329556
5248868,26688,40975,16422,146,5,167963776,0.032726940305329556
5249242,45120,24591,16422,146,5,167975744,0.032726940305329556
5249602,32832,6159,53286,146,5,167987264,0.032726940305329556
5249946,47168,28687,22567,146,5,167998272,0.032726940305329556
5250283,59456,16399,20514,146,5,168009056,0.032726940305329556
5250612,32832,40975,45093,146,5,168019584,0.032726940305329556
5250964,28736,55311,16423,146,5,168030848,0.032726940305329556
5251292,28736,34831,36902,146,5,168041344,0.032726940305329556
5251638,36928,26640,16422,146,5,168052416,0.032726940305329556
5252005,36928,32783,30758,146,5,168064160,0.032726940305329556
5252369,18496,18447,32806,146,5,168075808,0.032726940305329556
5252724,63552,15,28710,146,5,168087168,0.032726940305329556
5253082,55360,43023,22567,146,5,168098624,0.032726940305329556
5253543,51264,61455,28709,146,5,168113376,0.032726940305329556
5253879,12352,45071,49190,146,5,168124128,0.032726940305329556
5254277,8257,10255,40999,146,5,168136864,0.032726940305329556
5254579,22592,49167,24614,146,5,168146528,0.032726940305329556
5254972,18496,28687,63527,146,5,168159104,0.032726940305329556
5255248,64,49167,8230,146,5,168167936,0.032726940305329556
5255546,20544,57359,24614,146,5,168177472,0.032726940305329556
5255972,18497,20495,45094,146,5,168191104,0.032726940305329556
5256255,36929,18447,26662,146,5,168200160,0.032726940305329556
5256550,34881,16399,32806,146,5,168209600,0.032726940305329556
5256899,4160,40975,34853,146,5,168220768,0.032726940305329556
5257211,41025,10255,40992,146,5,168230752,0.032726940305329556
5257515,53312,53263,45095,146,5,168240480,0.032726940305329556
5257969,43073,8207,45093,146,5,168255008,0.032726940305329556
5258333,30785,20495,16423,146,5,168266656,0.032726940305329556
5258675,30785,26639,40999,146,5,168277600,0.032726940305329556
5259251,38976,49167,40998,146,5,168296032,0.032726940305329556
5259717,63552,20495,49189,146,5,168310944,0.032726940305329556
5260314,34880,32783,34853,146,5,168330048,0.032726940305329556
5260727,61504,49167,49190,146,5,168343264,0.032726940305329556
5261233,20544,43023,28711,146,5,168359456,0.032726940305329556
5261641,51264,57359,63526,146,5,168372512,0.032726940305329556
5262114,51264,18447,51239,146,5,168387648,0.032726940305329556
5262561,43073,34831,47142,146,5,168401952,0.032726940305329556
5263095,36928,45071,32806,146,5,168419040,0.032726940305329556
5263549,63552,55311,47137,146,5,168433568,0.032726940305329556
5264005,64,20495,63527,146,5,168448160,0.032726940305329556
5264327,18496,38927,36902,146,5,168458464,0.032726940305329556
5264698,28736,45071,38951,146,5,168470336,0.032726940305329556
5265070,32832,40975,36902,146,5,168482240,0.032726940305329556
5265461,30784,34831,40999,146,5,168494752,0.032726940305329556
5265991,2113,2063,49191,147,5,168511712,0.03556083737087485
5266319,12353,4111,34854,147,5,168522208,0.03556083737087485
5266696,30784,49167,51239,147,5,168534272,0.03556083737087485
5267053,4160,45071,26663,147,5,168545696,0.03556083737087485
5267532,45120,51216,20519,147,5,168561024,0.03556083737087485
5267953,6209,2063,51238,147,5,168574496,0.03556083737087485
5268334,14400,36879,38951,147,5,168586688,0.03556083737087485
5268736,24640,53263,34854,147,5,168599552,0.03556083737087485
5269035,49216,53263,18471,147,5,168609120,0.03556083737087485
5269280,55360,32783,16423,147,5,168616960,0.03556083737087485
5269707,43072,49167,10278,147,5,168630624,0.03556083737087485
5270050,53311,55311,16421,147,5,168641600,0.03556083737087485
5270503,12352,20495,28711,147,5,168656096,0.03556083737087485
5270916,32832,38927,20517,147,5,168669312,0.03556083737087485
5271236,18497,8207,24615,147,5,168679552,0.03556083737087485
5271546,10304,38926,30758,147,5,168689472,0.03556083737087485
5271894,26688,53263,53286,147,5,168700608,0.03556083737087485
5272215,20545,20494,63526,147,5,168710880,0.03556083737087485
5272682,51265,16399,43047,147,5,168725824,0.03556083737087485
5273175,47169,18447,53286,147,5,168741600,0.03556083737087485
5273566,6208,55311,20518,147,5,168754112,0.03556083737087485
5273963,51264,53263,38951,147,5,168766816,0.03556083737087485
5274369,26688,34831,34855,147,5,168779808,0.03556083737087485
5274637,61504,55311,57376,147,5,168788384,0.03556083737087485
5275033,53312,30735,28711,147,5,168801056,0.03556083737087485
5275380,28737,6159,24614,147,5,168812160,0.03556083737087485
5275724,36929,12303,59431,147,5,168823168,0.03556083737087485
5276095,10304,53263,38949,147,5,168835040,0.03556083737087485
5276426,55360,22543,43045,147,5,168845632,0.03556083737087485
5276776,28736,47119,28711,147,5,168856832,0.03556083737087485
5277069,53312,53263,61477,147,5,168866208,0.03556083737087485
5277434,8257,26639,59431,147,5,168877888,0.03556083737087485
5277725,24641,16399,32806,147,5,168887200,0.03556083737087485
5278010,12353,18447,16423,147,5,168896320,0.03556083737087485
5278405,14400,45071,51239,147,5,168908960,0.03556083737087485
5278794,55360,63503,14368,147,5,168921408,0.03556083737087485
5279173,61504,45071,18470,147,5,168933536,0.03556083737087485
5279587,26688,34831,26662,147,5,168946784,0.03556083737087485
5279998,64,55311,38951,147,5,168959936,0.03556083737087485
5280355,59456,59407,28710,147,5,168971360,0.03556083737087485
5280771,45120,45072,40999,147,5,168984672,0.03556083737087485
5281095,51265,15,34854,147,5,168995040,0.03556083737087485
5281700,14400,53263,53287,147,5,169014400,0.03556083737087485
5282226,47169,16399,22566,147,5,169031232,0.03556083737087485
5282791,61504,28687,34855,147,5,169049312,0.03556083737087485
5283259,32832,55311,55333,147,5,169064288,0.03556083737087485
5283756,64,53263,20517,147,5,169080192,0.03556083737087485
5284239,43072,55311,45094,147,5,169095648,0.03556083737087485
5284819,24640,59407,32806,147,5,169114208,0.03556083737087485
5285360,43073,8206,53287,147,5,169131520,0.03556083737087485
5285819,51265,32783,30758,148,5,169146208,0.037754822195813144
5286294,38976,43023,24614,148,5,169161408,0.037754822195813144
5286753,43072,49167,32806,148,5,169176096,0.037754822195813144
5287166,22592,18447,40998,148,5,169189312,0.037754822195813144
5287625,14400,55311,16421,148,5,169204000,0.037754822195813144
5288422,2112,43023,47143,148,5,169229504,0.037754822195813144
5288800,26688,59407,22566,148,5,169241600,0.037754822195813144
5289166,49216,18447,20519,148,5,169253312,0.037754822195813144
5289593,24640,49167,32807,148,5,169266976,0.037754822195813144
5289969,2113,14352,12326,148,5,169279008,0.037754822195813144
5290308,43073,15,34855,148,5,169289856,0.037754822195813144
5290649,61504,59407,26663,148,5,169300768,0.037754822195813144
5291103,30784,40975,18471,148,5,169315296,0.037754822195813144
5291500,57408,49166,26663,148,5,169328000,0.037754822195813144
5291839,53312,61455,10278,148,5,169338848,0.037754822195813144
5292187,28737,2063,8231,148,5,169349984,0.037754822195813144
5292503,43073,15,49191,148,5,169360096,0.037754822195813144
5292915,63552,45071,43047,148,5,169373280,0.037754822195813144
5293320,2112,24591,40999,148,5,169386240,0.037754822195813144
5293752,18496,40974,38949,148,5,169400064,0.037754822195813144
5294153,41024,47119,10278,148,5,169412896,0.037754822195813144
5294455,2112,45071,10278,148,5,169422560,0.037754822195813144
5294797,34880,57359,24615,148,5,169433504,0.037754822195813144
5295152,43072,47119,53280,148,5,169444864,0.037754822195813144
5295516,10304,38927,10277,148,5,169456512,0.037754822195813144
5296107,16448,45071,16420,148,5,169475424,0.037754822195813144
5296420,32832,49167,24615,148,5,169485440,0.037754822195813144
5296833,55360,61455,34854,148,5,169498656,0.037754822195813144
5297338,28736,45071,12327,148,5,169514816,0.037754822195813144
5297800,14400,32783,26671,148,5,169529600,0.037754822195813144
5298232,45120,36879,26663,148,5,169543424,0.037754822195813144
5298712,28736,40975,45095,148,5,169558784,0.037754822195813144
5299411,26688,36879,38951,148,5,169581152,0.037754822195813144
5299912,38976,36879,24614,148,5,169597184,0.037754822195813144
5300494,43073,4111,36902,148,5,169615808,0.037754822195813144
5300858,18496,49167,59431,148,5,169627456,0.037754822195813144
5301226,51264,43023,28709,148,5,169639232,0.037754822195813144
5301560,43072,38927,10278,148,5,169649920,0.037754822195813144
5301897,22593,15,40998,148,5,169660704,0.037754822195813144
5302240,28736,24591,10279,148,5,169671680,0.037754822195813144
5302627,43073,15,26662,148,5,169684064,0.037754822195813144
5303080,22592,57359,4135,148,5,169698560,0.037754822195813144
5303544,30784,61455,30758,148,5,169713408,0.037754822195813144
5304045,14400,2063,36901,148,5,169729440,0.037754822195813144
5304445,45120,45071,38950,148,5,169742240,0.037754822195813144
5304930,57408,32782,61478,148,5,169757760,0.037754822195813144
5305344,45120,55311,10279,148,5,169771008,0.037754822195813144
5305879,22592,24591,10278,148,5,169788128,0.037754822195813144
5306336,53312,45071,12326,148,5,169802752,0.037754822195813144
5306800,12352,24591,16422,148,5,169817600,0.037754822195813144
5307416,32833,40975,30758,149,5,169837312,0.03226986013346741
5307782,24641,30735,8230,149,5,169849024,0.03226986013346741
5308092,12352,43022,45094,149,5,169858944,0.03226986013346741
5308633,14400,26639,26662,149,5,169876256,0.03226986013346741
5309178,30784,43023,45094,149,5,169893696,0.03226986013346741
5309596,2112,36879,8230,149,5,169907072,0.03226986013346741
5309943,49216,49167,24614,149,5,169918176,0.03226986013346741
5310354,43073,4111,32806,149,5,169931328,0.03226986013346741
5310699,38976,30735,34853,149,5,169942368,0.03226986013346741
5311096,64,34831,24614,149,5,169955072,0.03226986013346741
5311466,63552,34831,36902,149,5,169966912,0.03226986013346741
5311832,18497,6159,30758,149,5,169978624,0.03226986013346741
5312314,53312,26639,18471,149,5,169994048,0.03226986013346741
5312696,57408,43023,6182,149,5,170006272,0.03226986013346741
5313065,63552,43023,6182,149,5,170018080,0.03226986013346741
5314061,57408,45071,34854,149,5,170049952,0.03226986013346741
5314428,30784,34831,16422,149,5,170061696,0.03226986013346741
5314837,10305,12303,59431,149,5,170074784,0.03226986013346741
5315131,30784,38927,4132,149,5,170084192,0.03226986013346741
5315445,10304,45071,20518,149,5,170094240,0.03226986013346741
5315814,32833,2063,8230,149,5,170106048,0.03226986013346741
5316173,22592,53263,4134,149,5,170117536,0.03226986013346741
5316489,61504,49167,18471,149,5,170127648,0.03226986013346741
5316780,38976,49167,16416,149,5,170136960,0.03226986013346741
5317110,43072,57359,28709,149,5,170147520,0.03226986013346741
5317491,55361,6159,18470,149,5,170159712,0.03226986013346741
5317806,57409,10255,34854,149,5,170169792,0.03226986013346741
5318097,38976,61455,12327,149,5,170179104,0.03226986013346741
5318366,64,43023,22566,149,5,170187712,0.03226986013346741
5318725,55360,32783,6183,149,5,170199200,0.03226986013346741
5319020,26688,49167,38,149,5,170208640,0.03226986013346741
5319333,59457,6159,26663,149,5,170218656,0.03226986013346741
5319709,8256,26639,40999,149,5,170230688,0.03226986013346741
5319997,57408,61455,36902,149,5,170239904,0.03226986013346741
5320276,43072,38927,43040,149,5,170248832,0.03226986013346741
5320615,8257,10255,32806,149,5,170259680,0.03226986013346741
5321001,57409,34831,20518,149,5,170272032,0.03226986013346741
5321346,45121,10255,24614,149,5,170283072,0.03226986013346741
5321780,30785,18447,43047,149,5,170296960,0.03226986013346741
5322092,55361,14351,30758,149,5,170306944,0.03226986013346741
5322382,47168,53262,34853,149,5,170316224,0.03226986013346741
5322735,61504,36879,26661,149,5,170327520,0.03226986013346741
5323166,32832,55311,34854,149,5,170341312,0.03226986013346741
5323513,28736,32783,18470,149,5,170352416,0.03226986013346741
5323894,6208,8207,40998,149,5,170364608,0.03226986013346741
5324233,65,14351,32807,149,5,170375456,0.03226986013346741
5324539,24640,45071,55334,149,5,170385248,0.03226986013346741
5324871,16448,63503,24614,149,5,170395872,0.03226986013346741
5325236,47169,16399,8230,149,5,170407552,0.03226986013346741
5325553,61505,4111,36902,149,5,170417696,0.03226986013346741
5325944,53313,8207,26656,150,5,170430208,0.033641100649053846
5326248,34881,8207,18471,150,5,170439936,0.033641100649053846
5326535,18497,4111,57383,150,5,170449120,0.033641100649053846
5326880,59457,32784,6182,150,5,170460160,0.033641100649053846
5327144,51265,12303,34855,150,5,170468608,0.033641100649053846
5327539,2113,20495,22566,150,5,170481248,0.033641100649053846
5327907,12352,59407,45095,150,5,170493024,0.033641100649053846
5328220,59457,18447,55335,150,5,170503040,0.033641100649053846
5328500,32833,26639,47142,150,5,170512000,0.033641100649053846
5328855,41025,6159,24614,150,5,170523360,0.033641100649053846
5329194,4161,22543,38951,150,5,170534208,0.033641100649053846
5329533,57409,4111,34854,150,5,170545056,0.033641100649053846
5329966,57409,15,57382,150,5,170558912,0.033641100649053846
5330430,41026,6159,55335,150,5,170573760,0.033641100649053846
5330782,6208,45071,12327,150,5,170585024,0.033641100649053846
5331183,36928,45071,26662,150,5,170597856,0.033641100649053846
5331567,8256,32783,12326,150,5,170610144,0.033641100649053846
5331956,8256,40975,20519,150,5,170622592,0.033641100649053846
5332279,8256,49167,40998,150,5,170632928,0.033641100649053846
5332733,32833,15,47143,150,5,170647456,0.033641100649053846
5333086,47168,49167,49191,150,5,170658752,0.033641100649053846
5333617,55361,24591,18471,150,5,170675744,0.033641100649053846
5334082,53313,12303,63526,150,5,170690624,0.033641100649053846
5334368,10305,24591,16423,150,5,170699776,0.033641100649053846
5334688,51264,63503,22567,150,5,170710016,0.033641100649053846
5335009,28736,53263,8230,150,5,170720288,0.033641100649053846
5335369,28736,36879,8231,150,5,170731808,0.033641100649053846
5335945,49216,36879,22567,150,5,170750240,0.033641100649053846
5336322,51264,43023,34854,150,5,170762304,0.033641100649053846
5336761,59456,40975,63520,150,5,170776352,0.033641100649053846
5337245,61505,4111,14375,150,5,170791840,0.033641100649053846
5337684,30785,63503,40998,150,5,170805888,0.033641100649053846
5338181,24641,15,26662,150,5,170821792,0.033641100649053846
5338535,24640,63503,30759,150,5,170833120,0.033641100649053846
5339015,16448,51215,45094,150,5,170848480,0.033641100649053846
5339446,34880,57359,49189,150,5,170862272,0.033641100649053846
5339831,4161,6159,32807,150,5,170874592,0.033641100649053846
5340236,12352,47118,55335,150,5,170887552,0.033641100649053846
5340649,49217,15,22566,150,5,170900768,0.033641100649053846
5340942,6209,15,28710,150,5,170910144,0.033641100649053846
5341299,57408,45071,22566,150,5,170921568,0.033641100649053846
5341634,51264,59407,49191,150,5,170932288,0.033641100649053846
5342064,24640,61455,49190,150,5,170946048,0.033641100649053846
5342381,30784,45071,12326,150,5,170956192,0.033641100649053846
5342790,43072,57358,59430,150,5,170969280,0.033641100649053846
5343275,34880,45071,2086,150,5,170984800,0.033641100649053846
5343568,8256,55311,12327,150,5,170994176,0.033641100649053846
5343919,43073,8207,28711,150,5,171005408,0.033641100649053846
5344267,49216,59406,51238,150,5,171016544,0.033641100649053846
5344683,55360,53263,34854,150,5,171029856,0.033641100649053846
5345131,63552,55311,10278,151,5,171044192,0.03738915805832343
5345485,51265,10255,38951,151,5,171055520,0.03738915805832343
5345897,8256,34831,16416,151,5,171068704,0.03738915805832343
5346297,34880,24591,55335,151,5,171081504,0.03738915805832343
5346636,20544,53263,20519,151,5,171092352,0.03738915805832343
5347128,45120,38927,2087,151,5,171108096,0.03738915805832343
5347575,32832,10255,38950,151,5,171122400,0.03738915805832343
5348026,18496,61455,40999,151,5,171136832,0.03738915805832343
5348340,57408,18447,36902,151,5,171146880,0.03738915805832343
5348724,28736,55311,43046,151,5,171159168,0.03738915805832343
5349034,32832,61455,61479,151,5,171169088,0.03738915805832343
5349528,16448,38927,63526,151,5,171184896,0.03738915805832343
5349856,4160,45071,45094,151,5,171195392,0.03738915805832343
5350197,22592,61456,36903,151,5,171206304,0.03738915805832343
5350606,64,22543,57383,151,5,171219392,0.03738915805832343
5351065,43072,49167,36901,151,5,171234080,0.03738915805832343
5351435,12352,55311,30759,151,5,171245920,0.03738915805832343
5351764,61504,34831,59430,151,5,171256448,0.03738915805832343
5352266,20545,15,53286,151,5,171272512,0.03738915805832343
5352676,53312,49167,63527,151,5,171285632,0.03738915805832343
5352978,57408,26639,34854,151,5,171295296,0.03738915805832343
5353358,64,57359,45094,151,5,171307456,0.03738915805832343
5353666,22592,28687,63527,151,5,171317312,0.03738915805832343
5354234,64,18447,43046,151,5,171335488,0.03738915805832343
5354768,14400,26639,36902,151,5,171352576,0.03738915805832343
5355051,4160,20495,61478,151,5,171361632,0.03738915805832343
5355461,59456,32783,49190,151,5,171374752,0.03738915805832343
5355889,22592,40975,53287,151,5,171388448,0.03738915805832343
5356211,28736,55311,53287,151,5,171398752,0.03738915805832343
5356672,38976,38927,43047,151,5,171413504,0.03738915805832343
5357042,49216,36879,28710,151,5,171425344,0.03738915805832343
5357369,49215,59407,40999,151,5,171435808,0.03738915805832343
5357749,49216,53263,26662,151,5,171447968,0.03738915805832343
5358237,18496,20495,53287,151,5,171463584,0.03738915805832343
5358749,49216,34830,53286,151,5,171479968,0.03738915805832343
5359209,43071,57359,32806,151,5,171494688,0.03738915805832343
5359558,38975,40975,45094,151,5,171505856,0.03738915805832343
5359913,14399,51215,59431,151,5,171517216,0.03738915805832343
5360258,51263,53264,18464,151,5,171528256,0.03738915805832343
5360732,12352,34831,55334,151,5,171543424,0.03738915805832343
5361189,36928,8207,43040,151,5,171558048,0.03738915805832343
5361707,36928,26639,43047,151,5,171574624,0.03738915805832343
5362120,61502,59407,51240,151,5,171587840,0.03738915805832343
5362488,38975,51215,63527,151,5,171599616,0.03738915805832343
5362967,38975,28687,63527,151,5,171614944,0.03738915805832343
5363346,2111,40975,61479,151,5,171627072,0.03738915805832343
5363644,53312,16399,47143,151,5,171636608,0.03738915805832343
5364157,49215,20495,63527,151,5,171653024,0.03738915805832343
5364661,53311,43023,36903,151,5,171669152,0.03738915805832343
5365215,22591,49167,28711,151,5,171686880,0.03738915805832343
5365534,10304,22543,24615,152,5,171697088,0.038760398573909866
5366050,10304,40975,63524,152,5,171713600,0.038760398573909866
5366553,51264,43023,2085,152,5,171729696,0.038760398573909866
5366814,36928,22543,24615,152,5,171738048,0.038760398573909866
5367214,59455,55311,30757,152,5,171750848,0.038760398573909866
5367666,22591,53263,18471,152,5,171765312,0.038760398573909866
5368141,18495,18447,8230,152,5,171780512,0.038760398573909866
5368654,22591,55310,61479,152,5,171796928,0.038760398573909866
5369063,2111,45070,55334,152,5,171810016,0.038760398573909866
5369532,12352,38927,10279,152,5,171825024,0.038760398573909866
5369919,14399,47119,26663,152,5,171837408,0.038760398573909866
5370489,36927,28686,57382,152,5,171855648,0.038760398573909866
5370808,36927,20495,4134,152,5,171865856,0.038760398573909866
5371095,51263,51214,59431,152,5,171875040,0.038760398573909866
5371615,61504,6159,22567,152,5,171891680,0.038760398573909866
5372099,26687,38926,55335,152,5,171907168,0.038760398573909866
5372445,2112,24590,51239,152,5,171918240,0.038760398573909866
5372779,47167,45071,2087,152,5,171928928,0.038760398573909866
5373203,22591,57358,61479,152,5,171942496,0.038760398573909866
5373648,12351,57359,8231,152,5,171956736,0.038760398573909866
5374020,63551,32783,24608,152,5,171968640,0.038760398573909866
5374425,36927,38927,32815,152,5,171981600,0.038760398573909866
5374810,4160,24591,63526,152,5,171993920,0.038760398573909866
5375218,45120,6159,10279,152,5,172006976,0.038760398573909866
5375558,32832,16399,22575,152,5,172017856,0.038760398573909866
5375981,30784,40975,36903,152,5,172031392,0.038760398573909866
5376421,20544,16,20519,152,5,172045472,0.038760398573909866
5376777,41024,16399,61478,152,5,172056864,0.038760398573909866
5377273,47168,6159,32807,152,5,172072736,0.038760398573909866
5377567,18496,15,26662,152,5,172082144,0.038760398573909866
5377898,38975,55311,20519,152,5,172092736,0.038760398573909866
5378523,10303,51215,32807,152,5,172112736,0.038760398573909866
5378933,63551,43023,2088,152,5,172125856,0.038760398573909866
5379309,6207,49166,61472,152,5,172137888,0.038760398573909866
5380231,4159,22543,14374,152,5,172167392,0.038760398573909866
5381056,61504,12303,36902,152,5,172193792,0.038760398573909866
5381651,14399,22543,30758,152,5,172212832,0.038760398573909866
5382253,34879,34831,43040,152,5,172232096,0.038760398573909866
5382877,8256,8207,16422,152,5,172252064,0.038760398573909866
5383574,43071,57359,18470,152,5,172274368,0.038760398573909866
5384278,6208,8207,2086,152,5,172296896,0.038760398573909866
5384989,4159,51215,28710,152,5,172319648,0.038760398573909866
5385415,12352,16399,2087,152,5,172333280,0.038760398573909866
5385972,63,53263,10277,152,5,172351104,0.038760398573909866
5386276,53311,22543,24615,152,5,172360832,0.038760398573909866
5386705,16447,43023,10279,152,5,172374560,0.038760398573909866
5387033,59455,28687,38950,152,5,172385056,0.038760398573909866
5387340,2111,30735,24614,152,5,172394880,0.038760398573909866
5387723,22591,12302,59431,152,5,172407136,0.038760398573909866
5388001,6207,22543,49190,152,5,172416032,0.038760398573909866
5388312,24639,57359,22566,153,5,172425984,0.029618795136666973
5388641,4159,28687,24614,153,5,172436512,0.029618795136666973
5388958,6206,57359,26662,153,5,172446656,0.029618795136666973
5389369,30783,14351,20519,153,5,172459808,0.029618795136666973
5389772,36927,55311,38944,153,5,172472704,0.029618795136666973
5390046,38975,32783,10278,153,5,172481472,0.029618795136666973
5390370,36927,51215,36902,153,5,172491840,0.029618795136666973
5390682,43071,49167,12320,153,5,172501824,0.029618795136666973
5390949,43071,57359,4133,153,5,172510368,0.029618795136666973
5391268,41024,6159,12327,153,5,172520576,0.029618795136666973
5391583,14399,43023,63527,153,5,172530656,0.029618795136666973
5391906,6207,28687,28711,153,5,172540992,0.029618795136666973
5392378,61503,28686,51238,153,5,172556096,0.029618795136666973
5392712,34879,34831,53285,153,5,172566784,0.029618795136666973
5393092,2112,14,49190,153,5,172578944,0.029618795136666973
5393408,12351,18446,45095,153,5,172589056,0.029618795136666973
5393729,30783,32783,26663,153,5,172599328,0.029618795136666973
5394081,30783,38927,2086,153,5,172610592,0.029618795136666973
5394427,36927,34831,20519,153,5,172621664,0.029618795136666973
5394808,49216,15,28704,153,5,172633856,0.029618795136666973
5395136,16447,49167,20518,153,5,172644352,0.029618795136666973
5395466,34879,43023,22566,153,5,172654912,0.029618795136666973
5395780,59456,6159,24611,153,5,172664960,0.029618795136666973
5396094,47167,45071,2086,153,5,172675008,0.029618795136666973
5396412,59455,43023,51239,153,5,172685184,0.029618795136666973
5396826,22591,36879,55335,153,5,172698432,0.029618795136666973
5397134,36927,32783,24614,153,5,172708288,0.029618795136666973
5397493,61503,53263,59430,153,5,172719776,0.029618795136666973
5397842,10303,34831,32807,153,5,172730944,0.029618795136666973
5398147,32831,30735,45095,153,5,172740704,0.029618795136666973
5398422,30783,36879,16423,153,5,172749504,0.029618795136666973
5398716,8255,28687,36901,153,5,172758912,0.029618795136666973
5399036,36926,38927,34854,153,5,172769152,0.029618795136666973
5399333,45119,51215,20519,153,5,172778656,0.029618795136666973
5399814,49215,51215,24613,153,5,172794048,0.029618795136666973
5400180,36928,10255,61478,153,5,172805760,0.029618795136666973
5400609,18495,26639,28704,153,5,172819488,0.029618795136666973
5401001,63551,38927,22567,153,5,172832032,0.029618795136666973
5401323,55359,45071,6182,153,5,172842336,0.029618795136666973
5401658,32831,30735,6183,153,5,172853056,0.029618795136666973
5401974,34879,34831,32806,153,5,172863168,0.029618795136666973
5402343,34879,53263,28710,153,5,172874976,0.029618795136666973
5402623,18495,32783,22567,153,5,172883936,0.029618795136666973
5403003,24639,55311,6182,153,5,172896096,0.029618795136666973
5403320,4160,10255,24615,153,5,172906240,0.029618795136666973
5403737,43072,40975,38,153,5,172919584,0.029618795136666973
5404148,30784,8207,32806,153,5,172932736,0.029618795136666973
5404454,34880,4111,32807,153,5,172942528,0.029618795136666973
5404836,2111,49167,43047,153,5,172954752,0.029618795136666973
5405108,22591,22543,26663,153,5,172963456,0.029618795136666973
5405413,18495,45071,51238,154,5,172973216,0.029161714964804828
5405729,16447,45071,14375,154,5,172983328,0.029161714964804828
5406046,38975,32783,24615,154,5,172993472,0.029161714964804828
5406369,32831,49167,8231,154,5,173003808,0.029161714964804828
5406652,18495,38927,55334,154,5,173012864,0.029161714964804828
5407154,16448,4111,28704,154,5,173028928,0.029161714964804828
5407484,12352,4111,40997,154,5,173039488,0.029161714964804828
5407836,55359,49167,10279,154,5,173050752,0.029161714964804828
5408161,8255,30735,22567,154,5,173061152,0.029161714964804828
5408562,41023,51215,36902,154,5,173073984,0.029161714964804828
5408859,61503,36879,12327,154,5,173083488,0.029161714964804828
5409133,63552,10255,26663,154,5,173092256,0.029161714964804828
5409439,28735,49167,36903,154,5,173102048,0.029161714964804828
5409739,12351,49167,8231,154,5,173111648,0.029161714964804828
5410060,55360,15,4134,154,5,173121920,0.029161714964804828
5410379,10304,16399,28711,154,5,173132128,0.029161714964804828
5410656,16448,15,38951,154,5,173140992,0.029161714964804828
5410967,47167,28687,24609,154,5,173150944,0.029161714964804828
5411482,6207,40975,10278,154,5,173167424,0.029161714964804828
5411770,53311,22543,34854,154,5,173176640,0.029161714964804828
5412056,22591,38927,14374,154,5,173185792,0.029161714964804828
5412358,61504,2063,63526,154,5,173195456,0.029161714964804828
5412693,32831,30735,63526,154,5,173206176,0.029161714964804828
5413022,18495,49167,57382,154,5,173216704,0.029161714964804828
5413378,18496,20495,20518,154,5,173228096,0.029161714964804828
5413687,49215,45071,22567,154,5,173237984,0.029161714964804828
5414002,43071,38927,28710,154,5,173248064,0.029161714964804828
5414317,12352,22543,22566,154,5,173258144,0.029161714964804828
5414605,22592,6159,30752,154,5,173267360,0.029161714964804828
5414897,63,22543,22567,154,5,173276704,0.029161714964804828
5415194,26687,51215,63526,154,5,173286208,0.029161714964804828
5415529,18495,55311,40992,154,5,173296928,0.029161714964804828
5415956,26687,57359,24615,154,5,173310592,0.029161714964804828
5416294,51263,53263,40998,154,5,173321408,0.029161714964804828
5416620,16447,55311,57383,154,5,173331840,0.029161714964804828
5417009,28736,32783,38950,154,5,173344288,0.029161714964804828
5417302,47167,51215,16423,154,5,173353664,0.029161714964804828
5417632,53311,53263,32806,154,5,173364224,0.029161714964804828
5417967,64,15,34855,154,5,173374944,0.029161714964804828
5418265,59455,32783,18470,154,5,173384480,0.029161714964804828
5418581,34879,55311,26661,154,5,173394592,0.029161714964804828
5418925,26687,26639,63527,154,5,173405600,0.029161714964804828
5419201,8255,10255,36901,154,5,173414432,0.029161714964804828
5419473,63551,24591,34855,154,5,173423136,0.029161714964804828
5419821,38975,43023,32807,154,5,173434272,0.029161714964804828
5420148,18496,20495,40999,154,5,173444736,0.029161714964804828
5420471,64,16399,36902,154,5,173455072,0.029161714964804828
5420866,51264,22543,30759,154,5,173467712,0.029161714964804828
5421238,12351,57359,20519,154,5,173479616,0.029161714964804828
5421507,63,20495,53286,154,5,173488224,0.029161714964804828
5422021,59455,24591,55336,155,5,173504672,0.03071578754913612
5422358,49215,36879,43046,155,5,173515456,0.03071578754913612
5422628,32831,49167,22566,155,5,173524096,0.03071578754913612
5422940,63,55311,36897,155,5,173534080,0.03071578754913612
5423248,10303,55311,49190,155,5,173543936,0.03071578754913612
5423584,32831,57359,45094,155,5,173554688,0.03071578754913612
5423909,55360,15,43046,155,5,173565088,0.03071578754913612
5424211,63,49167,45094,155,5,173574752,0.03071578754913612
5424706,57407,26639,26663,155,5,173590592,0.03071578754913612
5425065,20543,40975,51238,155,5,173602080,0.03071578754913612
5425380,26688,8207,20518,155,5,173612160,0.03071578754913612
5425754,14400,20495,36903,155,5,173624128,0.03071578754913612
5426106,49215,38927,34854,155,5,173635392,0.03071578754913612
5426375,38975,43023,51238,155,5,173644000,0.03071578754913612
5426780,10303,24591,43046,155,5,173656960,0.03071578754913612
5427099,38975,53263,40998,155,5,173667168,0.03071578754913612
5427413,28735,45071,34848,155,5,173677216,0.03071578754913612
5427881,34879,55311,43047,155,5,173692192,0.03071578754913612
5428182,32831,36879,53286,155,5,173701824,0.03071578754913612
5428472,26687,32784,18469,155,5,173711104,0.03071578754913612
5428753,6207,51215,34848,155,5,173720096,0.03071578754913612
5429102,55360,2063,24614,155,5,173731264,0.03071578754913612
5429391,49215,28687,38,155,5,173740512,0.03071578754913612
5429792,57407,22543,61477,155,5,173753344,0.03071578754913612
5430133,47167,38927,57382,155,5,173764256,0.03071578754913612
5430474,43071,55310,57382,155,5,173775168,0.03071578754913612
5430824,63551,55311,36902,155,5,173786368,0.03071578754913612
5431167,63,40975,2087,155,5,173797344,0.03071578754913612
5431482,2111,43023,38,155,5,173807424,0.03071578754913612
5431893,32831,20495,45095,155,5,173820576,0.03071578754913612
5432243,30783,43023,49198,155,5,173831776,0.03071578754913612
5432562,32831,49167,18471,155,5,173841984,0.03071578754913612
5432903,28735,20495,28710,155,5,173852896,0.03071578754913612
5433185,61503,40975,63525,155,5,173861920,0.03071578754913612
5433498,64,8207,43046,155,5,173871936,0.03071578754913612
5433771,57407,12303,61478,155,5,173880672,0.03071578754913612
5434140,34880,2062,61478,155,5,173892480,0.03071578754913612
5434458,12351,36879,30759,155,5,173902656,0.03071578754913612
5434745,55359,43023,24614,155,5,173911840,0.03071578754913612
5435062,41023,45071,22566,155,5,173921984,0.03071578754913612
5435558,22592,12303,39,155,5,173937856,0.03071578754913612
5435895,8255,20495,63526,155,5,173948640,0.03071578754913612
5436280,16447,51215,39,155,5,173960960,0.03071578754913612
5436593,55359,51215,16421,155,5,173970976,0.03071578754913612
5436933,4159,38927,10279,155,5,173981856,0.03071578754913612
5437255,16447,36879,16423,155,5,173992160,0.03071578754913612
5437599,63551,53263,18470,155,5,174003168,0.03071578754913612
5437924,10304,2063,16423,155,5,174013568,0.03071578754913612
5438269,4159,38927,20518,155,5,174024608,0.03071578754913612
5438631,59455,30735,57383,155,5,174036192,0.03071578754913612
5438953,2111,30735,43047,156,5,174046496,0.029253130999177257
5439265,24639,6158,16423,156,5,174056480,0.029253130999177257
5439653,38975,38927,55335,156,5,174068896,0.029253130999177257
5439922,43071,59407,38944,156,5,174077504,0.029253130999177257
5440218,24639,45071,43040,156,5,174086976,0.029253130999177257
5440485,10303,38927,26662,156,5,174095520,0.029253130999177257
5440864,63,32783,24621,156,5,174107648,0.029253130999177257
5441133,8255,57359,22567,156,5,174116256,0.029253130999177257
5441453,10303,40975,18471,156,5,174126496,0.029253130999177257
5441757,63,22543,22567,156,5,174136224,0.029253130999177257
5442096,45120,8207,32800,156,5,174147072,0.029253130999177257
5442455,16447,34831,12326,156,5,174158560,0.029253130999177257
5442800,24639,24591,32807,156,5,174169600,0.029253130999177257
5443130,61503,34830,36902,156,5,174180160,0.029253130999177257
5443479,6208,2062,57376,156,5,174191328,0.029253130999177257
5443811,30783,53263,16416,156,5,174201952,0.029253130999177257
5444129,30783,30735,30759,156,5,174212128,0.029253130999177257
5444515,43071,47119,8231,156,5,174224480,0.029253130999177257
5444826,36927,30735,20512,156,5,174234432,0.029253130999177257
5445107,16447,40975,28711,156,5,174243424,0.029253130999177257
5445473,63,32782,57383,156,5,174255136,0.029253130999177257
5445758,63551,6159,43046,156,5,174264256,0.029253130999177257
5446127,53311,10255,32806,156,5,174276064,0.029253130999177257
5446413,16447,24591,18470,156,5,174285216,0.029253130999177257
5446769,10303,26639,34848,156,5,174296608,0.029253130999177257
5447081,55359,24591,45094,156,5,174306592,0.029253130999177257
5447448,24639,24591,24608,156,5,174318336,0.029253130999177257
5447812,53311,38927,28706,156,5,174329984,0.029253130999177257
5448119,12351,47119,22567,156,5,174339808,0.029253130999177257
5448488,20543,34831,63527,156,5,174351616,0.029253130999177257
5448806,55359,12303,24614,156,5,174361792,0.029253130999177257
5449113,30783,40975,10278,156,5,174371616,0.029253130999177257
5449466,57407,10255,8238,156,5,174382912,0.029253130999177257
5449777,20543,24591,55333,156,5,174392864,0.029253130999177257
5450077,41023,28687,34855,156,5,174402464,0.029253130999177257
5450392,4159,14351,26663,156,5,174412544,0.029253130999177257
5450723,55358,57359,51238,156,5,174423136,0.029253130999177257
5451095,14399,57359,8231,156,5,174435040,0.029253130999177257
5451423,4159,32783,59430,156,5,174445536,0.029253130999177257
5451792,55359,36879,32805,156,5,174457344,0.029253130999177257
5452126,4159,40975,8230,156,5,174468032,0.029253130999177257
5452451,22592,15,32807,156,5,174478432,0.029253130999177257
5452751,18495,53263,16421,156,5,174488032,0.029253130999177257
5453066,20543,32783,8229,156,5,174498112,0.029253130999177257
5453385,53311,10255,10279,156,5,174508320,0.029253130999177257
5453810,20543,34831,36911,156,5,174521920,0.029253130999177257
5454088,24639,45071,26663,156,5,174530816,0.029253130999177257
5454371,49215,28687,26663,156,5,174539872,0.029253130999177257
5454668,10303,57359,53287,156,5,174549376,0.029253130999177257
5455131,63,34831,26663,156,5,174564192,0.029253130999177257
5455467,14399,22543,32807,157,5,174574944,0.029435963067922115
5455888,14399,26639,20518,157,5,174588416,0.029435963067922115
5456268,18495,38927,28710,157,5,174600576,0.029435963067922115
5456845,18495,51215,6183,157,5,174619040,0.029435963067922115
5457102,41022,45071,26663,157,5,174627264,0.029435963067922115
5457468,30784,8207,20519,157,5,174638976,0.029435963067922115
5457795,59455,51215,22567,157,5,174649440,0.029435963067922115
5458099,55359,51215,12327,157,5,174659168,0.029435963067922115
5458395,45120,2063,40998,157,5,174668640,0.029435963067922115
5458689,63552,2063,20518,157,5,174678048,0.029435963067922115
5458990,30783,53263,36904,157,5,174687680,0.029435963067922115
5459395,53311,51215,24615,157,5,174700640,0.029435963067922115
5459769,12351,30735,14374,157,5,174712608,0.029435963067922115
5460117,43072,10255,38951,157,5,174723744,0.029435963067922115
5460419,63551,36879,22560,157,5,174733408,0.029435963067922115
5460705,2111,43023,24611,157,5,174742560,0.029435963067922115
5461024,61503,53263,12327,157,5,174752768,0.029435963067922115
5461325,43071,36879,24615,157,5,174762400,0.029435963067922115
5461632,20543,53263,28710,157,5,174772224,0.029435963067922115
5461973,63552,12303,6176,157,5,174783136,0.029435963067922115
5462364,38975,51215,28710,157,5,174795648,0.029435963067922115
5462674,32832,12303,26656,157,5,174805568,0.029435963067922115
5463003,41023,10255,26658,157,5,174816096,0.029435963067922115
5463293,53311,38927,45096,157,5,174825376,0.029435963067922115
5463602,47167,32783,63527,157,5,174835264,0.029435963067922115
5463955,36927,59407,34855,157,5,174846560,0.029435963067922115
5464248,38975,32783,40999,157,5,174855936,0.029435963067922115
5464664,51263,38927,36903,157,5,174869248,0.029435963067922115
5464985,34879,43023,45095,157,5,174879520,0.029435963067922115
5465343,28735,51215,59431,157,5,174890976,0.029435963067922115
5465611,16448,16399,51239,157,5,174899552,0.029435963067922115
5465932,38975,59407,18470,157,5,174909824,0.029435963067922115
5466332,26687,51216,16422,157,5,174922624,0.029435963067922115
5466646,47167,22543,2086,157,5,174932672,0.029435963067922115
5467133,10303,40975,10278,157,5,174948256,0.029435963067922115
5467482,32831,51215,20519,157,5,174959424,0.029435963067922115
5467781,63552,15,28711,157,5,174968992,0.029435963067922115
5468085,63551,51215,6182,157,5,174978720,0.029435963067922115
5468497,20543,49167,20518,157,5,174991904,0.029435963067922115
5469073,59455,34831,49190,157,5,175010336,0.029435963067922115
5469440,59456,63503,32806,157,5,175022080,0.029435963067922115
5469746,45119,10255,26662,157,5,175031872,0.029435963067922115
5470049,30783,43023,18471,157,5,175041568,0.029435963067922115
5470398,4159,36879,22567,157,5,175052736,0.029435963067922115
5470763,57407,36879,57382,157,5,175064416,0.029435963067922115
5471181,57407,49167,55335,157,5,175077792,0.029435963067922115
5471532,55360,4111,63526,157,5,175089024,0.029435963067922115
5471841,2111,59407,36903,157,5,175098912,0.029435963067922115
5472163,49215,51215,32806,157,5,175109216,0.029435963067922115
5472480,8255,53263,32800,157,5,175119360,0.029435963067922115
5472854,30783,18447,53287,158,5,175131328,0.030441539446018833
5473200,47167,49167,28711,158,5,175142400,0.030441539446018833
5473512,63,26639,36903,158,5,175152384,0.030441539446018833
5473933,63,40975,43047,158,5,175165856,0.030441539446018833
5474258,24639,18447,38950,158,5,175176256,0.030441539446018833
5474609,20543,18447,16422,158,5,175187488,0.030441539446018833
5474951,57407,30735,22566,158,5,175198432,0.030441539446018833
5475282,6207,22543,8230,158,5,175209024,0.030441539446018833
5475575,61503,20495,24614,158,5,175218400,0.030441539446018833
5475875,8255,24591,36903,158,5,175228000,0.030441539446018833
5476181,6207,20495,34854,158,5,175237792,0.030441539446018833
5476472,43071,47119,34854,158,5,175247104,0.030441539446018833
5476861,32832,18447,53286,158,5,175259552,0.030441539446018833
5477184,43071,45071,18471,158,5,175269888,0.030441539446018833
5477589,8255,53263,32802,158,5,175282848,0.030441539446018833
5477911,61503,57359,43047,158,5,175293152,0.030441539446018833
5478251,61503,43023,22566,158,5,175304032,0.030441539446018833
5478591,43071,59407,40998,158,5,175314912,0.030441539446018833
5478931,43071,43023,40999,158,5,175325792,0.030441539446018833
5479244,26687,22543,55334,158,5,175335808,0.030441539446018833
5479599,28735,14351,61478,158,5,175347168,0.030441539446018833
5479932,45120,14351,26663,158,5,175357824,0.030441539446018833
5480274,6207,40975,61472,158,5,175368768,0.030441539446018833
5480672,53311,34831,38950,158,5,175381504,0.030441539446018833
5480990,36927,55311,61479,158,5,175391680,0.030441539446018833
5481333,2111,55311,28710,158,5,175402656,0.030441539446018833
5481676,38975,59407,22567,158,5,175413632,0.030441539446018833
5481997,26688,4111,36903,158,5,175423904,0.030441539446018833
5482297,30783,32783,24614,158,5,175433504,0.030441539446018833
5482612,28735,30735,63527,158,5,175443584,0.030441539446018833
5482993,34879,40975,24615,158,5,175455776,0.030441539446018833
5483309,28735,32783,63527,158,5,175465888,0.030441539446018833
5483712,30783,45071,38944,158,5,175478784,0.030441539446018833
5484082,10303,18447,55333,158,5,175490624,0.030441539446018833
5484394,55359,32783,24614,158,5,175500608,0.030441539446018833
5484742,51263,36879,49191,158,5,175511744,0.030441539446018833
5485070,63551,51215,38951,158,5,175522240,0.030441539446018833
5485430,41024,6159,55334,158,5,175533760,0.030441539446018833
5485730,51264,8207,43047,158,5,175543360,0.030441539446018833
5486047,49215,26639,24615,158,5,175553504,0.030441539446018833
5486366,16447,43023,16423,158,5,175563712,0.030441539446018833
5486688,32831,38927,55333,158,5,175574016,0.030441539446018833
5487042,43072,20495,51238,158,5,175585344,0.030441539446018833
5487383,49216,12303,36896,158,5,175596256,0.030441539446018833
5487711,18495,43023,2086,158,5,175606752,0.030441539446018833
5488016,18495,22543,36902,158,5,175616512,0.030441539446018833
5488338,49215,22543,16423,158,5,175626816,0.030441539446018833
5488717,26687,53263,49191,158,5,175638944,0.030441539446018833
5489059,55359,8207,10278,158,5,175649888,0.030441539446018833
5489532,28735,20495,12326,158,5,175665024,0.030441539446018833
5489850,22591,40975,32807,159,5,175675200,0.03162994789286041
5490208,2111,53263,26656,159,5,175686656,0.03162994789286041
5490570,45119,43023,24615,159,5,175698240,0.03162994789286041
5490925,10303,47119,24623,159,5,175709600,0.03162994789286041
5491232,57407,49168,34855,159,5,175719424,0.03162994789286041
5491548,55360,8207,36902,159,5,175729536,0.03162994789286041
5491892,43071,40975,28704,159,5,175740544,0.03162994789286041
5492263,12351,53263,45095,159,5,175752416,0.03162994789286041
5492636,26687,51215,40997,159,5,175764352,0.03162994789286041
5492933,63551,20495,59430,159,5,175773856,0.03162994789286041
5493294,32831,36879,40999,159,5,175785408,0.03162994789286041
5493670,34879,51215,43047,159,5,175797440,0.03162994789286041
5494043,36927,38927,63526,159,5,175809376,0.03162994789286041
5494362,8256,2063,40996,159,5,175819584,0.03162994789286041
5494864,30783,40975,34848,159,5,175835648,0.03162994789286041
5495131,53311,28687,26662,159,5,175844192,0.03162994789286041
5495476,12351,55311,38950,159,5,175855232,0.03162994789286041
5495794,28735,40975,6182,159,5,175865408,0.03162994789286041
5496151,63,36879,36896,159,5,175876832,0.03162994789286041
5496490,32831,38927,63527,159,5,175887680,0.03162994789286041
5496802,63,57359,43040,159,5,175897664,0.03162994789286041
5497167,57407,40975,43046,159,5,175909344,0.03162994789286041
5497555,43071,55311,28711,159,5,175921760,0.03162994789286041
5497901,53311,43024,8231,159,5,175932832,0.03162994789286041
5498294,2111,43023,12326,159,5,175945408,0.03162994789286041
5498659,6208,15,30759,159,5,175957088,0.03162994789286041
5498980,36927,30735,51239,159,5,175967360,0.03162994789286041
5499359,28735,45071,38951,159,5,175979488,0.03162994789286041
5499671,12351,28687,32806,159,5,175989472,0.03162994789286041
5500106,43072,15,38951,159,5,176003392,0.03162994789286041
5500430,57407,24591,49191,159,5,176013760,0.03162994789286041
5500740,16447,14351,38950,159,5,176023680,0.03162994789286041
5501132,34879,57359,34862,159,5,176036224,0.03162994789286041
5501428,55359,34831,63527,159,5,176045696,0.03162994789286041
5501803,36927,34831,20519,159,5,176057696,0.03162994789286041
5502107,34879,34831,20512,159,5,176067424,0.03162994789286041
5502476,55359,38927,20519,159,5,176079232,0.03162994789286041
5502791,51263,55311,32807,159,5,176089312,0.03162994789286041
5503072,18495,45071,28711,159,5,176098304,0.03162994789286041
5503509,38975,32783,38944,159,5,176112288,0.03162994789286041
5503825,2111,32783,63527,159,5,176122400,0.03162994789286041
5504196,20543,14351,28711,159,5,176134272,0.03162994789286041
5504575,51263,51215,20518,159,5,176146400,0.03162994789286041
5504850,6208,2063,49190,159,5,176155200,0.03162994789286041
5505206,47167,34831,24615,159,5,176166592,0.03162994789286041
5505530,63551,22543,36903,159,5,176176960,0.03162994789286041
5505836,43071,30735,20518,159,5,176186752,0.03162994789286041
5506138,43071,32783,40999,159,5,176196416,0.03162994789286041
5506425,32831,51215,51239,159,5,176205600,0.03162994789286041
5506793,26687,53263,34854,159,5,176217376,0.03162994789286041
5507119,22591,40975,49191,160,5,176227808,0.030898619617880978
5507458,14399,49167,63527,160,5,176238656,0.030898619617880978
5507806,57407,38927,22567,160,5,176249792,0.030898619617880978
5508128,28735,45071,18464,160,5,176260096,0.030898619617880978
5508440,8256,6159,43047,160,5,176270080,0.030898619617880978
5508816,63552,4111,30752,160,5,176282112,0.030898619617880978
5509121,55359,28687,38951,160,5,176291872,0.030898619617880978
5509546,24639,49167,63527,160,5,176305472,0.030898619617880978
5509865,63551,38927,22567,160,5,176315680,0.030898619617880978
5510162,18495,30735,16423,160,5,176325184,0.030898619617880978
5510593,61504,15,36902,160,5,176338976,0.030898619617880978
5510981,8255,45071,26656,160,5,176351392,0.030898619617880978
5511327,41023,43023,38951,160,5,176362464,0.030898619617880978
5511641,41023,38927,34854,160,5,176372512,0.030898619617880978
5512033,22592,49167,57376,160,5,176385056,0.030898619617880978
5512325,12351,34831,16430,160,5,176394400,0.030898619617880978
5512663,49214,45071,53280,160,5,176405216,0.030898619617880978
5512971,16448,6159,36896,160,5,176415072,0.030898619617880978
5513308,20544,32783,22567,160,5,176425856,0.030898619617880978
5513571,38976,26639,28710,160,5,176434272,0.030898619617880978
5513912,63,4111,20518,160,5,176445184,0.030898619617880978
5514226,53312,20495,18470,160,5,176455232,0.030898619617880978
5514526,8256,18447,34854,160,5,176464832,0.030898619617880978
5514930,57407,28687,10279,160,5,176477760,0.030898619617880978
5515245,30784,12303,16423,160,5,176487840,0.030898619617880978
5515635,22592,28687,32807,160,5,176500320,0.030898619617880978
5515978,22591,51215,22567,160,5,176511296,0.030898619617880978
5516277,47167,57359,28711,160,5,176520864,0.030898619617880978
5516590,12351,51215,26656,160,5,176530880,0.030898619617880978
5516964,34879,53263,26663,160,5,176542848,0.030898619617880978
5517284,26688,16399,55334,160,5,176553088,0.030898619617880978
5517561,28735,49167,34855,160,5,176561952,0.030898619617880978
5517974,34880,10255,10278,160,5,176575168,0.030898619617880978
5518304,22592,26638,51239,160,5,176585728,0.030898619617880978
5518599,16447,45071,55334,160,5,176595168,0.030898619617880978
5518983,45120,15,45088,160,5,176607456,0.030898619617880978
5519375,26688,10255,36902,160,5,176620000,0.030898619617880978
5519674,32832,20495,38949,160,5,176629568,0.030898619617880978
5520022,49215,55311,32800,160,5,176640704,0.030898619617880978
5520370,51263,59407,36903,160,5,176651840,0.030898619617880978
5520727,34879,57359,22567,160,5,176663264,0.030898619617880978
5521030,16447,38927,57382,160,5,176672960,0.030898619617880978
5521438,41024,18447,38951,160,5,176686016,0.030898619617880978
5521776,28736,8207,38950,160,5,176696832,0.030898619617880978
5522127,53311,16399,8224,160,5,176708064,0.030898619617880978
5522457,6207,57359,20519,160,5,176718624,0.030898619617880978
5522806,4159,40975,59430,160,5,176729792,0.030898619617880978
5523104,4159,30735,20519,160,5,176739328,0.030898619617880978
5523392,49215,43023,49191,160,5,176748544,0.030898619617880978
5523774,2111,36879,51238,160,5,176760768,0.030898619617880978
5524139,16447,36879,12327,161,5,176772448,0.030441539446018833
5524471,20543,4111,32806,161,5,176783072,0.030441539446018833
5524824,45119,40974,51238,161,5,176794368,0.030441539446018833
5525147,16447,40975,40999,161,5,176804704,0.030441539446018833
5525592,24639,38927,28710,161,5,176818944,0.030441539446018833
5525945,59455,36879,59430,161,5,176830240,0.030441539446018833
5526241,4160,18447,49190,161,5,176839712,0.030441539446018833
5526553,22591,53263,38945,161,5,176849696,0.030441539446018833
5526920,43071,36879,24615,161,5,176861440,0.030441539446018833
5527239,32831,53263,20513,161,5,176871648,0.030441539446018833
5527522,63551,45071,40998,161,5,176880704,0.030441539446018833
5527846,16447,47119,57383,161,5,176891072,0.030441539446018833
5528179,16448,26639,18471,161,5,176901728,0.030441539446018833
5528517,22592,12303,43048,161,5,176912544,0.030441539446018833
5528818,6207,45071,43047,161,5,176922176,0.030441539446018833
5529137,10304,4111,20518,161,5,176932384,0.030441539446018833
5529508,22591,53263,38951,161,5,176944256,0.030441539446018833
5529794,32831,26639,22569,161,5,176953408,0.030441539446018833
5530205,51263,51215,24615,161,5,176966560,0.030441539446018833
5530542,10303,32783,43046,161,5,176977344,0.030441539446018833
5530875,24639,30735,28709,161,5,176988000,0.030441539446018833
5531219,38975,51215,49191,161,5,176999008,0.030441539446018833
5531556,36927,28687,12327,161,5,177009792,0.030441539446018833
5531863,20545,2063,30759,161,5,177019616,0.030441539446018833
5532206,38975,36879,28711,161,5,177030592,0.030441539446018833
5532516,22591,55311,47142,161,5,177040512,0.030441539446018833
5532866,63551,32783,34855,161,5,177051712,0.030441539446018833
5533222,55359,53263,22567,161,5,177063104,0.030441539446018833
5533500,57407,28687,22567,161,5,177072000,0.030441539446018833
5533928,20543,26639,34854,161,5,177085696,0.030441539446018833
5534274,16447,51215,34855,161,5,177096768,0.030441539446018833
5534628,49215,49167,28711,161,5,177108096,0.030441539446018833
5534929,63,32783,20519,161,5,177117728,0.030441539446018833
5535231,57407,49167,36903,161,5,177127392,0.030441539446018833
5535550,63551,34831,18471,161,5,177137600,0.030441539446018833
5535969,41023,55311,28704,161,5,177151008,0.030441539446018833
5536347,4159,49167,12326,161,5,177163104,0.030441539446018833
5536644,38976,6159,59430,161,5,177172608,0.030441539446018833
5537001,16448,4111,28711,161,5,177184032,0.030441539446018833
5537343,26687,10255,40992,161,5,177194976,0.030441539446018833
5537665,6207,51215,43046,161,5,177205280,0.030441539446018833
5537975,41023,36879,18470,161,5,177215200,0.030441539446018833
5538336,12351,4111,20512,161,5,177226752,0.030441539446018833
5538624,24640,15,43047,161,5,177235968,0.030441539446018833
5538973,45119,8208,16423,161,5,177247136,0.030441539446018833
5539343,41023,32783,28711,161,5,177258976,0.030441539446018833
5539705,41023,36879,30758,161,5,177270560,0.030441539446018833
5540021,63,38926,45095,161,5,177280672,0.030441539446018833
5540309,22591,28687,34854,161,5,177289888,0.030441539446018833
5540601,24639,34831,55334,161,5,177299232,0.030441539446018833
5540933,41023,57359,51238,162,5,177309856,0.03162994789286041
5541216,12351,49167,51239,162,5,177318912,0.03162994789286041
5541597,51263,57359,18471,162,5,177331104,0.03162994789286041
5541950,47167,36879,59431,162,5,177342400,0.03162994789286041
5542411,57407,47119,61479,162,5,177357152,0.03162994789286041
5542790,61503,40976,36902,162,5,177369280,0.03162994789286041
5543160,45119,45071,20519,162,5,177381120,0.03162994789286041
5543465,10302,63503,8231,162,5,177390880,0.03162994789286041
5543788,34879,34831,20519,162,5,177401216,0.03162994789286041
5544082,61504,16399,18469,162,5,177410624,0.03162994789286041
5544436,41023,8207,24615,162,5,177421952,0.03162994789286041
5544891,45119,55311,26662,162,5,177436512,0.03162994789286041
5545221,32831,20495,24615,162,5,177447072,0.03162994789286041
5545491,63551,16399,30759,162,5,177455712,0.03162994789286041
5545887,24639,34831,45088,162,5,177468384,0.03162994789286041
5546211,28735,53263,45094,162,5,177478752,0.03162994789286041
5546589,22591,43023,59430,162,5,177490848,0.03162994789286041
5546912,30783,51215,45094,162,5,177501184,0.03162994789286041
5547218,14399,28687,34855,162,5,177510976,0.03162994789286041
5547623,63551,32783,57383,162,5,177523936,0.03162994789286041
5547975,41023,26639,28710,162,5,177535200,0.03162994789286041
5548314,49215,53263,47142,162,5,177546048,0.03162994789286041
5548784,4160,2063,22566,162,5,177561088,0.03162994789286041
5549164,4160,2063,53285,162,5,177573248,0.03162994789286041
5549491,8255,47119,12327,162,5,177583712,0.03162994789286041
5549855,6207,53263,18471,162,5,177595360,0.03162994789286041
5550207,47167,57359,20517,162,5,177606624,0.03162994789286041
5550618,28735,53263,12320,162,5,177619776,0.03162994789286041
5550930,36928,22543,22566,162,5,177629760,0.03162994789286041
5551239,61504,2063,59431,162,5,177639648,0.03162994789286041
5551577,47168,15,22567,162,5,177650464,0.03162994789286041
5551921,30784,12303,12327,162,5,177661472,0.03162994789286041
5552278,34879,14351,28711,162,5,177672896,0.03162994789286041
5552547,61503,40975,38950,162,5,177681504,0.03162994789286041
5552880,4159,20494,61479,162,5,177692160,0.03162994789286041
5553249,45120,15,24615,162,5,177703968,0.03162994789286041
5553544,20543,45070,59428,162,5,177713408,0.03162994789286041
5553827,43072,15,16416,162,5,177722464,0.03162994789286041
5554222,30784,18447,38951,162,5,177735104,0.03162994789286041
5554514,55360,15,43046,162,5,177744448,0.03162994789286041
5554848,16447,22544,18471,162,5,177755136,0.03162994789286041
5555178,38976,10255,43046,162,5,177765696,0.03162994789286041
5555467,10303,34831,26663,162,5,177774944,0.03162994789286041
5555816,26687,59407,24614,162,5,177786112,0.03162994789286041
5556139,14399,34831,36903,162,5,177796448,0.03162994789286041
5556521,38975,45071,45095,162,5,177808672,0.03162994789286041
5556879,38975,57359,24608,162,5,177820128,0.03162994789286041
5557272,34879,34831,22560,162,5,177832704,0.03162994789286041
5557618,45119,40975,38951,162,5,177843776,0.03162994789286041
5557964,51264,14351,36902,162,5,177854848,0.03162994789286041
5558330,2111,34831,6183,163,5,177866560,0.030532955480391262
5558702,8255,10255,32807,163,5,177878464,0.030532955480391262
5559016,32831,20495,22565,163,5,177888512,0.030532955480391262
5559324,47167,16399,32807,163,5,177898368,0.030532955480391262
5559708,6207,28687,36903,163,5,177910656,0.030532955480391262
5560044,30783,26639,20519,163,5,177921408,0.030532955480391262
5560406,28735,36879,38951,163,5,177932992,0.030532955480391262
5560731,24639,20495,57382,163,5,177943392,0.030532955480391262
5561025,59455,51215,38949,163,5,177952800,0.030532955480391262
5561471,26687,32783,36903,163,5,177967072,0.030532955480391262
5561826,22591,34831,36901,163,5,177978432,0.030532955480391262
5562160,51263,26639,28710,163,5,177989120,0.030532955480391262
5562484,16447,20495,28710,163,5,177999488,0.030532955480391262
5562793,30783,36879,12326,163,5,178009376,0.030532955480391262
5563130,12351,38927,12327,163,5,178020160,0.030532955480391262
5563456,22591,34831,49191,163,5,178030592,0.030532955480391262
5563737,59455,43023,38950,163,5,178039584,0.030532955480391262
5564031,8255,34831,53280,163,5,178048992,0.030532955480391262
5564482,36927,49167,47142,163,5,178063424,0.030532955480391262
5564906,28735,43023,24615,163,5,178076992,0.030532955480391262
5565284,47167,51215,57382,163,5,178089088,0.030532955480391262
5565626,30782,61455,55335,163,5,178100032,0.030532955480391262
5566011,45119,36879,36903,163,5,178112352,0.030532955480391262
5566292,18495,18447,36903,163,5,178121344,0.030532955480391262
5566632,34879,38927,36903,163,5,178132224,0.030532955480391262
5566971,38975,22543,28704,163,5,178143072,0.030532955480391262
5567279,49215,45071,26663,163,5,178152928,0.030532955480391262
5567612,63,34831,51239,163,5,178163584,0.030532955480391262
5567891,57407,55311,28710,163,5,178172512,0.030532955480391262
5568264,14399,43023,26663,163,5,178184448,0.030532955480391262
5568586,14399,24591,32800,163,5,178194752,0.030532955480391262
5568913,22590,61455,28711,163,5,178205216,0.030532955480391262
5569211,4159,55311,34855,163,5,178214752,0.030532955480391262
5569537,20543,22543,16423,163,5,178225184,0.030532955480391262
5569871,18495,26639,24615,163,5,178235872,0.030532955480391262
5570238,28735,28686,34856,163,5,178247616,0.030532955480391262
5570532,47167,6159,36903,163,5,178257024,0.030532955480391262
5570797,64,15,34854,163,5,178265504,0.030532955480391262
5571089,24639,10255,45095,163,5,178274848,0.030532955480391262
5571458,53311,28687,45095,163,5,178286656,0.030532955480391262
5571797,14400,18447,63527,163,5,178297504,0.030532955480391262
5572152,43071,26639,57382,163,5,178308864,0.030532955480391262
5572522,36927,40975,55334,163,5,178320704,0.030532955480391262
5572883,8255,34832,39,163,5,178332256,0.030532955480391262
5573287,49215,26639,45095,163,5,178345184,0.030532955480391262
5573567,26687,57359,59430,163,5,178354144,0.030532955480391262
5573859,12351,40975,36903,163,5,178363488,0.030532955480391262
5574223,18495,55311,18464,163,5,178375136,0.030532955480391262
5574614,55359,40975,34854,163,5,178387648,0.030532955480391262
5574937,8255,15,43046,163,5,178397984,0.030532955480391262
5575202,57407,6159,24615,164,5,178406464,0.030258707377273975
5575483,63551,32783,38951,164,5,178415456,0.030258707377273975
5575785,57406,47119,36903,164,5,178425120,0.030258707377273975
5576160,22591,28687,30758,164,5,178437120,0.030258707377273975
5576568,53310,53263,16422,164,5,178450176,0.030258707377273975
5576895,12350,61455,47143,164,5,178460640,0.030258707377273975
5577310,10303,22543,10279,164,5,178473920,0.030258707377273975
5577606,6207,15,51239,164,5,178483392,0.030258707377273975
5577914,6206,57359,4129,164,5,178493248,0.030258707377273975
5578221,28735,28687,26663,164,5,178503072,0.030258707377273975
5578657,45119,8207,45095,164,5,178517024,0.030258707377273975
5579049,10303,43023,63527,164,5,178529568,0.030258707377273975
5579409,51263,32783,32807,164,5,178541088,0.030258707377273975
5579718,55359,10255,45095,164,5,178550976,0.030258707377273975
5580033,12351,45071,22566,164,5,178561056,0.030258707377273975
5580397,32831,49167,38951,164,5,178572704,0.030258707377273975
5580728,14400,26638,57382,164,5,178583296,0.030258707377273975
5581158,18496,10255,59431,164,5,178597056,0.030258707377273975
5581597,51263,53263,43040,164,5,178611104,0.030258707377273975
5581905,49215,28687,40998,164,5,178620960,0.030258707377273975
5582321,16447,45071,24613,164,5,178634272,0.030258707377273975
5582693,14399,8207,63527,164,5,178646176,0.030258707377273975
5582998,8255,26639,24615,164,5,178655936,0.030258707377273975
5583324,49215,45071,40998,164,5,178666368,0.030258707377273975
5583666,59456,16399,34854,164,5,178677312,0.030258707377273975
5583971,4159,43023,53287,164,5,178687072,0.030258707377273975
5584322,22591,45071,57376,164,5,178698304,0.030258707377273975
5584684,18494,51215,8230,164,5,178709888,0.030258707377273975
5585000,49215,2063,43040,164,5,178720000,0.030258707377273975
5585384,6206,61455,18471,164,5,178732288,0.030258707377273975
5585714,8255,18447,32806,164,5,178742848,0.030258707377273975
5586035,34878,63503,49190,164,5,178753120,0.030258707377273975
5586326,43071,59407,38951,164,5,178762432,0.030258707377273975
5586642,8255,55311,45102,164,5,178772544,0.030258707377273975
5586947,12351,24592,4134,164,5,178782304,0.030258707377273975
5587248,8255,45071,63527,164,5,178791936,0.030258707377273975
5587546,16447,38927,59431,164,5,178801472,0.030258707377273975
5587897,34879,49167,45094,164,5,178812704,0.030258707377273975
5588201,26688,15,16423,164,5,178822432,0.030258707377273975
5588535,49216,2063,43040,164,5,178833120,0.030258707377273975
5588943,49215,34831,53286,164,5,178846176,0.030258707377273975
5589257,4160,51215,20518,164,5,178856224,0.030258707377273975
5589658,38975,8207,14375,164,5,178869056,0.030258707377273975
5590012,36927,2063,55335,164,5,178880384,0.030258707377273975
5590341,53311,38927,22567,164,5,178890912,0.030258707377273975
5590731,63551,51215,45095,164,5,178903392,0.030258707377273975
5591051,6207,59407,24615,164,5,178913632,0.030258707377273975
5591382,20544,16399,40999,164,5,178924224,0.030258707377273975
5591740,26688,26639,53286,164,5,178935680,0.030258707377273975
5592121,8255,32783,28711,164,5,178947872,0.030258707377273975
5592478,14399,12303,45095,165,5,178959296,0.030350123411646404
5592832,14399,18447,38944,165,5,178970624,0.030350123411646404
5593173,57407,24591,32807,165,5,178981536,0.030350123411646404
5593500,63551,38927,26663,165,5,178992000,0.030350123411646404
5593811,63,28687,16422,165,5,179001952,0.030350123411646404
5594269,61503,36879,28711,165,5,179016608,0.030350123411646404
5594565,38975,30735,32806,165,5,179026080,0.030350123411646404
5594889,59455,34832,2087,165,5,179036448,0.030350123411646404
5595221,12351,49167,55335,165,5,179047072,0.030350123411646404
5595560,47167,45071,57376,165,5,179057920,0.030350123411646404
5595897,18495,43023,63527,165,5,179068704,0.030350123411646404
5596361,4160,38927,51238,165,5,179083552,0.030350123411646404
5596767,57408,16399,53286,165,5,179096544,0.030350123411646404
5597104,26687,24591,51232,165,5,179107328,0.030350123411646404
5597445,34879,38927,40999,165,5,179118240,0.030350123411646404
5597791,18495,10256,12326,165,5,179129312,0.030350123411646404
5598132,24638,57359,28710,165,5,179140224,0.030350123411646404
5598426,30783,16399,22567,165,5,179149632,0.030350123411646404
5598734,10303,43023,16416,165,5,179159488,0.030350123411646404
5599062,20543,4111,16423,165,5,179169984,0.030350123411646404
5599456,4158,57359,45095,165,5,179182592,0.030350123411646404
5599782,12351,6159,28710,165,5,179193024,0.030350123411646404
5600114,16447,26639,28710,165,5,179203648,0.030350123411646404
5600433,61503,38927,32806,165,5,179213856,0.030350123411646404
5600743,51263,8207,28711,165,5,179223776,0.030350123411646404
5601131,14399,40976,8231,165,5,179236192,0.030350123411646404
5601480,16447,30735,32806,165,5,179247360,0.030350123411646404
5601779,4159,22543,38951,165,5,179256928,0.030350123411646404
5602077,59455,12303,28710,165,5,179266464,0.030350123411646404
5602382,8255,32783,32807,165,5,179276224,0.030350123411646404
5602730,14399,18447,38950,165,5,179287360,0.030350123411646404
5603077,24639,51215,30759,165,5,179298464,0.030350123411646404
5603446,28736,12303,34854,165,5,179310272,0.030350123411646404
5603781,14399,57359,18471,165,5,179320992,0.030350123411646404
5604155,16447,51215,36902,165,5,179332960,0.030350123411646404
5604487,63551,47119,26662,165,5,179343584,0.030350123411646404
5604793,14399,45071,30757,165,5,179353376,0.030350123411646404
5605141,45120,2063,63526,165,5,179364512,0.030350123411646404
5605438,32832,10255,45093,165,5,179374016,0.030350123411646404
5605727,16448,4111,53280,165,5,179383264,0.030350123411646404
5606037,49216,8207,18471,165,5,179393184,0.030350123411646404
5606343,61504,20495,24608,165,5,179402976,0.030350123411646404
5606665,53311,34832,8230,165,5,179413280,0.030350123411646404
5607030,22591,10255,28709,165,5,179424960,0.030350123411646404
5607362,14398,55311,45093,165,5,179435584,0.030350123411646404
5607741,12351,20495,32806,165,5,179447712,0.030350123411646404
5608093,61503,16399,18470,165,5,179458976,0.030350123411646404
5608395,49215,32783,26656,165,5,179468640,0.030350123411646404
5608723,12351,55311,10278,165,5,179479136,0.030350123411646404
5609087,32832,2063,10278,165,5,179490784,0.030350123411646404
5609477,32831,40975,32806,166,5,179503264,0.031721363927232835
5609818,2111,40975,28709,166,5,179514176,0.031721363927232835
5610113,63551,51215,36896,166,5,179523616,0.031721363927232835
5610421,4160,53263,36903,166,5,179533472,0.031721363927232835
5610791,6208,10255,24615,166,5,179545312,0.031721363927232835
5611098,26688,22543,51239,166,5,179555136,0.031721363927232835
5611391,14399,26639,43046,166,5,179564512,0.031721363927232835
5611771,26687,16399,40998,166,5,179576672,0.031721363927232835
5612075,63,40975,43046,166,5,179586400,0.031721363927232835
5612523,63,49167,36911,166,5,179600736,0.031721363927232835
5612888,41023,32783,26663,166,5,179612416,0.031721363927232835
5613221,45119,53262,59431,166,5,179623072,0.031721363927232835
5613562,26687,55311,38951,166,5,179633984,0.031721363927232835
5613932,63552,24591,22566,166,5,179645824,0.031721363927232835
5614314,64,10255,16423,166,5,179658048,0.031721363927232835
5614637,59456,10255,16423,166,5,179668384,0.031721363927232835
5614974,53311,51215,26656,166,5,179679168,0.031721363927232835
5615301,8256,16399,26663,166,5,179689632,0.031721363927232835
5615653,4159,57359,24608,166,5,179700896,0.031721363927232835
5616029,6207,49167,40999,166,5,179712928,0.031721363927232835
5616377,10304,6159,18471,166,5,179724064,0.031721363927232835
5616727,63551,40975,20519,166,5,179735264,0.031721363927232835
5617042,10303,38927,34862,166,5,179745344,0.031721363927232835
5617383,57407,32783,28710,166,5,179756256,0.031721363927232835
5617719,24639,32783,24620,166,5,179767008,0.031721363927232835
5618057,36927,34831,36903,166,5,179777824,0.031721363927232835
5618435,61503,59407,24615,166,5,179789920,0.031721363927232835
5618777,16448,15,28710,166,5,179800864,0.031721363927232835
5619121,24639,49167,34855,166,5,179811872,0.031721363927232835
5619551,55359,43023,49190,166,5,179825632,0.031721363927232835
5619989,55359,34831,28711,166,5,179839648,0.031721363927232835
5620342,6207,43023,10278,166,5,179850944,0.031721363927232835
5620715,30784,30735,28711,166,5,179862880,0.031721363927232835
5621194,63551,49167,32806,166,5,179878208,0.031721363927232835
5621515,18495,59407,20512,166,5,179888480,0.031721363927232835
5621853,2112,28687,39,166,5,179899296,0.031721363927232835
5622223,22591,57359,12327,166,5,179911136,0.031721363927232835
5622558,12351,49167,16422,166,5,179921856,0.031721363927232835
5622936,4159,43023,28710,166,5,179933952,0.031721363927232835
5623302,18496,12303,20519,166,5,179945664,0.031721363927232835
5623724,8256,4111,53286,166,5,179959168,0.031721363927232835
5624073,28736,20495,61478,166,5,179970336,0.031721363927232835
5624401,61504,16399,22565,166,5,179980832,0.031721363927232835
5624738,38975,45071,36902,166,5,179991616,0.031721363927232835
5625093,36927,57359,36903,166,5,180002976,0.031721363927232835
5625454,18495,49167,63526,166,5,180014528,0.031721363927232835
5625801,63,45071,32806,166,5,180025632,0.031721363927232835
5626131,59455,59407,6176,166,5,180036192,0.031721363927232835
5626492,28736,10255,59431,166,5,180047744,0.031721363927232835
5626833,63551,57359,32806,166,5,180058656,0.031721363927232835
5627187,53312,8207,12327,167,5,180069984,0.031081451686625836
5627552,16448,15,30759,167,5,180081664,0.031081451686625836
5627854,36928,32783,61478,167,5,180091328,0.031081451686625836
5628196,64,2063,32815,167,5,180102272,0.031081451686625836
5628576,41024,26639,16423,167,5,180114432,0.031081451686625836
5628856,63552,4111,28706,167,5,180123392,0.031081451686625836
5629212,57408,20495,34854,167,5,180134784,0.031081451686625836
5629570,8255,53263,40997,167,5,180146240,0.031081451686625836
5629916,55360,26639,43047,167,5,180157312,0.031081451686625836
5630238,14399,57359,28710,167,5,180167616,0.031081451686625836
5630555,34880,2063,20519,167,5,180177760,0.031081451686625836
5630941,2112,8207,38951,167,5,180190112,0.031081451686625836
5631260,53312,12303,36903,167,5,180200320,0.031081451686625836
5631618,34880,6159,26661,167,5,180211776,0.031081451686625836
5631934,49216,4111,24615,167,5,180221888,0.031081451686625836
5632262,34880,12303,22566,167,5,180232384,0.031081451686625836
5632541,43072,51215,26662,167,5,180241312,0.031081451686625836
5632943,10304,55311,63526,167,5,180254176,0.031081451686625836
5633247,61503,55311,32807,167,5,180263904,0.031081451686625836
5633523,63,51215,26656,167,5,180272736,0.031081451686625836
5633934,63551,51215,34855,167,5,180285888,0.031081451686625836
5634275,18495,53263,10278,167,5,180296800,0.031081451686625836
5634575,61503,40975,22566,167,5,180306400,0.031081451686625836
5635011,30784,8207,20512,167,5,180320352,0.031081451686625836
5635344,49216,49167,22566,167,5,180331008,0.031081451686625836
5635728,41024,20495,34854,167,5,180343296,0.031081451686625836
5636052,49216,10255,49184,167,5,180353664,0.031081451686625836
5636346,2112,32783,28704,167,5,180363072,0.031081451686625836
5636652,45120,4111,20519,167,5,180372864,0.031081451686625836
5636993,10303,55311,36902,167,5,180383776,0.031081451686625836
5637275,24640,28687,18470,167,5,180392800,0.031081451686625836
5637639,59456,10255,22567,167,5,180404448,0.031081451686625836
5637979,34880,12303,40992,167,5,180415328,0.031081451686625836
5638307,8256,2063,36903,167,5,180425824,0.031081451686625836
5638699,12352,8207,30759,167,5,180438368,0.031081451686625836
5639079,62,43023,38950,167,5,180450528,0.031081451686625836
5639419,20544,34831,28711,167,5,180461408,0.031081451686625836
5639810,30783,40975,34848,167,5,180473920,0.031081451686625836
5640142,43072,8207,28718,167,5,180484544,0.031081451686625836
5640472,18495,55311,32807,167,5,180495104,0.031081451686625836
5640811,63551,53263,38950,167,5,180505952,0.031081451686625836
5641229,24639,57359,41007,167,5,180519328,0.031081451686625836
5641574,26688,16399,45095,167,5,180530368,0.031081451686625836
5641906,38975,36879,40999,167,5,180540992,0.031081451686625836
5642276,32832,6159,16422,167,5,180552832,0.031081451686625836
5642677,47167,45070,55335,167,5,180565664,0.031081451686625836
5642998,24639,32783,8231,167,5,180575936,0.031081451686625836
5643335,59455,20495,24615,167,5,180586720,0.031081451686625836
5643687,43071,51214,61479,167,5,180597984,0.031081451686625836
5643989,63,47119,28711,167,5,180607648,0.031081451686625836
5644276,53311,55311,26660,168,5,180616832,0.031172867720998265
5644738,16448,8207,20512,168,5,180631616,0.031172867720998265
5645067,47168,10255,30758,168,5,180642144,0.031172867720998265
5645433,26687,26639,34855,168,5,180653856,0.031172867720998265
5645773,32832,2063,30759,168,5,180664736,0.031172867720998265
5646087,49216,26639,16423,168,5,180674784,0.031172867720998265
5646438,45119,36879,55335,168,5,180686016,0.031172867720998265
5646862,2111,51215,32806,168,5,180699584,0.031172867720998265
5647202,43071,53263,24616,168,5,180710464,0.031172867720998265
5647506,16448,6159,28704,168,5,180720192,0.031172867720998265
5647851,38976,6159,24615,168,5,180731232,0.031172867720998265
5648159,6207,43023,12327,168,5,180741088,0.031172867720998265
5648531,59455,53263,43047,168,5,180752992,0.031172867720998265
5648845,10303,45071,53287,168,5,180763040,0.031172867720998265
5649122,22591,49167,20519,168,5,180771904,0.031172867720998265
5649503,2112,6158,59431,168,5,180784096,0.031172867720998265
5649850,22591,45071,38951,168,5,180795200,0.031172867720998265
5650229,36928,10255,26663,168,5,180807328,0.031172867720998265
5650547,55359,53263,24615,168,5,180817504,0.031172867720998265
5650826,28735,38927,24615,168,5,180826432,0.031172867720998265
5651292,20543,51215,22567,168,5,180841344,0.031172867720998265
5651634,34879,45071,4135,168,5,180852288,0.031172867720998265
5651947,45120,4111,34848,168,5,180862304,0.031172867720998265
5652271,2112,2063,38951,168,5,180872672,0.031172867720998265
5652554,41024,15,30758,168,5,180881728,0.031172867720998265
5652867,12351,55311,22566,168,5,180891744,0.031172867720998265
5653208,38976,16399,4135,168,5,180902656,0.031172867720998265
5653523,32831,40975,36904,168,5,180912736,0.031172867720998265
5653869,63,20495,30758,168,5,180923808,0.031172867720998265
5654228,28735,22543,16416,168,5,180935296,0.031172867720998265
5654528,16447,2062,57383,168,5,180944896,0.031172867720998265
5654870,6207,6159,22567,168,5,180955840,0.031172867720998265
5655288,34879,43023,10279,168,5,180969216,0.031172867720998265
5655632,45119,53263,30759,168,5,180980224,0.031172867720998265
5655929,28735,55311,40999,168,5,180989728,0.031172867720998265
5656296,57407,22543,16423,168,5,181001472,0.031172867720998265
5656663,34879,34831,34855,168,5,181013216,0.031172867720998265
5656971,22591,20495,8230,168,5,181023072,0.031172867720998265
5657330,61504,15,24615,168,5,181034560,0.031172867720998265
5657605,14399,53263,28719,168,5,181043360,0.031172867720998265
5657968,22592,10255,10279,168,5,181054976,0.031172867720998265
5658314,47167,57358,63520,168,5,181066048,0.031172867720998265
5658668,28736,18447,59430,168,5,181077376,0.031172867720998265
5659000,59456,32783,12326,168,5,181088000,0.031172867720998265
5659322,4159,47119,28711,168,5,181098304,0.031172867720998265
5659658,34880,2063,24608,168,5,181109056,0.031172867720998265
5659989,57407,49166,59431,168,5,181119648,0.031172867720998265
5660325,28735,51215,2087,168,5,181130400,0.031172867720998265
5660765,30783,34830,57382,168,5,181144480,0.031172867720998265
5661144,49215,34831,6182,168,5,181156608,0.031172867720998265
5661540,6207,28687,8230,169,5,181169280,0.030258707377273975
5661891,38975,38927,38,169,5,181180512,0.030258707377273975
5662207,43071,32783,28711,169,5,181190624,0.030258707377273975
5662481,14399,53263,24614,169,5,181199392,0.030258707377273975
5662774,8255,30735,12327,169,5,181208768,0.030258707377273975
5663190,61503,45071,18471,169,5,181222080,0.030258707377273975
5663505,18496,10255,6182,169,5,181232160,0.030258707377273975
5663832,61503,43023,20519,169,5,181242624,0.030258707377273975
5664144,26687,36879,28710,169,5,181252608,0.030258707377273975
5664466,49215,38926,61478,169,5,181262912,0.030258707377273975
5664804,36927,32783,4134,169,5,181273728,0.030258707377273975
5665101,10304,2063,8231,169,5,181283232,0.030258707377273975
5665432,55359,30734,61477,169,5,181293824,0.030258707377273975
5665875,32831,32783,6176,169,5,181308000,0.030258707377273975
5666251,12351,28687,24615,169,5,181320032,0.030258707377273975
5666604,28735,43022,63520,169,5,181331328,0.030258707377273975
5666884,32831,26639,38951,169,5,181340288,0.030258707377273975
5667183,12351,45071,4135,169,5,181349856,0.030258707377273975
5667490,22592,16398,12326,169,5,181359680,0.030258707377273975
5667866,2112,6159,39,169,5,181371712,0.030258707377273975
5668205,55359,45071,22574,169,5,181382560,0.030258707377273975
5668550,61503,24591,32807,169,5,181393600,0.030258707377273975
5668846,61503,22543,20512,169,5,181403072,0.030258707377273975
5669151,6207,53263,63526,169,5,181412832,0.030258707377273975
5669468,36927,36878,57382,169,5,181422976,0.030258707377273975
5669797,32831,43023,20512,169,5,181433504,0.030258707377273975
5670236,34879,34831,4136,169,5,181447552,0.030258707377273975
5670572,61504,2063,28710,169,5,181458304,0.030258707377273975
5670903,49216,4111,32806,169,5,181468896,0.030258707377273975
5671235,18495,49167,18471,169,5,181479520,0.030258707377273975
5671597,63551,45071,8231,169,5,181491104,0.030258707377273975
5671951,34879,47119,8230,169,5,181502432,0.030258707377273975
5672249,30783,55311,32807,169,5,181511968,0.030258707377273975
5672606,36928,2063,20519,169,5,181523392,0.030258707377273975
5672872,8255,26639,16422,169,5,181531904,0.030258707377273975
5673231,14399,53263,18471,169,5,181543392,0.030258707377273975
5673543,12351,49167,39,169,5,181553376,0.030258707377273975
5673912,45119,36879,16423,169,5,181565184,0.030258707377273975
5674218,4159,45071,26662,169,5,181574976,0.030258707377273975
5674553,14399,14350,55334,169,5,181585696,0.030258707377273975
5674855,22591,30735,63520,169,5,181595360,0.030258707377273975
5675189,59455,43023,20519,169,5,181606048,0.030258707377273975
5675526,18495,51215,4135,169,5,181616832,0.030258707377273975
5675860,53311,22543,24614,169,5,181627520,0.030258707377273975
5676188,18496,12303,4135,169,5,181638016,0.030258707377273975
5676575,14399,49166,32807,169,5,181650400,0.030258707377273975
5676878,63,38927,8224,169,5,181660096,0.030258707377273975
5677265,16447,55311,36903,169,5,181672480,0.030258707377273975
5677612,10303,55312,12326,169,5,181683584,0.030258707377273975
5677921,55359,22543,20518,169,5,181693472,0.030258707377273975
5678249,24640,6158,36903,170,5,181703968,0.0297102111710394
5678648,14399,36879,24622,170,5,181716736,0.0297102111710394
5678994,57407,43023,8237,170,5,181727808,0.0297102111710394
5679298,26687,49167,30758,170,5,181737536,0.0297102111710394
5679676,18495,22543,26662,170,5,181749632,0.0297102111710394
5680048,26687,24591,28711,170,5,181761536,0.0297102111710394
5680442,6207,51215,10279,170,5,181774144,0.0297102111710394
5680762,20543,32783,38951,170,5,181784384,0.0297102111710394
5681057,18495,38927,12326,170,5,181793824,0.0297102111710394
5681361,22591,26639,24614,170,5,181803552,0.0297102111710394
5681728,8255,38927,30758,170,5,181815296,0.0297102111710394
5682047,20543,30735,16423,170,5,181825504,0.0297102111710394
5682362,26687,51214,55334,170,5,181835584,0.0297102111710394
5682751,63551,34831,53286,170,5,181848032,0.0297102111710394
5683070,51263,34831,24614,170,5,181858240,0.0297102111710394
5683409,6207,55311,34848,170,5,181869088,0.0297102111710394
5683702,10304,8207,51239,170,5,181878464,0.0297102111710394
5684007,16447,51215,36903,170,5,181888224,0.0297102111710394
5684453,6207,57359,22566,170,5,181902496,0.0297102111710394
5684822,36927,43023,34855,170,5,181914304,0.0297102111710394
5685132,36928,15,34854,170,5,181924224,0.0297102111710394
5685424,34879,40975,51246,170,5,181933568,0.0297102111710394
5685825,10304,2063,16422,170,5,181946400,0.0297102111710394
5686163,51264,6159,12326,170,5,181957216,0.0297102111710394
5686465,61504,34831,2086,170,5,181966880,0.0297102111710394
5686768,57408,12303,38951,170,5,181976576,0.0297102111710394
5687119,49215,53263,32800,170,5,181987808,0.0297102111710394
5687388,45119,36879,22566,170,5,181996416,0.0297102111710394
5687808,41023,16399,51232,170,5,182009856,0.0297102111710394
5688228,61504,36879,22567,170,5,182023296,0.0297102111710394
5688543,14399,51215,32807,170,5,182033376,0.0297102111710394
5688859,65,6159,16423,170,5,182043488,0.0297102111710394
5689149,26688,8207,28704,170,5,182052768,0.0297102111710394
5689518,22591,57359,14375,170,5,182064576,0.0297102111710394
5689816,22591,40975,22567,170,5,182074112,0.0297102111710394
5690085,24639,15,36903,170,5,182082720,0.0297102111710394
5690443,8256,16399,18471,170,5,182094176,0.0297102111710394
5690806,18495,32783,24615,170,5,182105792,0.0297102111710394
5691222,24639,57359,12327,170,5,182119104,0.0297102111710394
5691518,41023,45071,16423,170,5,182128576,0.0297102111710394
5691868,28735,38926,53280,170,5,182139776,0.0297102111710394
5692186,20543,55311,28710,170,5,182149952,0.0297102111710394
5692532,6207,43022,61479,170,5,182161024,0.0297102111710394
5692857,30783,45071,34854,170,5,182171424,0.0297102111710394
5693160,2111,30735,28710,170,5,182181120,0.0297102111710394
5693451,49216,15,24613,170,5,182190432,0.0297102111710394
5693785,53311,26639,4135,170,5,182201120,0.0297102111710394
5694073,38975,55311,34848,170,5,182210336,0.0297102111710394
5694433,59455,34831,49191,170,5,182221856,0.0297102111710394
5694874,53311,53263,36903,170,5,182235968,0.0297102111710394
5695163,8255,20495,6182,171,5,182245216,0.030441539446018833
5695514,36927,18447,4135,171,5,182256448,0.030441539446018833
5695852,32831,14351,6182,171,5,182267264,0.030441539446018833
5696185,26687,36879,32807,171,5,182277920,0.030441539446018833
5696538,63,57359,34855,171,5,182289216,0.030441539446018833
5696868,38975,26639,4135,171,5,182299776,0.030441539446018833
5697191,22591,32783,12328,171,5,182310112,0.030441539446018833
5697495,26687,32783,8229,171,5,182319840,0.030441539446018833
5697834,45119,49167,24615,171,5,182330688,0.030441539446018833
5698207,20543,43023,8230,171,5,182342624,0.030441539446018833
5698520,2112,2063,10278,171,5,182352640,0.030441539446018833
5698877,53310,61455,8230,171,5,182364064,0.030441539446018833
5699152,43071,28687,16422,171,5,182372864,0.030441539446018833
5699520,36927,45071,6181,171,5,182384640,0.030441539446018833
5699817,14399,49167,24615,171,5,182394144,0.030441539446018833
5700080,30783,30734,24615,171,5,182402560,0.030441539446018833
5700491,6207,28687,8229,171,5,182415712,0.030441539446018833
5700846,2111,38927,38951,171,5,182427072,0.030441539446018833
5701155,51263,57359,6182,171,5,182436960,0.030441539446018833
5701461,41023,51215,18464,171,5,182446752,0.030441539446018833
5701754,55359,20495,12334,171,5,182456128,0.030441539446018833
5702133,30783,49167,22566,171,5,182468256,0.030441539446018833
5702567,12351,49167,18470,171,5,182482144,0.030441539446018833
5702870,53311,49167,16422,171,5,182491840,0.030441539446018833
5703215,22591,57359,24615,171,5,182502880,0.030441539446018833
5703562,41023,40975,26656,171,5,182513984,0.030441539446018833
5703894,38976,43023,18471,171,5,182524608,0.030441539446018833
5704255,22592,18447,12326,171,5,182536160,0.030441539446018833
5704615,4160,2062,55328,171,5,182547680,0.030441539446018833
5704959,51263,53263,38944,171,5,182558688,0.030441539446018833
5705279,43071,38927,12320,171,5,182568928,0.030441539446018833
5705539,28736,6158,63520,171,5,182577248,0.030441539446018833
5705905,61504,14,61478,171,5,182588960,0.030441539446018833
5706275,20544,18447,16423,171,5,182600800,0.030441539446018833
5706600,26687,43023,20519,171,5,182611200,0.030441539446018833
5706964,34879,45071,4135,171,5,182622848,0.030441539446018833
5707300,47167,38927,20527,171,5,182633600,0.030441539446018833
5707611,55359,43023,28712,171,5,182643552,0.030441539446018833
5707977,22591,55311,16423,171,5,182655264,0.030441539446018833
5708267,8256,15,45096,171,5,182664544,0.030441539446018833
5708659,26687,53263,16422,171,5,182677088,0.030441539446018833
5708963,14400,2063,24615,171,5,182686816,0.030441539446018833
5709290,51263,38927,28719,171,5,182697280,0.030441539446018833
5709634,61504,12303,22567,171,5,182708288,0.030441539446018833
5709955,43070,51215,38951,171,5,182718560,0.030441539446018833
5710243,47167,28687,24608,171,5,182727776,0.030441539446018833
5710557,55359,49167,16423,171,5,182737824,0.030441539446018833
5710886,57407,53263,38950,171,5,182748352,0.030441539446018833
5711182,38975,49167,6183,171,5,182757824,0.030441539446018833
5711588,30783,38927,6182,171,5,182770816,0.030441539446018833
5711864,10303,55311,36901,172,5,182779648,0.030350123411646404
5712289,43071,45070,59430,172,5,182793248,0.030350123411646404
5712619,24640,16399,22566,172,5,182803808,0.030350123411646404
5712967,4160,16399,20527,172,5,182814944,0.030350123411646404
5713308,2112,15,24615,172,5,182825856,0.030350123411646404
5713666,4159,40975,18471,172,5,182837312,0.030350123411646404
5714053,51264,4111,20518,172,5,182849696,0.030350123411646404
5714365,22592,15,40998,172,5,182859680,0.030350123411646404
5714637,32832,4111,18471,172,5,182868384,0.030350123411646404
5715056,63551,57359,2086,172,5,182881792,0.030350123411646404
5715385,16448,16399,8231,172,5,182892320,0.030350123411646404
5715735,10303,38927,45088,172,5,182903520,0.030350123411646404
5716084,36927,43023,40999,172,5,182914688,0.030350123411646404
5716416,64,2063,47143,172,5,182925312,0.030350123411646404
5716752,43072,6159,8231,172,5,182936064,0.030350123411646404
5717156,2111,18447,53287,172,5,182948992,0.030350123411646404
5717466,12351,49167,22567,172,5,182958912,0.030350123411646404
5717841,41024,18447,24608,172,5,182970912,0.030350123411646404
5718197,59455,57359,53294,172,5,182982304,0.030350123411646404
5718528,41024,10255,30759,172,5,182992896,0.030350123411646404
5718892,28735,53262,38951,172,5,183004544,0.030350123411646404
5719180,51263,43023,18471,172,5,183013760,0.030350123411646404
5719468,36927,34831,18479,172,5,183022976,0.030350123411646404
5719804,8255,36879,61479,172,5,183033728,0.030350123411646404
5720109,26687,2063,24614,172,5,183043488,0.030350123411646404
5720432,61503,40975,63527,172,5,183053824,0.030350123411646404
5720750,47168,2063,32807,172,5,183064000,0.030350123411646404
5721070,22592,24591,18464,172,5,183074240,0.030350123411646404
5721401,55359,57359,6183,172,5,183084832,0.030350123411646404
5721731,59455,38927,32800,172,5,183095392,0.030350123411646404
5722159,28736,4111,49197,172,5,183109088,0.030350123411646404
5722458,10303,40975,49191,172,5,183118656,0.030350123411646404
5722792,34879,55311,24614,172,5,183129344,0.030350123411646404
5723165,30783,59407,34855,172,5,183141280,0.030350123411646404
5723488,49216,2063,20519,172,5,183151616,0.030350123411646404
5723851,63,49167,16424,172,5,183163232,0.030350123411646404
5724123,18496,2063,18471,172,5,183171936,0.030350123411646404
5724502,36927,32783,30758,172,5,183184064,0.030350123411646404
5724829,55360,15,40999,172,5,183194528,0.030350123411646404
5725143,10303,12303,22567,172,5,183204576,0.030350123411646404
5725447,51263,51215,32807,172,5,183214304,0.030350123411646404
5725890,14399,49167,43040,172,5,183228480,0.030350123411646404
5726240,49215,57359,22566,172,5,183239680,0.030350123411646404
5726535,4159,57357,59431,172,5,183249120,0.030350123411646404
5726968,30784,12303,20519,172,5,183262976,0.030350123411646404
5727392,32832,24591,43046,172,5,183276544,0.030350123411646404
5727671,53312,18447,32815,172,5,183285472,0.030350123411646404
5727953,45119,51215,51240,172,5,183294496,0.030350123411646404
5728378,51263,51215,24609,172,5,183308096,0.030350123411646404
5728702,59455,51215,24615,172,5,183318464,0.030350123411646404
5729058,24640,20495,28719,173,5,183329856,0.02998445927415669
5729348,30783,51215,22567,173,5,183339136,0.02998445927415669
5729623,30783,28687,40999,173,5,183347936,0.02998445927415669
5729994,55359,40975,24622,173,5,183359808,0.02998445927415669
5730463,28735,34830,38959,173,5,183374816,0.02998445927415669
5730767,8255,34831,53280,173,5,183384544,0.02998445927415669
5731045,61503,53263,26656,173,5,183393440,0.02998445927415669
5731327,34880,10255,4135,173,5,183402464,0.02998445927415669
5731650,30783,30735,22566,173,5,183412800,0.02998445927415669
5732024,61503,43023,24615,173,5,183424768,0.02998445927415669
5732341,34879,28687,45094,173,5,183434912,0.02998445927415669
5732673,8255,57359,18471,173,5,183445536,0.02998445927415669
5732991,28735,47118,63522,173,5,183455712,0.02998445927415669
5733272,63551,49167,18471,173,5,183464704,0.02998445927415669
5733657,28736,4111,10279,173,5,183477024,0.02998445927415669
5733928,4159,55311,8231,173,5,183485696,0.02998445927415669
5734261,16447,43023,14375,173,5,183496352,0.02998445927415669
5734602,43071,55311,49192,173,5,183507264,0.02998445927415669
5734938,64,2063,28719,173,5,183518016,0.02998445927415669
5735270,2112,12303,20519,173,5,183528640,0.02998445927415669
5735550,45119,40975,12326,173,5,183537600,0.02998445927415669
5735962,63551,38927,28719,173,5,183550784,0.02998445927415669
5736317,30784,22543,45088,173,5,183562144,0.02998445927415669
5736645,2112,4111,34848,173,5,183572640,0.02998445927415669
5736977,2112,2063,51239,173,5,183583264,0.02998445927415669
5737258,30783,38927,2087,173,5,183592256,0.02998445927415669
5737569,24639,55311,20518,173,5,183602208,0.02998445927415669
5737935,2111,49167,34855,173,5,183613920,0.02998445927415669
5738272,51264,28686,61479,173,5,183624704,0.02998445927415669
5738594,36928,45071,43055,173,5,183635008,0.02998445927415669
5738912,49216,18447,10272,173,5,183645184,0.02998445927415669
5739233,43073,15,18464,173,5,183655456,0.02998445927415669
5739534,10304,2063,2094,173,5,183665088,0.02998445927415669
5739884,4159,55310,57383,173,5,183676288,0.02998445927415669
5740206,28735,43022,61479,173,5,183686592,0.02998445927415669
5740635,8255,43023,47,173,5,183700320,0.02998445927415669
5741012,36927,38927,18470,173,5,183712384,0.02998445927415669
5741368,63552,8207,32,173,5,183723776,0.02998445927415669
5741711,4159,49167,2087,173,5,183734752,0.02998445927415669
5742030,63551,38927,12321,173,5,183744960,0.02998445927415669
5742329,18496,15,6176,173,5,183754528,0.02998445927415669
5742700,6208,12303,32807,173,5,183766400,0.02998445927415669
5743068,18496,22542,59431,173,5,183778176,0.02998445927415669
5743363,59456,18447,34855,173,5,183787616,0.02998445927415669
5743738,10304,15,8231,173,5,183799616,0.02998445927415669
5744045,6208,4110,30759,173,5,183809440,0.02998445927415669
5744485,18496,28687,39,173,5,183823520,0.02998445927415669
5744776,26688,15,8231,173,5,183832832,0.02998445927415669
5745058,45120,20495,63527,173,5,183841856,0.02998445927415669
5745458,22592,2063,20519,173,5,183854656,0.02998445927415669
5745793,4160,12303,20519,174,5,183865376,0.031081451686625836
5746146,61504,10255,18478,174,5,183876672,0.031081451686625836
5746517,55360,30735,51238,174,5,183888544,0.031081451686625836
5746834,24640,63503,32806,174,5,183898688,0.031081451686625836
5747215,16448,16399,26663,174,5,183910880,0.031081451686625836
5747553,45120,8208,8224,174,5,183921696,0.031081451686625836
5747882,61504,26639,16416,174,5,183932224,0.031081451686625836
5748251,51263,40975,30752,174,5,183944032,0.031081451686625836
5748599,57407,57359,38958,174,5,183955168,0.031081451686625836
5748893,28735,49167,36903,174,5,183964576,0.031081451686625836
5749217,36928,22543,28711,174,5,183974944,0.031081451686625836
5749534,16447,36879,4135,174,5,183985088,0.031081451686625836
5749903,61503,53263,45102,174,5,183996896,0.031081451686625836
5750244,20544,2063,24615,174,5,184007808,0.031081451686625836
5750582,55360,4111,10279,174,5,184018624,0.031081451686625836
5750945,55360,26639,6176,174,5,184030240,0.031081451686625836
5751280,49216,28687,4128,174,5,184040960,0.031081451686625836
5751584,41022,51215,26663,174,5,184050688,0.031081451686625836
5751888,30784,6159,39,174,5,184060416,0.031081451686625836
5752210,14400,12302,59430,174,5,184070720,0.031081451686625836
5752512,49216,22543,18471,174,5,184080384,0.031081451686625836
5752841,47167,57359,18470,174,5,184090912,0.031081451686625836
5753259,49216,30734,53287,174,5,184104288,0.031081451686625836
5753558,53312,49167,20519,174,5,184113856,0.031081451686625836
5753958,14399,59407,28711,174,5,184126656,0.031081451686625836
5754283,28736,10255,26663,174,5,184137056,0.031081451686625836
5754630,34880,43023,22560,174,5,184148160,0.031081451686625836
5755073,18497,2063,10273,174,5,184162336,0.031081451686625836
5755391,10304,8206,61479,174,5,184172512,0.031081451686625836
5755728,14400,45071,16422,174,5,184183296,0.031081451686625836
5756082,6208,10255,24615,174,5,184194624,0.031081451686625836
5756441,30783,32783,10278,174,5,184206112,0.031081451686625836
5756756,2111,24591,47136,174,5,184216192,0.031081451686625836
5757130,36928,24591,39,174,5,184228160,0.031081451686625836
5757427,20544,32783,20519,174,5,184237664,0.031081451686625836
5757711,26688,36879,14375,174,5,184246752,0.031081451686625836
5758151,30783,40975,18470,174,5,184260832,0.031081451686625836
5758513,8255,24591,63526,174,5,184272416,0.031081451686625836
5758879,36927,49167,8230,174,5,184284128,0.031081451686625836
5759246,20543,53263,32807,174,5,184295872,0.031081451686625836
5759608,55360,8207,32807,174,5,184307456,0.031081451686625836
5759923,38976,49167,16423,174,5,184317536,0.031081451686625836
5760227,30784,22543,10272,174,5,184327264,0.031081451686625836
5760605,64,2063,2080,174,5,184339360,0.031081451686625836
5760945,63552,12303,36903,174,5,184350240,0.031081451686625836
5761242,38975,49167,24614,174,5,184359744,0.031081451686625836
5761562,57407,10255,36903,174,5,184369984,0.031081451686625836
5761920,47167,24591,28711,174,5,184381440,0.031081451686625836
5762358,20543,24591,39,174,5,184395456,0.031081451686625836
5762703,51262,43023,18471,174,5,184406496,0.031081451686625836
5763056,20542,40975,12326,175,5,184417792,0.030258707377273975
5763449,63,16399,38951,175,5,184430368,0.030258707377273975
5763714,22592,30735,26663,175,5,184438848,0.030258707377273975
5764078,12352,49166,61479,175,5,184450496,0.030258707377273975
5764506,55360,36879,30760,175,5,184464192,0.030258707377273975
5764834,16447,43023,8230,175,5,184474688,0.030258707377273975
5765143,2111,36879,38958,175,5,184484576,0.030258707377273975
5765582,2111,43023,55335,175,5,184498624,0.030258707377273975
5765969,10303,45071,26663,175,5,184511008,0.030258707377273975
5766268,18496,4111,6183,175,5,184520576,0.030258707377273975
5766558,59456,57358,61478,175,5,184529856,0.030258707377273975
5766912,32832,49167,36896,175,5,184541184,0.030258707377273975
5767244,6208,34831,18470,175,5,184551808,0.030258707377273975
5767522,8255,45071,47143,175,5,184560704,0.030258707377273975
5767821,36927,24591,30759,175,5,184570272,0.030258707377273975
5768146,57408,16399,36896,175,5,184580672,0.030258707377273975
5768472,63551,40975,18470,175,5,184591104,0.030258707377273975
5768783,24640,6159,28711,175,5,184601056,0.030258707377273975
5769101,10304,8207,40998,175,5,184611232,0.030258707377273975
5769437,43072,32783,32801,175,5,184621984,0.030258707377273975
5769703,8256,51215,34855,175,5,184630496,0.030258707377273975
5770137,64,16399,32807,175,5,184644384,0.030258707377273975
5770522,14400,20495,38951,175,5,184656704,0.030258707377273975
5770825,22591,20495,16416,175,5,184666400,0.030258707377273975
5771101,6207,24591,26663,175,5,184675232,0.030258707377273975
5771404,63551,36879,28711,175,5,184684928,0.030258707377273975
5771827,2112,8207,26663,175,5,184698464,0.030258707377273975
5772153,18496,2063,12327,175,5,184708896,0.030258707377273975
5772493,57408,10255,18471,175,5,184719776,0.030258707377273975
5772792,22591,57359,32,175,5,184729344,0.030258707377273975
5773161,41022,51215,40999,175,5,184741152,0.030258707377273975
5773484,63552,4111,8231,175,5,184751488,0.030258707377273975
5773835,41023,28687,16423,175,5,184762720,0.030258707377273975
5774132,6207,59407,53286,175,5,184772224,0.030258707377273975
5774403,32831,59407,10272,175,5,184780896,0.030258707377273975
5774866,24639,59407,24615,175,5,184795712,0.030258707377273975
5775255,24639,38927,36903,175,5,184808160,0.030258707377273975
5775625,24639,28687,28709,175,5,184820000,0.030258707377273975
5776031,10303,53263,30759,175,5,184832992,0.030258707377273975
5776344,30783,36879,26656,175,5,184843008,0.030258707377273975
5776758,30783,43023,28711,175,5,184856256,0.030258707377273975
5777069,20543,53263,30759,175,5,184866208,0.030258707377273975
5777463,30783,18447,24615,175,5,184878816,0.030258707377273975
5777794,4160,10255,38950,175,5,184889408,0.030258707377273975
5778128,6208,18447,20517,175,5,184900096,0.030258707377273975
5778431,8256,20495,26663,175,5,184909792,0.030258707377273975
5778856,43071,43023,22566,175,5,184923392,0.030258707377273975
5779189,28735,55311,12320,175,5,184934048,0.030258707377273975
5779547,16447,40975,16423,175,5,184945504,0.030258707377273975
5779857,57408,15,12327,175,5,184955424,0.030258707377273975
5780238,32831,49167,6183,176,5,184967616,0.030167291342901546
5780581,51263,34831,18470,176,5,184978592,0.030167291342901546
5780926,45119,40975,16416,176,5,184989632,0.030167291342901546
5781223,55360,10255,2086,176,5,184999136,0.030167291342901546
5781675,51263,45071,20518,176,5,185013600,0.030167291342901546
5782002,16447,53263,18470,176,5,185024064,0.030167291342901546
5782340,22591,28687,20518,176,5,185034880,0.030167291342901546
5782723,22591,43023,18471,176,5,185047136,0.030167291342901546
5783097,26687,36878,53286,176,5,185059104,0.030167291342901546
5783420,24639,10255,26663,176,5,185069440,0.030167291342901546
5783768,55359,10255,28710,176,5,185080576,0.030167291342901546
5784176,41023,40975,32806,176,5,185093632,0.030167291342901546
5784565,22591,53263,30758,176,5,185106080,0.030167291342901546
5784935,63551,49167,43047,176,5,185117920,0.030167291342901546
5785277,16447,55311,16422,176,5,185128864,0.030167291342901546
5785768,38975,36879,18470,176,5,185144576,0.030167291342901546
5786098,34879,55311,22567,176,5,185155136,0.030167291342901546
5786419,32831,45071,10279,176,5,185165408,0.030167291342901546
5786728,4159,22542,43040,176,5,185175296,0.030167291342901546
5787012,55360,4111,63526,176,5,185184384,0.030167291342901546
5787316,12351,28687,34855,176,5,185194112,0.030167291342901546
5787635,20543,18447,28710,176,5,185204320,0.030167291342901546
5787906,43071,49167,55334,176,5,185212992,0.030167291342901546
5788225,26688,2063,20519,176,5,185223200,0.030167291342901546
5788615,38975,28687,28711,176,5,185235680,0.030167291342901546
5788926,49215,34831,6191,176,5,185245632,0.030167291342901546
5789211,32831,24590,61479,176,5,185254752,0.030167291342901546
5789573,63,24591,43047,176,5,185266336,0.030167291342901546
5789935,51263,51215,8231,176,5,185277920,0.030167291342901546
5790394,26688,8207,32800,176,5,185292608,0.030167291342901546
5790715,57408,6159,12327,176,5,185302880,0.030167291342901546
5791005,24639,38927,20519,176,5,185312160,0.030167291342901546
5791321,43071,18447,34855,176,5,185322272,0.030167291342901546
5791656,61503,51215,16416,176,5,185332992,0.030167291342901546
5792058,22590,28687,34854,176,5,185345856,0.030167291342901546
5792390,8255,51215,32806,176,5,185356480,0.030167291342901546
5792692,43072,2063,18471,176,5,185366144,0.030167291342901546
5792978,32831,55311,14375,176,5,185375296,0.030167291342901546
5793297,14400,20495,18471,176,5,185385504,0.030167291342901546
5793639,16448,6159,45095,176,5,185396448,0.030167291342901546
5793956,61503,47119,32807,176,5,185406592,0.030167291342901546
5794229,30783,38927,10279,176,5,185415328,0.030167291342901546
5794541,63,24591,36903,176,5,185425312,0.030167291342901546
5794903,55359,51215,55335,176,5,185436896,0.030167291342901546
5795228,49215,34831,34854,176,5,185447296,0.030167291342901546
5795563,24639,36879,43047,176,5,185458016,0.030167291342901546
5795910,47167,26639,30758,176,5,185469120,0.030167291342901546
5796258,34879,43023,45095,176,5,185480256,0.030167291342901546
5796548,28735,49167,24615,176,5,185489536,0.030167291342901546
5796842,45119,43023,34854,176,5,185498944,0.030167291342901546
5797165,16447,32783,36903,177,5,185509280,0.03062437151476369
5797581,12351,4111,38951,177,5,185522592,0.03062437151476369
5797892,59455,24591,36902,177,5,185532544,0.03062437151476369
5798254,26687,36879,30758,177,5,185544128,0.03062437151476369
5798562,6208,15,26663,177,5,185553984,0.03062437151476369
5798950,49215,34831,16423,177,5,185566400,0.03062437151476369
5799301,49215,36879,49190,177,5,185577632,0.03062437151476369
5799601,61503,57359,16421,177,5,185587232,0.03062437151476369
5800048,45119,55311,18469,177,5,185601536,0.03062437151476369
5800416,63,30735,6177,177,5,185613312,0.03062437151476369
5800726,30783,38926,61478,177,5,185623232,0.03062437151476369
5801025,32830,59407,32805,177,5,185632800,0.03062437151476369
5801385,26687,24591,28710,177,5,185644320,0.03062437151476369
5801740,36927,36879,10279,177,5,185655680,0.03062437151476369
5802015,24639,32783,20519,177,5,185664480,0.03062437151476369
5802598,47168,15,22566,177,5,185683136,0.03062437151476369
5802869,51264,10255,10278,177,5,185691808,0.03062437151476369
5803174,64,12303,18473,177,5,185701568,0.03062437151476369
5803542,14399,30735,18471,177,5,185713344,0.03062437151476369
5803846,49216,40975,40999,177,5,185723072,0.03062437151476369
5804146,8255,36879,24615,177,5,185732672,0.03062437151476369
5804438,43071,51215,20519,177,5,185742016,0.03062437151476369
5804853,47167,43023,36903,177,5,185755296,0.03062437151476369
5805124,63,18447,40999,177,5,185763968,0.03062437151476369
5805644,63552,10255,24608,177,5,185780608,0.03062437151476369
5806031,41023,24590,61479,177,5,185792992,0.03062437151476369
5806358,30783,38927,10279,177,5,185803456,0.03062437151476369
5806750,26687,22543,34848,177,5,185816000,0.03062437151476369
5807085,4159,40975,40999,177,5,185826720,0.03062437151476369
5807396,16447,26639,24608,177,5,185836672,0.03062437151476369
5807731,34879,38926,49190,177,5,185847392,0.03062437151476369
5808084,8255,22543,32806,177,5,185858688,0.03062437151476369
5808420,53311,40975,20519,177,5,185869440,0.03062437151476369
5808746,20543,24591,28711,177,5,185879872,0.03062437151476369
5809028,8256,26639,40999,177,5,185888896,0.03062437151476369
5809405,22591,49167,14374,177,5,185900960,0.03062437151476369
5809716,22591,28687,38951,177,5,185910912,0.03062437151476369
5810019,61503,43023,4134,177,5,185920608,0.03062437151476369
5810373,26688,4111,32800,177,5,185931936,0.03062437151476369
5810742,12351,34831,34854,177,5,185943744,0.03062437151476369
5811053,8256,12303,32807,177,5,185953696,0.03062437151476369
5811401,18495,57359,34854,177,5,185964832,0.03062437151476369
5811703,41024,8207,40999,177,5,185974496,0.03062437151476369
5812035,55360,8207,38951,177,5,185985120,0.03062437151476369
5812453,4159,34831,24615,177,5,185998496,0.03062437151476369
5812776,26687,36879,28705,177,5,186008832,0.03062437151476369
5813092,18495,38927,38958,177,5,186018944,0.03062437151476369
5813444,6207,14351,38951,177,5,186030208,0.03062437151476369
5813769,18495,26639,26662,177,5,186040608,0.03062437151476369
5814141,10303,22543,40998,177,5,186052512,0.03062437151476369
5814458,38974,63503,26662,178,5,186062656,0.03080720358350855
5814795,20543,16399,45094,178,5,186073440,0.03080720358350855
5815090,10303,22543,32807,178,5,186082880,0.03080720358350855
5815356,18495,8207,24614,178,5,186091392,0.03080720358350855
5815688,36927,20495,32805,178,5,186102016,0.03080720358350855
5816099,10303,18447,43046,178,5,186115168,0.03080720358350855
5816442,45119,40975,18470,178,5,186126144,0.03080720358350855
5816742,22591,55311,40998,178,5,186135744,0.03080720358350855
5817086,10303,26639,53282,178,5,186146752,0.03080720358350855
5817436,43071,36879,63525,178,5,186157952,0.03080720358350855
5817783,4159,28687,34855,178,5,186169056,0.03080720358350855
5818147,45119,16399,55335,178,5,186180704,0.03080720358350855
5818471,57407,28687,38949,178,5,186191072,0.03080720358350855
5818896,47167,59407,38949,178,5,186204672,0.03080720358350855
5819214,53311,49167,53294,178,5,186214848,0.03080720358350855
5819536,24639,28687,24614,178,5,186225152,0.03080720358350855
5819940,28735,53263,32807,178,5,186238080,0.03080720358350855
5820321,63551,47119,24613,178,5,186250272,0.03080720358350855
5820603,2111,34831,38951,178,5,186259296,0.03080720358350855
5820910,45119,57359,32806,178,5,186269120,0.03080720358350855
5821321,28735,53263,34854,178,5,186282272,0.03080720358350855
5821620,30784,6159,61477,178,5,186291840,0.03080720358350855
5821982,4159,38927,16422,178,5,186303424,0.03080720358350855
5822356,45119,24591,26662,178,5,186315392,0.03080720358350855
5822692,41023,45071,28710,178,5,186326144,0.03080720358350855
5822991,53311,49167,20517,178,5,186335712,0.03080720358350855
5823336,61503,43023,38950,178,5,186346752,0.03080720358350855
5823638,45119,34831,20518,178,5,186356416,0.03080720358350855
5823975,4159,40975,16423,178,5,186367200,0.03080720358350855
5824352,34879,43023,24615,178,5,186379264,0.03080720358350855
5824685,47167,40975,38951,178,5,186389920,0.03080720358350855
5824967,57408,2063,43046,178,5,186398944,0.03080720358350855
5825372,63,49167,34862,178,5,186411904,0.03080720358350855
5825790,22592,14351,26663,178,5,186425280,0.03080720358350855
5826105,63,38927,10279,178,5,186435360,0.03080720358350855
5826421,18495,55311,28711,178,5,186445472,0.03080720358350855
5826784,12352,16399,28711,178,5,186457088,0.03080720358350855
5827148,51263,28687,24614,178,5,186468736,0.03080720358350855
5827477,6207,18447,45095,178,5,186479264,0.03080720358350855
5827748,47167,40976,10278,178,5,186487936,0.03080720358350855
5828035,38975,38927,43046,178,5,186497120,0.03080720358350855
5828352,28735,28687,49191,178,5,186507264,0.03080720358350855
5828729,16447,26639,43047,178,5,186519328,0.03080720358350855
5829013,6207,43023,26662,178,5,186528416,0.03080720358350855
5829476,63551,49167,22567,178,5,186543232,0.03080720358350855
5829851,47167,45071,43047,178,5,186555232,0.03080720358350855
5830196,34879,40975,8231,178,5,186566272,0.03080720358350855
5830591,30783,40975,24615,178,5,186578912,0.03080720358350855
5830892,53311,53263,24614,178,5,186588544,0.03080720358350855
5831402,32832,18447,12327,178,5,186604864,0.03080720358350855
5831720,16448,6158,49191,179,5,186615040,0.030075875308529117
5832091,47167,45071,34855,179,5,186626912,0.030075875308529117
5832392,26688,2063,63526,179,5,186636544,0.030075875308529117
5832717,61504,24591,45095,179,5,186646944,0.030075875308529117
5833038,14400,15,22566,179,5,186657216,0.030075875308529117
5833429,10304,10255,40999,179,5,186669728,0.030075875308529117
5833825,34879,40974,63526,179,5,186682400,0.030075875308529117
5834117,2111,30735,16423,179,5,186691744,0.030075875308529117
5834447,6207,32783,8230,179,5,186702304,0.030075875308529117
5834768,14399,57359,32807,179,5,186712576,0.030075875308529117
5835127,63,51215,32807,179,5,186724064,0.030075875308529117
5835468,24639,57359,22566,179,5,186734976,0.030075875308529117
5835797,36927,53263,36902,179,5,186745504,0.030075875308529117
5836104,59456,2063,38950,179,5,186755328,0.030075875308529117
5836396,51264,4111,43046,179,5,186764672,0.030075875308529117
5836691,41022,49167,59431,179,5,186774112,0.030075875308529117
5837003,28735,45071,34854,179,5,186784096,0.030075875308529117
5837362,2111,59407,40999,179,5,186795584,0.030075875308529117
5837736,57408,20495,57382,179,5,186807552,0.030075875308529117
5838030,12352,15,28710,179,5,186816960,0.030075875308529117
5838314,30783,38927,12327,179,5,186826048,0.030075875308529117
5838652,47167,36879,28711,179,5,186836864,0.030075875308529117
5838979,4160,18446,30759,179,5,186847328,0.030075875308529117
5839321,51264,24591,10278,179,5,186858272,0.030075875308529117
5839691,63,51215,28710,179,5,186870112,0.030075875308529117
5840048,55360,15,18471,179,5,186881536,0.030075875308529117
5840368,61503,55311,4135,179,5,186891776,0.030075875308529117
5840730,45119,43023,8231,179,5,186903360,0.030075875308529117
5841043,2111,57359,16422,179,5,186913376,0.030075875308529117
5841326,59455,57359,20519,179,5,186922432,0.030075875308529117
5841643,45120,8207,10279,179,5,186932576,0.030075875308529117
5841962,43071,51215,4134,179,5,186942784,0.030075875308529117
5842249,24639,51215,14374,179,5,186951968,0.030075875308529117
5842596,36928,15,22566,179,5,186963072,0.030075875308529117
5842862,43071,53263,20518,179,5,186971584,0.030075875308529117
5843174,18495,53263,38,179,5,186981568,0.030075875308529117
5843666,53311,28687,16423,179,5,186997312,0.030075875308529117
5844029,34879,53263,24614,179,5,187008928,0.030075875308529117
5844326,6208,18447,30758,179,5,187018432,0.030075875308529117
5844642,10303,47119,26663,179,5,187028544,0.030075875308529117
5844954,55359,43023,22566,179,5,187038528,0.030075875308529117
5845306,57407,22543,28711,179,5,187049792,0.030075875308529117
5845643,6208,4111,20519,179,5,187060576,0.030075875308529117
5846019,51263,45071,10279,179,5,187072608,0.030075875308529117
5846408,63,38927,32807,179,5,187085056,0.030075875308529117
5846821,57407,55310,38,179,5,187098272,0.030075875308529117
5847164,47167,38927,4134,179,5,187109248,0.030075875308529117
5847463,59455,2063,22566,179,5,187118816,0.030075875308529117
5847806,34879,6159,2086,179,5,187129792,0.030075875308529117
5848463,47167,43023,2087,179,5,187150816,0.030075875308529117
5848841,47168,2063,6183,180,5,187162912,0.02824755462108054
5849232,2111,38927,16416,180,5,187175424,0.02824755462108054
5849533,61503,55311,30759,180,5,187185056,0.02824755462108054
5849914,8255,55311,38,180,5,187197248,0.02824755462108054
5850291,12352,10255,8231,180,5,187209312,0.02824755462108054
5850603,51263,2063,45094,180,5,187219296,0.02824755462108054
5850958,53311,20495,34855,180,5,187230656,0.02824755462108054
5851327,38976,8207,6182,180,5,187242464,0.02824755462108054
5851671,8255,34831,6182,180,5,187253472,0.02824755462108054
5851948,10304,12303,36903,180,5,187262336,0.02824755462108054
5852257,61503,57359,20518,180,5,187272224,0.02824755462108054
5852577,55360,16399,34848,180,5,187282464,0.02824755462108054
5852936,10304,45071,45095,180,5,187293952,0.02824755462108054
5853262,61504,2063,24615,180,5,187304384,0.02824755462108054
5853608,12352,2063,45095,180,5,187315456,0.02824755462108054
5853985,26687,45071,2087,180,5,187327520,0.02824755462108054
5854296,12351,51215,51238,180,5,187337472,0.02824755462108054
5854669,49215,12303,10278,180,5,187349408,0.02824755462108054
5855027,49215,51215,20518,180,5,187360864,0.02824755462108054
5855319,2112,8207,16423,180,5,187370208,0.02824755462108054
5855700,55359,59407,4128,180,5,187382400,0.02824755462108054
5856012,36927,49166,26662,180,5,187392384,0.02824755462108054
5856331,63552,15,8231,180,5,187402592,0.02824755462108054
5856713,61504,15,37,180,5,187414816,0.02824755462108054
5857007,14399,59407,39,180,5,187424224,0.02824755462108054
5857374,43071,40975,18471,180,5,187435968,0.02824755462108054
5857713,12351,51215,24613,180,5,187446816,0.02824755462108054
5858039,49215,28687,8230,180,5,187457248,0.02824755462108054
5858401,36919,53281,26699,180,5,187468832,0.02824755462108054
5858727,36989,53369,34914,180,5,187479264,0.02824755462108054
